dataset,source_domain,indicator_a,indicator_b,pair_n,mean_abs_gap,spearman_rho,a1_macro_rank
a1,arxiv,fineweb_edu,fluency_en,1419,0.1604754885368032,0.32372892535230485,185
a1,arxiv,fineweb_edu,modernbert_cleanliness,1419,0.12274019729622336,-0.08008473937537704,195
a1,arxiv,fineweb_edu,modernbert_readability,1419,0.12735192528516875,0.33616979245071266,196
a1,arxiv,fineweb_edu,modernbert_reasoning,1419,0.14625872772208176,-0.21762340206826208,210
a1,arxiv,fineweb_edu,modernbert_professionalism,1419,0.1458242855065641,-0.40136772056904846,202
a1,arxiv,fineweb_edu,dsir_books,1419,0.8143828889143315,0.25709331287932613,25
a1,arxiv,fineweb_edu,dsir_wiki,1419,0.8132155433191067,0.2609126896007878,23
a1,arxiv,fineweb_edu,dsir_math,1419,0.8074594115462654,0.24040818542252662,26
a1,arxiv,fineweb_edu,qurater,1419,0.12441328332571348,0.29561746789114485,218
a1,arxiv,fineweb_edu,ad_en,1419,0.2646644442251627,-0.1389148891427693,170
a1,arxiv,fineweb_edu,rps_doc_word_count,1419,0.7421148975853749,0.06337261843370959,70
a1,arxiv,fineweb_edu,rps_doc_num_sentences,1419,0.7337337475521464,0.02607421056558355,66
a1,arxiv,fineweb_edu,rps_doc_unigram_entropy,1419,0.131681839628905,-0.10138323993001593,180
a1,arxiv,fineweb_edu,rps_doc_frac_unique_words,1419,0.7988447220370632,0.0334785571832254,19
a1,arxiv,fineweb_edu,rps_doc_frac_no_alph_words,1419,0.5365186373118824,0.2918688590414671,104
a1,arxiv,fineweb_edu,rps_doc_frac_chars_top_2gram,1419,0.18887995188056747,-0.16509461351189983,160
a1,arxiv,fineweb_edu,rps_doc_frac_chars_top_3gram,1419,0.22672151671526203,-0.009809984988221512,155
a1,arxiv,fineweb_edu,rps_lines_uppercase_letter_fraction,1419,0.38489881675451476,-0.10373897232335959,80
a1,arxiv,fineweb_edu,rps_lines_ending_with_terminal_punctution_mark,1419,0.5237730948713202,0.07903363029509695,71
a1,arxiv,fineweb_edu,rps_lines_numerical_chars_fraction,1419,0.5059734959185999,-0.11838275453463033,103
a1,arxiv,fineweb_edu,rps_doc_mean_word_length,1419,0.285770168604552,0.19850370023367575,164
a1,arxiv,fluency_en,modernbert_cleanliness,1419,0.13049825226057143,0.28473617056348005,213
a1,arxiv,fluency_en,modernbert_readability,1419,0.11371826053036989,0.2235896083996085,215
a1,arxiv,fluency_en,modernbert_reasoning,1419,0.23323928696424645,0.18521227245935404,157
a1,arxiv,fluency_en,modernbert_professionalism,1419,0.2282992311730051,0.0440203965386281,118
a1,arxiv,fluency_en,dsir_books,1419,0.7253987521801205,0.05355287532873246,63
a1,arxiv,fluency_en,dsir_wiki,1419,0.7242146985626344,0.05477627239426475,60
a1,arxiv,fluency_en,dsir_math,1419,0.7184886668544842,0.0464123233078854,59
a1,arxiv,fluency_en,qurater,1419,0.20383012166977046,0.41376998162389117,212
a1,arxiv,fluency_en,ad_en,1419,0.18901762819740697,0.23525176618898677,178
a1,arxiv,fluency_en,rps_doc_word_count,1419,0.6539680124495569,-0.03201688925096692,86
a1,arxiv,fluency_en,rps_doc_num_sentences,1419,0.6451930928370085,0.01285063061605385,85
a1,arxiv,fluency_en,rps_doc_unigram_entropy,1419,0.199049444867346,-0.07077292237468334,143
a1,arxiv,fluency_en,rps_doc_frac_unique_words,1419,0.7100264930835751,-0.06771208431847457,46
a1,arxiv,fluency_en,rps_doc_frac_no_alph_words,1419,0.4564951258436202,0.11380679958983932,189
a1,arxiv,fluency_en,rps_doc_frac_chars_top_2gram,1419,0.15459111738444092,-0.10599264626963882,142
a1,arxiv,fluency_en,rps_doc_frac_chars_top_3gram,1419,0.15307361469799813,0.005512227174959448,158
a1,arxiv,fluency_en,rps_lines_uppercase_letter_fraction,1419,0.29872691597229284,0.032566619331056694,174
a1,arxiv,fluency_en,rps_lines_ending_with_terminal_punctution_mark,1419,0.4420321019697895,-0.03824115535306707,162
a1,arxiv,fluency_en,rps_lines_numerical_chars_fraction,1419,0.42618126153911917,0.05088554756049477,132
a1,arxiv,fluency_en,rps_doc_mean_word_length,1419,0.2387331945014825,0.15274764519861025,188
a1,arxiv,modernbert_cleanliness,modernbert_readability,1419,0.08573249646670103,0.11608564519365744,224
a1,arxiv,modernbert_cleanliness,modernbert_reasoning,1419,0.12068515548845464,0.30190545209224645,214
a1,arxiv,modernbert_cleanliness,modernbert_professionalism,1419,0.11700845800260741,0.38916338835141967,161
a1,arxiv,modernbert_cleanliness,dsir_books,1419,0.838489134436954,0.0062417988116186575,32
a1,arxiv,modernbert_cleanliness,dsir_wiki,1419,0.8373592300900663,0.004032323162902036,31
a1,arxiv,modernbert_cleanliness,dsir_math,1419,0.8316934408540824,0.028199152305851165,29
a1,arxiv,modernbert_cleanliness,qurater,1419,0.10307893840096548,0.2225999502062049,217
a1,arxiv,modernbert_cleanliness,ad_en,1419,0.20811756025419184,0.2779930636779787,152
a1,arxiv,modernbert_cleanliness,rps_doc_word_count,1419,0.7667890044959165,0.1177898652796347,57
a1,arxiv,modernbert_cleanliness,rps_doc_num_sentences,1419,0.7571699412420666,0.192523919418394,61
a1,arxiv,modernbert_cleanliness,rps_doc_unigram_entropy,1419,0.0980127944741974,-0.1535744250831671,204
a1,arxiv,modernbert_cleanliness,rps_doc_frac_unique_words,1419,0.8226215783918801,0.10708529483858717,20
a1,arxiv,modernbert_cleanliness,rps_doc_frac_no_alph_words,1419,0.5593931647802551,-0.13259843413692055,165
a1,arxiv,modernbert_cleanliness,rps_doc_frac_chars_top_2gram,1419,0.13358051273818272,-0.07708086588561043,186
a1,arxiv,modernbert_cleanliness,rps_doc_frac_chars_top_3gram,1419,0.2020119859240052,-0.044414741015395415,183
a1,arxiv,modernbert_cleanliness,rps_lines_uppercase_letter_fraction,1419,0.3896939168067447,0.07855788931805639,91
a1,arxiv,modernbert_cleanliness,rps_lines_ending_with_terminal_punctution_mark,1419,0.5432056512154311,-0.11488620254279326,177
a1,arxiv,modernbert_cleanliness,rps_lines_numerical_chars_fraction,1419,0.5051005417111047,0.0939597771219185,108
a1,arxiv,modernbert_cleanliness,rps_doc_mean_word_length,1419,0.28096223110888485,0.06945490739195492,190
a1,arxiv,modernbert_readability,modernbert_reasoning,1419,0.17996984351447212,-0.14983661054057643,194
a1,arxiv,modernbert_readability,modernbert_professionalism,1419,0.17559277344393667,-0.43736017924994264,133
a1,arxiv,modernbert_readability,dsir_books,1419,0.7792867936002625,0.39924945778524445,21
a1,arxiv,modernbert_readability,dsir_wiki,1419,0.7781027399827763,0.405365756837283,24
a1,arxiv,modernbert_readability,dsir_math,1419,0.7723368654992377,0.3707581955968539,17
a1,arxiv,modernbert_readability,qurater,1419,0.154894413199927,0.25158009060053466,221
a1,arxiv,modernbert_readability,ad_en,1419,0.2275433283124012,-0.3053481298834838,138
a1,arxiv,modernbert_readability,rps_doc_word_count,1419,0.7078588196769442,0.062298555254407195,50
a1,arxiv,modernbert_readability,rps_doc_num_sentences,1419,0.698392298884303,0.0005697306653731221,54
a1,arxiv,modernbert_readability,rps_doc_unigram_entropy,1419,0.15153561382222436,-0.029857596258326277,209
a1,arxiv,modernbert_readability,rps_doc_frac_unique_words,1419,0.7637828887836919,0.11062266327200403,12
a1,arxiv,modernbert_readability,rps_doc_frac_no_alph_words,1419,0.500673640722413,0.5328781390712197,182
a1,arxiv,modernbert_readability,rps_doc_frac_chars_top_2gram,1419,0.13481610515645842,-0.05645458259853855,187
a1,arxiv,modernbert_readability,rps_doc_frac_chars_top_3gram,1419,0.15806051762306977,0.07425869743573812,184
a1,arxiv,modernbert_readability,rps_lines_uppercase_letter_fraction,1419,0.34445661188575855,-0.3627137933502984,115
a1,arxiv,modernbert_readability,rps_lines_ending_with_terminal_punctution_mark,1419,0.4844995463829943,0.31758886469231123,154
a1,arxiv,modernbert_readability,rps_lines_numerical_chars_fraction,1419,0.45827210424135845,-0.03932216527545777,93
a1,arxiv,modernbert_readability,rps_doc_mean_word_length,1419,0.2530960586384815,0.12371217437528315,200
a1,arxiv,modernbert_reasoning,modernbert_professionalism,1419,0.011709688583608026,0.6547712012086191,220
a1,arxiv,modernbert_reasoning,dsir_books,1419,0.9583653544908551,-0.4171141375252513,6
a1,arxiv,modernbert_reasoning,dsir_wiki,1419,0.9572005383501715,-0.42085849835979516,5
a1,arxiv,modernbert_reasoning,dsir_math,1419,0.9514746865567141,-0.39542496207433075,7
a1,arxiv,modernbert_reasoning,qurater,1419,0.043310772368987276,0.3105155803061715,211
a1,arxiv,modernbert_reasoning,ad_en,1419,0.29783426937207264,0.20144708119321897,123
a1,arxiv,modernbert_reasoning,rps_doc_word_count,1419,0.8841246739223643,-0.3781306368620372,41
a1,arxiv,modernbert_reasoning,rps_doc_num_sentences,1419,0.8759783056221573,-0.2616312248756316,39
a1,arxiv,modernbert_reasoning,rps_doc_unigram_entropy,1419,0.041151100065111065,0.230295748200372,222
a1,arxiv,modernbert_reasoning,rps_doc_frac_unique_words,1419,0.9420319124239808,-0.37218733119830605,8
a1,arxiv,modernbert_reasoning,rps_doc_frac_no_alph_words,1419,0.6774775508233407,-0.16183922715150337,77
a1,arxiv,modernbert_reasoning,rps_doc_frac_chars_top_2gram,1419,0.22331387157900529,0.12923189760703951,193
a1,arxiv,modernbert_reasoning,rps_doc_frac_chars_top_3gram,1419,0.3158846093479281,0.06953734886819399,172
a1,arxiv,modernbert_reasoning,rps_lines_uppercase_letter_fraction,1419,0.5033526308670252,0.11058976260357554,47
a1,arxiv,modernbert_reasoning,rps_lines_ending_with_terminal_punctution_mark,1419,0.6612678020726978,-0.04769727704940212,79
a1,arxiv,modernbert_reasoning,rps_lines_numerical_chars_fraction,1419,0.6118733625352801,0.1622268340552468,84
a1,arxiv,modernbert_reasoning,rps_doc_mean_word_length,1419,0.37795277994607057,-0.0150672579590333,150
a1,arxiv,modernbert_professionalism,dsir_books,1419,0.9525672236188242,-0.5266631761973796,15
a1,arxiv,modernbert_professionalism,dsir_wiki,1419,0.9513530780948176,-0.5310211247592669,13
a1,arxiv,modernbert_professionalism,dsir_math,1419,0.9454311228502654,-0.4836678574652101,18
a1,arxiv,modernbert_professionalism,qurater,1419,0.0442096147054525,0.10744685166447193,192
a1,arxiv,modernbert_professionalism,ad_en,1419,0.2918970729899823,0.42990189055586897,173
a1,arxiv,modernbert_professionalism,rps_doc_word_count,1419,0.8792429971700065,-0.16877408884401074,52
a1,arxiv,modernbert_professionalism,rps_doc_num_sentences,1419,0.8698111057267479,-0.06660769753578345,48
a1,arxiv,modernbert_professionalism,rps_doc_unigram_entropy,1419,0.0419109286927711,0.10854391984419681,141
a1,arxiv,modernbert_professionalism,rps_doc_frac_unique_words,1419,0.9368912098948243,-0.18405461824964117,34
a1,arxiv,modernbert_professionalism,rps_doc_frac_no_alph_words,1419,0.6726994216008967,-0.5220615019382044,40
a1,arxiv,modernbert_professionalism,rps_doc_frac_chars_top_2gram,1419,0.21909857459236548,0.14270293239840195,151
a1,arxiv,modernbert_professionalism,rps_doc_frac_chars_top_3gram,1419,0.3122682912371862,-0.03090401671631445,145
a1,arxiv,modernbert_professionalism,rps_lines_uppercase_letter_fraction,1419,0.4988045420309924,0.27594939950269404,49
a1,arxiv,modernbert_professionalism,rps_lines_ending_with_terminal_punctution_mark,1419,0.6566961727245266,-0.23624012639444322,35
a1,arxiv,modernbert_professionalism,rps_lines_numerical_chars_fraction,1419,0.6071119379214979,0.1046366962528502,87
a1,arxiv,modernbert_professionalism,rps_doc_mean_word_length,1419,0.37480535190743275,-0.2285698216307565,90
a1,arxiv,dsir_books,dsir_wiki,1419,0.001254844151621949,0.9993531110779454,231
a1,arxiv,dsir_books,dsir_math,1419,0.0072051544499668165,0.992677797822957,229
a1,arxiv,dsir_books,qurater,1419,0.9197246570400138,0.0077619172782982665,28
a1,arxiv,dsir_books,ad_en,1419,0.6614197104247056,-0.22888372150110178,96
a1,arxiv,dsir_books,rps_doc_word_count,1419,0.07520954408690199,0.7654639647610968,198
a1,arxiv,dsir_books,rps_doc_num_sentences,1419,0.08319961309920271,0.6925537419204307,206
a1,arxiv,dsir_books,rps_doc_unigram_entropy,1419,0.9194732287575949,-0.581235284407485,3
a1,arxiv,dsir_books,rps_doc_frac_unique_words,1419,0.020566457000201998,0.6525542706422685,226
a1,arxiv,dsir_books,rps_doc_frac_no_alph_words,1419,0.28170620801184976,0.6198704310057065,134
a1,arxiv,dsir_books,rps_doc_frac_chars_top_2gram,1419,0.736072967423141,-0.2940178138788953,11
a1,arxiv,dsir_books,rps_doc_frac_chars_top_3gram,1419,0.6434212629528123,-0.15898966119744684,45
a1,arxiv,dsir_books,rps_lines_uppercase_letter_fraction,1419,0.4594531580957011,-0.24832671112828036,130
a1,arxiv,dsir_books,rps_lines_ending_with_terminal_punctution_mark,1419,0.2979540557705605,0.2171000812660267,114
a1,arxiv,dsir_books,rps_lines_numerical_chars_fraction,1419,0.35179805071672765,0.08478293541911854,111
a1,arxiv,dsir_books,rps_doc_mean_word_length,1419,0.5808648470121541,0.23590103926960304,69
a1,arxiv,dsir_wiki,dsir_math,1419,0.005997343669859311,0.9923790391575545,230
a1,arxiv,dsir_wiki,qurater,1419,0.9185238843204836,0.008875984266042752,27
a1,arxiv,dsir_wiki,ad_en,1419,0.6602414963879484,-0.23012132099246077,95
a1,arxiv,dsir_wiki,rps_doc_word_count,1419,0.07402549046941581,0.7621456650491745,199
a1,arxiv,dsir_wiki,rps_doc_num_sentences,1419,0.08199884037967245,0.68696536334934,208
a1,arxiv,dsir_wiki,rps_doc_unigram_entropy,1419,0.9183366337565967,-0.5783043838318301,2
a1,arxiv,dsir_wiki,rps_doc_frac_unique_words,1419,0.020071343637071987,0.6511647557770485,227
a1,arxiv,dsir_wiki,rps_doc_frac_no_alph_words,1419,0.2805288781483508,0.6228525620844576,131
a1,arxiv,dsir_wiki,rps_doc_frac_chars_top_2gram,1419,0.7349669990956351,-0.29631500299989527,10
a1,arxiv,dsir_wiki,rps_doc_frac_chars_top_3gram,1419,0.6423812472972242,-0.15614314697091108,44
a1,arxiv,dsir_wiki,rps_lines_uppercase_letter_fraction,1419,0.4585294871707052,-0.2496869630813172,129
a1,arxiv,dsir_wiki,rps_lines_ending_with_terminal_punctution_mark,1419,0.296833896065802,0.21831558586853209,109
a1,arxiv,dsir_wiki,rps_lines_numerical_chars_fraction,1419,0.3509374113789558,0.08002015706581797,107
a1,arxiv,dsir_wiki,rps_doc_mean_word_length,1419,0.5797273629084198,0.23790092398405918,68
a1,arxiv,dsir_math,qurater,1419,0.9126633256373897,0.007356441937450202,22
a1,arxiv,dsir_math,ad_en,1419,0.6544642256314462,-0.20978295224657856,97
a1,arxiv,dsir_math,rps_doc_word_count,1419,0.06825961598587721,0.7864343888137939,197
a1,arxiv,dsir_math,rps_doc_num_sentences,1419,0.07620524076898262,0.7170088247447566,207
a1,arxiv,dsir_math,rps_doc_unigram_entropy,1419,0.9126381256959571,-0.5775042890495727,1
a1,arxiv,dsir_math,rps_doc_frac_unique_words,1419,0.01775125220787402,0.6808489119369743,228
a1,arxiv,dsir_math,rps_doc_frac_no_alph_words,1419,0.27495863905034995,0.5875555395263868,121
a1,arxiv,dsir_math,rps_doc_frac_chars_top_2gram,1419,0.7294448420494288,-0.2830659381837586,9
a1,arxiv,dsir_math,rps_doc_frac_chars_top_3gram,1419,0.6369110579299144,-0.15456151442123947,43
a1,arxiv,dsir_math,rps_lines_uppercase_letter_fraction,1419,0.45358248007286617,-0.2268666358093255,124
a1,arxiv,dsir_math,rps_lines_ending_with_terminal_punctution_mark,1419,0.2914831168558158,0.19299898095591445,99
a1,arxiv,dsir_math,rps_lines_numerical_chars_fraction,1419,0.34658633857177185,0.08147255347136485,106
a1,arxiv,dsir_math,rps_doc_mean_word_length,1419,0.5740688155909937,0.22969946285284817,65
a1,arxiv,qurater,ad_en,1419,0.2744477375812147,0.012368612479928189,148
a1,arxiv,qurater,rps_doc_word_count,1419,0.8473980660571377,-0.10387156768406705,51
a1,arxiv,qurater,rps_doc_num_sentences,1419,0.8375403385150473,-0.061408938889040414,55
a1,arxiv,qurater,rps_doc_unigram_entropy,1419,0.059515405011771265,0.023793406371457482,191
a1,arxiv,qurater,rps_doc_frac_unique_words,1419,0.904292238247722,-0.13020097394579633,14
a1,arxiv,qurater,rps_doc_frac_no_alph_words,1419,0.6425084018815687,0.12297067551009248,153
a1,arxiv,qurater,rps_doc_frac_chars_top_2gram,1419,0.21160966169420703,-0.004483865279676248,171
a1,arxiv,qurater,rps_doc_frac_chars_top_3gram,1419,0.295445250934848,0.05687484650579457,159
a1,arxiv,qurater,rps_lines_uppercase_letter_fraction,1419,0.47748828127989495,-0.1021039706039187,102
a1,arxiv,qurater,rps_lines_ending_with_terminal_punctution_mark,1419,0.6264778483291567,0.16603226008544011,113
a1,arxiv,qurater,rps_lines_numerical_chars_fraction,1419,0.5820932186960514,0.023730070321283752,100
a1,arxiv,qurater,rps_doc_mean_word_length,1419,0.3541788339310074,0.14645123338920343,176
a1,arxiv,ad_en,rps_doc_word_count,1419,0.5922916177200216,0.012958198849759142,81
a1,arxiv,ad_en,rps_doc_num_sentences,1419,0.5824103215768087,0.056857978341910684,75
a1,arxiv,ad_en,rps_doc_unigram_entropy,1419,0.2691218780975638,-0.10109739158391093,56
a1,arxiv,ad_en,rps_doc_frac_unique_words,1419,0.6461623921968108,-0.05474110542387924,82
a1,arxiv,ad_en,rps_doc_frac_no_alph_words,1419,0.4383534529842726,-0.4018384428451798,73
a1,arxiv,ad_en,rps_doc_frac_chars_top_2gram,1419,0.22330858268646767,-0.05229258791622429,110
a1,arxiv,ad_en,rps_doc_frac_chars_top_3gram,1419,0.2219333927524139,-0.0920351249234323,144
a1,arxiv,ad_en,rps_lines_uppercase_letter_fraction,1419,0.27719346739592593,0.22521932555994473,74
a1,arxiv,ad_en,rps_lines_ending_with_terminal_punctution_mark,1419,0.42653459365485336,-0.2125342037763883,62
a1,arxiv,ad_en,rps_lines_numerical_chars_fraction,1419,0.4179159672258888,-0.0008189953842955205,88
a1,arxiv,ad_en,rps_doc_mean_word_length,1419,0.2788810826793114,-0.030013696303510088,122
a1,arxiv,rps_doc_word_count,rps_doc_num_sentences,1419,0.023516292481193166,0.9012690941083855,225
a1,arxiv,rps_doc_word_count,rps_doc_unigram_entropy,1419,0.8474340501189792,-0.6970269849701461,16
a1,arxiv,rps_doc_word_count,rps_doc_frac_unique_words,1419,0.05979555479965365,0.8258950824942581,203
a1,arxiv,rps_doc_word_count,rps_doc_frac_no_alph_words,1419,0.21825571613915615,0.13228933233023515,117
a1,arxiv,rps_doc_word_count,rps_doc_frac_chars_top_2gram,1419,0.6651147342854358,-0.2200699710378309,36
a1,arxiv,rps_doc_word_count,rps_doc_frac_chars_top_3gram,1419,0.5751727966583706,-0.2861324726541928,37
a1,arxiv,rps_doc_word_count,rps_lines_uppercase_letter_fraction,1419,0.3959111463225549,-0.014159211762410646,166
a1,arxiv,rps_doc_word_count,rps_lines_ending_with_terminal_punctution_mark,1419,0.24284150025075113,-0.022412758237308025,83
a1,arxiv,rps_doc_word_count,rps_lines_numerical_chars_fraction,1419,0.30966274701832014,-0.0005659640965376585,136
a1,arxiv,rps_doc_word_count,rps_doc_mean_word_length,1419,0.5155097516880351,-0.025398026268776127,94
a1,arxiv,rps_doc_num_sentences,rps_doc_unigram_entropy,1419,0.8398021407303311,-0.7221411473566011,30
a1,arxiv,rps_doc_num_sentences,rps_doc_frac_unique_words,1419,0.06928311271928798,0.6802206125873573,205
a1,arxiv,rps_doc_num_sentences,rps_doc_frac_no_alph_words,1419,0.21583355700814794,0.1832489171907354,139
a1,arxiv,rps_doc_num_sentences,rps_doc_frac_chars_top_2gram,1419,0.6573847826973271,-0.2399220085808787,38
a1,arxiv,rps_doc_num_sentences,rps_doc_frac_chars_top_3gram,1419,0.5673363664553872,-0.2908568468347743,42
a1,arxiv,rps_doc_num_sentences,rps_lines_uppercase_letter_fraction,1419,0.3895435421188916,0.030072711833431378,169
a1,arxiv,rps_doc_num_sentences,rps_lines_ending_with_terminal_punctution_mark,1419,0.24268664472984597,-0.043113984816287365,98
a1,arxiv,rps_doc_num_sentences,rps_lines_numerical_chars_fraction,1419,0.29769192593386656,0.20569197408506337,140
a1,arxiv,rps_doc_num_sentences,rps_doc_mean_word_length,1419,0.5091850302863521,0.024564959181366943,112
a1,arxiv,rps_doc_unigram_entropy,rps_doc_frac_unique_words,1419,0.9035137759517947,-0.2605664914868008,4
a1,arxiv,rps_doc_unigram_entropy,rps_doc_frac_no_alph_words,1419,0.6391782126409264,-0.20466605111969322,89
a1,arxiv,rps_doc_unigram_entropy,rps_doc_frac_chars_top_2gram,1419,0.1863057654536577,0.4314495153630071,216
a1,arxiv,rps_doc_unigram_entropy,rps_doc_frac_chars_top_3gram,1419,0.27714369931600724,0.4615971195236055,181
a1,arxiv,rps_doc_unigram_entropy,rps_lines_uppercase_letter_fraction,1419,0.46545469475529083,0.0720873753430775,64
a1,arxiv,rps_doc_unigram_entropy,rps_lines_ending_with_terminal_punctution_mark,1419,0.6228912037259393,-0.0926647449420454,78
a1,arxiv,rps_doc_unigram_entropy,rps_lines_numerical_chars_fraction,1419,0.5777070981031188,-0.20392486420177242,67
a1,arxiv,rps_doc_unigram_entropy,rps_doc_mean_word_length,1419,0.3454899182388575,-0.17211507764849052,147
a1,arxiv,rps_doc_frac_unique_words,rps_doc_frac_no_alph_words,1419,0.2681816427008175,0.0886852449391535,92
a1,arxiv,rps_doc_frac_unique_words,rps_doc_frac_chars_top_2gram,1419,0.7206789338038674,-0.06440905095533939,33
a1,arxiv,rps_doc_frac_unique_words,rps_doc_frac_chars_top_3gram,1419,0.6282150790672453,-0.0645524985604215,58
a1,arxiv,rps_doc_frac_unique_words,rps_lines_uppercase_letter_fraction,1419,0.44525270984925336,0.036430322274550064,126
a1,arxiv,rps_doc_frac_unique_words,rps_lines_ending_with_terminal_punctution_mark,1419,0.2856881299261802,-0.1047138960238597,72
a1,arxiv,rps_doc_frac_unique_words,rps_lines_numerical_chars_fraction,1419,0.34465114701610305,-0.14595338553088077,105
a1,arxiv,rps_doc_frac_unique_words,rps_doc_mean_word_length,1419,0.5674411062955105,-0.16230254494657106,53
a1,arxiv,rps_doc_frac_no_alph_words,rps_doc_frac_chars_top_2gram,1419,0.4613236540258136,-0.19479662790592323,127
a1,arxiv,rps_doc_frac_no_alph_words,rps_doc_frac_chars_top_3gram,1419,0.37387066487349524,0.02616894039000973,163
a1,arxiv,rps_doc_frac_no_alph_words,rps_lines_uppercase_letter_fraction,1419,0.27803148691157004,-0.3701405521335021,168
a1,arxiv,rps_doc_frac_no_alph_words,rps_lines_ending_with_terminal_punctution_mark,1419,0.14511252010934617,0.37356873137647856,219
a1,arxiv,rps_doc_frac_no_alph_words,rps_lines_numerical_chars_fraction,1419,0.2241722087228969,0.35442599387568774,179
a1,arxiv,rps_doc_frac_no_alph_words,rps_doc_mean_word_length,1419,0.3314840924818494,0.18475128480907899,201
a1,arxiv,rps_doc_frac_chars_top_2gram,rps_doc_frac_chars_top_3gram,1419,0.1339489949566043,0.3773759020942951,223
a1,arxiv,rps_doc_frac_chars_top_2gram,rps_lines_uppercase_letter_fraction,1419,0.3132195672966886,-0.023168142495498905,76
a1,arxiv,rps_doc_frac_chars_top_2gram,rps_lines_ending_with_terminal_punctution_mark,1419,0.4463445193583046,0.03804330190689907,125
a1,arxiv,rps_doc_frac_chars_top_2gram,rps_lines_numerical_chars_fraction,1419,0.4327049258748106,0.008081696591907812,116
a1,arxiv,rps_doc_frac_chars_top_2gram,rps_doc_mean_word_length,1419,0.26354087411552657,-0.22076223439830828,135
a1,arxiv,rps_doc_frac_chars_top_3gram,rps_lines_uppercase_letter_fraction,1419,0.23982845765591645,-0.044345633618447414,101
a1,arxiv,rps_doc_frac_chars_top_3gram,rps_lines_ending_with_terminal_punctution_mark,1419,0.35737107810555035,0.059824106539673745,167
a1,arxiv,rps_doc_frac_chars_top_3gram,rps_lines_numerical_chars_fraction,1419,0.371921662771732,-0.013058509842503577,149
a1,arxiv,rps_doc_frac_chars_top_3gram,rps_doc_mean_word_length,1419,0.2193549691783925,-0.02004902326717251,156
a1,arxiv,rps_lines_uppercase_letter_fraction,rps_lines_ending_with_terminal_punctution_mark,1419,0.3221276788503663,-0.8190850655765611,119
a1,arxiv,rps_lines_uppercase_letter_fraction,rps_lines_numerical_chars_fraction,1419,0.32172260065867536,-0.05900082974432985,137
a1,arxiv,rps_lines_uppercase_letter_fraction,rps_doc_mean_word_length,1419,0.2877371119307115,-0.12344043796254708,128
a1,arxiv,rps_lines_ending_with_terminal_punctution_mark,rps_lines_numerical_chars_fraction,1419,0.2601126540305109,0.153935655666177,146
a1,arxiv,rps_lines_ending_with_terminal_punctution_mark,rps_doc_mean_word_length,1419,0.3217728487182071,0.13613003603156534,175
a1,arxiv,rps_lines_numerical_chars_fraction,rps_doc_mean_word_length,1419,0.36338655351104554,0.027549930288710195,120
a1,book,fineweb_edu,fluency_en,171,0.2760980680097069,0.3289293685650515,185
a1,book,fineweb_edu,modernbert_cleanliness,171,0.2354583877926334,0.3616915064679483,195
a1,book,fineweb_edu,modernbert_readability,171,0.2356652901935945,0.3322365421076632,196
a1,book,fineweb_edu,modernbert_reasoning,171,0.29401722964935517,0.20658554731562148,210
a1,book,fineweb_edu,modernbert_professionalism,171,0.2347287113005353,0.47522259821921425,202
a1,book,fineweb_edu,dsir_books,171,0.5626238436170993,0.07763895951796769,25
a1,book,fineweb_edu,dsir_wiki,171,0.5692158109261023,0.19969114342121333,23
a1,book,fineweb_edu,dsir_math,171,0.5748469420438663,0.12973244000453107,26
a1,book,fineweb_edu,qurater,171,0.20494714956635315,0.5036443795929249,218
a1,book,fineweb_edu,ad_en,171,0.2927874741281244,0.2456006667196327,170
a1,book,fineweb_edu,rps_doc_word_count,171,0.5621374210956462,0.006551947584419326,70
a1,book,fineweb_edu,rps_doc_num_sentences,171,0.5578775622287391,0.11852439403420591,66
a1,book,fineweb_edu,rps_doc_unigram_entropy,171,0.41157571535095006,0.06101683944483816,180
a1,book,fineweb_edu,rps_doc_frac_unique_words,171,0.5760432091854681,0.14643953800376336,19
a1,book,fineweb_edu,rps_doc_frac_no_alph_words,171,0.23463902078764853,0.13305493556051554,104
a1,book,fineweb_edu,rps_doc_frac_chars_top_2gram,171,0.3208076681786958,-0.2971104231166151,160
a1,book,fineweb_edu,rps_doc_frac_chars_top_3gram,171,0.2566528933864175,-0.10793433652530782,155
a1,book,fineweb_edu,rps_lines_uppercase_letter_fraction,171,0.5046304229009271,-0.013681377860928977,80
a1,book,fineweb_edu,rps_lines_ending_with_terminal_punctution_mark,171,0.30369384999493865,-0.3834953320373437,71
a1,book,fineweb_edu,rps_lines_numerical_chars_fraction,171,0.34709422919300487,-0.03961408308733531,103
a1,book,fineweb_edu,rps_doc_mean_word_length,171,0.22863316907901896,0.3447068423452613,164
a1,book,fluency_en,modernbert_cleanliness,171,0.2866533286733013,0.3602779177766578,213
a1,book,fluency_en,modernbert_readability,171,0.2931507274459224,0.2388628890968873,215
a1,book,fluency_en,modernbert_reasoning,171,0.3678836559533478,0.11109271125830995,157
a1,book,fluency_en,modernbert_professionalism,171,0.24441131408867356,0.1269277845777234,118
a1,book,fluency_en,dsir_books,171,0.4185911954732656,0.08019097642453372,63
a1,book,fluency_en,dsir_wiki,171,0.42506524153453373,0.06614354726813496,60
a1,book,fluency_en,dsir_math,171,0.4306963726522979,0.009712560284356997,59
a1,book,fluency_en,qurater,171,0.2177688445543289,0.6247765012533923,212
a1,book,fluency_en,ad_en,171,0.24671843571481275,0.21691837571208553,178
a1,book,fluency_en,rps_doc_word_count,171,0.41798685170407773,-0.05266997864017089,86
a1,book,fluency_en,rps_doc_num_sentences,171,0.41948005214598777,-0.010781926682906319,85
a1,book,fluency_en,rps_doc_unigram_entropy,171,0.553585022941229,-0.02345530005198517,143
a1,book,fluency_en,rps_doc_frac_unique_words,171,0.4293091387720724,-0.053841097149670857,46
a1,book,fluency_en,rps_doc_frac_no_alph_words,171,0.24855067109581125,0.05442916456668347,189
a1,book,fluency_en,rps_doc_frac_chars_top_2gram,171,0.4278365112072603,-0.2061823505411957,142
a1,book,fluency_en,rps_doc_frac_chars_top_3gram,171,0.34297721214858495,0.09844241246070033,158
a1,book,fluency_en,rps_lines_uppercase_letter_fraction,171,0.3808539806836435,0.04503538546994154,174
a1,book,fluency_en,rps_lines_ending_with_terminal_punctution_mark,171,0.3251826736960765,-0.01739746082031344,162
a1,book,fluency_en,rps_lines_numerical_chars_fraction,171,0.33062545908136,-0.071781025751794,132
a1,book,fluency_en,rps_doc_mean_word_length,171,0.2667671263871886,-0.03161494708042336,188
a1,book,modernbert_cleanliness,modernbert_readability,171,0.17164539707449103,0.4323541411668707,224
a1,book,modernbert_cleanliness,modernbert_reasoning,171,0.20545047965085908,0.412218302253582,214
a1,book,modernbert_cleanliness,modernbert_professionalism,171,0.28552901407015885,0.3518467852257182,161
a1,book,modernbert_cleanliness,dsir_books,171,0.628146525695572,0.06693009610345033,32
a1,book,modernbert_cleanliness,dsir_wiki,171,0.634809789704145,0.1332512932682024,31
a1,book,modernbert_cleanliness,dsir_math,171,0.6403729938165658,-0.0066878222923068276,29
a1,book,modernbert_cleanliness,qurater,171,0.24769255986759717,0.38593943874025455,217
a1,book,modernbert_cleanliness,ad_en,171,0.31146955683319044,0.3553642496189858,152
a1,book,modernbert_cleanliness,rps_doc_word_count,171,0.6297622135213266,0.0379436964504284,57
a1,book,modernbert_cleanliness,rps_doc_num_sentences,171,0.6242228741824208,0.16933804850139214,61
a1,book,modernbert_cleanliness,rps_doc_unigram_entropy,171,0.34628322355964414,0.03195826656629178,204
a1,book,modernbert_cleanliness,rps_doc_frac_unique_words,171,0.6450550157986734,0.04965862751554605,20
a1,book,modernbert_cleanliness,rps_doc_frac_no_alph_words,171,0.2280304442679327,0.14775721794225646,165
a1,book,modernbert_cleanliness,rps_doc_frac_chars_top_2gram,171,0.23310881425908425,-0.12492860057119544,186
a1,book,modernbert_cleanliness,rps_doc_frac_chars_top_3gram,171,0.15380527796308446,0.02720138238894089,183
a1,book,modernbert_cleanliness,rps_lines_uppercase_letter_fraction,171,0.5771289042287451,-0.0730941502400706,91
a1,book,modernbert_cleanliness,rps_lines_ending_with_terminal_punctution_mark,171,0.20736472749142223,-0.18628650970792235,177
a1,book,modernbert_cleanliness,rps_lines_numerical_chars_fraction,171,0.32119718427980337,0.04007247942016464,108
a1,book,modernbert_cleanliness,rps_doc_mean_word_length,171,0.2788338993871017,0.1448916408668731,190
a1,book,modernbert_readability,modernbert_reasoning,171,0.15897044183590667,0.6286965704274367,194
a1,book,modernbert_readability,modernbert_professionalism,171,0.279465702445995,0.5713058295533636,133
a1,book,modernbert_readability,dsir_books,171,0.669458330542438,-0.08778697968760676,21
a1,book,modernbert_readability,dsir_wiki,171,0.676050297851441,0.05076494180063733,24
a1,book,modernbert_readability,dsir_math,171,0.6816814289692051,-0.11485924036775369,17
a1,book,modernbert_readability,qurater,171,0.22907687146772646,0.4627414086494443,221
a1,book,modernbert_readability,ad_en,171,0.34659404122723053,0.018103131208261077,138
a1,book,modernbert_readability,rps_doc_word_count,171,0.6690099126181402,-0.18384572923416617,50
a1,book,modernbert_readability,rps_doc_num_sentences,171,0.6720537064256127,-0.031724184275569764,54
a1,book,modernbert_readability,rps_doc_unigram_entropy,171,0.29890819803934904,0.19605991701958292,209
a1,book,modernbert_readability,rps_doc_frac_unique_words,171,0.6802941950889797,-0.227199621939758,12
a1,book,modernbert_readability,rps_doc_frac_no_alph_words,171,0.1796845550949825,0.4474188206494348,182
a1,book,modernbert_readability,rps_doc_frac_chars_top_2gram,171,0.19037491027457498,-0.09432404540763674,187
a1,book,modernbert_readability,rps_doc_frac_chars_top_3gram,171,0.14243976833906866,-0.11724626202990378,184
a1,book,modernbert_readability,rps_lines_uppercase_letter_fraction,171,0.6165049874089337,-0.4045732595415837,115
a1,book,modernbert_readability,rps_lines_ending_with_terminal_punctution_mark,171,0.170002233614595,-0.0631170950632395,154
a1,book,modernbert_readability,rps_lines_numerical_chars_fraction,171,0.3514211535326952,-0.22232462140302878,93
a1,book,modernbert_readability,rps_doc_mean_word_length,171,0.23757968994724102,0.49613123095015244,200
a1,book,modernbert_reasoning,modernbert_professionalism,171,0.344225997906748,0.671529027767778,220
a1,book,modernbert_reasoning,dsir_books,171,0.749093880362713,-0.14708864690140655,6
a1,book,modernbert_reasoning,dsir_wiki,171,0.7557571443712859,-0.041846710708304515,5
a1,book,modernbert_reasoning,dsir_math,171,0.7613203484837069,-0.18218726849533878,7
a1,book,modernbert_reasoning,qurater,171,0.2764790501749886,0.33983329693451586,211
a1,book,modernbert_reasoning,ad_en,171,0.4121784924433578,0.015267541983475125,123
a1,book,modernbert_reasoning,rps_doc_word_count,171,0.7513966790691851,-0.1821369429044568,41
a1,book,modernbert_reasoning,rps_doc_num_sentences,171,0.7480243652727909,-0.04967726219465284,39
a1,book,modernbert_reasoning,rps_doc_unigram_entropy,171,0.22577637049852975,0.24004000543526177,222
a1,book,modernbert_reasoning,rps_doc_frac_unique_words,171,0.7679439718793148,-0.2891901315430746,8
a1,book,modernbert_reasoning,rps_doc_frac_no_alph_words,171,0.23426921685897314,0.4972976216190271,77
a1,book,modernbert_reasoning,rps_doc_frac_chars_top_2gram,171,0.16402102251728493,0.06019631842945256,193
a1,book,modernbert_reasoning,rps_doc_frac_chars_top_3gram,171,0.16577628983691378,0.04381164950680395,172
a1,book,modernbert_reasoning,rps_lines_uppercase_letter_fraction,171,0.6934504189627018,-0.3376771898779273,47
a1,book,modernbert_reasoning,rps_lines_ending_with_terminal_punctution_mark,171,0.19391663290830322,0.05075239398084816,79
a1,book,modernbert_reasoning,rps_lines_numerical_chars_fraction,171,0.3735862458786369,-0.09776801785585715,84
a1,book,modernbert_reasoning,rps_doc_mean_word_length,171,0.3146484209688178,0.4418772649818802,150
a1,book,modernbert_professionalism,dsir_books,171,0.41518414330798253,-0.1900453964218586,15
a1,book,modernbert_professionalism,dsir_wiki,171,0.4218474073165555,0.006678958470565145,13
a1,book,modernbert_professionalism,dsir_math,171,0.4274106114289763,-0.13813867978475244,18
a1,book,modernbert_professionalism,qurater,171,0.24388819043430354,0.4303823898598563,192
a1,book,modernbert_professionalism,ad_en,171,0.2539183987156696,0.024063508558879714,173
a1,book,modernbert_professionalism,rps_doc_word_count,171,0.41679983113373703,-0.24853481172150624,52
a1,book,modernbert_professionalism,rps_doc_num_sentences,171,0.4154209620846773,-0.06545115493219358,48
a1,book,modernbert_professionalism,rps_doc_unigram_entropy,171,0.5585624411097905,0.3010120186974874,141
a1,book,modernbert_professionalism,rps_doc_frac_unique_words,171,0.43219978139871085,-0.12403412001602833,34
a1,book,modernbert_professionalism,rps_doc_frac_no_alph_words,171,0.18926420758146265,0.4681186550507596,40
a1,book,modernbert_professionalism,rps_doc_frac_chars_top_2gram,171,0.426277569034251,-0.25123479012167904,151
a1,book,modernbert_professionalism,rps_doc_frac_chars_top_3gram,171,0.34093581334358536,-0.028070175438596495,145
a1,book,modernbert_professionalism,rps_lines_uppercase_letter_fraction,171,0.3708597782134378,-0.20703509150184138,49
a1,book,modernbert_professionalism,rps_lines_ending_with_terminal_punctution_mark,171,0.30254074886065957,-0.23538291693666452,35
a1,book,modernbert_professionalism,rps_lines_numerical_chars_fraction,171,0.3329182910282678,-0.19937360501115994,87
a1,book,modernbert_professionalism,rps_doc_mean_word_length,171,0.11548223168144325,0.7073919408644732,90
a1,book,dsir_books,dsir_wiki,171,0.0068926115946933856,0.9077563779009883,231
a1,book,dsir_books,dsir_math,171,0.012226468120993731,0.7991418602081685,229
a1,book,dsir_books,qurater,171,0.5490337148043455,-0.010580387250096404,28
a1,book,dsir_books,ad_en,171,0.3797444930925916,0.05873746781743329,96
a1,book,dsir_books,rps_doc_word_count,171,0.010904497695543374,0.750186086057623,198
a1,book,dsir_books,rps_doc_num_sentences,171,0.017630083521147453,0.7306655347009617,206
a1,book,dsir_books,rps_doc_unigram_entropy,171,0.9681096825119864,-0.36139001857463365,3
a1,book,dsir_books,rps_doc_frac_unique_words,171,0.0200825275486594,0.6708051639473052,226
a1,book,dsir_books,rps_doc_frac_no_alph_words,171,0.5325678919182012,0.002439127688110883,134
a1,book,dsir_books,rps_doc_frac_chars_top_2gram,171,0.8174040889134012,-0.08453961323332226,11
a1,book,dsir_books,rps_doc_frac_chars_top_3gram,171,0.73619573021624,-0.13409918108426852,45
a1,book,dsir_books,rps_lines_uppercase_letter_fraction,171,0.07389692822856292,0.18555233900406717,130
a1,book,dsir_books,rps_lines_ending_with_terminal_punctution_mark,171,0.6519240734667539,-0.25859437195592117,114
a1,book,dsir_books,rps_lines_numerical_chars_fraction,171,0.4436840500642193,0.24458770222355425,111
a1,book,dsir_books,rps_doc_mean_word_length,171,0.4731185908906891,-0.18963467181854304,69
a1,book,dsir_wiki,dsir_math,171,0.005727777573001233,0.8442739622583548,230
a1,book,dsir_wiki,qurater,171,0.5556256821133485,0.07547241184994287,27
a1,book,dsir_wiki,ad_en,171,0.386328481462375,0.06569329707061301,95
a1,book,dsir_wiki,rps_doc_word_count,171,0.009085138576180724,0.7775424867336541,199
a1,book,dsir_wiki,rps_doc_num_sentences,171,0.014323838293512421,0.8192991038871911,208
a1,book,dsir_wiki,rps_doc_unigram_entropy,171,0.9747016498209894,-0.3783230775589521,2
a1,book,dsir_wiki,rps_doc_frac_unique_words,171,0.013433637550295044,0.6853806821386377,227
a1,book,dsir_wiki,rps_doc_frac_no_alph_words,171,0.5391598592272041,0.040557064545442674,131
a1,book,dsir_wiki,rps_doc_frac_chars_top_2gram,171,0.8239960562224042,-0.20986258999384128,10
a1,book,dsir_wiki,rps_doc_frac_chars_top_3gram,171,0.7427876975252431,-0.318812189277871,44
a1,book,dsir_wiki,rps_lines_uppercase_letter_fraction,171,0.07502525689283462,0.10065644665425227,129
a1,book,dsir_wiki,rps_lines_ending_with_terminal_punctution_mark,171,0.6585873374753267,-0.4325609238120232,109
a1,book,dsir_wiki,rps_lines_numerical_chars_fraction,171,0.44946731302326004,0.1353448431597032,107
a1,book,dsir_wiki,rps_doc_mean_word_length,171,0.47971055819969205,0.04158440979382414,68
a1,book,dsir_math,qurater,171,0.5612568132311127,-0.04646202634591922,22
a1,book,dsir_math,ad_en,171,0.39195961258013917,0.03494085343092411,97
a1,book,dsir_math,rps_doc_word_count,171,0.012709520948220109,0.8115105381681098,197
a1,book,dsir_math,rps_doc_num_sentences,171,0.017536873774890945,0.7843386661593537,207
a1,book,dsir_math,rps_doc_unigram_entropy,171,0.9803327809387534,-0.49630150465905354,1
a1,book,dsir_math,rps_doc_frac_unique_words,171,0.00872555003306332,0.7474890543523164,228
a1,book,dsir_math,rps_doc_frac_no_alph_words,171,0.5447909903449683,-0.15853613375963752,121
a1,book,dsir_math,rps_doc_frac_chars_top_2gram,171,0.8296271873401683,-0.10170445821889079,9
a1,book,dsir_math,rps_doc_frac_chars_top_3gram,171,0.748418828643007,-0.30789300921392593,43
a1,book,dsir_math,rps_lines_uppercase_letter_fraction,171,0.07765425162587915,0.18758078982295998,124
a1,book,dsir_math,rps_lines_ending_with_terminal_punctution_mark,171,0.6641505415877476,-0.41422749825056765,99
a1,book,dsir_math,rps_lines_numerical_chars_fraction,171,0.45401126682824794,0.17683808803922868,106
a1,book,dsir_math,rps_doc_mean_word_length,171,0.4853416893174562,-0.07590664834546558,65
a1,book,qurater,ad_en,171,0.31609816686682024,-0.02106957050263543,148
a1,book,qurater,rps_doc_word_count,171,0.5485472922828926,-0.17900539757028913,51
a1,book,qurater,rps_doc_num_sentences,171,0.5486399567051569,-0.06793290109528409,55
a1,book,qurater,rps_doc_unigram_entropy,171,0.4220068871874596,0.2166230473666343,191
a1,book,qurater,rps_doc_frac_unique_words,171,0.5626344448125193,-0.1268862503631809,14
a1,book,qurater,rps_doc_frac_no_alph_words,171,0.23180046555507686,0.3512284331217861,153
a1,book,qurater,rps_doc_frac_chars_top_2gram,171,0.32290467541049933,-0.15936150757601653,171
a1,book,qurater,rps_doc_frac_chars_top_3gram,171,0.2716577106147878,-0.01564071241205554,159
a1,book,qurater,rps_lines_uppercase_letter_fraction,171,0.5030543785992992,-0.2091764213530727,102
a1,book,qurater,rps_lines_ending_with_terminal_punctution_mark,171,0.27896110020481657,-0.07553957697858649,113
a1,book,qurater,rps_lines_numerical_chars_fraction,171,0.34658961626750756,-0.06927321207021192,100
a1,book,qurater,rps_doc_mean_word_length,171,0.24246613388563715,0.33421732838392354,176
a1,book,ad_en,rps_doc_word_count,171,0.3795980034680602,0.10466360227923446,81
a1,book,ad_en,rps_doc_num_sentences,171,0.3761887999301305,0.1056123254084292,75
a1,book,ad_en,rps_doc_unigram_entropy,171,0.5889116986898305,-0.049196241631099764,56
a1,book,ad_en,rps_doc_frac_unique_words,171,0.39364097646261303,0.1511723921142801,82
a1,book,ad_en,rps_doc_frac_no_alph_words,171,0.2682719645316363,-0.1768997277825947,73
a1,book,ad_en,rps_doc_frac_chars_top_2gram,171,0.45167047245867525,-0.11045718026368924,110
a1,book,ad_en,rps_doc_frac_chars_top_3gram,171,0.3738030317990949,0.04181984108497273,144
a1,book,ad_en,rps_lines_uppercase_letter_fraction,171,0.3368345410148326,0.16262919724514324,74
a1,book,ad_en,rps_lines_ending_with_terminal_punctution_mark,171,0.36934789090561077,-0.11102237811594239,62
a1,book,ad_en,rps_lines_numerical_chars_fraction,171,0.32438064911597764,-0.054728192033352975,88
a1,book,ad_en,rps_doc_mean_word_length,171,0.26878500517221765,-0.08724086848546922,122
a1,book,rps_doc_word_count,rps_doc_num_sentences,171,0.010800245110550062,0.9346484443912512,225
a1,book,rps_doc_word_count,rps_doc_unigram_entropy,171,0.9676232599905334,-0.5989968692504252,16
a1,book,rps_doc_word_count,rps_doc_frac_unique_words,171,0.01659954432222784,0.658465654385123,203
a1,book,rps_doc_word_count,rps_doc_frac_no_alph_words,171,0.5336881097955894,-0.3076271389828882,117
a1,book,rps_doc_word_count,rps_doc_frac_chars_top_2gram,171,0.8169176663919485,0.007473540211678307,36
a1,book,rps_doc_word_count,rps_doc_frac_chars_top_3gram,171,0.735709307694787,-0.32471740226078194,37
a1,book,rps_doc_word_count,rps_lines_uppercase_letter_fraction,171,0.0696909446453219,0.20758829869365683,166
a1,book,rps_doc_word_count,rps_lines_ending_with_terminal_punctution_mark,171,0.6550776027186195,-0.3374133006935945,83
a1,book,rps_doc_word_count,rps_lines_numerical_chars_fraction,171,0.44684080484263133,0.22428060575515402,136
a1,book,rps_doc_word_count,rps_doc_mean_word_length,171,0.4726321683692362,-0.20988552091583268,94
a1,book,rps_doc_num_sentences,rps_doc_unigram_entropy,171,0.9629643051824516,-0.5591456630595457,30
a1,book,rps_doc_num_sentences,rps_doc_frac_unique_words,171,0.024286913459464116,0.6650072226745595,205
a1,book,rps_doc_num_sentences,rps_doc_frac_no_alph_words,171,0.5316437283045844,-0.1591525177629938,139
a1,book,rps_doc_num_sentences,rps_doc_frac_chars_top_2gram,171,0.8122587115838665,-0.08602501502995974,38
a1,book,rps_doc_num_sentences,rps_doc_frac_chars_top_3gram,171,0.7324198698559979,-0.35234640404470624,42
a1,book,rps_doc_num_sentences,rps_lines_uppercase_letter_fraction,171,0.06969052853332454,0.16500114304857527,169
a1,book,rps_doc_num_sentences,rps_lines_ending_with_terminal_punctution_mark,171,0.658206926992035,-0.5002525982826919,98
a1,book,rps_doc_num_sentences,rps_lines_numerical_chars_fraction,171,0.4442216673354044,0.1830239554372348,140
a1,book,rps_doc_num_sentences,rps_doc_mean_word_length,171,0.47538783475857127,-0.05006365956715099,112
a1,book,rps_doc_unigram_entropy,rps_doc_frac_unique_words,171,0.978945547058528,-0.33028658844600495,4
a1,book,rps_doc_unigram_entropy,rps_doc_frac_no_alph_words,171,0.4393352069050248,0.3117212738872525,89
a1,book,rps_doc_unigram_entropy,rps_doc_frac_chars_top_2gram,171,0.15089784342735774,0.12734978398387622,216
a1,book,rps_doc_unigram_entropy,rps_doc_frac_chars_top_3gram,171,0.23583095569411913,0.34569952030751966,181
a1,book,rps_doc_unigram_entropy,rps_lines_uppercase_letter_fraction,171,0.9057237122283069,-0.2648680663002264,64
a1,book,rps_doc_unigram_entropy,rps_lines_ending_with_terminal_punctution_mark,171,0.32062704008840565,0.2821626089089355,78
a1,book,rps_doc_unigram_entropy,rps_lines_numerical_chars_fraction,171,0.5347956861935647,-0.036488512646566516,67
a1,book,rps_doc_unigram_entropy,rps_doc_mean_word_length,171,0.49664606111643717,0.3570559535087525,147
a1,book,rps_doc_frac_unique_words,rps_doc_frac_no_alph_words,171,0.5502354026057192,-0.24044983567236253,92
a1,book,rps_doc_frac_unique_words,rps_doc_frac_chars_top_2gram,171,0.828239953459943,-0.1528085115541595,33
a1,book,rps_doc_frac_unique_words,rps_doc_frac_chars_top_3gram,171,0.7470315947627817,-0.171634310273256,58
a1,book,rps_doc_frac_unique_words,rps_lines_uppercase_letter_fraction,171,0.07740144462805053,0.2823944728737157,126
a1,book,rps_doc_frac_unique_words,rps_lines_ending_with_terminal_punctution_mark,171,0.6716248955287492,-0.4105317281650659,72
a1,book,rps_doc_frac_unique_words,rps_lines_numerical_chars_fraction,171,0.46112980300153966,0.19772554914841997,105
a1,book,rps_doc_frac_unique_words,rps_doc_mean_word_length,171,0.48395445543723087,-0.005644303681003378,53
a1,book,rps_doc_frac_no_alph_words,rps_doc_frac_chars_top_2gram,171,0.29262444775530694,-0.02695418436652507,127
a1,book,rps_doc_frac_no_alph_words,rps_doc_frac_chars_top_3gram,171,0.21401947640273372,0.07963136294909642,163
a1,book,rps_doc_frac_no_alph_words,rps_lines_uppercase_letter_fraction,171,0.47718779311314635,-0.2638966307143893,168
a1,book,rps_doc_frac_no_alph_words,rps_lines_ending_with_terminal_punctution_mark,171,0.1866034048735209,0.14675642594859242,219
a1,book,rps_doc_frac_no_alph_words,rps_lines_numerical_chars_fraction,171,0.252717873796994,0.106765545875633,179
a1,book,rps_doc_frac_no_alph_words,rps_doc_mean_word_length,171,0.162063010215304,0.4498068015455877,201
a1,book,rps_doc_frac_chars_top_2gram,rps_doc_frac_chars_top_3gram,171,0.1105554699716832,0.33928528571771427,223
a1,book,rps_doc_frac_chars_top_2gram,rps_lines_uppercase_letter_fraction,171,0.7548258688009492,-0.09223439906752584,76
a1,book,rps_doc_frac_chars_top_2gram,rps_lines_ending_with_terminal_punctution_mark,171,0.18203304609104687,0.24721962224302207,125
a1,book,rps_doc_frac_chars_top_2gram,rps_lines_numerical_chars_fraction,171,0.4034578677972791,0.10456476348189216,116
a1,book,rps_doc_frac_chars_top_2gram,rps_doc_mean_word_length,171,0.3687674131108467,-0.2433340533275734,135
a1,book,rps_doc_frac_chars_top_3gram,rps_lines_uppercase_letter_fraction,171,0.673498618495338,0.012170558219940503,101
a1,book,rps_doc_frac_chars_top_3gram,rps_lines_ending_with_terminal_punctution_mark,171,0.10617338780110694,0.29443444452444384,167
a1,book,rps_doc_frac_chars_top_3gram,rps_lines_numerical_chars_fraction,171,0.33572628453589254,0.08228094175246597,149
a1,book,rps_doc_frac_chars_top_3gram,rps_doc_mean_word_length,171,0.2936845567798862,-0.2239758081935345,156
a1,book,rps_lines_uppercase_letter_fraction,rps_lines_ending_with_terminal_punctution_mark,171,0.6369751452593967,-0.3278706623909075,119
a1,book,rps_lines_uppercase_letter_fraction,rps_lines_numerical_chars_fraction,171,0.40386591334184596,-0.027101152320956057,137
a1,book,rps_lines_uppercase_letter_fraction,rps_doc_mean_word_length,171,0.43025532804474814,-0.26170180218113437,128
a1,book,rps_lines_ending_with_terminal_punctution_mark,rps_lines_numerical_chars_fraction,171,0.3250227224017893,0.1826937384500924,146
a1,book,rps_lines_ending_with_terminal_punctution_mark,rps_doc_mean_word_length,171,0.2639394457703191,-0.20489596083231337,175
a1,book,rps_lines_numerical_chars_fraction,rps_doc_mean_word_length,171,0.3295301674163061,-0.22803417572659418,120
a1,c4,fineweb_edu,fluency_en,10000,0.374688094546192,0.31584224224672897,185
a1,c4,fineweb_edu,modernbert_cleanliness,10000,0.3242314919432891,0.3788149549535265,195
a1,c4,fineweb_edu,modernbert_readability,10000,0.29916759109297925,0.34525112635746136,196
a1,c4,fineweb_edu,modernbert_reasoning,10000,0.18614401993456706,0.6682569087431146,210
a1,c4,fineweb_edu,modernbert_professionalism,10000,0.2213489517738256,0.6056518229884795,202
a1,c4,fineweb_edu,dsir_books,10000,0.4300539544430447,-0.46671237018834416,25
a1,c4,fineweb_edu,dsir_wiki,10000,0.4290383911239065,-0.45584580687232934,23
a1,c4,fineweb_edu,dsir_math,10000,0.4283206005140557,-0.4636050730754001,26
a1,c4,fineweb_edu,qurater,10000,0.23049596111443862,0.671787938779966,218
a1,c4,fineweb_edu,ad_en,10000,0.3164112631771562,0.2213862262617188,170
a1,c4,fineweb_edu,rps_doc_word_count,10000,0.32029171635093956,0.26042157370533897,70
a1,c4,fineweb_edu,rps_doc_num_sentences,10000,0.3120038301975295,0.2611966517423623,66
a1,c4,fineweb_edu,rps_doc_unigram_entropy,10000,0.25834962349820456,0.4450316922058512,180
a1,c4,fineweb_edu,rps_doc_frac_unique_words,10000,0.429796146209533,-0.4220069090214462,19
a1,c4,fineweb_edu,rps_doc_frac_no_alph_words,10000,0.404473134619532,0.18483999793986466,104
a1,c4,fineweb_edu,rps_doc_frac_chars_top_2gram,10000,0.3162260969897229,0.10066366929133469,160
a1,c4,fineweb_edu,rps_doc_frac_chars_top_3gram,10000,0.33726291731479013,-0.10084160993144171,155
a1,c4,fineweb_edu,rps_lines_uppercase_letter_fraction,10000,0.4811210103733188,0.18099836993105894,80
a1,c4,fineweb_edu,rps_lines_ending_with_terminal_punctution_mark,10000,0.5997885870470548,nan,71
a1,c4,fineweb_edu,rps_lines_numerical_chars_fraction,10000,0.33379575563287406,0.11632411521106019,103
a1,c4,fineweb_edu,rps_doc_mean_word_length,10000,0.32133548275562307,0.1690568152656295,164
a1,c4,fluency_en,modernbert_cleanliness,10000,0.17512519307632854,0.7040198426827914,213
a1,c4,fluency_en,modernbert_readability,10000,0.21684276643888187,0.6791656623661276,215
a1,c4,fluency_en,modernbert_reasoning,10000,0.36692114159349487,0.21259430441535215,157
a1,c4,fluency_en,modernbert_professionalism,10000,0.4785723723097678,0.126188023415222,118
a1,c4,fluency_en,dsir_books,10000,0.2773009216623843,0.057408671890702825,63
a1,c4,fluency_en,dsir_wiki,10000,0.27775307732967897,0.07297939977779179,60
a1,c4,fluency_en,dsir_math,10000,0.2841914421441589,0.04946919280025355,59
a1,c4,fluency_en,qurater,10000,0.21974523556210834,0.6426823649700409,212
a1,c4,fluency_en,ad_en,10000,0.4150976260064026,0.28021360749366725,178
a1,c4,fluency_en,rps_doc_word_count,10000,0.2937418601306573,0.17194077218226309,86
a1,c4,fluency_en,rps_doc_num_sentences,10000,0.3220299337304689,7.679036070795846e-05,85
a1,c4,fluency_en,rps_doc_unigram_entropy,10000,0.36069365065682735,0.00999844829738652,143
a1,c4,fluency_en,rps_doc_frac_unique_words,10000,0.30847324636098994,0.07118887131795085,46
a1,c4,fluency_en,rps_doc_frac_no_alph_words,10000,0.2176971888050867,0.3225788337637271,189
a1,c4,fluency_en,rps_doc_frac_chars_top_2gram,10000,0.356647172958862,0.03596006244865335,142
a1,c4,fluency_en,rps_doc_frac_chars_top_3gram,10000,0.3371275495449901,0.04976804280980313,158
a1,c4,fluency_en,rps_lines_uppercase_letter_fraction,10000,0.2450606515231253,0.1605993842082359,174
a1,c4,fluency_en,rps_lines_ending_with_terminal_punctution_mark,10000,0.32341112743190936,nan,162
a1,c4,fluency_en,rps_lines_numerical_chars_fraction,10000,0.2926897388869635,0.08929463010306202,132
a1,c4,fluency_en,rps_doc_mean_word_length,10000,0.2762668688187336,0.22942313813195564,188
a1,c4,modernbert_cleanliness,modernbert_readability,10000,0.20625936970937642,0.6704633461796516,224
a1,c4,modernbert_cleanliness,modernbert_reasoning,10000,0.2850282240990189,0.42106597859252726,214
a1,c4,modernbert_cleanliness,modernbert_professionalism,10000,0.39755948750267023,0.28538691655012527,161
a1,c4,modernbert_cleanliness,dsir_books,10000,0.3353060053103594,-0.14942209973252038,32
a1,c4,modernbert_cleanliness,dsir_wiki,10000,0.33578449881966205,-0.13915091631659848,31
a1,c4,modernbert_cleanliness,dsir_math,10000,0.34048498448686476,-0.16044905597537354,29
a1,c4,modernbert_cleanliness,qurater,10000,0.2115848461633253,0.6303398576331147,217
a1,c4,modernbert_cleanliness,ad_en,10000,0.37356737338286977,0.3170995348535766,152
a1,c4,modernbert_cleanliness,rps_doc_word_count,10000,0.2900472892439545,0.12942739359935398,57
a1,c4,modernbert_cleanliness,rps_doc_num_sentences,10000,0.30611516651363907,0.03542121197954484,61
a1,c4,modernbert_cleanliness,rps_doc_unigram_entropy,10000,0.2951631095164278,0.21874357742697645,204
a1,c4,modernbert_cleanliness,rps_doc_frac_unique_words,10000,0.3505371971069414,-0.11199481896016975,20
a1,c4,modernbert_cleanliness,rps_doc_frac_no_alph_words,10000,0.26075172927663925,0.25215791869638193,165
a1,c4,modernbert_cleanliness,rps_doc_frac_chars_top_2gram,10000,0.3151044529236131,0.15452224981049067,186
a1,c4,modernbert_cleanliness,rps_doc_frac_chars_top_3gram,10000,0.3174708161794798,0.0934933260561481,183
a1,c4,modernbert_cleanliness,rps_lines_uppercase_letter_fraction,10000,0.2995541427593046,0.2539191059589286,91
a1,c4,modernbert_cleanliness,rps_lines_ending_with_terminal_punctution_mark,10000,0.39089416253461395,nan,177
a1,c4,modernbert_cleanliness,rps_lines_numerical_chars_fraction,10000,0.282216623711839,0.11653745169088671,108
a1,c4,modernbert_cleanliness,rps_doc_mean_word_length,10000,0.2785138551854444,0.13211786528112948,190
a1,c4,modernbert_readability,modernbert_reasoning,10000,0.28734701881312824,0.28785179423353763,194
a1,c4,modernbert_readability,modernbert_professionalism,10000,0.35495945195774736,0.23275888069401243,133
a1,c4,modernbert_readability,dsir_books,10000,0.3495150727672027,-0.15175378521471908,21
a1,c4,modernbert_readability,dsir_wiki,10000,0.34746493546638607,-0.1333024203475053,24
a1,c4,modernbert_readability,dsir_math,10000,0.3503973850103851,-0.15126181210162373,17
a1,c4,modernbert_readability,qurater,10000,0.2023130846564714,0.6328091185562134,221
a1,c4,modernbert_readability,ad_en,10000,0.3771807236779368,0.09329722426868278,138
a1,c4,modernbert_readability,rps_doc_word_count,10000,0.3078453511886171,0.04748394285412676,50
a1,c4,modernbert_readability,rps_doc_num_sentences,10000,0.3173566051127546,-0.018586535916767816,54
a1,c4,modernbert_readability,rps_doc_unigram_entropy,10000,0.2898509663063365,0.17391325342531744,209
a1,c4,modernbert_readability,rps_doc_frac_unique_words,10000,0.3549354707745474,-0.1159305645807025,12
a1,c4,modernbert_readability,rps_doc_frac_no_alph_words,10000,0.3014151675360571,0.3088945938460885,182
a1,c4,modernbert_readability,rps_doc_frac_chars_top_2gram,10000,0.3259395408923025,0.047351805208437944,187
a1,c4,modernbert_readability,rps_doc_frac_chars_top_3gram,10000,0.32870983982373514,0.000644093494730343,184
a1,c4,modernbert_readability,rps_lines_uppercase_letter_fraction,10000,0.36912874284891034,0.1047478755484734,115
a1,c4,modernbert_readability,rps_lines_ending_with_terminal_punctution_mark,10000,0.47474800225788183,nan,154
a1,c4,modernbert_readability,rps_lines_numerical_chars_fraction,10000,0.295442011377444,0.09051505006978196,93
a1,c4,modernbert_readability,rps_doc_mean_word_length,10000,0.25696823422370957,0.31237129417815623,200
a1,c4,modernbert_reasoning,modernbert_professionalism,10000,0.18917044871319122,0.777727710081433,220
a1,c4,modernbert_reasoning,dsir_books,10000,0.42517476505351043,-0.5982807522296727,6
a1,c4,modernbert_reasoning,dsir_wiki,10000,0.4266235535256341,-0.6004924202092491,5
a1,c4,modernbert_reasoning,dsir_math,10000,0.42442936514027607,-0.6004685015209942,7
a1,c4,modernbert_reasoning,qurater,10000,0.24165896660181962,0.5676282969298589,211
a1,c4,modernbert_reasoning,ad_en,10000,0.31771354035414895,0.1602772137479248,123
a1,c4,modernbert_reasoning,rps_doc_word_count,10000,0.29637910948457513,0.1499549539766691,41
a1,c4,modernbert_reasoning,rps_doc_num_sentences,10000,0.27509911445625923,0.216160057717842,39
a1,c4,modernbert_reasoning,rps_doc_unigram_entropy,10000,0.17822708870164752,0.6282885076557079,222
a1,c4,modernbert_reasoning,rps_doc_frac_unique_words,10000,0.4198748521030784,-0.5306774464223896,8
a1,c4,modernbert_reasoning,rps_doc_frac_no_alph_words,10000,0.3758831321670733,0.1727256031352913,77
a1,c4,modernbert_reasoning,rps_doc_frac_chars_top_2gram,10000,0.2515906485287918,0.2547342639945185,193
a1,c4,modernbert_reasoning,rps_doc_frac_chars_top_3gram,10000,0.2831083405028594,0.012400105385394584,172
a1,c4,modernbert_reasoning,rps_lines_uppercase_letter_fraction,10000,0.46176211971082504,0.28859190977896754,47
a1,c4,modernbert_reasoning,rps_lines_ending_with_terminal_punctution_mark,10000,0.5890126432011468,nan,79
a1,c4,modernbert_reasoning,rps_lines_numerical_chars_fraction,10000,0.28355038441905656,0.15611997564147212,84
a1,c4,modernbert_reasoning,rps_doc_mean_word_length,10000,0.2972800900827332,0.045562486780583535,150
a1,c4,modernbert_professionalism,dsir_books,10000,0.4763379247838243,-0.48651393874806836,15
a1,c4,modernbert_professionalism,dsir_wiki,10000,0.47338511422987056,-0.4726565402811023,13
a1,c4,modernbert_professionalism,dsir_math,10000,0.46892891842990314,-0.4758174079410296,18
a1,c4,modernbert_professionalism,qurater,10000,0.33659085834841346,0.5491696607952631,192
a1,c4,modernbert_professionalism,ad_en,10000,0.2720143825413603,0.21092810627225506,173
a1,c4,modernbert_professionalism,rps_doc_word_count,10000,0.373439881250333,0.03758904935304677,52
a1,c4,modernbert_professionalism,rps_doc_num_sentences,10000,0.35924021401823614,0.1145092575475762,48
a1,c4,modernbert_professionalism,rps_doc_unigram_entropy,10000,0.2827642838638074,0.461757351224025,141
a1,c4,modernbert_professionalism,rps_doc_frac_unique_words,10000,0.44491466360403636,-0.4106584949818854,34
a1,c4,modernbert_professionalism,rps_doc_frac_no_alph_words,10000,0.516379575857323,0.20528618967992843,40
a1,c4,modernbert_professionalism,rps_doc_frac_chars_top_2gram,10000,0.31573916871167856,0.16941428205117182,151
a1,c4,modernbert_professionalism,rps_doc_frac_chars_top_3gram,10000,0.32467221713221744,-0.01746051695977832,145
a1,c4,modernbert_professionalism,rps_lines_uppercase_letter_fraction,10000,0.6198434110223183,0.09841486252961987,49
a1,c4,modernbert_professionalism,rps_lines_ending_with_terminal_punctution_mark,10000,0.749751963291842,nan,35
a1,c4,modernbert_professionalism,rps_lines_numerical_chars_fraction,10000,0.3720863476843166,0.09662075023154894,87
a1,c4,modernbert_professionalism,rps_doc_mean_word_length,10000,0.36373665276342165,0.228001912007421,90
a1,c4,dsir_books,dsir_wiki,10000,0.011747934082504642,0.9983522389675225,231
a1,c4,dsir_books,dsir_math,10000,0.014306335762363532,0.9989395807973958,229
a1,c4,dsir_books,qurater,10000,0.374316552407817,-0.2596272934181405,28
a1,c4,dsir_books,ad_en,10000,0.3980499789212484,0.0958505231549787,96
a1,c4,dsir_books,rps_doc_word_count,10000,0.2763589519091253,-0.21175316019278395,198
a1,c4,dsir_books,rps_doc_num_sentences,10000,0.3121363813902132,-0.3665533487544703,206
a1,c4,dsir_books,rps_doc_unigram_entropy,10000,0.4308087182522107,-0.9272003886063657,3
a1,c4,dsir_books,rps_doc_frac_unique_words,10000,0.1026568547452727,0.8826293888284172,226
a1,c4,dsir_books,rps_doc_frac_no_alph_words,10000,0.2545612208965234,0.024091787753677228,134
a1,c4,dsir_books,rps_doc_frac_chars_top_2gram,10000,0.35977385021450053,-0.2762701098826186,11
a1,c4,dsir_books,rps_doc_frac_chars_top_3gram,10000,0.3032838570986715,0.1402672932117332,45
a1,c4,dsir_books,rps_lines_uppercase_letter_fraction,10000,0.27529849028343745,-0.09076760607980572,130
a1,c4,dsir_books,rps_lines_ending_with_terminal_punctution_mark,10000,0.3542219100783362,nan,114
a1,c4,dsir_books,rps_lines_numerical_chars_fraction,10000,0.28300639903458313,-0.21044301782198047,111
a1,c4,dsir_books,rps_doc_mean_word_length,10000,0.26091694605626753,0.004879449093406201,69
a1,c4,dsir_wiki,dsir_math,10000,0.011762071692654447,0.9986845530508456,230
a1,c4,dsir_wiki,qurater,10000,0.373415685621192,-0.24436995682339557,27
a1,c4,dsir_wiki,ad_en,10000,0.39568963323658923,0.09948835933168752,95
a1,c4,dsir_wiki,rps_doc_word_count,10000,0.2803292192542632,-0.2110062119057279,199
a1,c4,dsir_wiki,rps_doc_num_sentences,10000,0.31619143937862493,-0.36861924033124344,208
a1,c4,dsir_wiki,rps_doc_unigram_entropy,10000,0.43363340844280646,-0.9310504380716788,2
a1,c4,dsir_wiki,rps_doc_frac_unique_words,10000,0.09898967645520931,0.8835761553475718,227
a1,c4,dsir_wiki,rps_doc_frac_no_alph_words,10000,0.2571218061023506,0.039010131091725735,131
a1,c4,dsir_wiki,rps_doc_frac_chars_top_2gram,10000,0.36235416283200494,-0.28422350694749055,10
a1,c4,dsir_wiki,rps_doc_frac_chars_top_3gram,10000,0.3054955596488245,0.13207838963297944,44
a1,c4,dsir_wiki,rps_lines_uppercase_letter_fraction,10000,0.28051476540822134,-0.10440194528060148,129
a1,c4,dsir_wiki,rps_lines_ending_with_terminal_punctution_mark,10000,0.35937835828355474,nan,109
a1,c4,dsir_wiki,rps_lines_numerical_chars_fraction,10000,0.2851919842908435,-0.2079570736852141,107
a1,c4,dsir_wiki,rps_doc_mean_word_length,10000,0.2582347024324594,0.035445057245158576,68
a1,c4,dsir_math,qurater,10000,0.3769819711185173,-0.2617358175049909,22
a1,c4,dsir_math,ad_en,10000,0.39349892032229866,0.08668504314057257,97
a1,c4,dsir_math,rps_doc_word_count,10000,0.28476457010002926,-0.2113315719097774,197
a1,c4,dsir_math,rps_doc_num_sentences,10000,0.31844109335770937,-0.3654187140098023,207
a1,c4,dsir_math,rps_doc_unigram_entropy,10000,0.43371175192694134,-0.9338357552259077,1
a1,c4,dsir_math,rps_doc_frac_unique_words,10000,0.09831574264146925,0.8800341656221353,228
a1,c4,dsir_math,rps_doc_frac_no_alph_words,10000,0.26279942784433913,0.027847090342491353,121
a1,c4,dsir_math,rps_doc_frac_chars_top_2gram,10000,0.3616584678437589,-0.2871327233908268,9
a1,c4,dsir_math,rps_doc_frac_chars_top_3gram,10000,0.3039128584286566,0.12937098712246756,43
a1,c4,dsir_math,rps_lines_uppercase_letter_fraction,10000,0.286973012638408,-0.0987802458899319,124
a1,c4,dsir_math,rps_lines_ending_with_terminal_punctution_mark,10000,0.3673930824851727,nan,99
a1,c4,dsir_math,rps_lines_numerical_chars_fraction,10000,0.2862053558298593,-0.21496507091463374,106
a1,c4,dsir_math,rps_doc_mean_word_length,10000,0.2607887163050614,0.019590021221000384,65
a1,c4,qurater,ad_en,10000,0.3671299754132758,0.2141384953250595,148
a1,c4,qurater,rps_doc_word_count,10000,0.29812057332208414,0.14504218970919924,51
a1,c4,qurater,rps_doc_num_sentences,10000,0.30581931182061106,0.09875162864205189,55
a1,c4,qurater,rps_doc_unigram_entropy,10000,0.2749965570190699,0.3103168857558933,191
a1,c4,qurater,rps_doc_frac_unique_words,10000,0.3799214461662637,-0.19729245132264275,14
a1,c4,qurater,rps_doc_frac_no_alph_words,10000,0.2807869834120673,0.40125696201424144,153
a1,c4,qurater,rps_doc_frac_chars_top_2gram,10000,0.31001457153794837,0.16996408618486064,171
a1,c4,qurater,rps_doc_frac_chars_top_3gram,10000,0.32346133479645217,0.05914366071196186,159
a1,c4,qurater,rps_lines_uppercase_letter_fraction,10000,0.354391497468471,0.23256265384289737,102
a1,c4,qurater,rps_lines_ending_with_terminal_punctution_mark,10000,0.4623059298573039,nan,113
a1,c4,qurater,rps_lines_numerical_chars_fraction,10000,0.2947983002212311,0.12873310248259562,100
a1,c4,qurater,rps_doc_mean_word_length,10000,0.266182797560702,0.29546880193646846,176
a1,c4,ad_en,rps_doc_word_count,10000,0.3902837643387869,-0.0882014822125315,81
a1,c4,ad_en,rps_doc_num_sentences,10000,0.39349946834335064,-0.11334921363869056,75
a1,c4,ad_en,rps_doc_unigram_entropy,10000,0.37795133512114876,-0.08180525770061053,56
a1,c4,ad_en,rps_doc_frac_unique_words,10000,0.38018563469326516,0.06479858170671308,82
a1,c4,ad_en,rps_doc_frac_no_alph_words,10000,0.4946645782248433,-0.15319886279373868,73
a1,c4,ad_en,rps_doc_frac_chars_top_2gram,10000,0.3612774611201432,0.043874761600323775,110
a1,c4,ad_en,rps_doc_frac_chars_top_3gram,10000,0.34558206583088497,0.08401620645421878,144
a1,c4,ad_en,rps_lines_uppercase_letter_fraction,10000,0.5509889995011874,-0.05636329267517992,74
a1,c4,ad_en,rps_lines_ending_with_terminal_punctution_mark,10000,0.6573481495726525,nan,62
a1,c4,ad_en,rps_lines_numerical_chars_fraction,10000,0.39106240838701795,-0.06135428956586103,88
a1,c4,ad_en,rps_doc_mean_word_length,10000,0.40131989311091465,-0.129105082505459,122
a1,c4,rps_doc_word_count,rps_doc_num_sentences,10000,0.13375528426465919,0.7340556633410757,225
a1,c4,rps_doc_word_count,rps_doc_unigram_entropy,10000,0.2707867817470335,0.2106367801238206,16
a1,c4,rps_doc_word_count,rps_doc_frac_unique_words,10000,0.3084747558043604,-0.16037625896348529,203
a1,c4,rps_doc_word_count,rps_doc_frac_no_alph_words,10000,0.2791292591094445,0.05667709530526346,117
a1,c4,rps_doc_word_count,rps_doc_frac_chars_top_2gram,10000,0.3131504661040974,-0.06285059360000242,36
a1,c4,rps_doc_word_count,rps_doc_frac_chars_top_3gram,10000,0.3510246145100262,-0.2878295044733377,37
a1,c4,rps_doc_word_count,rps_lines_uppercase_letter_fraction,10000,0.33209788954658837,0.023572319520042587,166
a1,c4,rps_doc_word_count,rps_lines_ending_with_terminal_punctution_mark,10000,0.43781048201063133,nan,83
a1,c4,rps_doc_word_count,rps_lines_numerical_chars_fraction,10000,0.24364803820490027,0.07636296602449665,136
a1,c4,rps_doc_word_count,rps_doc_mean_word_length,10000,0.24582544566895007,0.0402451416378838,94
a1,c4,rps_doc_num_sentences,rps_doc_unigram_entropy,10000,0.2282786135795669,0.3506332334653211,30
a1,c4,rps_doc_num_sentences,rps_doc_frac_unique_words,10000,0.336452427023676,-0.29590946138827906,205
a1,c4,rps_doc_num_sentences,rps_doc_frac_no_alph_words,10000,0.29310200262436736,-0.048234428741718294,139
a1,c4,rps_doc_num_sentences,rps_doc_frac_chars_top_2gram,10000,0.29001912829690435,0.03597762660036737,38
a1,c4,rps_doc_num_sentences,rps_doc_frac_chars_top_3gram,10000,0.33606092899376383,-0.231923864342021,42
a1,c4,rps_doc_num_sentences,rps_lines_uppercase_letter_fraction,10000,0.3398380027820117,0.01360128569054287,169
a1,c4,rps_doc_num_sentences,rps_lines_ending_with_terminal_punctution_mark,10000,0.4469642029965482,nan,98
a1,c4,rps_doc_num_sentences,rps_lines_numerical_chars_fraction,10000,0.24384483699192025,0.08802806981981005,140
a1,c4,rps_doc_num_sentences,rps_doc_mean_word_length,10000,0.2543678592745399,-0.019865309669251346,112
a1,c4,rps_doc_unigram_entropy,rps_doc_frac_unique_words,10000,0.4211821289949934,-0.7049758409720569,4
a1,c4,rps_doc_unigram_entropy,rps_doc_frac_no_alph_words,10000,0.33198859185758284,-0.006801910912260212,89
a1,c4,rps_doc_unigram_entropy,rps_doc_frac_chars_top_2gram,10000,0.1950144879187393,0.4225972864414295,216
a1,c4,rps_doc_unigram_entropy,rps_doc_frac_chars_top_3gram,10000,0.2694071075977804,0.0276043541817007,181
a1,c4,rps_doc_unigram_entropy,rps_lines_uppercase_letter_fraction,10000,0.39578241232566425,0.141627860362434,64
a1,c4,rps_doc_unigram_entropy,rps_lines_ending_with_terminal_punctution_mark,10000,0.5182904013625536,nan,78
a1,c4,rps_doc_unigram_entropy,rps_lines_numerical_chars_fraction,10000,0.24590512895657307,0.25500494236338805,67
a1,c4,rps_doc_unigram_entropy,rps_doc_mean_word_length,10000,0.27838145106894724,-0.01669007815475944,147
a1,c4,rps_doc_frac_unique_words,rps_doc_frac_no_alph_words,10000,0.30034930606808496,0.01221557511403626,92
a1,c4,rps_doc_frac_unique_words,rps_doc_frac_chars_top_2gram,10000,0.33947729566018775,-0.08448125820806976,33
a1,c4,rps_doc_frac_unique_words,rps_doc_frac_chars_top_3gram,10000,0.28011443055856755,0.30689473934273787,58
a1,c4,rps_doc_frac_unique_words,rps_lines_uppercase_letter_fraction,10000,0.3336079245022701,-0.11023616354259373,126
a1,c4,rps_doc_frac_unique_words,rps_lines_ending_with_terminal_punctution_mark,10000,0.4160246295103666,nan,72
a1,c4,rps_doc_frac_unique_words,rps_lines_numerical_chars_fraction,10000,0.29758458127662235,-0.14852501473445762,105
a1,c4,rps_doc_frac_unique_words,rps_doc_mean_word_length,10000,0.2694130598282229,0.08529431137663719,53
a1,c4,rps_doc_frac_no_alph_words,rps_doc_frac_chars_top_2gram,10000,0.34601079661007317,-0.0261832910422714,127
a1,c4,rps_doc_frac_no_alph_words,rps_doc_frac_chars_top_3gram,10000,0.33379847649306565,-0.002137548478768224,163
a1,c4,rps_doc_frac_no_alph_words,rps_lines_uppercase_letter_fraction,10000,0.1695857068098463,0.28085199196095006,168
a1,c4,rps_doc_frac_no_alph_words,rps_lines_ending_with_terminal_punctution_mark,10000,0.24764979004164905,nan,219
a1,c4,rps_doc_frac_no_alph_words,rps_lines_numerical_chars_fraction,10000,0.2523650450188792,0.12212704444486085,179
a1,c4,rps_doc_frac_no_alph_words,rps_doc_mean_word_length,10000,0.21775321959510757,0.5445542851815438,201
a1,c4,rps_doc_frac_chars_top_2gram,rps_doc_frac_chars_top_3gram,10000,0.20253023465981332,0.4549144523440947,223
a1,c4,rps_doc_frac_chars_top_2gram,rps_lines_uppercase_letter_fraction,10000,0.4008924065534907,0.15223134973717048,76
a1,c4,rps_doc_frac_chars_top_2gram,rps_lines_ending_with_terminal_punctution_mark,10000,0.515146038283786,nan,125
a1,c4,rps_doc_frac_chars_top_2gram,rps_lines_numerical_chars_fraction,10000,0.27518509970128996,0.11696972568857229,116
a1,c4,rps_doc_frac_chars_top_2gram,rps_doc_mean_word_length,10000,0.30303665566362054,-0.07409842439710203,135
a1,c4,rps_doc_frac_chars_top_3gram,rps_lines_uppercase_letter_fraction,10000,0.39315976564840305,0.14624389104320548,101
a1,c4,rps_doc_frac_chars_top_3gram,rps_lines_ending_with_terminal_punctution_mark,10000,0.5142863985900755,nan,167
a1,c4,rps_doc_frac_chars_top_3gram,rps_lines_numerical_chars_fraction,10000,0.27259076356163264,0.01977520686711222,149
a1,c4,rps_doc_frac_chars_top_3gram,rps_doc_mean_word_length,10000,0.2938044742796788,-0.059996702253237506,156
a1,c4,rps_lines_uppercase_letter_fraction,rps_lines_ending_with_terminal_punctution_mark,10000,0.13435233903949778,nan,119
a1,c4,rps_lines_uppercase_letter_fraction,rps_lines_numerical_chars_fraction,10000,0.32200349069983203,0.0422175524819818,137
a1,c4,rps_lines_uppercase_letter_fraction,rps_doc_mean_word_length,10000,0.31421765294897,-0.047590243121322345,128
a1,c4,rps_lines_ending_with_terminal_punctution_mark,rps_lines_numerical_chars_fraction,10000,0.43095724494316373,nan,146
a1,c4,rps_lines_ending_with_terminal_punctution_mark,rps_doc_mean_word_length,10000,0.41242533768795875,nan,175
a1,c4,rps_lines_numerical_chars_fraction,rps_doc_mean_word_length,10000,0.2331220297114602,0.03750191033814541,120
a1,commoncrawl,fineweb_edu,fluency_en,9640,0.293880010998682,0.1977918900928123,185
a1,commoncrawl,fineweb_edu,modernbert_cleanliness,9640,0.2881746265800761,0.14317777790922237,195
a1,commoncrawl,fineweb_edu,modernbert_readability,9640,0.2958086155723347,0.2660159842927419,196
a1,commoncrawl,fineweb_edu,modernbert_reasoning,9640,0.22053085309372486,0.40936547221080977,210
a1,commoncrawl,fineweb_edu,modernbert_professionalism,9636,0.2501250531840545,0.45019745565536345,202
a1,commoncrawl,fineweb_edu,dsir_books,9640,0.32107038455473963,-0.09440691399609151,25
a1,commoncrawl,fineweb_edu,dsir_wiki,9640,0.3213384567939703,-0.08561176624419364,23
a1,commoncrawl,fineweb_edu,dsir_math,9640,0.3273578827671439,-0.08550291297932036,26
a1,commoncrawl,fineweb_edu,qurater,9640,0.19358119566403126,0.6479402955140963,218
a1,commoncrawl,fineweb_edu,ad_en,9640,0.3370621779991316,0.056216745968143494,170
a1,commoncrawl,fineweb_edu,rps_doc_word_count,9640,0.31890009410932413,-0.0863153635965229,70
a1,commoncrawl,fineweb_edu,rps_doc_num_sentences,9640,0.3167377213078718,-0.045528951261318895,66
a1,commoncrawl,fineweb_edu,rps_doc_unigram_entropy,9640,0.319625812666003,0.05695779008876658,180
a1,commoncrawl,fineweb_edu,rps_doc_frac_unique_words,9640,0.33484937653365787,-0.11014934787443223,19
a1,commoncrawl,fineweb_edu,rps_doc_frac_no_alph_words,9640,0.2817579004004292,0.24927047422474394,104
a1,commoncrawl,fineweb_edu,rps_doc_frac_chars_top_2gram,9640,0.2922386230677866,0.039783815212959345,160
a1,commoncrawl,fineweb_edu,rps_doc_frac_chars_top_3gram,9640,0.27159002990064074,0.0559482142636056,155
a1,commoncrawl,fineweb_edu,rps_lines_uppercase_letter_fraction,9640,0.2804361452373199,0.12361026358385739,80
a1,commoncrawl,fineweb_edu,rps_lines_ending_with_terminal_punctution_mark,9640,0.29049813878625164,0.02494935049559382,71
a1,commoncrawl,fineweb_edu,rps_lines_numerical_chars_fraction,9640,0.3216657000422887,0.05510688864343998,103
a1,commoncrawl,fineweb_edu,rps_doc_mean_word_length,9640,0.2605834237975953,0.22432324878159904,164
a1,commoncrawl,fluency_en,modernbert_cleanliness,9640,0.21035113303351885,0.5147376364185352,213
a1,commoncrawl,fluency_en,modernbert_readability,9640,0.20771683140734729,0.46815058834502715,215
a1,commoncrawl,fluency_en,modernbert_reasoning,9640,0.30294583533127234,0.047699437461386524,157
a1,commoncrawl,fluency_en,modernbert_professionalism,9636,0.3642231052172843,-0.01280579415444249,118
a1,commoncrawl,fluency_en,dsir_books,9640,0.3436062157074198,0.26156008401041725,63
a1,commoncrawl,fluency_en,dsir_wiki,9640,0.34268488985633516,0.26244923407493315,60
a1,commoncrawl,fluency_en,dsir_math,9640,0.3572194298371539,0.24826390187824157,59
a1,commoncrawl,fluency_en,qurater,9640,0.22604309821929927,0.4460483792506466,212
a1,commoncrawl,fluency_en,ad_en,9640,0.3394845773306212,0.2642284217983591,178
a1,commoncrawl,fluency_en,rps_doc_word_count,9640,0.2965223245903668,0.22260434185477643,86
a1,commoncrawl,fluency_en,rps_doc_num_sentences,9640,0.2803373090313509,0.21331345266156246,85
a1,commoncrawl,fluency_en,rps_doc_unigram_entropy,9640,0.303114449826017,-0.2262590282297969,143
a1,commoncrawl,fluency_en,rps_doc_frac_unique_words,9640,0.36626082277187283,0.1565344820872587,46
a1,commoncrawl,fluency_en,rps_doc_frac_no_alph_words,9640,0.238745042046384,0.2512734144863745,189
a1,commoncrawl,fluency_en,rps_doc_frac_chars_top_2gram,9640,0.3046387650565432,-0.03343879021001947,142
a1,commoncrawl,fluency_en,rps_doc_frac_chars_top_3gram,9640,0.3086233856362079,-0.03336944211693142,158
a1,commoncrawl,fluency_en,rps_lines_uppercase_letter_fraction,9640,0.23274415660009823,0.21477731182845822,174
a1,commoncrawl,fluency_en,rps_lines_ending_with_terminal_punctution_mark,9640,0.27475533207567215,0.2891030255093996,162
a1,commoncrawl,fluency_en,rps_lines_numerical_chars_fraction,9640,0.3296912606104106,0.09849733395918962,132
a1,commoncrawl,fluency_en,rps_doc_mean_word_length,9640,0.2588160728437339,0.12251327703323672,188
a1,commoncrawl,modernbert_cleanliness,modernbert_readability,9640,0.20965777838828253,0.5614205481587763,224
a1,commoncrawl,modernbert_cleanliness,modernbert_reasoning,9640,0.22692756376553339,0.3468952703909219,214
a1,commoncrawl,modernbert_cleanliness,modernbert_professionalism,9636,0.2980810093594298,0.19561243405331935,161
a1,commoncrawl,modernbert_cleanliness,dsir_books,9640,0.3323974316956205,-0.030164654229478522,32
a1,commoncrawl,modernbert_cleanliness,dsir_wiki,9640,0.33395453990912916,-0.04163650489405981,31
a1,commoncrawl,modernbert_cleanliness,dsir_math,9640,0.3448520266705258,-0.05394256561231042,29
a1,commoncrawl,modernbert_cleanliness,qurater,9640,0.24379288083219552,0.36081957543474347,217
a1,commoncrawl,modernbert_cleanliness,ad_en,9640,0.32761992095186815,0.17473709803545853,152
a1,commoncrawl,modernbert_cleanliness,rps_doc_word_count,9640,0.3212814023605191,-0.09100690876945296,57
a1,commoncrawl,modernbert_cleanliness,rps_doc_num_sentences,9640,0.3040946990826654,-0.013173492406280213,61
a1,commoncrawl,modernbert_cleanliness,rps_doc_unigram_entropy,9640,0.2784541550035211,0.08124546492336081,204
a1,commoncrawl,modernbert_cleanliness,rps_doc_frac_unique_words,9640,0.35424724567738436,-0.10688855512528336,20
a1,commoncrawl,modernbert_cleanliness,rps_doc_frac_no_alph_words,9640,0.24983447370911804,0.19134328585815497,165
a1,commoncrawl,modernbert_cleanliness,rps_doc_frac_chars_top_2gram,9640,0.257876058995616,0.15545112719025947,186
a1,commoncrawl,modernbert_cleanliness,rps_doc_frac_chars_top_3gram,9640,0.2496068409231259,0.1836620400861579,183
a1,commoncrawl,modernbert_cleanliness,rps_lines_uppercase_letter_fraction,9640,0.2284061904312182,0.33399287987588766,91
a1,commoncrawl,modernbert_cleanliness,rps_lines_ending_with_terminal_punctution_mark,9640,0.21726716852809075,0.47628615620566384,177
a1,commoncrawl,modernbert_cleanliness,rps_lines_numerical_chars_fraction,9640,0.302439965672843,0.15770445018745655,108
a1,commoncrawl,modernbert_cleanliness,rps_doc_mean_word_length,9640,0.2704975287534994,-0.004667535575893821,190
a1,commoncrawl,modernbert_readability,modernbert_reasoning,9640,0.26731660752350633,0.32450787766494904,194
a1,commoncrawl,modernbert_readability,modernbert_professionalism,9636,0.3854153176990894,0.2988969625340405,133
a1,commoncrawl,modernbert_readability,dsir_books,9640,0.4188119190622581,-0.14669350551558802,21
a1,commoncrawl,modernbert_readability,dsir_wiki,9640,0.4175196281438679,-0.1428665294505362,24
a1,commoncrawl,modernbert_readability,dsir_math,9640,0.43425704303955576,-0.14854784155810002,17
a1,commoncrawl,modernbert_readability,qurater,9640,0.22467434157580424,0.4804182891185153,221
a1,commoncrawl,modernbert_readability,ad_en,9640,0.4142841688585958,0.028659515597726632,138
a1,commoncrawl,modernbert_readability,rps_doc_word_count,9640,0.3542533086116763,-0.1488572405346225,50
a1,commoncrawl,modernbert_readability,rps_doc_num_sentences,9640,0.3056113475859935,-0.04074736471039211,54
a1,commoncrawl,modernbert_readability,rps_doc_unigram_entropy,9640,0.2002510674355299,0.13376521254876964,209
a1,commoncrawl,modernbert_readability,rps_doc_frac_unique_words,9640,0.4318409906907638,-0.1365057339427195,12
a1,commoncrawl,modernbert_readability,rps_doc_frac_no_alph_words,9640,0.19327751211164648,0.2475196396533147,182
a1,commoncrawl,modernbert_readability,rps_doc_frac_chars_top_2gram,9640,0.2800218580530201,0.08334925375240489,187
a1,commoncrawl,modernbert_readability,rps_doc_frac_chars_top_3gram,9640,0.31043300191464795,0.0933291489355807,184
a1,commoncrawl,modernbert_readability,rps_lines_uppercase_letter_fraction,9640,0.1871926147070723,0.16065755559383432,115
a1,commoncrawl,modernbert_readability,rps_lines_ending_with_terminal_punctution_mark,9640,0.3051423183760302,0.21272576965491882,154
a1,commoncrawl,modernbert_readability,rps_lines_numerical_chars_fraction,9640,0.3375575466239252,0.11280745133684307,93
a1,commoncrawl,modernbert_readability,rps_doc_mean_word_length,9640,0.21753664263209188,0.19179925832024866,200
a1,commoncrawl,modernbert_reasoning,modernbert_professionalism,9636,0.21137441651488328,0.7636184655193521,220
a1,commoncrawl,modernbert_reasoning,dsir_books,9640,0.35057573327405656,-0.46774450841724236,6
a1,commoncrawl,modernbert_reasoning,dsir_wiki,9640,0.35345898098598216,-0.48161744565256487,5
a1,commoncrawl,modernbert_reasoning,dsir_math,9640,0.35957270982363115,-0.47563029909636984,7
a1,commoncrawl,modernbert_reasoning,qurater,9640,0.2234789459326828,0.4420738065112583,211
a1,commoncrawl,modernbert_reasoning,ad_en,9640,0.3540868398397154,-0.05638019177219679,123
a1,commoncrawl,modernbert_reasoning,rps_doc_word_count,9640,0.3583364038883567,-0.5010366080169881,41
a1,commoncrawl,modernbert_reasoning,rps_doc_num_sentences,9640,0.3380756406779764,-0.3109096783141437,39
a1,commoncrawl,modernbert_reasoning,rps_doc_unigram_entropy,9640,0.24015355848003594,0.5011247071050929,222
a1,commoncrawl,modernbert_reasoning,rps_doc_frac_unique_words,9640,0.3602108382948475,-0.432532927614497,8
a1,commoncrawl,modernbert_reasoning,rps_doc_frac_no_alph_words,9640,0.24493631848533376,0.24566768981145778,77
a1,commoncrawl,modernbert_reasoning,rps_doc_frac_chars_top_2gram,9640,0.2147942689007676,0.3689544876049674,193
a1,commoncrawl,modernbert_reasoning,rps_doc_frac_chars_top_3gram,9640,0.1991986577045611,0.40556361629383697,172
a1,commoncrawl,modernbert_reasoning,rps_lines_uppercase_letter_fraction,9640,0.23546140848318473,0.31796763341280176,47
a1,commoncrawl,modernbert_reasoning,rps_lines_ending_with_terminal_punctution_mark,9640,0.23433635825102353,0.2530615810116919,79
a1,commoncrawl,modernbert_reasoning,rps_lines_numerical_chars_fraction,9640,0.286462304094743,0.15774056268070083,84
a1,commoncrawl,modernbert_reasoning,rps_doc_mean_word_length,9640,0.24933379481697443,0.0757978323668125,150
a1,commoncrawl,modernbert_professionalism,dsir_books,9636,0.2830534045223373,-0.5075420449143684,15
a1,commoncrawl,modernbert_professionalism,dsir_wiki,9636,0.28486228224966054,-0.49548441142218796,13
a1,commoncrawl,modernbert_professionalism,dsir_math,9636,0.2832043364393003,-0.48855812953735595,18
a1,commoncrawl,modernbert_professionalism,qurater,9636,0.28731756328721236,0.5311821637050673,192
a1,commoncrawl,modernbert_professionalism,ad_en,9636,0.2772698398759618,-0.01906276429124391,173
a1,commoncrawl,modernbert_professionalism,rps_doc_word_count,9636,0.32700469140474364,-0.47638200919214685,52
a1,commoncrawl,modernbert_professionalism,rps_doc_num_sentences,9636,0.34809853625316634,-0.3103954145500021,48
a1,commoncrawl,modernbert_professionalism,rps_doc_unigram_entropy,9636,0.4024298483692971,0.42958121585572256,141
a1,commoncrawl,modernbert_professionalism,rps_doc_frac_unique_words,9636,0.28747569889962,-0.4232162381531696,34
a1,commoncrawl,modernbert_professionalism,rps_doc_frac_no_alph_words,9636,0.3776425672387638,0.27071559037320314,40
a1,commoncrawl,modernbert_professionalism,rps_doc_frac_chars_top_2gram,9636,0.2881639202187338,0.2579406001860727,151
a1,commoncrawl,modernbert_professionalism,rps_doc_frac_chars_top_3gram,9636,0.2296203797692955,0.26678926595832647,145
a1,commoncrawl,modernbert_professionalism,rps_lines_uppercase_letter_fraction,9636,0.3647613469810164,0.10149371116001474,49
a1,commoncrawl,modernbert_professionalism,rps_lines_ending_with_terminal_punctution_mark,9636,0.278942599262501,-0.008142936558441338,35
a1,commoncrawl,modernbert_professionalism,rps_lines_numerical_chars_fraction,9636,0.32410915593032524,0.030823184849057664,87
a1,commoncrawl,modernbert_professionalism,rps_doc_mean_word_length,9636,0.31747536612910116,0.23799873330832763,90
a1,commoncrawl,dsir_books,dsir_wiki,9640,0.012327613846038461,0.9965400497840101,231
a1,commoncrawl,dsir_books,dsir_math,9640,0.02074325101011535,0.9960601026263266,229
a1,commoncrawl,dsir_books,qurater,9640,0.3702346682544376,-0.08932742391577041,28
a1,commoncrawl,dsir_books,ad_en,9640,0.2502622904701839,0.0807635950311933,96
a1,commoncrawl,dsir_books,rps_doc_word_count,9640,0.14726803763578075,0.9328019602035972,198
a1,commoncrawl,dsir_books,rps_doc_num_sentences,9640,0.24221103379197814,0.7009872705696196,206
a1,commoncrawl,dsir_books,rps_doc_unigram_entropy,9640,0.4713455205989511,-0.8391524814392312,3
a1,commoncrawl,dsir_books,rps_doc_frac_unique_words,9640,0.08352656557488476,0.8467194747756726,226
a1,commoncrawl,dsir_books,rps_doc_frac_no_alph_words,9640,0.39097553223980736,0.0766397026804073,134
a1,commoncrawl,dsir_books,rps_doc_frac_chars_top_2gram,9640,0.35239091006276124,-0.3788730235843201,11
a1,commoncrawl,dsir_books,rps_doc_frac_chars_top_3gram,9640,0.30053098125582195,-0.4318390701908194,45
a1,commoncrawl,dsir_books,rps_lines_uppercase_letter_fraction,9640,0.3778756457705558,-0.09764725293628569,130
a1,commoncrawl,dsir_books,rps_lines_ending_with_terminal_punctution_mark,9640,0.27998135902883514,-0.04347456402985335,114
a1,commoncrawl,dsir_books,rps_lines_numerical_chars_fraction,9640,0.329206557585592,-0.05703608581635904,111
a1,commoncrawl,dsir_books,rps_doc_mean_word_length,9640,0.34032949753544456,0.05678300946473519,69
a1,commoncrawl,dsir_wiki,dsir_math,9640,0.02209915028234227,0.9977227281395065,230
a1,commoncrawl,dsir_wiki,qurater,9640,0.36979973544715466,-0.08153565474045077,27
a1,commoncrawl,dsir_wiki,ad_en,9640,0.2512974953437808,0.08221186521398216,95
a1,commoncrawl,dsir_wiki,rps_doc_word_count,9640,0.14545708609426772,0.9403959282590608,199
a1,commoncrawl,dsir_wiki,rps_doc_num_sentences,9640,0.2412490374443817,0.7085847121933724,208
a1,commoncrawl,dsir_wiki,rps_doc_unigram_entropy,9640,0.47156447944719954,-0.851448118921416,2
a1,commoncrawl,dsir_wiki,rps_doc_frac_unique_words,9640,0.08262736061433763,0.8495536844039127,227
a1,commoncrawl,dsir_wiki,rps_doc_frac_no_alph_words,9640,0.3902073983087657,0.0857040400086361,131
a1,commoncrawl,dsir_wiki,rps_doc_frac_chars_top_2gram,9640,0.3548323496859637,-0.3974873533051622,10
a1,commoncrawl,dsir_wiki,rps_doc_frac_chars_top_3gram,9640,0.30387852280228617,-0.45229897233945593,44
a1,commoncrawl,dsir_wiki,rps_lines_uppercase_letter_fraction,9640,0.3769180012763157,-0.12083278457162053,129
a1,commoncrawl,dsir_wiki,rps_lines_ending_with_terminal_punctution_mark,9640,0.2835226473968759,-0.06912872331654692,109
a1,commoncrawl,dsir_wiki,rps_lines_numerical_chars_fraction,9640,0.33234031795059965,-0.0736183133269396,107
a1,commoncrawl,dsir_wiki,rps_doc_mean_word_length,9640,0.3381195172308196,0.09270035069370072,68
a1,commoncrawl,dsir_math,qurater,9640,0.3802390910749982,-0.08730118232103153,22
a1,commoncrawl,dsir_math,ad_en,9640,0.25103879900853426,0.07048428212162888,97
a1,commoncrawl,dsir_math,rps_doc_word_count,9640,0.16576121496695442,0.9449766535848526,197
a1,commoncrawl,dsir_math,rps_doc_num_sentences,9640,0.25935509806578355,0.7060783032060589,207
a1,commoncrawl,dsir_math,rps_doc_unigram_entropy,9640,0.48737508804906726,-0.8584756212391782,1
a1,commoncrawl,dsir_math,rps_doc_frac_unique_words,9640,0.08377736798364653,0.845621517263235,228
a1,commoncrawl,dsir_math,rps_doc_frac_no_alph_words,9640,0.4088875334584621,0.07440581656237129,121
a1,commoncrawl,dsir_math,rps_doc_frac_chars_top_2gram,9640,0.3639419434814123,-0.40544851160885326,9
a1,commoncrawl,dsir_math,rps_doc_frac_chars_top_3gram,9640,0.3101463187779769,-0.46091133453743127,43
a1,commoncrawl,dsir_math,rps_lines_uppercase_letter_fraction,9640,0.3955096899720196,-0.12340056897225131,124
a1,commoncrawl,dsir_math,rps_lines_ending_with_terminal_punctution_mark,9640,0.2917282112907802,-0.07754122163695074,99
a1,commoncrawl,dsir_math,rps_lines_numerical_chars_fraction,9640,0.33969974916381607,-0.08338137792310416,106
a1,commoncrawl,dsir_math,rps_doc_mean_word_length,9640,0.35483480920250415,0.08377322451722474,65
a1,commoncrawl,qurater,ad_en,9640,0.3850243948229121,-0.006893333148555867,148
a1,commoncrawl,qurater,rps_doc_word_count,9640,0.3466371757269812,-0.10913286720734716,51
a1,commoncrawl,qurater,rps_doc_num_sentences,9640,0.31963222962549676,-0.01845570974428908,55
a1,commoncrawl,qurater,rps_doc_unigram_entropy,9640,0.27302652557998697,0.10378018684295853,191
a1,commoncrawl,qurater,rps_doc_frac_unique_words,9640,0.38038329286711403,-0.08804745449265436,14
a1,commoncrawl,qurater,rps_doc_frac_no_alph_words,9640,0.22263950923441028,0.4357390422132073,153
a1,commoncrawl,qurater,rps_doc_frac_chars_top_2gram,9640,0.2761771340777331,0.1289780053706333,171
a1,commoncrawl,qurater,rps_doc_frac_chars_top_3gram,9640,0.27647614685903904,0.1354716945002331,159
a1,commoncrawl,qurater,rps_lines_uppercase_letter_fraction,9640,0.2464858959747441,0.15340206260157457,102
a1,commoncrawl,qurater,rps_lines_ending_with_terminal_punctution_mark,9640,0.2903020741340369,0.10096504582152376,113
a1,commoncrawl,qurater,rps_lines_numerical_chars_fraction,9640,0.31357362096742725,0.13187479921577783,100
a1,commoncrawl,qurater,rps_doc_mean_word_length,9640,0.24006661910322397,0.2750808095868614,176
a1,commoncrawl,ad_en,rps_doc_word_count,9640,0.2974480312793829,0.051946597690389916,81
a1,commoncrawl,ad_en,rps_doc_num_sentences,9640,0.34764233001073874,-0.045241587194664666,75
a1,commoncrawl,ad_en,rps_doc_unigram_entropy,9640,0.4575640535245166,-0.10787995501359723,56
a1,commoncrawl,ad_en,rps_doc_frac_unique_words,9640,0.2676519018587683,0.03392034393945446,82
a1,commoncrawl,ad_en,rps_doc_frac_no_alph_words,9640,0.4244087048656618,-0.1773121541277351,73
a1,commoncrawl,ad_en,rps_doc_frac_chars_top_2gram,9640,0.34842327842809884,0.0002510869994045788,110
a1,commoncrawl,ad_en,rps_doc_frac_chars_top_3gram,9640,0.3047861825386504,-0.010465730659430279,144
a1,commoncrawl,ad_en,rps_lines_uppercase_letter_fraction,9640,0.3879278340868489,0.02670599547926651,74
a1,commoncrawl,ad_en,rps_lines_ending_with_terminal_punctution_mark,9640,0.30987204850731287,0.03138177485676128,62
a1,commoncrawl,ad_en,rps_lines_numerical_chars_fraction,9640,0.36844622602182225,-0.08361139897262179,88
a1,commoncrawl,ad_en,rps_doc_mean_word_length,9640,0.3825800921017841,-0.1415346162314261,122
a1,commoncrawl,rps_doc_word_count,rps_doc_num_sentences,9640,0.15751032825990577,0.750961863918735,225
a1,commoncrawl,rps_doc_word_count,rps_doc_unigram_entropy,9640,0.41592183407161937,-0.8707126380597543,16
a1,commoncrawl,rps_doc_word_count,rps_doc_frac_unique_words,9640,0.16482009562402247,0.786970334618804,203
a1,commoncrawl,rps_doc_word_count,rps_doc_frac_no_alph_words,9640,0.3239215300720802,0.017920217080426456,117
a1,commoncrawl,rps_doc_word_count,rps_doc_frac_chars_top_2gram,9640,0.3523030088698824,-0.4424273580787857,36
a1,commoncrawl,rps_doc_word_count,rps_doc_frac_chars_top_3gram,9640,0.3261141117490104,-0.520733865614994,37
a1,commoncrawl,rps_doc_word_count,rps_lines_uppercase_letter_fraction,9640,0.3073597578853071,-0.16052029645606314,166
a1,commoncrawl,rps_doc_word_count,rps_lines_ending_with_terminal_punctution_mark,9640,0.29070658519243,-0.1144537500645112,83
a1,commoncrawl,rps_doc_word_count,rps_lines_numerical_chars_fraction,9640,0.3399032320318754,-0.1257178121651646,136
a1,commoncrawl,rps_doc_word_count,rps_doc_mean_word_length,9640,0.28322062137655996,0.0858232783876623,94
a1,commoncrawl,rps_doc_num_sentences,rps_doc_unigram_entropy,9640,0.33751420807437793,-0.6055911702054992,30
a1,commoncrawl,rps_doc_num_sentences,rps_doc_frac_unique_words,9640,0.2517140853161584,0.6033625298707538,205
a1,commoncrawl,rps_doc_num_sentences,rps_doc_frac_no_alph_words,9640,0.27241788216875756,0.1337068089990723,139
a1,commoncrawl,rps_doc_num_sentences,rps_doc_frac_chars_top_2gram,9640,0.32614917494161905,-0.28160624451090666,38
a1,commoncrawl,rps_doc_num_sentences,rps_doc_frac_chars_top_3gram,9640,0.3193173458839524,-0.35928727236200364,42
a1,commoncrawl,rps_doc_num_sentences,rps_lines_uppercase_letter_fraction,9640,0.2646883515406352,-0.07133990283579365,169
a1,commoncrawl,rps_doc_num_sentences,rps_lines_ending_with_terminal_punctution_mark,9640,0.29308112484506377,-0.062226942005304806,98
a1,commoncrawl,rps_doc_num_sentences,rps_lines_numerical_chars_fraction,9640,0.326373143714703,-0.021172688906558414,140
a1,commoncrawl,rps_doc_num_sentences,rps_doc_mean_word_length,9640,0.25392140843920763,0.12522461489901474,112
a1,commoncrawl,rps_doc_unigram_entropy,rps_doc_frac_unique_words,9640,0.4649722192363684,-0.5516264439886405,4
a1,commoncrawl,rps_doc_unigram_entropy,rps_doc_frac_no_alph_words,9640,0.1934328213382267,-0.010831386009997914,89
a1,commoncrawl,rps_doc_unigram_entropy,rps_doc_frac_chars_top_2gram,9640,0.2129219253062438,0.5919261277169297,216
a1,commoncrawl,rps_doc_unigram_entropy,rps_doc_frac_chars_top_3gram,9640,0.2784064054421783,0.6344652187862696,181
a1,commoncrawl,rps_doc_unigram_entropy,rps_lines_uppercase_letter_fraction,9640,0.16061034842087799,0.14994422566391066,64
a1,commoncrawl,rps_doc_unigram_entropy,rps_lines_ending_with_terminal_punctution_mark,9640,0.30925097368051896,0.11611482820313228,78
a1,commoncrawl,rps_doc_unigram_entropy,rps_lines_numerical_chars_fraction,9640,0.3238941740668725,0.15258371043909985,67
a1,commoncrawl,rps_doc_unigram_entropy,rps_doc_mean_word_length,9640,0.22776396844273297,-0.055073395307245136,147
a1,commoncrawl,rps_doc_frac_unique_words,rps_doc_frac_no_alph_words,9640,0.4037283374047129,0.03820858056303375,92
a1,commoncrawl,rps_doc_frac_unique_words,rps_doc_frac_chars_top_2gram,9640,0.34393586232781903,-0.20685342288373498,33
a1,commoncrawl,rps_doc_frac_unique_words,rps_doc_frac_chars_top_3gram,9640,0.29270945506984725,-0.2612067109126093,58
a1,commoncrawl,rps_doc_frac_unique_words,rps_lines_uppercase_letter_fraction,9640,0.3896737501762098,-0.16388763148362306,126
a1,commoncrawl,rps_doc_frac_unique_words,rps_lines_ending_with_terminal_punctution_mark,9640,0.30327759950691163,-0.14025727517087086,72
a1,commoncrawl,rps_doc_frac_unique_words,rps_lines_numerical_chars_fraction,9640,0.3435461101535037,-0.07794464090768816,105
a1,commoncrawl,rps_doc_frac_unique_words,rps_doc_mean_word_length,9640,0.34602525172612086,0.13825282532953964,53
a1,commoncrawl,rps_doc_frac_no_alph_words,rps_doc_frac_chars_top_2gram,9640,0.24986521603388287,0.047365627968349415,127
a1,commoncrawl,rps_doc_frac_no_alph_words,rps_doc_frac_chars_top_3gram,9640,0.26969160392078745,0.06098047918162304,163
a1,commoncrawl,rps_doc_frac_no_alph_words,rps_lines_uppercase_letter_fraction,9640,0.15436342679534343,0.1525573166448786,168
a1,commoncrawl,rps_doc_frac_no_alph_words,rps_lines_ending_with_terminal_punctution_mark,9640,0.27253039064751944,0.11257317208686425,219
a1,commoncrawl,rps_doc_frac_no_alph_words,rps_lines_numerical_chars_fraction,9640,0.27755990216245663,0.41786214723602083,179
a1,commoncrawl,rps_doc_frac_no_alph_words,rps_doc_mean_word_length,9640,0.15902732522172272,0.4804509031548906,201
a1,commoncrawl,rps_doc_frac_chars_top_2gram,rps_doc_frac_chars_top_3gram,9640,0.16345982406129536,0.6362839944551143,223
a1,commoncrawl,rps_doc_frac_chars_top_2gram,rps_lines_uppercase_letter_fraction,9640,0.22159252215627556,0.19906045498849023,76
a1,commoncrawl,rps_doc_frac_chars_top_2gram,rps_lines_ending_with_terminal_punctution_mark,9640,0.24209247741738668,0.19424923388466392,125
a1,commoncrawl,rps_doc_frac_chars_top_2gram,rps_lines_numerical_chars_fraction,9640,0.2861219792184151,0.16534574197888557,116
a1,commoncrawl,rps_doc_frac_chars_top_2gram,rps_doc_mean_word_length,9640,0.25998016615827174,-0.06597006690967089,135
a1,commoncrawl,rps_doc_frac_chars_top_3gram,rps_lines_uppercase_letter_fraction,9640,0.24383564414528053,0.24315803646814108,101
a1,commoncrawl,rps_doc_frac_chars_top_3gram,rps_lines_ending_with_terminal_punctution_mark,9640,0.20748237538884787,0.23023892013097252,167
a1,commoncrawl,rps_doc_frac_chars_top_3gram,rps_lines_numerical_chars_fraction,9640,0.26372009468820234,0.19846823770692887,149
a1,commoncrawl,rps_doc_frac_chars_top_3gram,rps_doc_mean_word_length,9640,0.26318701743499556,-0.10215206019753806,156
a1,commoncrawl,rps_lines_uppercase_letter_fraction,rps_lines_ending_with_terminal_punctution_mark,9640,0.23472717174621427,0.5485395085631388,119
a1,commoncrawl,rps_lines_uppercase_letter_fraction,rps_lines_numerical_chars_fraction,9640,0.2905877764434793,0.21332257829712903,137
a1,commoncrawl,rps_lines_uppercase_letter_fraction,rps_doc_mean_word_length,9640,0.18806003230065202,-0.054107614140507326,128
a1,commoncrawl,rps_lines_ending_with_terminal_punctution_mark,rps_lines_numerical_chars_fraction,9640,0.2522255168211636,0.2916721553096358,146
a1,commoncrawl,rps_lines_ending_with_terminal_punctution_mark,rps_doc_mean_word_length,9640,0.2773436812507668,-0.10986566978418862,175
a1,commoncrawl,rps_lines_numerical_chars_fraction,rps_doc_mean_word_length,9640,0.3030900717295774,0.03483972212617418,120
a1,github,fineweb_edu,fluency_en,10000,0.2499691096048762,0.21837429427619573,185
a1,github,fineweb_edu,modernbert_cleanliness,10000,0.3200872356334414,0.09582525925601476,195
a1,github,fineweb_edu,modernbert_readability,10000,0.26113046654623556,0.2870721119254383,196
a1,github,fineweb_edu,modernbert_reasoning,10000,0.24275446322669542,0.446587517977369,210
a1,github,fineweb_edu,modernbert_professionalism,10000,0.3630421200555068,0.3332152518953188,202
a1,github,fineweb_edu,dsir_books,10000,0.4077252831732832,-0.45332962319477044,25
a1,github,fineweb_edu,dsir_wiki,10000,0.40708603330317267,-0.45366613596057187,23
a1,github,fineweb_edu,dsir_math,10000,0.40491053737399785,-0.4522813623022934,26
a1,github,fineweb_edu,qurater,10000,0.2248261322799225,0.28525920729467225,218
a1,github,fineweb_edu,ad_en,10000,0.2706519126839787,-0.05693773925096996,170
a1,github,fineweb_edu,rps_doc_word_count,10000,0.20832223434947533,0.4597908185888791,70
a1,github,fineweb_edu,rps_doc_num_sentences,10000,0.2566784887178197,0.19641203733810916,66
a1,github,fineweb_edu,rps_doc_unigram_entropy,10000,0.25183270566187793,0.49035091916210666,180
a1,github,fineweb_edu,rps_doc_frac_unique_words,10000,0.4068475795536832,-0.41443513035993607,19
a1,github,fineweb_edu,rps_doc_frac_no_alph_words,10000,0.3339020366781243,-0.23565108631411089,104
a1,github,fineweb_edu,rps_doc_frac_chars_top_2gram,10000,0.3575388471065488,-0.15514024320335595,160
a1,github,fineweb_edu,rps_doc_frac_chars_top_3gram,10000,0.35300040195895704,-0.26460044767800484,155
a1,github,fineweb_edu,rps_lines_uppercase_letter_fraction,10000,0.223065139516927,0.18226426537577692,80
a1,github,fineweb_edu,rps_lines_ending_with_terminal_punctution_mark,10000,0.32799476363043256,-0.07607706721651836,71
a1,github,fineweb_edu,rps_lines_numerical_chars_fraction,10000,0.267785235338674,0.18119329548236904,103
a1,github,fineweb_edu,rps_doc_mean_word_length,10000,0.37215240672280836,0.2187039955601455,164
a1,github,fluency_en,modernbert_cleanliness,10000,0.190739924472401,0.2459083099129473,213
a1,github,fluency_en,modernbert_readability,10000,0.19310459804974106,0.20423986954105294,215
a1,github,fluency_en,modernbert_reasoning,10000,0.24817543355645857,0.26209067275568637,157
a1,github,fluency_en,modernbert_professionalism,10000,0.5080886921592138,0.22304447173364292,118
a1,github,fluency_en,dsir_books,10000,0.36284134466190193,-0.09314816561295393,63
a1,github,fluency_en,dsir_wiki,10000,0.3636772941730411,-0.09360964346514257,60
a1,github,fluency_en,dsir_math,10000,0.36809582950154346,-0.08602575613209947,59
a1,github,fluency_en,qurater,10000,0.20680575198578555,0.3114654859089045,212
a1,github,fluency_en,ad_en,10000,0.2740323452468874,0.37345102765169985,178
a1,github,fluency_en,rps_doc_word_count,10000,0.25211300427542555,0.22399843363968722,86
a1,github,fluency_en,rps_doc_num_sentences,10000,0.27628285943617964,0.06663441169875749,85
a1,github,fluency_en,rps_doc_unigram_entropy,10000,0.24226798327922153,0.09279604231018479,143
a1,github,fluency_en,rps_doc_frac_unique_words,10000,0.4107201503069435,-0.21725499084399397,46
a1,github,fluency_en,rps_doc_frac_no_alph_words,10000,0.20887048717187184,-0.07501355889816007,189
a1,github,fluency_en,rps_doc_frac_chars_top_2gram,10000,0.3758001628560819,-0.12826947572521555,142
a1,github,fluency_en,rps_doc_frac_chars_top_3gram,10000,0.3511916624601416,-0.13669515870480656,158
a1,github,fluency_en,rps_lines_uppercase_letter_fraction,10000,0.24464773571186596,0.028647153012407254,174
a1,github,fluency_en,rps_lines_ending_with_terminal_punctution_mark,10000,0.20738903365294353,-0.067436423259119,162
a1,github,fluency_en,rps_lines_numerical_chars_fraction,10000,0.3237807252517822,0.057257244958821785,132
a1,github,fluency_en,rps_doc_mean_word_length,10000,0.25095305611595886,0.10335412221000508,188
a1,github,modernbert_cleanliness,modernbert_readability,10000,0.14185287296869337,0.6231244744030788,224
a1,github,modernbert_cleanliness,modernbert_reasoning,10000,0.2511304232103843,0.2820285103495133,214
a1,github,modernbert_cleanliness,modernbert_professionalism,10000,0.6208085566619076,0.008759552178874402,161
a1,github,modernbert_cleanliness,dsir_books,10000,0.3868771774240763,0.2241731385465275,32
a1,github,modernbert_cleanliness,dsir_wiki,10000,0.38898502306724886,0.22332165753829675,31
a1,github,modernbert_cleanliness,dsir_math,10000,0.39989212970350196,0.2236891185133665,29
a1,github,modernbert_cleanliness,qurater,10000,0.2383412893977501,0.6172056073532195,217
a1,github,modernbert_cleanliness,ad_en,10000,0.38864871577344223,0.12700413737888294,152
a1,github,modernbert_cleanliness,rps_doc_word_count,10000,0.32030354228496205,0.06329934126571632,57
a1,github,modernbert_cleanliness,rps_doc_num_sentences,10000,0.3260148062053201,0.1800494065493552,61
a1,github,modernbert_cleanliness,rps_doc_unigram_entropy,10000,0.237752177944397,-0.022766817606980398,204
a1,github,modernbert_cleanliness,rps_doc_frac_unique_words,10000,0.4553561851461548,0.06012328558028593,20
a1,github,modernbert_cleanliness,rps_doc_frac_no_alph_words,10000,0.17480827594724074,0.22308308407397215,165
a1,github,modernbert_cleanliness,rps_doc_frac_chars_top_2gram,10000,0.41669579310746485,-0.01661477369432525,186
a1,github,modernbert_cleanliness,rps_doc_frac_chars_top_3gram,10000,0.3884924632420289,0.036315095225113544,183
a1,github,modernbert_cleanliness,rps_lines_uppercase_letter_fraction,10000,0.3290894298332066,-0.29185835479302663,91
a1,github,modernbert_cleanliness,rps_lines_ending_with_terminal_punctution_mark,10000,0.14544593525255967,0.32770573031641065,177
a1,github,modernbert_cleanliness,rps_lines_numerical_chars_fraction,10000,0.4210452400211964,-0.057682581995852876,108
a1,github,modernbert_cleanliness,rps_doc_mean_word_length,10000,0.15991455638260935,0.30772170615419214,190
a1,github,modernbert_readability,modernbert_reasoning,10000,0.25723454652153466,0.28440802089687184,194
a1,github,modernbert_readability,modernbert_professionalism,10000,0.54201601737706,0.11830059266253412,133
a1,github,modernbert_readability,dsir_books,10000,0.3663869046040619,-0.061464050341687795,21
a1,github,modernbert_readability,dsir_wiki,10000,0.3678039816207576,-0.06292500575946826,24
a1,github,modernbert_readability,dsir_math,10000,0.3752476965679351,-0.06281599869203867,17
a1,github,modernbert_readability,qurater,10000,0.1920353268634525,0.5665063262949833,221
a1,github,modernbert_readability,ad_en,10000,0.3434644260979339,-0.003243722721748224,138
a1,github,modernbert_readability,rps_doc_word_count,10000,0.268422304653025,0.2805846228098405,50
a1,github,modernbert_readability,rps_doc_num_sentences,10000,0.2771798042921671,0.23573801171852402,54
a1,github,modernbert_readability,rps_doc_unigram_entropy,10000,0.22689734709185685,0.20242141561422744,209
a1,github,modernbert_readability,rps_doc_frac_unique_words,10000,0.4283743243045632,-0.20758719121933883,12
a1,github,modernbert_readability,rps_doc_frac_no_alph_words,10000,0.19016212818462624,0.13126671835859835,182
a1,github,modernbert_readability,rps_doc_frac_chars_top_2gram,10000,0.3864890650919737,-0.1460776278832868,187
a1,github,modernbert_readability,rps_doc_frac_chars_top_3gram,10000,0.3652004432594819,-0.15280540576292992,184
a1,github,modernbert_readability,rps_lines_uppercase_letter_fraction,10000,0.2893114825514069,-0.15495849610705031,115
a1,github,modernbert_readability,rps_lines_ending_with_terminal_punctution_mark,10000,0.17228214305908876,0.22038819966621156,154
a1,github,modernbert_readability,rps_lines_numerical_chars_fraction,10000,0.36718880791080466,-0.006322215607616344,93
a1,github,modernbert_readability,rps_doc_mean_word_length,10000,0.20970365744339498,0.35811059971912934,200
a1,github,modernbert_reasoning,modernbert_professionalism,10000,0.4443657002998616,0.5720857151791259,220
a1,github,modernbert_reasoning,dsir_books,10000,0.4760526986500645,-0.5499774683401483,6
a1,github,modernbert_reasoning,dsir_wiki,10000,0.476452180840423,-0.550148550937819,5
a1,github,modernbert_reasoning,dsir_math,10000,0.4785579375942349,-0.5455827389452935,7
a1,github,modernbert_reasoning,qurater,10000,0.2167846816131419,0.5003258668959926,211
a1,github,modernbert_reasoning,ad_en,10000,0.34012198246590986,-0.06358239180869014,123
a1,github,modernbert_reasoning,rps_doc_word_count,10000,0.26986827553049914,0.3801012052333541,41
a1,github,modernbert_reasoning,rps_doc_num_sentences,10000,0.33919240527761774,-0.0326820556389214,39
a1,github,modernbert_reasoning,rps_doc_unigram_entropy,10000,0.18331481049687273,0.6413751904908457,222
a1,github,modernbert_reasoning,rps_doc_frac_unique_words,10000,0.49345433543141215,-0.5206936358501942,8
a1,github,modernbert_reasoning,rps_doc_frac_no_alph_words,10000,0.32133530205676275,-0.20497347166523663,77
a1,github,modernbert_reasoning,rps_doc_frac_chars_top_2gram,10000,0.3532918012110156,0.007303098848005568,193
a1,github,modernbert_reasoning,rps_doc_frac_chars_top_3gram,10000,0.3699320960622978,-0.1658582815509988,172
a1,github,modernbert_reasoning,rps_lines_uppercase_letter_fraction,10000,0.28174856416408334,0.11279315670233704,47
a1,github,modernbert_reasoning,rps_lines_ending_with_terminal_punctution_mark,10000,0.30000526618212037,-0.06215041883476209,79
a1,github,modernbert_reasoning,rps_lines_numerical_chars_fraction,10000,0.3348903597971807,0.18098862405756572,84
a1,github,modernbert_reasoning,rps_doc_mean_word_length,10000,0.2970038675108531,0.24334089430037786,150
a1,github,modernbert_professionalism,dsir_books,10000,0.459261465474582,-0.7695690158414645,15
a1,github,modernbert_professionalism,dsir_wiki,10000,0.45703496345373495,-0.7685450211387933,13
a1,github,modernbert_professionalism,dsir_math,10000,0.4470072654746194,-0.7643769856311778,18
a1,github,modernbert_professionalism,qurater,10000,0.4199557124533061,0.2625995687492958,192
a1,github,modernbert_professionalism,ad_en,10000,0.3305970254287307,-0.12398770368588907,173
a1,github,modernbert_professionalism,rps_doc_word_count,10000,0.36885928883451496,0.4918469681856074,52
a1,github,modernbert_professionalism,rps_doc_num_sentences,10000,0.38463417243900294,-0.18757786761952897,48
a1,github,modernbert_professionalism,rps_doc_unigram_entropy,10000,0.492400525648399,0.6886746044684595,141
a1,github,modernbert_professionalism,rps_doc_frac_unique_words,10000,0.4109272012286824,-0.6752654178480583,34
a1,github,modernbert_professionalism,rps_doc_frac_no_alph_words,10000,0.571606060332192,-0.16026385747020014,40
a1,github,modernbert_professionalism,rps_doc_frac_chars_top_2gram,10000,0.40170514608946994,-0.06833922685665327,151
a1,github,modernbert_professionalism,rps_doc_frac_chars_top_3gram,10000,0.3824782289203148,-0.24978091183509063,145
a1,github,modernbert_professionalism,rps_lines_uppercase_letter_fraction,10000,0.3881779031411947,0.1987395213142582,49
a1,github,modernbert_professionalism,rps_lines_ending_with_terminal_punctution_mark,10000,0.5984503694823512,-0.24522835376468546,35
a1,github,modernbert_professionalism,rps_lines_numerical_chars_fraction,10000,0.28826184546989975,0.24872625095776735,87
a1,github,modernbert_professionalism,rps_doc_mean_word_length,10000,0.681722009619851,-0.1910171418603655,90
a1,github,dsir_books,dsir_wiki,10000,0.0037491273741141634,0.9999294462509909,231
a1,github,dsir_books,dsir_math,10000,0.017710309409330202,0.9995951001841944,229
a1,github,dsir_books,qurater,10000,0.34580283838911735,-0.055055001072827035,28
a1,github,dsir_books,ad_en,10000,0.27068537066624265,0.29620765097108065,96
a1,github,dsir_books,rps_doc_word_count,10000,0.4715875682766571,-0.6097934011325895,198
a1,github,dsir_books,rps_doc_num_sentences,10000,0.3028768175755779,0.16402041957813415,206
a1,github,dsir_books,rps_doc_unigram_entropy,10000,0.5149008786194063,-0.8865440132937884,3
a1,github,dsir_books,rps_doc_frac_unique_words,10000,0.15881721195358892,0.8161924338011545,226
a1,github,dsir_books,rps_doc_frac_no_alph_words,10000,0.31609592651690754,0.3273221126549727,134
a1,github,dsir_books,rps_doc_frac_chars_top_2gram,10000,0.35095018802626254,0.10165326997271597,11
a1,github,dsir_books,rps_doc_frac_chars_top_3gram,10000,0.28570957800853714,0.34602262564228115,45
a1,github,dsir_books,rps_lines_uppercase_letter_fraction,10000,0.37501908037316045,-0.3888708169266494,130
a1,github,dsir_books,rps_lines_ending_with_terminal_punctution_mark,10000,0.3313155826982096,0.33799036157950313,114
a1,github,dsir_books,rps_lines_numerical_chars_fraction,10000,0.37012639794829977,-0.2699279573480862,111
a1,github,dsir_books,rps_doc_mean_word_length,10000,0.4194088544918325,0.04283237331748837,69
a1,github,dsir_wiki,dsir_math,10000,0.015019072697462707,0.9995769027957359,230
a1,github,dsir_wiki,qurater,10000,0.34600833334314396,-0.05548762644366181,27
a1,github,dsir_wiki,ad_en,10000,0.2701493873846959,0.2967959165437254,95
a1,github,dsir_wiki,rps_doc_word_count,10000,0.4710396657392899,-0.6099102739119127,199
a1,github,dsir_wiki,rps_doc_num_sentences,10000,0.30159923253992127,0.16395057235424815,208
a1,github,dsir_wiki,rps_doc_unigram_entropy,10000,0.5156931200225909,-0.8871552258653218,2
a1,github,dsir_wiki,rps_doc_frac_unique_words,10000,0.1576508628919313,0.8166386218538284,227
a1,github,dsir_wiki,rps_doc_frac_no_alph_words,10000,0.31778859604548326,0.32751717559478566,131
a1,github,dsir_wiki,rps_doc_frac_chars_top_2gram,10000,0.3507525910250282,0.10133311260295201,10
a1,github,dsir_wiki,rps_doc_frac_chars_top_3gram,10000,0.2856519753896247,0.34591757119267197,44
a1,github,dsir_wiki,rps_lines_uppercase_letter_fraction,10000,0.3748949671937313,-0.3900364264922385,129
a1,github,dsir_wiki,rps_lines_ending_with_terminal_punctution_mark,10000,0.3333447581650857,0.3381944911106378,109
a1,github,dsir_wiki,rps_lines_numerical_chars_fraction,10000,0.3693040630246228,-0.2701456974946826,107
a1,github,dsir_wiki,rps_doc_mean_word_length,10000,0.421871734632583,0.04081977873361619,68
a1,github,dsir_math,qurater,10000,0.34800282280891204,-0.054848699704100785,22
a1,github,dsir_math,ad_en,10000,0.2682027712186617,0.30223291276582065,97
a1,github,dsir_math,rps_doc_word_count,10000,0.468798231899692,-0.6103136858468629,197
a1,github,dsir_math,rps_doc_num_sentences,10000,0.29656274643666614,0.16287076970173328,207
a1,github,dsir_math,rps_doc_unigram_entropy,10000,0.5210157638292862,-0.8874496482150169,1
a1,github,dsir_math,rps_doc_frac_unique_words,10000,0.15354045285163465,0.8153067679291504,228
a1,github,dsir_math,rps_doc_frac_no_alph_words,10000,0.32874298745285674,0.3195327906507682,121
a1,github,dsir_math,rps_doc_frac_chars_top_2gram,10000,0.3507075815052694,0.10146263601221368,9
a1,github,dsir_math,rps_doc_frac_chars_top_3gram,10000,0.2868395816558412,0.3462547574903134,43
a1,github,dsir_math,rps_lines_uppercase_letter_fraction,10000,0.3747202830957873,-0.38669423705450207,124
a1,github,dsir_math,rps_lines_ending_with_terminal_punctution_mark,10000,0.34500505442980184,0.33264081694587583,99
a1,github,dsir_math,rps_lines_numerical_chars_fraction,10000,0.3663204336878307,-0.27063383022035103,106
a1,github,dsir_math,rps_doc_mean_word_length,10000,0.4331081604713244,0.04220553665656795,65
a1,github,qurater,ad_en,10000,0.26471045909009533,0.08283220778964881,148
a1,github,qurater,rps_doc_word_count,10000,0.2548932100087987,0.18098896264086395,51
a1,github,qurater,rps_doc_num_sentences,10000,0.2689688230957415,0.08051875790415192,55
a1,github,qurater,rps_doc_unigram_entropy,10000,0.2705169557370782,0.17866087921250934,191
a1,github,qurater,rps_doc_frac_unique_words,10000,0.3850678287477356,-0.16676511282964265,14
a1,github,qurater,rps_doc_frac_no_alph_words,10000,0.25314460222411916,0.11905770968982818,153
a1,github,qurater,rps_doc_frac_chars_top_2gram,10000,0.3457914541768423,-0.020996469749346294,171
a1,github,qurater,rps_doc_frac_chars_top_3gram,10000,0.32580032502973644,-0.06430046068266992,159
a1,github,qurater,rps_lines_uppercase_letter_fraction,10000,0.26098859886017006,-0.17005047916654478,102
a1,github,qurater,rps_lines_ending_with_terminal_punctution_mark,10000,0.25568477926401495,0.19450483792191373,113
a1,github,qurater,rps_lines_numerical_chars_fraction,10000,0.2830092976418,0.024311113216417952,100
a1,github,qurater,rps_doc_mean_word_length,10000,0.31281442680575294,0.22727260058162493,176
a1,github,ad_en,rps_doc_word_count,10000,0.3115997300551523,-0.19804494286377247,81
a1,github,ad_en,rps_doc_num_sentences,10000,0.28215700148040523,0.0068839629215996625,75
a1,github,ad_en,rps_doc_unigram_entropy,10000,0.37305540661642517,-0.29964684288470506,56
a1,github,ad_en,rps_doc_frac_unique_words,10000,0.2973282501109317,0.17078166170187994,82
a1,github,ad_en,rps_doc_frac_no_alph_words,10000,0.3381002660618556,-0.02148622075839298,73
a1,github,ad_en,rps_doc_frac_chars_top_2gram,10000,0.3270634534154366,0.0009808235427368364,110
a1,github,ad_en,rps_doc_frac_chars_top_3gram,10000,0.28181217733856645,0.0864271807039963,144
a1,github,ad_en,rps_lines_uppercase_letter_fraction,10000,0.2565189950502835,-0.0823007032532685,74
a1,github,ad_en,rps_lines_ending_with_terminal_punctution_mark,10000,0.3575962593034884,-0.012461538436727248,62
a1,github,ad_en,rps_lines_numerical_chars_fraction,10000,0.26386805314086886,-0.1124151680578294,88
a1,github,ad_en,rps_doc_mean_word_length,10000,0.4336558176296784,0.06513534174333227,122
a1,github,rps_doc_word_count,rps_doc_num_sentences,10000,0.2652058262281153,0.26071145262801404,225
a1,github,rps_doc_word_count,rps_doc_unigram_entropy,10000,0.2632258105765011,0.6224572517163649,16
a1,github,rps_doc_word_count,rps_doc_frac_unique_words,10000,0.4448680243369292,-0.5155707862037551,203
a1,github,rps_doc_word_count,rps_doc_frac_no_alph_words,10000,0.3320029897481879,-0.2242503585568673,117
a1,github,rps_doc_word_count,rps_doc_frac_chars_top_2gram,10000,0.3771758016071561,-0.24479199071893057,36
a1,github,rps_doc_word_count,rps_doc_frac_chars_top_3gram,10000,0.40419831992300836,-0.4360323774653462,37
a1,github,rps_doc_word_count,rps_lines_uppercase_letter_fraction,10000,0.23632384472599707,0.21957817499802668,166
a1,github,rps_doc_word_count,rps_lines_ending_with_terminal_punctution_mark,10000,0.33314739322024683,-0.17008856204129488,83
a1,github,rps_doc_word_count,rps_lines_numerical_chars_fraction,10000,0.2878356291870669,0.2106393242924722,136
a1,github,rps_doc_word_count,rps_doc_mean_word_length,10000,0.38132517245524816,0.07574065431018427,94
a1,github,rps_doc_num_sentences,rps_doc_unigram_entropy,10000,0.3643022431108457,-0.09608985880773084,30
a1,github,rps_doc_num_sentences,rps_doc_frac_unique_words,10000,0.3148038223173007,0.13479846882445512,205
a1,github,rps_doc_num_sentences,rps_doc_frac_no_alph_words,10000,0.30631875822281707,-0.02581568387495998,139
a1,github,rps_doc_num_sentences,rps_doc_frac_chars_top_2gram,10000,0.3887314179968268,-0.18975412136965916,38
a1,github,rps_doc_num_sentences,rps_doc_frac_chars_top_3gram,10000,0.3502445447789441,-0.13658055196807642,42
a1,github,rps_doc_num_sentences,rps_lines_uppercase_letter_fraction,10000,0.27113494562621443,-0.030560016418266268,169
a1,github,rps_doc_num_sentences,rps_lines_ending_with_terminal_punctution_mark,10000,0.3059675411511212,0.09799681302984274,98
a1,github,rps_doc_num_sentences,rps_lines_numerical_chars_fraction,10000,0.2986862275292279,0.012953565113839332,140
a1,github,rps_doc_num_sentences,rps_doc_mean_word_length,10000,0.3828082093141397,0.07004534793074083,112
a1,github,rps_doc_unigram_entropy,rps_doc_frac_unique_words,10000,0.5061286693017853,-0.6459396835964764,4
a1,github,rps_doc_unigram_entropy,rps_doc_frac_no_alph_words,10000,0.277631626191841,-0.24250241984032525,89
a1,github,rps_doc_unigram_entropy,rps_doc_frac_chars_top_2gram,10000,0.31667145667649665,0.022910032964075993,216
a1,github,rps_doc_unigram_entropy,rps_doc_frac_chars_top_3gram,10000,0.3398657585833934,-0.2137081925775704,181
a1,github,rps_doc_unigram_entropy,rps_lines_uppercase_letter_fraction,10000,0.2588561733926095,0.2811671821651873,64
a1,github,rps_doc_unigram_entropy,rps_lines_ending_with_terminal_punctution_mark,10000,0.2654765975447262,-0.19209636665011354,78
a1,github,rps_doc_unigram_entropy,rps_lines_numerical_chars_fraction,10000,0.3529712934435684,0.25721420046746163,67
a1,github,rps_doc_unigram_entropy,rps_doc_mean_word_length,10000,0.2740515215897045,0.1504887763298125,147
a1,github,rps_doc_frac_unique_words,rps_doc_frac_no_alph_words,10000,0.3752387137572525,0.266018322806935,92
a1,github,rps_doc_frac_unique_words,rps_doc_frac_chars_top_2gram,10000,0.3103059213535805,0.30357709065770583,33
a1,github,rps_doc_frac_unique_words,rps_doc_frac_chars_top_3gram,10000,0.26228008862101454,0.4964512817952828,58
a1,github,rps_doc_frac_unique_words,rps_lines_uppercase_letter_fraction,10000,0.3725440058377519,-0.29165154711034663,126
a1,github,rps_doc_frac_unique_words,rps_lines_ending_with_terminal_punctution_mark,10000,0.3961074217294681,0.25899899778445745,72
a1,github,rps_doc_frac_unique_words,rps_lines_numerical_chars_fraction,10000,0.35406196346308144,-0.2064454356750324,105
a1,github,rps_doc_frac_unique_words,rps_doc_mean_word_length,10000,0.4982430595073325,-0.16079949295880733,53
a1,github,rps_doc_frac_no_alph_words,rps_doc_frac_chars_top_2gram,10000,0.36709319545311647,0.13732375578142847,127
a1,github,rps_doc_frac_no_alph_words,rps_doc_frac_chars_top_3gram,10000,0.33280291820578367,0.18948543932000544,163
a1,github,rps_doc_frac_no_alph_words,rps_lines_uppercase_letter_fraction,10000,0.31997154527350513,-0.4163933753518674,168
a1,github,rps_doc_frac_no_alph_words,rps_lines_ending_with_terminal_punctution_mark,10000,0.14075502889769276,0.35176750968280895,219
a1,github,rps_doc_frac_no_alph_words,rps_lines_numerical_chars_fraction,10000,0.3703726685255782,-0.06693361603506794,179
a1,github,rps_doc_frac_no_alph_words,rps_doc_mean_word_length,10000,0.2309724843531128,-0.1943500633070458,201
a1,github,rps_doc_frac_chars_top_2gram,rps_doc_frac_chars_top_3gram,10000,0.21938710846729756,0.5536739297656035,223
a1,github,rps_doc_frac_chars_top_2gram,rps_lines_uppercase_letter_fraction,10000,0.33526608616785597,-0.08674803998735346,76
a1,github,rps_doc_frac_chars_top_2gram,rps_lines_ending_with_terminal_punctution_mark,10000,0.3845315838232807,0.09367521696341205,125
a1,github,rps_doc_frac_chars_top_2gram,rps_lines_numerical_chars_fraction,10000,0.34299304092289634,-0.0491989250600439,116
a1,github,rps_doc_frac_chars_top_2gram,rps_doc_mean_word_length,10000,0.4540206117385327,-0.06010516120427573,135
a1,github,rps_doc_frac_chars_top_3gram,rps_lines_uppercase_letter_fraction,10000,0.31979161878746043,-0.1585669914712312,101
a1,github,rps_doc_frac_chars_top_3gram,rps_lines_ending_with_terminal_punctution_mark,10000,0.3497520090661074,0.14442099403055395,167
a1,github,rps_doc_frac_chars_top_3gram,rps_lines_numerical_chars_fraction,10000,0.31851135895594684,-0.09616804913839384,149
a1,github,rps_doc_frac_chars_top_3gram,rps_doc_mean_word_length,10000,0.4282055224497626,-0.06906357451921974,156
a1,github,rps_lines_uppercase_letter_fraction,rps_lines_ending_with_terminal_punctution_mark,10000,0.34361528233386296,-0.7392884843816698,119
a1,github,rps_lines_uppercase_letter_fraction,rps_lines_numerical_chars_fraction,10000,0.254055689482566,0.10937236960781382,137
a1,github,rps_lines_uppercase_letter_fraction,rps_doc_mean_word_length,10000,0.385222214336871,-0.039385261388597693,128
a1,github,rps_lines_ending_with_terminal_punctution_mark,rps_lines_numerical_chars_fraction,10000,0.3922948161429998,-0.09794508065080527,146
a1,github,rps_lines_ending_with_terminal_punctution_mark,rps_doc_mean_word_length,10000,0.18126046123357759,0.18768917417340925,175
a1,github,rps_lines_numerical_chars_fraction,rps_doc_mean_word_length,10000,0.4813434527309395,-0.03616067735838573,120
a1,stackexchange,fineweb_edu,fluency_en,10000,0.26748311986109685,0.20745349587218437,185
a1,stackexchange,fineweb_edu,modernbert_cleanliness,10000,0.20732709229268603,0.21809068304286566,195
a1,stackexchange,fineweb_edu,modernbert_readability,10000,0.28500542303319043,0.24331095348292872,196
a1,stackexchange,fineweb_edu,modernbert_reasoning,10000,0.19511519189138923,0.3391170104234122,210
a1,stackexchange,fineweb_edu,modernbert_professionalism,10000,0.2076547477378202,0.07185686508196584,202
a1,stackexchange,fineweb_edu,dsir_books,10000,0.31661848192969294,-0.1333206493479696,25
a1,stackexchange,fineweb_edu,dsir_wiki,10000,0.3182148541829983,-0.1337797396743757,23
a1,stackexchange,fineweb_edu,dsir_math,10000,0.30362956209136127,-0.11611208862706629,26
a1,stackexchange,fineweb_edu,qurater,10000,0.25374017365869145,0.27823003347754155,218
a1,stackexchange,fineweb_edu,ad_en,10000,0.23124300098882222,0.16237406128447956,170
a1,stackexchange,fineweb_edu,rps_doc_word_count,10000,0.2275291045309928,0.12789165781087308,70
a1,stackexchange,fineweb_edu,rps_doc_num_sentences,10000,0.24146279205898113,0.1453242851453961,66
a1,stackexchange,fineweb_edu,rps_doc_unigram_entropy,10000,0.2715013854156207,0.1040471635523995,180
a1,stackexchange,fineweb_edu,rps_doc_frac_unique_words,10000,0.3266572628290591,-0.24374791887849365,19
a1,stackexchange,fineweb_edu,rps_doc_frac_no_alph_words,10000,0.3797178338199522,-0.12739403039852315,104
a1,stackexchange,fineweb_edu,rps_doc_frac_chars_top_2gram,10000,0.30334737573706394,0.05608643722548731,160
a1,stackexchange,fineweb_edu,rps_doc_frac_chars_top_3gram,10000,0.34702072585271854,0.003924092867460729,155
a1,stackexchange,fineweb_edu,rps_lines_uppercase_letter_fraction,10000,0.36041330231839186,-0.010282385400282505,80
a1,stackexchange,fineweb_edu,rps_lines_ending_with_terminal_punctution_mark,10000,0.3338863009862324,-0.006727886351255611,71
a1,stackexchange,fineweb_edu,rps_lines_numerical_chars_fraction,10000,0.3376942834947082,-0.11321059002796792,103
a1,stackexchange,fineweb_edu,rps_doc_mean_word_length,10000,0.30327376185239374,0.10147282793321649,164
a1,stackexchange,fluency_en,modernbert_cleanliness,10000,0.19640678812634657,0.380602525975742,213
a1,stackexchange,fluency_en,modernbert_readability,10000,0.1993107779308527,0.33016983179724646,215
a1,stackexchange,fluency_en,modernbert_reasoning,10000,0.32002921209558705,0.11624519400048307,157
a1,stackexchange,fluency_en,modernbert_professionalism,10000,0.27517305923774815,-0.03464460230464983,118
a1,stackexchange,fluency_en,dsir_books,10000,0.22623970504010646,0.184048717744552,63
a1,stackexchange,fluency_en,dsir_wiki,10000,0.2255897616363912,0.17637766344403102,60
a1,stackexchange,fluency_en,dsir_math,10000,0.22379381648772387,0.1847406995864136,59
a1,stackexchange,fluency_en,qurater,10000,0.18249075024899836,0.5147047329593252,212
a1,stackexchange,fluency_en,ad_en,10000,0.2338989789338857,0.4227783624894713,178
a1,stackexchange,fluency_en,rps_doc_word_count,10000,0.28708320021575856,0.015773012254572685,86
a1,stackexchange,fluency_en,rps_doc_num_sentences,10000,0.26787004360511835,0.05220611101872682,85
a1,stackexchange,fluency_en,rps_doc_unigram_entropy,10000,0.23679095542085915,-0.05803476535191805,143
a1,stackexchange,fluency_en,rps_doc_frac_unique_words,10000,0.2659469349049845,-0.09943613584854885,46
a1,stackexchange,fluency_en,rps_doc_frac_no_alph_words,10000,0.2296099124320873,0.27422874752835186,189
a1,stackexchange,fluency_en,rps_doc_frac_chars_top_2gram,10000,0.26744826242373393,-0.028168576651527374,142
a1,stackexchange,fluency_en,rps_doc_frac_chars_top_3gram,10000,0.26579354081931744,0.0030271122003666406,158
a1,stackexchange,fluency_en,rps_lines_uppercase_letter_fraction,10000,0.2672679928076828,-0.12541191206782912,174
a1,stackexchange,fluency_en,rps_lines_ending_with_terminal_punctution_mark,10000,0.21815199686679743,0.2943325913349972,162
a1,stackexchange,fluency_en,rps_lines_numerical_chars_fraction,10000,0.2803005715931951,0.04521365838663178,132
a1,stackexchange,fluency_en,rps_doc_mean_word_length,10000,0.2541427387220646,0.11784694297621975,188
a1,stackexchange,modernbert_cleanliness,modernbert_readability,10000,0.19459438976017804,0.7494646697911779,224
a1,stackexchange,modernbert_cleanliness,modernbert_reasoning,10000,0.18524133475894386,0.5181459034326567,214
a1,stackexchange,modernbert_cleanliness,modernbert_professionalism,10000,0.14817409763338157,0.3967365912893589,161
a1,stackexchange,modernbert_cleanliness,dsir_books,10000,0.2654529162045533,-0.18692041746982602,32
a1,stackexchange,modernbert_cleanliness,dsir_wiki,10000,0.2658868111660857,-0.18826213532333627,31
a1,stackexchange,modernbert_cleanliness,dsir_math,10000,0.2536025055867783,-0.16947303386007423,29
a1,stackexchange,modernbert_cleanliness,qurater,10000,0.1777261843845903,0.5762707516005819,217
a1,stackexchange,modernbert_cleanliness,ad_en,10000,0.19925873092962207,0.19896569518002427,152
a1,stackexchange,modernbert_cleanliness,rps_doc_word_count,10000,0.20212227814373993,0.13830579727739745,57
a1,stackexchange,modernbert_cleanliness,rps_doc_num_sentences,10000,0.2157319863553832,0.08721819878792829,61
a1,stackexchange,modernbert_cleanliness,rps_doc_unigram_entropy,10000,0.213052536179645,0.20051167174109338,204
a1,stackexchange,modernbert_cleanliness,rps_doc_frac_unique_words,10000,0.2703241034918908,-0.2652950189285283,20
a1,stackexchange,modernbert_cleanliness,rps_doc_frac_no_alph_words,10000,0.3086257635697947,-0.03695878775785662,165
a1,stackexchange,modernbert_cleanliness,rps_doc_frac_chars_top_2gram,10000,0.2577156689963568,0.08998149593489205,186
a1,stackexchange,modernbert_cleanliness,rps_doc_frac_chars_top_3gram,10000,0.2959114822431068,0.03388495144207534,183
a1,stackexchange,modernbert_cleanliness,rps_lines_uppercase_letter_fraction,10000,0.3061247989775708,0.04253187259668345,91
a1,stackexchange,modernbert_cleanliness,rps_lines_ending_with_terminal_punctution_mark,10000,0.27253519958825634,0.026797601871178633,177
a1,stackexchange,modernbert_cleanliness,rps_lines_numerical_chars_fraction,10000,0.28352659824833276,-0.08993976099785696,108
a1,stackexchange,modernbert_cleanliness,rps_doc_mean_word_length,10000,0.2575969014618951,0.10041851407166574,190
a1,stackexchange,modernbert_readability,modernbert_reasoning,10000,0.34933054534537294,0.5958794223667943,194
a1,stackexchange,modernbert_readability,modernbert_professionalism,10000,0.2905998539711703,0.4758693395346934,133
a1,stackexchange,modernbert_readability,dsir_books,10000,0.3069994792223975,-0.4006258119342581,21
a1,stackexchange,modernbert_readability,dsir_wiki,10000,0.3042342647082926,-0.40038940567989406,24
a1,stackexchange,modernbert_readability,dsir_math,10000,0.30149837009063507,-0.38389464565094644,17
a1,stackexchange,modernbert_readability,qurater,10000,0.18962606695483297,0.5512784822024679,221
a1,stackexchange,modernbert_readability,ad_en,10000,0.2908273909705721,0.10537298597054735,138
a1,stackexchange,modernbert_readability,rps_doc_word_count,10000,0.3112261939203926,0.14716488487191298,50
a1,stackexchange,modernbert_readability,rps_doc_num_sentences,10000,0.2938939423602209,0.038025920297084355,54
a1,stackexchange,modernbert_readability,rps_doc_unigram_entropy,10000,0.1838149467101717,0.335576551348102,209
a1,stackexchange,modernbert_readability,rps_doc_frac_unique_words,10000,0.3007074002591925,-0.3894388022206793,12
a1,stackexchange,modernbert_readability,rps_doc_frac_no_alph_words,10000,0.2673382270669957,-0.14885801641657828,182
a1,stackexchange,modernbert_readability,rps_doc_frac_chars_top_2gram,10000,0.2412546955784528,0.13155351016844216,187
a1,stackexchange,modernbert_readability,rps_doc_frac_chars_top_3gram,10000,0.2444274875076865,0.030676316494238846,184
a1,stackexchange,modernbert_readability,rps_lines_uppercase_letter_fraction,10000,0.21856942700765158,0.10963966327311814,115
a1,stackexchange,modernbert_readability,rps_lines_ending_with_terminal_punctution_mark,10000,0.27588425549853507,-0.12207636338820257,154
a1,stackexchange,modernbert_readability,rps_lines_numerical_chars_fraction,10000,0.314523832347974,-0.11846269781730998,93
a1,stackexchange,modernbert_readability,rps_doc_mean_word_length,10000,0.2661698939327411,0.06928368739232074,200
a1,stackexchange,modernbert_reasoning,modernbert_professionalism,10000,0.09801445729347591,0.719553509623535,220
a1,stackexchange,modernbert_reasoning,dsir_books,10000,0.3589674960336551,-0.6598758771107588,6
a1,stackexchange,modernbert_reasoning,dsir_wiki,10000,0.36223382138273796,-0.6637762300577622,5
a1,stackexchange,modernbert_reasoning,dsir_math,10000,0.34270418002769354,-0.6427544836515449,7
a1,stackexchange,modernbert_reasoning,qurater,10000,0.2772689425914546,0.457751825861025,211
a1,stackexchange,modernbert_reasoning,ad_en,10000,0.22731795726598192,-0.05275662990134336,123
a1,stackexchange,modernbert_reasoning,rps_doc_word_count,10000,0.16993542438083095,0.20966789930142068,41
a1,stackexchange,modernbert_reasoning,rps_doc_num_sentences,10000,0.22976606454387383,0.056623713027558996,39
a1,stackexchange,modernbert_reasoning,rps_doc_unigram_entropy,10000,0.3064687979296531,0.6495520786369536,222
a1,stackexchange,modernbert_reasoning,rps_doc_frac_unique_words,10000,0.35822497696439526,-0.6192974828736058,8
a1,stackexchange,modernbert_reasoning,rps_doc_frac_no_alph_words,10000,0.4456992005745002,-0.2403165574257521,77
a1,stackexchange,modernbert_reasoning,rps_doc_frac_chars_top_2gram,10000,0.3307870212836025,0.3173520261349487,193
a1,stackexchange,modernbert_reasoning,rps_doc_frac_chars_top_3gram,10000,0.4142369426802383,0.16381658472236554,172
a1,stackexchange,modernbert_reasoning,rps_lines_uppercase_letter_fraction,10000,0.4490667522747358,0.16607529187771403,47
a1,stackexchange,modernbert_reasoning,rps_lines_ending_with_terminal_punctution_mark,10000,0.3863576273649124,-0.2021439353964971,79
a1,stackexchange,modernbert_reasoning,rps_lines_numerical_chars_fraction,10000,0.3456261635027802,-0.04736568100611453,84
a1,stackexchange,modernbert_reasoning,rps_doc_mean_word_length,10000,0.3333579470568565,0.09301328793633865,150
a1,stackexchange,modernbert_professionalism,dsir_books,10000,0.32445033657217465,-0.72412900478929,15
a1,stackexchange,modernbert_professionalism,dsir_wiki,10000,0.3256924351606516,-0.7185850555898505,13
a1,stackexchange,modernbert_professionalism,dsir_math,10000,0.3087977208801818,-0.6947676769796768,18
a1,stackexchange,modernbert_professionalism,qurater,10000,0.24079066203780866,0.27275038208592683,192
a1,stackexchange,modernbert_professionalism,ad_en,10000,0.2106555601245758,-0.0542195705856723,173
a1,stackexchange,modernbert_professionalism,rps_doc_word_count,10000,0.18221697270849654,0.0833707308240418,52
a1,stackexchange,modernbert_professionalism,rps_doc_num_sentences,10000,0.2284368834561149,-0.13546828501016556,48
a1,stackexchange,modernbert_professionalism,rps_doc_unigram_entropy,10000,0.24276715108105823,0.5834205107937183,141
a1,stackexchange,modernbert_professionalism,rps_doc_frac_unique_words,10000,0.30605052388749543,-0.42803503748671173,34
a1,stackexchange,modernbert_professionalism,rps_doc_frac_no_alph_words,10000,0.39139507114397065,-0.38244090348950016,40
a1,stackexchange,modernbert_professionalism,rps_doc_frac_chars_top_2gram,10000,0.27834969382351954,0.3057774958277141,151
a1,stackexchange,modernbert_professionalism,rps_doc_frac_chars_top_3gram,10000,0.35384602806399246,0.13923282001348436,145
a1,stackexchange,modernbert_professionalism,rps_lines_uppercase_letter_fraction,10000,0.378598060906849,0.33642973957742506,49
a1,stackexchange,modernbert_professionalism,rps_lines_ending_with_terminal_punctution_mark,10000,0.35266436756006886,-0.42308243100248394,35
a1,stackexchange,modernbert_professionalism,rps_lines_numerical_chars_fraction,10000,0.3048437863316193,-0.053929441669587096,87
a1,stackexchange,modernbert_professionalism,rps_doc_mean_word_length,10000,0.29432329157688353,-0.11748973145977305,90
a1,stackexchange,dsir_books,dsir_wiki,10000,0.008448226769895735,0.9992806913488069,231
a1,stackexchange,dsir_books,dsir_math,10000,0.020649514466759847,0.9952949480929494,229
a1,stackexchange,dsir_books,qurater,10000,0.27022895895399485,0.024893591454862658,28
a1,stackexchange,dsir_books,ad_en,10000,0.25197356454323533,0.2229260586901206,96
a1,stackexchange,dsir_books,rps_doc_word_count,10000,0.33203453900018765,-0.19824070753602732,198
a1,stackexchange,dsir_books,rps_doc_num_sentences,10000,0.2665682894674093,0.13686712501391354,206
a1,stackexchange,dsir_books,rps_doc_unigram_entropy,10000,0.33477754922199227,-0.7779473043121653,3
a1,stackexchange,dsir_books,rps_doc_frac_unique_words,10000,0.14863187955573456,0.6583069961233002,226
a1,stackexchange,dsir_books,rps_doc_frac_no_alph_words,10000,0.20850657776781287,0.5258900758522992,134
a1,stackexchange,dsir_books,rps_doc_frac_chars_top_2gram,10000,0.3276225678174301,-0.35958246541869016,11
a1,stackexchange,dsir_books,rps_doc_frac_chars_top_3gram,10000,0.29015691492659484,-0.14696630068727523,45
a1,stackexchange,dsir_books,rps_lines_uppercase_letter_fraction,10000,0.3170450832697575,-0.43927024051099717,130
a1,stackexchange,dsir_books,rps_lines_ending_with_terminal_punctution_mark,10000,0.17822614658530475,0.5770663870134147,114
a1,stackexchange,dsir_books,rps_lines_numerical_chars_fraction,10000,0.2801721371512185,0.09676435738894842,111
a1,stackexchange,dsir_books,rps_doc_mean_word_length,10000,0.2569166366238467,0.17057616071624496,69
a1,stackexchange,dsir_wiki,dsir_math,10000,0.025006173628530946,0.9963239179952391,230
a1,stackexchange,dsir_wiki,qurater,10000,0.27017475926622014,0.02074709665474951,27
a1,stackexchange,dsir_wiki,ad_en,10000,0.2541904135553404,0.2220992474424711,95
a1,stackexchange,dsir_wiki,rps_doc_word_count,10000,0.33526706452505506,-0.19859174636911414,199
a1,stackexchange,dsir_wiki,rps_doc_num_sentences,10000,0.269330707898908,0.13438748757206223,208
a1,stackexchange,dsir_wiki,rps_doc_unigram_entropy,10000,0.33312164539469175,-0.7878868147850511,2
a1,stackexchange,dsir_wiki,rps_doc_frac_unique_words,10000,0.14446011878328432,0.6681036044916674,227
a1,stackexchange,dsir_wiki,rps_doc_frac_no_alph_words,10000,0.2064479335772019,0.5115438393000004,131
a1,stackexchange,dsir_wiki,rps_doc_frac_chars_top_2gram,10000,0.3261951360128279,-0.36470056021397074,10
a1,stackexchange,dsir_wiki,rps_doc_frac_chars_top_3gram,10000,0.28790162270130826,-0.15333401561749516,44
a1,stackexchange,dsir_wiki,rps_lines_uppercase_letter_fraction,10000,0.3118526998904046,-0.4337740945009511,129
a1,stackexchange,dsir_wiki,rps_lines_ending_with_terminal_punctution_mark,10000,0.1786540438092608,0.5648263330103351,109
a1,stackexchange,dsir_wiki,rps_lines_numerical_chars_fraction,10000,0.2797283023046322,0.09164515769911291,107
a1,stackexchange,dsir_wiki,rps_doc_mean_word_length,10000,0.2561808739796711,0.16696064969088423,68
a1,stackexchange,dsir_math,qurater,10000,0.26320221638170854,0.04532837993968709,22
a1,stackexchange,dsir_math,ad_en,10000,0.23958097584687235,0.2408317258333505,97
a1,stackexchange,dsir_math,rps_doc_word_count,10000,0.31905709617295663,-0.20464967437512846,197
a1,stackexchange,dsir_math,rps_doc_num_sentences,10000,0.2546444592034482,0.13084624466993525,207
a1,stackexchange,dsir_math,rps_doc_unigram_entropy,10000,0.3315295119702857,-0.7998570767165495,1
a1,stackexchange,dsir_math,rps_doc_frac_unique_words,10000,0.14578560498978282,0.6722995924039297,228
a1,stackexchange,dsir_math,rps_doc_frac_no_alph_words,10000,0.22170197509596065,0.48728505933515914,121
a1,stackexchange,dsir_math,rps_doc_frac_chars_top_2gram,10000,0.3251349940993754,-0.36934771333221367,9
a1,stackexchange,dsir_math,rps_doc_frac_chars_top_3gram,10000,0.29205577742578015,-0.15815403245721363,43
a1,stackexchange,dsir_math,rps_lines_uppercase_letter_fraction,10000,0.31791599586989827,-0.42410238938355743,124
a1,stackexchange,dsir_math,rps_lines_ending_with_terminal_punctution_mark,10000,0.1840615671749456,0.5596101603213418,99
a1,stackexchange,dsir_math,rps_lines_numerical_chars_fraction,10000,0.28173636033415317,0.07816263198486542,106
a1,stackexchange,dsir_math,rps_doc_mean_word_length,10000,0.2549217943941233,0.1661689183640603,65
a1,stackexchange,qurater,ad_en,10000,0.25724386892882495,0.2183160046732351,148
a1,stackexchange,qurater,rps_doc_word_count,10000,0.2841179766832127,0.06398309645029057,51
a1,stackexchange,qurater,rps_doc_num_sentences,10000,0.2634703737146624,0.13727812219800833,55
a1,stackexchange,qurater,rps_doc_unigram_entropy,10000,0.24497883934003872,0.0778058810755352,191
a1,stackexchange,qurater,rps_doc_frac_unique_words,10000,0.3041915908738451,-0.19139974967311096,14
a1,stackexchange,qurater,rps_doc_frac_no_alph_words,10000,0.2646269442129008,0.193314195996289,153
a1,stackexchange,qurater,rps_doc_frac_chars_top_2gram,10000,0.27799018963670424,0.047030320540576265,171
a1,stackexchange,qurater,rps_doc_frac_chars_top_3gram,10000,0.2900283040027515,0.04398574031690828,159
a1,stackexchange,qurater,rps_lines_uppercase_letter_fraction,10000,0.30559751516702527,-0.1190536287979887,102
a1,stackexchange,qurater,rps_lines_ending_with_terminal_punctution_mark,10000,0.24740957976667602,0.2611538240455254,113
a1,stackexchange,qurater,rps_lines_numerical_chars_fraction,10000,0.3105931563906297,-0.0287852173752019,100
a1,stackexchange,qurater,rps_doc_mean_word_length,10000,0.2599581385451564,0.19512776802112416,176
a1,stackexchange,ad_en,rps_doc_word_count,10000,0.2504320525516011,-0.10980874877498578,81
a1,stackexchange,ad_en,rps_doc_num_sentences,10000,0.25551341430125135,-0.02168073124061568,75
a1,stackexchange,ad_en,rps_doc_unigram_entropy,10000,0.29888065931748786,-0.20889582608590485,56
a1,stackexchange,ad_en,rps_doc_frac_unique_words,10000,0.28157174754190323,0.07116120042440105,82
a1,stackexchange,ad_en,rps_doc_frac_no_alph_words,10000,0.3530825103570794,0.06019869208302266,73
a1,stackexchange,ad_en,rps_doc_frac_chars_top_2gram,10000,0.3203860062762589,-0.10999110750567416,110
a1,stackexchange,ad_en,rps_doc_frac_chars_top_3gram,10000,0.34333913229509755,-0.045883973043339014,144
a1,stackexchange,ad_en,rps_lines_uppercase_letter_fraction,10000,0.36379942363853596,-0.07233307587811166,74
a1,stackexchange,ad_en,rps_lines_ending_with_terminal_punctution_mark,10000,0.297730208599224,0.14227818767264588,62
a1,stackexchange,ad_en,rps_lines_numerical_chars_fraction,10000,0.3348833954592581,-0.12755326918722326,88
a1,stackexchange,ad_en,rps_doc_mean_word_length,10000,0.3015872912494458,0.0794162134443022,122
a1,stackexchange,rps_doc_word_count,rps_doc_num_sentences,10000,0.1871627226036441,0.40868109038540634,225
a1,stackexchange,rps_doc_word_count,rps_doc_unigram_entropy,10000,0.2923377302551629,0.2367456788436085,16
a1,stackexchange,rps_doc_word_count,rps_doc_frac_unique_words,10000,0.329728692463702,-0.15441403152146116,203
a1,stackexchange,rps_doc_word_count,rps_doc_frac_no_alph_words,10000,0.3781411243390916,-0.0479209123489733,117
a1,stackexchange,rps_doc_word_count,rps_doc_frac_chars_top_2gram,10000,0.3063497922717307,0.12838687664890347,36
a1,stackexchange,rps_doc_word_count,rps_doc_frac_chars_top_3gram,10000,0.37674679393398647,-0.01210479660846237,37
a1,stackexchange,rps_doc_word_count,rps_lines_uppercase_letter_fraction,10000,0.37335275325665845,0.11551131014909,166
a1,stackexchange,rps_doc_word_count,rps_lines_ending_with_terminal_punctution_mark,10000,0.3409302780367292,-0.11086219462275375,83
a1,stackexchange,rps_doc_word_count,rps_lines_numerical_chars_fraction,10000,0.3162546505729157,0.04989393801762424,136
a1,stackexchange,rps_doc_word_count,rps_doc_mean_word_length,10000,0.3069293869917866,0.029437704812434438,94
a1,stackexchange,rps_doc_num_sentences,rps_doc_unigram_entropy,10000,0.2866247378346798,-0.033132051718542714,30
a1,stackexchange,rps_doc_num_sentences,rps_doc_frac_unique_words,10000,0.27934151514336486,0.024504496752558756,205
a1,stackexchange,rps_doc_num_sentences,rps_doc_frac_no_alph_words,10000,0.329941534602497,0.0932829029784255,139
a1,stackexchange,rps_doc_num_sentences,rps_doc_frac_chars_top_2gram,10000,0.30411155552343955,0.0066439433999872614,38
a1,stackexchange,rps_doc_num_sentences,rps_doc_frac_chars_top_3gram,10000,0.33765136377602645,-0.010365901755993199,42
a1,stackexchange,rps_doc_num_sentences,rps_lines_uppercase_letter_fraction,10000,0.3444834068948112,-0.05017668104795128,169
a1,stackexchange,rps_doc_num_sentences,rps_lines_ending_with_terminal_punctution_mark,10000,0.2930094058034629,0.11662099037843304,98
a1,stackexchange,rps_doc_num_sentences,rps_lines_numerical_chars_fraction,10000,0.30362488243416164,0.0558743545367406,140
a1,stackexchange,rps_doc_num_sentences,rps_doc_mean_word_length,10000,0.26708850456328975,0.2108053861881361,112
a1,stackexchange,rps_doc_unigram_entropy,rps_doc_frac_unique_words,10000,0.3000408662518999,-0.5066771991239009,4
a1,stackexchange,rps_doc_unigram_entropy,rps_doc_frac_no_alph_words,10000,0.27115556795380763,-0.18152116471850252,89
a1,stackexchange,rps_doc_unigram_entropy,rps_doc_frac_chars_top_2gram,10000,0.1695914344628391,0.5203662911359923,216
a1,stackexchange,rps_doc_unigram_entropy,rps_doc_frac_chars_top_3gram,10000,0.20225814175255452,0.34735120382480855,181
a1,stackexchange,rps_doc_unigram_entropy,rps_lines_uppercase_letter_fraction,10000,0.20674943699087653,0.26778317356036585,64
a1,stackexchange,rps_doc_unigram_entropy,rps_lines_ending_with_terminal_punctution_mark,10000,0.2870035539767409,-0.2866235946756628,78
a1,stackexchange,rps_doc_unigram_entropy,rps_lines_numerical_chars_fraction,10000,0.2846524813674163,0.01414500472754799,67
a1,stackexchange,rps_doc_unigram_entropy,rps_doc_mean_word_length,10000,0.25926162297054045,-0.006780205428603594,147
a1,stackexchange,rps_doc_frac_unique_words,rps_doc_frac_no_alph_words,10000,0.2539746202096849,0.1408657538425487,92
a1,stackexchange,rps_doc_frac_unique_words,rps_doc_frac_chars_top_2gram,10000,0.29026784576066766,-0.13558689301902846,33
a1,stackexchange,rps_doc_frac_unique_words,rps_doc_frac_chars_top_3gram,10000,0.2604208738232426,0.01610014456596032,58
a1,stackexchange,rps_doc_frac_unique_words,rps_lines_uppercase_letter_fraction,10000,0.27917628737176786,-0.16026540758794092,126
a1,stackexchange,rps_doc_frac_unique_words,rps_lines_ending_with_terminal_punctution_mark,10000,0.24668469575862131,0.1737672380748144,72
a1,stackexchange,rps_doc_frac_unique_words,rps_lines_numerical_chars_fraction,10000,0.2864484936562411,0.05203465644939295,105
a1,stackexchange,rps_doc_frac_unique_words,rps_doc_mean_word_length,10000,0.281959560869457,-0.012506843331948266,53
a1,stackexchange,rps_doc_frac_no_alph_words,rps_doc_frac_chars_top_2gram,10000,0.2903829278317239,-0.0963176634522511,127
a1,stackexchange,rps_doc_frac_no_alph_words,rps_doc_frac_chars_top_3gram,10000,0.24654960555071428,0.03846962171871374,163
a1,stackexchange,rps_doc_frac_no_alph_words,rps_lines_uppercase_letter_fraction,10000,0.269477753742178,-0.4548917561410797,168
a1,stackexchange,rps_doc_frac_no_alph_words,rps_lines_ending_with_terminal_punctution_mark,10000,0.15947268292320926,0.692154368238828,219
a1,stackexchange,rps_doc_frac_no_alph_words,rps_lines_numerical_chars_fraction,10000,0.2582373661358098,0.27803793501697127,179
a1,stackexchange,rps_doc_frac_no_alph_words,rps_doc_mean_word_length,10000,0.2659501790823395,0.16188612655883883,201
a1,stackexchange,rps_doc_frac_chars_top_2gram,rps_doc_frac_chars_top_3gram,10000,0.1962083544757089,0.48904768860319264,223
a1,stackexchange,rps_doc_frac_chars_top_2gram,rps_lines_uppercase_letter_fraction,10000,0.2476031842917217,0.15507626040860342,76
a1,stackexchange,rps_doc_frac_chars_top_2gram,rps_lines_ending_with_terminal_punctution_mark,10000,0.30661332375753864,-0.17013934310099693,125
a1,stackexchange,rps_doc_frac_chars_top_2gram,rps_lines_numerical_chars_fraction,10000,0.30421885791273406,0.03919600523034238,116
a1,stackexchange,rps_doc_frac_chars_top_2gram,rps_doc_mean_word_length,10000,0.29689811967597973,-0.051547045068470555,135
a1,stackexchange,rps_doc_frac_chars_top_3gram,rps_lines_uppercase_letter_fraction,10000,0.22652951248240866,0.029732974578049343,101
a1,stackexchange,rps_doc_frac_chars_top_3gram,rps_lines_ending_with_terminal_punctution_mark,10000,0.2716568394727218,-0.0076165954930984305,167
a1,stackexchange,rps_doc_frac_chars_top_3gram,rps_lines_numerical_chars_fraction,10000,0.3050070166940506,0.0528352952200456,149
a1,stackexchange,rps_doc_frac_chars_top_3gram,rps_doc_mean_word_length,10000,0.29081642321757406,0.008404798521914333,156
a1,stackexchange,rps_lines_uppercase_letter_fraction,rps_lines_ending_with_terminal_punctution_mark,10000,0.31854933003639596,-0.6297854579023726,119
a1,stackexchange,rps_lines_uppercase_letter_fraction,rps_lines_numerical_chars_fraction,10000,0.3238823569766577,-0.08283078251925656,137
a1,stackexchange,rps_lines_uppercase_letter_fraction,rps_doc_mean_word_length,10000,0.29968247378965895,-0.10453473240304798,128
a1,stackexchange,rps_lines_ending_with_terminal_punctution_mark,rps_lines_numerical_chars_fraction,10000,0.28519731708070994,0.13961780528296097,146
a1,stackexchange,rps_lines_ending_with_terminal_punctution_mark,rps_doc_mean_word_length,10000,0.2709131007424545,0.1676749275596555,175
a1,stackexchange,rps_lines_numerical_chars_fraction,rps_doc_mean_word_length,10000,0.31185876174917704,-0.010651056960956794,120
a1,wikipedia,fineweb_edu,fluency_en,10000,0.24299310449647452,0.4327188496911407,185
a1,wikipedia,fineweb_edu,modernbert_cleanliness,10000,0.24572432774358555,0.41601170680019467,195
a1,wikipedia,fineweb_edu,modernbert_readability,10000,0.2170713517349725,0.5751140840893041,196
a1,wikipedia,fineweb_edu,modernbert_reasoning,9987,0.2340967423992444,0.4603182901494739,210
a1,wikipedia,fineweb_edu,modernbert_professionalism,9999,0.24211618148888525,0.43064995128526495,202
a1,wikipedia,fineweb_edu,dsir_books,10000,0.4276730794312185,-0.41279499492261545,25
a1,wikipedia,fineweb_edu,dsir_wiki,10000,0.4280065114690266,-0.4130732074755112,23
a1,wikipedia,fineweb_edu,dsir_math,10000,0.4297305780476728,-0.4211062945630289,26
a1,wikipedia,fineweb_edu,qurater,10000,0.17806414268650364,0.6719362511646677,218
a1,wikipedia,fineweb_edu,ad_en,10000,0.3124073422269228,0.19968419793156647,170
a1,wikipedia,fineweb_edu,rps_doc_word_count,10000,0.2755847541312714,0.276395814652293,70
a1,wikipedia,fineweb_edu,rps_doc_num_sentences,10000,0.2721778154793134,0.2902488245576291,66
a1,wikipedia,fineweb_edu,rps_doc_unigram_entropy,10000,0.26271637140905335,0.3981412528439829,180
a1,wikipedia,fineweb_edu,rps_doc_frac_unique_words,10000,0.42249786623943847,-0.4141000626070279,19
a1,wikipedia,fineweb_edu,rps_doc_frac_no_alph_words,10000,0.28204960796676243,0.2551388539264287,104
a1,wikipedia,fineweb_edu,rps_doc_frac_chars_top_2gram,10000,0.30503889859217725,0.18845398522837267,160
a1,wikipedia,fineweb_edu,rps_doc_frac_chars_top_3gram,10000,0.3396321266197895,-0.05307985544247658,155
a1,wikipedia,fineweb_edu,rps_lines_uppercase_letter_fraction,10000,0.3402586585816001,-0.03324564416800415,80
a1,wikipedia,fineweb_edu,rps_lines_ending_with_terminal_punctution_mark,10000,0.27272678252641297,0.18014442514148798,71
a1,wikipedia,fineweb_edu,rps_lines_numerical_chars_fraction,10000,0.3411617896058232,0.06300819937135843,103
a1,wikipedia,fineweb_edu,rps_doc_mean_word_length,10000,0.3011144397715937,0.21118293805370472,164
a1,wikipedia,fluency_en,modernbert_cleanliness,10000,0.2758199916608077,0.13990752234728374,213
a1,wikipedia,fluency_en,modernbert_readability,10000,0.22084880893339,0.5230414833054174,215
a1,wikipedia,fluency_en,modernbert_reasoning,9987,0.28655129766458953,-0.03651311503881152,157
a1,wikipedia,fluency_en,modernbert_professionalism,9999,0.27868794676400527,-0.03330997620058907,118
a1,wikipedia,fluency_en,dsir_books,10000,0.3786798256815884,-0.006548767463884857,63
a1,wikipedia,fluency_en,dsir_wiki,10000,0.37775154873701977,0.004912791022005683,60
a1,wikipedia,fluency_en,dsir_math,10000,0.3800382976220285,-0.016678223125154983,59
a1,wikipedia,fluency_en,qurater,10000,0.2129770936085617,0.47066448116324855,212
a1,wikipedia,fluency_en,ad_en,10000,0.261368697164736,0.5306596581712786,178
a1,wikipedia,fluency_en,rps_doc_word_count,10000,0.3167834598674368,-0.03523204409861717,86
a1,wikipedia,fluency_en,rps_doc_num_sentences,10000,0.3072999157137091,-0.02268897095285824,85
a1,wikipedia,fluency_en,rps_doc_unigram_entropy,10000,0.33455713778799107,-0.010498037345949373,143
a1,wikipedia,fluency_en,rps_doc_frac_unique_words,10000,0.404575130699199,-0.26132264651409604,46
a1,wikipedia,fluency_en,rps_doc_frac_no_alph_words,10000,0.2218990428650352,0.4937586877034194,189
a1,wikipedia,fluency_en,rps_doc_frac_chars_top_2gram,10000,0.34960684742221904,-0.0667813688846766,142
a1,wikipedia,fluency_en,rps_doc_frac_chars_top_3gram,10000,0.3461037214399417,-0.06645383115533011,158
a1,wikipedia,fluency_en,rps_lines_uppercase_letter_fraction,10000,0.3129578888013431,-0.0016325636669843114,174
a1,wikipedia,fluency_en,rps_lines_ending_with_terminal_punctution_mark,10000,0.28602186968423937,-0.018005495107169492,162
a1,wikipedia,fluency_en,rps_lines_numerical_chars_fraction,10000,0.33065320715308744,0.0025381151441705545,132
a1,wikipedia,fluency_en,rps_doc_mean_word_length,10000,0.28636164857739665,0.25531798554194224,188
a1,wikipedia,modernbert_cleanliness,modernbert_readability,10000,0.19979717169540073,0.47353506441817617,224
a1,wikipedia,modernbert_cleanliness,modernbert_reasoning,9987,0.1850350487892199,0.6670684957095577,214
a1,wikipedia,modernbert_cleanliness,modernbert_professionalism,9999,0.21513415112223447,0.5362772144243918,161
a1,wikipedia,modernbert_cleanliness,dsir_books,10000,0.442805007969778,-0.6965909550478797,32
a1,wikipedia,modernbert_cleanliness,dsir_wiki,10000,0.4419448837043368,-0.6944746288317912,31
a1,wikipedia,modernbert_cleanliness,dsir_math,10000,0.4438122702135075,-0.6998803138290871,29
a1,wikipedia,modernbert_cleanliness,qurater,10000,0.21168195101284445,0.5060758915012256,217
a1,wikipedia,modernbert_cleanliness,ad_en,10000,0.3449128260467114,-0.17514240158676964,152
a1,wikipedia,modernbert_cleanliness,rps_doc_word_count,10000,0.24415237734904904,0.23428446929666533,57
a1,wikipedia,modernbert_cleanliness,rps_doc_num_sentences,10000,0.2007535538531493,0.4205177892866279,61
a1,wikipedia,modernbert_cleanliness,rps_doc_unigram_entropy,10000,0.16882092610059612,0.7299692581893544,204
a1,wikipedia,modernbert_cleanliness,rps_doc_frac_unique_words,10000,0.3926326360688942,-0.5054007414595748,20
a1,wikipedia,modernbert_cleanliness,rps_doc_frac_no_alph_words,10000,0.287966303693343,0.05510873315159011,165
a1,wikipedia,modernbert_cleanliness,rps_doc_frac_chars_top_2gram,10000,0.25036070926317205,0.40041828682001773,186
a1,wikipedia,modernbert_cleanliness,rps_doc_frac_chars_top_3gram,10000,0.27853727538535383,0.12694954864359828,183
a1,wikipedia,modernbert_cleanliness,rps_lines_uppercase_letter_fraction,10000,0.3597607613674638,-0.1577022465387725,91
a1,wikipedia,modernbert_cleanliness,rps_lines_ending_with_terminal_punctution_mark,10000,0.18922404880805038,0.4400526282884534,177
a1,wikipedia,modernbert_cleanliness,rps_lines_numerical_chars_fraction,10000,0.3193073116468052,0.056945646229313814,108
a1,wikipedia,modernbert_cleanliness,rps_doc_mean_word_length,10000,0.2638100567753751,0.18453377985658778,190
a1,wikipedia,modernbert_readability,modernbert_reasoning,9987,0.2506769822168407,0.3328910484836503,194
a1,wikipedia,modernbert_readability,modernbert_professionalism,9999,0.28158073933654665,0.18776491361796915,133
a1,wikipedia,modernbert_readability,dsir_books,10000,0.39652071172975595,-0.5365980276094083,21
a1,wikipedia,modernbert_readability,dsir_wiki,10000,0.39386630480555024,-0.5256930012814226,24
a1,wikipedia,modernbert_readability,dsir_math,10000,0.3987323691134848,-0.542656903004015,17
a1,wikipedia,modernbert_readability,qurater,10000,0.19960004438999332,0.6302635969129251,221
a1,wikipedia,modernbert_readability,ad_en,10000,0.27629204244739874,0.17230739262472866,138
a1,wikipedia,modernbert_readability,rps_doc_word_count,10000,0.23292502386734787,0.30000507788949743,50
a1,wikipedia,modernbert_readability,rps_doc_num_sentences,10000,0.2322364299389665,0.312133693687385,54
a1,wikipedia,modernbert_readability,rps_doc_unigram_entropy,10000,0.22317589909757543,0.5146113571370321,209
a1,wikipedia,modernbert_readability,rps_doc_frac_unique_words,10000,0.38871142464744524,-0.5555426973218355,12
a1,wikipedia,modernbert_readability,rps_doc_frac_no_alph_words,10000,0.26051559770821386,0.2877940301918776,182
a1,wikipedia,modernbert_readability,rps_doc_frac_chars_top_2gram,10000,0.2976241767982252,0.21739672250867384,187
a1,wikipedia,modernbert_readability,rps_doc_frac_chars_top_3gram,10000,0.32736134994840393,-0.09236014529559558,184
a1,wikipedia,modernbert_readability,rps_lines_uppercase_letter_fraction,10000,0.3837757112137084,0.09035490611477129,115
a1,wikipedia,modernbert_readability,rps_lines_ending_with_terminal_punctution_mark,10000,0.25475634134345,0.016562849592426498,154
a1,wikipedia,modernbert_readability,rps_lines_numerical_chars_fraction,10000,0.35710616761095465,-0.08575103563600031,93
a1,wikipedia,modernbert_readability,rps_doc_mean_word_length,10000,0.24810414611504858,0.2677535051438573,200
a1,wikipedia,modernbert_reasoning,modernbert_professionalism,9986,0.09631838920694766,0.8061702900936353,220
a1,wikipedia,modernbert_reasoning,dsir_books,9987,0.4364790363737608,-0.7022178250887816,6
a1,wikipedia,modernbert_reasoning,dsir_wiki,9987,0.43907538483021474,-0.7088628790719305,5
a1,wikipedia,modernbert_reasoning,dsir_math,9987,0.4358224326761962,-0.7027094129863226,7
a1,wikipedia,modernbert_reasoning,qurater,9987,0.19089536838168508,0.5463947692068789,211
a1,wikipedia,modernbert_reasoning,ad_en,9987,0.39651201855466317,-0.3878843782855718,123
a1,wikipedia,modernbert_reasoning,rps_doc_word_count,9987,0.25181208490914986,0.33674331431670285,41
a1,wikipedia,modernbert_reasoning,rps_doc_num_sentences,9987,0.228837885421366,0.4574032909999616,39
a1,wikipedia,modernbert_reasoning,rps_doc_unigram_entropy,9987,0.1758652784965896,0.7492876889737282,222
a1,wikipedia,modernbert_reasoning,rps_doc_frac_unique_words,9987,0.40234832690761585,-0.43474409090121674,8
a1,wikipedia,modernbert_reasoning,rps_doc_frac_no_alph_words,9987,0.287580623466627,0.029513721967494935,77
a1,wikipedia,modernbert_reasoning,rps_doc_frac_chars_top_2gram,9987,0.21878777352409515,0.4133840246800896,193
a1,wikipedia,modernbert_reasoning,rps_doc_frac_chars_top_3gram,9987,0.2668815631568861,0.13250558772158555,172
a1,wikipedia,modernbert_reasoning,rps_lines_uppercase_letter_fraction,9987,0.24953396103713388,-0.1804542571349194,47
a1,wikipedia,modernbert_reasoning,rps_lines_ending_with_terminal_punctution_mark,9987,0.21319335274755544,0.40699338216668246,79
a1,wikipedia,modernbert_reasoning,rps_lines_numerical_chars_fraction,9987,0.28447837474095244,0.16865670255326193,84
a1,wikipedia,modernbert_reasoning,rps_doc_mean_word_length,9987,0.31806917887106606,0.09026642634997009,150
a1,wikipedia,modernbert_professionalism,dsir_books,9999,0.42966655009068283,-0.5316744899302341,15
a1,wikipedia,modernbert_professionalism,dsir_wiki,9999,0.4323277182481406,-0.5377060262063483,13
a1,wikipedia,modernbert_professionalism,dsir_math,9999,0.42844676208496235,-0.5295712540195987,18
a1,wikipedia,modernbert_professionalism,qurater,9999,0.1906820656971707,0.5496717787829205,192
a1,wikipedia,modernbert_professionalism,ad_en,9999,0.37410165241774845,-0.20882971917632723,173
a1,wikipedia,modernbert_professionalism,rps_doc_word_count,9999,0.2773156903948203,0.12253189325702628,52
a1,wikipedia,modernbert_professionalism,rps_doc_num_sentences,9999,0.2525843499818211,0.27885877079498983,48
a1,wikipedia,modernbert_professionalism,rps_doc_unigram_entropy,9999,0.21584290841027778,0.5717606761039264,141
a1,wikipedia,modernbert_professionalism,rps_doc_frac_unique_words,9999,0.3942938823387679,-0.2662895181533201,34
a1,wikipedia,modernbert_professionalism,rps_doc_frac_no_alph_words,9999,0.29619221329059375,0.06778387025573056,40
a1,wikipedia,modernbert_professionalism,rps_doc_frac_chars_top_2gram,9999,0.23369031583293182,0.3335213874884591,151
a1,wikipedia,modernbert_professionalism,rps_doc_frac_chars_top_3gram,9999,0.26268326525631136,0.21570606032798215,145
a1,wikipedia,modernbert_professionalism,rps_lines_uppercase_letter_fraction,9999,0.23053400305562813,-0.11999782261678099,49
a1,wikipedia,modernbert_professionalism,rps_lines_ending_with_terminal_punctution_mark,9999,0.22511853611996566,0.3319270981130371,35
a1,wikipedia,modernbert_professionalism,rps_lines_numerical_chars_fraction,9999,0.28210192918456256,0.14594375681957475,87
a1,wikipedia,modernbert_professionalism,rps_doc_mean_word_length,9999,0.3439908119125604,-0.06652890376693256,90
a1,wikipedia,dsir_books,dsir_wiki,10000,0.009561393662745386,0.9994473767144414,231
a1,wikipedia,dsir_books,dsir_math,10000,0.007499713785339522,0.9995064896829436,229
a1,wikipedia,dsir_books,qurater,10000,0.4426556451840487,-0.48597321250018244,28
a1,wikipedia,dsir_books,ad_en,10000,0.26317888550312885,0.29767564677901037,96
a1,wikipedia,dsir_books,rps_doc_word_count,10000,0.3783886964135982,-0.40325941325139325,198
a1,wikipedia,dsir_books,rps_doc_num_sentences,10000,0.4035203127775924,-0.5075363564232995,206
a1,wikipedia,dsir_books,rps_doc_unigram_entropy,10000,0.528003356871593,-0.952414695236386,3
a1,wikipedia,dsir_books,rps_doc_frac_unique_words,10000,0.141456373788416,0.7608224117387331,226
a1,wikipedia,dsir_books,rps_doc_frac_no_alph_words,10000,0.32254616260471636,0.08452212464129102,134
a1,wikipedia,dsir_books,rps_doc_frac_chars_top_2gram,10000,0.43737652701611784,-0.44462340609551837,11
a1,wikipedia,dsir_books,rps_doc_frac_chars_top_3gram,10000,0.348868327132962,0.02085251808609926,45
a1,wikipedia,dsir_books,rps_lines_uppercase_letter_fraction,10000,0.44257643707087757,-0.03744958888604534,130
a1,wikipedia,dsir_books,rps_lines_ending_with_terminal_punctution_mark,10000,0.3184678265291498,-0.20437625743631024,114
a1,wikipedia,dsir_books,rps_lines_numerical_chars_fraction,10000,0.366079500347159,0.055983286537971765,111
a1,wikipedia,dsir_books,rps_doc_mean_word_length,10000,0.34447401864080224,-0.20099976340432865,69
a1,wikipedia,dsir_wiki,dsir_math,10000,0.011579796904850899,0.9992331815685777,230
a1,wikipedia,dsir_wiki,qurater,10000,0.44245237495801737,-0.48149650711988123,27
a1,wikipedia,dsir_wiki,ad_en,10000,0.2606441277098672,0.3074428846899266,95
a1,wikipedia,dsir_wiki,rps_doc_word_count,10000,0.3750568794497047,-0.4040795346976918,199
a1,wikipedia,dsir_wiki,rps_doc_num_sentences,10000,0.4011912293922688,-0.5078195291880585,208
a1,wikipedia,dsir_wiki,rps_doc_unigram_entropy,10000,0.527252578734839,-0.9505327765275147,2
a1,wikipedia,dsir_wiki,rps_doc_frac_unique_words,10000,0.1410924690095651,0.7600024513820033,227
a1,wikipedia,dsir_wiki,rps_doc_frac_no_alph_words,10000,0.32292906346610223,0.0866358099230583,131
a1,wikipedia,dsir_wiki,rps_doc_frac_chars_top_2gram,10000,0.4382856784936928,-0.44546352162958525,10
a1,wikipedia,dsir_wiki,rps_doc_frac_chars_top_3gram,10000,0.3494887960684392,0.020625382500874652,44
a1,wikipedia,dsir_wiki,rps_lines_uppercase_letter_fraction,10000,0.4479329159625812,-0.03307037497008867,129
a1,wikipedia,dsir_wiki,rps_lines_ending_with_terminal_punctution_mark,10000,0.31932761124507925,-0.21089340887288616,109
a1,wikipedia,dsir_wiki,rps_lines_numerical_chars_fraction,10000,0.369115167815318,0.04891214446043209,107
a1,wikipedia,dsir_wiki,rps_doc_mean_word_length,10000,0.3430640295395857,-0.2024469678632359,68
a1,wikipedia,dsir_math,qurater,10000,0.4442710139279582,-0.4933889862981295,22
a1,wikipedia,dsir_math,ad_en,10000,0.2653805350225973,0.2908289988450977,97
a1,wikipedia,dsir_math,rps_doc_word_count,10000,0.3809736369673716,-0.40264871124261514,197
a1,wikipedia,dsir_math,rps_doc_num_sentences,10000,0.40495165308193926,-0.5074095659301812,207
a1,wikipedia,dsir_math,rps_doc_unigram_entropy,10000,0.5284404285512776,-0.9513703321038324,1
a1,wikipedia,dsir_math,rps_doc_frac_unique_words,10000,0.13964581836571355,0.7672516061141943,228
a1,wikipedia,dsir_math,rps_doc_frac_no_alph_words,10000,0.32413995985839816,0.07716345611853545,121
a1,wikipedia,dsir_math,rps_doc_frac_chars_top_2gram,10000,0.437555101840054,-0.4453958719843942,9
a1,wikipedia,dsir_math,rps_doc_frac_chars_top_3gram,10000,0.3487922793631095,0.022034920652120225,43
a1,wikipedia,dsir_math,rps_lines_uppercase_letter_fraction,10000,0.4390500714293599,-0.035279020091032426,124
a1,wikipedia,dsir_math,rps_lines_ending_with_terminal_punctution_mark,10000,0.31939013863897914,-0.20802011970483028,99
a1,wikipedia,dsir_math,rps_lines_numerical_chars_fraction,10000,0.36618094806854334,0.051900826022734006,106
a1,wikipedia,dsir_math,rps_doc_mean_word_length,10000,0.34774674642981707,-0.21062463861511602,65
a1,wikipedia,qurater,ad_en,10000,0.32403721351181214,0.1662719191109787,148
a1,wikipedia,qurater,rps_doc_word_count,10000,0.26801545236598256,0.248898533975588,51
a1,wikipedia,qurater,rps_doc_num_sentences,10000,0.2472789741315047,0.32149722970371253,55
a1,wikipedia,qurater,rps_doc_unigram_entropy,10000,0.22356514260669905,0.5135318264009762,191
a1,wikipedia,qurater,rps_doc_frac_unique_words,10000,0.42468459081183246,-0.436756231831378,14
a1,wikipedia,qurater,rps_doc_frac_no_alph_words,10000,0.2533125389383136,0.3643477886575621,153
a1,wikipedia,qurater,rps_doc_frac_chars_top_2gram,10000,0.2728841565882767,0.2710193189523745,171
a1,wikipedia,qurater,rps_doc_frac_chars_top_3gram,10000,0.3086863739238559,0.04780922935642305,159
a1,wikipedia,qurater,rps_lines_uppercase_letter_fraction,10000,0.310812593697151,-0.011606171181007669,102
a1,wikipedia,qurater,rps_lines_ending_with_terminal_punctution_mark,10000,0.25552632106577733,0.16400526095753631,113
a1,wikipedia,qurater,rps_lines_numerical_chars_fraction,10000,0.3311778934816895,0.027551710086121586,100
a1,wikipedia,qurater,rps_doc_mean_word_length,10000,0.2955072112517054,0.2014325993839546,176
a1,wikipedia,ad_en,rps_doc_word_count,10000,0.3528928621777179,-0.19031317994502728,81
a1,wikipedia,ad_en,rps_doc_num_sentences,10000,0.3588977732060816,-0.22555007288436776,75
a1,wikipedia,ad_en,rps_doc_unigram_entropy,10000,0.41573229222669933,-0.30921168794991455,56
a1,wikipedia,ad_en,rps_doc_frac_unique_words,10000,0.2921370828718146,0.09377214355048107,82
a1,wikipedia,ad_en,rps_doc_frac_no_alph_words,10000,0.294801421284808,0.23081341594267443,73
a1,wikipedia,ad_en,rps_doc_frac_chars_top_2gram,10000,0.39731319452641867,-0.2177658887914082,110
a1,wikipedia,ad_en,rps_doc_frac_chars_top_3gram,10000,0.33615352374494484,-0.016568303924508712,144
a1,wikipedia,ad_en,rps_lines_uppercase_letter_fraction,10000,0.42568682447806094,0.12155420757842124,74
a1,wikipedia,ad_en,rps_lines_ending_with_terminal_punctution_mark,10000,0.3142528337787419,-0.20776732048528462,62
a1,wikipedia,ad_en,rps_lines_numerical_chars_fraction,10000,0.3940841722102515,-0.15707535085918803,88
a1,wikipedia,ad_en,rps_doc_mean_word_length,10000,0.29405394856830425,0.07562262613565167,122
a1,wikipedia,rps_doc_word_count,rps_doc_num_sentences,10000,0.1391415291774909,0.7631177984829399,225
a1,wikipedia,rps_doc_word_count,rps_doc_unigram_entropy,10000,0.26561254943122947,0.41217993269122755,16
a1,wikipedia,rps_doc_word_count,rps_doc_frac_unique_words,10000,0.33460023874422884,-0.2509016593106475,203
a1,wikipedia,rps_doc_word_count,rps_doc_frac_no_alph_words,10000,0.3196912105474979,-0.11877885026209734,117
a1,wikipedia,rps_doc_word_count,rps_doc_frac_chars_top_2gram,10000,0.3151563630668978,0.1311225954502546,36
a1,wikipedia,rps_doc_word_count,rps_doc_frac_chars_top_3gram,10000,0.3693479987448305,-0.283259377735078,37
a1,wikipedia,rps_doc_word_count,rps_lines_uppercase_letter_fraction,10000,0.3442575044664817,0.04537447302035587,166
a1,wikipedia,rps_doc_word_count,rps_lines_ending_with_terminal_punctution_mark,10000,0.25367988246158063,0.027892353837516357,83
a1,wikipedia,rps_doc_word_count,rps_lines_numerical_chars_fraction,10000,0.34307081842686676,-0.049338342034152154,136
a1,wikipedia,rps_doc_word_count,rps_doc_mean_word_length,10000,0.2744444404324246,0.16263959190783384,94
a1,wikipedia,rps_doc_num_sentences,rps_doc_unigram_entropy,10000,0.22665540892479494,0.5275949781607036,30
a1,wikipedia,rps_doc_num_sentences,rps_doc_frac_unique_words,10000,0.356342726840994,-0.30742361021591397,205
a1,wikipedia,rps_doc_num_sentences,rps_doc_frac_no_alph_words,10000,0.31186661916904856,-0.08715359764503756,139
a1,wikipedia,rps_doc_num_sentences,rps_doc_frac_chars_top_2gram,10000,0.28924946588618367,0.2360871093025238,38
a1,wikipedia,rps_doc_num_sentences,rps_doc_frac_chars_top_3gram,10000,0.33046985190552947,-0.10908903969111959,42
a1,wikipedia,rps_doc_num_sentences,rps_lines_uppercase_letter_fraction,10000,0.34998501082120603,-0.06706390834841165,169
a1,wikipedia,rps_doc_num_sentences,rps_lines_ending_with_terminal_punctution_mark,10000,0.22408899638636504,0.19143799552128116,98
a1,wikipedia,rps_doc_num_sentences,rps_lines_numerical_chars_fraction,10000,0.3288237470755115,0.007098567054170896,140
a1,wikipedia,rps_doc_num_sentences,rps_doc_mean_word_length,10000,0.27458134572848186,0.1469448062912811,112
a1,wikipedia,rps_doc_unigram_entropy,rps_doc_frac_unique_words,10000,0.45643309630259893,-0.6017665095734493,4
a1,wikipedia,rps_doc_unigram_entropy,rps_doc_frac_no_alph_words,10000,0.33955213302441306,-0.07381138172716808,89
a1,wikipedia,rps_doc_unigram_entropy,rps_doc_frac_chars_top_2gram,10000,0.2043159435943603,0.5204410635726298,216
a1,wikipedia,rps_doc_unigram_entropy,rps_doc_frac_chars_top_3gram,10000,0.2902375556229378,0.08412465553070383,181
a1,wikipedia,rps_doc_unigram_entropy,rps_lines_uppercase_letter_fraction,10000,0.33304596192538105,-0.0011775377546153444,64
a1,wikipedia,rps_doc_unigram_entropy,rps_lines_ending_with_terminal_punctution_mark,10000,0.2627342312671745,0.2443299548590815,78
a1,wikipedia,rps_doc_unigram_entropy,rps_lines_numerical_chars_fraction,10000,0.358382246698816,-0.01750156028488611,67
a1,wikipedia,rps_doc_unigram_entropy,rps_doc_mean_word_length,10000,0.3146347278460601,0.1762415445416499,147
a1,wikipedia,rps_doc_frac_unique_words,rps_doc_frac_no_alph_words,10000,0.33335511321719896,-0.08332566456786229,92
a1,wikipedia,rps_doc_frac_unique_words,rps_doc_frac_chars_top_2gram,10000,0.38470815326377367,-0.1492546085110452,33
a1,wikipedia,rps_doc_frac_unique_words,rps_doc_frac_chars_top_3gram,10000,0.2960797685231988,0.2636515514642073,58
a1,wikipedia,rps_doc_frac_unique_words,rps_lines_uppercase_letter_fraction,10000,0.4441652996580477,-0.05967900594184063,126
a1,wikipedia,rps_doc_frac_unique_words,rps_lines_ending_with_terminal_punctution_mark,10000,0.293471701179835,-0.09245684551420545,72
a1,wikipedia,rps_doc_frac_unique_words,rps_lines_numerical_chars_fraction,10000,0.35361711954478187,0.06786560739202242,105
a1,wikipedia,rps_doc_frac_unique_words,rps_doc_mean_word_length,10000,0.3519092302717935,-0.3002262732187909,53
a1,wikipedia,rps_doc_frac_no_alph_words,rps_doc_frac_chars_top_2gram,10000,0.3336397960556609,-0.04298593703931708,127
a1,wikipedia,rps_doc_frac_no_alph_words,rps_doc_frac_chars_top_3gram,10000,0.3037509171755778,0.06602258470651165,163
a1,wikipedia,rps_doc_frac_no_alph_words,rps_lines_uppercase_letter_fraction,10000,0.3643694735143114,-0.0967866175958534,168
a1,wikipedia,rps_doc_frac_no_alph_words,rps_lines_ending_with_terminal_punctution_mark,10000,0.25269813126870366,0.03539192551781744,219
a1,wikipedia,rps_doc_frac_no_alph_words,rps_lines_numerical_chars_fraction,10000,0.2932022497272337,0.2960505930796221,179
a1,wikipedia,rps_doc_frac_no_alph_words,rps_doc_mean_word_length,10000,0.30407714812688835,0.06858533514300004,201
a1,wikipedia,rps_doc_frac_chars_top_2gram,rps_doc_frac_chars_top_3gram,10000,0.2292891564210285,0.3544531230744128,223
a1,wikipedia,rps_doc_frac_chars_top_2gram,rps_lines_uppercase_letter_fraction,10000,0.32049848992971286,-0.08005708494996891,76
a1,wikipedia,rps_doc_frac_chars_top_2gram,rps_lines_ending_with_terminal_punctution_mark,10000,0.26593110891127797,0.24019010646292055,125
a1,wikipedia,rps_doc_frac_chars_top_2gram,rps_lines_numerical_chars_fraction,10000,0.3468002690874876,0.015890289456318797,116
a1,wikipedia,rps_doc_frac_chars_top_2gram,rps_doc_mean_word_length,10000,0.34599438473837235,0.05614297402595215,135
a1,wikipedia,rps_doc_frac_chars_top_3gram,rps_lines_uppercase_letter_fraction,10000,0.3634801910687234,-0.10312322720272152,101
a1,wikipedia,rps_doc_frac_chars_top_3gram,rps_lines_ending_with_terminal_punctution_mark,10000,0.24797041073029635,0.16074581129610038,167
a1,wikipedia,rps_doc_frac_chars_top_3gram,rps_lines_numerical_chars_fraction,10000,0.32048481570439097,0.09580305026704214,149
a1,wikipedia,rps_doc_frac_chars_top_3gram,rps_doc_mean_word_length,10000,0.34203981363839153,-0.1353202058141323,156
a1,wikipedia,rps_lines_uppercase_letter_fraction,rps_lines_ending_with_terminal_punctution_mark,10000,0.38459321237693916,-0.6582572921739842,119
a1,wikipedia,rps_lines_uppercase_letter_fraction,rps_lines_numerical_chars_fraction,10000,0.36422181694215344,-0.2938378679295787,137
a1,wikipedia,rps_lines_uppercase_letter_fraction,rps_doc_mean_word_length,10000,0.4265747978214697,-0.04257154526546713,128
a1,wikipedia,rps_lines_ending_with_terminal_punctution_mark,rps_lines_numerical_chars_fraction,10000,0.258907344635765,0.28277383746923396,146
a1,wikipedia,rps_lines_ending_with_terminal_punctution_mark,rps_doc_mean_word_length,10000,0.2516287401404088,0.07488941074353196,175
a1,wikipedia,rps_lines_numerical_chars_fraction,rps_doc_mean_word_length,10000,0.34858973795841813,0.0014483655042346617,120
a2,arxiv,fineweb_edu,fluency_en,17523,0.16191687029569954,0.2956462616767928,185
a2,arxiv,fineweb_edu,modernbert_cleanliness,17523,0.12087523774485001,-0.022401316581012146,195
a2,arxiv,fineweb_edu,modernbert_readability,17523,0.1266604891686664,0.3258452969567626,196
a2,arxiv,fineweb_edu,modernbert_reasoning,17523,0.14986775360312282,-0.154960752233788,210
a2,arxiv,fineweb_edu,modernbert_professionalism,17523,0.15003137019902393,-0.350962377374869,202
a2,arxiv,fineweb_edu,dsir_books,17523,0.8124924304233704,0.2368180619321644,25
a2,arxiv,fineweb_edu,dsir_wiki,17523,0.8114072322876148,0.24096388235323904,23
a2,arxiv,fineweb_edu,dsir_math,17523,0.8058205734157673,0.22006801446646512,26
a2,arxiv,fineweb_edu,qurater,17523,0.12960042324777568,0.3048877742143509,218
a2,arxiv,fineweb_edu,ad_en,17523,0.2696785224535334,-0.1469854125909066,170
a2,arxiv,fineweb_edu,rps_doc_word_count,17523,0.7420687518677986,0.04483238945537629,70
a2,arxiv,fineweb_edu,rps_doc_num_sentences,17523,0.7342158775540287,0.013704612139506751,66
a2,arxiv,fineweb_edu,rps_doc_unigram_entropy,17523,0.13589200262661302,-0.11850209531512589,180
a2,arxiv,fineweb_edu,rps_doc_frac_unique_words,17523,0.7980036209065651,0.006183234373020566,19
a2,arxiv,fineweb_edu,rps_doc_frac_no_alph_words,17523,0.5313544169450002,0.2937656867358101,104
a2,arxiv,fineweb_edu,rps_doc_frac_chars_top_2gram,17523,0.18706675100870326,-0.1727589048379853,160
a2,arxiv,fineweb_edu,rps_doc_frac_chars_top_3gram,17523,0.22507950298958457,-0.04851481009045657,155
a2,arxiv,fineweb_edu,rps_lines_uppercase_letter_fraction,17523,0.3752468812907824,-0.07572483086038034,80
a2,arxiv,fineweb_edu,rps_lines_ending_with_terminal_punctution_mark,17523,0.5258571382595124,0.07642687442494439,71
a2,arxiv,fineweb_edu,rps_lines_numerical_chars_fraction,17523,0.4996933113174532,-0.05219027896061089,103
a2,arxiv,fineweb_edu,rps_doc_mean_word_length,17523,0.28832122242306113,0.17432202412653594,164
a2,arxiv,fluency_en,modernbert_cleanliness,17523,0.13270027165169748,0.24822008613878946,213
a2,arxiv,fluency_en,modernbert_readability,17523,0.1145571249236066,0.20831488000557216,215
a2,arxiv,fluency_en,modernbert_reasoning,17523,0.23711828851607877,0.21122876595715873,157
a2,arxiv,fluency_en,modernbert_professionalism,17523,0.2317397744948889,0.06562557711661841,118
a2,arxiv,fluency_en,dsir_books,17523,0.7233571511379281,0.04717347952944179,63
a2,arxiv,fluency_en,dsir_wiki,17523,0.7222695014142245,0.04863585439302655,60
a2,arxiv,fluency_en,dsir_math,17523,0.7167167585449775,0.047812640531451615,59
a2,arxiv,fluency_en,qurater,17523,0.20762429332578172,0.4287444069215011,212
a2,arxiv,fluency_en,ad_en,17523,0.19580268459772632,0.20484545191737005,178
a2,arxiv,fluency_en,rps_doc_word_count,17523,0.6551743191216934,-0.04071804159882507,86
a2,arxiv,fluency_en,rps_doc_num_sentences,17523,0.647144900952686,-0.003220608934085556,85
a2,arxiv,fluency_en,rps_doc_unigram_entropy,17523,0.20589544555668535,-0.054813430805417486,143
a2,arxiv,fluency_en,rps_doc_frac_unique_words,17523,0.7088428682303751,-0.070571271387179,46
a2,arxiv,fluency_en,rps_doc_frac_no_alph_words,17523,0.45155747144696806,0.11440603108731888,189
a2,arxiv,fluency_en,rps_doc_frac_chars_top_2gram,17523,0.15690516511595648,-0.11257782052094903,142
a2,arxiv,fluency_en,rps_doc_frac_chars_top_3gram,17523,0.15484255318438958,-0.023002503352600987,158
a2,arxiv,fluency_en,rps_lines_uppercase_letter_fraction,17523,0.28854469541317407,0.05987552695108114,174
a2,arxiv,fluency_en,rps_lines_ending_with_terminal_punctution_mark,17523,0.44375184502686243,-0.044172343498771444,162
a2,arxiv,fluency_en,rps_lines_numerical_chars_fraction,17523,0.4238112057888836,0.06594009720793745,132
a2,arxiv,fluency_en,rps_doc_mean_word_length,17523,0.2355469126111995,0.16631028924823799,188
a2,arxiv,modernbert_cleanliness,modernbert_readability,17523,0.08717065041018508,0.11388658367300801,224
a2,arxiv,modernbert_cleanliness,modernbert_reasoning,17523,0.12154540645363986,0.2943994268281423,214
a2,arxiv,modernbert_cleanliness,modernbert_professionalism,17523,0.11728140297041195,0.3722996080707514,161
a2,arxiv,modernbert_cleanliness,dsir_books,17523,0.8395762032129422,0.029380742594277146,32
a2,arxiv,modernbert_cleanliness,dsir_wiki,17523,0.8384925916432973,0.02795672901588912,31
a2,arxiv,modernbert_cleanliness,dsir_math,17523,0.8329559958705381,0.05616163375034614,29
a2,arxiv,modernbert_cleanliness,qurater,17523,0.1022489807377926,0.22966540650930764,217
a2,arxiv,modernbert_cleanliness,ad_en,17523,0.2165591326492658,0.2460701003356002,152
a2,arxiv,modernbert_cleanliness,rps_doc_word_count,17523,0.7703103109425947,0.14234229893100878,57
a2,arxiv,modernbert_cleanliness,rps_doc_num_sentences,17523,0.7618592711495972,0.21748111298389908,61
a2,arxiv,modernbert_cleanliness,rps_doc_unigram_entropy,17523,0.09996448846744287,-0.14986275645562688,204
a2,arxiv,modernbert_cleanliness,rps_doc_frac_unique_words,17523,0.8249607086879206,0.11828922092230698,20
a2,arxiv,modernbert_cleanliness,rps_doc_frac_no_alph_words,17523,0.5580902349008171,-0.10186765738289995,165
a2,arxiv,modernbert_cleanliness,rps_doc_frac_chars_top_2gram,17523,0.13206141811698122,-0.05138897761673794,186
a2,arxiv,modernbert_cleanliness,rps_doc_frac_chars_top_3gram,17523,0.20296498242929287,-0.06346306108137298,183
a2,arxiv,modernbert_cleanliness,rps_lines_uppercase_letter_fraction,17523,0.380960017673611,0.0634709730569281,91
a2,arxiv,modernbert_cleanliness,rps_lines_ending_with_terminal_punctution_mark,17523,0.5500393951452651,-0.12059365871073546,177
a2,arxiv,modernbert_cleanliness,rps_lines_numerical_chars_fraction,17523,0.5054602009140524,0.11721185236934681,108
a2,arxiv,modernbert_cleanliness,rps_doc_mean_word_length,17523,0.28272942279940594,0.07314025058420522,190
a2,arxiv,modernbert_readability,modernbert_reasoning,17523,0.18192618234068925,-0.10631455784183749,194
a2,arxiv,modernbert_readability,modernbert_professionalism,17523,0.177565967510786,-0.43123128173914815,133
a2,arxiv,modernbert_readability,dsir_books,17523,0.779086438536584,0.3816184197162981,21
a2,arxiv,modernbert_readability,dsir_wiki,17523,0.777983185943199,0.3867031715254825,24
a2,arxiv,modernbert_readability,dsir_math,17523,0.7723967372421707,0.35201298522083196,17
a2,arxiv,modernbert_readability,qurater,17523,0.15785675560167395,0.28671208222557754,221
a2,arxiv,modernbert_readability,ad_en,17523,0.2320141783554606,-0.32962974511817367,138
a2,arxiv,modernbert_readability,rps_doc_word_count,17523,0.7109381933100382,0.05685519405309726,50
a2,arxiv,modernbert_readability,rps_doc_num_sentences,17523,0.7025620958095429,0.0011225100645939267,54
a2,arxiv,modernbert_readability,rps_doc_unigram_entropy,17523,0.15603781805304567,-0.029809624921009702,209
a2,arxiv,modernbert_readability,rps_doc_frac_unique_words,17523,0.7645318848810886,0.10545141868116899,12
a2,arxiv,modernbert_readability,rps_doc_frac_no_alph_words,17523,0.4975529574054269,0.5528703434032723,182
a2,arxiv,modernbert_readability,rps_doc_frac_chars_top_2gram,17523,0.1338273760978248,-0.08407280598019186,187
a2,arxiv,modernbert_readability,rps_doc_frac_chars_top_3gram,17523,0.1562255595190008,0.02726308563491521,184
a2,arxiv,modernbert_readability,rps_lines_uppercase_letter_fraction,17523,0.3308825840103848,-0.35566004404066154,115
a2,arxiv,modernbert_readability,rps_lines_ending_with_terminal_punctution_mark,17523,0.4895911697267744,0.32079493441602003,154
a2,arxiv,modernbert_readability,rps_lines_numerical_chars_fraction,17523,0.46036249732684364,-0.005159709097914094,93
a2,arxiv,modernbert_readability,rps_doc_mean_word_length,17523,0.25410521282044213,0.08861003500819535,200
a2,arxiv,modernbert_reasoning,modernbert_professionalism,17523,0.012528986390238462,0.6228886478221901,220
a2,arxiv,modernbert_reasoning,dsir_books,17523,0.9601037701086577,-0.39009021025412915,6
a2,arxiv,modernbert_reasoning,dsir_wiki,17523,0.9590190828652999,-0.393463538342009,5
a2,arxiv,modernbert_reasoning,dsir_math,17523,0.9534261099547798,-0.36768549338084666,7
a2,arxiv,modernbert_reasoning,qurater,17523,0.042030094683684883,0.32220920875885356,211
a2,arxiv,modernbert_reasoning,ad_en,17523,0.3068914010479463,0.18451816952056002,123
a2,arxiv,modernbert_reasoning,rps_doc_word_count,17523,0.8882192678551931,-0.35907338036284814,41
a2,arxiv,modernbert_reasoning,rps_doc_num_sentences,17523,0.8804074554551617,-0.22970142045313405,39
a2,arxiv,modernbert_reasoning,rps_doc_unigram_entropy,17523,0.03928317225186582,0.2264726657112092,222
a2,arxiv,modernbert_reasoning,rps_doc_frac_unique_words,17523,0.9451070814434516,-0.355003770982815,8
a2,arxiv,modernbert_reasoning,rps_doc_frac_no_alph_words,17523,0.6763390027108818,-0.12814315122133532,77
a2,arxiv,modernbert_reasoning,rps_doc_frac_chars_top_2gram,17523,0.22247004511302135,0.12389399275646763,193
a2,arxiv,modernbert_reasoning,rps_doc_frac_chars_top_3gram,17523,0.31680052774792355,0.08640821571120538,172
a2,arxiv,modernbert_reasoning,rps_lines_uppercase_letter_fraction,17523,0.4945783717794044,0.10203948066277164,47
a2,arxiv,modernbert_reasoning,rps_lines_ending_with_terminal_punctution_mark,17523,0.6686094258911137,-0.05235993033908588,79
a2,arxiv,modernbert_reasoning,rps_lines_numerical_chars_fraction,17523,0.6134858707785137,0.2091284581002967,84
a2,arxiv,modernbert_reasoning,rps_doc_mean_word_length,17523,0.38042634953034093,-0.007695446485974044,150
a2,arxiv,modernbert_professionalism,dsir_books,17523,0.9542518524136557,-0.4987384156096676,15
a2,arxiv,modernbert_professionalism,dsir_wiki,17523,0.9531339675998916,-0.502941795242945,13
a2,arxiv,modernbert_professionalism,dsir_math,17523,0.947430359734583,-0.4545977185080098,18
a2,arxiv,modernbert_professionalism,qurater,17523,0.04214942177852188,0.11766517283198503,192
a2,arxiv,modernbert_professionalism,ad_en,17523,0.30028022640494323,0.39725520050639,173
a2,arxiv,modernbert_professionalism,rps_doc_word_count,17523,0.8837947034104923,-0.1449020401239791,52
a2,arxiv,modernbert_professionalism,rps_doc_num_sentences,17523,0.8755559896253359,-0.03831114428206299,48
a2,arxiv,modernbert_professionalism,rps_doc_unigram_entropy,17523,0.03954343551647504,0.1139670861916136,141
a2,arxiv,modernbert_professionalism,rps_doc_frac_unique_words,17523,0.9388949671296072,-0.15677702130818513,34
a2,arxiv,modernbert_professionalism,rps_doc_frac_no_alph_words,17523,0.6710740534292402,-0.51739787413647,40
a2,arxiv,modernbert_professionalism,rps_doc_frac_chars_top_2gram,17523,0.21709311252856967,0.1198981596905907,151
a2,arxiv,modernbert_professionalism,rps_doc_frac_chars_top_3gram,17523,0.31154932277355707,-0.02311089606579252,145
a2,arxiv,modernbert_professionalism,rps_lines_uppercase_letter_fraction,17523,0.4911958791749241,0.2789664690337975,49
a2,arxiv,modernbert_professionalism,rps_lines_ending_with_terminal_punctution_mark,17523,0.6633497524168618,-0.25446111536234434,35
a2,arxiv,modernbert_professionalism,rps_lines_numerical_chars_fraction,17523,0.6088943462222804,0.09684508532477414,87
a2,arxiv,modernbert_professionalism,rps_doc_mean_word_length,17523,0.3763658181724424,-0.20681363557508542,90
a2,arxiv,dsir_books,dsir_wiki,17523,0.0011636955043048077,0.9993242236232139,231
a2,arxiv,dsir_books,dsir_math,17523,0.006903240742828665,0.992604214759867,229
a2,arxiv,dsir_books,qurater,17523,0.9227777045040773,0.009904054117472584,28
a2,arxiv,dsir_books,ad_en,17523,0.6550614547434916,-0.20095282134561826,96
a2,arxiv,dsir_books,rps_doc_word_count,17523,0.07243249705213163,0.778361314629894,198
a2,arxiv,dsir_books,rps_doc_num_sentences,17523,0.08034391069869624,0.7054984785383922,206
a2,arxiv,dsir_books,rps_doc_unigram_entropy,17523,0.9252563175365507,-0.6092640064938322,3
a2,arxiv,dsir_books,rps_doc_frac_unique_words,17523,0.01985031419249839,0.6623878715560589,226
a2,arxiv,dsir_books,rps_doc_frac_no_alph_words,17523,0.28442562398258797,0.6260492609388913,134
a2,arxiv,dsir_books,rps_doc_frac_chars_top_2gram,17523,0.7394142852926284,-0.27713968816412554,11
a2,arxiv,dsir_books,rps_doc_frac_chars_top_3gram,17523,0.6445246947501212,-0.16705764375140386,45
a2,arxiv,dsir_books,rps_lines_uppercase_letter_fraction,17523,0.46858286627023354,-0.24518460100177622,130
a2,arxiv,dsir_books,rps_lines_ending_with_terminal_punctution_mark,17523,0.292224788671804,0.22073380063985212,114
a2,arxiv,dsir_books,rps_lines_numerical_chars_fraction,17523,0.3512077760864265,0.09931915781555835,111
a2,arxiv,dsir_books,rps_doc_mean_word_length,17523,0.5808381643356779,0.22245336384655673,69
a2,arxiv,dsir_wiki,dsir_math,17523,0.005796564456282812,0.9924185267931478,230
a2,arxiv,dsir_wiki,qurater,17523,0.9216690286291396,0.011447824272129864,27
a2,arxiv,dsir_wiki,ad_en,17523,0.6539417884566386,-0.20279646891153377,95
a2,arxiv,dsir_wiki,rps_doc_word_count,17523,0.07133865668947083,0.7754703619266066,199
a2,arxiv,dsir_wiki,rps_doc_num_sentences,17523,0.07924801862885332,0.7006344574601853,208
a2,arxiv,dsir_wiki,rps_doc_unigram_entropy,17523,0.9241884620004118,-0.6067223520162328,2
a2,arxiv,dsir_wiki,rps_doc_frac_unique_words,17523,0.019355946673768748,0.6616060907163812,227
a2,arxiv,dsir_wiki,rps_doc_frac_no_alph_words,17523,0.28335551322915065,0.6286132393446798,131
a2,arxiv,dsir_wiki,rps_doc_frac_chars_top_2gram,17523,0.7383346141614825,-0.2797657621665394,10
a2,arxiv,dsir_wiki,rps_doc_frac_chars_top_3gram,17523,0.6434726365880702,-0.16588027746968245,44
a2,arxiv,dsir_wiki,rps_lines_uppercase_letter_fraction,17523,0.46763101699188825,-0.2460768916195078,129
a2,arxiv,dsir_wiki,rps_lines_ending_with_terminal_punctution_mark,17523,0.29118607395027835,0.22112042867055937,109
a2,arxiv,dsir_wiki,rps_lines_numerical_chars_fraction,17523,0.35041971459226373,0.09406567530998923,107
a2,arxiv,dsir_wiki,rps_doc_mean_word_length,17523,0.5797644488405121,0.22439042744543283,68
a2,arxiv,dsir_math,qurater,17523,0.9160289632743364,0.012545410093694153,22
a2,arxiv,dsir_math,ad_en,17523,0.648265698766025,-0.17585312817270368,97
a2,arxiv,dsir_math,rps_doc_word_count,17523,0.06575207460560367,0.7998668097862153,197
a2,arxiv,dsir_math,rps_doc_num_sentences,17523,0.07365104678027401,0.7335596028845464,207
a2,arxiv,dsir_math,rps_doc_unigram_entropy,17523,0.9186750216791976,-0.6093123276539539,1
a2,arxiv,dsir_math,rps_doc_frac_unique_words,17523,0.017150460626378292,0.6891104903063641,228
a2,arxiv,dsir_math,rps_doc_frac_no_alph_words,17523,0.27794424645645677,0.5947084340909521,121
a2,arxiv,dsir_math,rps_doc_frac_chars_top_2gram,17523,0.7327619293107869,-0.2680676005818024,9
a2,arxiv,dsir_math,rps_doc_frac_chars_top_3gram,17523,0.6380095752432772,-0.16437118191728126,43
a2,arxiv,dsir_math,rps_lines_uppercase_letter_fraction,17523,0.46255612990414685,-0.2224241931979048,124
a2,arxiv,dsir_math,rps_lines_ending_with_terminal_punctution_mark,17523,0.28596232297354224,0.198966699896257,99
a2,arxiv,dsir_math,rps_lines_numerical_chars_fraction,17523,0.3462118516588641,0.09955282212612021,106
a2,arxiv,dsir_math,rps_doc_mean_word_length,17523,0.5742824149129351,0.22283434777146316,65
a2,arxiv,qurater,ad_en,17523,0.283462720678771,-0.03502326575070723,148
a2,arxiv,qurater,rps_doc_word_count,17523,0.8544545106312021,-0.09949409755418316,51
a2,arxiv,qurater,rps_doc_num_sentences,17523,0.8460610753925866,-0.058535807828151265,55
a2,arxiv,qurater,rps_doc_unigram_entropy,17523,0.05560747193616461,0.032599037948919975,191
a2,arxiv,qurater,rps_doc_frac_unique_words,17523,0.9080192410294865,-0.10097977241612942,14
a2,arxiv,qurater,rps_doc_frac_no_alph_words,17523,0.6423200117649409,0.14093657441914131,153
a2,arxiv,qurater,rps_doc_frac_chars_top_2gram,17523,0.20820243539002758,-0.031177229800397274,171
a2,arxiv,qurater,rps_doc_frac_chars_top_3gram,17523,0.29469508530769845,0.02255792605027316,159
a2,arxiv,qurater,rps_lines_uppercase_letter_fraction,17523,0.47041461900320103,-0.09578056488143807,102
a2,arxiv,qurater,rps_lines_ending_with_terminal_punctution_mark,17523,0.6344686018175504,0.15559835671212827,113
a2,arxiv,qurater,rps_lines_numerical_chars_fraction,17523,0.5845743871108255,0.05231223015568474,100
a2,arxiv,qurater,rps_doc_mean_word_length,17523,0.3565850964336832,0.10842707659070774,176
a2,arxiv,ad_en,rps_doc_word_count,17523,0.588932220909183,0.026847335268663036,81
a2,arxiv,ad_en,rps_doc_num_sentences,17523,0.5807398365529403,0.06999913223343188,75
a2,arxiv,ad_en,rps_doc_unigram_entropy,17523,0.2805183510279025,-0.09654228399265663,56
a2,arxiv,ad_en,rps_doc_frac_unique_words,17523,0.6399738770051941,-0.026372227727691433,82
a2,arxiv,ad_en,rps_doc_frac_no_alph_words,17523,0.43255090761528175,-0.3812410174503183,73
a2,arxiv,ad_en,rps_doc_frac_chars_top_2gram,17523,0.22248377115739026,-0.03357109186617576,110
a2,arxiv,ad_en,rps_doc_frac_chars_top_3gram,17523,0.2213360186044596,-0.07182107940868501,144
a2,arxiv,ad_en,rps_lines_uppercase_letter_fraction,17523,0.2703324810331538,0.2266090508827033,74
a2,arxiv,ad_en,rps_lines_ending_with_terminal_punctution_mark,17523,0.4233532813453481,-0.21132783140517497,62
a2,arxiv,ad_en,rps_lines_numerical_chars_fraction,17523,0.41524433738875993,0.000677580683274512,88
a2,arxiv,ad_en,rps_doc_mean_word_length,17523,0.27342427824833876,0.009651436209235507,122
a2,arxiv,rps_doc_word_count,rps_doc_num_sentences,17523,0.021356210467531313,0.9065569752913841,225
a2,arxiv,rps_doc_word_count,rps_doc_unigram_entropy,17523,0.8544932814948493,-0.709340661941281,16
a2,arxiv,rps_doc_word_count,rps_doc_frac_unique_words,17523,0.0580113398320495,0.839342124464719,203
a2,arxiv,rps_doc_word_count,rps_doc_frac_no_alph_words,17523,0.2240131312242389,0.15114819866077855,117
a2,arxiv,rps_doc_word_count,rps_doc_frac_chars_top_2gram,17523,0.6714594869735767,-0.19877829148635726,36
a2,arxiv,rps_doc_word_count,rps_doc_frac_chars_top_3gram,17523,0.5788331831728043,-0.28937743902411783,37
a2,arxiv,rps_doc_word_count,rps_lines_uppercase_letter_fraction,17523,0.4040299912076329,-0.036244963677245744,166
a2,arxiv,rps_doc_word_count,rps_lines_ending_with_terminal_punctution_mark,17523,0.23763404841466082,-0.003376537641857789,83
a2,arxiv,rps_doc_word_count,rps_lines_numerical_chars_fraction,17523,0.3110710341553021,0.010180155272452557,136
a2,arxiv,rps_doc_word_count,rps_doc_mean_word_length,17523,0.5160005917794424,-0.019460218275380785,94
a2,arxiv,rps_doc_num_sentences,rps_doc_unigram_entropy,17523,0.8467856253348799,-0.7172862788983723,30
a2,arxiv,rps_doc_num_sentences,rps_doc_frac_unique_words,17523,0.06749123918603593,0.7069890886206072,205
a2,arxiv,rps_doc_num_sentences,rps_doc_frac_no_alph_words,17523,0.21959648179109567,0.18541097023892794,139
a2,arxiv,rps_doc_num_sentences,rps_doc_frac_chars_top_2gram,17523,0.6637809121155677,-0.20212193649344354,38
a2,arxiv,rps_doc_num_sentences,rps_doc_frac_chars_top_3gram,17523,0.571201579747571,-0.27791641504361364,42
a2,arxiv,rps_doc_num_sentences,rps_lines_uppercase_letter_fraction,17523,0.39799256743341294,-0.00998755742889247,169
a2,arxiv,rps_doc_num_sentences,rps_lines_ending_with_terminal_punctution_mark,17523,0.23589528853890088,-0.018413109881686436,98
a2,arxiv,rps_doc_num_sentences,rps_lines_numerical_chars_fraction,17523,0.300468861145099,0.2002151009143566,140
a2,arxiv,rps_doc_num_sentences,rps_doc_mean_word_length,17523,0.5090265062252535,0.030025418579961313,112
a2,arxiv,rps_doc_unigram_entropy,rps_doc_frac_unique_words,17523,0.9104456304246642,-0.29958242994408696,4
a2,arxiv,rps_doc_unigram_entropy,rps_doc_frac_no_alph_words,17523,0.641684771770521,-0.21757587282640967,89
a2,arxiv,rps_doc_unigram_entropy,rps_doc_frac_chars_top_2gram,17523,0.18772824266617932,0.41835080187068635,216
a2,arxiv,rps_doc_unigram_entropy,rps_doc_frac_chars_top_3gram,17523,0.281546045053628,0.4581210202530795,181
a2,arxiv,rps_doc_unigram_entropy,rps_lines_uppercase_letter_fraction,17523,0.4600268011965097,0.07433989629720834,64
a2,arxiv,rps_doc_unigram_entropy,rps_lines_ending_with_terminal_punctution_mark,17523,0.6337666528521989,-0.0778896044734055,78
a2,arxiv,rps_doc_unigram_entropy,rps_lines_numerical_chars_fraction,17523,0.5818455554943663,-0.17509032714805406,67
a2,arxiv,rps_doc_unigram_entropy,rps_doc_mean_word_length,17523,0.3511206709323277,-0.1877332556334928,147
a2,arxiv,rps_doc_frac_unique_words,rps_doc_frac_no_alph_words,17523,0.27220109387273655,0.11347158206536187,92
a2,arxiv,rps_doc_frac_unique_words,rps_doc_frac_chars_top_2gram,17523,0.7245576579273182,-0.044807076153182065,33
a2,arxiv,rps_doc_frac_unique_words,rps_doc_frac_chars_top_3gram,17523,0.630168843352746,-0.07307708464650184,58
a2,arxiv,rps_doc_frac_unique_words,rps_lines_uppercase_letter_fraction,17523,0.45481466307945073,0.006819342611223301,126
a2,arxiv,rps_doc_frac_unique_words,rps_lines_ending_with_terminal_punctution_mark,17523,0.28093736286970455,-0.06621145791731033,72
a2,arxiv,rps_doc_frac_unique_words,rps_lines_numerical_chars_fraction,17523,0.3453147152510958,-0.10830735774527753,105
a2,arxiv,rps_doc_frac_unique_words,rps_doc_mean_word_length,17523,0.568493506791026,-0.17087803476149674,53
a2,arxiv,rps_doc_frac_no_alph_words,rps_doc_frac_chars_top_2gram,17523,0.46370070300866634,-0.1907941537267491,127
a2,arxiv,rps_doc_frac_no_alph_words,rps_doc_frac_chars_top_3gram,17523,0.37282958498109636,0.026637206706213102,163
a2,arxiv,rps_doc_frac_no_alph_words,rps_lines_uppercase_letter_fraction,17523,0.28046496730495746,-0.3613883493174167,168
a2,arxiv,rps_doc_frac_no_alph_words,rps_lines_ending_with_terminal_punctution_mark,17523,0.14094657252501572,0.3729056395801833,219
a2,arxiv,rps_doc_frac_no_alph_words,rps_lines_numerical_chars_fraction,17523,0.22473743799378185,0.37172763259234376,179
a2,arxiv,rps_doc_frac_no_alph_words,rps_doc_mean_word_length,17523,0.3287817490400109,0.1679679356865891,201
a2,arxiv,rps_doc_frac_chars_top_2gram,rps_doc_frac_chars_top_3gram,17523,0.13460310224196237,0.3651396442511896,223
a2,arxiv,rps_doc_frac_chars_top_2gram,rps_lines_uppercase_letter_fraction,17523,0.3034256255551998,-0.03113016363076911,76
a2,arxiv,rps_doc_frac_chars_top_2gram,rps_lines_ending_with_terminal_punctution_mark,17523,0.45660982760009594,0.03982720228570626,125
a2,arxiv,rps_doc_frac_chars_top_2gram,rps_lines_numerical_chars_fraction,17523,0.4374131053644622,0.00039827704571548895,116
a2,arxiv,rps_doc_frac_chars_top_2gram,rps_doc_mean_word_length,17523,0.26591077035323535,-0.21854747168657818,135
a2,arxiv,rps_doc_frac_chars_top_3gram,rps_lines_uppercase_letter_fraction,17523,0.22879727719895207,-0.02345003393932683,101
a2,arxiv,rps_doc_frac_chars_top_3gram,rps_lines_ending_with_terminal_punctution_mark,17523,0.36590978320263234,0.03612354874751656,167
a2,arxiv,rps_doc_frac_chars_top_3gram,rps_lines_numerical_chars_fraction,17523,0.37178181217279727,0.009713414974424685,149
a2,arxiv,rps_doc_frac_chars_top_3gram,rps_doc_mean_word_length,17523,0.2223659905770418,-0.05665246628894837,156
a2,arxiv,rps_lines_uppercase_letter_fraction,rps_lines_ending_with_terminal_punctution_mark,17523,0.319070245560444,-0.8195907501488249,119
a2,arxiv,rps_lines_uppercase_letter_fraction,rps_lines_numerical_chars_fraction,17523,0.3232205645930515,-0.0641938367309249,137
a2,arxiv,rps_lines_uppercase_letter_fraction,rps_doc_mean_word_length,17523,0.27124262301695645,-0.07184331525396227,128
a2,arxiv,rps_lines_ending_with_terminal_punctution_mark,rps_lines_numerical_chars_fraction,17523,0.2590383057356698,0.1495354288685229,146
a2,arxiv,rps_lines_ending_with_terminal_punctution_mark,rps_doc_mean_word_length,17523,0.3281940330889614,0.08414130933723252,175
a2,arxiv,rps_lines_numerical_chars_fraction,rps_doc_mean_word_length,17523,0.3612754958396666,0.05019299951448399,120
a3,github,fineweb_edu,fluency_en,203752,0.2497930311993726,0.22566413083054124,185
a3,github,fineweb_edu,modernbert_cleanliness,203752,0.3211863896258629,0.09647209484614255,195
a3,github,fineweb_edu,modernbert_readability,203752,0.26123028696237416,0.2986932328747061,196
a3,github,fineweb_edu,modernbert_reasoning,203752,0.24101277688441658,0.4611345181101861,210
a3,github,fineweb_edu,modernbert_professionalism,203751,0.3617388461077024,0.33628581430856996,202
a3,github,fineweb_edu,dsir_books,203752,0.40855317082768033,-0.45660835814920797,25
a3,github,fineweb_edu,dsir_wiki,203752,0.4079975126270508,-0.4570106105063973,23
a3,github,fineweb_edu,dsir_math,203752,0.4059844495529007,-0.4554694443916246,26
a3,github,fineweb_edu,qurater,203752,0.22189741722309894,0.299292979728706,218
a3,github,fineweb_edu,ad_en,203752,0.27056721082396556,-0.05796162047515157,170
a3,github,fineweb_edu,rps_doc_word_count,203752,0.2087815627938557,0.4622932606235596,70
a3,github,fineweb_edu,rps_doc_num_sentences,203752,0.26027811560796715,0.18331068629674072,66
a3,github,fineweb_edu,rps_doc_unigram_entropy,203752,0.25202888057255424,0.5001641106928071,180
a3,github,fineweb_edu,rps_doc_frac_unique_words,203752,0.40647988016917763,-0.40895972701435535,19
a3,github,fineweb_edu,rps_doc_frac_no_alph_words,203752,0.33354662040237804,-0.22458218704917987,104
a3,github,fineweb_edu,rps_doc_frac_chars_top_2gram,203752,0.35547587705885386,-0.14393717327561542,160
a3,github,fineweb_edu,rps_doc_frac_chars_top_3gram,203752,0.35099256635083387,-0.2472220350896216,155
a3,github,fineweb_edu,rps_lines_uppercase_letter_fraction,203752,0.22264211762748007,0.18822276075935196,80
a3,github,fineweb_edu,rps_lines_ending_with_terminal_punctution_mark,203752,0.32794625966498264,-0.07592865228903625,71
a3,github,fineweb_edu,rps_lines_numerical_chars_fraction,203752,0.2690052856994371,0.17341617780227053,103
a3,github,fineweb_edu,rps_doc_mean_word_length,203752,0.3748103901277935,0.21891118093058992,164
a3,github,fluency_en,modernbert_cleanliness,203752,0.18934001940562092,0.24706937444131305,213
a3,github,fluency_en,modernbert_readability,203752,0.19311820230585527,0.21078548157614996,215
a3,github,fluency_en,modernbert_reasoning,203752,0.24686739108668646,0.26637420473948414,157
a3,github,fluency_en,modernbert_professionalism,203751,0.5072080826457619,0.22667649862921188,118
a3,github,fluency_en,dsir_books,203752,0.3661655061198531,-0.10087437144509911,63
a3,github,fluency_en,dsir_wiki,203752,0.3671067402007452,-0.10123388573766853,60
a3,github,fluency_en,dsir_math,203752,0.37164723403435845,-0.09356056971751521,59
a3,github,fluency_en,qurater,203752,0.20543506303750494,0.3104148423058514,212
a3,github,fluency_en,ad_en,203752,0.2754108744071277,0.3757875684589681,178
a3,github,fluency_en,rps_doc_word_count,203752,0.2509354941084718,0.21972100807648878,86
a3,github,fluency_en,rps_doc_num_sentences,203752,0.2803850008661816,0.05207873566254895,85
a3,github,fluency_en,rps_doc_unigram_entropy,203752,0.2417809144456564,0.09514939296314143,143
a3,github,fluency_en,rps_doc_frac_unique_words,203752,0.4136071152758893,-0.2263916631246156,46
a3,github,fluency_en,rps_doc_frac_no_alph_words,203752,0.20774572013648016,-0.06445181103231623,189
a3,github,fluency_en,rps_doc_frac_chars_top_2gram,203752,0.37320685505270895,-0.1254386156385469,142
a3,github,fluency_en,rps_doc_frac_chars_top_3gram,203752,0.350841534888823,-0.13930000544198023,158
a3,github,fluency_en,rps_lines_uppercase_letter_fraction,203752,0.24327162022496981,0.03252331124953943,174
a3,github,fluency_en,rps_lines_ending_with_terminal_punctution_mark,203752,0.20705109386566856,-0.07206538087655075,162
a3,github,fluency_en,rps_lines_numerical_chars_fraction,203752,0.3217609776873865,0.05402676379714936,132
a3,github,fluency_en,rps_doc_mean_word_length,203752,0.2506499018620511,0.10542282657390353,188
a3,github,modernbert_cleanliness,modernbert_readability,203752,0.14229805941987853,0.6260861809826764,224
a3,github,modernbert_cleanliness,modernbert_reasoning,203752,0.2511321873772641,0.2645477912920236,214
a3,github,modernbert_cleanliness,modernbert_professionalism,203751,0.6206438929129839,-0.0032337313340698795,161
a3,github,modernbert_cleanliness,dsir_books,203752,0.38889212457608807,0.23872881773991894,32
a3,github,modernbert_cleanliness,dsir_wiki,203752,0.39107611614235277,0.23795491904487612,31
a3,github,modernbert_cleanliness,dsir_math,203752,0.4019124067437232,0.23846352440645666,29
a3,github,modernbert_cleanliness,qurater,203752,0.23799160131671726,0.6063476086443251,217
a3,github,modernbert_cleanliness,ad_en,203752,0.38952107961682003,0.1404225244037425,152
a3,github,modernbert_cleanliness,rps_doc_word_count,203752,0.31947535569808894,0.05621602472431132,57
a3,github,modernbert_cleanliness,rps_doc_num_sentences,203752,0.3281011327495075,0.17808364819824185,61
a3,github,modernbert_cleanliness,rps_doc_unigram_entropy,203752,0.2367270860534981,-0.03196178344360149,204
a3,github,modernbert_cleanliness,rps_doc_frac_unique_words,203752,0.45538644314850035,0.07143384154383067,20
a3,github,modernbert_cleanliness,rps_doc_frac_no_alph_words,203752,0.1742157104171837,0.22343502345863578,165
a3,github,modernbert_cleanliness,rps_doc_frac_chars_top_2gram,203752,0.4130860592374758,-0.01688328032515965,186
a3,github,modernbert_cleanliness,rps_doc_frac_chars_top_3gram,203752,0.38823386113415354,0.02219696716358254,183
a3,github,modernbert_cleanliness,rps_lines_uppercase_letter_fraction,203752,0.32670334264103223,-0.2827732651462696,91
a3,github,modernbert_cleanliness,rps_lines_ending_with_terminal_punctution_mark,203752,0.14701890510568247,0.322153342236976,177
a3,github,modernbert_cleanliness,rps_lines_numerical_chars_fraction,203752,0.4189399446356947,-0.04992737025951968,108
a3,github,modernbert_cleanliness,rps_doc_mean_word_length,203752,0.15844799823960348,0.3143874421589631,190
a3,github,modernbert_readability,modernbert_reasoning,203752,0.25558127842369543,0.2920962950075906,194
a3,github,modernbert_readability,modernbert_professionalism,203751,0.5414111318097757,0.12724067527276148,133
a3,github,modernbert_readability,dsir_books,203752,0.36824772624439145,-0.07163067628850747,21
a3,github,modernbert_readability,dsir_wiki,203752,0.3696953586391248,-0.07304704594898308,24
a3,github,modernbert_readability,dsir_math,203752,0.3768123645927446,-0.07257110675862083,17
a3,github,modernbert_readability,qurater,203752,0.19070799787292245,0.5674947034669265,221
a3,github,modernbert_readability,ad_en,203752,0.344766829794466,-0.0045327782404036565,138
a3,github,modernbert_readability,rps_doc_word_count,203752,0.26592969528489274,0.30758622215418785,50
a3,github,modernbert_readability,rps_doc_num_sentences,203752,0.27814515876364504,0.23826213916539368,54
a3,github,modernbert_readability,rps_doc_unigram_entropy,203752,0.22471576825546344,0.2211831986610915,209
a3,github,modernbert_readability,rps_doc_frac_unique_words,203752,0.4274468404560262,-0.21062409611331165,12
a3,github,modernbert_readability,rps_doc_frac_no_alph_words,203752,0.19152441471284798,0.127957467454458,182
a3,github,modernbert_readability,rps_doc_frac_chars_top_2gram,203752,0.3836127989523956,-0.152440271773458,187
a3,github,modernbert_readability,rps_doc_frac_chars_top_3gram,203752,0.366374623313837,-0.1758046518794593,184
a3,github,modernbert_readability,rps_lines_uppercase_letter_fraction,203752,0.28846019543475043,-0.14296993774395125,115
a3,github,modernbert_readability,rps_lines_ending_with_terminal_punctution_mark,203752,0.17320862064478776,0.2197575510962258,154
a3,github,modernbert_readability,rps_lines_numerical_chars_fraction,203752,0.3668677300278264,0.0008548696085835045,93
a3,github,modernbert_readability,rps_doc_mean_word_length,203752,0.20957894049063328,0.3664504621603425,200
a3,github,modernbert_reasoning,modernbert_professionalism,203751,0.4461657033474168,0.5719814428482979,220
a3,github,modernbert_reasoning,dsir_books,203752,0.47919092696806737,-0.5526201969819362,6
a3,github,modernbert_reasoning,dsir_wiki,203752,0.47963074342420736,-0.552757394929375,5
a3,github,modernbert_reasoning,dsir_math,203752,0.48196807196168767,-0.5482872380758881,7
a3,github,modernbert_reasoning,qurater,203752,0.2155393419149538,0.5106119391954795,211
a3,github,modernbert_reasoning,ad_en,203752,0.3417651020909825,-0.0545453220592651,123
a3,github,modernbert_reasoning,rps_doc_word_count,203752,0.2716581138012274,0.3795368128012604,41
a3,github,modernbert_reasoning,rps_doc_num_sentences,203752,0.34328838318189575,-0.039157400113694396,39
a3,github,modernbert_reasoning,rps_doc_unigram_entropy,203752,0.18234905672996102,0.6451170727604449,222
a3,github,modernbert_reasoning,rps_doc_frac_unique_words,203752,0.49557475473316337,-0.5181531534820908,8
a3,github,modernbert_reasoning,rps_doc_frac_no_alph_words,203752,0.31956867888983875,-0.1993018734631185,77
a3,github,modernbert_reasoning,rps_doc_frac_chars_top_2gram,203752,0.35402801872494327,0.00374609068770701,193
a3,github,modernbert_reasoning,rps_doc_frac_chars_top_3gram,203752,0.3686636999930106,-0.15909611283581593,172
a3,github,modernbert_reasoning,rps_lines_uppercase_letter_fraction,203752,0.2818481027923356,0.12384427465954218,47
a3,github,modernbert_reasoning,rps_lines_ending_with_terminal_punctution_mark,203752,0.30063145757441934,-0.0746580291194119,79
a3,github,modernbert_reasoning,rps_lines_numerical_chars_fraction,203752,0.33651238538175077,0.17527910614683417,84
a3,github,modernbert_reasoning,rps_doc_mean_word_length,203752,0.29723791373244973,0.2414481024653222,150
a3,github,modernbert_professionalism,dsir_books,203751,0.45588350540976774,-0.7692254450908781,15
a3,github,modernbert_professionalism,dsir_wiki,203751,0.45363987433366343,-0.7680449720614967,13
a3,github,modernbert_professionalism,dsir_math,203751,0.4439929731587536,-0.7639126819121835,18
a3,github,modernbert_professionalism,qurater,203751,0.41913736967233256,0.2697585996759715,192
a3,github,modernbert_professionalism,ad_en,203751,0.32572523292688527,-0.12387350663043649,173
a3,github,modernbert_professionalism,rps_doc_word_count,203751,0.369495645752591,0.4928905490249545,52
a3,github,modernbert_professionalism,rps_doc_num_sentences,203751,0.3831145147722035,-0.18173544841452416,48
a3,github,modernbert_professionalism,rps_doc_unigram_entropy,203751,0.49479404244738984,0.6903534207079491,141
a3,github,modernbert_professionalism,rps_doc_frac_unique_words,203751,0.4111993753521913,-0.6740026582848252,34
a3,github,modernbert_professionalism,rps_doc_frac_no_alph_words,203751,0.5725038432320185,-0.15749729857028763,40
a3,github,modernbert_professionalism,rps_doc_frac_chars_top_2gram,203751,0.4032926068481473,-0.060455823231844424,151
a3,github,modernbert_professionalism,rps_doc_frac_chars_top_3gram,203751,0.383627229296169,-0.24551680359604006,145
a3,github,modernbert_professionalism,rps_lines_uppercase_letter_fraction,203751,0.3877665839147147,0.20205053748744947,49
a3,github,modernbert_professionalism,rps_lines_ending_with_terminal_punctution_mark,203751,0.5960203481085727,-0.2434066204335755,35
a3,github,modernbert_professionalism,rps_lines_numerical_chars_fraction,203751,0.28922669367452025,0.2526129750408154,87
a3,github,modernbert_professionalism,rps_doc_mean_word_length,203751,0.6812823279252904,-0.18501991237553966,90
a3,github,dsir_books,dsir_wiki,203752,0.0037921235286098955,0.9999288585502334,231
a3,github,dsir_books,dsir_math,203752,0.01748816475632101,0.9996140576898944,229
a3,github,dsir_books,qurater,203752,0.3492830661233023,-0.06945098632783175,28
a3,github,dsir_books,ad_en,203752,0.27050403498361203,0.29299926699329226,96
a3,github,dsir_books,rps_doc_word_count,203752,0.47189461139818856,-0.6108474469877524,198
a3,github,dsir_books,rps_doc_num_sentences,203752,0.30500392171278035,0.15510745450601016,206
a3,github,dsir_books,rps_doc_unigram_entropy,203752,0.5159354100329129,-0.8821036329321751,3
a3,github,dsir_books,rps_doc_frac_unique_words,203752,0.15892351269457733,0.8139960633251269,226
a3,github,dsir_books,rps_doc_frac_no_alph_words,203752,0.31918231882528075,0.32179609689204297,134
a3,github,dsir_books,rps_doc_frac_chars_top_2gram,203752,0.35175990595099726,0.10153250746292465,11
a3,github,dsir_books,rps_doc_frac_chars_top_3gram,203752,0.2883034017479551,0.3341242115602902,45
a3,github,dsir_books,rps_lines_uppercase_letter_fraction,203752,0.3760973543119128,-0.38940296942550384,130
a3,github,dsir_books,rps_lines_ending_with_terminal_punctution_mark,203752,0.3339467664921485,0.3368613038407709,114
a3,github,dsir_books,rps_lines_numerical_chars_fraction,203752,0.36808771483964053,-0.2630884550024516,111
a3,github,dsir_books,rps_doc_mean_word_length,203752,0.4205754876335748,0.04301922183720475,69
a3,github,dsir_wiki,dsir_math,203752,0.014759232353184144,0.9995965007699067,230
a3,github,dsir_wiki,qurater,203752,0.3494869563677583,-0.06980699851308522,27
a3,github,dsir_wiki,ad_en,203752,0.26997652694322816,0.2936021805352944,95
a3,github,dsir_wiki,rps_doc_word_count,203752,0.4713504520503741,-0.61081673024299,199
a3,github,dsir_wiki,rps_doc_num_sentences,203752,0.30372384031015454,0.15494783476585672,208
a3,github,dsir_wiki,rps_doc_unigram_entropy,203752,0.5167720564973455,-0.8827204339267049,2
a3,github,dsir_wiki,rps_doc_frac_unique_words,203752,0.15779538741658072,0.8142454854939225,227
a3,github,dsir_wiki,rps_doc_frac_no_alph_words,203752,0.3209474373863436,0.3220759240890652,131
a3,github,dsir_wiki,rps_doc_frac_chars_top_2gram,203752,0.35164272254996093,0.10126677703895304,10
a3,github,dsir_wiki,rps_doc_frac_chars_top_3gram,203752,0.2882610029067767,0.33389801265981495,44
a3,github,dsir_wiki,rps_lines_uppercase_letter_fraction,203752,0.3759954586810334,-0.3907190417978538,129
a3,github,dsir_wiki,rps_lines_ending_with_terminal_punctution_mark,203752,0.3360091874395745,0.33722079216219586,109
a3,github,dsir_wiki,rps_lines_numerical_chars_fraction,203752,0.36731580686408694,-0.2634075302424249,107
a3,github,dsir_wiki,rps_doc_mean_word_length,203752,0.42307564220716093,0.04108228317276067,68
a3,github,dsir_math,qurater,203752,0.3514708759979744,-0.06881384922992453,22
a3,github,dsir_math,ad_en,203752,0.26829705189076697,0.2988251601992454,97
a3,github,dsir_math,rps_doc_word_count,203752,0.46942019811381513,-0.6112003133168098,197
a3,github,dsir_math,rps_doc_num_sentences,203752,0.2987028129430421,0.1539147714353164,207
a3,github,dsir_math,rps_doc_unigram_entropy,203752,0.5220971430649461,-0.8827958679839347,1
a3,github,dsir_math,rps_doc_frac_unique_words,203752,0.15380047765280677,0.81317293226311,228
a3,github,dsir_math,rps_doc_frac_no_alph_words,203752,0.3317706492408898,0.3145090329128352,121
a3,github,dsir_math,rps_doc_frac_chars_top_2gram,203752,0.3518948306205836,0.10121068793277763,9
a3,github,dsir_math,rps_doc_frac_chars_top_3gram,203752,0.2893651717247337,0.33441132695066345,43
a3,github,dsir_math,rps_lines_uppercase_letter_fraction,203752,0.3759653121674349,-0.387788387101951,124
a3,github,dsir_math,rps_lines_ending_with_terminal_punctution_mark,203752,0.34749693049518543,0.3320581061145651,99
a3,github,dsir_math,rps_lines_numerical_chars_fraction,203752,0.3644132463455645,-0.26341765429312586,106
a3,github,dsir_math,rps_doc_mean_word_length,203752,0.43437439577299863,0.042329974229297025,65
a3,github,qurater,ad_en,203752,0.2661243183693236,0.0744514318767798,148
a3,github,qurater,rps_doc_word_count,203752,0.25357488819662755,0.19143629463131678,51
a3,github,qurater,rps_doc_num_sentences,203752,0.27037669899111,0.07555689199684353,55
a3,github,qurater,rps_doc_unigram_entropy,203752,0.26773638408150613,0.20170454985457606,191
a3,github,qurater,rps_doc_frac_unique_words,203752,0.3865501101848329,-0.17250594745553746,14
a3,github,qurater,rps_doc_frac_no_alph_words,203752,0.25300220656148303,0.11308264912821646,153
a3,github,qurater,rps_doc_frac_chars_top_2gram,203752,0.3423440219479563,-0.010353990117526307,171
a3,github,qurater,rps_doc_frac_chars_top_3gram,203752,0.32643723006380365,-0.07078204668374471,159
a3,github,qurater,rps_lines_uppercase_letter_fraction,203752,0.25927354177000206,-0.1550346018223018,102
a3,github,qurater,rps_lines_ending_with_terminal_punctution_mark,203752,0.2549690872631241,0.1907097349986063,113
a3,github,qurater,rps_lines_numerical_chars_fraction,203752,0.28108652527295525,0.03488677047078021,100
a3,github,qurater,rps_doc_mean_word_length,203752,0.3113728308172381,0.23922301520915884,176
a3,github,ad_en,rps_doc_word_count,203752,0.3132336901200382,-0.20105572078075706,81
a3,github,ad_en,rps_doc_num_sentences,203752,0.2843863586279292,0.0030738216038054653,75
a3,github,ad_en,rps_doc_unigram_entropy,203752,0.3749453725308773,-0.29636815169715175,56
a3,github,ad_en,rps_doc_frac_unique_words,203752,0.2998321114909707,0.1630574010782309,82
a3,github,ad_en,rps_doc_frac_no_alph_words,203752,0.3416106531817798,-0.025230501236571314,73
a3,github,ad_en,rps_doc_frac_chars_top_2gram,203752,0.3272943476006122,0.0002664925851465686,110
a3,github,ad_en,rps_doc_frac_chars_top_3gram,203752,0.2821945467106628,0.07700824745499026,144
a3,github,ad_en,rps_lines_uppercase_letter_fraction,203752,0.25639254142789397,-0.07886677630436902,74
a3,github,ad_en,rps_lines_ending_with_terminal_punctution_mark,203752,0.3577933955638555,-0.0084734938430847,62
a3,github,ad_en,rps_lines_numerical_chars_fraction,203752,0.26305781660240096,-0.11422568301110844,88
a3,github,ad_en,rps_doc_mean_word_length,203752,0.4353436846396568,0.07006213479967752,122
a3,github,rps_doc_word_count,rps_doc_num_sentences,203752,0.2664764212374842,0.26578385113514547,225
a3,github,rps_doc_word_count,rps_doc_unigram_entropy,203752,0.26351586122810067,0.6254363498589414,16
a3,github,rps_doc_word_count,rps_doc_frac_unique_words,203752,0.44653576668781153,-0.5167871293714287,203
a3,github,rps_doc_word_count,rps_doc_frac_no_alph_words,203752,0.32897542386104306,-0.20670016949365774,117
a3,github,rps_doc_word_count,rps_doc_frac_chars_top_2gram,203752,0.3771552485193701,-0.24449656327418431,36
a3,github,rps_doc_word_count,rps_doc_frac_chars_top_3gram,203752,0.4045953416845095,-0.4307389110865242,37
a3,github,rps_doc_word_count,rps_lines_uppercase_letter_fraction,203752,0.23724976885248186,0.22213817994377189,166
a3,github,rps_doc_word_count,rps_lines_ending_with_terminal_punctution_mark,203752,0.3313181480155099,-0.17677715609884423,83
a3,github,rps_doc_word_count,rps_lines_numerical_chars_fraction,203752,0.2890364922281514,0.2113167909349689,136
a3,github,rps_doc_word_count,rps_doc_mean_word_length,203752,0.37885647503887226,0.08569796048667837,94
a3,github,rps_doc_num_sentences,rps_doc_unigram_entropy,203752,0.3675991082191012,-0.08932250801566055,30
a3,github,rps_doc_num_sentences,rps_doc_frac_unique_words,203752,0.3156593932923519,0.13452810199720616,205
a3,github,rps_doc_num_sentences,rps_doc_frac_no_alph_words,203752,0.3096634653758213,-0.0228398405989655,139
a3,github,rps_doc_num_sentences,rps_doc_frac_chars_top_2gram,203752,0.3901969773854741,-0.18546108557381685,38
a3,github,rps_doc_num_sentences,rps_doc_frac_chars_top_3gram,203752,0.3520005726410609,-0.13489417526654268,42
a3,github,rps_doc_num_sentences,rps_lines_uppercase_letter_fraction,203752,0.27256104166311756,-0.026207272906449412,169
a3,github,rps_doc_num_sentences,rps_lines_ending_with_terminal_punctution_mark,203752,0.3075399159093086,0.08907470857190977,98
a3,github,rps_doc_num_sentences,rps_lines_numerical_chars_fraction,203752,0.30091158420580993,0.0024533410328635855,140
a3,github,rps_doc_num_sentences,rps_doc_mean_word_length,203752,0.38510050855406824,0.05432990602016191,112
a3,github,rps_doc_unigram_entropy,rps_doc_frac_unique_words,203752,0.506028030077557,-0.6363638900482501,4
a3,github,rps_doc_unigram_entropy,rps_doc_frac_no_alph_words,203752,0.2752124795539025,-0.23699678636171734,89
a3,github,rps_doc_unigram_entropy,rps_doc_frac_chars_top_2gram,203752,0.3157255341165769,0.025062664717079203,216
a3,github,rps_doc_unigram_entropy,rps_doc_frac_chars_top_3gram,203752,0.3367956302372936,-0.19998003780775628,181
a3,github,rps_doc_unigram_entropy,rps_lines_uppercase_letter_fraction,203752,0.2600167440827798,0.28293140870536276,64
a3,github,rps_doc_unigram_entropy,rps_lines_ending_with_terminal_punctution_mark,203752,0.2641325090010043,-0.19287849986450617,78
a3,github,rps_doc_unigram_entropy,rps_lines_numerical_chars_fraction,203752,0.35346019398526607,0.25630756643026464,67
a3,github,rps_doc_unigram_entropy,rps_doc_mean_word_length,203752,0.2707328747588465,0.1514282527511522,147
a3,github,rps_doc_frac_unique_words,rps_doc_frac_no_alph_words,203752,0.378203611072344,0.25272287182425857,92
a3,github,rps_doc_frac_unique_words,rps_doc_frac_chars_top_2gram,203752,0.31207004183141124,0.3020293698051342,33
a3,github,rps_doc_frac_unique_words,rps_doc_frac_chars_top_3gram,203752,0.2644342166027612,0.49061917872580124,58
a3,github,rps_doc_frac_unique_words,rps_lines_uppercase_letter_fraction,203752,0.37362831163109705,-0.2922227748990462,126
a3,github,rps_doc_frac_unique_words,rps_lines_ending_with_terminal_punctution_mark,203752,0.39653636679841714,0.2572046908387893,72
a3,github,rps_doc_frac_unique_words,rps_lines_numerical_chars_fraction,203752,0.35441622038135234,-0.19977708756137288,105
a3,github,rps_doc_frac_unique_words,rps_doc_mean_word_length,203752,0.4969134379401011,-0.16135027267133234,53
a3,github,rps_doc_frac_no_alph_words,rps_doc_frac_chars_top_2gram,203752,0.3665831765389951,0.12412477656575574,127
a3,github,rps_doc_frac_no_alph_words,rps_doc_frac_chars_top_3gram,203752,0.33531111171628525,0.16754149494873896,163
a3,github,rps_doc_frac_no_alph_words,rps_lines_uppercase_letter_fraction,203752,0.31960265537253846,-0.41840046297357014,168
a3,github,rps_doc_frac_no_alph_words,rps_lines_ending_with_terminal_punctution_mark,203752,0.13976161920641175,0.3584105650721072,219
a3,github,rps_doc_frac_no_alph_words,rps_lines_numerical_chars_fraction,203752,0.3687943428558791,-0.05149010571280013,179
a3,github,rps_doc_frac_no_alph_words,rps_doc_mean_word_length,203752,0.22750352392576514,-0.18012682519149148,201
a3,github,rps_doc_frac_chars_top_2gram,rps_doc_frac_chars_top_3gram,203752,0.21681653922376662,0.5640809679769373,223
a3,github,rps_doc_frac_chars_top_2gram,rps_lines_uppercase_letter_fraction,203752,0.33557886082299426,-0.08563985182319425,76
a3,github,rps_doc_frac_chars_top_2gram,rps_lines_ending_with_terminal_punctution_mark,203752,0.3837062848214921,0.08733835639674792,125
a3,github,rps_doc_frac_chars_top_2gram,rps_lines_numerical_chars_fraction,203752,0.34308497864228443,-0.03684378599498291,116
a3,github,rps_doc_frac_chars_top_2gram,rps_doc_mean_word_length,203752,0.45205320160318047,-0.06659943300190183,135
a3,github,rps_doc_frac_chars_top_3gram,rps_lines_uppercase_letter_fraction,203752,0.31868729015629166,-0.15239038196049434,101
a3,github,rps_doc_frac_chars_top_3gram,rps_lines_ending_with_terminal_punctution_mark,203752,0.34892023918928156,0.14049284654480237,167
a3,github,rps_doc_frac_chars_top_3gram,rps_lines_numerical_chars_fraction,203752,0.31975422408884074,-0.08729337371993069,149
a3,github,rps_doc_frac_chars_top_3gram,rps_doc_mean_word_length,203752,0.42493880733650324,-0.0724170807257051,156
a3,github,rps_lines_uppercase_letter_fraction,rps_lines_ending_with_terminal_punctution_mark,203752,0.3411619805709016,-0.7439959812460517,119
a3,github,rps_lines_uppercase_letter_fraction,rps_lines_numerical_chars_fraction,203752,0.25353625828265025,0.123808746149718,137
a3,github,rps_lines_uppercase_letter_fraction,rps_doc_mean_word_length,203752,0.38218479301043057,-0.038538627077620125,128
a3,github,rps_lines_ending_with_terminal_punctution_mark,rps_lines_numerical_chars_fraction,203752,0.38917760261981044,-0.0956251034761784,146
a3,github,rps_lines_ending_with_terminal_punctution_mark,rps_doc_mean_word_length,203752,0.18063512575991827,0.18576775256465913,175
a3,github,rps_lines_numerical_chars_fraction,rps_doc_mean_word_length,203752,0.47731038070402093,-0.04714873734649858,120
