model_form,omitted_trajectory,run_id,N_params_B,D_tokens_B,observed_val_loss,predicted_val_loss,residual_pred_minus_obs,outside_training_N_range
m0_current,EleutherAI/pythia-70m,8,0.070542,0.134,4.7388,4.738647259,-0.000152740997657,True
m0_current,EleutherAI/pythia-70m,9,0.070542,0.268,4.3541,4.35479647031,0.00069647031433,True
m0_current,EleutherAI/pythia-70m,10,0.070542,0.537,4.0384,4.03785971256,-0.000540287442788,True
m0_current,EleutherAI/pythia-70m,11,0.070542,1.074,3.7776,3.77757846615,-2.1533853952e-05,True
m0_current,EleutherAI/pythia-70m,12,0.070542,2.097,3.5698,3.56994976314,0.000149763141836,True
m0_current,EleutherAI/pythia-70m,13,0.070542,4.194,3.3922,3.39217486059,-2.51394147028e-05,True
m0_current,EleutherAI/pythia-70m,14,0.070542,6.291,3.3024,3.30309347725,0.000693477251181,True
m0_current,EleutherAI/pythia-70m,15,0.070542,8.389,3.2452,3.24572410462,0.000524104617914,True
m0_current,EleutherAI/pythia-70m,16,0.070542,10.486,3.2041,3.20432134448,0.000221344480764,True
m0_current,EleutherAI/pythia-70m,17,0.070542,12.583,3.172,3.17235963822,0.000359638216653,True
m0_current,EleutherAI/pythia-70m,18,0.070542,14.68,3.1466,3.14657959011,-2.04098862637e-05,True
m0_current,EleutherAI/pythia-70m,19,0.070542,16.777,3.1248,3.12512915915,0.000329159147161,True
m0_current,EleutherAI/pythia-70m,20,0.070542,18.874,3.1064,3.10686240676,0.000462406759927,True
m0_current,EleutherAI/pythia-70m,21,0.070542,20.972,3.0913,3.09101753101,-0.000282468989584,True
m0_current,EleutherAI/pythia-70m,22,0.070542,23.069,3.077,3.0770880103,8.80103046583e-05,True
m0_current,EleutherAI/pythia-70m,23,0.070542,25.166,3.0646,3.06469161755,9.16175532364e-05,True
m0_current,EleutherAI/pythia-70m,24,0.070542,27.263,3.0531,3.05355146689,0.000451466891202,True
m0_current,EleutherAI/pythia-70m,25,0.070542,29.36,3.0432,3.04345735335,0.000257353347468,True
m0_current,EleutherAI/pythia-70m,26,0.070542,31.457,3.0342,3.0342462263,4.62262998044e-05,True
m0_current,EleutherAI/pythia-70m,27,0.070542,33.554,3.0254,3.0257892669,0.000389266901178,True
m0_current,EleutherAI/pythia-70m,28,0.070542,35.652,3.018,3.017979491,-2.05090027965e-05,True
m0_current,EleutherAI/pythia-70m,29,0.070542,37.749,3.0105,3.01074015374,0.000240153743586,True
m0_current,EleutherAI/pythia-70m,30,0.070542,39.846,3.0039,3.00399805095,9.80509491857e-05,True
m0_current,EleutherAI/pythia-70m,31,0.070542,41.943,2.9975,2.99769543504,0.000195435038765,True
m0_current,EleutherAI/pythia-70m,32,0.070542,44.04,2.9921,2.99178374042,-0.000316259584064,True
m0_current,EleutherAI/pythia-70m,33,0.070542,46.137,2.9861,2.98622176624,0.000121766236292,True
m0_current,EleutherAI/pythia-70m,34,0.070542,48.234,2.9807,2.9809742833,0.000274283304757,True
m0_current,EleutherAI/pythia-70m,35,0.070542,50.332,2.9761,2.97600864892,-9.13510801861e-05,True
m0_current,EleutherAI/pythia-70m,36,0.070542,52.429,2.971,2.97130328798,0.000303287983388,True
m0_current,EleutherAI/pythia-70m,37,0.070542,54.526,2.9668,2.96683283585,3.28358450918e-05,True
m0_current,EleutherAI/pythia-70m,38,0.070542,56.623,2.9621,2.96257718448,0.000477184480274,True
m0_current,EleutherAI/pythia-70m,39,0.070542,58.72,2.9582,2.95851861265,0.000318612649891,True
m0_current,EleutherAI/pythia-70m,40,0.070542,60.817,2.9546,2.9546414291,4.14291012225e-05,True
m0_current,EleutherAI/pythia-70m,41,0.070542,62.915,2.951,2.95092994818,-7.00518174592e-05,True
m0_current,EleutherAI/pythia-70m,42,0.070542,65.012,2.9473,2.947375243,7.52429957109e-05,True
m0_current,EleutherAI/pythia-70m,43,0.070542,67.109,2.9439,2.94396433774,6.43377427858e-05,True
m0_current,EleutherAI/pythia-70m,44,0.070542,69.206,2.9406,2.94068718698,8.71869766623e-05,True
m0_current,EleutherAI/pythia-70m,45,0.070542,71.303,2.9372,2.93753472484,0.000334724836209,True
m0_current,EleutherAI/pythia-70m,46,0.070542,73.4,2.9343,2.93449874399,0.000198743989873,True
m0_current,EleutherAI/pythia-70m,47,0.070542,75.497,2.9314,2.93157179252,0.00017179251768,True
m0_current,EleutherAI/pythia-70m,48,0.070542,77.595,2.9289,2.92874576202,-0.000154237983263,True
m0_current,EleutherAI/pythia-70m,49,0.070542,79.692,2.926,2.9260171507,1.71506993358e-05,True
m0_current,EleutherAI/pythia-70m,50,0.070542,81.789,2.923,2.92337892023,0.000378920228564,True
m0_current,EleutherAI/pythia-70m,51,0.070542,83.886,2.9208,2.92082587212,2.58721223885e-05,True
m0_current,EleutherAI/pythia-70m,52,0.070542,85.983,2.9182,2.91835322748,0.00015322748272,True
m0_current,EleutherAI/pythia-70m,53,0.070542,88.08,2.9158,2.91595658386,0.000156583864126,True
m0_current,EleutherAI/pythia-70m,54,0.070542,90.178,2.9137,2.91363078545,-6.9214551321e-05,True
m0_current,EleutherAI/pythia-70m,55,0.070542,92.275,2.9115,2.91137428963,-0.000125710368461,True
m0_current,EleutherAI/pythia-70m,56,0.070542,94.372,2.9093,2.90918248894,-0.000117511061152,True
m0_current,EleutherAI/pythia-70m,57,0.070542,96.469,2.9068,2.90705215156,0.000252151564819,True
m0_current,EleutherAI/pythia-70m,58,0.070542,98.566,2.9049,2.90498027299,8.02729855773e-05,True
m0_current,EleutherAI/pythia-70m,59,0.070542,100.663,2.903,2.90296405554,-3.59444608784e-05,True
m0_current,EleutherAI/pythia-70m,60,0.070542,102.76,2.9011,2.90100089022,-9.91097778984e-05,True
m0_current,EleutherAI/pythia-70m,61,0.070542,104.858,2.8989,2.89908744009,0.00018744008789,True
m0_current,EleutherAI/pythia-70m,62,0.070542,106.955,2.8971,2.89722324955,0.000123249546382,True
m0_current,EleutherAI/pythia-70m,63,0.070542,109.052,2.8951,2.8954052607,0.00030526069688,True
m0_current,EleutherAI/pythia-70m,64,0.070542,111.149,2.8933,2.89363147252,0.00033147252147,True
m0_current,EleutherAI/pythia-70m,65,0.070542,113.246,2.892,2.89190000636,-9.99936411819e-05,True
m0_current,EleutherAI/pythia-70m,66,0.070542,115.343,2.8904,2.89020909632,-0.000190903680233,True
m0_current,EleutherAI/pythia-70m,67,0.070542,117.441,2.8885,2.88855630184,5.63018384718e-05,True
m0_current,EleutherAI/pythia-70m,68,0.070542,119.538,2.8871,2.88694163234,-0.000158367655608,True
m0_current,EleutherAI/pythia-70m,69,0.070542,121.635,2.8854,2.88536281446,-3.7185537392e-05,True
m0_current,EleutherAI/pythia-70m,70,0.070542,123.732,2.8836,2.88381845434,0.000218454339546,True
m0_current,EleutherAI/pythia-70m,71,0.070542,125.829,2.8823,2.88230723478,7.23477591658e-06,True
m0_current,EleutherAI/pythia-70m,72,0.070542,127.926,2.8811,2.88082790982,-0.000272090183507,True
m0_current,EleutherAI/pythia-70m,73,0.070542,130.023,2.8793,2.8793792998,7.92998033159e-05,True
m0_current,EleutherAI/pythia-70m,74,0.070542,132.121,2.8782,2.87795961705,-0.000240382951762,True
m0_current,EleutherAI/pythia-70m,75,0.070542,134.218,2.876,2.87656915423,0.00056915423366,True
m0_current,EleutherAI/pythia-70m,76,0.070542,136.315,2.8753,2.87520622125,-9.37787481763e-05,True
m0_current,EleutherAI/pythia-70m,77,0.070542,138.412,2.8738,2.87386986194,6.98619386177e-05,True
m0_current,EleutherAI/pythia-70m,78,0.070542,140.509,2.8724,2.87255916719,0.0001591671895,True
m0_current,EleutherAI/pythia-70m,79,0.070542,142.606,2.8712,2.87127327198,7.32719818486e-05,True
m0_current,EleutherAI/pythia-70m,80,0.070542,144.703,2.8696,2.87001135263,0.000411352626343,True
m0_current,EleutherAI/pythia-70m,81,0.070542,146.801,2.8687,2.86877203892,7.20389239501e-05,True
m0_current,EleutherAI/pythia-70m,82,0.070542,148.898,2.8676,2.86755576356,-4.42364440336e-05,True
m0_current,EleutherAI/pythia-70m,83,0.070542,150.995,2.8666,2.86636121617,-0.000238783830215,True
m0_current,EleutherAI/pythia-70m,84,0.070542,153.092,2.865,2.86518771484,0.000187714839159,True
m0_current,EleutherAI/pythia-70m,85,0.070542,155.189,2.8638,2.86403460801,0.000234608009576,True
m0_current,EleutherAI/pythia-70m,86,0.070542,157.286,2.8628,2.86290127276,0.000101272756756,True
m0_current,EleutherAI/pythia-70m,87,0.070542,159.384,2.8619,2.86178658634,-0.000113413661853,True
m0_current,EleutherAI/pythia-70m,88,0.070542,161.481,2.8607,2.86069104074,-8.95926099975e-06,True
m0_current,EleutherAI/pythia-70m,89,0.070542,163.578,2.8595,2.85961355382,0.000113553819804,True
m0_current,EleutherAI/pythia-70m,90,0.070542,165.675,2.8586,2.85855360206,-4.63979398835e-05,True
m0_current,EleutherAI/pythia-70m,91,0.070542,167.772,2.8575,2.8575106835,1.06834993083e-05,True
m0_current,EleutherAI/pythia-70m,92,0.070542,169.869,2.8566,2.85648431659,-0.000115683407676,True
m0_current,EleutherAI/pythia-70m,93,0.070542,171.966,2.8553,2.85547403914,0.000174039139449,True
m0_current,EleutherAI/pythia-70m,94,0.070542,174.064,2.8544,2.85447893664,7.89366363874e-05,True
m0_current,EleutherAI/pythia-70m,95,0.070542,176.161,2.8534,2.85349953109,9.95310864034e-05,True
m0_current,EleutherAI/pythia-70m,96,0.070542,178.258,2.8522,2.85253493456,0.000334934564676,True
m0_current,EleutherAI/pythia-70m,97,0.070542,180.355,2.8516,2.85158475285,-1.52471490824e-05,True
m0_current,EleutherAI/pythia-70m,98,0.070542,182.452,2.8506,2.85064860665,4.86066479866e-05,True
m0_current,EleutherAI/pythia-70m,99,0.070542,184.549,2.8497,2.84972613085,2.61308531417e-05,True
m0_current,EleutherAI/pythia-70m,100,0.070542,186.647,2.8487,2.84881654344,0.000116543444268,True
m0_current,EleutherAI/pythia-70m,101,0.070542,188.744,2.8476,2.84792037266,0.00032037265965,True
m0_current,EleutherAI/pythia-70m,102,0.070542,190.841,2.8469,2.84703685533,0.000136855334093,True
m0_current,EleutherAI/pythia-70m,103,0.070542,192.938,2.8461,2.84616567668,6.56766844154e-05,True
m0_current,EleutherAI/pythia-70m,104,0.070542,195.035,2.8451,2.84530653307,0.00020653307168,True
m0_current,EleutherAI/pythia-70m,105,0.070542,197.132,2.8444,2.84445913149,5.91314918599e-05,True
m0_current,EleutherAI/pythia-70m,106,0.070542,199.229,2.8436,2.84362318909,2.31890949154e-05,True
m0_current,EleutherAI/pythia-70m,107,0.070542,201.327,2.8431,2.84279804205,-0.000301957946477,True
m0_current,EleutherAI/pythia-70m,108,0.070542,203.424,2.842,2.84198421299,-1.57870119346e-05,True
m0_current,EleutherAI/pythia-70m,109,0.070542,205.521,2.8412,2.84118105094,-1.89490614715e-05,True
m0_current,EleutherAI/pythia-70m,110,0.070542,207.618,2.8403,2.84038830937,8.83093714252e-05,True
m0_current,EleutherAI/pythia-70m,111,0.070542,209.715,2.8392,2.83960574987,0.000405749868075,True
m0_current,EleutherAI/pythia-70m,112,0.070542,211.812,2.8388,2.83883314178,3.31417795207e-05,True
m0_current,EleutherAI/pythia-70m,113,0.070542,213.91,2.838,2.83806990039,6.99003895499e-05,True
m0_current,EleutherAI/pythia-70m,114,0.070542,216.007,2.8377,2.83731653713,-0.000383462870698,True
m0_current,EleutherAI/pythia-70m,115,0.070542,218.104,2.8365,2.83657247667,7.24766687181e-05,True
m0_current,EleutherAI/pythia-70m,116,0.070542,220.201,2.8358,2.83583751633,3.75163325135e-05,True
m0_current,EleutherAI/pythia-70m,117,0.070542,222.298,2.8351,2.83511145974,1.14597376659e-05,True
m0_current,EleutherAI/pythia-70m,118,0.070542,224.395,2.8341,2.83439411654,0.000294116540898,True
m0_current,EleutherAI/pythia-70m,119,0.070542,226.492,2.8338,2.8336853022,-0.000114697801464,True
m0_current,EleutherAI/pythia-70m,120,0.070542,228.59,2.8331,2.83298450567,-0.000115494329608,True
m0_current,EleutherAI/pythia-70m,121,0.070542,230.687,2.8324,2.83229222133,-0.000107778668632,True
m0_current,EleutherAI/pythia-70m,122,0.070542,232.784,2.8314,2.8316079447,0.000207944703961,True
m0_current,EleutherAI/pythia-70m,123,0.070542,234.881,2.8311,2.83093151227,-0.000168487732475,True
m0_current,EleutherAI/pythia-70m,124,0.070542,236.978,2.83,2.83026276526,0.000262765262577,True
m0_current,EleutherAI/pythia-70m,125,0.070542,239.075,2.8297,2.82960154951,-9.84504885038e-05,True
m0_current,EleutherAI/pythia-70m,126,0.070542,241.172,2.8293,2.82894771525,-0.000352284752525,True
m0_current,EleutherAI/pythia-70m,127,0.070542,243.27,2.8281,2.82830081031,0.000200810310322,True
m0_current,EleutherAI/pythia-70m,128,0.070542,245.367,2.8275,2.8276613099,0.000161309904538,True
m0_current,EleutherAI/pythia-70m,129,0.070542,247.464,2.827,2.82702876649,2.87664898044e-05,True
m0_current,EleutherAI/pythia-70m,130,0.070542,249.561,2.8263,2.82640304638,0.000103046383913,True
m0_current,EleutherAI/pythia-70m,131,0.070542,251.658,2.8255,2.82578401957,0.000284019569282,True
m0_current,EleutherAI/pythia-70m,132,0.070542,253.755,2.8251,2.82517155956,7.15595629526e-05,True
m0_current,EleutherAI/pythia-70m,133,0.070542,255.853,2.8243,2.82456525582,0.000265255818179,True
m0_current,EleutherAI/pythia-70m,134,0.070542,257.95,2.824,2.82396556649,-3.44335107103e-05,True
m0_current,EleutherAI/pythia-70m,135,0.070542,260.047,2.8232,2.82337208446,0.000172084455621,True
m0_current,EleutherAI/pythia-70m,136,0.070542,262.144,2.823,2.82278469618,-0.00021530381724,True
m0_current,EleutherAI/pythia-70m,137,0.070542,264.241,2.822,2.8222032911,0.000203291099969,True
m0_current,EleutherAI/pythia-70m,138,0.070542,266.338,2.8215,2.8216277615,0.000127761500038,True
m0_current,EleutherAI/pythia-70m,139,0.070542,268.435,2.8212,2.82105800244,-0.000141997556732,True
m0_current,EleutherAI/pythia-70m,140,0.070542,270.533,2.8202,2.820493644,0.000293644002674,True
m0_current,EleutherAI/pythia-70m,141,0.070542,272.63,2.8199,2.81993512446,3.51244587153e-05,True
m0_current,EleutherAI/pythia-70m,142,0.070542,274.727,2.8196,2.8193820763,-0.000217923703989,True
m0_current,EleutherAI/pythia-70m,143,0.070542,276.824,2.8185,2.81883440476,0.000334404761949,True
m0_current,EleutherAI/pythia-70m,144,0.070542,278.921,2.8183,2.81829201745,-7.9825532131e-06,True
m0_current,EleutherAI/pythia-70m,145,0.070542,281.018,2.8178,2.81775482421,-4.51757913824e-05,True
m0_current,EleutherAI/pythia-70m,146,0.070542,283.116,2.8173,2.81722248457,-7.75154316721e-05,True
m0_current,EleutherAI/pythia-70m,147,0.070542,285.213,2.8164,2.81669542015,0.000295420146072,True
m0_current,EleutherAI/pythia-70m,148,0.070542,287.31,2.8159,2.81617329224,0.000273292235719,True
m0_current,EleutherAI/pythia-70m,149,0.070542,289.407,2.8157,2.81565601907,-4.39809257711e-05,True
m0_current,EleutherAI/pythia-70m,150,0.070542,291.504,2.8152,2.81514352083,-5.64791672524e-05,True
m0_current,EleutherAI/pythia-70m,151,0.070542,293.601,2.8146,2.81463571956,3.57195573319e-05,True
m0_current,EleutherAI/pythia-70m,152,0.070542,295.698,2.8142,2.81413253911,-6.74608881051e-05,True
m0_current,EleutherAI/pythia-70m,153,0.070542,297.796,2.8135,2.81363366841,0.000133668411762,True
m0_current,EleutherAI/pythia-70m,154,0.070542,299.893,2.8131,2.81313951033,3.95103332078e-05,True
m0_no_floor,EleutherAI/pythia-70m,8,0.070542,0.134,4.7388,4.58702430881,-0.151775691192,True
m0_no_floor,EleutherAI/pythia-70m,9,0.070542,0.268,4.3541,4.20558432089,-0.148515679111,True
m0_no_floor,EleutherAI/pythia-70m,10,0.070542,0.537,4.0384,3.8901486499,-0.148251350099,True
m0_no_floor,EleutherAI/pythia-70m,11,0.070542,1.074,3.7776,3.63069750116,-0.146902498838,True
m0_no_floor,EleutherAI/pythia-70m,12,0.070542,2.097,3.5698,3.42341495388,-0.146385046117,True
m0_no_floor,EleutherAI/pythia-70m,13,0.070542,4.194,3.3922,3.24566604435,-0.146533955646,True
m0_no_floor,EleutherAI/pythia-70m,14,0.070542,6.291,3.3024,3.15648668206,-0.145913317937,True
m0_no_floor,EleutherAI/pythia-70m,15,0.070542,8.389,3.2452,3.09900940432,-0.146190595676,True
m0_no_floor,EleutherAI/pythia-70m,16,0.070542,10.486,3.2041,3.05750498203,-0.146595017967,True
m0_no_floor,EleutherAI/pythia-70m,17,0.070542,12.583,3.172,3.02545023209,-0.146549767906,True
m0_no_floor,EleutherAI/pythia-70m,18,0.070542,14.68,3.1466,2.99958538924,-0.147014610763,True
m0_no_floor,EleutherAI/pythia-70m,19,0.070542,16.777,3.1248,2.97805747056,-0.146742529437,True
m0_no_floor,EleutherAI/pythia-70m,20,0.070542,18.874,3.1064,2.95971957257,-0.146680427433,True
m0_no_floor,EleutherAI/pythia-70m,21,0.070542,20.972,3.0913,2.94380900955,-0.147490990447,True
m0_no_floor,EleutherAI/pythia-70m,22,0.070542,23.069,3.077,2.92981859943,-0.147181400572,True
m0_no_floor,EleutherAI/pythia-70m,23,0.070542,25.166,3.0646,2.91736547832,-0.147234521677,True
m0_no_floor,EleutherAI/pythia-70m,24,0.070542,27.263,3.0531,2.90617225586,-0.146927744142,True
m0_no_floor,EleutherAI/pythia-70m,25,0.070542,29.36,3.0432,2.89602830423,-0.147171695767,True
m0_no_floor,EleutherAI/pythia-70m,26,0.070542,31.457,3.0342,2.88677021639,-0.147429783606,True
m0_no_floor,EleutherAI/pythia-70m,27,0.070542,33.554,3.0254,2.87826887105,-0.147131128951,True
m0_no_floor,EleutherAI/pythia-70m,28,0.070542,35.652,3.018,2.87041700613,-0.147582993873,True
m0_no_floor,EleutherAI/pythia-70m,29,0.070542,37.749,3.0105,2.86313769465,-0.147362305355,True
m0_no_floor,EleutherAI/pythia-70m,30,0.070542,39.846,3.0039,2.85635751956,-0.147542480438,True
m0_no_floor,EleutherAI/pythia-70m,31,0.070542,41.943,2.9975,2.85001856593,-0.14748143407,True
m0_no_floor,EleutherAI/pythia-70m,32,0.070542,44.04,2.9921,2.84407212163,-0.148027878372,True
m0_no_floor,EleutherAI/pythia-70m,33,0.070542,46.137,2.9861,2.83847685686,-0.147623143143,True
m0_no_floor,EleutherAI/pythia-70m,34,0.070542,48.234,2.9807,2.83319742838,-0.14750257162,True
m0_no_floor,EleutherAI/pythia-70m,35,0.070542,50.332,2.9761,2.82820107781,-0.147898922187,True
m0_no_floor,EleutherAI/pythia-70m,36,0.070542,52.429,2.971,2.8234661689,-0.147533831103,True
m0_no_floor,EleutherAI/pythia-70m,37,0.070542,54.526,2.9668,2.81896724107,-0.147832758932,True
m0_no_floor,EleutherAI/pythia-70m,38,0.070542,56.623,2.9621,2.81468411348,-0.147415886524,True
m0_no_floor,EleutherAI/pythia-70m,39,0.070542,58.72,2.9582,2.81059899917,-0.147601000833,True
m0_no_floor,EleutherAI/pythia-70m,40,0.070542,60.817,2.9546,2.80669614739,-0.147903852608,True
m0_no_floor,EleutherAI/pythia-70m,41,0.070542,62.915,2.951,2.8029598068,-0.148040193196,True
m0_no_floor,EleutherAI/pythia-70m,42,0.070542,65.012,2.9473,2.79938102497,-0.147918975029,True
m0_no_floor,EleutherAI/pythia-70m,43,0.070542,67.109,2.9439,2.79594676911,-0.147953230894,True
m0_no_floor,EleutherAI/pythia-70m,44,0.070542,69.206,2.9406,2.7926469526,-0.1479530474,True
m0_no_floor,EleutherAI/pythia-70m,45,0.070542,71.303,2.9372,2.78947247181,-0.147727528191,True
m0_no_floor,EleutherAI/pythia-70m,46,0.070542,73.4,2.9343,2.78641508464,-0.147884915365,True
m0_no_floor,EleutherAI/pythia-70m,47,0.070542,75.497,2.9314,2.7834673071,-0.147932692901,True
m0_no_floor,EleutherAI/pythia-70m,48,0.070542,77.595,2.9289,2.78062099163,-0.14827900837,True
m0_no_floor,EleutherAI/pythia-70m,49,0.070542,79.692,2.926,2.77787262834,-0.148127371663,True
m0_no_floor,EleutherAI/pythia-70m,50,0.070542,81.789,2.923,2.77521514364,-0.14778485636,True
m0_no_floor,EleutherAI/pythia-70m,51,0.070542,83.886,2.9208,2.77264331541,-0.148156684593,True
m0_no_floor,EleutherAI/pythia-70m,52,0.070542,85.983,2.9182,2.77015234273,-0.148047657274,True
m0_no_floor,EleutherAI/pythia-70m,53,0.070542,88.08,2.9158,2.76773780262,-0.148062197377,True
m0_no_floor,EleutherAI/pythia-70m,54,0.070542,90.178,2.9137,2.76539451186,-0.148305488136,True
m0_no_floor,EleutherAI/pythia-70m,55,0.070542,92.275,2.9115,2.76312092658,-0.148379073419,True
m0_no_floor,EleutherAI/pythia-70m,56,0.070542,94.372,2.9093,2.76091241407,-0.148387585933,True
m0_no_floor,EleutherAI/pythia-70m,57,0.070542,96.469,2.9068,2.75876572676,-0.148034273237,True
m0_no_floor,EleutherAI/pythia-70m,58,0.070542,98.566,2.9049,2.75667784535,-0.148222154653,True
m0_no_floor,EleutherAI/pythia-70m,59,0.070542,100.663,2.903,2.75464595824,-0.148354041759,True
m0_no_floor,EleutherAI/pythia-70m,60,0.070542,102.76,2.9011,2.75266744334,-0.14843255666,True
m0_no_floor,EleutherAI/pythia-70m,61,0.070542,104.858,2.8989,2.75073894425,-0.148161055755,True
m0_no_floor,EleutherAI/pythia-70m,62,0.070542,106.955,2.8971,2.74886000805,-0.148239991946,True
m0_no_floor,EleutherAI/pythia-70m,63,0.070542,109.052,2.8951,2.74702755861,-0.148072441393,True
m0_no_floor,EleutherAI/pythia-70m,64,0.070542,111.149,2.8933,2.74523958448,-0.148060415524,True
m0_no_floor,EleutherAI/pythia-70m,65,0.070542,113.246,2.892,2.74349419714,-0.148505802859,True
m0_no_floor,EleutherAI/pythia-70m,66,0.070542,115.343,2.8904,2.74178962137,-0.148610378628,True
m0_no_floor,EleutherAI/pythia-70m,67,0.070542,117.441,2.8885,2.7401234014,-0.148376598598,True
m0_no_floor,EleutherAI/pythia-70m,68,0.070542,119.538,2.8871,2.73849555105,-0.148604448954,True
m0_no_floor,EleutherAI/pythia-70m,69,0.070542,121.635,2.8854,2.73690378248,-0.148496217521,True
m0_no_floor,EleutherAI/pythia-70m,70,0.070542,123.732,2.8836,2.73534669425,-0.14825330575,True
m0_no_floor,EleutherAI/pythia-70m,71,0.070542,125.829,2.8823,2.73382296193,-0.148477038074,True
m0_no_floor,EleutherAI/pythia-70m,72,0.070542,127.926,2.8811,2.73233133266,-0.148768667336,True
m0_no_floor,EleutherAI/pythia-70m,73,0.070542,130.023,2.8793,2.73087062024,-0.148429379761,True
m0_no_floor,EleutherAI/pythia-70m,74,0.070542,132.121,2.8782,2.72943902507,-0.148760974933,True
m0_no_floor,EleutherAI/pythia-70m,75,0.070542,134.218,2.876,2.72803684521,-0.147963154795,True
m0_no_floor,EleutherAI/pythia-70m,76,0.070542,136.315,2.8753,2.72666237911,-0.148637620891,True
m0_no_floor,EleutherAI/pythia-70m,77,0.070542,138.412,2.8738,2.72531466515,-0.148485334845,True
m0_no_floor,EleutherAI/pythia-70m,78,0.070542,140.509,2.8724,2.72399278901,-0.148407210986,True
m0_no_floor,EleutherAI/pythia-70m,79,0.070542,142.606,2.8712,2.72269588067,-0.148504119334,True
m0_no_floor,EleutherAI/pythia-70m,80,0.070542,144.703,2.8696,2.72142311163,-0.148176888368,True
m0_no_floor,EleutherAI/pythia-70m,81,0.070542,146.801,2.8687,2.72017310207,-0.148526897935,True
m0_no_floor,EleutherAI/pythia-70m,82,0.070542,148.898,2.8676,2.71894629044,-0.148653709559,True
m0_no_floor,EleutherAI/pythia-70m,83,0.070542,150.995,2.8666,2.71774135705,-0.14885864295,True
m0_no_floor,EleutherAI/pythia-70m,84,0.070542,153.092,2.865,2.71655761591,-0.148442384087,True
m0_no_floor,EleutherAI/pythia-70m,85,0.070542,155.189,2.8638,2.71539441158,-0.148405588416,True
m0_no_floor,EleutherAI/pythia-70m,86,0.070542,157.286,2.8628,2.7142511174,-0.148548882602,True
m0_no_floor,EleutherAI/pythia-70m,87,0.070542,159.384,2.8619,2.71312660236,-0.148773397638,True
m0_no_floor,EleutherAI/pythia-70m,88,0.070542,161.481,2.8607,2.71202136437,-0.148678635628,True
m0_no_floor,EleutherAI/pythia-70m,89,0.070542,163.578,2.8595,2.71093431324,-0.14856568676,True
m0_no_floor,EleutherAI/pythia-70m,90,0.070542,165.675,2.8586,2.70986492224,-0.148735077758,True
m0_no_floor,EleutherAI/pythia-70m,91,0.070542,167.772,2.8575,2.70881268633,-0.148687313673,True
m0_no_floor,EleutherAI/pythia-70m,92,0.070542,169.869,2.8566,2.70777712097,-0.148822879026,True
m0_no_floor,EleutherAI/pythia-70m,93,0.070542,171.966,2.8553,2.70675776111,-0.148542238887,True
m0_no_floor,EleutherAI/pythia-70m,94,0.070542,174.064,2.8544,2.70575368522,-0.148646314779,True
m0_no_floor,EleutherAI/pythia-70m,95,0.070542,176.161,2.8534,2.70476542118,-0.148634578817,True
m0_no_floor,EleutherAI/pythia-70m,96,0.070542,178.258,2.8522,2.70379207419,-0.148407925809,True
m0_no_floor,EleutherAI/pythia-70m,97,0.070542,180.355,2.8516,2.70283324753,-0.148766752467,True
m0_no_floor,EleutherAI/pythia-70m,98,0.070542,182.452,2.8506,2.70188855951,-0.148711440494,True
m0_no_floor,EleutherAI/pythia-70m,99,0.070542,184.549,2.8497,2.70095764268,-0.148742357318,True
m0_no_floor,EleutherAI/pythia-70m,100,0.070542,186.647,2.8487,2.70003970883,-0.148660291167,True
m0_no_floor,EleutherAI/pythia-70m,101,0.070542,188.744,2.8476,2.69913529198,-0.148464708023,True
m0_no_floor,EleutherAI/pythia-70m,102,0.070542,190.841,2.8469,2.69824362284,-0.148656377156,True
m0_no_floor,EleutherAI/pythia-70m,103,0.070542,192.938,2.8461,2.69736438461,-0.148735615388,True
m0_no_floor,EleutherAI/pythia-70m,104,0.070542,195.035,2.8451,2.69649727167,-0.148602728331,True
m0_no_floor,EleutherAI/pythia-70m,105,0.070542,197.132,2.8444,2.6956419891,-0.1487580109,True
m0_no_floor,EleutherAI/pythia-70m,106,0.070542,199.229,2.8436,2.6947982522,-0.148801747797,True
m0_no_floor,EleutherAI/pythia-70m,107,0.070542,201.327,2.8431,2.6939653917,-0.1491346083,True
m0_no_floor,EleutherAI/pythia-70m,108,0.070542,203.424,2.842,2.69314393582,-0.148856064177,True
m0_no_floor,EleutherAI/pythia-70m,109,0.070542,205.521,2.8412,2.69233322823,-0.148866771772,True
m0_no_floor,EleutherAI/pythia-70m,110,0.070542,207.618,2.8403,2.69153302074,-0.148766979256,True
m0_no_floor,EleutherAI/pythia-70m,111,0.070542,209.715,2.8392,2.69074307336,-0.148456926636,True
m0_no_floor,EleutherAI/pythia-70m,112,0.070542,211.812,2.8388,2.6899631539,-0.148836846103,True
m0_no_floor,EleutherAI/pythia-70m,113,0.070542,213.91,2.838,2.6891926727,-0.148807327305,True
m0_no_floor,EleutherAI/pythia-70m,114,0.070542,216.007,2.8377,2.68843214664,-0.149267853363,True
m0_no_floor,EleutherAI/pythia-70m,115,0.070542,218.104,2.8365,2.68768099551,-0.14881900449,True
m0_no_floor,EleutherAI/pythia-70m,116,0.070542,220.201,2.8358,2.68693901527,-0.148860984733,True
m0_no_floor,EleutherAI/pythia-70m,117,0.070542,222.298,2.8351,2.68620600819,-0.148893991812,True
m0_no_floor,EleutherAI/pythia-70m,118,0.070542,224.395,2.8341,2.68548178263,-0.148618217366,True
m0_no_floor,EleutherAI/pythia-70m,119,0.070542,226.492,2.8338,2.6847661528,-0.149033847203,True
m0_no_floor,EleutherAI/pythia-70m,120,0.070542,228.59,2.8331,2.68405860321,-0.149041396792,True
m0_no_floor,EleutherAI/pythia-70m,121,0.070542,230.687,2.8324,2.68335963348,-0.149040366518,True
m0_no_floor,EleutherAI/pythia-70m,122,0.070542,232.784,2.8314,2.68266873474,-0.148731265255,True
m0_no_floor,EleutherAI/pythia-70m,123,0.070542,234.881,2.8311,2.68198574234,-0.149114257656,True
m0_no_floor,EleutherAI/pythia-70m,124,0.070542,236.978,2.83,2.68131049642,-0.148689503581,True
m0_no_floor,EleutherAI/pythia-70m,125,0.070542,239.075,2.8297,2.68064284172,-0.149057158284,True
m0_no_floor,EleutherAI/pythia-70m,126,0.070542,241.172,2.8293,2.67998262742,-0.149317372576,True
m0_no_floor,EleutherAI/pythia-70m,127,0.070542,243.27,2.8281,2.67932939736,-0.148770602637,True
m0_no_floor,EleutherAI/pythia-70m,128,0.070542,245.367,2.8275,2.67868363177,-0.148816368228,True
m0_no_floor,EleutherAI/pythia-70m,129,0.070542,247.464,2.827,2.67804487912,-0.148955120885,True
m0_no_floor,EleutherAI/pythia-70m,130,0.070542,249.561,2.8263,2.67741300477,-0.148886995234,True
m0_no_floor,EleutherAI/pythia-70m,131,0.070542,251.658,2.8255,2.67678787779,-0.148712122214,True
m0_no_floor,EleutherAI/pythia-70m,132,0.070542,253.755,2.8251,2.67616937079,-0.148930629206,True
m0_no_floor,EleutherAI/pythia-70m,133,0.070542,255.853,2.8243,2.67555706952,-0.148742930478,True
m0_no_floor,EleutherAI/pythia-70m,134,0.070542,257.95,2.824,2.67495143699,-0.149048563015,True
m0_no_floor,EleutherAI/pythia-70m,135,0.070542,260.047,2.8232,2.67435206236,-0.148847937642,True
m0_no_floor,EleutherAI/pythia-70m,136,0.070542,262.144,2.823,2.67375883129,-0.149241168708,True
m0_no_floor,EleutherAI/pythia-70m,137,0.070542,264.241,2.822,2.67317163242,-0.148828367579,True
m0_no_floor,EleutherAI/pythia-70m,138,0.070542,266.338,2.8215,2.67259035726,-0.148909642739,True
m0_no_floor,EleutherAI/pythia-70m,139,0.070542,268.435,2.8212,2.67201490011,-0.149185099886,True
m0_no_floor,EleutherAI/pythia-70m,140,0.070542,270.533,2.8202,2.67144488763,-0.148755112372,True
m0_no_floor,EleutherAI/pythia-70m,141,0.070542,272.63,2.8199,2.67088076275,-0.14901923725,True
m0_no_floor,EleutherAI/pythia-70m,142,0.070542,274.727,2.8196,2.67032215455,-0.149277845451,True
m0_no_floor,EleutherAI/pythia-70m,143,0.070542,276.824,2.8185,2.66976896758,-0.148731032417,True
m0_no_floor,EleutherAI/pythia-70m,144,0.070542,278.921,2.8183,2.66922110877,-0.149078891235,True
m0_no_floor,EleutherAI/pythia-70m,145,0.070542,281.018,2.8178,2.66867848729,-0.149121512707,True
m0_no_floor,EleutherAI/pythia-70m,146,0.070542,283.116,2.8173,2.66814075948,-0.149159240517,True
m0_no_floor,EleutherAI/pythia-70m,147,0.070542,285.213,2.8164,2.66760835146,-0.148791648541,True
m0_no_floor,EleutherAI/pythia-70m,148,0.070542,287.31,2.8159,2.66708092132,-0.148819078681,True
m0_no_floor,EleutherAI/pythia-70m,149,0.070542,289.407,2.8157,2.66655838669,-0.149141613307,True
m0_no_floor,EleutherAI/pythia-70m,150,0.070542,291.504,2.8152,2.66604066716,-0.149159332837,True
m0_no_floor,EleutherAI/pythia-70m,151,0.070542,293.601,2.8146,2.66552768419,-0.149072315807,True
m0_no_floor,EleutherAI/pythia-70m,152,0.070542,295.698,2.8142,2.66501936108,-0.149180638918,True
m0_no_floor,EleutherAI/pythia-70m,153,0.070542,297.796,2.8135,2.66451538376,-0.148984616236,True
m0_no_floor,EleutherAI/pythia-70m,154,0.070542,299.893,2.8131,2.66401615944,-0.149083840561,True
m0_shared_exponent,EleutherAI/pythia-70m,8,0.070542,0.134,4.7388,4.71953589254,-0.0192641074576,True
m0_shared_exponent,EleutherAI/pythia-70m,9,0.070542,0.268,4.3541,4.32831488092,-0.0257851190829,True
m0_shared_exponent,EleutherAI/pythia-70m,10,0.070542,0.537,4.0384,4.00669487711,-0.0317051228857,True
m0_shared_exponent,EleutherAI/pythia-70m,11,0.070542,1.074,3.7776,3.74371428712,-0.0338857128764,True
m0_shared_exponent,EleutherAI/pythia-70m,12,0.070542,2.097,3.5698,3.53482705493,-0.0349729450708,True
m0_shared_exponent,EleutherAI/pythia-70m,13,0.070542,4.194,3.3922,3.35673569993,-0.0354643000665,True
m0_shared_exponent,EleutherAI/pythia-70m,14,0.070542,6.291,3.3024,3.26780663639,-0.034593363611,True
m0_shared_exponent,EleutherAI/pythia-70m,15,0.070542,8.389,3.2452,3.21066035055,-0.034539649447,True
m0_shared_exponent,EleutherAI/pythia-70m,16,0.070542,10.486,3.2041,3.16948477732,-0.0346152226756,True
m0_shared_exponent,EleutherAI/pythia-70m,17,0.070542,12.583,3.172,3.13773889383,-0.0342611061695,True
m0_shared_exponent,EleutherAI/pythia-70m,18,0.070542,14.68,3.1466,3.11215994853,-0.0344400514675,True
m0_shared_exponent,EleutherAI/pythia-70m,19,0.070542,16.777,3.1248,3.09089604435,-0.0339039556532,True
m0_shared_exponent,EleutherAI/pythia-70m,20,0.070542,18.874,3.1064,3.07280240113,-0.0335975988681,True
m0_shared_exponent,EleutherAI/pythia-70m,21,0.070542,20.972,3.0913,3.05711866359,-0.0341813364086,True
m0_shared_exponent,EleutherAI/pythia-70m,22,0.070542,23.069,3.077,3.04333947681,-0.0336605231886,True
m0_shared_exponent,EleutherAI/pythia-70m,23,0.070542,25.166,3.0646,3.03108387892,-0.0335161210791,True
m0_shared_exponent,EleutherAI/pythia-70m,24,0.070542,27.263,3.0531,3.02007602134,-0.0330239786572,True
m0_shared_exponent,EleutherAI/pythia-70m,25,0.070542,29.36,3.0432,3.01010659747,-0.0330934025292,True
m0_shared_exponent,EleutherAI/pythia-70m,26,0.070542,31.457,3.0342,3.00101333271,-0.0331866672917,True
m0_shared_exponent,EleutherAI/pythia-70m,27,0.070542,33.554,3.0254,2.99266807928,-0.0327319207182,True
m0_shared_exponent,EleutherAI/pythia-70m,28,0.070542,35.652,3.018,2.98496448443,-0.0330355155729,True
m0_shared_exponent,EleutherAI/pythia-70m,29,0.070542,37.749,3.0105,2.97782620901,-0.0326737909895,True
m0_shared_exponent,EleutherAI/pythia-70m,30,0.070542,39.846,3.0039,2.9711805438,-0.0327194561963,True
m0_shared_exponent,EleutherAI/pythia-70m,31,0.070542,41.943,2.9975,2.96497013036,-0.0325298696441,True
m0_shared_exponent,EleutherAI/pythia-70m,32,0.070542,44.04,2.9921,2.95914674632,-0.0329532536782,True
m0_shared_exponent,EleutherAI/pythia-70m,33,0.070542,46.137,2.9861,2.95366949494,-0.0324305050623,True
m0_shared_exponent,EleutherAI/pythia-70m,34,0.070542,48.234,2.9807,2.9485034175,-0.0321965825013,True
m0_shared_exponent,EleutherAI/pythia-70m,35,0.070542,50.332,2.9761,2.94361614951,-0.0324838504855,True
m0_shared_exponent,EleutherAI/pythia-70m,36,0.070542,52.429,2.971,2.93898625779,-0.0320137422129,True
m0_shared_exponent,EleutherAI/pythia-70m,37,0.070542,54.526,2.9668,2.9345886105,-0.0322113894981,True
m0_shared_exponent,EleutherAI/pythia-70m,38,0.070542,56.623,2.9621,2.93040327543,-0.0316967245719,True
m0_shared_exponent,EleutherAI/pythia-70m,39,0.070542,58.72,2.9582,2.9264126905,-0.0317873094988,True
m0_shared_exponent,EleutherAI/pythia-70m,40,0.070542,60.817,2.9546,2.92260130903,-0.0319986909718,True
m0_shared_exponent,EleutherAI/pythia-70m,41,0.070542,62.915,2.951,2.91895360695,-0.0320463930508,True
m0_shared_exponent,EleutherAI/pythia-70m,42,0.070542,65.012,2.9473,2.91546071685,-0.0318392831498,True
m0_shared_exponent,EleutherAI/pythia-70m,43,0.070542,67.109,2.9439,2.9121098039,-0.0317901961045,True
m0_shared_exponent,EleutherAI/pythia-70m,44,0.070542,69.206,2.9406,2.90889092367,-0.0317090763279,True
m0_shared_exponent,EleutherAI/pythia-70m,45,0.070542,71.303,2.9372,2.90579510326,-0.0314048967385,True
m0_shared_exponent,EleutherAI/pythia-70m,46,0.070542,73.4,2.9343,2.90281422102,-0.0314857789812,True
m0_shared_exponent,EleutherAI/pythia-70m,47,0.070542,75.497,2.9314,2.89994090419,-0.0314590958143,True
m0_shared_exponent,EleutherAI/pythia-70m,48,0.070542,77.595,2.9289,2.89716714223,-0.0317328577695,True
m0_shared_exponent,EleutherAI/pythia-70m,49,0.070542,79.692,2.926,2.89448945152,-0.0315105484754,True
m0_shared_exponent,EleutherAI/pythia-70m,50,0.070542,81.789,2.923,2.89190088211,-0.0310991178896,True
m0_shared_exponent,EleutherAI/pythia-70m,51,0.070542,83.886,2.9208,2.88939629427,-0.0314037057302,True
m0_shared_exponent,EleutherAI/pythia-70m,52,0.070542,85.983,2.9182,2.88697096389,-0.0312290361142,True
m0_shared_exponent,EleutherAI/pythia-70m,53,0.070542,88.08,2.9158,2.88462053966,-0.0311794603383,True
m0_shared_exponent,EleutherAI/pythia-70m,54,0.070542,90.178,2.9137,2.88233993491,-0.031360065093,True
m0_shared_exponent,EleutherAI/pythia-70m,55,0.070542,92.275,2.9115,2.88012760874,-0.03137239126,True
m0_shared_exponent,EleutherAI/pythia-70m,56,0.070542,94.372,2.9093,2.87797901747,-0.0313209825277,True
m0_shared_exponent,EleutherAI/pythia-70m,57,0.070542,96.469,2.9068,2.87589096873,-0.0309090312666,True
m0_shared_exponent,EleutherAI/pythia-70m,58,0.070542,98.566,2.9049,2.87386049507,-0.0310395049251,True
m0_shared_exponent,EleutherAI/pythia-70m,59,0.070542,100.663,2.903,2.87188483373,-0.0311151662653,True
m0_shared_exponent,EleutherAI/pythia-70m,60,0.070542,102.76,2.9011,2.8699614086,-0.0311385914005,True
m0_shared_exponent,EleutherAI/pythia-70m,61,0.070542,104.858,2.8989,2.86808693215,-0.0308130678516,True
m0_shared_exponent,EleutherAI/pythia-70m,62,0.070542,106.955,2.8971,2.86626094096,-0.0308390590414,True
m0_shared_exponent,EleutherAI/pythia-70m,63,0.070542,109.052,2.8951,2.8644804236,-0.0306195763979,True
m0_shared_exponent,EleutherAI/pythia-70m,64,0.070542,111.149,2.8933,2.86274340529,-0.0305565947113,True
m0_shared_exponent,EleutherAI/pythia-70m,65,0.070542,113.246,2.892,2.8610480322,-0.0309519677957,True
m0_shared_exponent,EleutherAI/pythia-70m,66,0.070542,115.343,2.8904,2.85939256202,-0.0310074379779,True
m0_shared_exponent,EleutherAI/pythia-70m,67,0.070542,117.441,2.8885,2.85777459299,-0.030725407008,True
m0_shared_exponent,EleutherAI/pythia-70m,68,0.070542,119.538,2.8871,2.8561941226,-0.0309058774022,True
m0_shared_exponent,EleutherAI/pythia-70m,69,0.070542,121.635,2.8854,2.85464891441,-0.0307510855892,True
m0_shared_exponent,EleutherAI/pythia-70m,70,0.070542,123.732,2.8836,2.8531375938,-0.0304624062026,True
m0_shared_exponent,EleutherAI/pythia-70m,71,0.070542,125.829,2.8823,2.85165886186,-0.0306411381383,True
m0_shared_exponent,EleutherAI/pythia-70m,72,0.070542,127.926,2.8811,2.85021149009,-0.0308885099075,True
m0_shared_exponent,EleutherAI/pythia-70m,73,0.070542,130.023,2.8793,2.84879431547,-0.0305056845309,True
m0_shared_exponent,EleutherAI/pythia-70m,74,0.070542,132.121,2.8782,2.84740558082,-0.0307944191831,True
m0_shared_exponent,EleutherAI/pythia-70m,75,0.070542,134.218,2.876,2.84604556449,-0.0299544355115,True
m0_shared_exponent,EleutherAI/pythia-70m,76,0.070542,136.315,2.8753,2.84471260574,-0.0305873942585,True
m0_shared_exponent,EleutherAI/pythia-70m,77,0.070542,138.412,2.8738,2.84340576228,-0.0303942377244,True
m0_shared_exponent,EleutherAI/pythia-70m,78,0.070542,140.509,2.8724,2.84212413825,-0.0302758617461,True
m0_shared_exponent,EleutherAI/pythia-70m,79,0.070542,142.606,2.8712,2.84086688136,-0.0303331186406,True
m0_shared_exponent,EleutherAI/pythia-70m,80,0.070542,144.703,2.8696,2.83963318008,-0.029966819923,True
m0_shared_exponent,EleutherAI/pythia-70m,81,0.070542,146.801,2.8687,2.83842168905,-0.0302783109542,True
m0_shared_exponent,EleutherAI/pythia-70m,82,0.070542,148.898,2.8676,2.83723282563,-0.0303671743742,True
m0_shared_exponent,EleutherAI/pythia-70m,83,0.070542,150.995,2.8666,2.83606530357,-0.0305346964303,True
m0_shared_exponent,EleutherAI/pythia-70m,84,0.070542,153.092,2.865,2.83491845127,-0.0300815487272,True
m0_shared_exponent,EleutherAI/pythia-70m,85,0.070542,155.189,2.8638,2.8337916271,-0.0300083729016,True
m0_shared_exponent,EleutherAI/pythia-70m,86,0.070542,157.286,2.8628,2.83268421766,-0.0301157823433,True
m0_shared_exponent,EleutherAI/pythia-70m,87,0.070542,159.384,2.8619,2.83159512149,-0.0303048785079,True
m0_shared_exponent,EleutherAI/pythia-70m,88,0.070542,161.481,2.8607,2.83052481502,-0.0301751849763,True
m0_shared_exponent,EleutherAI/pythia-70m,89,0.070542,163.578,2.8595,2.82947223689,-0.0300277631117,True
m0_shared_exponent,EleutherAI/pythia-70m,90,0.070542,165.675,2.8586,2.82843687175,-0.0301631282501,True
m0_shared_exponent,EleutherAI/pythia-70m,91,0.070542,167.772,2.8575,2.82741822553,-0.0300817744651,True
m0_shared_exponent,EleutherAI/pythia-70m,92,0.070542,169.869,2.8566,2.8264158243,-0.0301841756979,True
m0_shared_exponent,EleutherAI/pythia-70m,93,0.070542,171.966,2.8553,2.82542921319,-0.0298707868141,True
m0_shared_exponent,EleutherAI/pythia-70m,94,0.070542,174.064,2.8544,2.82445749584,-0.0299425041636,True
m0_shared_exponent,EleutherAI/pythia-70m,95,0.070542,176.161,2.8534,2.8235011788,-0.0298988212017,True
m0_shared_exponent,EleutherAI/pythia-70m,96,0.070542,178.258,2.8522,2.82255939196,-0.0296406080408,True
m0_shared_exponent,EleutherAI/pythia-70m,97,0.070542,180.355,2.8516,2.82163174747,-0.0299682525278,True
m0_shared_exponent,EleutherAI/pythia-70m,98,0.070542,182.452,2.8506,2.8207178722,-0.0298821278003,True
m0_shared_exponent,EleutherAI/pythia-70m,99,0.070542,184.549,2.8497,2.81981740699,-0.0298825930058,True
m0_shared_exponent,EleutherAI/pythia-70m,100,0.070542,186.647,2.8487,2.81892958591,-0.0297704140916,True
m0_shared_exponent,EleutherAI/pythia-70m,101,0.070542,188.744,2.8476,2.81805492201,-0.0295450779939,True
m0_shared_exponent,EleutherAI/pythia-70m,102,0.070542,190.841,2.8469,2.81719266795,-0.0297073320493,True
m0_shared_exponent,EleutherAI/pythia-70m,103,0.070542,192.938,2.8461,2.81634251418,-0.0297574858187,True
m0_shared_exponent,EleutherAI/pythia-70m,104,0.070542,195.035,2.8451,2.81550416212,-0.0295958378831,True
m0_shared_exponent,EleutherAI/pythia-70m,105,0.070542,197.132,2.8444,2.81467732365,-0.0297226763461,True
m0_shared_exponent,EleutherAI/pythia-70m,106,0.070542,199.229,2.8436,2.81386172069,-0.0297382793084,True
m0_shared_exponent,EleutherAI/pythia-70m,107,0.070542,201.327,2.8431,2.81305670355,-0.0300432964498,True
m0_shared_exponent,EleutherAI/pythia-70m,108,0.070542,203.424,2.842,2.81226278013,-0.0297372198723,True
m0_shared_exponent,EleutherAI/pythia-70m,109,0.070542,205.521,2.8412,2.81147931344,-0.0297206865579,True
m0_shared_exponent,EleutherAI/pythia-70m,110,0.070542,207.618,2.8403,2.81070606116,-0.0295939388368,True
m0_shared_exponent,EleutherAI/pythia-70m,111,0.070542,209.715,2.8392,2.80994278895,-0.0292572110479,True
m0_shared_exponent,EleutherAI/pythia-70m,112,0.070542,211.812,2.8388,2.80918927012,-0.0296107298788,True
m0_shared_exponent,EleutherAI/pythia-70m,113,0.070542,213.91,2.838,2.80844493277,-0.0295550672339,True
m0_shared_exponent,EleutherAI/pythia-70m,114,0.070542,216.007,2.8377,2.80771027404,-0.0299897259641,True
m0_shared_exponent,EleutherAI/pythia-70m,115,0.070542,218.104,2.8365,2.80698473129,-0.0295152687112,True
m0_shared_exponent,EleutherAI/pythia-70m,116,0.070542,220.201,2.8358,2.80626810538,-0.0295318946206,True
m0_shared_exponent,EleutherAI/pythia-70m,117,0.070542,222.298,2.8351,2.80556020336,-0.0295397966431,True
m0_shared_exponent,EleutherAI/pythia-70m,118,0.070542,224.395,2.8341,2.80486083822,-0.0292391617844,True
m0_shared_exponent,EleutherAI/pythia-70m,119,0.070542,226.492,2.8338,2.80416982866,-0.0296301713415,True
m0_shared_exponent,EleutherAI/pythia-70m,120,0.070542,228.59,2.8331,2.80348667517,-0.0296133248261,True
m0_shared_exponent,EleutherAI/pythia-70m,121,0.070542,230.687,2.8324,2.80281185839,-0.0295881416067,True
m0_shared_exponent,EleutherAI/pythia-70m,122,0.070542,232.784,2.8314,2.80214488528,-0.0292551147182,True
m0_shared_exponent,EleutherAI/pythia-70m,123,0.070542,234.881,2.8311,2.80148559523,-0.0296144047674,True
m0_shared_exponent,EleutherAI/pythia-70m,124,0.070542,236.978,2.83,2.80083383232,-0.0291661676759,True
m0_shared_exponent,EleutherAI/pythia-70m,125,0.070542,239.075,2.8297,2.80018944514,-0.0295105548566,True
m0_shared_exponent,EleutherAI/pythia-70m,126,0.070542,241.172,2.8293,2.79955228662,-0.0297477133829,True
m0_shared_exponent,EleutherAI/pythia-70m,127,0.070542,243.27,2.8281,2.79892191506,-0.0291780849448,True
m0_shared_exponent,EleutherAI/pythia-70m,128,0.070542,245.367,2.8275,2.79829879246,-0.0292012075391,True
m0_shared_exponent,EleutherAI/pythia-70m,129,0.070542,247.464,2.827,2.7976824817,-0.0293175182951,True
m0_shared_exponent,EleutherAI/pythia-70m,130,0.070542,249.561,2.8263,2.79707285154,-0.0292271484624,True
m0_shared_exponent,EleutherAI/pythia-70m,131,0.070542,251.658,2.8255,2.79646977431,-0.0290302256856,True
m0_shared_exponent,EleutherAI/pythia-70m,132,0.070542,253.755,2.8251,2.79587312587,-0.0292268741328,True
m0_shared_exponent,EleutherAI/pythia-70m,133,0.070542,255.853,2.8243,2.79528250535,-0.0290174946486,True
m0_shared_exponent,EleutherAI/pythia-70m,134,0.070542,257.95,2.824,2.79469835818,-0.0293016418239,True
m0_shared_exponent,EleutherAI/pythia-70m,135,0.070542,260.047,2.8232,2.79412028688,-0.0290797131201,True
m0_shared_exponent,EleutherAI/pythia-70m,136,0.070542,262.144,2.823,2.79354818003,-0.0294518199705,True
m0_shared_exponent,EleutherAI/pythia-70m,137,0.070542,264.241,2.822,2.79298192911,-0.0290180708945,True
m0_shared_exponent,EleutherAI/pythia-70m,138,0.070542,266.338,2.8215,2.7924214284,-0.0290785715953,True
m0_shared_exponent,EleutherAI/pythia-70m,139,0.070542,268.435,2.8212,2.79186657494,-0.0293334250554,True
m0_shared_exponent,EleutherAI/pythia-70m,140,0.070542,270.533,2.8202,2.79131700773,-0.0288829922678,True
m0_shared_exponent,EleutherAI/pythia-70m,141,0.070542,272.63,2.8199,2.79077315282,-0.0291268471827,True
m0_shared_exponent,EleutherAI/pythia-70m,142,0.070542,274.727,2.8196,2.79023465159,-0.0293653484101,True
m0_shared_exponent,EleutherAI/pythia-70m,143,0.070542,276.824,2.8185,2.78970141108,-0.0287985889171,True
m0_shared_exponent,EleutherAI/pythia-70m,144,0.070542,278.921,2.8183,2.78917334063,-0.0291266593676,True
m0_shared_exponent,EleutherAI/pythia-70m,145,0.070542,281.018,2.8178,2.7886503518,-0.0291496481966,True
m0_shared_exponent,EleutherAI/pythia-70m,146,0.070542,283.116,2.8173,2.78813211248,-0.0291678875188,True
m0_shared_exponent,EleutherAI/pythia-70m,147,0.070542,285.213,2.8164,2.78761903248,-0.0287809675222,True
m0_shared_exponent,EleutherAI/pythia-70m,148,0.070542,287.31,2.8159,2.78711078143,-0.0287892185679,True
m0_shared_exponent,EleutherAI/pythia-70m,149,0.070542,289.407,2.8157,2.78660727914,-0.0290927208557,True
m0_shared_exponent,EleutherAI/pythia-70m,150,0.070542,291.504,2.8152,2.78610844732,-0.0290915526844,True
m0_shared_exponent,EleutherAI/pythia-70m,151,0.070542,293.601,2.8146,2.78561420949,-0.0289857905106,True
m0_shared_exponent,EleutherAI/pythia-70m,152,0.070542,295.698,2.8142,2.785124491,-0.0290755090044,True
m0_shared_exponent,EleutherAI/pythia-70m,153,0.070542,297.796,2.8135,2.78463898853,-0.0288610114669,True
m0_shared_exponent,EleutherAI/pythia-70m,154,0.070542,299.893,2.8131,2.78415809364,-0.0289419063597,True
m0_current,EleutherAI/pythia-160m,162,0.162405,0.134,4.5235,4.52331069409,-0.000189305907021,False
m0_current,EleutherAI/pythia-160m,163,0.162405,0.268,4.1397,4.13944678234,-0.000253217661069,False
m0_current,EleutherAI/pythia-160m,164,0.162405,0.537,3.8226,3.82250370507,-9.62949343726e-05,False
m0_current,EleutherAI/pythia-160m,165,0.162405,1.074,3.5629,3.56222097804,-0.000679021958852,False
m0_current,EleutherAI/pythia-160m,166,0.162405,2.097,3.3548,3.35459400059,-0.000205999411746,False
m0_current,EleutherAI/pythia-160m,167,0.162405,4.194,3.1771,3.17682305859,-0.000276941406752,False
m0_current,EleutherAI/pythia-160m,168,0.162405,6.291,3.0883,3.08774467789,-0.000555322106581,False
m0_current,EleutherAI/pythia-160m,169,0.162405,8.389,3.0304,3.03037764948,-2.23505245365e-05,False
m0_current,EleutherAI/pythia-160m,170,0.162405,10.486,2.9888,2.98897679892,0.0001767989156,False
m0_current,EleutherAI/pythia-160m,171,0.162405,12.583,2.9568,2.95701670005,0.000216700050046,False
m0_current,EleutherAI/pythia-160m,172,0.162405,14.68,2.9311,2.93123803761,0.000138037607913,False
m0_current,EleutherAI/pythia-160m,173,0.162405,16.777,2.9098,2.90978882299,-1.1177014692e-05,False
m0_current,EleutherAI/pythia-160m,174,0.162405,18.874,2.8916,2.89152315356,-7.68464355496e-05,False
m0_current,EleutherAI/pythia-160m,175,0.162405,20.972,2.8757,2.87567925352,-2.07464842523e-05,False
m0_current,EleutherAI/pythia-160m,176,0.162405,23.069,2.8619,2.86175061928,-0.000149380723828,False
m0_current,EleutherAI/pythia-160m,177,0.162405,25.166,2.8494,2.84935503863,-4.49613707367e-05,False
m0_current,EleutherAI/pythia-160m,178,0.162405,27.263,2.8385,2.83821563688,-0.000284363119747,False
m0_current,EleutherAI/pythia-160m,179,0.162405,29.36,2.8281,2.8281222179,2.22179027842e-05,False
m0_current,EleutherAI/pythia-160m,180,0.162405,31.457,2.8195,2.8189117382,-0.000588261804221,False
m0_current,EleutherAI/pythia-160m,181,0.162405,33.554,2.8106,2.81045538473,-0.000144615270886,False
m0_current,EleutherAI/pythia-160m,182,0.162405,35.652,2.8025,2.80264617842,0.000146178423831,False
m0_current,EleutherAI/pythia-160m,183,0.162405,37.749,2.7952,2.79540737792,0.000207377919416,False
m0_current,EleutherAI/pythia-160m,184,0.162405,39.846,2.7888,2.78866578271,-0.000134217294864,False
m0_current,EleutherAI/pythia-160m,185,0.162405,41.943,2.7823,2.7823636481,6.36481042906e-05,False
m0_current,EleutherAI/pythia-160m,186,0.162405,44.04,2.7766,2.77645241101,-0.000147588989089,False
m0_current,EleutherAI/pythia-160m,187,0.162405,46.137,2.771,2.77089087274,-0.000109127264152,False
m0_current,EleutherAI/pythia-160m,188,0.162405,48.234,2.7656,2.76564380596,4.38059614924e-05,False
m0_current,EleutherAI/pythia-160m,189,0.162405,50.332,2.7605,2.76067856982,0.000178569817362,False
m0_current,EleutherAI/pythia-160m,190,0.162405,52.429,2.7557,2.75597359028,0.000273590276034,False
m0_current,EleutherAI/pythia-160m,191,0.162405,54.526,2.7514,2.75150350416,0.000103504164987,False
m0_current,EleutherAI/pythia-160m,192,0.162405,56.623,2.7474,2.7472482046,-0.000151795398136,False
m0_current,EleutherAI/pythia-160m,193,0.162405,58.72,2.7432,2.74318997137,-1.00286316389e-05,False
m0_current,EleutherAI/pythia-160m,194,0.162405,60.817,2.7391,2.73931311413,0.000213114127535,False
m0_current,EleutherAI/pythia-160m,195,0.162405,62.915,2.7356,2.7356019482,1.948199853e-06,False
m0_current,EleutherAI/pythia-160m,196,0.162405,65.012,2.7321,2.73204754713,-5.2452867604e-05,False
m0_current,EleutherAI/pythia-160m,197,0.162405,67.109,2.7285,2.72863693596,0.000136935955603,False
m0_current,EleutherAI/pythia-160m,198,0.162405,69.206,2.7254,2.72536006984,-3.99301632901e-05,False
m0_current,EleutherAI/pythia-160m,199,0.162405,71.303,2.7222,2.72220788347,7.88347484848e-06,False
m0_current,EleutherAI/pythia-160m,200,0.162405,73.4,2.719,2.71917217005,0.000172170050783,False
m0_current,EleutherAI/pythia-160m,201,0.162405,75.497,2.7163,2.71624547811,-5.45218857879e-05,False
m0_current,EleutherAI/pythia-160m,202,0.162405,77.595,2.7135,2.71341969981,-8.0300187653e-05,False
m0_current,EleutherAI/pythia-160m,203,0.162405,79.692,2.7109,2.71069133351,-0.000208666485259,False
m0_current,EleutherAI/pythia-160m,204,0.162405,81.789,2.7082,2.70805334137,-0.000146658626643,False
m0_current,EleutherAI/pythia-160m,205,0.162405,83.886,2.7053,2.70550052525,0.000200525245527,False
m0_current,EleutherAI/pythia-160m,206,0.162405,85.983,2.7029,2.70302810655,0.00012810654766,False
m0_current,EleutherAI/pythia-160m,207,0.162405,88.08,2.7007,2.70063168313,-6.83168736937e-05,False
m0_current,EleutherAI/pythia-160m,208,0.162405,90.178,2.6984,2.69830609954,-9.39004637726e-05,False
m0_current,EleutherAI/pythia-160m,209,0.162405,92.275,2.6961,2.69604981322,-5.01867791214e-05,False
m0_current,EleutherAI/pythia-160m,210,0.162405,94.372,2.6945,2.69385821705,-0.000641782953867,False
m0_current,EleutherAI/pythia-160m,211,0.162405,96.469,2.6918,2.69172807943,-7.19205731952e-05,False
m0_current,EleutherAI/pythia-160m,212,0.162405,98.566,2.6898,2.68965639605,-0.000143603954524,False
m0_current,EleutherAI/pythia-160m,213,0.162405,100.663,2.6878,2.68764036943,-0.000159630566365,False
m0_current,EleutherAI/pythia-160m,214,0.162405,102.76,2.6858,2.68567739077,-0.000122609230484,False
m0_current,EleutherAI/pythia-160m,215,0.162405,104.858,2.6837,2.68376412336,6.41233632885e-05,False
m0_current,EleutherAI/pythia-160m,216,0.162405,106.955,2.682,2.68190011161,-9.98883887515e-05,False
m0_current,EleutherAI/pythia-160m,217,0.162405,109.052,2.68,2.68008229785,8.22978519435e-05,False
m0_current,EleutherAI/pythia-160m,218,0.162405,111.149,2.6783,2.67830868121,8.68121005748e-06,False
m0_current,EleutherAI/pythia-160m,219,0.162405,113.246,2.6765,2.67657738316,7.73831588683e-05,False
m0_current,EleutherAI/pythia-160m,220,0.162405,115.343,2.6749,2.67488663794,-1.33620635601e-05,False
m0_current,EleutherAI/pythia-160m,221,0.162405,117.441,2.6736,2.67323400517,-0.000365994826376,False
m0_current,EleutherAI/pythia-160m,222,0.162405,119.538,2.6713,2.67161949426,0.000319494259726,False
m0_current,EleutherAI/pythia-160m,223,0.162405,121.635,2.6702,2.67004083201,-0.000159167994322,False
m0_current,EleutherAI/pythia-160m,224,0.162405,123.732,2.6683,2.66849662466,0.000196624660388,False
m0_current,EleutherAI/pythia-160m,225,0.162405,125.829,2.6669,2.66698555512,8.55551218781e-05,False
m0_current,EleutherAI/pythia-160m,226,0.162405,127.926,2.6657,2.66550637753,-0.000193622472596,False
m0_current,EleutherAI/pythia-160m,227,0.162405,130.023,2.6641,2.66405791231,-4.20876930258e-05,False
m0_current,EleutherAI/pythia-160m,228,0.162405,132.121,2.6625,2.66263837192,0.000138371923454,False
m0_current,EleutherAI/pythia-160m,229,0.162405,134.218,2.6611,2.661248049,0.000148049003326,False
m0_current,EleutherAI/pythia-160m,230,0.162405,136.315,2.66,2.65988525358,-0.000114746416669,False
m0_current,EleutherAI/pythia-160m,231,0.162405,138.412,2.6584,2.65854902957,0.000149029571914,False
m0_current,EleutherAI/pythia-160m,232,0.162405,140.509,2.6573,2.65723846793,-6.15320661943e-05,False
m0_current,EleutherAI/pythia-160m,233,0.162405,142.606,2.656,2.65595270371,-4.72962874323e-05,False
m0_current,EleutherAI/pythia-160m,234,0.162405,144.703,2.6546,2.65469091328,9.09132821545e-05,False
m0_current,EleutherAI/pythia-160m,235,0.162405,146.801,2.6538,2.65345172656,-0.000348273435881,False
m0_current,EleutherAI/pythia-160m,236,0.162405,148.898,2.6523,2.65223557618,-6.44238233272e-05,False
m0_current,EleutherAI/pythia-160m,237,0.162405,150.995,2.6507,2.65104115188,0.000341151883705,False
m0_current,EleutherAI/pythia-160m,238,0.162405,153.092,2.6499,2.64986777181,-3.22281878407e-05,False
m0_current,EleutherAI/pythia-160m,239,0.162405,155.189,2.6486,2.64871478446,0.00011478445853,False
m0_current,EleutherAI/pythia-160m,240,0.162405,157.286,2.6477,2.64758156695,-0.000118433052524,False
m0_current,EleutherAI/pythia-160m,241,0.162405,159.384,2.6464,2.64646699664,6.69966383784e-05,False
m0_current,EleutherAI/pythia-160m,242,0.162405,161.481,2.6454,2.64537156545,-2.84345490495e-05,False
m0_current,EleutherAI/pythia-160m,243,0.162405,163.578,2.6444,2.64429419134,-0.00010580865521,False
m0_current,EleutherAI/pythia-160m,244,0.162405,165.675,2.6434,2.64323435084,-0.000165649158843,False
m0_current,EleutherAI/pythia-160m,245,0.162405,167.772,2.642,2.64219154202,0.000191542019538,False
m0_current,EleutherAI/pythia-160m,246,0.162405,169.869,2.6411,2.64116528337,6.52833734849e-05,False
m0_current,EleutherAI/pythia-160m,247,0.162405,171.966,2.6401,2.64015511274,5.51127404602e-05,False
m0_current,EleutherAI/pythia-160m,248,0.162405,174.064,2.6391,2.6391601157,6.01157019218e-05,False
m0_current,EleutherAI/pythia-160m,249,0.162405,176.161,2.6385,2.6381808142,-0.000319185804876,False
m0_current,EleutherAI/pythia-160m,250,0.162405,178.258,2.6373,2.63721632038,-8.36796208716e-05,False
m0_current,EleutherAI/pythia-160m,251,0.162405,180.355,2.6361,2.63626624007,0.000166240065748,False
m0_current,EleutherAI/pythia-160m,252,0.162405,182.452,2.6355,2.63533019399,-0.000169806011181,False
m0_current,EleutherAI/pythia-160m,253,0.162405,184.549,2.6347,2.63440781708,-0.000292182924496,False
m0_current,EleutherAI/pythia-160m,254,0.162405,186.647,2.6337,2.63349832738,-0.000201672621139,False
m0_current,EleutherAI/pythia-160m,255,0.162405,188.744,2.6324,2.63260225307,0.000202253071941,False
m0_current,EleutherAI/pythia-160m,256,0.162405,190.841,2.6317,2.63171883106,1.88310633811e-05,False
m0_current,EleutherAI/pythia-160m,257,0.162405,192.938,2.6311,2.6308477466,-0.000252253403926,False
m0_current,EleutherAI/pythia-160m,258,0.162405,195.035,2.6299,2.62998869606,8.86960563058e-05,False
m0_current,EleutherAI/pythia-160m,259,0.162405,197.132,2.6292,2.62914138646,-5.86135355474e-05,False
m0_current,EleutherAI/pythia-160m,260,0.162405,199.229,2.6284,2.62830553499,-9.44650059056e-05,False
m0_current,EleutherAI/pythia-160m,261,0.162405,201.327,2.6274,2.62748047788,8.04778833992e-05,False
m0_current,EleutherAI/pythia-160m,262,0.162405,203.424,2.6267,2.62666673769,-3.32623108217e-05,False
m0_current,EleutherAI/pythia-160m,263,0.162405,205.521,2.6254,2.62586366352,0.00046366351599,False
m0_current,EleutherAI/pythia-160m,264,0.162405,207.618,2.6249,2.62507100885,0.000171008851147,False
m0_current,EleutherAI/pythia-160m,265,0.162405,209.715,2.6243,2.6242885353,-1.14647038676e-05,False
m0_current,EleutherAI/pythia-160m,266,0.162405,211.812,2.6234,2.62351601222,0.000116012221546,False
m0_current,EleutherAI/pythia-160m,267,0.162405,213.91,2.623,2.62275285497,-0.000247145029966,False
m0_current,EleutherAI/pythia-160m,268,0.162405,216.007,2.6218,2.62199957491,0.000199574910944,False
m0_current,EleutherAI/pythia-160m,269,0.162405,218.104,2.6212,2.62125559677,5.55967724041e-05,False
m0_current,EleutherAI/pythia-160m,270,0.162405,220.201,2.6206,2.6205207179,-7.92821035231e-05,False
m0_current,EleutherAI/pythia-160m,271,0.162405,222.298,2.62,2.61979474192,-0.00020525808301,False
m0_current,EleutherAI/pythia-160m,272,0.162405,224.395,2.6189,2.61907747851,0.000177478507031,False
m0_current,EleutherAI/pythia-160m,273,0.162405,226.492,2.6186,2.61836874314,-0.000231256861167,False
m0_current,EleutherAI/pythia-160m,274,0.162405,228.59,2.6177,2.61766802482,-3.19751752436e-05,False
m0_current,EleutherAI/pythia-160m,275,0.162405,230.687,2.6169,2.61697581788,7.5817880179e-05,False
m0_current,EleutherAI/pythia-160m,276,0.162405,232.784,2.6164,2.61629161788,-0.000108382120318,False
m0_current,EleutherAI/pythia-160m,277,0.162405,234.881,2.6157,2.61561526132,-8.47386831659e-05,False
m0_current,EleutherAI/pythia-160m,278,0.162405,236.978,2.6149,2.61494658945,4.65894459851e-05,False
m0_current,EleutherAI/pythia-160m,279,0.162405,239.075,2.6143,2.6142854481,-1.45518970252e-05,False
m0_current,EleutherAI/pythia-160m,280,0.162405,241.172,2.6136,2.61363168753,3.16875340989e-05,False
m0_current,EleutherAI/pythia-160m,281,0.162405,243.27,2.613,2.61298485563,-1.5144373434e-05,False
m0_current,EleutherAI/pythia-160m,282,0.162405,245.367,2.6125,2.61234542753,-0.000154572472311,False
m0_current,EleutherAI/pythia-160m,283,0.162405,247.464,2.612,2.61171295574,-0.000287044255776,False
m0_current,EleutherAI/pythia-160m,284,0.162405,249.561,2.6109,2.61108730661,0.000187306605757,False
m0_current,EleutherAI/pythia-160m,285,0.162405,251.658,2.6108,2.61046835011,-0.000331649893808,False
m0_current,EleutherAI/pythia-160m,286,0.162405,253.755,2.6096,2.60985595977,0.000255959773773,False
m0_current,EleutherAI/pythia-160m,287,0.162405,255.853,2.6092,2.60924972511,4.97251054474e-05,False
m0_current,EleutherAI/pythia-160m,288,0.162405,257.95,2.6088,2.6086501042,-0.000149895799655,False
m0_current,EleutherAI/pythia-160m,289,0.162405,260.047,2.6081,2.60805668998,-4.33100187376e-05,False
m0_current,EleutherAI/pythia-160m,290,0.162405,262.144,2.6074,2.60746936892,6.93689239135e-05,False
m0_current,EleutherAI/pythia-160m,291,0.162405,264.241,2.6069,2.60688803047,-1.19695325531e-05,False
m0_current,EleutherAI/pythia-160m,292,0.162405,266.338,2.6063,2.60631256691,1.25669142959e-05,False
m0_current,EleutherAI/pythia-160m,293,0.162405,268.435,2.6057,2.60574287333,4.28733341771e-05,False
m0_current,EleutherAI/pythia-160m,294,0.162405,270.533,2.6053,2.60517857984,-0.000121420159881,False
m0_current,EleutherAI/pythia-160m,295,0.162405,272.63,2.6047,2.60462012466,-7.98753403499e-05,False
m0_current,EleutherAI/pythia-160m,296,0.162405,274.727,2.604,2.60406714032,6.71403172392e-05,False
m0_current,EleutherAI/pythia-160m,297,0.162405,276.824,2.6037,2.60351953207,-0.000180467931162,False
m0_current,EleutherAI/pythia-160m,298,0.162405,278.921,2.603,2.60297720751,-2.27924869334e-05,False
m0_current,EleutherAI/pythia-160m,299,0.162405,281.018,2.6026,2.60244007652,-0.000159923483807,False
m0_current,EleutherAI/pythia-160m,300,0.162405,283.116,2.602,2.60190779864,-9.22013635942e-05,False
m0_current,EleutherAI/pythia-160m,301,0.162405,285.213,2.6013,2.60138079544,8.07954427957e-05,False
m0_current,EleutherAI/pythia-160m,302,0.162405,287.31,2.6008,2.60085872827,5.87282664228e-05,False
m0_current,EleutherAI/pythia-160m,303,0.162405,289.407,2.6005,2.60034151535,-0.00015848464829,False
m0_current,EleutherAI/pythia-160m,304,0.162405,291.504,2.5999,2.59982907688,-7.09231228981e-05,False
m0_current,EleutherAI/pythia-160m,305,0.162405,293.601,2.5993,2.5993213349,2.13348957936e-05,False
m0_current,EleutherAI/pythia-160m,306,0.162405,295.698,2.5989,2.59881821328,-8.17867213181e-05,False
m0_current,EleutherAI/pythia-160m,307,0.162405,297.796,2.5985,2.59831940098,-0.00018059902435,False
m0_current,EleutherAI/pythia-160m,308,0.162405,299.893,2.5978,2.59782530081,2.53008139945e-05,False
m0_no_floor,EleutherAI/pythia-160m,162,0.162405,0.134,4.5235,4.5278258488,0.0043258487973,False
m0_no_floor,EleutherAI/pythia-160m,163,0.162405,0.268,4.1397,4.15211840273,0.012418402725,False
m0_no_floor,EleutherAI/pythia-160m,164,0.162405,0.537,3.8226,3.84027469206,0.0176746920612,False
m0_no_floor,EleutherAI/pythia-160m,165,0.162405,1.074,3.5629,3.58282957425,0.0199295742495,False
m0_no_floor,EleutherAI/pythia-160m,166,0.162405,2.097,3.3548,3.37640263489,0.0216026348864,False
m0_no_floor,EleutherAI/pythia-160m,167,0.162405,4.194,3.1771,3.19874589203,0.0216458920328,False
m0_no_floor,EleutherAI/pythia-160m,168,0.162405,6.291,3.0883,3.10934862174,0.0210486217413,False
m0_no_floor,EleutherAI/pythia-160m,169,0.162405,8.389,3.0304,3.05162403497,0.02122403497,False
m0_no_floor,EleutherAI/pythia-160m,170,0.162405,10.486,2.9888,3.00988420625,0.0210842062462,False
m0_no_floor,EleutherAI/pythia-160m,171,0.162405,12.583,2.9568,2.97761281755,0.0208128175527,False
m0_no_floor,EleutherAI/pythia-160m,172,0.162405,14.68,2.9311,2.95154983825,0.0204498382453,False
m0_no_floor,EleutherAI/pythia-160m,173,0.162405,16.777,2.9098,2.92984039419,0.0200403941892,False
m0_no_floor,EleutherAI/pythia-160m,174,0.162405,18.874,2.8916,2.91133550175,0.0197355017502,False
m0_no_floor,EleutherAI/pythia-160m,175,0.162405,20.972,2.8757,2.89527051451,0.0195705145122,False
m0_no_floor,EleutherAI/pythia-160m,176,0.162405,23.069,2.8619,2.88113677381,0.0192367738119,False
m0_no_floor,EleutherAI/pythia-160m,177,0.162405,25.166,2.8494,2.86854997033,0.0191499703278,False
m0_no_floor,EleutherAI/pythia-160m,178,0.162405,27.263,2.8385,2.85723156353,0.0187315635289,False
m0_no_floor,EleutherAI/pythia-160m,179,0.162405,29.36,2.8281,2.84696995725,0.0188699572464,False
m0_no_floor,EleutherAI/pythia-160m,180,0.162405,31.457,2.8195,2.83760092521,0.0181009252103,False
m0_no_floor,EleutherAI/pythia-160m,181,0.162405,33.554,2.8106,2.82899464901,0.0183946490058,False
m0_no_floor,EleutherAI/pythia-160m,182,0.162405,35.652,2.8025,2.82104322337,0.0185432233745,False
m0_no_floor,EleutherAI/pythia-160m,183,0.162405,37.749,2.7952,2.81366930171,0.0184693017108,False
m0_no_floor,EleutherAI/pythia-160m,184,0.162405,39.846,2.7888,2.80679897244,0.0179989724367,False
m0_no_floor,EleutherAI/pythia-160m,185,0.162405,41.943,2.7823,2.80037393191,0.0180739319053,False
m0_no_floor,EleutherAI/pythia-160m,186,0.162405,44.04,2.7766,2.79434512726,0.0177451272594,False
m0_no_floor,EleutherAI/pythia-160m,187,0.162405,46.137,2.771,2.78867092849,0.0176709284857,False
m0_no_floor,EleutherAI/pythia-160m,188,0.162405,48.234,2.7656,2.78331572656,0.0177157265597,False
m0_no_floor,EleutherAI/pythia-160m,189,0.162405,50.332,2.7605,2.77824649266,0.0177464926614,False
m0_no_floor,EleutherAI/pythia-160m,190,0.162405,52.429,2.7557,2.77344144886,0.0177414488572,False
m0_no_floor,EleutherAI/pythia-160m,191,0.162405,54.526,2.7514,2.76887490993,0.0174749099309,False
m0_no_floor,EleutherAI/pythia-160m,192,0.162405,56.623,2.7474,2.76452652475,0.0171265247516,False
m0_no_floor,EleutherAI/pythia-160m,193,0.162405,58.72,2.7432,2.7603783526,0.0171783526034,False
m0_no_floor,EleutherAI/pythia-160m,194,0.162405,60.817,2.7391,2.75641450344,0.0173145034409,False
m0_no_floor,EleutherAI/pythia-160m,195,0.162405,62.915,2.7356,2.75261907162,0.0170190716155,False
m0_no_floor,EleutherAI/pythia-160m,196,0.162405,65.012,2.7321,2.74898304563,0.0168830456266,False
m0_no_floor,EleutherAI/pythia-160m,197,0.162405,67.109,2.7285,2.74549325866,0.0169932586623,False
m0_no_floor,EleutherAI/pythia-160m,198,0.162405,69.206,2.7254,2.74213952754,0.0167395275444,False
m0_no_floor,EleutherAI/pythia-160m,199,0.162405,71.303,2.7222,2.73891265994,0.0167126599378,False
m0_no_floor,EleutherAI/pythia-160m,200,0.162405,73.4,2.719,2.73580433211,0.0168043321052,False
m0_no_floor,EleutherAI/pythia-160m,201,0.162405,75.497,2.7163,2.73280698475,0.0165069847529,False
m0_no_floor,EleutherAI/pythia-160m,202,0.162405,77.595,2.7135,2.72991237797,0.0164123779692,False
m0_no_floor,EleutherAI/pythia-160m,203,0.162405,79.692,2.7109,2.72711698338,0.0162169833845,False
m0_no_floor,EleutherAI/pythia-160m,204,0.162405,81.789,2.7082,2.72441364425,0.0162136442515,False
m0_no_floor,EleutherAI/pythia-160m,205,0.162405,83.886,2.7053,2.72179708281,0.0164970828053,False
m0_no_floor,EleutherAI/pythia-160m,206,0.162405,85.983,2.7029,2.71926244632,0.0163624463232,False
m0_no_floor,EleutherAI/pythia-160m,207,0.162405,88.08,2.7007,2.71680526351,0.0161052635052,False
m0_no_floor,EleutherAI/pythia-160m,208,0.162405,90.178,2.6984,2.71442028633,0.0160202863282,False
m0_no_floor,EleutherAI/pythia-160m,209,0.162405,92.275,2.6961,2.71210596841,0.0160059684064,False
m0_no_floor,EleutherAI/pythia-160m,210,0.162405,94.372,2.6945,2.70985761736,0.0153576173613,False
m0_no_floor,EleutherAI/pythia-160m,211,0.162405,96.469,2.6918,2.7076719485,0.0158719485025,False
m0_no_floor,EleutherAI/pythia-160m,212,0.162405,98.566,2.6898,2.70554590763,0.0157459076274,False
m0_no_floor,EleutherAI/pythia-160m,213,0.162405,100.663,2.6878,2.70347665035,0.0156766503485,False
m0_no_floor,EleutherAI/pythia-160m,214,0.162405,102.76,2.6858,2.70146152366,0.0156615236607,False
m0_no_floor,EleutherAI/pythia-160m,215,0.162405,104.858,2.6837,2.69949712509,0.0157971250899,False
m0_no_floor,EleutherAI/pythia-160m,216,0.162405,106.955,2.682,2.69758300844,0.0155830084442,False
m0_no_floor,EleutherAI/pythia-160m,217,0.162405,109.052,2.68,2.6957160543,0.0157160542996,False
m0_no_floor,EleutherAI/pythia-160m,218,0.162405,111.149,2.6783,2.69389422665,0.015594226646,False
m0_no_floor,EleutherAI/pythia-160m,219,0.162405,113.246,2.6765,2.69211561369,0.015615613692,False
m0_no_floor,EleutherAI/pythia-160m,220,0.162405,115.343,2.6749,2.69037841815,0.0154784181507,False
m0_no_floor,EleutherAI/pythia-160m,221,0.162405,117.441,2.6736,2.68868014819,0.0150801481905,False
m0_no_floor,EleutherAI/pythia-160m,222,0.162405,119.538,2.6713,2.6870208283,0.0157208283034,False
m0_no_floor,EleutherAI/pythia-160m,223,0.162405,121.635,2.6702,2.68539813637,0.0151981363717,False
m0_no_floor,EleutherAI/pythia-160m,224,0.162405,123.732,2.6683,2.68381065299,0.0155106529853,False
m0_no_floor,EleutherAI/pythia-160m,225,0.162405,125.829,2.6669,2.68225703662,0.0153570366194,False
m0_no_floor,EleutherAI/pythia-160m,226,0.162405,127.926,2.6657,2.68073601815,0.015036018146,False
m0_no_floor,EleutherAI/pythia-160m,227,0.162405,130.023,2.6641,2.67924639582,0.0151463958163,False
m0_no_floor,EleutherAI/pythia-160m,228,0.162405,132.121,2.6625,2.67778634178,0.0152863417781,False
m0_no_floor,EleutherAI/pythia-160m,229,0.162405,134.218,2.6611,2.67635616707,0.0152561670707,False
m0_no_floor,EleutherAI/pythia-160m,230,0.162405,136.315,2.66,2.67495414297,0.0149541429651,False
m0_no_floor,EleutherAI/pythia-160m,231,0.162405,138.412,2.6584,2.67357929492,0.0151792949203,False
m0_no_floor,EleutherAI/pythia-160m,232,0.162405,140.509,2.6573,2.67223069625,0.0149306962511,False
m0_no_floor,EleutherAI/pythia-160m,233,0.162405,142.606,2.656,2.67090746511,0.014907465106,False
m0_no_floor,EleutherAI/pythia-160m,234,0.162405,144.703,2.6546,2.66960876168,0.0150087616762,False
m0_no_floor,EleutherAI/pythia-160m,235,0.162405,146.801,2.6538,2.66833318315,0.0145331831534,False
m0_no_floor,EleutherAI/pythia-160m,236,0.162405,148.898,2.6523,2.66708118197,0.0147811819685,False
m0_no_floor,EleutherAI/pythia-160m,237,0.162405,150.995,2.6507,2.66585141614,0.0151514161411,False
m0_no_floor,EleutherAI/pythia-160m,238,0.162405,153.092,2.6499,2.6646431901,0.0147431900971,False
m0_no_floor,EleutherAI/pythia-160m,239,0.162405,155.189,2.6486,2.66345583917,0.0148558391723,False
m0_no_floor,EleutherAI/pythia-160m,240,0.162405,157.286,2.6477,2.66228872784,0.014588727843,False
m0_no_floor,EleutherAI/pythia-160m,241,0.162405,159.384,2.6464,2.66114070547,0.0147407054688,False
m0_no_floor,EleutherAI/pythia-160m,242,0.162405,161.481,2.6454,2.66001228415,0.0146122841539,False
m0_no_floor,EleutherAI/pythia-160m,243,0.162405,163.578,2.6444,2.65890235454,0.0145023545433,False
m0_no_floor,EleutherAI/pythia-160m,244,0.162405,165.675,2.6434,2.65781038231,0.0144103823137,False
m0_no_floor,EleutherAI/pythia-160m,245,0.162405,167.772,2.642,2.6567358551,0.014735855097,False
m0_no_floor,EleutherAI/pythia-160m,246,0.162405,169.869,2.6411,2.65567828132,0.0145782813168,False
m0_no_floor,EleutherAI/pythia-160m,247,0.162405,171.966,2.6401,2.6546371891,0.0145371891005,False
m0_no_floor,EleutherAI/pythia-160m,248,0.162405,174.064,2.6391,2.65361164019,0.0145116401903,False
m0_no_floor,EleutherAI/pythia-160m,249,0.162405,176.161,2.6385,2.6526021766,0.0141021766046,False
m0_no_floor,EleutherAI/pythia-160m,250,0.162405,178.258,2.6373,2.65160788712,0.0143078871215,False
m0_no_floor,EleutherAI/pythia-160m,251,0.162405,180.355,2.6361,2.65062836912,0.0145283691231,False
m0_no_floor,EleutherAI/pythia-160m,252,0.162405,182.452,2.6355,2.6496632352,0.0141632351978,False
m0_no_floor,EleutherAI/pythia-160m,253,0.162405,184.549,2.6347,2.6487121124,0.0140121123996,False
m0_no_floor,EleutherAI/pythia-160m,254,0.162405,186.647,2.6337,2.6477741977,0.0140741976982,False
m0_no_floor,EleutherAI/pythia-160m,255,0.162405,188.744,2.6324,2.646850039,0.0144500389965,False
m0_no_floor,EleutherAI/pythia-160m,256,0.162405,190.841,2.6317,2.64593885245,0.0142388524491,False
m0_no_floor,EleutherAI/pythia-160m,257,0.162405,192.938,2.6311,2.6450403164,0.0139403164007,False
m0_no_floor,EleutherAI/pythia-160m,258,0.162405,195.035,2.6299,2.64415412056,0.0142541205576,False
m0_no_floor,EleutherAI/pythia-160m,259,0.162405,197.132,2.6292,2.64327996547,0.0140799654695,False
m0_no_floor,EleutherAI/pythia-160m,260,0.162405,199.229,2.6284,2.64241756204,0.01401756204,False
m0_no_floor,EleutherAI/pythia-160m,261,0.162405,201.327,2.6274,2.64156622797,0.0141662279728,False
m0_no_floor,EleutherAI/pythia-160m,262,0.162405,203.424,2.6267,2.64072650498,0.0140265049793,False
m0_no_floor,EleutherAI/pythia-160m,263,0.162405,205.521,2.6254,2.63989772386,0.0144977238558,False
m0_no_floor,EleutherAI/pythia-160m,264,0.162405,207.618,2.6249,2.63907963254,0.0141796325449,False
m0_no_floor,EleutherAI/pythia-160m,265,0.162405,209.715,2.6243,2.63827198727,0.0139719872668,False
m0_no_floor,EleutherAI/pythia-160m,266,0.162405,211.812,2.6234,2.63747455217,0.0140745521681,False
m0_no_floor,EleutherAI/pythia-160m,267,0.162405,213.91,2.623,2.63668672582,0.0136867258205,False
m0_no_floor,EleutherAI/pythia-160m,268,0.162405,216.007,2.6218,2.63590903818,0.014109038181,False
m0_no_floor,EleutherAI/pythia-160m,269,0.162405,218.104,2.6212,2.63514089737,0.0139408973721,False
m0_no_floor,EleutherAI/pythia-160m,270,0.162405,220.201,2.6206,2.63438209608,0.0137820960835,False
m0_no_floor,EleutherAI/pythia-160m,271,0.162405,222.298,2.62,2.63363243343,0.0136324334266,False
m0_no_floor,EleutherAI/pythia-160m,272,0.162405,224.395,2.6189,2.63289171468,0.0139917146772,False
m0_no_floor,EleutherAI/pythia-160m,273,0.162405,226.492,2.6186,2.63215975103,0.0135597510306,False
m0_no_floor,EleutherAI/pythia-160m,274,0.162405,228.59,2.6177,2.63143601642,0.0137360164203,False
m0_no_floor,EleutherAI/pythia-160m,275,0.162405,230.687,2.6169,2.63072102305,0.0138210230525,False
m0_no_floor,EleutherAI/pythia-160m,276,0.162405,232.784,2.6164,2.63001425154,0.0136142515377,False
m0_no_floor,EleutherAI/pythia-160m,277,0.162405,234.881,2.6157,2.62931553453,0.0136155345331,False
m0_no_floor,EleutherAI/pythia-160m,278,0.162405,236.978,2.6149,2.62862470956,0.0137247095573,False
m0_no_floor,EleutherAI/pythia-160m,279,0.162405,239.075,2.6143,2.62794161881,0.0136416188074,False
m0_no_floor,EleutherAI/pythia-160m,280,0.162405,241.172,2.6136,2.62726610898,0.0136661089848,False
m0_no_floor,EleutherAI/pythia-160m,281,0.162405,243.27,2.613,2.62659771429,0.0135977142912,False
m0_no_floor,EleutherAI/pythia-160m,282,0.162405,245.367,2.6125,2.62593692706,0.0134369270615,False
m0_no_floor,EleutherAI/pythia-160m,283,0.162405,247.464,2.612,2.6252832862,0.0132832861961,False
m0_no_floor,EleutherAI/pythia-160m,284,0.162405,249.561,2.6109,2.62463665482,0.0137366548246,False
m0_no_floor,EleutherAI/pythia-160m,285,0.162405,251.658,2.6108,2.62399689982,0.01319689982,False
m0_no_floor,EleutherAI/pythia-160m,286,0.162405,253.755,2.6096,2.62336389167,0.0137638916664,False
m0_no_floor,EleutherAI/pythia-160m,287,0.162405,255.853,2.6092,2.62273720719,0.013537207185,False
m0_no_floor,EleutherAI/pythia-160m,288,0.162405,257.95,2.6088,2.62211732107,0.0133173210702,False
m0_no_floor,EleutherAI/pythia-160m,289,0.162405,260.047,2.6081,2.62150381363,0.0134038136263,False
m0_no_floor,EleutherAI/pythia-160m,290,0.162405,262.144,2.6074,2.62089656857,0.0134965685676,False
m0_no_floor,EleutherAI/pythia-160m,291,0.162405,264.241,2.6069,2.62029547264,0.0133954726366,False
m0_no_floor,EleutherAI/pythia-160m,292,0.162405,266.338,2.6063,2.6197004155,0.0134004155025,False
m0_no_floor,EleutherAI/pythia-160m,293,0.162405,268.435,2.6057,2.61911128966,0.013411289663,False
m0_no_floor,EleutherAI/pythia-160m,294,0.162405,270.533,2.6053,2.61852771356,0.0132277135648,False
m0_no_floor,EleutherAI/pythia-160m,295,0.162405,272.63,2.6047,2.61795014136,0.0132501413611,False
m0_no_floor,EleutherAI/pythia-160m,296,0.162405,274.727,2.604,2.61737819395,0.0133781939484,False
m0_no_floor,EleutherAI/pythia-160m,297,0.162405,276.824,2.6037,2.61681177424,0.0131117742373,False
m0_no_floor,EleutherAI/pythia-160m,298,0.162405,278.921,2.603,2.61625078753,0.0132507875336,False
m0_no_floor,EleutherAI/pythia-160m,299,0.162405,281.018,2.6026,2.61569514146,0.0130951414617,False
m0_no_floor,EleutherAI/pythia-160m,300,0.162405,283.116,2.602,2.61514448466,0.0131444846616,False
m0_no_floor,EleutherAI/pythia-160m,301,0.162405,285.213,2.6013,2.61459925408,0.0132992540775,False
m0_no_floor,EleutherAI/pythia-160m,302,0.162405,287.31,2.6008,2.61405910015,0.0132591001483,False
m0_no_floor,EleutherAI/pythia-160m,303,0.162405,289.407,2.6005,2.61352393907,0.0130239390661,False
m0_no_floor,EleutherAI/pythia-160m,304,0.162405,291.504,2.5999,2.612993689,0.0130936890011,False
m0_no_floor,EleutherAI/pythia-160m,305,0.162405,293.601,2.5993,2.61246827004,0.0131682700408,False
m0_no_floor,EleutherAI/pythia-160m,306,0.162405,295.698,2.5989,2.61194760413,0.0130476041324,False
m0_no_floor,EleutherAI/pythia-160m,307,0.162405,297.796,2.5985,2.61143137007,0.012931370069,False
m0_no_floor,EleutherAI/pythia-160m,308,0.162405,299.893,2.5978,2.61091998544,0.013119985441,False
m0_shared_exponent,EleutherAI/pythia-160m,162,0.162405,0.134,4.5235,4.55475632765,0.031256327647,False
m0_shared_exponent,EleutherAI/pythia-160m,163,0.162405,0.268,4.1397,4.15406054515,0.0143605451479,False
m0_shared_exponent,EleutherAI/pythia-160m,164,0.162405,0.537,3.8226,3.82648056227,0.00388056227304,False
m0_shared_exponent,EleutherAI/pythia-160m,165,0.162405,1.074,3.5629,3.56011426929,-0.00278573071224,False
m0_shared_exponent,EleutherAI/pythia-160m,166,0.162405,2.097,3.3548,3.34969218845,-0.0051078115452,False
m0_shared_exponent,EleutherAI/pythia-160m,167,0.162405,4.194,3.1771,3.17126887244,-0.00583112756179,False
m0_shared_exponent,EleutherAI/pythia-160m,168,0.162405,6.291,3.0883,3.0825712802,-0.00572871979612,False
m0_shared_exponent,EleutherAI/pythia-160m,169,0.162405,8.389,3.0304,3.02573293705,-0.00466706295206,False
m0_shared_exponent,EleutherAI/pythia-160m,170,0.162405,10.486,2.9888,2.98486336215,-0.00393663785012,False
m0_shared_exponent,EleutherAI/pythia-160m,171,0.162405,12.583,2.9568,2.95340470794,-0.00339529205652,False
m0_shared_exponent,EleutherAI/pythia-160m,172,0.162405,14.68,2.9311,2.92809143009,-0.00300856991302,False
m0_shared_exponent,EleutherAI/pythia-160m,173,0.162405,16.777,2.9098,2.90707267055,-0.00272732944874,False
m0_shared_exponent,EleutherAI/pythia-160m,174,0.162405,18.874,2.8916,2.88920565816,-0.00239434183918,False
m0_shared_exponent,EleutherAI/pythia-160m,175,0.162405,20.972,2.8757,2.87373223452,-0.00196776548487,False
m0_shared_exponent,EleutherAI/pythia-160m,176,0.162405,23.069,2.8619,2.86014876883,-0.00175123117033,False
m0_shared_exponent,EleutherAI/pythia-160m,177,0.162405,25.166,2.8494,2.84807608694,-0.00132391305675,False
m0_shared_exponent,EleutherAI/pythia-160m,178,0.162405,27.263,2.8385,2.83723978914,-0.00126021085673,False
m0_shared_exponent,EleutherAI/pythia-160m,179,0.162405,29.36,2.8281,2.82743180928,-0.000668190715722,False
m0_shared_exponent,EleutherAI/pythia-160m,180,0.162405,31.457,2.8195,2.8184909352,-0.00100906480059,False
m0_shared_exponent,EleutherAI/pythia-160m,181,0.162405,33.554,2.8106,2.81028993179,-0.000310068206363,False
m0_shared_exponent,EleutherAI/pythia-160m,182,0.162405,35.652,2.8025,2.80272329731,0.000223297314494,False
m0_shared_exponent,EleutherAI/pythia-160m,183,0.162405,37.749,2.7952,2.79571524485,0.000515244847843,False
m0_shared_exponent,EleutherAI/pythia-160m,184,0.162405,39.846,2.7888,2.7891937267,0.000393726703159,False
m0_shared_exponent,EleutherAI/pythia-160m,185,0.162405,41.943,2.7823,2.78310190496,0.00080190495564,False
m0_shared_exponent,EleutherAI/pythia-160m,186,0.162405,44.04,2.7766,2.77739201516,0.000792015160111,False
m0_shared_exponent,EleutherAI/pythia-160m,187,0.162405,46.137,2.771,2.77202356522,0.00102356521955,False
m0_shared_exponent,EleutherAI/pythia-160m,188,0.162405,48.234,2.7656,2.76696195562,0.00136195561982,False
m0_shared_exponent,EleutherAI/pythia-160m,189,0.162405,50.332,2.7605,2.76217518902,0.0016751890156,False
m0_shared_exponent,EleutherAI/pythia-160m,190,0.162405,52.429,2.7557,2.75764202299,0.00194202298521,False
m0_shared_exponent,EleutherAI/pythia-160m,191,0.162405,54.526,2.7514,2.75333763183,0.00193763183134,False
m0_shared_exponent,EleutherAI/pythia-160m,192,0.162405,56.623,2.7474,2.74924231521,0.00184231520513,False
m0_shared_exponent,EleutherAI/pythia-160m,193,0.162405,58.72,2.7432,2.74533872072,0.0021387207211,False
m0_shared_exponent,EleutherAI/pythia-160m,194,0.162405,60.817,2.7391,2.74161149188,0.00251149187969,False
m0_shared_exponent,EleutherAI/pythia-160m,195,0.162405,62.915,2.7356,2.7380453159,0.00244531589551,False
m0_shared_exponent,EleutherAI/pythia-160m,196,0.162405,65.012,2.7321,2.73463140554,0.00253140554094,False
m0_shared_exponent,EleutherAI/pythia-160m,197,0.162405,67.109,2.7285,2.73135710983,0.00285710983023,False
m0_shared_exponent,EleutherAI/pythia-160m,198,0.162405,69.206,2.7254,2.72821261673,0.00281261672794,False
m0_shared_exponent,EleutherAI/pythia-160m,199,0.162405,71.303,2.7222,2.72518907498,0.00298907498469,False
m0_shared_exponent,EleutherAI/pythia-160m,200,0.162405,73.4,2.719,2.72227847503,0.00327847503271,False
m0_shared_exponent,EleutherAI/pythia-160m,201,0.162405,75.497,2.7163,2.71947354757,0.00317354757463,False
m0_shared_exponent,EleutherAI/pythia-160m,202,0.162405,77.595,2.7135,2.71676640912,0.00326640912099,False
m0_shared_exponent,EleutherAI/pythia-160m,203,0.162405,79.692,2.7109,2.71415360126,0.00325360125825,False
m0_shared_exponent,EleutherAI/pythia-160m,204,0.162405,81.789,2.7082,2.71162828855,0.00342828855165,False
m0_shared_exponent,EleutherAI/pythia-160m,205,0.162405,83.886,2.7053,2.70918540787,0.00388540787304,False
m0_shared_exponent,EleutherAI/pythia-160m,206,0.162405,85.983,2.7029,2.70682030646,0.00392030646084,False
m0_shared_exponent,EleutherAI/pythia-160m,207,0.162405,88.08,2.7007,2.7045286996,0.00382869960281,False
m0_shared_exponent,EleutherAI/pythia-160m,208,0.162405,90.178,2.6984,2.70230558993,0.00390558992865,False
m0_shared_exponent,EleutherAI/pythia-160m,209,0.162405,92.275,2.6961,2.70014944001,0.00404944001041,False
m0_shared_exponent,EleutherAI/pythia-160m,210,0.162405,94.372,2.6945,2.69805578847,0.00355578846582,False
m0_shared_exponent,EleutherAI/pythia-160m,211,0.162405,96.469,2.6918,2.69602149415,0.004221494152,False
m0_shared_exponent,EleutherAI/pythia-160m,212,0.162405,98.566,2.6898,2.69404363776,0.00424363776006,False
m0_shared_exponent,EleutherAI/pythia-160m,213,0.162405,100.663,2.6878,2.69211950182,0.00431950182108,False
m0_shared_exponent,EleutherAI/pythia-160m,214,0.162405,102.76,2.6858,2.69024655289,0.00444655288812,False
m0_shared_exponent,EleutherAI/pythia-160m,215,0.162405,104.858,2.6837,2.68842156703,0.00472156703259,False
m0_shared_exponent,EleutherAI/pythia-160m,216,0.162405,106.955,2.682,2.68664407166,0.00464407165657,False
m0_shared_exponent,EleutherAI/pythia-160m,217,0.162405,109.052,2.68,2.68491111506,0.00491111506201,False
m0_shared_exponent,EleutherAI/pythia-160m,218,0.162405,111.149,2.6783,2.68322075643,0.00492075642599,False
m0_shared_exponent,EleutherAI/pythia-160m,219,0.162405,113.246,2.6765,2.6815711741,0.00507117410248,False
m0_shared_exponent,EleutherAI/pythia-160m,220,0.162405,115.343,2.6749,2.67996065626,0.00506065625708,False
m0_shared_exponent,EleutherAI/pythia-160m,221,0.162405,117.441,2.6736,2.67838685093,0.00478685093291,False
m0_shared_exponent,EleutherAI/pythia-160m,222,0.162405,119.538,2.6713,2.676849741,0.0055497409976,False
m0_shared_exponent,EleutherAI/pythia-160m,223,0.162405,121.635,2.6702,2.67534713738,0.00514713737613,False
m0_shared_exponent,EleutherAI/pythia-160m,224,0.162405,123.732,2.6683,2.67387769027,0.00557769027406,False
m0_shared_exponent,EleutherAI/pythia-160m,225,0.162405,125.829,2.6669,2.67244012444,0.00554012444263,False
m0_shared_exponent,EleutherAI/pythia-160m,226,0.162405,127.926,2.6657,2.6710332339,0.00533323390044,False
m0_shared_exponent,EleutherAI/pythia-160m,227,0.162405,130.023,2.6641,2.66965587711,0.00555587710843,False
m0_shared_exponent,EleutherAI/pythia-160m,228,0.162405,132.121,2.6625,2.66830633592,0.00580633592017,False
m0_shared_exponent,EleutherAI/pythia-160m,229,0.162405,134.218,2.6611,2.6669848709,0.0058848709046,False
m0_shared_exponent,EleutherAI/pythia-160m,230,0.162405,136.315,2.66,2.66568985885,0.00568985885251,False
m0_shared_exponent,EleutherAI/pythia-160m,231,0.162405,138.412,2.6584,2.66442037534,0.00602037534348,False
m0_shared_exponent,EleutherAI/pythia-160m,232,0.162405,140.509,2.6573,2.66317554165,0.00587554164762,False
m0_shared_exponent,EleutherAI/pythia-160m,233,0.162405,142.606,2.656,2.66195452183,0.00595452182522,False
m0_shared_exponent,EleutherAI/pythia-160m,234,0.162405,144.703,2.6546,2.66075652005,0.00615652005004,False
m0_shared_exponent,EleutherAI/pythia-160m,235,0.162405,146.801,2.6538,2.65958022265,0.00578022265177,False
m0_shared_exponent,EleutherAI/pythia-160m,236,0.162405,148.898,2.6523,2.65842602787,0.00612602786876,False
m0_shared_exponent,EleutherAI/pythia-160m,237,0.162405,150.995,2.6507,2.65729268019,0.00659268019201,False
m0_shared_exponent,EleutherAI/pythia-160m,238,0.162405,153.092,2.6499,2.65617952131,0.00627952130502,False
m0_shared_exponent,EleutherAI/pythia-160m,239,0.162405,155.189,2.6486,2.65508592234,0.00648592233635,False
m0_shared_exponent,EleutherAI/pythia-160m,240,0.162405,157.286,2.6477,2.65401128217,0.00631128216581,False
m0_shared_exponent,EleutherAI/pythia-160m,241,0.162405,159.384,2.6464,2.65295452645,0.00655452644736,False
m0_shared_exponent,EleutherAI/pythia-160m,242,0.162405,161.481,2.6454,2.65191611213,0.00651611212663,False
m0_shared_exponent,EleutherAI/pythia-160m,243,0.162405,163.578,2.6444,2.65089500429,0.00649500428724,False
m0_shared_exponent,EleutherAI/pythia-160m,244,0.162405,165.675,2.6434,2.64989069812,0.00649069811603,False
m0_shared_exponent,EleutherAI/pythia-160m,245,0.162405,167.772,2.642,2.64890270968,0.00690270967795,False
m0_shared_exponent,EleutherAI/pythia-160m,246,0.162405,169.869,2.6411,2.6479305748,0.00683057480437,False
m0_shared_exponent,EleutherAI/pythia-160m,247,0.162405,171.966,2.6401,2.64697384805,0.00687384805355,False
m0_shared_exponent,EleutherAI/pythia-160m,248,0.162405,174.064,2.6391,2.64603165615,0.00693165615302,False
m0_shared_exponent,EleutherAI/pythia-160m,249,0.162405,176.161,2.6385,2.64510448628,0.00660448627902,False
m0_shared_exponent,EleutherAI/pythia-160m,250,0.162405,178.258,2.6373,2.64419149095,0.00689149095264,False
m0_shared_exponent,EleutherAI/pythia-160m,251,0.162405,180.355,2.6361,2.64329229051,0.00719229051013,False
m0_shared_exponent,EleutherAI/pythia-160m,252,0.162405,182.452,2.6355,2.64240651972,0.0069065197213,False
m0_shared_exponent,EleutherAI/pythia-160m,253,0.162405,184.549,2.6347,2.64153382708,0.00683382708233,False
m0_shared_exponent,EleutherAI/pythia-160m,254,0.162405,186.647,2.6337,2.64067346705,0.00697346705042,False
m0_shared_exponent,EleutherAI/pythia-160m,255,0.162405,188.744,2.6324,2.63982593366,0.00742593366404,False
m0_shared_exponent,EleutherAI/pythia-160m,256,0.162405,190.841,2.6317,2.63899049967,0.00729049967207,False
m0_shared_exponent,EleutherAI/pythia-160m,257,0.162405,192.938,2.6311,2.63816686221,0.00706686221179,False
m0_shared_exponent,EleutherAI/pythia-160m,258,0.162405,195.035,2.6299,2.63735472919,0.00745472918862,False
m0_shared_exponent,EleutherAI/pythia-160m,259,0.162405,197.132,2.6292,2.63655381878,0.00735381878232,False
m0_shared_exponent,EleutherAI/pythia-160m,260,0.162405,199.229,2.6284,2.63576385898,0.00736385898089,False
m0_shared_exponent,EleutherAI/pythia-160m,261,0.162405,201.327,2.6274,2.63498421804,0.00758421803641,False
m0_shared_exponent,EleutherAI/pythia-160m,262,0.162405,203.424,2.6267,2.63421538538,0.00751538538072,False
m0_shared_exponent,EleutherAI/pythia-160m,263,0.162405,205.521,2.6254,2.63345674174,0.00805674174404,False
m0_shared_exponent,EleutherAI/pythia-160m,264,0.162405,207.618,2.6249,2.63270805018,0.00780805018129,False
m0_shared_exponent,EleutherAI/pythia-160m,265,0.162405,209.715,2.6243,2.63196908158,0.00766908158003,False
m0_shared_exponent,EleutherAI/pythia-160m,266,0.162405,211.812,2.6234,2.63123961433,0.00783961432624,False
m0_shared_exponent,EleutherAI/pythia-160m,267,0.162405,213.91,2.623,2.63051909274,0.00751909273608,False
m0_shared_exponent,EleutherAI/pythia-160m,268,0.162405,216.007,2.6218,2.62980799604,0.00800799604278,False
m0_shared_exponent,EleutherAI/pythia-160m,269,0.162405,218.104,2.6212,2.62910577766,0.00790577766436,False
m0_shared_exponent,EleutherAI/pythia-160m,270,0.162405,220.201,2.6206,2.62841224297,0.00781224297441,False
m0_shared_exponent,EleutherAI/pythia-160m,271,0.162405,222.298,2.62,2.62772720341,0.00772720341479,False
m0_shared_exponent,EleutherAI/pythia-160m,272,0.162405,224.395,2.6189,2.62705047625,0.00815047625133,False
m0_shared_exponent,EleutherAI/pythia-160m,273,0.162405,226.492,2.6186,2.62638188434,0.0077818843415,False
m0_shared_exponent,EleutherAI/pythia-160m,274,0.162405,228.59,2.6177,2.62572094275,0.00802094275142,False
m0_shared_exponent,EleutherAI/pythia-160m,275,0.162405,230.687,2.6169,2.62506811487,0.00816811487278,False
m0_shared_exponent,EleutherAI/pythia-160m,276,0.162405,232.784,2.6164,2.62442292214,0.00802292213699,False
m0_shared_exponent,EleutherAI/pythia-160m,277,0.162405,234.881,2.6157,2.62378520766,0.00808520766413,False
m0_shared_exponent,EleutherAI/pythia-160m,278,0.162405,236.978,2.6149,2.62315481916,0.00825481916171,False
m0_shared_exponent,EleutherAI/pythia-160m,279,0.162405,239.075,2.6143,2.62253160875,0.00823160875131,False
m0_shared_exponent,EleutherAI/pythia-160m,280,0.162405,241.172,2.6136,2.6219154328,0.0083154328033,False
m0_shared_exponent,EleutherAI/pythia-160m,281,0.162405,243.27,2.613,2.62130586285,0.00830586285322,False
m0_shared_exponent,EleutherAI/pythia-160m,282,0.162405,245.367,2.6125,2.62070334435,0.00820334434614,False
m0_shared_exponent,EleutherAI/pythia-160m,283,0.162405,247.464,2.612,2.6201074533,0.00810745330104,False
m0_shared_exponent,EleutherAI/pythia-160m,284,0.162405,249.561,2.6109,2.61951806158,0.00861806157723,False
m0_shared_exponent,EleutherAI/pythia-160m,285,0.162405,251.658,2.6108,2.61893504456,0.00813504456182,False
m0_shared_exponent,EleutherAI/pythia-160m,286,0.162405,253.755,2.6096,2.61835828104,0.00875828104418,False
m0_shared_exponent,EleutherAI/pythia-160m,287,0.162405,255.853,2.6092,2.61778738242,0.00858738242476,False
m0_shared_exponent,EleutherAI/pythia-160m,288,0.162405,257.95,2.6088,2.61722277813,0.00842277812874,False
m0_shared_exponent,EleutherAI/pythia-160m,289,0.162405,260.047,2.6081,2.61666408288,0.00856408288427,False
m0_shared_exponent,EleutherAI/pythia-160m,290,0.162405,262.144,2.6074,2.61611118794,0.00871118794069,False
m0_shared_exponent,EleutherAI/pythia-160m,291,0.162405,264.241,2.6069,2.6155639874,0.00866398739837,False
m0_shared_exponent,EleutherAI/pythia-160m,292,0.162405,266.338,2.6063,2.61502237811,0.00872237811202,False
m0_shared_exponent,EleutherAI/pythia-160m,293,0.162405,268.435,2.6057,2.6144862596,0.00878625959805,False
m0_shared_exponent,EleutherAI/pythia-160m,294,0.162405,270.533,2.6053,2.61395528213,0.00865528212886,False
m0_shared_exponent,EleutherAI/pythia-160m,295,0.162405,272.63,2.6047,2.61342985642,0.0087298564189,False
m0_shared_exponent,EleutherAI/pythia-160m,296,0.162405,274.727,2.604,2.61290963509,0.00890963508646,False
m0_shared_exponent,EleutherAI/pythia-160m,297,0.162405,276.824,2.6037,2.61239452744,0.00869452744283,False
m0_shared_exponent,EleutherAI/pythia-160m,298,0.162405,278.921,2.603,2.61188444505,0.00888444505133,False
m0_shared_exponent,EleutherAI/pythia-160m,299,0.162405,281.018,2.6026,2.61137930165,0.00877930165492,False
m0_shared_exponent,EleutherAI/pythia-160m,300,0.162405,283.116,2.602,2.61087877568,0.00887877567829,False
m0_shared_exponent,EleutherAI/pythia-160m,301,0.162405,285.213,2.6013,2.61038326213,0.00908326213164,False
m0_shared_exponent,EleutherAI/pythia-160m,302,0.162405,287.31,2.6008,2.60989244117,0.0090924411677,False
m0_shared_exponent,EleutherAI/pythia-160m,303,0.162405,289.407,2.6005,2.60940623458,0.00890623458046,False
m0_shared_exponent,EleutherAI/pythia-160m,304,0.162405,291.504,2.5999,2.60892456602,0.00902456602193,False
m0_shared_exponent,EleutherAI/pythia-160m,305,0.162405,293.601,2.5993,2.60844736094,0.00914736094499,False
m0_shared_exponent,EleutherAI/pythia-160m,306,0.162405,295.698,2.5989,2.60797454655,0.00907454654842,False
m0_shared_exponent,EleutherAI/pythia-160m,307,0.162405,297.796,2.5985,2.60750582933,0.00900582933135,False
m0_shared_exponent,EleutherAI/pythia-160m,308,0.162405,299.893,2.5978,2.60704158662,0.00924158662321,False
m0_current,EleutherAI/pythia-410m,316,0.409009,0.134,4.3461,4.34639417473,0.000294174725896,False
m0_current,EleutherAI/pythia-410m,317,0.409009,0.268,3.9625,3.96251773614,1.77361386373e-05,False
m0_current,EleutherAI/pythia-410m,318,0.409009,0.537,3.6458,3.64556519779,-0.000234802209425,False
m0_current,EleutherAI/pythia-410m,319,0.409009,1.074,3.3856,3.38527542542,-0.000324574577605,False
m0_current,EleutherAI/pythia-410m,320,0.409009,2.097,3.1777,3.17764339554,-5.66044585422e-05,False
m0_current,EleutherAI/pythia-410m,321,0.409009,4.194,2.9999,2.99986861256,-3.13874436144e-05,False
m0_current,EleutherAI/pythia-410m,322,0.409009,6.291,2.9109,2.910788506,-0.000111493999785,False
m0_current,EleutherAI/pythia-410m,323,0.409009,8.389,2.8533,2.85342044628,0.000120446282015,False
m0_current,EleutherAI/pythia-410m,324,0.409009,10.486,2.8125,2.81201889398,-0.000481106020013,False
m0_current,EleutherAI/pythia-410m,325,0.409009,12.583,2.7799,2.78005827942,0.000158279416449,False
m0_current,EleutherAI/pythia-410m,326,0.409009,14.68,2.754,2.75427921843,0.000279218426971,False
m0_current,EleutherAI/pythia-410m,327,0.409009,16.777,2.733,2.73282968457,-0.000170315427634,False
m0_current,EleutherAI/pythia-410m,328,0.409009,18.874,2.7147,2.71456375251,-0.000136247491127,False
m0_current,EleutherAI/pythia-410m,329,0.409009,20.972,2.6988,2.69871963173,-8.03682673562e-05,False
m0_current,EleutherAI/pythia-410m,330,0.409009,23.069,2.6849,2.68479080905,-0.00010919094558,False
m0_current,EleutherAI/pythia-410m,331,0.409009,25.166,2.6724,2.67239506524,-4.93475894858e-06,False
m0_current,EleutherAI/pythia-410m,332,0.409009,27.263,2.6611,2.66125552059,0.000155520592243,False
m0_current,EleutherAI/pythia-410m,333,0.409009,29.36,2.6512,2.65116197525,-3.80247472265e-05,False
m0_current,EleutherAI/pythia-410m,334,0.409009,31.457,2.6418,2.64195138288,0.000151382880061,False
m0_current,EleutherAI/pythia-410m,335,0.409009,33.554,2.6336,2.63349492824,-0.000105071763693,False
m0_current,EleutherAI/pythia-410m,336,0.409009,35.652,2.6256,2.62568563046,8.56304568244e-05,False
m0_current,EleutherAI/pythia-410m,337,0.409009,37.749,2.6183,2.61844674687,0.000146746869433,False
m0_current,EleutherAI/pythia-410m,338,0.409009,39.846,2.6116,2.61170507578,0.000105075782043,False
m0_current,EleutherAI/pythia-410m,339,0.409009,41.943,2.6055,2.60540287159,-9.71284149021e-05,False
m0_current,EleutherAI/pythia-410m,340,0.409009,44.04,2.5994,2.5994915704,9.15703984052e-05,False
m0_current,EleutherAI/pythia-410m,341,0.409009,46.137,2.5938,2.59392997288,0.000129972884297,False
m0_current,EleutherAI/pythia-410m,342,0.409009,48.234,2.5887,2.58868285118,-1.71488226006e-05,False
m0_current,EleutherAI/pythia-410m,343,0.409009,50.332,2.5837,2.58371756392,1.7563917531e-05,False
m0_current,EleutherAI/pythia-410m,344,0.409009,52.429,2.5789,2.57901253673,0.000112536726352,False
m0_current,EleutherAI/pythia-410m,345,0.409009,54.526,2.5745,2.57454240606,4.24060615809e-05,False
m0_current,EleutherAI/pythia-410m,346,0.409009,56.623,2.5703,2.57028706474,-1.29352579861e-05,False
m0_current,EleutherAI/pythia-410m,347,0.409009,58.72,2.566,2.56622879229,0.000228792288714,False
m0_current,EleutherAI/pythia-410m,348,0.409009,60.817,2.5621,2.56235189814,0.000251898136291,False
m0_current,EleutherAI/pythia-410m,349,0.409009,62.915,2.5585,2.55864069739,0.000140697387938,False
m0_current,EleutherAI/pythia-410m,350,0.409009,65.012,2.555,2.55508626345,8.62634459708e-05,False
m0_current,EleutherAI/pythia-410m,351,0.409009,67.109,2.5517,2.55167562117,-2.43788341963e-05,False
m0_current,EleutherAI/pythia-410m,352,0.409009,69.206,2.5486,2.54839872557,-0.000201274426094,False
m0_current,EleutherAI/pythia-410m,353,0.409009,71.303,2.5454,2.54524651124,-0.000153488756491,False
m0_current,EleutherAI/pythia-410m,354,0.409009,73.4,2.5422,2.54221077124,1.07712423953e-05,False
m0_current,EleutherAI/pythia-410m,355,0.409009,75.497,2.5393,2.53928405402,-1.59459814348e-05,False
m0_current,EleutherAI/pythia-410m,356,0.409009,77.595,2.5363,2.53645825162,0.000158251616196,False
m0_current,EleutherAI/pythia-410m,357,0.409009,79.692,2.5337,2.53372986234,2.98623446611e-05,False
m0_current,EleutherAI/pythia-410m,358,0.409009,81.789,2.531,2.53109184827,9.18482687058e-05,False
m0_current,EleutherAI/pythia-410m,359,0.409009,83.886,2.5286,2.52853901118,-6.09888229923e-05,False
m0_current,EleutherAI/pythia-410m,360,0.409009,85.983,2.5259,2.52606657242,0.000166572423349,False
m0_current,EleutherAI/pythia-410m,361,0.409009,88.08,2.5237,2.5236701298,-2.98702029657e-05,False
m0_current,EleutherAI/pythia-410m,362,0.409009,90.178,2.5215,2.52134452779,-0.000155472208219,False
m0_current,EleutherAI/pythia-410m,363,0.409009,92.275,2.5191,2.51908822382,-1.17761795635e-05,False
m0_current,EleutherAI/pythia-410m,364,0.409009,94.372,2.5169,2.5168966107,-3.38930437183e-06,False
m0_current,EleutherAI/pythia-410m,365,0.409009,96.469,2.5148,2.51476645679,-3.35432086338e-05,False
m0_current,EleutherAI/pythia-410m,366,0.409009,98.566,2.5126,2.51269475775,9.47577525654e-05,False
m0_current,EleutherAI/pythia-410m,367,0.409009,100.663,2.5107,2.51067871608,-2.12839241147e-05,False
m0_current,EleutherAI/pythia-410m,368,0.409009,102.76,2.5087,2.50871572291,1.57229073032e-05,False
m0_current,EleutherAI/pythia-410m,369,0.409009,104.858,2.5068,2.50680244152,2.44152052176e-06,False
m0_current,EleutherAI/pythia-410m,370,0.409009,106.955,2.5048,2.5049384163,0.000138416297358,False
m0_current,EleutherAI/pythia-410m,371,0.409009,109.052,2.5031,2.50312058954,2.05895437113e-05,False
m0_current,EleutherAI/pythia-410m,372,0.409009,111.149,2.5014,2.50134696036,-5.30396398277e-05,False
m0_current,EleutherAI/pythia-410m,373,0.409009,113.246,2.4998,2.4996156502,-0.000184349802454,False
m0_current,EleutherAI/pythia-410m,374,0.409009,115.343,2.498,2.49792489327,-7.51067270937e-05,False
m0_current,EleutherAI/pythia-410m,375,0.409009,117.441,2.4965,2.49627224919,-0.00022775080783,False
m0_current,EleutherAI/pythia-410m,376,0.409009,119.538,2.4946,2.49465772734,5.77273370466e-05,False
m0_current,EleutherAI/pythia-410m,377,0.409009,121.635,2.4932,2.4930790545,-0.000120945504246,False
m0_current,EleutherAI/pythia-410m,378,0.409009,123.732,2.4916,2.4915348369,-6.51630989661e-05,False
m0_current,EleutherAI/pythia-410m,379,0.409009,125.829,2.4903,2.49002375744,-0.000276242564274,False
m0_current,EleutherAI/pythia-410m,380,0.409009,127.926,2.4884,2.48854457022,0.000144570222806,False
m0_current,EleutherAI/pythia-410m,381,0.409009,130.023,2.487,2.48709609568,9.60956788396e-05,False
m0_current,EleutherAI/pythia-410m,382,0.409009,132.121,2.4856,2.48567654625,7.65462497863e-05,False
m0_current,EleutherAI/pythia-410m,383,0.409009,134.218,2.484,2.48428621456,0.000286214558802,False
m0_current,EleutherAI/pythia-410m,384,0.409009,136.315,2.4829,2.48292341063,2.3410626981e-05,False
m0_current,EleutherAI/pythia-410m,385,0.409009,138.412,2.4815,2.48158717835,8.71783521168e-05,False
m0_current,EleutherAI/pythia-410m,386,0.409009,140.509,2.4803,2.48027660869,-2.33913111263e-05,False
m0_current,EleutherAI/pythia-410m,387,0.409009,142.606,2.479,2.47899083667,-9.16332871492e-06,False
m0_current,EleutherAI/pythia-410m,388,0.409009,144.703,2.478,2.47772903866,-0.000270961335718,False
m0_current,EleutherAI/pythia-410m,389,0.409009,146.801,2.4766,2.47648984458,-0.000110155422596,False
m0_current,EleutherAI/pythia-410m,390,0.409009,148.898,2.4752,2.47527368703,7.36870277702e-05,False
m0_current,EleutherAI/pythia-410m,391,0.409009,150.995,2.474,2.47407925577,7.92557680107e-05,False
m0_current,EleutherAI/pythia-410m,392,0.409009,153.092,2.473,2.47290586892,-9.41310822422e-05,False
m0_current,EleutherAI/pythia-410m,393,0.409009,155.189,2.4716,2.47175287497,0.000152874966552,False
m0_current,EleutherAI/pythia-410m,394,0.409009,157.286,2.4708,2.47061965103,-0.000180348967556,False
m0_current,EleutherAI/pythia-410m,395,0.409009,159.384,2.4696,2.46950507447,-9.49255344227e-05,False
m0_current,EleutherAI/pythia-410m,396,0.409009,161.481,2.4683,2.46840963719,0.000109637185637,False
m0_current,EleutherAI/pythia-410m,397,0.409009,163.578,2.4671,2.46733225714,0.000232257143489,False
m0_current,EleutherAI/pythia-410m,398,0.409009,165.675,2.4664,2.46627241085,-0.000127589145053,False
m0_current,EleutherAI/pythia-410m,399,0.409009,167.772,2.4652,2.46522959639,2.95963943029e-05,False
m0_current,EleutherAI/pythia-410m,400,0.409009,169.869,2.4644,2.46420333225,-0.000196667749849,False
m0_current,EleutherAI/pythia-410m,401,0.409009,171.966,2.463,2.46319315626,0.000193156255216,False
m0_current,EleutherAI/pythia-410m,402,0.409009,174.064,2.4621,2.46219815398,9.81539839664e-05,False
m0_current,EleutherAI/pythia-410m,403,0.409009,176.161,2.4612,2.46121884737,1.8847374315e-05,False
m0_current,EleutherAI/pythia-410m,404,0.409009,178.258,2.4603,2.46025434858,-4.56514213449e-05,False
m0_current,EleutherAI/pythia-410m,405,0.409009,180.355,2.4592,2.4593042634,0.000104263404839,False
m0_current,EleutherAI/pythia-410m,406,0.409009,182.452,2.4584,2.45836821258,-3.17874170936e-05,False
m0_current,EleutherAI/pythia-410m,407,0.409009,184.549,2.4573,2.45744583104,0.000145831036385,False
m0_current,EleutherAI/pythia-410m,408,0.409009,186.647,2.4565,2.45653633681,3.63368127121e-05,False
m0_current,EleutherAI/pythia-410m,409,0.409009,188.744,2.4557,2.45564025809,-5.97419140869e-05,False
m0_current,EleutherAI/pythia-410m,410,0.409009,190.841,2.4548,2.45475683176,-4.31682407673e-05,False
m0_current,EleutherAI/pythia-410m,411,0.409009,192.938,2.454,2.45388574307,-0.000114256927513,False
m0_current,EleutherAI/pythia-410m,412,0.409009,195.035,2.4529,2.45302668841,0.000126688409005,False
m0_current,EleutherAI/pythia-410m,413,0.409009,197.132,2.452,2.45217937479,0.000179374786324,False
m0_current,EleutherAI/pythia-410m,414,0.409009,199.229,2.4515,2.45134351938,-0.000156480624704,False
m0_current,EleutherAI/pythia-410m,415,0.409009,201.327,2.4506,2.45051845841,-8.15415903523e-05,False
m0_current,EleutherAI/pythia-410m,416,0.409009,203.424,2.4496,2.44970471445,0.00010471444734,False
m0_current,EleutherAI/pythia-410m,417,0.409009,205.521,2.4491,2.44890163659,-0.000198363411354,False
m0_current,EleutherAI/pythia-410m,418,0.409009,207.618,2.4481,2.44810897832,8.97831854196e-06,False
m0_current,EleutherAI/pythia-410m,419,0.409009,209.715,2.4475,2.44732650124,-0.00017349876374,False
m0_current,EleutherAI/pythia-410m,420,0.409009,211.812,2.4466,2.44655397471,-4.60252897687e-05,False
m0_current,EleutherAI/pythia-410m,421,0.409009,213.91,2.446,2.44579081408,-0.000209185920579,False
m0_current,EleutherAI/pythia-410m,422,0.409009,216.007,2.4452,2.44503753071,-0.000162469285617,False
m0_current,EleutherAI/pythia-410m,423,0.409009,218.104,2.4443,2.44429354934,-6.45066032412e-06,False
m0_current,EleutherAI/pythia-410m,424,0.409009,220.201,2.4437,2.4435586673,-0.00014133270451,False
m0_current,EleutherAI/pythia-410m,425,0.409009,222.298,2.4429,2.44283268821,-6.73117861534e-05,False
m0_current,EleutherAI/pythia-410m,426,0.409009,224.395,2.4423,2.44211542177,-0.000184578233912,False
m0_current,EleutherAI/pythia-410m,427,0.409009,226.492,2.4413,2.44140668342,0.000106683422762,False
m0_current,EleutherAI/pythia-410m,428,0.409009,228.59,2.4408,2.44070596219,-9.40378067709e-05,False
m0_current,EleutherAI/pythia-410m,429,0.409009,230.687,2.4401,2.44001375239,-8.62476059269e-05,False
m0_current,EleutherAI/pythia-410m,430,0.409009,232.784,2.4391,2.4393295496,0.000229549596954,False
m0_current,EleutherAI/pythia-410m,431,0.409009,234.881,2.4385,2.43865319029,0.000153190293971,False
m0_current,EleutherAI/pythia-410m,432,0.409009,236.978,2.4377,2.43798451574,0.000284515738056,False
m0_current,EleutherAI/pythia-410m,433,0.409009,239.075,2.4373,2.43732337176,2.33717636728e-05,False
m0_current,EleutherAI/pythia-410m,434,0.409009,241.172,2.4368,2.43666960862,-0.000130391384209,False
m0_current,EleutherAI/pythia-410m,435,0.409009,243.27,2.4362,2.43602277418,-0.000177225820861,False
m0_current,EleutherAI/pythia-410m,436,0.409009,245.367,2.4354,2.4353833436,-1.66563978037e-05,False
m0_current,EleutherAI/pythia-410m,437,0.409009,247.464,2.4349,2.43475086939,-0.000149130610703,False
m0_current,EleutherAI/pythia-410m,438,0.409009,249.561,2.434,2.43412521787,0.000125217868856,False
m0_current,EleutherAI/pythia-410m,439,0.409009,251.658,2.4333,2.43350625903,0.000206259033651,False
m0_current,EleutherAI/pythia-410m,440,0.409009,253.755,2.4329,2.43289386641,-6.13358917256e-06,False
m0_current,EleutherAI/pythia-410m,441,0.409009,255.853,2.4323,2.4322876295,-1.23705047885e-05,False
m0_current,EleutherAI/pythia-410m,442,0.409009,257.95,2.4317,2.43168800639,-1.19936129561e-05,False
m0_current,EleutherAI/pythia-410m,443,0.409009,260.047,2.4309,2.43109459001,0.000194590007041,False
m0_current,EleutherAI/pythia-410m,444,0.409009,262.144,2.4305,2.43050726683,7.26682994889e-06,False
m0_current,EleutherAI/pythia-410m,445,0.409009,264.241,2.4298,2.42992592629,0.000125926293975,False
m0_current,EleutherAI/pythia-410m,446,0.409009,266.338,2.4294,2.4293504607,-4.95392993578e-05,False
m0_current,EleutherAI/pythia-410m,447,0.409009,268.435,2.4288,2.42878076512,-1.92348812189e-05,False
m0_current,EleutherAI/pythia-410m,448,0.409009,270.533,2.4281,2.42821646966,0.000116469659633,False
m0_current,EleutherAI/pythia-410m,449,0.409009,272.63,2.4276,2.42765801255,5.80125517637e-05,False
m0_current,EleutherAI/pythia-410m,450,0.409009,274.727,2.427,2.42710502632,0.000105026317888,False
m0_current,EleutherAI/pythia-410m,451,0.409009,276.824,2.4266,2.42655741621,-4.25837868314e-05,False
m0_current,EleutherAI/pythia-410m,452,0.409009,278.921,2.4261,2.42601508984,-8.4910164539e-05,False
m0_current,EleutherAI/pythia-410m,453,0.409009,281.018,2.4254,2.42547795705,7.79570502889e-05,False
m0_current,EleutherAI/pythia-410m,454,0.409009,283.116,2.425,2.42494567741,-5.43225857101e-05,False
m0_current,EleutherAI/pythia-410m,455,0.409009,285.213,2.4244,2.4244186725,1.86724975246e-05,False
m0_current,EleutherAI/pythia-410m,456,0.409009,287.31,2.4238,2.42389660363,9.66036295251e-05,False
m0_current,EleutherAI/pythia-410m,457,0.409009,289.407,2.4234,2.42337938905,-2.06109459504e-05,False
m0_current,EleutherAI/pythia-410m,458,0.409009,291.504,2.4228,2.42286694895,6.69489488958e-05,False
m0_current,EleutherAI/pythia-410m,459,0.409009,293.601,2.4223,2.42235920537,5.92053666302e-05,False
m0_current,EleutherAI/pythia-410m,460,0.409009,295.698,2.4217,2.42185608218,0.000156082177536,False
m0_current,EleutherAI/pythia-410m,461,0.409009,297.796,2.4216,2.42135726833,-0.000242731669828,False
m0_current,EleutherAI/pythia-410m,462,0.409009,299.893,2.4209,2.42086316665,-3.6833347274e-05,False
m0_no_floor,EleutherAI/pythia-410m,316,0.409009,0.134,4.3461,4.39526367084,0.0491636708445,False
m0_no_floor,EleutherAI/pythia-410m,317,0.409009,0.268,3.9625,4.01831124912,0.0558112491226,False
m0_no_floor,EleutherAI/pythia-410m,318,0.409009,0.537,3.6458,3.70568373545,0.0598837354547,False
m0_no_floor,EleutherAI/pythia-410m,319,0.409009,1.074,3.3856,3.44779742995,0.0621974299503,False
m0_no_floor,EleutherAI/pythia-410m,320,0.409009,2.097,3.1777,3.24117877543,0.0634787754329,False
m0_no_floor,EleutherAI/pythia-410m,321,0.409009,4.194,2.9999,3.06349608189,0.0635960818887,False
m0_no_floor,EleutherAI/pythia-410m,322,0.409009,6.291,2.9109,2.9741429387,0.0632429386967,False
m0_no_floor,EleutherAI/pythia-410m,323,0.409009,8.389,2.8533,2.91646995671,0.0631699567124,False
m0_no_floor,EleutherAI/pythia-410m,324,0.409009,10.486,2.8125,2.87477972498,0.0622797249756,False
m0_no_floor,EleutherAI/pythia-410m,325,0.409009,12.583,2.7799,2.84255420769,0.0626542076944,False
m0_no_floor,EleutherAI/pythia-410m,326,0.409009,14.68,2.754,2.81653331449,0.0625333144884,False
m0_no_floor,EleutherAI/pythia-410m,327,0.409009,16.777,2.733,2.79486251369,0.0618625136887,False
m0_no_floor,EleutherAI/pythia-410m,328,0.409009,18.874,2.7147,2.77639323049,0.0616932304888,False
m0_no_floor,EleutherAI/pythia-410m,329,0.409009,20.972,2.6988,2.76036121544,0.0615612154438,False
m0_no_floor,EleutherAI/pythia-410m,330,0.409009,23.069,2.6849,2.74625811117,0.0613581111736,False
m0_no_floor,EleutherAI/pythia-410m,331,0.409009,25.166,2.6724,2.7336999076,0.061299907602,False
m0_no_floor,EleutherAI/pythia-410m,332,0.409009,27.263,2.6611,2.72240830329,0.0613083032943,False
m0_no_floor,EleutherAI/pythia-410m,333,0.409009,29.36,2.6512,2.71217190425,0.060971904249,False
m0_no_floor,EleutherAI/pythia-410m,334,0.409009,31.457,2.6418,2.70282665578,0.0610266557841,False
m0_no_floor,EleutherAI/pythia-410m,335,0.409009,33.554,2.6336,2.69424288588,0.0606428858796,False
m0_no_floor,EleutherAI/pythia-410m,336,0.409009,35.652,2.6256,2.68631282483,0.0607128248269,False
m0_no_floor,EleutherAI/pythia-410m,337,0.409009,37.749,2.6183,2.67895921413,0.0606592141264,False
m0_no_floor,EleutherAI/pythia-410m,338,0.409009,39.846,2.6116,2.67210824678,0.0605082467806,False
m0_no_floor,EleutherAI/pythia-410m,339,0.409009,41.943,2.6055,2.66570170132,0.0602017013183,False
m0_no_floor,EleutherAI/pythia-410m,340,0.409009,44.04,2.5994,2.659690597,0.0602905969994,False
m0_no_floor,EleutherAI/pythia-410m,341,0.409009,46.137,2.5938,2.65403336742,0.0602333674161,False
m0_no_floor,EleutherAI/pythia-410m,342,0.409009,48.234,2.5887,2.6486944599,0.059994459905,False
m0_no_floor,EleutherAI/pythia-410m,343,0.409009,50.332,2.5837,2.64364090314,0.0599409031388,False
m0_no_floor,EleutherAI/pythia-410m,344,0.409009,52.429,2.5789,2.63885094908,0.0599509490846,False
m0_no_floor,EleutherAI/pythia-410m,345,0.409009,54.526,2.5745,2.63429896036,0.0597989603595,False
m0_no_floor,EleutherAI/pythia-410m,346,0.409009,56.623,2.5703,2.62996462204,0.0596646220436,False
m0_no_floor,EleutherAI/pythia-410m,347,0.409009,58.72,2.566,2.62583002614,0.059830026137,False
m0_no_floor,EleutherAI/pythia-410m,348,0.409009,60.817,2.5621,2.62187931225,0.0597793122483,False
m0_no_floor,EleutherAI/pythia-410m,349,0.409009,62.915,2.5585,2.61809660766,0.0595966076598,False
m0_no_floor,EleutherAI/pythia-410m,350,0.409009,65.012,2.555,2.61447291333,0.0594729133273,False
m0_no_floor,EleutherAI/pythia-410m,351,0.409009,67.109,2.5517,2.61099509107,0.0592950910717,False
m0_no_floor,EleutherAI/pythia-410m,352,0.409009,69.206,2.5486,2.60765297831,0.059052978309,False
m0_no_floor,EleutherAI/pythia-410m,353,0.409009,71.303,2.5454,2.60443740162,0.0590374016242,False
m0_no_floor,EleutherAI/pythia-410m,354,0.409009,73.4,2.5422,2.6013400547,0.0591400547028,False
m0_no_floor,EleutherAI/pythia-410m,355,0.409009,75.497,2.5393,2.59835339433,0.0590533943287,False
m0_no_floor,EleutherAI/pythia-410m,356,0.409009,77.595,2.5363,2.59546920036,0.0591692003572,False
m0_no_floor,EleutherAI/pythia-410m,357,0.409009,79.692,2.5337,2.59268394827,0.0589839482725,False
m0_no_floor,EleutherAI/pythia-410m,358,0.409009,81.789,2.531,2.58999049914,0.0589904991426,False
m0_no_floor,EleutherAI/pythia-410m,359,0.409009,83.886,2.5286,2.58738358709,0.0587835870934,False
m0_no_floor,EleutherAI/pythia-410m,360,0.409009,85.983,2.5259,2.58485837048,0.0589583704777,False
m0_no_floor,EleutherAI/pythia-410m,361,0.409009,88.08,2.5237,2.58241038833,0.0587103883292,False
m0_no_floor,EleutherAI/pythia-410m,362,0.409009,90.178,2.5215,2.58003440652,0.05853440652,False
m0_no_floor,EleutherAI/pythia-410m,363,0.409009,92.275,2.5191,2.57772887913,0.0586288791288,False
m0_no_floor,EleutherAI/pythia-410m,364,0.409009,94.372,2.5169,2.57548912658,0.0585891265818,False
m0_no_floor,EleutherAI/pythia-410m,365,0.409009,96.469,2.5148,2.57331187214,0.058511872135,False
m0_no_floor,EleutherAI/pythia-410m,366,0.409009,98.566,2.5126,2.57119406905,0.0585940690529,False
m0_no_floor,EleutherAI/pythia-410m,367,0.409009,100.663,2.5107,2.56913287997,0.0584328799724,False
m0_no_floor,EleutherAI/pythia-410m,368,0.409009,102.76,2.5087,2.56712565851,0.0584256585058,False
m0_no_floor,EleutherAI/pythia-410m,369,0.409009,104.858,2.5068,2.56516901208,0.058369012077,False
m0_no_floor,EleutherAI/pythia-410m,370,0.409009,106.955,2.5048,2.563262493,0.0584624929977,False
m0_no_floor,EleutherAI/pythia-410m,371,0.409009,109.052,2.5031,2.56140299114,0.0583029911429,False
m0_no_floor,EleutherAI/pythia-410m,372,0.409009,111.149,2.5014,2.55958847577,0.0581884757697,False
m0_no_floor,EleutherAI/pythia-410m,373,0.409009,113.246,2.4998,2.55781704007,0.0580170400743,False
m0_no_floor,EleutherAI/pythia-410m,374,0.409009,115.343,2.498,2.5560868915,0.0580868914979,False
m0_no_floor,EleutherAI/pythia-410m,375,0.409009,117.441,2.4965,2.55439554597,0.0578955459661,False
m0_no_floor,EleutherAI/pythia-410m,376,0.409009,119.538,2.4946,2.55274302563,0.0581430256313,False
m0_no_floor,EleutherAI/pythia-410m,377,0.409009,121.635,2.4932,2.55112701575,0.0579270157547,False
m0_no_floor,EleutherAI/pythia-410m,378,0.409009,123.732,2.4916,2.54954610078,0.0579461007777,False
m0_no_floor,EleutherAI/pythia-410m,379,0.409009,125.829,2.4903,2.54799894284,0.057698942842,False
m0_no_floor,EleutherAI/pythia-410m,380,0.409009,127.926,2.4884,2.54648427631,0.058084276313,False
m0_no_floor,EleutherAI/pythia-410m,381,0.409009,130.023,2.487,2.54500090277,0.0580009027727,False
m0_no_floor,EleutherAI/pythia-410m,382,0.409009,132.121,2.4856,2.54354700046,0.0579470004563,False
m0_no_floor,EleutherAI/pythia-410m,383,0.409009,134.218,2.484,2.54212287757,0.0581228775745,False
m0_no_floor,EleutherAI/pythia-410m,384,0.409009,136.315,2.4829,2.54072681125,0.057826811254,False
m0_no_floor,EleutherAI/pythia-410m,385,0.409009,138.412,2.4815,2.53935782973,0.0578578297264,False
m0_no_floor,EleutherAI/pythia-410m,386,0.409009,140.509,2.4803,2.53801500896,0.0577150089596,False
m0_no_floor,EleutherAI/pythia-410m,387,0.409009,142.606,2.479,2.53669746964,0.0576974696418,False
m0_no_floor,EleutherAI/pythia-410m,388,0.409009,144.703,2.478,2.5354043744,0.0574043743975,False
m0_no_floor,EleutherAI/pythia-410m,389,0.409009,146.801,2.4766,2.53413432537,0.0575343253672,False
m0_no_floor,EleutherAI/pythia-410m,390,0.409009,148.898,2.4752,2.53288777195,0.0576877719484,False
m0_no_floor,EleutherAI/pythia-410m,391,0.409009,150.995,2.474,2.53166337696,0.0576633769622,False
m0_no_floor,EleutherAI/pythia-410m,392,0.409009,153.092,2.473,2.5304604469,0.0574604468958,False
m0_no_floor,EleutherAI/pythia-410m,393,0.409009,155.189,2.4716,2.52927831907,0.0576783190651,False
m0_no_floor,EleutherAI/pythia-410m,394,0.409009,157.286,2.4708,2.52811635985,0.0573163598497,False
m0_no_floor,EleutherAI/pythia-410m,395,0.409009,159.384,2.4696,2.52697342285,0.0573734228475,False
m0_no_floor,EleutherAI/pythia-410m,396,0.409009,161.481,2.4683,2.52585001708,0.0575500170765,False
m0_no_floor,EleutherAI/pythia-410m,397,0.409009,163.578,2.4671,2.52474503732,0.0576450373175,False
m0_no_floor,EleutherAI/pythia-410m,398,0.409009,165.675,2.4664,2.52365795088,0.0572579508798,False
m0_no_floor,EleutherAI/pythia-410m,399,0.409009,167.772,2.4652,2.52258824697,0.0573882469685,False
m0_no_floor,EleutherAI/pythia-410m,400,0.409009,169.869,2.4644,2.52153543552,0.0571354355237,False
m0_no_floor,EleutherAI/pythia-410m,401,0.409009,171.966,2.463,2.52049904614,0.0574990461352,False
m0_no_floor,EleutherAI/pythia-410m,402,0.409009,174.064,2.4621,2.51947814416,0.0573781441575,False
m0_no_floor,EleutherAI/pythia-410m,403,0.409009,176.161,2.4612,2.51847326854,0.0572732685415,False
m0_no_floor,EleutherAI/pythia-410m,404,0.409009,178.258,2.4603,2.51748351161,0.0571835116089,False
m0_no_floor,EleutherAI/pythia-410m,405,0.409009,180.355,2.4592,2.51650847201,0.0573084720119,False
m0_no_floor,EleutherAI/pythia-410m,406,0.409009,182.452,2.4584,2.51554776357,0.0571477635665,False
m0_no_floor,EleutherAI/pythia-410m,407,0.409009,184.549,2.4573,2.51460101451,0.0573010145132,False
m0_no_floor,EleutherAI/pythia-410m,408,0.409009,186.647,2.4565,2.51366742502,0.0571674250189,False
m0_no_floor,EleutherAI/pythia-410m,409,0.409009,188.744,2.4557,2.51274753997,0.057047539974,False
m0_no_floor,EleutherAI/pythia-410m,410,0.409009,190.841,2.4548,2.51184057868,0.0570405786809,False
m0_no_floor,EleutherAI/pythia-410m,411,0.409009,192.938,2.454,2.51094622052,0.0569462205243,False
m0_no_floor,EleutherAI/pythia-410m,412,0.409009,195.035,2.4529,2.51006415622,0.0571641562178,False
m0_no_floor,EleutherAI/pythia-410m,413,0.409009,197.132,2.452,2.50919408729,0.0571940872869,False
m0_no_floor,EleutherAI/pythia-410m,414,0.409009,199.229,2.4515,2.50833572558,0.0568357255809,False
m0_no_floor,EleutherAI/pythia-410m,415,0.409009,201.327,2.4506,2.50748839162,0.0568883916163,False
m0_no_floor,EleutherAI/pythia-410m,416,0.409009,203.424,2.4496,2.50665262418,0.0570526241804,False
m0_no_floor,EleutherAI/pythia-410m,417,0.409009,205.521,2.4491,2.50582775685,0.0567277568489,False
m0_no_floor,EleutherAI/pythia-410m,418,0.409009,207.618,2.4481,2.5050135384,0.0569135384008,False
m0_no_floor,EleutherAI/pythia-410m,419,0.409009,209.715,2.4475,2.50420972587,0.0567097258681,False
m0_no_floor,EleutherAI/pythia-410m,420,0.409009,211.812,2.4466,2.50341608419,0.0568160841859,False
m0_no_floor,EleutherAI/pythia-410m,421,0.409009,213.91,2.446,2.50263201447,0.0566320144727,False
m0_no_floor,EleutherAI/pythia-410m,422,0.409009,216.007,2.4452,2.50185804385,0.0566580438483,False
m0_no_floor,EleutherAI/pythia-410m,423,0.409009,218.104,2.4443,2.50109358296,0.0567935829573,False
m0_no_floor,EleutherAI/pythia-410m,424,0.409009,220.201,2.4437,2.50033842519,0.0566384251919,False
m0_no_floor,EleutherAI/pythia-410m,425,0.409009,222.298,2.4429,2.49959237035,0.056692370346,False
m0_no_floor,EleutherAI/pythia-410m,426,0.409009,224.395,2.4423,2.49885522436,0.0565552243592,False
m0_no_floor,EleutherAI/pythia-410m,427,0.409009,226.492,2.4413,2.49812679907,0.0568267990726,False
m0_no_floor,EleutherAI/pythia-410m,428,0.409009,228.59,2.4408,2.49740657071,0.0566065707113,False
m0_no_floor,EleutherAI/pythia-410m,429,0.409009,230.687,2.4401,2.49669504875,0.0565950487505,False
m0_no_floor,EleutherAI/pythia-410m,430,0.409009,232.784,2.4391,2.49599171608,0.0568917160751,False
m0_no_floor,EleutherAI/pythia-410m,431,0.409009,234.881,2.4385,2.49529640592,0.0567964059217,False
m0_no_floor,EleutherAI/pythia-410m,432,0.409009,236.978,2.4377,2.49460895637,0.056908956373,False
m0_no_floor,EleutherAI/pythia-410m,433,0.409009,239.075,2.4373,2.49392921018,0.0566292101759,False
m0_no_floor,EleutherAI/pythia-410m,434,0.409009,241.172,2.4368,2.49325701457,0.0564570145672,False
m0_no_floor,EleutherAI/pythia-410m,435,0.409009,243.27,2.4362,2.49259190583,0.0563919058296,False
m0_no_floor,EleutherAI/pythia-410m,436,0.409009,245.367,2.4354,2.49193437367,0.0565343736743,False
m0_no_floor,EleutherAI/pythia-410m,437,0.409009,247.464,2.4349,2.49128395907,0.056383959071,False
m0_no_floor,EleutherAI/pythia-410m,438,0.409009,249.561,2.434,2.49064052563,0.0566405256327,False
m0_no_floor,EleutherAI/pythia-410m,439,0.409009,251.658,2.4333,2.4900039407,0.056703940704,False
m0_no_floor,EleutherAI/pythia-410m,440,0.409009,253.755,2.4329,2.48937407523,0.056474075229,False
m0_no_floor,EleutherAI/pythia-410m,441,0.409009,255.853,2.4323,2.48875050796,0.0564505079574,False
m0_no_floor,EleutherAI/pythia-410m,442,0.409009,257.95,2.4317,2.48813371105,0.0564337110501,False
m0_no_floor,EleutherAI/pythia-410m,443,0.409009,260.047,2.4309,2.48752326673,0.0566232667312,False
m0_no_floor,EleutherAI/pythia-410m,444,0.409009,262.144,2.4305,2.48691905913,0.0564190591322,False
m0_no_floor,EleutherAI/pythia-410m,445,0.409009,264.241,2.4298,2.4863209754,0.0565209754036,False
m0_no_floor,EleutherAI/pythia-410m,446,0.409009,266.338,2.4294,2.48572890561,0.0563289056126,False
m0_no_floor,EleutherAI/pythia-410m,447,0.409009,268.435,2.4288,2.48514274265,0.0563427426455,False
m0_no_floor,EleutherAI/pythia-410m,448,0.409009,270.533,2.4281,2.48456210672,0.0564621067249,False
m0_no_floor,EleutherAI/pythia-410m,449,0.409009,272.63,2.4276,2.48398744957,0.0563874495725,False
m0_no_floor,EleutherAI/pythia-410m,450,0.409009,274.727,2.427,2.48341839385,0.0564183938546,False
m0_no_floor,EleutherAI/pythia-410m,451,0.409009,276.824,2.4266,2.48285484284,0.0562548428367,False
m0_no_floor,EleutherAI/pythia-410m,452,0.409009,278.921,2.4261,2.48229670217,0.0561967021712,False
m0_no_floor,EleutherAI/pythia-410m,453,0.409009,281.018,2.4254,2.48174387982,0.0563438798216,False
m0_no_floor,EleutherAI/pythia-410m,454,0.409009,283.116,2.425,2.48119602609,0.0561960260903,False
m0_no_floor,EleutherAI/pythia-410m,455,0.409009,285.213,2.4244,2.48065357557,0.0562535755739,False
m0_no_floor,EleutherAI/pythia-410m,456,0.409009,287.31,2.4238,2.48011618037,0.0563161803698,False
m0_no_floor,EleutherAI/pythia-410m,457,0.409009,289.407,2.4234,2.47958375698,0.0561837569806,False
m0_no_floor,EleutherAI/pythia-410m,458,0.409009,291.504,2.4228,2.47905622388,0.0562562238803,False
m0_no_floor,EleutherAI/pythia-410m,459,0.409009,293.601,2.4223,2.47853350145,0.0562335014538,False
m0_no_floor,EleutherAI/pythia-410m,460,0.409009,295.698,2.4217,2.47801551194,0.0563155119393,False
m0_no_floor,EleutherAI/pythia-410m,461,0.409009,297.796,2.4216,2.47750193568,0.0559019356771,False
m0_no_floor,EleutherAI/pythia-410m,462,0.409009,299.893,2.4209,2.476993188,0.0560931880031,False
m0_shared_exponent,EleutherAI/pythia-410m,316,0.409009,0.134,4.3461,4.37970138772,0.0336013877228,False
m0_shared_exponent,EleutherAI/pythia-410m,317,0.409009,0.268,3.9625,3.98136723335,0.0188672333468,False
m0_shared_exponent,EleutherAI/pythia-410m,318,0.409009,0.537,3.6458,3.65526562672,0.00946562672367,False
m0_shared_exponent,EleutherAI/pythia-410m,319,0.409009,1.074,3.3856,3.38973307614,0.0041330761356,False
m0_shared_exponent,EleutherAI/pythia-410m,320,0.409009,2.097,3.1777,3.17968334844,0.00198334843853,False
m0_shared_exponent,EleutherAI/pythia-410m,321,0.409009,4.194,2.9999,3.00133325445,0.00143325444579,False
m0_shared_exponent,EleutherAI/pythia-410m,322,0.409009,6.291,2.9109,2.91257323618,0.00167323617678,False
m0_shared_exponent,EleutherAI/pythia-410m,323,0.409009,8.389,2.8533,2.85565521791,0.00235521790723,False
m0_shared_exponent,EleutherAI/pythia-410m,324,0.409009,10.486,2.8125,2.81470737105,0.00220737105322,False
m0_shared_exponent,EleutherAI/pythia-410m,325,0.409009,12.583,2.7799,2.78317566185,0.00327566184596,False
m0_shared_exponent,EleutherAI/pythia-410m,326,0.409009,14.68,2.754,2.75779505072,0.00379505071858,False
m0_shared_exponent,EleutherAI/pythia-410m,327,0.409009,16.777,2.733,2.73671431202,0.0037143120218,False
m0_shared_exponent,EleutherAI/pythia-410m,328,0.409009,18.874,2.7147,2.71879010701,0.00409010700867,False
m0_shared_exponent,EleutherAI/pythia-410m,329,0.409009,20.972,2.6988,2.70326368581,0.0044636858137,False
m0_shared_exponent,EleutherAI/pythia-410m,330,0.409009,23.069,2.6849,2.68963095862,0.00473095862141,False
m0_shared_exponent,EleutherAI/pythia-410m,331,0.409009,25.166,2.6724,2.67751228423,0.00511228423113,False
m0_shared_exponent,EleutherAI/pythia-410m,332,0.409009,27.263,2.6611,2.66663288635,0.00553288634859,False
m0_shared_exponent,EleutherAI/pythia-410m,333,0.409009,29.36,2.6512,2.65678437807,0.00558437806987,False
m0_shared_exponent,EleutherAI/pythia-410m,334,0.409009,31.457,2.6418,2.64780527356,0.00600527356472,False
m0_shared_exponent,EleutherAI/pythia-410m,335,0.409009,33.554,2.6336,2.63956810336,0.00596810335828,False
m0_shared_exponent,EleutherAI/pythia-410m,336,0.409009,35.652,2.6256,2.63196714805,0.00636714804785,False
m0_shared_exponent,EleutherAI/pythia-410m,337,0.409009,37.749,2.6183,2.62492647888,0.00662647887775,False
m0_shared_exponent,EleutherAI/pythia-410m,338,0.409009,39.846,2.6116,2.61837387962,0.0067738796249,False
m0_shared_exponent,EleutherAI/pythia-410m,339,0.409009,41.943,2.6055,2.61225237971,0.00675237971053,False
m0_shared_exponent,EleutherAI/pythia-410m,340,0.409009,44.04,2.5994,2.60651409814,0.00711409814487,False
m0_shared_exponent,EleutherAI/pythia-410m,341,0.409009,46.137,2.5938,2.60111843995,0.0073184399515,False
m0_shared_exponent,EleutherAI/pythia-410m,342,0.409009,48.234,2.5887,2.59603071439,0.00733071438999,False
m0_shared_exponent,EleutherAI/pythia-410m,343,0.409009,50.332,2.5837,2.59121883113,0.00751883113458,False
m0_shared_exponent,EleutherAI/pythia-410m,344,0.409009,52.429,2.5789,2.58666149905,0.00776149904637,False
m0_shared_exponent,EleutherAI/pythia-410m,345,0.409009,54.526,2.5745,2.58233381504,0.00783381503831,False
m0_shared_exponent,EleutherAI/pythia-410m,346,0.409009,56.623,2.5703,2.57821602005,0.00791602005347,False
m0_shared_exponent,EleutherAI/pythia-410m,347,0.409009,58.72,2.566,2.57429070865,0.00829070865268,False
m0_shared_exponent,EleutherAI/pythia-410m,348,0.409009,60.817,2.5621,2.57054247624,0.00844247624092,False
m0_shared_exponent,EleutherAI/pythia-410m,349,0.409009,62.915,2.5585,2.56695595676,0.00845595675873,False
m0_shared_exponent,EleutherAI/pythia-410m,350,0.409009,65.012,2.555,2.56352234248,0.00852234248276,False
m0_shared_exponent,EleutherAI/pythia-410m,351,0.409009,67.109,2.5517,2.56022893612,0.00852893612167,False
m0_shared_exponent,EleutherAI/pythia-410m,352,0.409009,69.206,2.5486,2.55706589223,0.00846589222976,False
m0_shared_exponent,EleutherAI/pythia-410m,353,0.409009,71.303,2.5454,2.55402432886,0.00862432886276,False
m0_shared_exponent,EleutherAI/pythia-410m,354,0.409009,73.4,2.5422,2.55109620819,0.00889620818885,False
m0_shared_exponent,EleutherAI/pythia-410m,355,0.409009,75.497,2.5393,2.54827423483,0.00897423482908,False
m0_shared_exponent,EleutherAI/pythia-410m,356,0.409009,77.595,2.5363,2.54555049337,0.00925049336723,False
m0_shared_exponent,EleutherAI/pythia-410m,357,0.409009,79.692,2.5337,2.54292151887,0.00922151886529,False
m0_shared_exponent,EleutherAI/pythia-410m,358,0.409009,81.789,2.531,2.54038044713,0.0093804471311,False
m0_shared_exponent,EleutherAI/pythia-410m,359,0.409009,83.886,2.5286,2.53792219575,0.00932219575387,False
m0_shared_exponent,EleutherAI/pythia-410m,360,0.409009,85.983,2.5259,2.53554209401,0.00964209401242,False
m0_shared_exponent,EleutherAI/pythia-410m,361,0.409009,88.08,2.5237,2.53323584044,0.00953584044024,False
m0_shared_exponent,EleutherAI/pythia-410m,362,0.409009,90.178,2.5215,2.53099841527,0.00949841526801,False
m0_shared_exponent,EleutherAI/pythia-410m,363,0.409009,92.275,2.5191,2.52882828006,0.0097282800617,False
m0_shared_exponent,EleutherAI/pythia-410m,364,0.409009,94.372,2.5169,2.52672095281,0.00982095281195,False
m0_shared_exponent,EleutherAI/pythia-410m,365,0.409009,96.469,2.5148,2.5246732795,0.0098732794985,False
m0_shared_exponent,EleutherAI/pythia-410m,366,0.409009,98.566,2.5126,2.52268232871,0.0100823287141,False
m0_shared_exponent,EleutherAI/pythia-410m,367,0.409009,100.663,2.5107,2.52074537161,0.0100453716094,False
m0_shared_exponent,EleutherAI/pythia-410m,368,0.409009,102.76,2.5087,2.51885986402,0.010159864019,False
m0_shared_exponent,EleutherAI/pythia-410m,369,0.409009,104.858,2.5068,2.5170225661,0.0102225660984,False
m0_shared_exponent,EleutherAI/pythia-410m,370,0.409009,106.955,2.5048,2.51523300744,0.0104330074436,False
m0_shared_exponent,EleutherAI/pythia-410m,371,0.409009,109.052,2.5031,2.51348822141,0.0103882214144,False
m0_shared_exponent,EleutherAI/pythia-410m,372,0.409009,111.149,2.5014,2.51178625866,0.0103862586616,False
m0_shared_exponent,EleutherAI/pythia-410m,373,0.409009,113.246,2.4998,2.51012528947,0.0103252894658,False
m0_shared_exponent,EleutherAI/pythia-410m,374,0.409009,115.343,2.498,2.50850359434,0.0105035943408,False
m0_shared_exponent,EleutherAI/pythia-410m,375,0.409009,117.441,2.4965,2.50691880888,0.0104188088849,False
m0_shared_exponent,EleutherAI/pythia-410m,376,0.409009,119.538,2.4946,2.50537091954,0.0107709195382,False
m0_shared_exponent,EleutherAI/pythia-410m,377,0.409009,121.635,2.4932,2.5038577254,0.0106577253953,False
m0_shared_exponent,EleutherAI/pythia-410m,378,0.409009,123.732,2.4916,2.50237787043,0.0107778704326,False
m0_shared_exponent,EleutherAI/pythia-410m,379,0.409009,125.829,2.4903,2.50093007347,0.0106300734722,False
m0_shared_exponent,EleutherAI/pythia-410m,380,0.409009,127.926,2.4884,2.49951312288,0.0111131228844,False
m0_shared_exponent,EleutherAI/pythia-410m,381,0.409009,130.023,2.487,2.49812587175,0.0111258717456,False
m0_shared_exponent,EleutherAI/pythia-410m,382,0.409009,132.121,2.4856,2.49676659217,0.0111665921679,False
m0_shared_exponent,EleutherAI/pythia-410m,383,0.409009,134.218,2.484,2.4954355491,0.0114355490973,False
m0_shared_exponent,EleutherAI/pythia-410m,384,0.409009,136.315,2.4829,2.49413110996,0.0112311099594,False
m0_shared_exponent,EleutherAI/pythia-410m,385,0.409009,138.412,2.4815,2.49285234585,0.0113523458543,False
m0_shared_exponent,EleutherAI/pythia-410m,386,0.409009,140.509,2.4803,2.49159837377,0.0112983737667,False
m0_shared_exponent,EleutherAI/pythia-410m,387,0.409009,142.606,2.479,2.49036835365,0.0113683536549,False
m0_shared_exponent,EleutherAI/pythia-410m,388,0.409009,144.703,2.478,2.48916148576,0.0111614857636,False
m0_shared_exponent,EleutherAI/pythia-410m,389,0.409009,146.801,2.4766,2.48797644852,0.0113764485215,False
m0_shared_exponent,EleutherAI/pythia-410m,390,0.409009,148.898,2.4752,2.48681364489,0.0116136448859,False
m0_shared_exponent,EleutherAI/pythia-410m,391,0.409009,150.995,2.474,2.48567181169,0.0116718116864,False
m0_shared_exponent,EleutherAI/pythia-410m,392,0.409009,153.092,2.473,2.48455028728,0.0115502872801,False
m0_shared_exponent,EleutherAI/pythia-410m,393,0.409009,155.189,2.4716,2.4834484396,0.0118484396003,False
m0_shared_exponent,EleutherAI/pythia-410m,394,0.409009,157.286,2.4708,2.48236566446,0.0115656644561,False
m0_shared_exponent,EleutherAI/pythia-410m,395,0.409009,159.384,2.4696,2.48130088075,0.0117008807482,False
m0_shared_exponent,EleutherAI/pythia-410m,396,0.409009,161.481,2.4683,2.48025455023,0.0119545502337,False
m0_shared_exponent,EleutherAI/pythia-410m,397,0.409009,163.578,2.4671,2.47922563141,0.0121256314096,False
m0_shared_exponent,EleutherAI/pythia-410m,398,0.409009,165.675,2.4664,2.47821361683,0.0118136168302,False
m0_shared_exponent,EleutherAI/pythia-410m,399,0.409009,167.772,2.4652,2.47721802002,0.0120180200242,False
m0_shared_exponent,EleutherAI/pythia-410m,400,0.409009,169.869,2.4644,2.47623837438,0.0118383743786,False
m0_shared_exponent,EleutherAI/pythia-410m,401,0.409009,171.966,2.463,2.47527423209,0.0122742320948,False
m0_shared_exponent,EleutherAI/pythia-410m,402,0.409009,174.064,2.4621,2.47432471416,0.0122247141564,False
m0_shared_exponent,EleutherAI/pythia-410m,403,0.409009,176.161,2.4612,2.47339031253,0.0121903125285,False
m0_shared_exponent,EleutherAI/pythia-410m,404,0.409009,178.258,2.4603,2.4724701741,0.0121701740999,False
m0_shared_exponent,EleutherAI/pythia-410m,405,0.409009,180.355,2.4592,2.47156391716,0.012363917161,False
m0_shared_exponent,EleutherAI/pythia-410m,406,0.409009,182.452,2.4584,2.4706711745,0.0122711745047,False
m0_shared_exponent,EleutherAI/pythia-410m,407,0.409009,184.549,2.4573,2.46979159272,0.0124915927165,False
m0_shared_exponent,EleutherAI/pythia-410m,408,0.409009,186.647,2.4565,2.46892442118,0.0124244211783,False
m0_shared_exponent,EleutherAI/pythia-410m,409,0.409009,188.744,2.4557,2.46807015863,0.0123701586341,False
m0_shared_exponent,EleutherAI/pythia-410m,410,0.409009,190.841,2.4548,2.46722807284,0.0124280728377,False
m0_shared_exponent,EleutherAI/pythia-410m,411,0.409009,192.938,2.454,2.46639785925,0.0123978592526,False
m0_shared_exponent,EleutherAI/pythia-410m,412,0.409009,195.035,2.4529,2.46557922416,0.0126792241633,False
m0_shared_exponent,EleutherAI/pythia-410m,413,0.409009,197.132,2.452,2.46477188418,0.0127718841796,False
m0_shared_exponent,EleutherAI/pythia-410m,414,0.409009,199.229,2.4515,2.46397556577,0.0124755657684,False
m0_shared_exponent,EleutherAI/pythia-410m,415,0.409009,201.327,2.4506,2.46318963272,0.0125896327244,False
m0_shared_exponent,EleutherAI/pythia-410m,416,0.409009,203.424,2.4496,2.46241457905,0.0128145790477,False
m0_shared_exponent,EleutherAI/pythia-410m,417,0.409009,205.521,2.4491,2.46164978107,0.0125497810664,False
m0_shared_exponent,EleutherAI/pythia-410m,418,0.409009,207.618,2.4481,2.46089500049,0.0127950004904,False
m0_shared_exponent,EleutherAI/pythia-410m,419,0.409009,209.715,2.4475,2.4601500069,0.0126500069019,False
m0_shared_exponent,EleutherAI/pythia-410m,420,0.409009,211.812,2.4466,2.45941457742,0.0128145774199,False
m0_shared_exponent,EleutherAI/pythia-410m,421,0.409009,213.91,2.446,2.45868815233,0.0126881523307,False
m0_shared_exponent,EleutherAI/pythia-410m,422,0.409009,216.007,2.4452,2.4579712153,0.0127712152998,False
m0_shared_exponent,EleutherAI/pythia-410m,423,0.409009,218.104,2.4443,2.45726321576,0.012963215756,False
m0_shared_exponent,EleutherAI/pythia-410m,424,0.409009,220.201,2.4437,2.45656395794,0.0128639579445,False
m0_shared_exponent,EleutherAI/pythia-410m,425,0.409009,222.298,2.4429,2.45587325221,0.0129732522105,False
m0_shared_exponent,EleutherAI/pythia-410m,426,0.409009,224.395,2.4423,2.45519091475,0.0128909147535,False
m0_shared_exponent,EleutherAI/pythia-410m,427,0.409009,226.492,2.4413,2.45451676739,0.0132167673939,False
m0_shared_exponent,EleutherAI/pythia-410m,428,0.409009,228.59,2.4408,2.45385032158,0.0130503215782,False
m0_shared_exponent,EleutherAI/pythia-410m,429,0.409009,230.687,2.4401,2.45319204496,0.0130920449631,False
m0_shared_exponent,EleutherAI/pythia-410m,430,0.409009,232.784,2.4391,2.45254145539,0.0134414553884,False
m0_shared_exponent,EleutherAI/pythia-410m,431,0.409009,234.881,2.4385,2.45189839504,0.013398395044,False
m0_shared_exponent,EleutherAI/pythia-410m,432,0.409009,236.978,2.4377,2.45126271073,0.0135627107318,False
m0_shared_exponent,EleutherAI/pythia-410m,433,0.409009,239.075,2.4373,2.45063425369,0.0133342536913,False
m0_shared_exponent,EleutherAI/pythia-410m,434,0.409009,241.172,2.4368,2.45001287943,0.0132128794338,False
m0_shared_exponent,EleutherAI/pythia-410m,435,0.409009,243.27,2.4362,2.44939815621,0.0131981562123,False
m0_shared_exponent,EleutherAI/pythia-410m,436,0.409009,245.367,2.4354,2.44879053357,0.0133905335683,False
m0_shared_exponent,EleutherAI/pythia-410m,437,0.409009,247.464,2.4349,2.44818958426,0.0132895842577,False
m0_shared_exponent,EleutherAI/pythia-410m,438,0.409009,249.561,2.434,2.44759517936,0.0135951793644,False
m0_shared_exponent,EleutherAI/pythia-410m,439,0.409009,251.658,2.4333,2.44700719352,0.0137071935192,False
m0_shared_exponent,EleutherAI/pythia-410m,440,0.409009,253.755,2.4329,2.44642550477,0.0135255047737,False
m0_shared_exponent,EleutherAI/pythia-410m,441,0.409009,255.853,2.4323,2.44584972149,0.0135497214905,False
m0_shared_exponent,EleutherAI/pythia-410m,442,0.409009,257.95,2.4317,2.44528027705,0.0135802770488,False
m0_shared_exponent,EleutherAI/pythia-410m,443,0.409009,260.047,2.4309,2.44471678315,0.0138167831529,False
m0_shared_exponent,EleutherAI/pythia-410m,444,0.409009,262.144,2.4305,2.44415913038,0.0136591303831,False
m0_shared_exponent,EleutherAI/pythia-410m,445,0.409009,264.241,2.4298,2.44360721219,0.0138072121864,False
m0_shared_exponent,EleutherAI/pythia-410m,446,0.409009,266.338,2.4294,2.44306092478,0.0136609247797,False
m0_shared_exponent,EleutherAI/pythia-410m,447,0.409009,268.435,2.4288,2.44252016706,0.0137201670564,False
m0_shared_exponent,EleutherAI/pythia-410m,448,0.409009,270.533,2.4281,2.4419845865,0.013884586495,False
m0_shared_exponent,EleutherAI/pythia-410m,449,0.409009,272.63,2.4276,2.4414545976,0.0138545976034,False
m0_shared_exponent,EleutherAI/pythia-410m,450,0.409009,274.727,2.427,2.44092985022,0.0139298502154,False
m0_shared_exponent,EleutherAI/pythia-410m,451,0.409009,276.824,2.4266,2.44041025307,0.0138102530744,False
m0_shared_exponent,EleutherAI/pythia-410m,452,0.409009,278.921,2.4261,2.43989571719,0.0137957171883,False
m0_shared_exponent,EleutherAI/pythia-410m,453,0.409009,281.018,2.4254,2.43938615576,0.0139861557573,False
m0_shared_exponent,EleutherAI/pythia-410m,454,0.409009,283.116,2.425,2.43888124459,0.0138812445933,False
m0_shared_exponent,EleutherAI/pythia-410m,455,0.409009,285.213,2.4244,2.43838138237,0.0139813823673,False
m0_shared_exponent,EleutherAI/pythia-410m,456,0.409009,287.31,2.4238,2.43788624663,0.0140862466258,False
m0_shared_exponent,EleutherAI/pythia-410m,457,0.409009,289.407,2.4234,2.43739575867,0.0139957586657,False
m0_shared_exponent,EleutherAI/pythia-410m,458,0.409009,291.504,2.4228,2.43690984165,0.0141098416529,False
m0_shared_exponent,EleutherAI/pythia-410m,459,0.409009,293.601,2.4223,2.43642842056,0.0141284205645,False
m0_shared_exponent,EleutherAI/pythia-410m,460,0.409009,295.698,2.4217,2.43595142213,0.0142514221335,False
m0_shared_exponent,EleutherAI/pythia-410m,461,0.409009,297.796,2.4216,2.43547855043,0.0138785504302,False
m0_shared_exponent,EleutherAI/pythia-410m,462,0.409009,299.893,2.4209,2.4350101863,0.014110186298,False
m0_current,EleutherAI/pythia-1b,470,1.040867,0.134,4.2153,4.21595399289,0.000653992892714,False
m0_current,EleutherAI/pythia-1b,471,1.040867,0.268,3.8315,3.83205336492,0.000553364919497,False
m0_current,EleutherAI/pythia-1b,472,1.040867,0.537,3.5146,3.51508323168,0.00048323167682,False
m0_current,EleutherAI/pythia-1b,473,1.040867,1.074,3.2545,3.25478096261,0.000280962612804,False
m0_current,EleutherAI/pythia-1b,474,1.040867,2.097,3.0476,3.04714049434,-0.000459505660023,False
m0_current,EleutherAI/pythia-1b,475,1.040867,4.194,2.8697,2.86935979359,-0.000340206413821,False
m0_current,EleutherAI/pythia-1b,476,1.040867,6.291,2.7802,2.78027725765,7.72576519044e-05,False
m0_current,EleutherAI/pythia-1b,477,1.040867,8.389,2.723,2.72290784949,-9.21505080025e-05,False
m0_current,EleutherAI/pythia-1b,478,1.040867,10.486,2.6816,2.68150543869,-9.45613095058e-05,False
m0_current,EleutherAI/pythia-1b,479,1.040867,12.583,2.6501,2.64954423155,-0.000555768454165,False
m0_current,EleutherAI/pythia-1b,480,1.040867,14.68,2.6239,2.62376473952,-0.000135260484149,False
m0_current,EleutherAI/pythia-1b,481,1.040867,16.777,2.6023,2.60231488039,1.48803864959e-05,False
m0_current,EleutherAI/pythia-1b,482,1.040867,18.874,2.5839,2.58404869615,0.00014869614845,False
m0_current,EleutherAI/pythia-1b,483,1.040867,20.972,2.5679,2.56820437575,0.000304375751163,False
m0_current,EleutherAI/pythia-1b,484,1.040867,23.069,2.5543,2.5542753927,-2.4607303859e-05,False
m0_current,EleutherAI/pythia-1b,485,1.040867,25.166,2.5417,2.54187951837,0.000179518373732,False
m0_current,EleutherAI/pythia-1b,486,1.040867,27.263,2.5305,2.5307398665,0.000239866499865,False
m0_current,EleutherAI/pythia-1b,487,1.040867,29.36,2.5205,2.52064623241,0.000146232413026,False
m0_current,EleutherAI/pythia-1b,488,1.040867,31.457,2.5113,2.51143556618,0.000135566179667,False
m0_current,EleutherAI/pythia-1b,489,1.040867,33.554,2.5032,2.50297904983,-0.000220950174619,False
m0_current,EleutherAI/pythia-1b,490,1.040867,35.652,2.4953,2.49516970034,-0.000130299658565,False
m0_current,EleutherAI/pythia-1b,491,1.040867,37.749,2.4879,2.48793077343,3.07734349358e-05,False
m0_current,EleutherAI/pythia-1b,492,1.040867,39.846,2.4814,2.48118906606,-0.000210933944022,False
m0_current,EleutherAI/pythia-1b,493,1.040867,41.943,2.4749,2.47488683152,-1.31684786298e-05,False
m0_current,EleutherAI/pythia-1b,494,1.040867,44.04,2.4688,2.46897550508,0.000175505075768,False
m0_current,EleutherAI/pythia-1b,495,1.040867,46.137,2.4636,2.46341388666,-0.000186113338561,False
m0_current,EleutherAI/pythia-1b,496,1.040867,48.234,2.4582,2.45816674782,-3.32521844806e-05,False
m0_current,EleutherAI/pythia-1b,497,1.040867,50.332,2.453,2.45320144667,0.000201446672329,False
m0_current,EleutherAI/pythia-1b,498,1.040867,52.429,2.4485,2.44849640845,-3.59155405283e-06,False
m0_current,EleutherAI/pythia-1b,499,1.040867,54.526,2.4439,2.44402626923,0.000126269230297,False
m0_current,EleutherAI/pythia-1b,500,1.040867,56.623,2.4396,2.43977092154,0.000170921540347,False
m0_current,EleutherAI/pythia-1b,501,1.040867,58.72,2.4358,2.43571264464,-8.73553632101e-05,False
m0_current,EleutherAI/pythia-1b,502,1.040867,60.817,2.4321,2.43183574773,-0.000264252270013,False
m0_current,EleutherAI/pythia-1b,503,1.040867,62.915,2.4279,2.42812454573,0.000224545728831,False
m0_current,EleutherAI/pythia-1b,504,1.040867,65.012,2.4246,2.42457011187,-2.98881318268e-05,False
m0_current,EleutherAI/pythia-1b,505,1.040867,67.109,2.4211,2.42115947086,5.94708554056e-05,False
m0_current,EleutherAI/pythia-1b,506,1.040867,69.206,2.4178,2.41788257759,8.25775882118e-05,False
m0_current,EleutherAI/pythia-1b,507,1.040867,71.303,2.4146,2.41473036653,0.000130366526661,False
m0_current,EleutherAI/pythia-1b,508,1.040867,73.4,2.4116,2.41169463064,9.46306387841e-05,False
m0_current,EleutherAI/pythia-1b,509,1.040867,75.497,2.4088,2.40876791828,-3.20817156179e-05,False
m0_current,EleutherAI/pythia-1b,510,1.040867,77.595,2.4058,2.40594212143,0.000142121432224,False
m0_current,EleutherAI/pythia-1b,511,1.040867,79.692,2.4032,2.40321373832,1.37383168393e-05,False
m0_current,EleutherAI/pythia-1b,512,1.040867,81.789,2.4006,2.40057573094,-2.42690565009e-05,False
m0_current,EleutherAI/pythia-1b,513,1.040867,83.886,2.398,2.39802290105,2.29010455253e-05,False
m0_current,EleutherAI/pythia-1b,514,1.040867,85.983,2.3954,2.39555046993,0.00015046992714,False
m0_current,EleutherAI/pythia-1b,515,1.040867,88.08,2.3931,2.39315403533,5.40353331768e-05,False
m0_current,EleutherAI/pythia-1b,516,1.040867,90.178,2.3909,2.39082844172,-7.15582785369e-05,False
m0_current,EleutherAI/pythia-1b,517,1.040867,92.275,2.3886,2.38857214646,-2.78535391725e-05,False
m0_current,EleutherAI/pythia-1b,518,1.040867,94.372,2.3863,2.38638054234,8.05423353389e-05,False
m0_current,EleutherAI/pythia-1b,519,1.040867,96.469,2.3842,2.38425039769,5.03976896571e-05,False
m0_current,EleutherAI/pythia-1b,520,1.040867,98.566,2.3822,2.38217870814,-2.1291857867e-05,False
m0_current,EleutherAI/pythia-1b,521,1.040867,100.663,2.38,2.38016267617,0.000162676165351,False
m0_current,EleutherAI/pythia-1b,522,1.040867,102.76,2.3782,2.37819969288,-3.071165664e-07,False
m0_current,EleutherAI/pythia-1b,523,1.040867,104.858,2.3762,2.37628642156,8.64215550558e-05,False
m0_current,EleutherAI/pythia-1b,524,1.040867,106.955,2.3745,2.37442240653,-7.75934656319e-05,False
m0_current,EleutherAI/pythia-1b,525,1.040867,109.052,2.3725,2.37260459012,0.000104590115565,False
m0_current,EleutherAI/pythia-1b,526,1.040867,111.149,2.3706,2.37083097138,0.000230971384228,False
m0_current,EleutherAI/pythia-1b,527,1.040867,113.246,2.3689,2.36909967178,0.000199671777461,False
m0_current,EleutherAI/pythia-1b,528,1.040867,115.343,2.3674,2.3674089255,8.92549981568e-06,False
m0_current,EleutherAI/pythia-1b,529,1.040867,117.441,2.3658,2.36575629215,-4.37078491058e-05,False
m0_current,EleutherAI/pythia-1b,530,1.040867,119.538,2.364,2.36414178109,0.000141781091694,False
m0_current,EleutherAI/pythia-1b,531,1.040867,121.635,2.3626,2.36256311911,-3.68808940658e-05,False
m0_current,EleutherAI/pythia-1b,532,1.040867,123.732,2.3608,2.36101891242,0.000218912417562,False
m0_current,EleutherAI/pythia-1b,533,1.040867,125.829,2.3595,2.3595078439,7.84390135022e-06,False
m0_current,EleutherAI/pythia-1b,534,1.040867,127.926,2.3579,2.35802866767,0.000128667672874,False
m0_current,EleutherAI/pythia-1b,535,1.040867,130.023,2.3565,2.35658020414,8.02041419057e-05,False
m0_current,EleutherAI/pythia-1b,536,1.040867,132.121,2.3552,2.35516066575,-3.93342465714e-05,False
m0_current,EleutherAI/pythia-1b,537,1.040867,134.218,2.3537,2.35377034511,7.03451143389e-05,False
m0_current,EleutherAI/pythia-1b,538,1.040867,136.315,2.3524,2.35240755225,7.55224571769e-06,False
m0_current,EleutherAI/pythia-1b,539,1.040867,138.412,2.3512,2.35107133104,-0.000128668959487,False
m0_current,EleutherAI/pythia-1b,540,1.040867,140.509,2.3497,2.34976077245,6.07724489323e-05,False
m0_current,EleutherAI/pythia-1b,541,1.040867,142.606,2.3485,2.3484750115,-2.49884990882e-05,False
m0_current,EleutherAI/pythia-1b,542,1.040867,144.703,2.3471,2.34721322456,0.000113224557613,False
m0_current,EleutherAI/pythia-1b,543,1.040867,146.801,2.346,2.34597404153,-2.59584696227e-05,False
m0_current,EleutherAI/pythia-1b,544,1.040867,148.898,2.3449,2.34475789502,-0.000142104977408,False
m0_current,EleutherAI/pythia-1b,545,1.040867,150.995,2.3433,2.34356347479,0.000263474789226,False
m0_current,EleutherAI/pythia-1b,546,1.040867,153.092,2.3423,2.34239009895,9.00989472168e-05,False
m0_current,EleutherAI/pythia-1b,547,1.040867,155.189,2.3413,2.34123711598,-6.28840163728e-05,False
m0_current,EleutherAI/pythia-1b,548,1.040867,157.286,2.3401,2.34010390301,3.90301423003e-06,False
m0_current,EleutherAI/pythia-1b,549,1.040867,159.384,2.339,2.33898933739,-1.06626077114e-05,False
m0_current,EleutherAI/pythia-1b,550,1.040867,161.481,2.3378,2.33789391103,9.39110251332e-05,False
m0_current,EleutherAI/pythia-1b,551,1.040867,163.578,2.3368,2.33681654187,1.65418670921e-05,False
m0_current,EleutherAI/pythia-1b,552,1.040867,165.675,2.3357,2.33575670643,5.67064323658e-05,False
m0_current,EleutherAI/pythia-1b,553,1.040867,167.772,2.3348,2.33471390279,-8.60972062329e-05,False
m0_current,EleutherAI/pythia-1b,554,1.040867,169.869,2.3337,2.33368764944,-1.23505614602e-05,False
m0_current,EleutherAI/pythia-1b,555,1.040867,171.966,2.3327,2.3326774842,-2.25158018274e-05,False
m0_current,EleutherAI/pythia-1b,556,1.040867,174.064,2.3316,2.33168249265,8.249265111e-05,False
m0_current,EleutherAI/pythia-1b,557,1.040867,176.161,2.3306,2.33070319672,0.000103196724015,False
m0_current,EleutherAI/pythia-1b,558,1.040867,178.258,2.3297,2.32973870857,3.87085734692e-05,False
m0_current,EleutherAI/pythia-1b,559,1.040867,180.355,2.3288,2.32878863401,-1.13659935241e-05,False
m0_current,EleutherAI/pythia-1b,560,1.040867,182.452,2.3278,2.32785259375,5.25937523101e-05,False
m0_current,EleutherAI/pythia-1b,561,1.040867,184.549,2.3269,2.32693022273,3.02227338063e-05,False
m0_current,EleutherAI/pythia-1b,562,1.040867,186.647,2.3262,2.326020739,-0.000179260997228,False
m0_current,EleutherAI/pythia-1b,563,1.040867,188.744,2.3252,2.32512467072,-7.53292773301e-05,False
m0_current,EleutherAI/pythia-1b,564,1.040867,190.841,2.3242,2.3242412548,4.12548012587e-05,False
m0_current,EleutherAI/pythia-1b,565,1.040867,192.938,2.3235,2.32337017648,-0.000129823522089,False
m0_current,EleutherAI/pythia-1b,566,1.040867,195.035,2.3225,2.32251113214,1.11321355654e-05,False
m0_current,EleutherAI/pythia-1b,567,1.040867,197.132,2.3215,2.32166382879,0.000163828791416,False
m0_current,EleutherAI/pythia-1b,568,1.040867,199.229,2.3207,2.32082798362,0.000127983616016,False
m0_current,EleutherAI/pythia-1b,569,1.040867,201.327,2.3198,2.32000293285,0.000202932847686,False
m0_current,EleutherAI/pythia-1b,570,1.040867,203.424,2.3191,2.31918919903,8.91990344494e-05,False
m0_current,EleutherAI/pythia-1b,571,1.040867,205.521,2.3184,2.31838613128,-1.38687187321e-05,False
m0_current,EleutherAI/pythia-1b,572,1.040867,207.618,2.3178,2.31759348307,-0.000206516927032,False
m0_current,EleutherAI/pythia-1b,573,1.040867,209.715,2.3168,2.31681101601,1.10160086653e-05,False
m0_current,EleutherAI/pythia-1b,574,1.040867,211.812,2.316,2.31603849946,3.84994567053e-05,False
m0_current,EleutherAI/pythia-1b,575,1.040867,213.91,2.3153,2.31527534876,-2.46512392859e-05,False
m0_current,EleutherAI/pythia-1b,576,1.040867,216.007,2.3143,2.31452207528,0.00022207528174,False
m0_current,EleutherAI/pythia-1b,577,1.040867,218.104,2.3138,2.31377810375,-2.18962509253e-05,False
m0_current,EleutherAI/pythia-1b,578,1.040867,220.201,2.3131,2.3130432315,-5.67684970822e-05,False
m0_current,EleutherAI/pythia-1b,579,1.040867,222.298,2.3122,2.31231726218,0.000117262175318,False
m0_current,EleutherAI/pythia-1b,580,1.040867,224.395,2.3117,2.31160000544,-9.99945623334e-05,False
m0_current,EleutherAI/pythia-1b,581,1.040867,226.492,2.3109,2.31089127676,-8.7232394228e-06,False
m0_current,EleutherAI/pythia-1b,582,1.040867,228.59,2.3101,2.31019056516,9.05651580703e-05,False
m0_current,EleutherAI/pythia-1b,583,1.040867,230.687,2.3096,2.30949836494,-0.000101635062354,False
m0_current,EleutherAI/pythia-1b,584,1.040867,232.784,2.309,2.30881417168,-0.000185828324325,False
m0_current,EleutherAI/pythia-1b,585,1.040867,234.881,2.3081,2.30813782186,3.78218643808e-05,False
m0_current,EleutherAI/pythia-1b,586,1.040867,236.978,2.3075,2.30746915676,-3.08432431733e-05,False
m0_current,EleutherAI/pythia-1b,587,1.040867,239.075,2.3068,2.30680802219,8.02218762619e-06,False
m0_current,EleutherAI/pythia-1b,588,1.040867,241.172,2.3061,2.3061542684,5.4268401902e-05,False
m0_current,EleutherAI/pythia-1b,589,1.040867,243.27,2.3056,2.30550744329,-9.25567110173e-05,False
m0_current,EleutherAI/pythia-1b,590,1.040867,245.367,2.3048,2.30486802199,6.8021988632e-05,False
m0_current,EleutherAI/pythia-1b,591,1.040867,247.464,2.3042,2.30423555701,3.55570098232e-05,False
m0_current,EleutherAI/pythia-1b,592,1.040867,249.561,2.3036,2.30360991468,9.9146811583e-06,False
m0_current,EleutherAI/pythia-1b,593,1.040867,251.658,2.303,2.302990965,-9.0350043882e-06,False
m0_current,EleutherAI/pythia-1b,594,1.040867,253.755,2.3024,2.30237858148,-2.14185194696e-05,False
m0_current,EleutherAI/pythia-1b,595,1.040867,255.853,2.3019,2.30177235364,-0.000127646364738,False
m0_current,EleutherAI/pythia-1b,596,1.040867,257.95,2.3011,2.30117273955,7.27395516145e-05,False
m0_current,EleutherAI/pythia-1b,597,1.040867,260.047,2.3005,2.30057933215,7.93321548529e-05,False
m0_current,EleutherAI/pythia-1b,598,1.040867,262.144,2.2999,2.29999201792,9.20179199468e-05,False
m0_current,EleutherAI/pythia-1b,599,1.040867,264.241,2.2994,2.29941068629,1.06862853291e-05,False
m0_current,EleutherAI/pythia-1b,600,1.040867,266.338,2.2989,2.29883522955,-6.47704472496e-05,False
m0_current,EleutherAI/pythia-1b,601,1.040867,268.435,2.2983,2.29826554279,-3.44572087241e-05,False
m0_current,EleutherAI/pythia-1b,602,1.040867,270.533,2.2976,2.29770125612,0.000101256116557,False
m0_current,EleutherAI/pythia-1b,603,1.040867,272.63,2.2972,2.29714280775,-5.71922509747e-05,False
m0_current,EleutherAI/pythia-1b,604,1.040867,274.727,2.2967,2.29658983022,-0.00011016978417,False
m0_current,EleutherAI/pythia-1b,605,1.040867,276.824,2.2961,2.29604222877,-5.77712276235e-05,False
m0_current,EleutherAI/pythia-1b,606,1.040867,278.921,2.2957,2.29549991102,-0.000200088983237,False
m0_current,EleutherAI/pythia-1b,607,1.040867,281.018,2.2949,2.29496278681,6.27868147571e-05,False
m0_current,EleutherAI/pythia-1b,608,1.040867,283.116,2.2943,2.29443051573,0.00013051572731,False
m0_current,EleutherAI/pythia-1b,609,1.040867,285.213,2.2937,2.29390351932,0.000203519316577,False
m0_current,EleutherAI/pythia-1b,610,1.040867,287.31,2.2935,2.29338145892,-0.000118541083575,False
m0_current,EleutherAI/pythia-1b,611,1.040867,289.407,2.2929,2.29286425277,-3.57472291435e-05,False
m0_current,EleutherAI/pythia-1b,612,1.040867,291.504,2.2923,2.29235182106,5.18210579203e-05,False
m0_current,EleutherAI/pythia-1b,613,1.040867,293.601,2.2919,2.29184408583,-5.59141695691e-05,False
m0_current,EleutherAI/pythia-1b,614,1.040867,295.698,2.2912,2.29134097096,0.000140970958921,False
m0_current,EleutherAI/pythia-1b,615,1.040867,297.796,2.2911,2.2908421654,-0.000257834603862,False
m0_current,EleutherAI/pythia-1b,616,1.040867,299.893,2.2904,2.29034807196,-5.19280373781e-05,False
m0_no_floor,EleutherAI/pythia-1b,470,1.040867,0.134,4.2153,4.26163950721,0.0463395072124,False
m0_no_floor,EleutherAI/pythia-1b,471,1.040867,0.268,3.8315,3.88432361627,0.0528236162661,False
m0_no_floor,EleutherAI/pythia-1b,472,1.040867,0.537,3.5146,3.57146552425,0.0568655242517,False
m0_no_floor,EleutherAI/pythia-1b,473,1.040867,1.074,3.2545,3.31344746945,0.0589474694486,False
m0_no_floor,EleutherAI/pythia-1b,474,1.040867,2.097,3.0476,3.10676925372,0.0591692537203,False
m0_no_floor,EleutherAI/pythia-1b,475,1.040867,4.194,2.8697,2.92907479979,0.0593747997873,False
m0_no_floor,EleutherAI/pythia-1b,476,1.040867,6.291,2.7802,2.83973196973,0.0595319697338,False
m0_no_floor,EleutherAI/pythia-1b,477,1.040867,8.389,2.723,2.78207220227,0.0590722022719,False
m0_no_floor,EleutherAI/pythia-1b,478,1.040867,10.486,2.6816,2.74039500788,0.0587950078797,False
m0_no_floor,EleutherAI/pythia-1b,479,1.040867,12.583,2.6501,2.70818170321,0.0580817032139,False
m0_no_floor,EleutherAI/pythia-1b,480,1.040867,14.68,2.6239,2.68217210099,0.0582721009894,False
m0_no_floor,EleutherAI/pythia-1b,481,1.040867,16.777,2.6023,2.66051172126,0.0582117212601,False
m0_no_floor,EleutherAI/pythia-1b,482,1.040867,18.874,2.5839,2.64205207708,0.0581520770769,False
m0_no_floor,EleutherAI/pythia-1b,483,1.040867,20.972,2.5679,2.6260290129,0.0581290128954,False
m0_no_floor,EleutherAI/pythia-1b,484,1.040867,23.069,2.5543,2.61193424437,0.0576342443681,False
m0_no_floor,EleutherAI/pythia-1b,485,1.040867,25.166,2.5417,2.5993838369,0.0576838368993,False
m0_no_floor,EleutherAI/pythia-1b,486,1.040867,27.263,2.5305,2.58809955006,0.0575995500622,False
m0_no_floor,EleutherAI/pythia-1b,487,1.040867,29.36,2.5205,2.57787004202,0.0573700420233,False
m0_no_floor,EleutherAI/pythia-1b,488,1.040867,31.457,2.5113,2.56853130275,0.057231302752,False
m0_no_floor,EleutherAI/pythia-1b,489,1.040867,33.554,2.5032,2.55995369857,0.0567536985741,False
m0_no_floor,EleutherAI/pythia-1b,490,1.040867,35.652,2.4953,2.55202949558,0.0567294955817,False
m0_no_floor,EleutherAI/pythia-1b,491,1.040867,37.749,2.4879,2.54468145838,0.0567814583772,False
m0_no_floor,EleutherAI/pythia-1b,492,1.040867,39.846,2.4814,2.53783580781,0.05643580781,False
m0_no_floor,EleutherAI/pythia-1b,493,1.040867,41.943,2.4749,2.53143434429,0.0565343442865,False
m0_no_floor,EleutherAI/pythia-1b,494,1.040867,44.04,2.4688,2.52542810632,0.0566281063175,False
m0_no_floor,EleutherAI/pythia-1b,495,1.040867,46.137,2.4636,2.51977554451,0.0561755445131,False
m0_no_floor,EleutherAI/pythia-1b,496,1.040867,48.234,2.4582,2.51444112132,0.0562411213205,False
m0_no_floor,EleutherAI/pythia-1b,497,1.040867,50.332,2.453,2.5093918809,0.0563918809042,False
m0_no_floor,EleutherAI/pythia-1b,498,1.040867,52.429,2.4485,2.50460608318,0.056106083181,False
m0_no_floor,EleutherAI/pythia-1b,499,1.040867,54.526,2.4439,2.5000581037,0.0561581036999,False
m0_no_floor,EleutherAI/pythia-1b,500,1.040867,56.623,2.4396,2.49572763731,0.0561276373099,False
m0_no_floor,EleutherAI/pythia-1b,501,1.040867,58.72,2.4358,2.49159678485,0.055796784848,False
m0_no_floor,EleutherAI/pythia-1b,502,1.040867,60.817,2.4321,2.48764969394,0.0555496939411,False
m0_no_floor,EleutherAI/pythia-1b,503,1.040867,62.915,2.4279,2.48387050082,0.0559705008167,False
m0_no_floor,EleutherAI/pythia-1b,504,1.040867,65.012,2.4246,2.48025020975,0.0556502097454,False
m0_no_floor,EleutherAI/pythia-1b,505,1.040867,67.109,2.4211,2.47677569034,0.0556756903411,False
m0_no_floor,EleutherAI/pythia-1b,506,1.040867,69.206,2.4178,2.47343678561,0.0556367856089,False
m0_no_floor,EleutherAI/pythia-1b,507,1.040867,71.303,2.4146,2.47022432727,0.0556243272726,False
m0_no_floor,EleutherAI/pythia-1b,508,1.040867,73.4,2.4116,2.46713001375,0.0555300137527,False
m0_no_floor,EleutherAI/pythia-1b,509,1.040867,75.497,2.4088,2.46414630621,0.0553463062061,False
m0_no_floor,EleutherAI/pythia-1b,510,1.040867,77.595,2.4058,2.46126498989,0.0554649898876,False
m0_no_floor,EleutherAI/pythia-1b,511,1.040867,79.692,2.4032,2.45848254129,0.055282541291,False
m0_no_floor,EleutherAI/pythia-1b,512,1.040867,81.789,2.4006,2.45579182636,0.0551918263574,False
m0_no_floor,EleutherAI/pythia-1b,513,1.040867,83.886,2.398,2.45318758245,0.0551875824538,False
m0_no_floor,EleutherAI/pythia-1b,514,1.040867,85.983,2.3954,2.45066497095,0.0552649709538,False
m0_no_floor,EleutherAI/pythia-1b,515,1.040867,88.08,2.3931,2.44821953371,0.0551195337106,False
m0_no_floor,EleutherAI/pythia-1b,516,1.040867,90.178,2.3909,2.4458460404,0.0549460404048,False
m0_no_floor,EleutherAI/pythia-1b,517,1.040867,92.275,2.3886,2.44354294521,0.0549429452117,False
m0_no_floor,EleutherAI/pythia-1b,518,1.040867,94.372,2.3863,2.44130557207,0.0550055720705,False
m0_no_floor,EleutherAI/pythia-1b,519,1.040867,96.469,2.3842,2.43913064641,0.0549306464091,False
m0_no_floor,EleutherAI/pythia-1b,520,1.040867,98.566,2.3822,2.43701512353,0.0548151235333,False
m0_no_floor,EleutherAI/pythia-1b,521,1.040867,100.663,2.38,2.434956168,0.0549561680016,False
m0_no_floor,EleutherAI/pythia-1b,522,1.040867,102.76,2.3782,2.43295113524,0.0547511352364,False
m0_no_floor,EleutherAI/pythia-1b,523,1.040867,104.858,2.3762,2.43099663538,0.0547966353827,False
m0_no_floor,EleutherAI/pythia-1b,524,1.040867,106.955,2.3745,2.42909222032,0.0545922203192,False
m0_no_floor,EleutherAI/pythia-1b,525,1.040867,109.052,2.3725,2.42723478248,0.0547347824788,False
m0_no_floor,EleutherAI/pythia-1b,526,1.040867,111.149,2.3706,2.42542229256,0.0548222925615,False
m0_no_floor,EleutherAI/pythia-1b,527,1.040867,113.246,2.3689,2.42365284513,0.0547528451302,False
m0_no_floor,EleutherAI/pythia-1b,528,1.040867,115.343,2.3674,2.42192464892,0.0545246489219,False
m0_no_floor,EleutherAI/pythia-1b,529,1.040867,117.441,2.3658,2.420235222,0.0544352219984,False
m0_no_floor,EleutherAI/pythia-1b,530,1.040867,119.538,2.364,2.41858458585,0.0545845858519,False
m0_no_floor,EleutherAI/pythia-1b,531,1.040867,121.635,2.3626,2.41697042778,0.0543704277766,False
m0_no_floor,EleutherAI/pythia-1b,532,1.040867,123.732,2.3608,2.41539133327,0.0545913332707,False
m0_no_floor,EleutherAI/pythia-1b,533,1.040867,125.829,2.3595,2.41384596548,0.0543459654819,False
m0_no_floor,EleutherAI/pythia-1b,534,1.040867,127.926,2.3579,2.41233305973,0.0544330597346,False
m0_no_floor,EleutherAI/pythia-1b,535,1.040867,130.023,2.3565,2.41085141853,0.0543514185252,False
m0_no_floor,EleutherAI/pythia-1b,536,1.040867,132.121,2.3552,2.40939922177,0.054199221768,False
m0_no_floor,EleutherAI/pythia-1b,537,1.040867,134.218,2.3537,2.40797677688,0.0542767768817,False
m0_no_floor,EleutherAI/pythia-1b,538,1.040867,136.315,2.3524,2.40658236261,0.0541823626091,False
m0_no_floor,EleutherAI/pythia-1b,539,1.040867,138.412,2.3512,2.40521500794,0.0540150079434,False
m0_no_floor,EleutherAI/pythia-1b,540,1.040867,140.509,2.3497,2.40387378958,0.0541737895817,False
m0_no_floor,EleutherAI/pythia-1b,541,1.040867,142.606,2.3485,2.40255782891,0.0540578289102,False
m0_no_floor,EleutherAI/pythia-1b,542,1.040867,144.703,2.3471,2.40126628922,0.0541662892221,False
m0_no_floor,EleutherAI/pythia-1b,543,1.040867,146.801,2.346,2.39999777403,0.0539977740253,False
m0_no_floor,EleutherAI/pythia-1b,544,1.040867,148.898,2.3449,2.39875273187,0.0538527318702,False
m0_no_floor,EleutherAI/pythia-1b,545,1.040867,150.995,2.3433,2.3975298269,0.0542298269049,False
m0_no_floor,EleutherAI/pythia-1b,546,1.040867,153.092,2.3423,2.39632836618,0.0540283661834,False
m0_no_floor,EleutherAI/pythia-1b,547,1.040867,155.189,2.3413,2.39514768757,0.0538476875665,False
m0_no_floor,EleutherAI/pythia-1b,548,1.040867,157.286,2.3401,2.39398715796,0.0538871579574,False
m0_no_floor,EleutherAI/pythia-1b,549,1.040867,159.384,2.339,2.39284563213,0.0538456321258,False
m0_no_floor,EleutherAI/pythia-1b,550,1.040867,161.481,2.3378,2.39172361823,0.0539236182296,False
m0_no_floor,EleutherAI/pythia-1b,551,1.040867,163.578,2.3368,2.39062001219,0.0538200121932,False
m0_no_floor,EleutherAI/pythia-1b,552,1.040867,165.675,2.3357,2.38953428178,0.0538342817755,False
m0_no_floor,EleutherAI/pythia-1b,553,1.040867,167.772,2.3348,2.38846591661,0.0536659166147,False
m0_no_floor,EleutherAI/pythia-1b,554,1.040867,169.869,2.3337,2.38741442707,0.0537144270685,False
m0_no_floor,EleutherAI/pythia-1b,555,1.040867,171.966,2.3327,2.38637934313,0.0536793431295,False
m0_no_floor,EleutherAI/pythia-1b,556,1.040867,174.064,2.3316,2.38535973115,0.0537597311519,False
m0_no_floor,EleutherAI/pythia-1b,557,1.040867,176.161,2.3306,2.38435612923,0.0537561292321,False
m0_no_floor,EleutherAI/pythia-1b,558,1.040867,178.258,2.3297,2.38336763067,0.0536676306729,False
m0_no_floor,EleutherAI/pythia-1b,559,1.040867,180.355,2.3288,2.38239383448,0.0535938344763,False
m0_no_floor,EleutherAI/pythia-1b,560,1.040867,182.452,2.3278,2.3814343548,0.0536343547967,False
m0_no_floor,EleutherAI/pythia-1b,561,1.040867,184.549,2.3269,2.3804888202,0.0535888202015,False
m0_no_floor,EleutherAI/pythia-1b,562,1.040867,186.647,2.3262,2.37955643174,0.0533564317432,False
m0_no_floor,EleutherAI/pythia-1b,563,1.040867,188.744,2.3252,2.37863773347,0.0534377334732,False
m0_no_floor,EleutherAI/pythia-1b,564,1.040867,190.841,2.3242,2.37773194557,0.053531945566,False
m0_no_floor,EleutherAI/pythia-1b,565,1.040867,192.938,2.3235,2.37683874769,0.053338747693,False
m0_no_floor,EleutherAI/pythia-1b,566,1.040867,195.035,2.3225,2.37595783085,0.0534578308456,False
m0_no_floor,EleutherAI/pythia-1b,567,1.040867,197.132,2.3215,2.37508889682,0.0535888968183,False
m0_no_floor,EleutherAI/pythia-1b,568,1.040867,199.229,2.3207,2.37423165772,0.0535316577211,False
m0_no_floor,EleutherAI/pythia-1b,569,1.040867,201.327,2.3198,2.37338543485,0.0535854348503,False
m0_no_floor,EleutherAI/pythia-1b,570,1.040867,203.424,2.3191,2.37255076618,0.0534507661793,False
m0_no_floor,EleutherAI/pythia-1b,571,1.040867,205.521,2.3184,2.37172698605,0.0533269860538,False
m0_no_floor,EleutherAI/pythia-1b,572,1.040867,207.618,2.3178,2.37091384348,0.0531138434838,False
m0_no_floor,EleutherAI/pythia-1b,573,1.040867,209.715,2.3168,2.37011109573,0.0533110957254,False
m0_no_floor,EleutherAI/pythia-1b,574,1.040867,211.812,2.316,2.36931850793,0.0533185079311,False
m0_no_floor,EleutherAI/pythia-1b,575,1.040867,213.91,2.3153,2.36853548193,0.0532354819255,False
m0_no_floor,EleutherAI/pythia-1b,576,1.040867,216.007,2.3143,2.36776254404,0.053462544039,False
m0_no_floor,EleutherAI/pythia-1b,577,1.040867,218.104,2.3138,2.36699910562,0.0531991056154,False
m0_no_floor,EleutherAI/pythia-1b,578,1.040867,220.201,2.3131,2.36624496024,0.0531449602408,False
m0_no_floor,EleutherAI/pythia-1b,579,1.040867,222.298,2.3122,2.3654999079,0.0532999078976,False
m0_no_floor,EleutherAI/pythia-1b,580,1.040867,224.395,2.3117,2.36476375471,0.0530637547087,False
m0_no_floor,EleutherAI/pythia-1b,581,1.040867,226.492,2.3109,2.36403631269,0.0531363126933,False
m0_no_floor,EleutherAI/pythia-1b,582,1.040867,228.59,2.3101,2.36331705871,0.0532170587123,False
m0_no_floor,EleutherAI/pythia-1b,583,1.040867,230.687,2.3096,2.36260650148,0.053006501481,False
m0_no_floor,EleutherAI/pythia-1b,584,1.040867,232.784,2.309,2.36190412452,0.0529041245152,False
m0_no_floor,EleutherAI/pythia-1b,585,1.040867,234.881,2.3081,2.36120976121,0.0531097612115,False
m0_no_floor,EleutherAI/pythia-1b,586,1.040867,236.978,2.3075,2.36052324981,0.0530232498085,False
m0_no_floor,EleutherAI/pythia-1b,587,1.040867,239.075,2.3068,2.3598444332,0.0530444332047,False
m0_no_floor,EleutherAI/pythia-1b,588,1.040867,241.172,2.3061,2.35917315879,0.0530731587851,False
m0_no_floor,EleutherAI/pythia-1b,589,1.040867,243.27,2.3056,2.35850896341,0.0529089634098,False
m0_no_floor,EleutherAI/pythia-1b,590,1.040867,245.367,2.3048,2.35785233606,0.0530523360599,False
m0_no_floor,EleutherAI/pythia-1b,591,1.040867,247.464,2.3042,2.35720281828,0.0530028182794,False
m0_no_floor,EleutherAI/pythia-1b,592,1.040867,249.561,2.3036,2.35656027381,0.0529602738149,False
m0_no_floor,EleutherAI/pythia-1b,593,1.040867,251.658,2.303,2.35592457014,0.0529245701413,False
m0_no_floor,EleutherAI/pythia-1b,594,1.040867,253.755,2.3024,2.35529557833,0.0528955783298,False
m0_no_floor,EleutherAI/pythia-1b,595,1.040867,255.853,2.3019,2.35467287767,0.0527728776655,False
m0_no_floor,EleutherAI/pythia-1b,596,1.040867,257.95,2.3011,2.3540569396,0.0529569396042,False
m0_no_floor,EleutherAI/pythia-1b,597,1.040867,260.047,2.3005,2.3534473469,0.052947346903,False
m0_no_floor,EleutherAI/pythia-1b,598,1.040867,262.144,2.2999,2.35284398381,0.052943983809,False
m0_no_floor,EleutherAI/pythia-1b,599,1.040867,264.241,2.2994,2.35224673759,0.0528467375852,False
m0_no_floor,EleutherAI/pythia-1b,600,1.040867,266.338,2.2989,2.35165549841,0.0527554984087,False
m0_no_floor,EleutherAI/pythia-1b,601,1.040867,268.435,2.2983,2.35107015927,0.0527701592736,False
m0_no_floor,EleutherAI/pythia-1b,602,1.040867,270.533,2.2976,2.3504903409,0.0528903408954,False
m0_no_floor,EleutherAI/pythia-1b,603,1.040867,272.63,2.2972,2.34991649432,0.0527164943192,False
m0_no_floor,EleutherAI/pythia-1b,604,1.040867,274.727,2.2967,2.3493482427,0.052648242703,False
m0_no_floor,EleutherAI/pythia-1b,605,1.040867,276.824,2.2961,2.34878548941,0.0526854894101,False
m0_no_floor,EleutherAI/pythia-1b,606,1.040867,278.921,2.2957,2.34822814019,0.052528140189,False
m0_no_floor,EleutherAI/pythia-1b,607,1.040867,281.018,2.2949,2.3476761031,0.0527761030969,False
m0_no_floor,EleutherAI/pythia-1b,608,1.040867,283.116,2.2943,2.3471290289,0.052829028898,False
m0_no_floor,EleutherAI/pythia-1b,609,1.040867,285.213,2.2937,2.34658735154,0.0528873515355,False
m0_no_floor,EleutherAI/pythia-1b,610,1.040867,287.31,2.2935,2.34605072357,0.0525507235676,False
m0_no_floor,EleutherAI/pythia-1b,611,1.040867,289.407,2.2929,2.34551906158,0.0526190615828,False
m0_no_floor,EleutherAI/pythia-1b,612,1.040867,291.504,2.2923,2.34499228414,0.052692284139,False
m0_no_floor,EleutherAI/pythia-1b,613,1.040867,293.601,2.2919,2.3444703117,0.0525703117036,False
m0_no_floor,EleutherAI/pythia-1b,614,1.040867,295.698,2.2912,2.3439530666,0.0527530665951,False
m0_no_floor,EleutherAI/pythia-1b,615,1.040867,297.796,2.2911,2.34344022958,0.0523402295837,False
m0_no_floor,EleutherAI/pythia-1b,616,1.040867,299.893,2.2904,2.34293221538,0.0525322153779,False
m0_shared_exponent,EleutherAI/pythia-1b,470,1.040867,0.134,4.2153,4.24840451833,0.0331045183261,False
m0_shared_exponent,EleutherAI/pythia-1b,471,1.040867,0.268,3.8315,3.84901203021,0.0175120302104,False
m0_shared_exponent,EleutherAI/pythia-1b,472,1.040867,0.537,3.5146,3.52224439078,0.00764439077733,False
m0_shared_exponent,EleutherAI/pythia-1b,473,1.040867,1.074,3.2545,3.25633261097,0.00183261097101,False
m0_shared_exponent,EleutherAI/pythia-1b,474,1.040867,2.097,3.0476,3.04610956465,-0.00149043534993,False
m0_shared_exponent,EleutherAI/pythia-1b,475,1.040867,4.194,2.8697,2.86771954682,-0.00198045317688,False
m0_shared_exponent,EleutherAI/pythia-1b,476,1.040867,6.291,2.7802,2.77898333057,-0.00121666943183,False
m0_shared_exponent,EleutherAI/pythia-1b,477,1.040867,8.389,2.723,2.72209809603,-0.000901903968416,False
m0_shared_exponent,EleutherAI/pythia-1b,478,1.040867,10.486,2.6816,2.68118309733,-0.000416902666539,False
m0_shared_exponent,EleutherAI/pythia-1b,479,1.040867,12.583,2.6501,2.64968233508,-0.000417664924268,False
m0_shared_exponent,EleutherAI/pythia-1b,480,1.040867,14.68,2.6239,2.62433040655,0.000430406551111,False
m0_shared_exponent,EleutherAI/pythia-1b,481,1.040867,16.777,2.6023,2.603276169,0.000976169003532,False
m0_shared_exponent,EleutherAI/pythia-1b,482,1.040867,18.874,2.5839,2.58537648532,0.00147648531734,False
m0_shared_exponent,EleutherAI/pythia-1b,483,1.040867,20.972,2.5679,2.56987283436,0.00197283435713,False
m0_shared_exponent,EleutherAI/pythia-1b,484,1.040867,23.069,2.5543,2.55626130745,0.00196130744627,False
m0_shared_exponent,EleutherAI/pythia-1b,485,1.040867,25.166,2.5417,2.54416245345,0.00246245344771,False
m0_shared_exponent,EleutherAI/pythia-1b,486,1.040867,27.263,2.5305,2.53330165066,0.00280165066468,False
m0_shared_exponent,EleutherAI/pythia-1b,487,1.040867,29.36,2.5205,2.52347064498,0.00297064498215,False
m0_shared_exponent,EleutherAI/pythia-1b,488,1.040867,31.457,2.5113,2.51450806457,0.00320806456758,False
m0_shared_exponent,EleutherAI/pythia-1b,489,1.040867,33.554,2.5032,2.50628653805,0.00308653804922,False
m0_shared_exponent,EleutherAI/pythia-1b,490,1.040867,35.652,2.4953,2.49870043768,0.00340043767846,False
m0_shared_exponent,EleutherAI/pythia-1b,491,1.040867,37.749,2.4879,2.49167389411,0.0037738941135,False
m0_shared_exponent,EleutherAI/pythia-1b,492,1.040867,39.846,2.4814,2.48513476252,0.00373476252189,False
m0_shared_exponent,EleutherAI/pythia-1b,493,1.040867,41.943,2.4749,2.47902612851,0.00412612850877,False
m0_shared_exponent,EleutherAI/pythia-1b,494,1.040867,44.04,2.4688,2.47330016054,0.00450016054008,False
m0_shared_exponent,EleutherAI/pythia-1b,495,1.040867,46.137,2.4636,2.46791630737,0.00431630736939,False
m0_shared_exponent,EleutherAI/pythia-1b,496,1.040867,48.234,2.4582,2.46283991709,0.00463991709012,False
m0_shared_exponent,EleutherAI/pythia-1b,497,1.040867,50.332,2.453,2.4580389391,0.00503893910301,False
m0_shared_exponent,EleutherAI/pythia-1b,498,1.040867,52.429,2.4485,2.45349210288,0.00499210288081,False
m0_shared_exponent,EleutherAI/pythia-1b,499,1.040867,54.526,2.4439,2.44917453848,0.00527453848155,False
m0_shared_exponent,EleutherAI/pythia-1b,500,1.040867,56.623,2.4396,2.44506651195,0.00546651195221,False
m0_shared_exponent,EleutherAI/pythia-1b,501,1.040867,58.72,2.4358,2.44115064056,0.00535064055957,False
m0_shared_exponent,EleutherAI/pythia-1b,502,1.040867,60.817,2.4321,2.43741154031,0.00531154030901,False
m0_shared_exponent,EleutherAI/pythia-1b,503,1.040867,62.915,2.4279,2.43383386804,0.00593386803662,False
m0_shared_exponent,EleutherAI/pythia-1b,504,1.040867,65.012,2.4246,2.43040882469,0.00580882469473,False
m0_shared_exponent,EleutherAI/pythia-1b,505,1.040867,67.109,2.4211,2.42712373292,0.00602373292212,False
m0_shared_exponent,EleutherAI/pythia-1b,506,1.040867,69.206,2.4178,2.42396876162,0.00616876162136,False
m0_shared_exponent,EleutherAI/pythia-1b,507,1.040867,71.303,2.4146,2.42093504204,0.00633504203755,False
m0_shared_exponent,EleutherAI/pythia-1b,508,1.040867,73.4,2.4116,2.41801454849,0.00641454849,False
m0_shared_exponent,EleutherAI/pythia-1b,509,1.040867,75.497,2.4088,2.41519999682,0.00639999681802,False
m0_shared_exponent,EleutherAI/pythia-1b,510,1.040867,77.595,2.4058,2.41248348538,0.00668348538451,False
m0_shared_exponent,EleutherAI/pythia-1b,511,1.040867,79.692,2.4032,2.40986155198,0.00666155198172,False
m0_shared_exponent,EleutherAI/pythia-1b,512,1.040867,81.789,2.4006,2.40732734484,0.00672734484076,False
m0_shared_exponent,EleutherAI/pythia-1b,513,1.040867,83.886,2.398,2.40487578986,0.00687578985861,False
m0_shared_exponent,EleutherAI/pythia-1b,514,1.040867,85.983,2.3954,2.40250222405,0.00710222405468,False
m0_shared_exponent,EleutherAI/pythia-1b,515,1.040867,88.08,2.3931,2.40020235319,0.00710235318602,False
m0_shared_exponent,EleutherAI/pythia-1b,516,1.040867,90.178,2.3909,2.39797116717,0.00707116717461,False
m0_shared_exponent,EleutherAI/pythia-1b,517,1.040867,92.275,2.3886,2.39580712796,0.00720712796035,False
m0_shared_exponent,EleutherAI/pythia-1b,518,1.040867,94.372,2.3863,2.39370576246,0.00740576246493,False
m0_shared_exponent,EleutherAI/pythia-1b,519,1.040867,96.469,2.3842,2.39166392223,0.00746392222699,False
m0_shared_exponent,EleutherAI/pythia-1b,520,1.040867,98.566,2.3822,2.38967868106,0.00747868106334,False
m0_shared_exponent,EleutherAI/pythia-1b,521,1.040867,100.663,2.38,2.38774731504,0.00774731503987,False
m0_shared_exponent,EleutherAI/pythia-1b,522,1.040867,102.76,2.3782,2.38586728462,0.00766728462187,False
m0_shared_exponent,EleutherAI/pythia-1b,523,1.040867,104.858,2.3762,2.38403535687,0.00783535686609,False
m0_shared_exponent,EleutherAI/pythia-1b,524,1.040867,106.955,2.3745,2.38225106037,0.00775106037389,False
m0_shared_exponent,EleutherAI/pythia-1b,525,1.040867,109.052,2.3725,2.38051143499,0.0080114349877,False
m0_shared_exponent,EleutherAI/pythia-1b,526,1.040867,111.149,2.3706,2.37881453505,0.0082145350451,False
m0_shared_exponent,EleutherAI/pythia-1b,527,1.040867,113.246,2.3689,2.37715853432,0.00825853431847,False
m0_shared_exponent,EleutherAI/pythia-1b,528,1.040867,115.343,2.3674,2.37554171663,0.00814171663183,False
m0_shared_exponent,EleutherAI/pythia-1b,529,1.040867,117.441,2.3658,2.37396172299,0.00816172298735,False
m0_shared_exponent,EleutherAI/pythia-1b,530,1.040867,119.538,2.364,2.37241853824,0.00841853824103,False
m0_shared_exponent,EleutherAI/pythia-1b,531,1.040867,121.635,2.3626,2.37090996663,0.00830996662674,False
m0_shared_exponent,EleutherAI/pythia-1b,532,1.040867,123.732,2.3608,2.36943465482,0.00863465481764,False
m0_shared_exponent,EleutherAI/pythia-1b,533,1.040867,125.829,2.3595,2.3679913242,0.00849132420302,False
m0_shared_exponent,EleutherAI/pythia-1b,534,1.040867,127.926,2.3579,2.3665787656,0.00867876559927,False
m0_shared_exponent,EleutherAI/pythia-1b,535,1.040867,130.023,2.3565,2.36519583441,0.00869583441491,False
m0_shared_exponent,EleutherAI/pythia-1b,536,1.040867,132.121,2.3552,2.363840807,0.00864080699791,False
m0_shared_exponent,EleutherAI/pythia-1b,537,1.040867,134.218,2.3537,2.36251394637,0.00881394636651,False
m0_shared_exponent,EleutherAI/pythia-1b,538,1.040867,136.315,2.3524,2.36121362402,0.00881362401989,False
m0_shared_exponent,EleutherAI/pythia-1b,539,1.040867,138.412,2.3512,2.359938913,0.00873891299947,False
m0_shared_exponent,EleutherAI/pythia-1b,540,1.040867,140.509,2.3497,2.35868893215,0.0089889321475,False
m0_shared_exponent,EleutherAI/pythia-1b,541,1.040867,142.606,2.3485,2.3574628432,0.00896284320046,False
m0_shared_exponent,EleutherAI/pythia-1b,542,1.040867,144.703,2.3471,2.35625984811,0.00915984810651,False
m0_shared_exponent,EleutherAI/pythia-1b,543,1.040867,146.801,2.346,2.35507862873,0.00907862873368,False
m0_shared_exponent,EleutherAI/pythia-1b,544,1.040867,148.898,2.3449,2.35391958597,0.0090195859665,False
m0_shared_exponent,EleutherAI/pythia-1b,545,1.040867,150.995,2.3433,2.35278145997,0.00948145997045,False
m0_shared_exponent,EleutherAI/pythia-1b,546,1.040867,153.092,2.3423,2.35166359055,0.00936359054551,False
m0_shared_exponent,EleutherAI/pythia-1b,547,1.040867,155.189,2.3413,2.35056534701,0.00926534701119,False
m0_shared_exponent,EleutherAI/pythia-1b,548,1.040867,157.286,2.3401,2.34948612651,0.00938612650887,False
m0_shared_exponent,EleutherAI/pythia-1b,549,1.040867,159.384,2.339,2.34842485088,0.00942485088133,False
m0_shared_exponent,EleutherAI/pythia-1b,550,1.040867,161.481,2.3378,2.34738197977,0.00958197977454,False
m0_shared_exponent,EleutherAI/pythia-1b,551,1.040867,163.578,2.3368,2.34635647456,0.00955647455557,False
m0_shared_exponent,EleutherAI/pythia-1b,552,1.040867,165.675,2.3357,2.34534782892,0.00964782892138,False
m0_shared_exponent,EleutherAI/pythia-1b,553,1.040867,167.772,2.3348,2.3443555575,0.0095555575017,False
m0_shared_exponent,EleutherAI/pythia-1b,554,1.040867,169.869,2.3337,2.34337919474,0.00967919474472,False
m0_shared_exponent,EleutherAI/pythia-1b,555,1.040867,171.966,2.3327,2.34241829388,0.00971829387508,False
m0_shared_exponent,EleutherAI/pythia-1b,556,1.040867,174.064,2.3316,2.34147197838,0.00987197838075,False
m0_shared_exponent,EleutherAI/pythia-1b,557,1.040867,176.161,2.3306,2.34054073813,0.00994073812715,False
m0_shared_exponent,EleutherAI/pythia-1b,558,1.040867,178.258,2.3297,2.33962372246,0.00992372245913,False
m0_shared_exponent,EleutherAI/pythia-1b,559,1.040867,180.355,2.3288,2.33872055056,0.00992055055563,False
m0_shared_exponent,EleutherAI/pythia-1b,560,1.040867,182.452,2.3278,2.33783085607,0.0100308560683,False
m0_shared_exponent,EleutherAI/pythia-1b,561,1.040867,184.549,2.3269,2.33695428641,0.0100542864127,False
m0_shared_exponent,EleutherAI/pythia-1b,562,1.040867,186.647,2.3262,2.33609009318,0.0098900931848,False
m0_shared_exponent,EleutherAI/pythia-1b,563,1.040867,188.744,2.3252,2.33523877307,0.0100387730661,False
m0_shared_exponent,EleutherAI/pythia-1b,564,1.040867,190.841,2.3242,2.33439959599,0.0101995959898,False
m0_shared_exponent,EleutherAI/pythia-1b,565,1.040867,192.938,2.3235,2.33357225815,0.0100722581468,False
m0_shared_exponent,EleutherAI/pythia-1b,566,1.040867,195.035,2.3225,2.33275646653,0.0102564665259,False
m0_shared_exponent,EleutherAI/pythia-1b,567,1.040867,197.132,2.3215,2.33195193842,0.0104519384194,False
m0_shared_exponent,EleutherAI/pythia-1b,568,1.040867,199.229,2.3207,2.33115840096,0.0104584009552,False
m0_shared_exponent,EleutherAI/pythia-1b,569,1.040867,201.327,2.3198,2.33037521987,0.0105752198737,False
m0_shared_exponent,EleutherAI/pythia-1b,570,1.040867,203.424,2.3191,2.32960288717,0.0105028871732,False
m0_shared_exponent,EleutherAI/pythia-1b,571,1.040867,205.521,2.3184,2.3288407811,0.0104407811035,False
m0_shared_exponent,EleutherAI/pythia-1b,572,1.040867,207.618,2.3178,2.32808866396,0.0102886639592,False
m0_shared_exponent,EleutherAI/pythia-1b,573,1.040867,209.715,2.3168,2.32734630589,0.0105463058902,False
m0_shared_exponent,EleutherAI/pythia-1b,574,1.040867,211.812,2.316,2.32661348457,0.0106134845664,False
m0_shared_exponent,EleutherAI/pythia-1b,575,1.040867,213.91,2.3153,2.32588964203,0.0105896420338,False
m0_shared_exponent,EleutherAI/pythia-1b,576,1.040867,216.007,2.3143,2.32517526002,0.010875260016,False
m0_shared_exponent,EleutherAI/pythia-1b,577,1.040867,218.104,2.3138,2.32446978968,0.0106697896838,False
m0_shared_exponent,EleutherAI/pythia-1b,578,1.040867,220.201,2.3131,2.32377303577,0.0106730357733,False
m0_shared_exponent,EleutherAI/pythia-1b,579,1.040867,222.298,2.3122,2.32308480911,0.0108848091068,False
m0_shared_exponent,EleutherAI/pythia-1b,580,1.040867,224.395,2.3117,2.32240492635,0.0107049263475,False
m0_shared_exponent,EleutherAI/pythia-1b,581,1.040867,226.492,2.3109,2.32173320977,0.0108332097671,False
m0_shared_exponent,EleutherAI/pythia-1b,582,1.040867,228.59,2.3101,2.32106917239,0.0109691723932,False
m0_shared_exponent,EleutherAI/pythia-1b,583,1.040867,230.687,2.3096,2.32041328001,0.0108132800141,False
m0_shared_exponent,EleutherAI/pythia-1b,584,1.040867,232.784,2.309,2.31976505204,0.0107650520386,False
m0_shared_exponent,EleutherAI/pythia-1b,585,1.040867,234.881,2.3081,2.31912433106,0.0110243310615,False
m0_shared_exponent,EleutherAI/pythia-1b,586,1.040867,236.978,2.3075,2.31849096428,0.0109909642788,False
m0_shared_exponent,EleutherAI/pythia-1b,587,1.040867,239.075,2.3068,2.31786480331,0.0110648033137,False
m0_shared_exponent,EleutherAI/pythia-1b,588,1.040867,241.172,2.3061,2.31724570405,0.0111457040515,False
m0_shared_exponent,EleutherAI/pythia-1b,589,1.040867,243.27,2.3056,2.31663323618,0.0110332361798,False
m0_shared_exponent,EleutherAI/pythia-1b,590,1.040867,245.367,2.3048,2.31602784745,0.0112278474452,False
m0_shared_exponent,EleutherAI/pythia-1b,591,1.040867,247.464,2.3042,2.31542911203,0.01122911203,False
m0_shared_exponent,EleutherAI/pythia-1b,592,1.040867,249.561,2.3036,2.31483690136,0.0112369013554,False
m0_shared_exponent,EleutherAI/pythia-1b,593,1.040867,251.658,2.303,2.31425109038,0.0112510903816,False
m0_shared_exponent,EleutherAI/pythia-1b,594,1.040867,253.755,2.3024,2.31367155748,0.0112715574813,False
m0_shared_exponent,EleutherAI/pythia-1b,595,1.040867,255.853,2.3019,2.31309791235,0.0111979123453,False
m0_shared_exponent,EleutherAI/pythia-1b,596,1.040867,257.95,2.3011,2.31253058662,0.0114305866202,False
m0_shared_exponent,EleutherAI/pythia-1b,597,1.040867,260.047,2.3005,2.31196919333,0.0114691933324,False
m0_shared_exponent,EleutherAI/pythia-1b,598,1.040867,262.144,2.2999,2.31141362335,0.0115136233535,False
m0_shared_exponent,EleutherAI/pythia-1b,599,1.040867,264.241,2.2994,2.31086377041,0.011463770415,False
m0_shared_exponent,EleutherAI/pythia-1b,600,1.040867,266.338,2.2989,2.31031953101,0.0114195310115,False
m0_shared_exponent,EleutherAI/pythia-1b,601,1.040867,268.435,2.2983,2.30978080431,0.0114808043078,False
m0_shared_exponent,EleutherAI/pythia-1b,602,1.040867,270.533,2.2976,2.309247239,0.0116472390043,False
m0_shared_exponent,EleutherAI/pythia-1b,603,1.040867,272.63,2.2972,2.30871924795,0.0115192479464,False
m0_shared_exponent,EleutherAI/pythia-1b,604,1.040867,274.727,2.2967,2.30819648219,0.011496482186,False
m0_shared_exponent,EleutherAI/pythia-1b,605,1.040867,276.824,2.2961,2.30767885071,0.0115788507136,False
m0_shared_exponent,EleutherAI/pythia-1b,606,1.040867,278.921,2.2957,2.30716626478,0.0114662647792,False
m0_shared_exponent,EleutherAI/pythia-1b,607,1.040867,281.018,2.2949,2.30665863782,0.0117586378194,False
m0_shared_exponent,EleutherAI/pythia-1b,608,1.040867,283.116,2.2943,2.30615564679,0.0118556467888,False
m0_shared_exponent,EleutherAI/pythia-1b,609,1.040867,285.213,2.2937,2.30565768875,0.0119576887545,False
m0_shared_exponent,EleutherAI/pythia-1b,610,1.040867,287.31,2.2935,2.3051644424,0.011664442403,False
m0_shared_exponent,EleutherAI/pythia-1b,611,1.040867,289.407,2.2929,2.30467582925,0.0117758292477,False
m0_shared_exponent,EleutherAI/pythia-1b,612,1.040867,291.504,2.2923,2.30419177267,0.0118917726664,False
m0_shared_exponent,EleutherAI/pythia-1b,613,1.040867,293.601,2.2919,2.30371219784,0.0118121978434,False
m0_shared_exponent,EleutherAI/pythia-1b,614,1.040867,295.698,2.2912,2.30323703171,0.0120370317147,False
m0_shared_exponent,EleutherAI/pythia-1b,615,1.040867,297.796,2.2911,2.30276597941,0.0116659794132,False
m0_shared_exponent,EleutherAI/pythia-1b,616,1.040867,299.893,2.2904,2.30229942024,0.0118994202426,False
m0_current,EleutherAI/pythia-1.4b,624,1.416184,0.134,4.1816,4.18109053737,-0.000509462625864,False
m0_current,EleutherAI/pythia-1.4b,625,1.416184,0.268,3.7976,3.79724889375,-0.000351106247374,False
m0_current,EleutherAI/pythia-1.4b,626,1.416184,0.537,3.4805,3.48032002258,-0.000179977417386,False
m0_current,EleutherAI/pythia-1.4b,627,1.416184,1.074,3.22,3.22004552871,4.55287061469e-05,False
m0_current,EleutherAI/pythia-1.4b,628,1.416184,2.097,3.0125,3.01242242835,-7.75716512034e-05,False
m0_current,EleutherAI/pythia-1.4b,629,1.416184,4.194,2.8347,2.83465250747,-4.74925302809e-05,False
m0_current,EleutherAI/pythia-1.4b,630,1.416184,6.291,2.7458,2.74557369609,-0.000226303905825,False
m0_current,EleutherAI/pythia-1.4b,631,1.416184,8.389,2.6879,2.68820601035,0.000306010347775,False
m0_current,EleutherAI/pythia-1.4b,632,1.416184,10.486,2.6471,2.64680448381,-0.00029551619267,False
m0_current,EleutherAI/pythia-1.4b,633,1.416184,12.583,2.6148,2.61484373975,4.37397508604e-05,False
m0_current,EleutherAI/pythia-1.4b,634,1.416184,14.68,2.589,2.58906447438,6.44743843901e-05,False
m0_current,EleutherAI/pythia-1.4b,635,1.416184,16.777,2.5674,2.56761469941,0.000214699411361,False
m0_current,EleutherAI/pythia-1.4b,636,1.416184,18.874,2.5491,2.54934850916,0.000248509160578,False
m0_current,EleutherAI/pythia-1.4b,637,1.416184,20.972,2.5336,2.53350412372,-9.58762825487e-05,False
m0_current,EleutherAI/pythia-1.4b,638,1.416184,23.069,2.5196,2.51957503618,-2.496381649e-05,False
m0_current,EleutherAI/pythia-1.4b,639,1.416184,25.166,2.507,2.50717903065,0.000179030652895,False
m0_current,EleutherAI/pythia-1.4b,640,1.416184,27.263,2.4958,2.49603922939,0.000239229391501,False
m0_current,EleutherAI/pythia-1.4b,641,1.416184,29.36,2.4859,2.48594543363,4.54336280842e-05,False
m0_current,EleutherAI/pythia-1.4b,642,1.416184,31.457,2.4769,2.47673459757,-0.000165402431159,False
m0_current,EleutherAI/pythia-1.4b,643,1.416184,33.554,2.4682,2.4682779062,7.79061956471e-05,False
m0_current,EleutherAI/pythia-1.4b,644,1.416184,35.652,2.4602,2.46046837855,0.000268378552202,False
m0_current,EleutherAI/pythia-1.4b,645,1.416184,37.749,2.4532,2.45322927208,2.92720766732e-05,False
m0_current,EleutherAI/pythia-1.4b,646,1.416184,39.846,2.4464,2.44648738478,8.73847816503e-05,False
m0_current,EleutherAI/pythia-1.4b,647,1.416184,41.943,2.4398,2.44018497083,0.000384970829965,False
m0_current,EleutherAI/pythia-1.4b,648,1.416184,44.04,2.4342,2.43427346609,7.34660908637e-05,False
m0_current,EleutherAI/pythia-1.4b,649,1.416184,46.137,2.4287,2.42871167097,1.16709664773e-05,False
m0_current,EleutherAI/pythia-1.4b,650,1.416184,48.234,2.4235,2.42346435733,-3.56426698329e-05,False
m0_current,EleutherAI/pythia-1.4b,651,1.416184,50.332,2.4187,2.41849888348,-0.000201116522793,False
m0_current,EleutherAI/pythia-1.4b,652,1.416184,52.429,2.4139,2.41379367496,-0.000106325042034,False
m0_current,EleutherAI/pythia-1.4b,653,1.416184,54.526,2.4093,2.4093233679,2.33679007002e-05,False
m0_current,EleutherAI/pythia-1.4b,654,1.416184,56.623,2.4049,2.4050678549,0.00016785489585,False
m0_current,EleutherAI/pythia-1.4b,655,1.416184,58.72,2.4013,2.40100941525,-0.000290584752501,False
m0_current,EleutherAI/pythia-1.4b,656,1.416184,60.817,2.3971,2.39713235818,3.23581847277e-05,False
m0_current,EleutherAI/pythia-1.4b,657,1.416184,62.915,2.3934,2.39342099854,2.09985416557e-05,False
m0_current,EleutherAI/pythia-1.4b,658,1.416184,65.012,2.3898,2.38986640969,6.64096886149e-05,False
m0_current,EleutherAI/pythia-1.4b,659,1.416184,67.109,2.3865,2.38645561623,-4.43837686328e-05,False
m0_current,EleutherAI/pythia-1.4b,660,1.416184,69.206,2.3831,2.38317857303,7.85730333392e-05,False
m0_current,EleutherAI/pythia-1.4b,661,1.416184,71.303,2.3799,2.38002621451,0.000126214514087,False
m0_current,EleutherAI/pythia-1.4b,662,1.416184,73.4,2.3769,2.3769903336,9.03335965381e-05,False
m0_current,EleutherAI/pythia-1.4b,663,1.416184,75.497,2.374,2.37406347859,6.34785921165e-05,False
m0_current,EleutherAI/pythia-1.4b,664,1.416184,77.595,2.3712,2.37123754135,3.75413526137e-05,False
m0_current,EleutherAI/pythia-1.4b,665,1.416184,79.692,2.3684,2.36850902019,0.000109020194341,False
m0_current,EleutherAI/pythia-1.4b,666,1.416184,81.789,2.3659,2.365870877,-2.91229976961e-05,False
m0_current,EleutherAI/pythia-1.4b,667,1.416184,83.886,2.3633,2.36331791346,1.79134567642e-05,False
m0_current,EleutherAI/pythia-1.4b,668,1.416184,85.983,2.361,2.36084535081,-0.000154649190985,False
m0_current,EleutherAI/pythia-1.4b,669,1.416184,88.08,2.3581,2.35844878675,0.000348786751409,False
m0_current,EleutherAI/pythia-1.4b,670,1.416184,90.178,2.3562,2.35612306563,-7.69343703397e-05,False
m0_current,EleutherAI/pythia-1.4b,671,1.416184,92.275,2.354,2.35386664488,-0.000133355116804,False
m0_current,EleutherAI/pythia-1.4b,672,1.416184,94.372,2.3514,2.35167491718,0.000274917184893,False
m0_current,EleutherAI/pythia-1.4b,673,1.416184,96.469,2.3495,2.34954465083,4.46508305796e-05,False
m0_current,EleutherAI/pythia-1.4b,674,1.416184,98.566,2.3474,2.34747284139,7.28413909452e-05,False
m0_current,EleutherAI/pythia-1.4b,675,1.416184,100.663,2.3453,2.34545669129,0.000156691292137,False
m0_current,EleutherAI/pythia-1.4b,676,1.416184,102.76,2.3434,2.34349359161,9.35916130937e-05,False
m0_current,EleutherAI/pythia-1.4b,677,1.416184,104.858,2.3414,2.34158020551,0.000180205514262,False
m0_current,EleutherAI/pythia-1.4b,678,1.416184,106.955,2.3399,2.33971607742,-0.00018392258346,False
m0_current,EleutherAI/pythia-1.4b,679,1.416184,109.052,2.338,2.33789814952,-0.000101850482361,False
m0_current,EleutherAI/pythia-1.4b,680,1.416184,111.149,2.3362,2.33612442086,-7.55791369911e-05,False
m0_current,EleutherAI/pythia-1.4b,681,1.416184,113.246,2.3345,2.33439301285,-0.000106987149147,False
m0_current,EleutherAI/pythia-1.4b,682,1.416184,115.343,2.3326,2.33270215965,0.000102159648034,False
m0_current,EleutherAI/pythia-1.4b,683,1.416184,117.441,2.331,2.33104942077,4.94207676773e-05,False
m0_current,EleutherAI/pythia-1.4b,684,1.416184,119.538,2.3295,2.32943480564,-6.51943639896e-05,False
m0_current,EleutherAI/pythia-1.4b,685,1.416184,121.635,2.3277,2.32785604095,0.00015604095187,False
m0_current,EleutherAI/pythia-1.4b,686,1.416184,123.732,2.3264,2.32631173291,-8.8267093949e-05,False
m0_current,EleutherAI/pythia-1.4b,687,1.416184,125.829,2.3248,2.32480056434,5.64341229303e-07,False
m0_current,EleutherAI/pythia-1.4b,688,1.416184,127.926,2.3233,2.32332128934,2.12893419049e-05,False
m0_current,EleutherAI/pythia-1.4b,689,1.416184,130.023,2.3219,2.32187272829,-2.72717122392e-05,False
m0_current,EleutherAI/pythia-1.4b,690,1.416184,132.121,2.3205,2.32045309355,-4.69064509883e-05,False
m0_current,EleutherAI/pythia-1.4b,691,1.416184,134.218,2.319,2.3190626778,6.26777961825e-05,False
m0_current,EleutherAI/pythia-1.4b,692,1.416184,136.315,2.3178,2.31769979098,-0.000100209023178,False
m0_current,EleutherAI/pythia-1.4b,693,1.416184,138.412,2.3162,2.31636347696,0.000163476957422,False
m0_current,EleutherAI/pythia-1.4b,694,1.416184,140.509,2.3151,2.31505282666,-4.71733374403e-05,False
m0_current,EleutherAI/pythia-1.4b,695,1.416184,142.606,2.3138,2.3137669751,-3.30249026588e-05,False
m0_current,EleutherAI/pythia-1.4b,696,1.416184,144.703,2.3125,2.3125050986,5.09859886888e-06,False
m0_current,EleutherAI/pythia-1.4b,697,1.416184,146.801,2.3113,2.31126582701,-3.41729868003e-05,False
m0_current,EleutherAI/pythia-1.4b,698,1.416184,148.898,2.3099,2.31004959301,0.000149593005533,False
m0_current,EleutherAI/pythia-1.4b,699,1.416184,150.995,2.3089,2.30885508627,-4.49137335292e-05,False
m0_current,EleutherAI/pythia-1.4b,700,1.416184,153.092,2.3077,2.30768162489,-1.83751082981e-05,False
m0_current,EleutherAI/pythia-1.4b,701,1.416184,155.189,2.3065,2.30652855735,2.85573476839e-05,False
m0_current,EleutherAI/pythia-1.4b,702,1.416184,157.286,2.3055,2.30539526073,-0.0001047392698,False
m0_current,EleutherAI/pythia-1.4b,703,1.416184,159.384,2.3042,2.30428061233,8.06123338775e-05,False
m0_current,EleutherAI/pythia-1.4b,704,1.416184,161.481,2.303,2.30318510413,0.000185104126125,False
m0_current,EleutherAI/pythia-1.4b,705,1.416184,163.578,2.3019,2.302107654,0.00020765400333,False
m0_current,EleutherAI/pythia-1.4b,706,1.416184,165.675,2.3011,2.30104773846,-5.22615380452e-05,False
m0_current,EleutherAI/pythia-1.4b,707,1.416184,167.772,2.2999,2.30000485556,0.000104855557587,False
m0_current,EleutherAI/pythia-1.4b,708,1.416184,169.869,2.2991,2.29897852376,-0.000121476239262,False
m0_current,EleutherAI/pythia-1.4b,709,1.416184,171.966,2.2978,2.29796828089,0.000168280886643,False
m0_current,EleutherAI/pythia-1.4b,710,1.416184,174.064,2.2971,2.29697321246,-0.000126787538506,False
m0_current,EleutherAI/pythia-1.4b,711,1.416184,176.161,2.296,2.29599384047,-6.15953011618e-06,False
m0_current,EleutherAI/pythia-1.4b,712,1.416184,178.258,2.295,2.29502927702,2.92770166395e-05,False
m0_current,EleutherAI/pythia-1.4b,713,1.416184,180.355,2.294,2.29407912789,7.91278942542e-05,False
m0_current,EleutherAI/pythia-1.4b,714,1.416184,182.452,2.2932,2.29314301382,-5.698618211e-05,False
m0_current,EleutherAI/pythia-1.4b,715,1.416184,184.549,2.2922,2.2922205697,2.05696966549e-05,False
m0_current,EleutherAI/pythia-1.4b,716,1.416184,186.647,2.2914,2.29131101353,-8.89864653595e-05,False
m0_current,EleutherAI/pythia-1.4b,717,1.416184,188.744,2.2904,2.29041487355,1.48735513568e-05,False
m0_current,EleutherAI/pythia-1.4b,718,1.416184,190.841,2.2895,2.28953138661,3.13866072168e-05,False
m0_current,EleutherAI/pythia-1.4b,719,1.416184,192.938,2.2886,2.28866023793,6.0237929278e-05,False
m0_current,EleutherAI/pythia-1.4b,720,1.416184,195.035,2.2878,2.28780112389,1.12388848583e-06,False
m0_current,EleutherAI/pythia-1.4b,721,1.416184,197.132,2.287,2.28695375149,-4.62485096491e-05,False
m0_current,EleutherAI/pythia-1.4b,722,1.416184,199.229,2.286,2.28611783789,0.000117837894048,False
m0_current,EleutherAI/pythia-1.4b,723,1.416184,201.327,2.2852,2.28529271929,9.27192946256e-05,False
m0_current,EleutherAI/pythia-1.4b,724,1.416184,203.424,2.2845,2.28447891829,-2.10817060404e-05,False
m0_current,EleutherAI/pythia-1.4b,725,1.416184,205.521,2.2837,2.28367578395,-2.42160459991e-05,False
m0_current,EleutherAI/pythia-1.4b,726,1.416184,207.618,2.2829,2.28288306975,-1.69302506916e-05,False
m0_current,EleutherAI/pythia-1.4b,727,1.416184,209.715,2.2821,2.28210053727,5.37268987078e-07,False
m0_current,EleutherAI/pythia-1.4b,728,1.416184,211.812,2.2814,2.28132795587,-7.20441283848e-05,False
m0_current,EleutherAI/pythia-1.4b,729,1.416184,213.91,2.2805,2.28056474086,6.47408607728e-05,False
m0_current,EleutherAI/pythia-1.4b,730,1.416184,216.007,2.2797,2.27981140365,0.000111403649521,False
m0_current,EleutherAI/pythia-1.4b,731,1.416184,218.104,2.2791,2.27906736893,-3.26310727052e-05,False
m0_current,EleutherAI/pythia-1.4b,732,1.416184,220.201,2.2782,2.27833243403,0.000132434025444,False
m0_current,EleutherAI/pythia-1.4b,733,1.416184,222.298,2.2776,2.27760640257,6.40256737805e-06,False
m0_current,EleutherAI/pythia-1.4b,734,1.416184,224.395,2.2767,2.27688908422,0.000189084216053,False
m0_current,EleutherAI/pythia-1.4b,735,1.416184,226.492,2.2763,2.27618029443,-0.000119705566156,False
m0_current,EleutherAI/pythia-1.4b,736,1.416184,228.59,2.2755,2.2754795222,-2.04778020558e-05,False
m0_current,EleutherAI/pythia-1.4b,737,1.416184,230.687,2.2748,2.27478726187,-1.27381342048e-05,False
m0_current,EleutherAI/pythia-1.4b,738,1.416184,232.784,2.2742,2.27410300898,-9.69910229318e-05,False
m0_current,EleutherAI/pythia-1.4b,739,1.416184,234.881,2.2736,2.27342660002,-0.000173399983516,False
m0_current,EleutherAI/pythia-1.4b,740,1.416184,236.978,2.2728,2.27275787623,-4.21237702248e-05,False
m0_current,EleutherAI/pythia-1.4b,741,1.416184,239.075,2.2719,2.27209668344,0.000196683444386,False
m0_current,EleutherAI/pythia-1.4b,742,1.416184,241.172,2.2713,2.2714428719,0.000142871898433,False
m0_current,EleutherAI/pythia-1.4b,743,1.416184,243.27,2.2707,2.27079598945,9.59894471686e-05,False
m0_current,EleutherAI/pythia-1.4b,744,1.416184,245.367,2.2702,2.27015651128,-4.34887216865e-05,False
m0_current,EleutherAI/pythia-1.4b,745,1.416184,247.464,2.2696,2.26952398987,-7.60101331507e-05,False
m0_current,EleutherAI/pythia-1.4b,746,1.416184,249.561,2.2688,2.26889829153,9.82915349685e-05,False
m0_current,EleutherAI/pythia-1.4b,747,1.416184,251.658,2.2683,2.26827928627,-2.07137306285e-05,False
m0_current,EleutherAI/pythia-1.4b,748,1.416184,253.755,2.2676,2.26766684759,6.68475912677e-05,False
m0_current,EleutherAI/pythia-1.4b,749,1.416184,255.853,2.267,2.26706056497,6.05649679839e-05,False
m0_current,EleutherAI/pythia-1.4b,750,1.416184,257.95,2.2663,2.26646089654,0.000160896537665,False
m0_current,EleutherAI/pythia-1.4b,751,1.416184,260.047,2.2658,2.26586743519,6.74351936127e-05,False
m0_current,EleutherAI/pythia-1.4b,752,1.416184,262.144,2.2652,2.26528006741,8.00674051602e-05,False
m0_current,EleutherAI/pythia-1.4b,753,1.416184,264.241,2.2646,2.26469868261,9.86826052207e-05,False
m0_current,EleutherAI/pythia-1.4b,754,1.416184,266.338,2.2642,2.26412317309,-7.68269098597e-05,False
m0_current,EleutherAI/pythia-1.4b,755,1.416184,268.435,2.2635,2.26355343392,5.3433923688e-05,False
m0_current,EleutherAI/pythia-1.4b,756,1.416184,270.533,2.2632,2.26298909519,-0.000210904808395,False
m0_current,EleutherAI/pythia-1.4b,757,1.416184,272.63,2.2625,2.26243059516,-6.94048411383e-05,False
m0_current,EleutherAI/pythia-1.4b,758,1.416184,274.727,2.2619,2.26187756632,-2.24336772705e-05,False
m0_current,EleutherAI/pythia-1.4b,759,1.416184,276.824,2.2613,2.26132991393,2.99139337305e-05,False
m0_current,EleutherAI/pythia-1.4b,760,1.416184,278.921,2.2609,2.26078754559,-0.00011245441482,False
m0_current,EleutherAI/pythia-1.4b,761,1.416184,281.018,2.2602,2.26025037114,5.0371138157e-05,False
m0_current,EleutherAI/pythia-1.4b,762,1.416184,283.116,2.2597,2.25971805013,1.8050125298e-05,False
m0_current,EleutherAI/pythia-1.4b,763,1.416184,285.213,2.2594,2.25919100415,-0.000208995848155,False
m0_current,EleutherAI/pythia-1.4b,764,1.416184,287.31,2.2587,2.25866889452,-3.11054766398e-05,False
m0_current,EleutherAI/pythia-1.4b,765,1.416184,289.407,2.2583,2.25815163948,-0.000148360520484,False
m0_current,EleutherAI/pythia-1.4b,766,1.416184,291.504,2.2576,2.25763915919,3.9159194106e-05,False
m0_current,EleutherAI/pythia-1.4b,767,1.416184,293.601,2.2571,2.25713137572,3.13757157726e-05,False
m0_current,EleutherAI/pythia-1.4b,768,1.416184,295.698,2.2568,2.25662821291,-0.000171787089045,False
m0_current,EleutherAI/pythia-1.4b,769,1.416184,297.796,2.2561,2.25612935971,2.93597057497e-05,False
m0_current,EleutherAI/pythia-1.4b,770,1.416184,299.893,2.2558,2.25563521896,-0.00016478103783,False
m0_no_floor,EleutherAI/pythia-1.4b,624,1.416184,0.134,4.1816,4.21876228344,0.037162283444,False
m0_no_floor,EleutherAI/pythia-1.4b,625,1.416184,0.268,3.7976,3.84175619574,0.0441561957388,False
m0_no_floor,EleutherAI/pythia-1.4b,626,1.416184,0.537,3.4805,3.52909695244,0.048596952436,False
m0_no_floor,EleutherAI/pythia-1.4b,627,1.416184,1.074,3.22,3.27119501554,0.0511950155367,False
m0_no_floor,EleutherAI/pythia-1.4b,628,1.416184,2.097,3.0125,3.06457213416,0.052072134162,False
m0_no_floor,EleutherAI/pythia-1.4b,629,1.416184,4.194,2.8347,2.8868929249,0.0521929248978,False
m0_no_floor,EleutherAI/pythia-1.4b,630,1.416184,6.291,2.7458,2.79754446201,0.0517444620147,False
m0_no_floor,EleutherAI/pythia-1.4b,631,1.416184,8.389,2.6879,2.73987568443,0.0519756844306,False
m0_no_floor,EleutherAI/pythia-1.4b,632,1.416184,10.486,2.6471,2.69818912091,0.0510891209111,False
m0_no_floor,EleutherAI/pythia-1.4b,633,1.416184,12.583,2.6148,2.66596682444,0.0511668244392,False
m0_no_floor,EleutherAI/pythia-1.4b,634,1.416184,14.68,2.589,2.63994878999,0.0509487899911,False
m0_no_floor,EleutherAI/pythia-1.4b,635,1.416184,16.777,2.5674,2.61828055373,0.0508805537334,False
m0_no_floor,EleutherAI/pythia-1.4b,636,1.416184,18.874,2.5491,2.59981359295,0.0507135929462,False
m0_no_floor,EleutherAI/pythia-1.4b,637,1.416184,20.972,2.5336,2.58378369924,0.0501836992377,False
m0_no_floor,EleutherAI/pythia-1.4b,638,1.416184,23.069,2.5196,2.56968254444,0.0500825444434,False
m0_no_floor,EleutherAI/pythia-1.4b,639,1.416184,25.166,2.507,2.55712614422,0.050126144222,False
m0_no_floor,EleutherAI/pythia-1.4b,640,1.416184,27.263,2.4958,2.54583621693,0.0500362169274,False
m0_no_floor,EleutherAI/pythia-1.4b,641,1.416184,29.36,2.4859,2.53560138464,0.049701384641,False
m0_no_floor,EleutherAI/pythia-1.4b,642,1.416184,31.457,2.4769,2.52625760591,0.049357605914,False
m0_no_floor,EleutherAI/pythia-1.4b,643,1.416184,33.554,2.4682,2.51767521974,0.0494752197372,False
m0_no_floor,EleutherAI/pythia-1.4b,644,1.416184,35.652,2.4602,2.50974646626,0.0495464662625,False
m0_no_floor,EleutherAI/pythia-1.4b,645,1.416184,37.749,2.4532,2.5023940936,0.0491940935964,False
m0_no_floor,EleutherAI/pythia-1.4b,646,1.416184,39.846,2.4464,2.4955443021,0.0491443020954,False
m0_no_floor,EleutherAI/pythia-1.4b,647,1.416184,41.943,2.4398,2.48913887607,0.0493388760731,False
m0_no_floor,EleutherAI/pythia-1.4b,648,1.416184,44.04,2.4342,2.48312883981,0.0489288398088,False
m0_no_floor,EleutherAI/pythia-1.4b,649,1.416184,46.137,2.4287,2.47747263128,0.0487726312774,False
m0_no_floor,EleutherAI/pythia-1.4b,650,1.416184,48.234,2.4235,2.47213470166,0.048634701664,False
m0_no_floor,EleutherAI/pythia-1.4b,651,1.416184,50.332,2.4187,2.46708208348,0.0483820834773,False
m0_no_floor,EleutherAI/pythia-1.4b,652,1.416184,52.429,2.4139,2.46229303081,0.0483930308052,False
m0_no_floor,EleutherAI/pythia-1.4b,653,1.416184,54.526,2.4093,2.45774190941,0.0484419094074,False
m0_no_floor,EleutherAI/pythia-1.4b,654,1.416184,56.623,2.4049,2.45340840677,0.048508406768,False
m0_no_floor,EleutherAI/pythia-1.4b,655,1.416184,58.72,2.4013,2.44927461705,0.047974617047,False
m0_no_floor,EleutherAI/pythia-1.4b,656,1.416184,60.817,2.3971,2.4453246818,0.0482246818003,False
m0_no_floor,EleutherAI/pythia-1.4b,657,1.416184,62.915,2.3934,2.44154273043,0.0481427304254,False
m0_no_floor,EleutherAI/pythia-1.4b,658,1.416184,65.012,2.3898,2.43791976476,0.0481197647603,False
m0_no_floor,EleutherAI/pythia-1.4b,659,1.416184,67.109,2.3865,2.43444264845,0.0479426484469,False
m0_no_floor,EleutherAI/pythia-1.4b,660,1.416184,69.206,2.3831,2.43110122023,0.0480012202303,False
m0_no_floor,EleutherAI/pythia-1.4b,661,1.416184,71.303,2.3799,2.42788630791,0.0479863079126,False
m0_no_floor,EleutherAI/pythia-1.4b,662,1.416184,73.4,2.3769,2.4247896063,0.0478896062958,False
m0_no_floor,EleutherAI/pythia-1.4b,663,1.416184,75.497,2.374,2.42180357319,0.0478035731912,False
m0_no_floor,EleutherAI/pythia-1.4b,664,1.416184,77.595,2.3712,2.41891998969,0.0477199896877,False
m0_no_floor,EleutherAI/pythia-1.4b,665,1.416184,79.692,2.3684,2.41613533156,0.047735331563,False
m0_no_floor,EleutherAI/pythia-1.4b,666,1.416184,81.789,2.3659,2.41344246099,0.04754246099,False
m0_no_floor,EleutherAI/pythia-1.4b,667,1.416184,83.886,2.3633,2.41083611285,0.0475361128454,False
m0_no_floor,EleutherAI/pythia-1.4b,668,1.416184,85.983,2.361,2.40831144618,0.0473114461802,False
m0_no_floor,EleutherAI/pythia-1.4b,669,1.416184,88.08,2.3581,2.40586400068,0.0477640006776,False
m0_no_floor,EleutherAI/pythia-1.4b,670,1.416184,90.178,2.3562,2.40348854306,0.0472885430623,False
m0_no_floor,EleutherAI/pythia-1.4b,671,1.416184,92.275,2.354,2.40118352748,0.047183527479,False
m0_no_floor,EleutherAI/pythia-1.4b,672,1.416184,94.372,2.3514,2.39894427514,0.0475442751358,False
m0_no_floor,EleutherAI/pythia-1.4b,673,1.416184,96.469,2.3495,2.39676750978,0.0472675097841,False
m0_no_floor,EleutherAI/pythia-1.4b,674,1.416184,98.566,2.3474,2.39465018515,0.0472501851528,False
m0_no_floor,EleutherAI/pythia-1.4b,675,1.416184,100.663,2.3453,2.39258946432,0.0472894643153,False
m0_no_floor,EleutherAI/pythia-1.4b,676,1.416184,102.76,2.3434,2.39058270129,0.0471827012938,False
m0_no_floor,EleutherAI/pythia-1.4b,677,1.416184,104.858,2.3414,2.38862650411,0.0472265041107,False
m0_no_floor,EleutherAI/pythia-1.4b,678,1.416184,106.955,2.3399,2.38672042501,0.0468204250136,False
m0_no_floor,EleutherAI/pythia-1.4b,679,1.416184,109.052,2.338,2.38486135444,0.0468613544371,False
m0_no_floor,EleutherAI/pythia-1.4b,680,1.416184,111.149,2.3362,2.38304726196,0.0468472619629,False
m0_no_floor,EleutherAI/pythia-1.4b,681,1.416184,113.246,2.3345,2.38127624109,0.0467762410942,False
m0_no_floor,EleutherAI/pythia-1.4b,682,1.416184,115.343,2.3326,2.37954649956,0.0469464995624,False
m0_no_floor,EleutherAI/pythia-1.4b,683,1.416184,117.441,2.331,2.37785555376,0.0468555537572,False
m0_no_floor,EleutherAI/pythia-1.4b,684,1.416184,119.538,2.3295,2.37620342571,0.046703425711,False
m0_no_floor,EleutherAI/pythia-1.4b,685,1.416184,121.635,2.3277,2.37458780113,0.0468878011252,False
m0_no_floor,EleutherAI/pythia-1.4b,686,1.416184,123.732,2.3264,2.37300726468,0.0466072646764,False
m0_no_floor,EleutherAI/pythia-1.4b,687,1.416184,125.829,2.3248,2.37146047873,0.04666047873,False
m0_no_floor,EleutherAI/pythia-1.4b,688,1.416184,127.926,2.3233,2.36994617786,0.0466461778647,False
m0_no_floor,EleutherAI/pythia-1.4b,689,1.416184,130.023,2.3219,2.36846316387,0.0465631638653,False
m0_no_floor,EleutherAI/pythia-1.4b,690,1.416184,132.121,2.3205,2.36700961533,0.0465096153273,False
m0_no_floor,EleutherAI/pythia-1.4b,691,1.416184,134.218,2.319,2.36558584031,0.046585840309,False
m0_no_floor,EleutherAI/pythia-1.4b,692,1.416184,136.315,2.3178,2.36419011628,0.0463901162831,False
m0_no_floor,EleutherAI/pythia-1.4b,693,1.416184,138.412,2.3162,2.36282147165,0.0466214716491,False
m0_no_floor,EleutherAI/pythia-1.4b,694,1.416184,140.509,2.3151,2.36147898254,0.0463789825359,False
m0_no_floor,EleutherAI/pythia-1.4b,695,1.416184,142.606,2.3138,2.36016176979,0.0463617697855,False
m0_no_floor,EleutherAI/pythia-1.4b,696,1.416184,144.703,2.3125,2.35886899617,0.0463689961692,False
m0_no_floor,EleutherAI/pythia-1.4b,697,1.416184,146.801,2.3113,2.35759926412,0.0462992641187,False
m0_no_floor,EleutherAI/pythia-1.4b,698,1.416184,148.898,2.3099,2.35635302286,0.0464530228643,False
m0_no_floor,EleutherAI/pythia-1.4b,699,1.416184,150.995,2.3089,2.35512893551,0.0462289355089,False
m0_no_floor,EleutherAI/pythia-1.4b,700,1.416184,153.092,2.3077,2.35392630866,0.0462263086638,False
m0_no_floor,EleutherAI/pythia-1.4b,701,1.416184,155.189,2.3065,2.35274447976,0.0462444797641,False
m0_no_floor,EleutherAI/pythia-1.4b,702,1.416184,157.286,2.3055,2.3515828153,0.0460828153041,False
m0_no_floor,EleutherAI/pythia-1.4b,703,1.416184,159.384,2.3042,2.35044016913,0.0462401691291,False
m0_no_floor,EleutherAI/pythia-1.4b,704,1.416184,161.481,2.303,2.34931705009,0.0463170500861,False
m0_no_floor,EleutherAI/pythia-1.4b,705,1.416184,163.578,2.3019,2.3482123532,0.046312353197,False
m0_no_floor,EleutherAI/pythia-1.4b,706,1.416184,165.675,2.3011,2.34712554587,0.0460255458691,False
m0_no_floor,EleutherAI/pythia-1.4b,707,1.416184,167.772,2.2999,2.3460561174,0.0461561174018,False
m0_no_floor,EleutherAI/pythia-1.4b,708,1.416184,169.869,2.2991,2.34500357783,0.045903577826,False
m0_no_floor,EleutherAI/pythia-1.4b,709,1.416184,171.966,2.2978,2.34396745682,0.0461674568192,False
m0_no_floor,EleutherAI/pythia-1.4b,710,1.416184,174.064,2.2971,2.34294681995,0.0458468199456,False
m0_no_floor,EleutherAI/pythia-1.4b,711,1.416184,176.161,2.296,2.34194220598,0.045942205985,False
m0_no_floor,EleutherAI/pythia-1.4b,712,1.416184,178.258,2.295,2.34095270746,0.0459527074648,False
m0_no_floor,EleutherAI/pythia-1.4b,713,1.416184,180.355,2.294,2.33997792311,0.045977923113,False
m0_no_floor,EleutherAI/pythia-1.4b,714,1.416184,182.452,2.2932,2.33901746682,0.0458174668188,False
m0_no_floor,EleutherAI/pythia-1.4b,715,1.416184,184.549,2.2922,2.33807096689,0.0458709668936,False
m0_no_floor,EleutherAI/pythia-1.4b,716,1.416184,186.647,2.2914,2.33713762369,0.0457376236893,False
m0_no_floor,EleutherAI/pythia-1.4b,717,1.416184,188.744,2.2904,2.33621798193,0.0458179819276,False
m0_no_floor,EleutherAI/pythia-1.4b,718,1.416184,190.841,2.2895,2.33531126109,0.0458112610931,False
m0_no_floor,EleutherAI/pythia-1.4b,719,1.416184,192.938,2.2886,2.33441714063,0.0458171406322,False
m0_no_floor,EleutherAI/pythia-1.4b,720,1.416184,195.035,2.2878,2.33353531132,0.0457353113185,False
m0_no_floor,EleutherAI/pythia-1.4b,721,1.416184,197.132,2.287,2.33266547474,0.0456654747354,False
m0_no_floor,EleutherAI/pythia-1.4b,722,1.416184,199.229,2.286,2.33180734279,0.0458073427884,False
m0_no_floor,EleutherAI/pythia-1.4b,723,1.416184,201.327,2.2852,2.33096023616,0.0457602361563,False
m0_no_floor,EleutherAI/pythia-1.4b,724,1.416184,203.424,2.2845,2.33012469346,0.0456246934623,False
m0_no_floor,EleutherAI/pythia-1.4b,725,1.416184,205.521,2.2837,2.32930004844,0.0456000484423,False
m0_no_floor,EleutherAI/pythia-1.4b,726,1.416184,207.618,2.2829,2.32848604992,0.0455860499246,False
m0_no_floor,EleutherAI/pythia-1.4b,727,1.416184,209.715,2.2821,2.32768245499,0.0455824549897,False
m0_no_floor,EleutherAI/pythia-1.4b,728,1.416184,211.812,2.2814,2.32688902862,0.0454890286192,False
m0_no_floor,EleutherAI/pythia-1.4b,729,1.416184,213.91,2.2805,2.32610517208,0.045605172078,False
m0_no_floor,EleutherAI/pythia-1.4b,730,1.416184,216.007,2.2797,2.32533141233,0.0456314123266,False
m0_no_floor,EleutherAI/pythia-1.4b,731,1.416184,218.104,2.2791,2.32456716015,0.0454671601546,False
m0_no_floor,EleutherAI/pythia-1.4b,732,1.416184,220.201,2.2782,2.323812209,0.0456122089956,False
m0_no_floor,EleutherAI/pythia-1.4b,733,1.416184,222.298,2.2776,2.32306635868,0.0454663586839,False
m0_no_floor,EleutherAI/pythia-1.4b,734,1.416184,224.395,2.2767,2.3223294152,0.0456294151984,False
m0_no_floor,EleutherAI/pythia-1.4b,735,1.416184,226.492,2.2763,2.32160119042,0.0453011904181,False
m0_no_floor,EleutherAI/pythia-1.4b,736,1.416184,228.59,2.2755,2.3208811607,0.0453811606995,False
m0_no_floor,EleutherAI/pythia-1.4b,737,1.416184,230.687,2.2748,2.32016983536,0.0453698353645,False
m0_no_floor,EleutherAI/pythia-1.4b,738,1.416184,232.784,2.2742,2.31946669743,0.0452666974283,False
m0_no_floor,EleutherAI/pythia-1.4b,739,1.416184,234.881,2.2736,2.31877158016,0.0451715801615,False
m0_no_floor,EleutherAI/pythia-1.4b,740,1.416184,236.978,2.2728,2.31808432168,0.0452843216802,False
m0_no_floor,EleutherAI/pythia-1.4b,741,1.416184,239.075,2.2719,2.31740476476,0.0455047647635,False
m0_no_floor,EleutherAI/pythia-1.4b,742,1.416184,241.172,2.2713,2.31673275668,0.0454327566798,False
m0_no_floor,EleutherAI/pythia-1.4b,743,1.416184,243.27,2.2707,2.31606783383,0.0453678338307,False
m0_no_floor,EleutherAI/pythia-1.4b,744,1.416184,245.367,2.2702,2.31541048578,0.0452104857802,False
m0_no_floor,EleutherAI/pythia-1.4b,745,1.416184,247.464,2.2696,2.31476025362,0.0451602536161,False
m0_no_floor,EleutherAI/pythia-1.4b,746,1.416184,249.561,2.2688,2.31411700098,0.0453170009797,False
m0_no_floor,EleutherAI/pythia-1.4b,747,1.416184,251.658,2.2683,2.31348059524,0.0451805952435,False
m0_no_floor,EleutherAI/pythia-1.4b,748,1.416184,253.755,2.2676,2.31285090738,0.0452509073786,False
m0_no_floor,EleutherAI/pythia-1.4b,749,1.416184,255.853,2.267,2.31222751624,0.0452275162445,False
m0_no_floor,EleutherAI/pythia-1.4b,750,1.416184,257.95,2.2663,2.31161089386,0.0453108938599,False
m0_no_floor,EleutherAI/pythia-1.4b,751,1.416184,260.047,2.2658,2.31100062256,0.0452006225585,False
m0_no_floor,EleutherAI/pythia-1.4b,752,1.416184,262.144,2.2652,2.3103965865,0.0451965864962,False
m0_no_floor,EleutherAI/pythia-1.4b,753,1.416184,264.241,2.2646,2.30979867285,0.0451986728474,False
m0_no_floor,EleutherAI/pythia-1.4b,754,1.416184,266.338,2.2642,2.3092067717,0.0450067717024,False
m0_no_floor,EleutherAI/pythia-1.4b,755,1.416184,268.435,2.2635,2.30862077597,0.0451207759707,False
m0_no_floor,EleutherAI/pythia-1.4b,756,1.416184,270.533,2.2632,2.30804030598,0.0448403059757,False
m0_no_floor,EleutherAI/pythia-1.4b,757,1.416184,272.63,2.2625,2.3074658133,0.0449658133026,False
m0_no_floor,EleutherAI/pythia-1.4b,758,1.416184,274.727,2.2619,2.30689692072,0.0449969207185,False
m0_no_floor,EleutherAI/pythia-1.4b,759,1.416184,276.824,2.2613,2.30633353151,0.0450335315095,False
m0_no_floor,EleutherAI/pythia-1.4b,760,1.416184,278.921,2.2609,2.30577555135,0.0448755513485,False
m0_no_floor,EleutherAI/pythia-1.4b,761,1.416184,281.018,2.2602,2.30522288822,0.0450228882186,False
m0_no_floor,EleutherAI/pythia-1.4b,762,1.416184,283.116,2.2597,2.30467519252,0.0449751925168,False
m0_no_floor,EleutherAI/pythia-1.4b,763,1.416184,285.213,2.2594,2.30413289871,0.0447328987078,False
m0_no_floor,EleutherAI/pythia-1.4b,764,1.416184,287.31,2.2587,2.30359565898,0.0448956589834,False
m0_no_floor,EleutherAI/pythia-1.4b,765,1.416184,289.407,2.2583,2.30306338986,0.0447633898643,False
m0_no_floor,EleutherAI/pythia-1.4b,766,1.416184,291.504,2.2576,2.30253600984,0.044936009842,False
m0_no_floor,EleutherAI/pythia-1.4b,767,1.416184,293.601,2.2571,2.30201343932,0.0449134393191,False
m0_no_floor,EleutherAI/pythia-1.4b,768,1.416184,295.698,2.2568,2.30149560055,0.0446956005505,False
m0_no_floor,EleutherAI/pythia-1.4b,769,1.416184,297.796,2.2561,2.30098217396,0.0448821739643,False
m0_no_floor,EleutherAI/pythia-1.4b,770,1.416184,299.893,2.2558,2.30047357477,0.0446735747701,False
m0_shared_exponent,EleutherAI/pythia-1.4b,624,1.416184,0.134,4.1816,4.21283682698,0.0312368269784,False
m0_shared_exponent,EleutherAI/pythia-1.4b,625,1.416184,0.268,3.7976,3.81278675829,0.0151867582855,False
m0_shared_exponent,EleutherAI/pythia-1.4b,626,1.416184,0.537,3.4805,3.48561103812,0.00511103812052,False
m0_shared_exponent,EleutherAI/pythia-1.4b,627,1.416184,1.074,3.22,3.21947288366,-0.00052711634467,False
m0_shared_exponent,EleutherAI/pythia-1.4b,628,1.416184,2.097,3.0125,3.00915293803,-0.00334706197268,False
m0_shared_exponent,EleutherAI/pythia-1.4b,629,1.416184,4.194,2.8347,2.83075014335,-0.00394985664958,False
m0_shared_exponent,EleutherAI/pythia-1.4b,630,1.416184,6.291,2.7458,2.74203584623,-0.00376415376577,False
m0_shared_exponent,EleutherAI/pythia-1.4b,631,1.416184,8.389,2.6879,2.68517600467,-0.00272399532658,False
m0_shared_exponent,EleutherAI/pythia-1.4b,632,1.416184,10.486,2.6471,2.64428526533,-0.00281473467492,False
m0_shared_exponent,EleutherAI/pythia-1.4b,633,1.416184,12.583,2.6148,2.61280683854,-0.00199316146103,False
m0_shared_exponent,EleutherAI/pythia-1.4b,634,1.416184,14.68,2.589,2.587475327,-0.0015246729967,False
m0_shared_exponent,EleutherAI/pythia-1.4b,635,1.416184,16.777,2.5674,2.56643977803,-0.000960221970436,False
m0_shared_exponent,EleutherAI/pythia-1.4b,636,1.416184,18.874,2.5491,2.54855726928,-0.000542730716954,False
m0_shared_exponent,EleutherAI/pythia-1.4b,637,1.416184,20.972,2.5336,2.5330694836,-0.000530516404853,False
m0_shared_exponent,EleutherAI/pythia-1.4b,638,1.416184,23.069,2.5196,2.5194726667,-0.000127333299203,False
m0_shared_exponent,EleutherAI/pythia-1.4b,639,1.416184,25.166,2.507,2.50738751845,0.000387518447751,False
m0_shared_exponent,EleutherAI/pythia-1.4b,640,1.416184,27.263,2.4958,2.49653953744,0.000739537443261,False
m0_shared_exponent,EleutherAI/pythia-1.4b,641,1.416184,29.36,2.4859,2.48672057086,0.00082057086457,False
m0_shared_exponent,EleutherAI/pythia-1.4b,642,1.416184,31.457,2.4769,2.47776933255,0.000869332550267,False
m0_shared_exponent,EleutherAI/pythia-1.4b,643,1.416184,33.554,2.4682,2.469558524,0.00135852400402,False
m0_shared_exponent,EleutherAI/pythia-1.4b,644,1.416184,35.652,2.4602,2.46198258457,0.00178258456856,False
m0_shared_exponent,EleutherAI/pythia-1.4b,645,1.416184,37.749,2.4532,2.45496568895,0.00176568895065,False
m0_shared_exponent,EleutherAI/pythia-1.4b,646,1.416184,39.846,2.4464,2.44843574382,0.00203574382485,False
m0_shared_exponent,EleutherAI/pythia-1.4b,647,1.416184,41.943,2.4398,2.44233587534,0.00253587534452,False
m0_shared_exponent,EleutherAI/pythia-1.4b,648,1.416184,44.04,2.4342,2.4366182875,0.00241828749985,False
m0_shared_exponent,EleutherAI/pythia-1.4b,649,1.416184,46.137,2.4287,2.43124246033,0.00254246032633,False
m0_shared_exponent,EleutherAI/pythia-1.4b,650,1.416184,48.234,2.4235,2.4261737696,0.00267376959593,False
m0_shared_exponent,EleutherAI/pythia-1.4b,651,1.416184,50.332,2.4187,2.42138019277,0.00268019276912,False
m0_shared_exponent,EleutherAI/pythia-1.4b,652,1.416184,52.429,2.4139,2.41684047423,0.00294047422816,False
m0_shared_exponent,EleutherAI/pythia-1.4b,653,1.416184,54.526,2.4093,2.4125297673,0.0032297673025,False
m0_shared_exponent,EleutherAI/pythia-1.4b,654,1.416184,56.623,2.4049,2.40842835573,0.00352835573331,False
m0_shared_exponent,EleutherAI/pythia-1.4b,655,1.416184,58.72,2.4013,2.40451887276,0.00321887275651,False
m0_shared_exponent,EleutherAI/pythia-1.4b,656,1.416184,60.817,2.3971,2.40078594884,0.00368594883702,False
m0_shared_exponent,EleutherAI/pythia-1.4b,657,1.416184,62.915,2.3934,2.39721425675,0.00381425674864,False
m0_shared_exponent,EleutherAI/pythia-1.4b,658,1.416184,65.012,2.3898,2.39379500371,0.00399500370984,False
m0_shared_exponent,EleutherAI/pythia-1.4b,659,1.416184,67.109,2.3865,2.39051552618,0.00401552618196,False
m0_shared_exponent,EleutherAI/pythia-1.4b,660,1.416184,69.206,2.3831,2.38736600307,0.00426600307262,False
m0_shared_exponent,EleutherAI/pythia-1.4b,661,1.416184,71.303,2.3799,2.38433757481,0.00443757481129,False
m0_shared_exponent,EleutherAI/pythia-1.4b,662,1.416184,73.4,2.3769,2.38142222417,0.0045222241678,False
m0_shared_exponent,EleutherAI/pythia-1.4b,663,1.416184,75.497,2.374,2.37861267477,0.00461267477384,False
m0_shared_exponent,EleutherAI/pythia-1.4b,664,1.416184,77.595,2.3712,2.37590103448,0.00470103448385,False
m0_shared_exponent,EleutherAI/pythia-1.4b,665,1.416184,79.692,2.3684,2.37328384312,0.00488384311577,False
m0_shared_exponent,EleutherAI/pythia-1.4b,666,1.416184,81.789,2.3659,2.37075425744,0.00485425743772,False
m0_shared_exponent,EleutherAI/pythia-1.4b,667,1.416184,83.886,2.3633,2.36830720909,0.00500720909337,False
m0_shared_exponent,EleutherAI/pythia-1.4b,668,1.416184,85.983,2.361,2.36593804045,0.0049380404516,False
m0_shared_exponent,EleutherAI/pythia-1.4b,669,1.416184,88.08,2.3581,2.36364246226,0.00554246225733,False
m0_shared_exponent,EleutherAI/pythia-1.4b,670,1.416184,90.178,2.3562,2.36141547107,0.00521547106687,False
m0_shared_exponent,EleutherAI/pythia-1.4b,671,1.416184,92.275,2.354,2.35925552918,0.0052555291793,False
m0_shared_exponent,EleutherAI/pythia-1.4b,672,1.416184,94.372,2.3514,2.35715816962,0.00575816961929,False
m0_shared_exponent,EleutherAI/pythia-1.4b,673,1.416184,96.469,2.3495,2.35512024775,0.00562024775211,False
m0_shared_exponent,EleutherAI/pythia-1.4b,674,1.416184,98.566,2.3474,2.35313884099,0.00573884098828,False
m0_shared_exponent,EleutherAI/pythia-1.4b,675,1.416184,100.663,2.3453,2.35121122877,0.00591122877282,False
m0_shared_exponent,EleutherAI/pythia-1.4b,676,1.416184,102.76,2.3434,2.34933487475,0.00593487475235,False
m0_shared_exponent,EleutherAI/pythia-1.4b,677,1.416184,104.858,2.3414,2.34750655068,0.00610655068251,False
m0_shared_exponent,EleutherAI/pythia-1.4b,678,1.416184,106.955,2.3399,2.34572578456,0.00582578455983,False
m0_shared_exponent,EleutherAI/pythia-1.4b,679,1.416184,109.052,2.338,2.34398962063,0.0059896206346,False
m0_shared_exponent,EleutherAI/pythia-1.4b,680,1.416184,111.149,2.3362,2.34229611577,0.0060961157717,False
m0_shared_exponent,EleutherAI/pythia-1.4b,681,1.416184,113.246,2.3345,2.34064344614,0.00614344613576,False
m0_shared_exponent,EleutherAI/pythia-1.4b,682,1.416184,115.343,2.3326,2.33902989782,0.00642989781739,False
m0_shared_exponent,EleutherAI/pythia-1.4b,683,1.416184,117.441,2.331,2.33745311549,0.00645311548512,False
m0_shared_exponent,EleutherAI/pythia-1.4b,684,1.416184,119.538,2.3295,2.33591308297,0.00641308297479,False
m0_shared_exponent,EleutherAI/pythia-1.4b,685,1.416184,121.635,2.3277,2.334407608,0.00670760800343,False
m0_shared_exponent,EleutherAI/pythia-1.4b,686,1.416184,123.732,2.3264,2.33293533909,0.00653533908733,False
m0_shared_exponent,EleutherAI/pythia-1.4b,687,1.416184,125.829,2.3248,2.33149499937,0.00669499936979,False
m0_shared_exponent,EleutherAI/pythia-1.4b,688,1.416184,127.926,2.3233,2.33008538134,0.00678538133768,False
m0_shared_exponent,EleutherAI/pythia-1.4b,689,1.416184,130.023,2.3219,2.32870534199,0.00680534199165,False
m0_shared_exponent,EleutherAI/pythia-1.4b,690,1.416184,132.121,2.3205,2.32735316054,0.00685316054379,False
m0_shared_exponent,EleutherAI/pythia-1.4b,691,1.416184,134.218,2.319,2.32602909875,0.00702909874938,False
m0_shared_exponent,EleutherAI/pythia-1.4b,692,1.416184,136.315,2.3178,2.32473153086,0.00693153085978,False
m0_shared_exponent,EleutherAI/pythia-1.4b,693,1.416184,138.412,2.3162,2.32345953124,0.00725953123972,False
m0_shared_exponent,EleutherAI/pythia-1.4b,694,1.416184,140.509,2.3151,2.32221222,0.00711221999716,False
m0_shared_exponent,EleutherAI/pythia-1.4b,695,1.416184,142.606,2.3138,2.32098876008,0.00718876007993,False
m0_shared_exponent,EleutherAI/pythia-1.4b,696,1.416184,144.703,2.3125,2.3197883546,0.0072883545962,False
m0_shared_exponent,EleutherAI/pythia-1.4b,697,1.416184,146.801,2.3113,2.31860968773,0.00730968773329,False
m0_shared_exponent,EleutherAI/pythia-1.4b,698,1.416184,148.898,2.3099,2.31745315901,0.00755315900862,False
m0_shared_exponent,EleutherAI/pythia-1.4b,699,1.416184,150.995,2.3089,2.31631751084,0.00741751083577,False
m0_shared_exponent,EleutherAI/pythia-1.4b,700,1.416184,153.092,2.3077,2.315202084,0.00750208399611,False
m0_shared_exponent,EleutherAI/pythia-1.4b,701,1.416184,155.189,2.3065,2.31410624875,0.00760624875165,False
m0_shared_exponent,EleutherAI/pythia-1.4b,702,1.416184,157.286,2.3055,2.31302940315,0.00752940314941,False
m0_shared_exponent,EleutherAI/pythia-1.4b,703,1.416184,159.384,2.3042,2.31197047101,0.00777047101225,False
m0_shared_exponent,EleutherAI/pythia-1.4b,704,1.416184,161.481,2.303,2.31092991059,0.00792991058989,False
m0_shared_exponent,EleutherAI/pythia-1.4b,705,1.416184,163.578,2.3019,2.30990668518,0.00800668518005,False
m0_shared_exponent,EleutherAI/pythia-1.4b,706,1.416184,165.675,2.3011,2.30890028926,0.0078002892556,False
m0_shared_exponent,EleutherAI/pythia-1.4b,707,1.416184,167.772,2.2999,2.30791023819,0.00801023819366,False
m0_shared_exponent,EleutherAI/pythia-1.4b,708,1.416184,169.869,2.2991,2.30693606716,0.00783606716268,False
m0_shared_exponent,EleutherAI/pythia-1.4b,709,1.416184,171.966,2.2978,2.30597733008,0.0081773300817,False
m0_shared_exponent,EleutherAI/pythia-1.4b,710,1.416184,174.064,2.2971,2.30503315212,0.0079331521209,False
m0_shared_exponent,EleutherAI/pythia-1.4b,711,1.416184,176.161,2.296,2.30410402175,0.0081040217545,False
m0_shared_exponent,EleutherAI/pythia-1.4b,712,1.416184,178.258,2.295,2.30318908998,0.00818908997647,False
m0_shared_exponent,EleutherAI/pythia-1.4b,713,1.416184,180.355,2.294,2.30228797657,0.00828797656821,False
m0_shared_exponent,EleutherAI/pythia-1.4b,714,1.416184,182.452,2.2932,2.30140031576,0.00820031576339,False
m0_shared_exponent,EleutherAI/pythia-1.4b,715,1.416184,184.549,2.2922,2.30052575554,0.00832575554,False
m0_shared_exponent,EleutherAI/pythia-1.4b,716,1.416184,186.647,2.2914,2.29966354898,0.00826354897918,False
m0_shared_exponent,EleutherAI/pythia-1.4b,717,1.416184,188.744,2.2904,2.29881419139,0.00841419139482,False
m0_shared_exponent,EleutherAI/pythia-1.4b,718,1.416184,190.841,2.2895,2.29797695418,0.00847695418147,False
m0_shared_exponent,EleutherAI/pythia-1.4b,719,1.416184,192.938,2.2886,2.29715153402,0.00855153402247,False
m0_shared_exponent,EleutherAI/pythia-1.4b,720,1.416184,195.035,2.2878,2.29633763838,0.00853763838365,False
m0_shared_exponent,EleutherAI/pythia-1.4b,721,1.416184,197.132,2.287,2.29553498502,0.00853498501901,False
m0_shared_exponent,EleutherAI/pythia-1.4b,722,1.416184,199.229,2.286,2.2947433015,0.00874330150397,False
m0_shared_exponent,EleutherAI/pythia-1.4b,723,1.416184,201.327,2.2852,2.29396195488,0.00876195488218,False
m0_shared_exponent,EleutherAI/pythia-1.4b,724,1.416184,203.424,2.2845,2.29319143582,0.00869143582363,False
m0_shared_exponent,EleutherAI/pythia-1.4b,725,1.416184,205.521,2.2837,2.29243112387,0.00873112386505,False
m0_shared_exponent,EleutherAI/pythia-1.4b,726,1.416184,207.618,2.2829,2.2916807817,0.00878078169659,False
m0_shared_exponent,EleutherAI/pythia-1.4b,727,1.416184,209.715,2.2821,2.29094017985,0.0088401798518,False
m0_shared_exponent,EleutherAI/pythia-1.4b,728,1.416184,211.812,2.2814,2.29020909637,0.00880909637302,False
m0_shared_exponent,EleutherAI/pythia-1.4b,729,1.416184,213.91,2.2805,2.28948697448,0.0089869744839,False
m0_shared_exponent,EleutherAI/pythia-1.4b,730,1.416184,216.007,2.2797,2.28877429462,0.00907429461899,False
m0_shared_exponent,EleutherAI/pythia-1.4b,731,1.416184,218.104,2.2791,2.28807050911,0.00897050911474,False
m0_shared_exponent,EleutherAI/pythia-1.4b,732,1.416184,220.201,2.2782,2.28737542304,0.00917542303876,False
m0_shared_exponent,EleutherAI/pythia-1.4b,733,1.416184,222.298,2.2776,2.28668884754,0.00908884753548,False
m0_shared_exponent,EleutherAI/pythia-1.4b,734,1.416184,224.395,2.2767,2.28601059958,0.00931059958155,False
m0_shared_exponent,EleutherAI/pythia-1.4b,735,1.416184,226.492,2.2763,2.28534050175,0.00904050175319,False
m0_shared_exponent,EleutherAI/pythia-1.4b,736,1.416184,228.59,2.2755,2.28467806814,0.00917806813518,False
m0_shared_exponent,EleutherAI/pythia-1.4b,737,1.416184,230.687,2.2748,2.28402376328,0.00922376327523,False
m0_shared_exponent,EleutherAI/pythia-1.4b,738,1.416184,232.784,2.2742,2.28337710763,0.00917710763102,False
m0_shared_exponent,EleutherAI/pythia-1.4b,739,1.416184,234.881,2.2736,2.28273794407,0.0091379440704,False
m0_shared_exponent,EleutherAI/pythia-1.4b,740,1.416184,236.978,2.2728,2.28210612006,0.00930612005526,False
m0_shared_exponent,EleutherAI/pythia-1.4b,741,1.416184,239.075,2.2719,2.28148148747,0.00958148746798,False
m0_shared_exponent,EleutherAI/pythia-1.4b,742,1.416184,241.172,2.2713,2.28086390245,0.0095639024459,False
m0_shared_exponent,EleutherAI/pythia-1.4b,743,1.416184,243.27,2.2707,2.28025293563,0.00955293563473,False
m0_shared_exponent,EleutherAI/pythia-1.4b,744,1.416184,245.367,2.2702,2.27964903359,0.00944903358977,False
m0_shared_exponent,EleutherAI/pythia-1.4b,745,1.416184,247.464,2.2696,2.27905177145,0.00945177144544,False
m0_shared_exponent,EleutherAI/pythia-1.4b,746,1.416184,249.561,2.2688,2.27846102085,0.00966102085071,False
m0_shared_exponent,EleutherAI/pythia-1.4b,747,1.416184,251.658,2.2683,2.27787665699,0.0095766569876,False
m0_shared_exponent,EleutherAI/pythia-1.4b,748,1.416184,253.755,2.2676,2.27729855845,0.00969855844542,False
m0_shared_exponent,EleutherAI/pythia-1.4b,749,1.416184,255.853,2.267,2.2767263358,0.00972633580107,False
m0_shared_exponent,EleutherAI/pythia-1.4b,750,1.416184,257.95,2.2663,2.27616041955,0.0098604195514,False
m0_shared_exponent,EleutherAI/pythia-1.4b,751,1.416184,260.047,2.2658,2.2756004236,0.00980042360482,False
m0_shared_exponent,EleutherAI/pythia-1.4b,752,1.416184,262.144,2.2652,2.27504623903,0.00984623902923,False
m0_shared_exponent,EleutherAI/pythia-1.4b,753,1.416184,264.241,2.2646,2.27449775975,0.00989775974783,False
m0_shared_exponent,EleutherAI/pythia-1.4b,754,1.416184,266.338,2.2642,2.27395488244,0.00975488244234,False
m0_shared_exponent,EleutherAI/pythia-1.4b,755,1.416184,268.435,2.2635,2.27341750646,0.00991750646019,False
m0_shared_exponent,EleutherAI/pythia-1.4b,756,1.416184,270.533,2.2632,2.27288528132,0.00968528131647,False
m0_shared_exponent,EleutherAI/pythia-1.4b,757,1.416184,272.63,2.2625,2.27235861875,0.00985861875368,False
m0_shared_exponent,EleutherAI/pythia-1.4b,758,1.416184,274.727,2.2619,2.27183717064,0.00993717063535,False
m0_shared_exponent,EleutherAI/pythia-1.4b,759,1.416184,276.824,2.2613,2.27132084612,0.0100208461187,False
m0_shared_exponent,EleutherAI/pythia-1.4b,760,1.416184,278.921,2.2609,2.27080955662,0.00990955661654,False
m0_shared_exponent,EleutherAI/pythia-1.4b,761,1.416184,281.018,2.2602,2.27030321572,0.0101032157245,False
m0_shared_exponent,EleutherAI/pythia-1.4b,762,1.416184,283.116,2.2597,2.26980150116,0.0101015011591,False
m0_shared_exponent,EleutherAI/pythia-1.4b,763,1.416184,285.213,2.2594,2.26930480892,0.00990480892267,False
m0_shared_exponent,EleutherAI/pythia-1.4b,764,1.416184,287.31,2.2587,2.26881281846,0.0101128184614,False
m0_shared_exponent,EleutherAI/pythia-1.4b,765,1.416184,289.407,2.2583,2.26832545143,0.0100254514346,False
m0_shared_exponent,EleutherAI/pythia-1.4b,766,1.416184,291.504,2.2576,2.26784263136,0.0102426313624,False
m0_shared_exponent,EleutherAI/pythia-1.4b,767,1.416184,293.601,2.2571,2.26736428357,0.0102642835687,False
m0_shared_exponent,EleutherAI/pythia-1.4b,768,1.416184,295.698,2.2568,2.26689033513,0.0100903351258,False
m0_shared_exponent,EleutherAI/pythia-1.4b,769,1.416184,297.796,2.2561,2.26642049187,0.0103204918746,False
m0_shared_exponent,EleutherAI/pythia-1.4b,770,1.416184,299.893,2.2558,2.2659551321,0.0101551320968,False
m0_current,EleutherAI/pythia-2.8b,778,2.782831,0.134,4.1162,4.11665712951,0.000457129506118,False
m0_current,EleutherAI/pythia-2.8b,779,2.782831,0.268,3.7324,3.73277583561,0.000375835609375,False
m0_current,EleutherAI/pythia-2.8b,780,2.782831,0.537,3.4164,3.41581933587,-0.000580664134787,False
m0_current,EleutherAI/pythia-2.8b,781,2.782831,1.074,3.1558,3.15552634927,-0.000273650729468,False
m0_current,EleutherAI/pythia-2.8b,782,2.782831,2.097,2.9476,2.94789178596,0.000291785957756,False
m0_current,EleutherAI/pythia-2.8b,783,2.782831,4.194,2.7702,2.77011485994,-8.51400622945e-05,False
m0_current,EleutherAI/pythia-2.8b,784,2.782831,6.291,2.6811,2.68103369024,-6.63097617353e-05,False
m0_current,EleutherAI/pythia-2.8b,785,2.782831,8.389,2.6238,2.62366495016,-0.000135049836487,False
m0_current,EleutherAI/pythia-2.8b,786,2.782831,10.486,2.5824,2.58226290915,-0.000137090851788,False
m0_current,EleutherAI/pythia-2.8b,787,2.782831,12.583,2.5504,2.55030191871,-9.80812853473e-05,False
m0_current,EleutherAI/pythia-2.8b,788,2.782831,14.68,2.5246,2.52452255549,-7.74445104854e-05,False
m0_current,EleutherAI/pythia-2.8b,789,2.782831,16.777,2.503,2.50307277083,7.27708251218e-05,False
m0_current,EleutherAI/pythia-2.8b,790,2.782831,18.874,2.4846,2.48480662567,0.000206625673226,False
m0_current,EleutherAI/pythia-2.8b,791,2.782831,20.972,2.469,2.46896232044,-3.7679557189e-05,False
m0_current,EleutherAI/pythia-2.8b,792,2.782831,23.069,2.455,2.45503333591,3.33359096083e-05,False
m0_current,EleutherAI/pythia-2.8b,793,2.782831,25.166,2.4427,2.4426374483,-6.25517002941e-05,False
m0_current,EleutherAI/pythia-2.8b,794,2.782831,27.263,2.4313,2.43149777463,0.000197774627641,False
m0_current,EleutherAI/pythia-2.8b,795,2.782831,29.36,2.4212,2.42140411255,0.000204112548012,False
m0_current,EleutherAI/pythia-2.8b,796,2.782831,31.457,2.4123,2.41219341379,-0.000106586210591,False
m0_current,EleutherAI/pythia-2.8b,797,2.782831,33.554,2.4037,2.40373686159,3.686159216e-05,False
m0_current,EleutherAI/pythia-2.8b,798,2.782831,35.652,2.396,2.39592747383,-7.25261697636e-05,False
m0_current,EleutherAI/pythia-2.8b,799,2.782831,37.749,2.3887,2.38868850692,-1.14930750184e-05,False
m0_current,EleutherAI/pythia-2.8b,800,2.782831,39.846,2.3819,2.38194675832,4.67583234141e-05,False
m0_current,EleutherAI/pythia-2.8b,801,2.782831,41.943,2.3757,2.37564448174,-5.55182631961e-05,False
m0_current,EleutherAI/pythia-2.8b,802,2.782831,44.04,2.3697,2.36973311271,3.31127143327e-05,False
m0_current,EleutherAI/pythia-2.8b,803,2.782831,46.137,2.3642,2.36417145143,-2.85485653144e-05,False
m0_current,EleutherAI/pythia-2.8b,804,2.782831,48.234,2.3589,2.35892426962,2.4269619304e-05,False
m0_current,EleutherAI/pythia-2.8b,805,2.782831,50.332,2.3539,2.35395892553,5.89255261243e-05,False
m0_current,EleutherAI/pythia-2.8b,806,2.782831,52.429,2.3492,2.34925384452,5.38445229292e-05,False
m0_current,EleutherAI/pythia-2.8b,807,2.782831,54.526,2.3448,2.34478366277,-1.63372287223e-05,False
m0_current,EleutherAI/pythia-2.8b,808,2.782831,56.623,2.3405,2.34052827285,2.82728548737e-05,False
m0_current,EleutherAI/pythia-2.8b,809,2.782831,58.72,2.3366,2.33646995409,-0.000130045912259,False
m0_current,EleutherAI/pythia-2.8b,810,2.782831,60.817,2.3325,2.33259301572,9.30157212942e-05,False
m0_current,EleutherAI/pythia-2.8b,811,2.782831,62.915,2.3288,2.32888177268,8.17726761895e-05,False
m0_current,EleutherAI/pythia-2.8b,812,2.782831,65.012,2.3253,2.32532729825,2.72982497256e-05,False
m0_current,EleutherAI/pythia-2.8b,813,2.782831,67.109,2.3221,2.32191661715,-0.000183382853431,False
m0_current,EleutherAI/pythia-2.8b,814,2.782831,69.206,2.3186,2.31863968428,3.96842762038e-05,False
m0_current,EleutherAI/pythia-2.8b,815,2.782831,71.303,2.3156,2.31548743411,-0.000112565893656,False
m0_current,EleutherAI/pythia-2.8b,816,2.782831,73.4,2.3123,2.31245165961,0.000151659609303,False
m0_current,EleutherAI/pythia-2.8b,817,2.782831,75.497,2.3095,2.30952490915,2.49091464433e-05,False
m0_current,EleutherAI/pythia-2.8b,818,2.782831,77.595,2.3068,2.30669907467,-0.000100925331915,False
m0_current,EleutherAI/pythia-2.8b,819,2.782831,79.692,2.304,2.30397065444,-2.93455577762e-05,False
m0_current,EleutherAI/pythia-2.8b,820,2.782831,81.789,2.3014,2.30133261045,-6.73895477488e-05,False
m0_current,EleutherAI/pythia-2.8b,821,2.782831,83.886,2.2987,2.29877974443,7.97444265315e-05,False
m0_current,EleutherAI/pythia-2.8b,822,2.782831,85.983,2.2964,2.29630727766,-9.27223365719e-05,False
m0_current,EleutherAI/pythia-2.8b,823,2.782831,88.08,2.2941,2.2939108079,-0.000189192098786,False
m0_current,EleutherAI/pythia-2.8b,824,2.782831,90.178,2.2915,2.29158517957,8.51795741692e-05,False
m0_current,EleutherAI/pythia-2.8b,825,2.782831,92.275,2.2893,2.28932885008,2.88500766898e-05,False
m0_current,EleutherAI/pythia-2.8b,826,2.782831,94.372,2.2873,2.28713721217,-0.000162787831643,False
m0_current,EleutherAI/pythia-2.8b,827,2.782831,96.469,2.2851,2.28500703419,-9.29658142144e-05,False
m0_current,EleutherAI/pythia-2.8b,828,2.782831,98.566,2.2829,2.28293531174,3.53117391394e-05,False
m0_current,EleutherAI/pythia-2.8b,829,2.782831,100.663,2.2809,2.28091924729,1.92472927334e-05,False
m0_current,EleutherAI/pythia-2.8b,830,2.782831,102.76,2.2789,2.27895623196,5.62319623927e-05,False
m0_current,EleutherAI/pythia-2.8b,831,2.782831,104.858,2.2769,2.27704292898,0.000142928983514,False
m0_current,EleutherAI/pythia-2.8b,832,2.782831,106.955,2.2751,2.27517888273,7.88827321712e-05,False
m0_current,EleutherAI/pythia-2.8b,833,2.782831,109.052,2.2733,2.27336103548,6.10354792032e-05,False
m0_current,EleutherAI/pythia-2.8b,834,2.782831,111.149,2.2715,2.2715873863,8.738630211e-05,False
m0_current,EleutherAI/pythia-2.8b,835,2.782831,113.246,2.2698,2.26985605663,5.60566300254e-05,False
m0_current,EleutherAI/pythia-2.8b,836,2.782831,115.343,2.2682,2.26816528066,-3.47193403387e-05,False
m0_current,EleutherAI/pythia-2.8b,837,2.782831,117.441,2.2666,2.26651261797,-8.73820309892e-05,False
m0_current,EleutherAI/pythia-2.8b,838,2.782831,119.538,2.2648,2.26489807794,9.80779394766e-05,False
m0_current,EleutherAI/pythia-2.8b,839,2.782831,121.635,2.2634,2.26331938733,-8.06126667054e-05,False
m0_current,EleutherAI/pythia-2.8b,840,2.782831,123.732,2.2617,2.26177515237,7.51523671561e-05,False
m0_current,EleutherAI/pythia-2.8b,841,2.782831,125.829,2.2603,2.26026405591,-3.59440912634e-05,False
m0_current,EleutherAI/pythia-2.8b,842,2.782831,127.926,2.2588,2.25878485207,-1.51479333268e-05,False
m0_current,EleutherAI/pythia-2.8b,843,2.782831,130.023,2.2572,2.25733636124,0.00013636124396,False
m0_current,EleutherAI/pythia-2.8b,844,2.782831,132.121,2.2559,2.25591679587,1.67958661774e-05,False
m0_current,EleutherAI/pythia-2.8b,845,2.782831,134.218,2.2545,2.25452644856,2.64485594887e-05,False
m0_current,EleutherAI/pythia-2.8b,846,2.782831,136.315,2.2532,2.25316362933,-3.63706742612e-05,False
m0_current,EleutherAI/pythia-2.8b,847,2.782831,138.412,2.2518,2.25182738205,2.73820517345e-05,False
m0_current,EleutherAI/pythia-2.8b,848,2.782831,140.509,2.2507,2.25051679768,-0.000183202318304,False
m0_current,EleutherAI/pythia-2.8b,849,2.782831,142.606,2.2492,2.24923101124,3.10112397233e-05,False
m0_current,EleutherAI/pythia-2.8b,850,2.782831,144.703,2.2479,2.24796919908,6.91990812909e-05,False
m0_current,EleutherAI/pythia-2.8b,851,2.782831,146.801,2.2467,2.2467299911,2.99911003672e-05,False
m0_current,EleutherAI/pythia-2.8b,852,2.782831,148.898,2.2455,2.24551381992,1.38199187276e-05,False
m0_current,EleutherAI/pythia-2.8b,853,2.782831,150.995,2.2443,2.24431937527,1.93752741229e-05,False
m0_current,EleutherAI/pythia-2.8b,854,2.782831,153.092,2.2432,2.24314597528,-5.40247216363e-05,False
m0_current,EleutherAI/pythia-2.8b,855,2.782831,155.189,2.2421,2.24199296841,-0.000107031586479,False
m0_current,EleutherAI/pythia-2.8b,856,2.782831,157.286,2.2408,2.24085973179,5.97317905076e-05,False
m0_current,EleutherAI/pythia-2.8b,857,2.782831,159.384,2.2397,2.23974514275,4.51427467389e-05,False
m0_current,EleutherAI/pythia-2.8b,858,2.782831,161.481,2.2387,2.23864969321,-5.03067927418e-05,False
m0_current,EleutherAI/pythia-2.8b,859,2.782831,163.578,2.2375,2.23757230111,7.23011106745e-05,False
m0_current,EleutherAI/pythia-2.8b,860,2.782831,165.675,2.2366,2.23651244297,-8.75570331931e-05,False
m0_current,EleutherAI/pythia-2.8b,861,2.782831,167.772,2.2355,2.23546961684,-3.03831557993e-05,False
m0_current,EleutherAI/pythia-2.8b,862,2.782831,169.869,2.2343,2.23444334123,0.000143341225939,False
m0_current,EleutherAI/pythia-2.8b,863,2.782831,171.966,2.2336,2.23343315394,-0.000166846060542,False
m0_current,EleutherAI/pythia-2.8b,864,2.782831,174.064,2.2326,2.23243814055,-0.000161859451111,False
m0_current,EleutherAI/pythia-2.8b,865,2.782831,176.161,2.2314,2.231458823,5.8822997866e-05,False
m0_current,EleutherAI/pythia-2.8b,866,2.782831,178.258,2.2305,2.23049431343,-5.68657124722e-06,False
m0_current,EleutherAI/pythia-2.8b,867,2.782831,180.355,2.2296,2.22954421764,-5.57823551053e-05,False
m0_current,EleutherAI/pythia-2.8b,868,2.782831,182.452,2.2286,2.22860815637,8.15637199603e-06,False
m0_current,EleutherAI/pythia-2.8b,869,2.782831,184.549,2.2277,2.22768576453,-1.42354705872e-05,False
m0_current,EleutherAI/pythia-2.8b,870,2.782831,186.647,2.2269,2.22677626016,-0.000123739844238,False
m0_current,EleutherAI/pythia-2.8b,871,2.782831,188.744,2.2259,2.22588017143,-1.98285691244e-05,False
m0_current,EleutherAI/pythia-2.8b,872,2.782831,190.841,2.2249,2.22499673525,9.67352493952e-05,False
m0_current,EleutherAI/pythia-2.8b,873,2.782831,192.938,2.224,2.22412563685,0.000125636847543,False
m0_current,EleutherAI/pythia-2.8b,874,2.782831,195.035,2.2232,2.22326657261,6.65726051827e-05,False
m0_current,EleutherAI/pythia-2.8b,875,2.782831,197.132,2.2224,2.22241924954,1.9249536507e-05,False
m0_current,EleutherAI/pythia-2.8b,876,2.782831,199.229,2.2217,2.22158338481,-0.00011661519086,False
m0_current,EleutherAI/pythia-2.8b,877,2.782831,201.327,2.2207,2.22075831465,5.83146493405e-05,False
m0_current,EleutherAI/pythia-2.8b,878,2.782831,203.424,2.22,2.21994456162,-5.54383791771e-05,False
m0_current,EleutherAI/pythia-2.8b,879,2.782831,205.521,2.2191,2.21914147482,4.14748165403e-05,False
m0_current,EleutherAI/pythia-2.8b,880,2.782831,207.618,2.2184,2.21834880772,-5.11922813438e-05,False
m0_current,EleutherAI/pythia-2.8b,881,2.782831,209.715,2.2178,2.21756632192,-0.000233678076313,False
m0_current,EleutherAI/pythia-2.8b,882,2.782831,211.812,2.2168,2.2167937868,-6.21320256489e-06,False
m0_current,EleutherAI/pythia-2.8b,883,2.782831,213.91,2.216,2.21603061767,3.0617672298e-05,False
m0_current,EleutherAI/pythia-2.8b,884,2.782831,216.007,2.2154,2.21527732592,-0.000122674075534,False
m0_current,EleutherAI/pythia-2.8b,885,2.782831,218.104,2.2146,2.21453333627,-6.66637279623e-05,False
m0_current,EleutherAI/pythia-2.8b,886,2.782831,220.201,2.214,2.21379844605,-0.000201553947103,False
m0_current,EleutherAI/pythia-2.8b,887,2.782831,222.298,2.2131,2.2130724589,-2.75411031727e-05,False
m0_current,EleutherAI/pythia-2.8b,888,2.782831,224.395,2.2123,2.21235518447,5.51844730055e-05,False
m0_current,EleutherAI/pythia-2.8b,889,2.782831,226.492,2.2117,2.21164643825,-5.35617501218e-05,False
m0_current,EleutherAI/pythia-2.8b,890,2.782831,228.59,2.211,2.21094570923,-5.42907689201e-05,False
m0_current,EleutherAI/pythia-2.8b,891,2.782831,230.687,2.2103,2.21025349174,-4.65082613585e-05,False
m0_current,EleutherAI/pythia-2.8b,892,2.782831,232.784,2.2096,2.20956928134,-3.07186614279e-05,False
m0_current,EleutherAI/pythia-2.8b,893,2.782831,234.881,2.209,2.20889291452,-0.000107085478888,False
m0_current,EleutherAI/pythia-2.8b,894,2.782831,236.978,2.2083,2.20822423254,-7.57674626146e-05,False
m0_current,EleutherAI/pythia-2.8b,895,2.782831,239.075,2.2077,2.20756308122,-0.000136918779894,False
m0_current,EleutherAI/pythia-2.8b,896,2.782831,241.172,2.207,2.20690931081,-9.06891874619e-05,False
m0_current,EleutherAI/pythia-2.8b,897,2.782831,243.27,2.2063,2.20626246919,-3.75308056464e-05,False
m0_current,EleutherAI/pythia-2.8b,898,2.782831,245.367,2.2056,2.20562303152,2.30315192686e-05,False
m0_current,EleutherAI/pythia-2.8b,899,2.782831,247.464,2.2051,2.20499055029,-0.000109449713385,False
m0_current,EleutherAI/pythia-2.8b,900,2.782831,249.561,2.2043,2.20436489182,6.48918232873e-05,False
m0_current,EleutherAI/pythia-2.8b,901,2.782831,251.658,2.2038,2.20374592612,-5.40738794133e-05,False
m0_current,EleutherAI/pythia-2.8b,902,2.782831,253.755,2.2031,2.2031335267,3.35267042222e-05,False
m0_current,EleutherAI/pythia-2.8b,903,2.782831,255.853,2.2025,2.20252728306,2.72830644339e-05,False
m0_current,EleutherAI/pythia-2.8b,904,2.782831,257.95,2.202,2.20192765331,-7.23466934867e-05,False
m0_current,EleutherAI/pythia-2.8b,905,2.782831,260.047,2.2014,2.20133423035,-6.57696533706e-05,False
m0_current,EleutherAI/pythia-2.8b,906,2.782831,262.144,2.2008,2.20074690066,-5.309934176e-05,False
m0_current,EleutherAI/pythia-2.8b,907,2.782831,264.241,2.2001,2.20016555368,6.5553678299e-05,False
m0_current,EleutherAI/pythia-2.8b,908,2.782831,266.338,2.1997,2.19959008171,-0.000109918292895,False
m0_current,EleutherAI/pythia-2.8b,909,2.782831,268.435,2.1991,2.19902037981,-7.96201877007e-05,False
m0_current,EleutherAI/pythia-2.8b,910,2.782831,270.533,2.1986,2.1984560781,-0.000143921899002,False
m0_current,EleutherAI/pythia-2.8b,911,2.782831,272.63,2.1979,2.19789761481,-2.38519340368e-06,False
m0_current,EleutherAI/pythia-2.8b,912,2.782831,274.727,2.1974,2.19734462245,-5.53775522882e-05,False
m0_current,EleutherAI/pythia-2.8b,913,2.782831,276.824,2.1968,2.19679700628,-2.99372156753e-06,False
m0_current,EleutherAI/pythia-2.8b,914,2.782831,278.921,2.1964,2.1962546739,-0.000145326104434,False
m0_current,EleutherAI/pythia-2.8b,915,2.782831,281.018,2.1957,2.19571753516,1.75351636145e-05,False
m0_current,EleutherAI/pythia-2.8b,916,2.782831,283.116,2.1952,2.19518524964,-1.47503645755e-05,False
m0_current,EleutherAI/pythia-2.8b,917,2.782831,285.213,2.1947,2.19465823889,-4.17611143e-05,False
m0_current,EleutherAI/pythia-2.8b,918,2.782831,287.31,2.1942,2.19413616424,-6.38357597968e-05,False
m0_current,EleutherAI/pythia-2.8b,919,2.782831,289.407,2.1936,2.19361894394,1.89439417637e-05,False
m0_current,EleutherAI/pythia-2.8b,920,2.782831,291.504,2.1931,2.19310649817,6.49816727671e-06,False
m0_current,EleutherAI/pythia-2.8b,921,2.782831,293.601,2.1927,2.19259874897,-0.000101251031575,False
m0_current,EleutherAI/pythia-2.8b,922,2.782831,295.698,2.192,2.19209562021,9.56202146307e-05,False
m0_current,EleutherAI/pythia-2.8b,923,2.782831,297.796,2.1916,2.19159680085,-3.19914900748e-06,False
m0_current,EleutherAI/pythia-2.8b,924,2.782831,299.893,2.1911,2.19110269371,2.69371013317e-06,False
m0_no_floor,EleutherAI/pythia-2.8b,778,2.782831,0.134,4.1162,4.12610872228,0.00990872228285,False
m0_no_floor,EleutherAI/pythia-2.8b,779,2.782831,0.268,3.7324,3.74990244328,0.0175024432834,False
m0_no_floor,EleutherAI/pythia-2.8b,780,2.782831,0.537,3.4164,3.43774263825,0.0213426382543,False
m0_no_floor,EleutherAI/pythia-2.8b,781,2.782831,1.074,3.1558,3.18011741429,0.0243174142866,False
m0_no_floor,EleutherAI/pythia-2.8b,782,2.782831,2.097,2.9476,2.97360972192,0.0260097219249,False
m0_no_floor,EleutherAI/pythia-2.8b,783,2.782831,4.194,2.7702,2.79593813334,0.0257381333414,False
m0_no_floor,EleutherAI/pythia-2.8b,784,2.782831,6.291,2.6811,2.70655587914,0.0254558791441,False
m0_no_floor,EleutherAI/pythia-2.8b,785,2.782831,8.389,2.6238,2.64885007927,0.0250500792705,False
m0_no_floor,EleutherAI/pythia-2.8b,786,2.782831,10.486,2.5824,2.60712866734,0.0247286673363,False
m0_no_floor,EleutherAI/pythia-2.8b,787,2.782831,12.583,2.5504,2.57487447883,0.02447447883,False
m0_no_floor,EleutherAI/pythia-2.8b,788,2.782831,14.68,2.5246,2.54882737399,0.024227373992,False
m0_no_floor,EleutherAI/pythia-2.8b,789,2.782831,16.777,2.503,2.52713256463,0.0241325646263,False
m0_no_floor,EleutherAI/pythia-2.8b,790,2.782831,18.874,2.4846,2.50864119768,0.024041197681,False
m0_no_floor,EleutherAI/pythia-2.8b,791,2.782831,20.972,2.469,2.49258876277,0.0235887627659,False
m0_no_floor,EleutherAI/pythia-2.8b,792,2.782831,23.069,2.455,2.47846670633,0.0234667063325,False
m0_no_floor,EleutherAI/pythia-2.8b,793,2.782831,25.166,2.4427,2.46589082665,0.0231908266536,False
m0_no_floor,EleutherAI/pythia-2.8b,794,2.782831,27.263,2.4313,2.45458266992,0.0232826699152,False
m0_no_floor,EleutherAI/pythia-2.8b,795,2.782831,29.36,2.4212,2.4443307139,0.0231307139028,False
m0_no_floor,EleutherAI/pythia-2.8b,796,2.782831,31.457,2.4123,2.43497079552,0.0226707955198,False
m0_no_floor,EleutherAI/pythia-2.8b,797,2.782831,33.554,2.4037,2.42637315052,0.0226731505214,False
m0_no_floor,EleutherAI/pythia-2.8b,798,2.782831,35.652,2.396,2.41842992413,0.0224299241328,False
m0_no_floor,EleutherAI/pythia-2.8b,799,2.782831,37.749,2.3887,2.41106380237,0.0223638023677,False
m0_no_floor,EleutherAI/pythia-2.8b,800,2.782831,39.846,2.3819,2.40420091284,0.0223009128449,False
m0_no_floor,EleutherAI/pythia-2.8b,801,2.782831,41.943,2.3757,2.39778298271,0.0220829827103,False
m0_no_floor,EleutherAI/pythia-2.8b,802,2.782831,44.04,2.3697,2.39176098619,0.022060986186,False
m0_no_floor,EleutherAI/pythia-2.8b,803,2.782831,46.137,2.3642,2.38609331719,0.0218933171857,False
m0_no_floor,EleutherAI/pythia-2.8b,804,2.782831,48.234,2.3589,2.38074438792,0.0218443879206,False
m0_no_floor,EleutherAI/pythia-2.8b,805,2.782831,50.332,2.3539,2.37568119132,0.0217811913209,False
m0_no_floor,EleutherAI/pythia-2.8b,806,2.782831,52.429,2.3492,2.37088196064,0.0216819606408,False
m0_no_floor,EleutherAI/pythia-2.8b,807,2.782831,54.526,2.3448,2.36632102881,0.0215210288077,False
m0_no_floor,EleutherAI/pythia-2.8b,808,2.782831,56.623,2.3405,2.3619780584,0.0214780584018,False
m0_no_floor,EleutherAI/pythia-2.8b,809,2.782831,58.72,2.3366,2.35783512111,0.0212351211064,False
m0_no_floor,EleutherAI/pythia-2.8b,810,2.782831,60.817,2.3325,2.35387633812,0.0213763381248,False
m0_no_floor,EleutherAI/pythia-2.8b,811,2.782831,62.915,2.3288,2.35008581635,0.0212858163473,False
m0_no_floor,EleutherAI/pythia-2.8b,812,2.782831,65.012,2.3253,2.34645454893,0.0211545489347,False
m0_no_floor,EleutherAI/pythia-2.8b,813,2.782831,67.109,2.3221,2.34296938,0.0208693799953,False
m0_no_floor,EleutherAI/pythia-2.8b,814,2.782831,69.206,2.3186,2.33962013419,0.0210201341856,False
m0_no_floor,EleutherAI/pythia-2.8b,815,2.782831,71.303,2.3156,2.33639762637,0.0207976263728,False
m0_no_floor,EleutherAI/pythia-2.8b,816,2.782831,73.4,2.3123,2.33329353946,0.0209935394558,False
m0_no_floor,EleutherAI/pythia-2.8b,817,2.782831,75.497,2.3095,2.33030032027,0.0208003202678,False
m0_no_floor,EleutherAI/pythia-2.8b,818,2.782831,77.595,2.3068,2.32740973646,0.0206097364589,False
m0_no_floor,EleutherAI/pythia-2.8b,819,2.782831,79.692,2.304,2.32461826108,0.020618261081,False
m0_no_floor,EleutherAI/pythia-2.8b,820,2.782831,81.789,2.3014,2.32191874421,0.0205187442094,False
m0_no_floor,EleutherAI/pythia-2.8b,821,2.782831,83.886,2.2987,2.31930591262,0.0206059126189,False
m0_no_floor,EleutherAI/pythia-2.8b,822,2.782831,85.983,2.2964,2.31677491782,0.0203749178172,False
m0_no_floor,EleutherAI/pythia-2.8b,823,2.782831,88.08,2.2941,2.31432129245,0.0202212924527,False
m0_no_floor,EleutherAI/pythia-2.8b,824,2.782831,90.178,2.2915,2.31193979383,0.0204397938325,False
m0_no_floor,EleutherAI/pythia-2.8b,825,2.782831,92.275,2.2893,2.30962887571,0.0203288757113,False
m0_no_floor,EleutherAI/pythia-2.8b,826,2.782831,94.372,2.2873,2.30738385063,0.0200838506265,False
m0_no_floor,EleutherAI/pythia-2.8b,827,2.782831,96.469,2.2851,2.30520143693,0.0201014369282,False
m0_no_floor,EleutherAI/pythia-2.8b,828,2.782831,98.566,2.2829,2.30307858327,0.0201785832715,False
m0_no_floor,EleutherAI/pythia-2.8b,829,2.782831,100.663,2.2809,2.30101244796,0.0201124479582,False
m0_no_floor,EleutherAI/pythia-2.8b,830,2.782831,102.76,2.2789,2.29900038052,0.0201003805175,False
m0_no_floor,EleutherAI/pythia-2.8b,831,2.782831,104.858,2.2769,2.29703898228,0.0201389822812,False
m0_no_floor,EleutherAI/pythia-2.8b,832,2.782831,106.955,2.2751,2.29512780646,0.0200278064556,False
m0_no_floor,EleutherAI/pythia-2.8b,833,2.782831,109.052,2.2733,2.29326373719,0.0199637371943,False
m0_no_floor,EleutherAI/pythia-2.8b,834,2.782831,111.149,2.2715,2.29144474051,0.0199447405065,False
m0_no_floor,EleutherAI/pythia-2.8b,835,2.782831,113.246,2.2698,2.28966890651,0.0198689065132,False
m0_no_floor,EleutherAI/pythia-2.8b,836,2.782831,115.343,2.2682,2.28793443974,0.0197344397407,False
m0_no_floor,EleutherAI/pythia-2.8b,837,2.782831,117.441,2.2666,2.28623885135,0.0196388513452,False
m0_no_floor,EleutherAI/pythia-2.8b,838,2.782831,119.538,2.2648,2.2845821649,0.0197821648973,False
m0_no_floor,EleutherAI/pythia-2.8b,839,2.782831,121.635,2.2634,2.28296206112,0.0195620611226,False
m0_no_floor,EleutherAI/pythia-2.8b,840,2.782831,123.732,2.2617,2.28137712209,0.0196771220894,False
m0_no_floor,EleutherAI/pythia-2.8b,841,2.782831,125.829,2.2603,2.27982600768,0.0195260076803,False
m0_no_floor,EleutherAI/pythia-2.8b,842,2.782831,127.926,2.2588,2.27830745011,0.0195074501089,False
m0_no_floor,EleutherAI/pythia-2.8b,843,2.782831,130.023,2.2572,2.27682024891,0.0196202489054,False
m0_no_floor,EleutherAI/pythia-2.8b,844,2.782831,132.121,2.2559,2.27536257857,0.0194625785657,False
m0_no_floor,EleutherAI/pythia-2.8b,845,2.782831,134.218,2.2545,2.27393474902,0.0194347490229,False
m0_no_floor,EleutherAI/pythia-2.8b,846,2.782831,136.315,2.2532,2.27253503381,0.0193350338078,False
m0_no_floor,EleutherAI/pythia-2.8b,847,2.782831,138.412,2.2518,2.27116245944,0.0193624594446,False
m0_no_floor,EleutherAI/pythia-2.8b,848,2.782831,140.509,2.2507,2.26981610027,0.019116100268,False
m0_no_floor,EleutherAI/pythia-2.8b,849,2.782831,142.606,2.2492,2.2684950754,0.0192950754027,False
m0_no_floor,EleutherAI/pythia-2.8b,850,2.782831,144.703,2.2479,2.26719854598,0.0192985459754,False
m0_no_floor,EleutherAI/pythia-2.8b,851,2.782831,146.801,2.2467,2.26592511109,0.0192251110891,False
m0_no_floor,EleutherAI/pythia-2.8b,852,2.782831,148.898,2.2455,2.26467522199,0.0191752219917,False
m0_no_floor,EleutherAI/pythia-2.8b,853,2.782831,150.995,2.2443,2.26344753856,0.0191475385577,False
m0_no_floor,EleutherAI/pythia-2.8b,854,2.782831,153.092,2.2432,2.26224136601,0.0190413660058,False
m0_no_floor,EleutherAI/pythia-2.8b,855,2.782831,155.189,2.2421,2.26105604043,0.0189560404338,False
m0_no_floor,EleutherAI/pythia-2.8b,856,2.782831,157.286,2.2408,2.25989092705,0.0190909270501,False
m0_no_floor,EleutherAI/pythia-2.8b,857,2.782831,159.384,2.2397,2.25874487685,0.0190448768527,False
m0_no_floor,EleutherAI/pythia-2.8b,858,2.782831,161.481,2.2387,2.25761840074,0.0189184007437,False
m0_no_floor,EleutherAI/pythia-2.8b,859,2.782831,163.578,2.2375,2.25651039097,0.019010390967,False
m0_no_floor,EleutherAI/pythia-2.8b,860,2.782831,165.675,2.2366,2.25542031383,0.0188203138279,False
m0_no_floor,EleutherAI/pythia-2.8b,861,2.782831,167.772,2.2355,2.25434765756,0.0188476575638,False
m0_no_floor,EleutherAI/pythia-2.8b,862,2.782831,169.869,2.2343,2.25329193118,0.0189919311823,False
m0_no_floor,EleutherAI/pythia-2.8b,863,2.782831,171.966,2.2336,2.25225266337,0.018652663374,False
m0_no_floor,EleutherAI/pythia-2.8b,864,2.782831,174.064,2.2326,2.25122891728,0.0186289172784,False
m0_no_floor,EleutherAI/pythia-2.8b,865,2.782831,176.161,2.2314,2.25022123372,0.0188212337202,False
m0_no_floor,EleutherAI/pythia-2.8b,866,2.782831,178.258,2.2305,2.24922870285,0.0187287028486,False
m0_no_floor,EleutherAI/pythia-2.8b,867,2.782831,180.355,2.2296,2.24825092253,0.0186509225348,False
m0_no_floor,EleutherAI/pythia-2.8b,868,2.782831,182.452,2.2286,2.24728750584,0.0186875058403,False
m0_no_floor,EleutherAI/pythia-2.8b,869,2.782831,184.549,2.2277,2.24633808028,0.0186380802762,False
m0_no_floor,EleutherAI/pythia-2.8b,870,2.782831,186.647,2.2269,2.24540184405,0.01850184405,False
m0_no_floor,EleutherAI/pythia-2.8b,871,2.782831,188.744,2.2259,2.24447934389,0.0185793438923,False
m0_no_floor,EleutherAI/pythia-2.8b,872,2.782831,190.841,2.2249,2.24356979718,0.0186697971766,False
m0_no_floor,EleutherAI/pythia-2.8b,873,2.782831,192.938,2.224,2.24267288265,0.0186728826484,False
m0_no_floor,EleutherAI/pythia-2.8b,874,2.782831,195.035,2.2232,2.2417882904,0.0185882904022,False
m0_no_floor,EleutherAI/pythia-2.8b,875,2.782831,197.132,2.2224,2.24091572136,0.018515721364,False
m0_no_floor,EleutherAI/pythia-2.8b,876,2.782831,199.229,2.2217,2.2400548868,0.018354886802,False
m0_no_floor,EleutherAI/pythia-2.8b,877,2.782831,201.327,2.2207,2.23920510551,0.0185051055094,False
m0_no_floor,EleutherAI/pythia-2.8b,878,2.782831,203.424,2.22,2.23836691806,0.0183669180602,False
m0_no_floor,EleutherAI/pythia-2.8b,879,2.782831,205.521,2.2191,2.23753965633,0.0184396563274,False
m0_no_floor,EleutherAI/pythia-2.8b,880,2.782831,207.618,2.2184,2.23672306858,0.0183230685762,False
m0_no_floor,EleutherAI/pythia-2.8b,881,2.782831,209.715,2.2178,2.23591691134,0.0181169113399,False
m0_no_floor,EleutherAI/pythia-2.8b,882,2.782831,211.812,2.2168,2.23512094907,0.0183209490692,False
m0_no_floor,EleutherAI/pythia-2.8b,883,2.782831,213.91,2.216,2.23433458132,0.0183345813228,False
m0_no_floor,EleutherAI/pythia-2.8b,884,2.782831,216.007,2.2154,2.23355833695,0.0181583369543,False
m0_no_floor,EleutherAI/pythia-2.8b,885,2.782831,218.104,2.2146,2.23279162506,0.0181916250634,False
m0_no_floor,EleutherAI/pythia-2.8b,886,2.782831,220.201,2.214,2.23203423861,0.0180342386111,False
m0_no_floor,EleutherAI/pythia-2.8b,887,2.782831,222.298,2.2131,2.23128597697,0.0181859769722,False
m0_no_floor,EleutherAI/pythia-2.8b,888,2.782831,224.395,2.2123,2.23054664568,0.0182466456785,False
m0_no_floor,EleutherAI/pythia-2.8b,889,2.782831,226.492,2.2117,2.22981605617,0.0181160561745,False
m0_no_floor,EleutherAI/pythia-2.8b,890,2.782831,228.59,2.211,2.22909368328,0.0180936832822,False
m0_no_floor,EleutherAI/pythia-2.8b,891,2.782831,230.687,2.2103,2.22838003815,0.0180800381457,False
m0_no_floor,EleutherAI/pythia-2.8b,892,2.782831,232.784,2.2096,2.22767460226,0.0180746022575,False
m0_no_floor,EleutherAI/pythia-2.8b,893,2.782831,234.881,2.209,2.2269772085,0.0179772084984,False
m0_no_floor,EleutherAI/pythia-2.8b,894,2.782831,236.978,2.2083,2.2262876946,0.0179876946046,False
m0_no_floor,EleutherAI/pythia-2.8b,895,2.782831,239.075,2.2077,2.22560590299,0.0179059029856,False
m0_no_floor,EleutherAI/pythia-2.8b,896,2.782831,241.172,2.207,2.22493168055,0.0179316805495,False
m0_no_floor,EleutherAI/pythia-2.8b,897,2.782831,243.27,2.2063,2.22426456231,0.0179645623051,False
m0_no_floor,EleutherAI/pythia-2.8b,898,2.782831,245.367,2.2056,2.22360503957,0.018005039567,False
m0_no_floor,EleutherAI/pythia-2.8b,899,2.782831,247.464,2.2051,2.22295265204,0.0178526520383,False
m0_no_floor,EleutherAI/pythia-2.8b,900,2.782831,249.561,2.2043,2.22230726304,0.0180072630352,False
m0_no_floor,EleutherAI/pythia-2.8b,901,2.782831,251.658,2.2038,2.22166873961,0.0178687396128,False
m0_no_floor,EleutherAI/pythia-2.8b,902,2.782831,253.755,2.2031,2.22103695243,0.0179369524329,False
m0_no_floor,EleutherAI/pythia-2.8b,903,2.782831,255.853,2.2025,2.22041147907,0.017911479065,False
m0_no_floor,EleutherAI/pythia-2.8b,904,2.782831,257.95,2.202,2.21979279322,0.0177927932181,False
m0_no_floor,EleutherAI/pythia-2.8b,905,2.782831,260.047,2.2014,2.21918047594,0.0177804759415,False
m0_no_floor,EleutherAI/pythia-2.8b,906,2.782831,262.144,2.2008,2.21857441111,0.0177744111106,False
m0_no_floor,EleutherAI/pythia-2.8b,907,2.782831,264.241,2.2001,2.21797448563,0.0178744856256,False
m0_no_floor,EleutherAI/pythia-2.8b,908,2.782831,266.338,2.1997,2.21738058931,0.0176805893093,False
m0_no_floor,EleutherAI/pythia-2.8b,909,2.782831,268.435,2.1991,2.21679261481,0.0176926148097,False
m0_no_floor,EleutherAI/pythia-2.8b,910,2.782831,270.533,2.1986,2.21621018126,0.0176101812627,False
m0_no_floor,EleutherAI/pythia-2.8b,911,2.782831,272.63,2.1979,2.21563374188,0.0177337418758,False
m0_no_floor,EleutherAI/pythia-2.8b,912,2.782831,274.727,2.1974,2.21506291823,0.0176629182325,False
m0_no_floor,EleutherAI/pythia-2.8b,913,2.782831,276.824,2.1968,2.21449761338,0.0176976133804,False
m0_no_floor,EleutherAI/pythia-2.8b,914,2.782831,278.921,2.1964,2.21393773276,0.0175377327594,False
m0_no_floor,EleutherAI/pythia-2.8b,915,2.782831,281.018,2.1957,2.21338318412,0.0176831841249,False
m0_no_floor,EleutherAI/pythia-2.8b,916,2.782831,283.116,2.1952,2.21283361676,0.0176336167623,False
m0_no_floor,EleutherAI/pythia-2.8b,917,2.782831,285.213,2.1947,2.2122894667,0.0175894667027,False
m0_no_floor,EleutherAI/pythia-2.8b,918,2.782831,287.31,2.1942,2.21175038503,0.0175503850288,False
m0_no_floor,EleutherAI/pythia-2.8b,919,2.782831,289.407,2.1936,2.21121628805,0.0176162880529,False
m0_no_floor,EleutherAI/pythia-2.8b,920,2.782831,291.504,2.1931,2.21068709406,0.0175870940624,False
m0_no_floor,EleutherAI/pythia-2.8b,921,2.782831,293.601,2.1927,2.21016272326,0.01746272326,False
m0_no_floor,EleutherAI/pythia-2.8b,922,2.782831,295.698,2.192,2.20964309771,0.0176430977052,False
m0_no_floor,EleutherAI/pythia-2.8b,923,2.782831,297.796,2.1916,2.20912789679,0.0175278967921,False
m0_no_floor,EleutherAI/pythia-2.8b,924,2.782831,299.893,2.1911,2.20861753723,0.017517537234,False
m0_shared_exponent,EleutherAI/pythia-2.8b,778,2.782831,0.134,4.1162,4.14499178155,0.0287917815528,False
m0_shared_exponent,EleutherAI/pythia-2.8b,779,2.782831,0.268,3.7324,3.74378672018,0.0113867201755,False
m0_shared_exponent,EleutherAI/pythia-2.8b,780,2.782831,0.537,3.4164,3.41588562861,-0.000514371385284,False
m0_shared_exponent,EleutherAI/pythia-2.8b,781,2.782831,1.074,3.1558,3.14933566668,-0.00646433331891,False
m0_shared_exponent,EleutherAI/pythia-2.8b,782,2.782831,2.097,2.9476,2.93882857103,-0.00877142896592,False
m0_shared_exponent,EleutherAI/pythia-2.8b,783,2.782831,4.194,2.7702,2.76038397657,-0.00981602343009,False
m0_shared_exponent,EleutherAI/pythia-2.8b,784,2.782831,6.291,2.6811,2.67169648198,-0.00940351802395,False
m0_shared_exponent,EleutherAI/pythia-2.8b,785,2.782831,8.389,2.6238,2.61487289994,-0.00892710005701,False
m0_shared_exponent,EleutherAI/pythia-2.8b,786,2.782831,10.486,2.5824,2.57401832041,-0.00838167958604,False
m0_shared_exponent,EleutherAI/pythia-2.8b,787,2.782831,12.583,2.5504,2.5425738814,-0.00782611860049,False
m0_shared_exponent,EleutherAI/pythia-2.8b,788,2.782831,14.68,2.5246,2.51727382531,-0.00732617468626,False
m0_shared_exponent,EleutherAI/pythia-2.8b,789,2.782831,16.777,2.503,2.49626731004,-0.00673268995516,False
m0_shared_exponent,EleutherAI/pythia-2.8b,790,2.782831,18.874,2.4846,2.47841164548,-0.00618835451945,False
m0_shared_exponent,EleutherAI/pythia-2.8b,791,2.782831,20.972,2.469,2.46294877193,-0.00605122807454,False
m0_shared_exponent,EleutherAI/pythia-2.8b,792,2.782831,23.069,2.455,2.44937513801,-0.00562486199026,False
m0_shared_exponent,EleutherAI/pythia-2.8b,793,2.782831,25.166,2.4427,2.43731165472,-0.0053883452808,False
m0_shared_exponent,EleutherAI/pythia-2.8b,794,2.782831,27.263,2.4313,2.42648399203,-0.00481600797138,False
m0_shared_exponent,EleutherAI/pythia-2.8b,795,2.782831,29.36,2.4212,2.41668414399,-0.00451585601164,False
m0_shared_exponent,EleutherAI/pythia-2.8b,796,2.782831,31.457,2.4123,2.40775095032,-0.00454904967891,False
m0_shared_exponent,EleutherAI/pythia-2.8b,797,2.782831,33.554,2.4037,2.39955722073,-0.00414277927449,False
m0_shared_exponent,EleutherAI/pythia-2.8b,798,2.782831,35.652,2.396,2.39199749545,-0.00400250454786,False
m0_shared_exponent,EleutherAI/pythia-2.8b,799,2.782831,37.749,2.3887,2.38499601474,-0.00370398525679,False
m0_shared_exponent,EleutherAI/pythia-2.8b,800,2.782831,39.846,2.3819,2.37848076374,-0.00341923625621,False
m0_shared_exponent,EleutherAI/pythia-2.8b,801,2.782831,41.943,2.3757,2.37239493037,-0.00330506962685,False
m0_shared_exponent,EleutherAI/pythia-2.8b,802,2.782831,44.04,2.3697,2.36669077296,-0.00300922703827,False
m0_shared_exponent,EleutherAI/pythia-2.8b,803,2.782831,46.137,2.3642,2.36132781957,-0.00287218042864,False
m0_shared_exponent,EleutherAI/pythia-2.8b,804,2.782831,48.234,2.3589,2.35627148861,-0.00262851139465,False
m0_shared_exponent,EleutherAI/pythia-2.8b,805,2.782831,50.332,2.3539,2.35148980108,-0.00241019891778,False
m0_shared_exponent,EleutherAI/pythia-2.8b,806,2.782831,52.429,2.3492,2.34696152407,-0.0022384759344,False
m0_shared_exponent,EleutherAI/pythia-2.8b,807,2.782831,54.526,2.3448,2.3426618472,-0.00213815279989,False
m0_shared_exponent,EleutherAI/pythia-2.8b,808,2.782831,56.623,2.3405,2.33857108175,-0.00192891825044,False
m0_shared_exponent,EleutherAI/pythia-2.8b,809,2.782831,58.72,2.3366,2.33467188584,-0.00192811416305,False
m0_shared_exponent,EleutherAI/pythia-2.8b,810,2.782831,60.817,2.3325,2.3309489125,-0.00155108749895,False
m0_shared_exponent,EleutherAI/pythia-2.8b,811,2.782831,62.915,2.3288,2.32738685957,-0.00141314042645,False
m0_shared_exponent,EleutherAI/pythia-2.8b,812,2.782831,65.012,2.3253,2.32397694382,-0.00132305617545,False
m0_shared_exponent,EleutherAI/pythia-2.8b,813,2.782831,67.109,2.3221,2.32070652352,-0.00139347648285,False
m0_shared_exponent,EleutherAI/pythia-2.8b,814,2.782831,69.206,2.3186,2.31756579327,-0.0010342067311,False
m0_shared_exponent,EleutherAI/pythia-2.8b,815,2.782831,71.303,2.3156,2.31454590795,-0.00105409205216,False
m0_shared_exponent,EleutherAI/pythia-2.8b,816,2.782831,73.4,2.3123,2.31163886362,-0.00066113637646,False
m0_shared_exponent,EleutherAI/pythia-2.8b,817,2.782831,75.497,2.3095,2.3088373962,-0.000662603795459,False
m0_shared_exponent,EleutherAI/pythia-2.8b,818,2.782831,77.595,2.3068,2.3061336286,-0.000666371395818,False
m0_shared_exponent,EleutherAI/pythia-2.8b,819,2.782831,79.692,2.304,2.30352410366,-0.000475896337035,False
m0_shared_exponent,EleutherAI/pythia-2.8b,820,2.782831,81.789,2.3014,2.30100199172,-0.000398008278542,False
m0_shared_exponent,EleutherAI/pythia-2.8b,821,2.782831,83.886,2.2987,2.29856223351,-0.000137766489945,False
m0_shared_exponent,EleutherAI/pythia-2.8b,822,2.782831,85.983,2.2964,2.29620017986,-0.000199820137068,False
m0_shared_exponent,EleutherAI/pythia-2.8b,823,2.782831,88.08,2.2941,2.29391154942,-0.000188450576005,False
m0_shared_exponent,EleutherAI/pythia-2.8b,824,2.782831,90.178,2.2915,2.29169134933,0.00019134933126,False
m0_shared_exponent,EleutherAI/pythia-2.8b,825,2.782831,92.275,2.2893,2.28953804232,0.000238042321117,False
m0_shared_exponent,EleutherAI/pythia-2.8b,826,2.782831,94.372,2.2873,2.28744717117,0.00014717116723,False
m0_shared_exponent,EleutherAI/pythia-2.8b,827,2.782831,96.469,2.2851,2.28541559731,0.000315597310951,False
m0_shared_exponent,EleutherAI/pythia-2.8b,828,2.782831,98.566,2.2829,2.28344040387,0.000540403872298,False
m0_shared_exponent,EleutherAI/pythia-2.8b,829,2.782831,100.663,2.2809,2.28151887567,0.000618875668029,False
m0_shared_exponent,EleutherAI/pythia-2.8b,830,2.782831,102.76,2.2789,2.2796484814,0.000748481404666,False
m0_shared_exponent,EleutherAI/pythia-2.8b,831,2.782831,104.858,2.2769,2.27782600037,0.000926000366845,False
m0_shared_exponent,EleutherAI/pythia-2.8b,832,2.782831,106.955,2.2751,2.27605095949,0.000950959487525,False
m0_shared_exponent,EleutherAI/pythia-2.8b,833,2.782831,109.052,2.2733,2.27432041009,0.00102041008747,False
m0_shared_exponent,EleutherAI/pythia-2.8b,834,2.782831,111.149,2.2715,2.27263241306,0.00113241305914,False
m0_shared_exponent,EleutherAI/pythia-2.8b,835,2.782831,113.246,2.2698,2.27098514838,0.00118514838122,False
m0_shared_exponent,EleutherAI/pythia-2.8b,836,2.782831,115.343,2.2682,2.26937690576,0.00117690575957,False
m0_shared_exponent,EleutherAI/pythia-2.8b,837,2.782831,117.441,2.2666,2.26780533575,0.0012053357548,False
m0_shared_exponent,EleutherAI/pythia-2.8b,838,2.782831,119.538,2.2648,2.26627042049,0.00147042049226,False
m0_shared_exponent,EleutherAI/pythia-2.8b,839,2.782831,121.635,2.2634,2.26476997329,0.00136997329152,False
m0_shared_exponent,EleutherAI/pythia-2.8b,840,2.782831,123.732,2.2617,2.26330264561,0.00160264561334,False
m0_shared_exponent,EleutherAI/pythia-2.8b,841,2.782831,125.829,2.2603,2.2618671634,0.00156716340407,False
m0_shared_exponent,EleutherAI/pythia-2.8b,842,2.782831,127.926,2.2588,2.26046232182,0.00166232182107,False
m0_shared_exponent,EleutherAI/pythia-2.8b,843,2.782831,130.023,2.2572,2.25908698041,0.00188698041113,False
m0_shared_exponent,EleutherAI/pythia-2.8b,844,2.782831,132.121,2.2559,2.257739423,0.00183942300193,False
m0_shared_exponent,EleutherAI/pythia-2.8b,845,2.782831,134.218,2.2545,2.25641990926,0.00191990926114,False
m0_shared_exponent,EleutherAI/pythia-2.8b,846,2.782831,136.315,2.2532,2.25512681788,0.00192681787829,False
m0_shared_exponent,EleutherAI/pythia-2.8b,847,2.782831,138.412,2.2518,2.25385922534,0.00205922533701,False
m0_shared_exponent,EleutherAI/pythia-2.8b,848,2.782831,140.509,2.2507,2.25261625377,0.00191625377249,False
m0_shared_exponent,EleutherAI/pythia-2.8b,849,2.782831,142.606,2.2492,2.25139706807,0.00219706807321,False
m0_shared_exponent,EleutherAI/pythia-2.8b,850,2.782831,144.703,2.2479,2.25020087321,0.0023008732064,False
m0_shared_exponent,EleutherAI/pythia-2.8b,851,2.782831,146.801,2.2467,2.24902635711,0.00232635710516,False
m0_shared_exponent,EleutherAI/pythia-2.8b,852,2.782831,148.898,2.2455,2.24787391704,0.00237391703955,False
m0_shared_exponent,EleutherAI/pythia-2.8b,853,2.782831,150.995,2.2443,2.24674229906,0.00244229905592,False
m0_shared_exponent,EleutherAI/pythia-2.8b,854,2.782831,153.092,2.2432,2.24563084551,0.00243084550997,False
m0_shared_exponent,EleutherAI/pythia-2.8b,855,2.782831,155.189,2.2421,2.24453892818,0.00243892817603,False
m0_shared_exponent,EleutherAI/pythia-2.8b,856,2.782831,157.286,2.2408,2.24346594655,0.00266594655465,False
m0_shared_exponent,EleutherAI/pythia-2.8b,857,2.782831,159.384,2.2397,2.24241082767,0.00271082767166,False
m0_shared_exponent,EleutherAI/pythia-2.8b,858,2.782831,161.481,2.2387,2.24137402749,0.00267402748689,False
m0_shared_exponent,EleutherAI/pythia-2.8b,859,2.782831,163.578,2.2375,2.24035451242,0.00285451242234,False
m0_shared_exponent,EleutherAI/pythia-2.8b,860,2.782831,165.675,2.2366,2.2393517782,0.00275177819733,False
m0_shared_exponent,EleutherAI/pythia-2.8b,861,2.782831,167.772,2.2355,2.23836534139,0.00286534138984,False
m0_shared_exponent,EleutherAI/pythia-2.8b,862,2.782831,169.869,2.2343,2.23739473833,0.0030947383258,False
m0_shared_exponent,EleutherAI/pythia-2.8b,863,2.782831,171.966,2.2336,2.23643952404,0.00283952404036,False
m0_shared_exponent,EleutherAI/pythia-2.8b,864,2.782831,174.064,2.2326,2.23549882643,0.002898826429,False
m0_shared_exponent,EleutherAI/pythia-2.8b,865,2.782831,176.161,2.2314,2.23457313169,0.00317313168772,False
m0_shared_exponent,EleutherAI/pythia-2.8b,866,2.782831,178.258,2.2305,2.23366159348,0.00316159348311,False
m0_shared_exponent,EleutherAI/pythia-2.8b,867,2.782831,180.355,2.2296,2.23276383257,0.00316383256563,False
m0_shared_exponent,EleutherAI/pythia-2.8b,868,2.782831,182.452,2.2286,2.23187948411,0.00327948410531,False
m0_shared_exponent,EleutherAI/pythia-2.8b,869,2.782831,184.549,2.2277,2.23100819699,0.00330819698525,False
m0_shared_exponent,EleutherAI/pythia-2.8b,870,2.782831,186.647,2.2269,2.2301492267,0.00324922669534,False
m0_shared_exponent,EleutherAI/pythia-2.8b,871,2.782831,188.744,2.2259,2.22930306631,0.00340306631135,False
m0_shared_exponent,EleutherAI/pythia-2.8b,872,2.782831,190.841,2.2249,2.2284689896,0.00356898959871,False
m0_shared_exponent,EleutherAI/pythia-2.8b,873,2.782831,192.938,2.224,2.22764669403,0.0036466940338,False
m0_shared_exponent,EleutherAI/pythia-2.8b,874,2.782831,195.035,2.2232,2.22683588785,0.00363588785042,False
m0_shared_exponent,EleutherAI/pythia-2.8b,875,2.782831,197.132,2.2224,2.22603628955,0.00363628954643,False
m0_shared_exponent,EleutherAI/pythia-2.8b,876,2.782831,199.229,2.2217,2.22524762742,0.00354762741809,False
m0_shared_exponent,EleutherAI/pythia-2.8b,877,2.782831,201.327,2.2207,2.22446927063,0.00376927062505,False
m0_shared_exponent,EleutherAI/pythia-2.8b,878,2.782831,203.424,2.22,2.22370170766,0.00370170766484,False
m0_shared_exponent,EleutherAI/pythia-2.8b,879,2.782831,205.521,2.2191,2.22294432016,0.00384432016414,False
m0_shared_exponent,EleutherAI/pythia-2.8b,880,2.782831,207.618,2.2184,2.22219687145,0.00379687145054,False
m0_shared_exponent,EleutherAI/pythia-2.8b,881,2.782831,209.715,2.2178,2.22145913268,0.00365913267622,False
m0_shared_exponent,EleutherAI/pythia-2.8b,882,2.782831,211.812,2.2168,2.22073088248,0.00393088248409,False
m0_shared_exponent,EleutherAI/pythia-2.8b,883,2.782831,213.91,2.216,2.22001156601,0.00401156601123,False
m0_shared_exponent,EleutherAI/pythia-2.8b,884,2.782831,216.007,2.2154,2.21930166158,0.00390166158448,False
m0_shared_exponent,EleutherAI/pythia-2.8b,885,2.782831,218.104,2.2146,2.21860062343,0.0040006234347,False
m0_shared_exponent,EleutherAI/pythia-2.8b,886,2.782831,220.201,2.214,2.21790825716,0.00390825716429,False
m0_shared_exponent,EleutherAI/pythia-2.8b,887,2.782831,222.298,2.2131,2.21722437444,0.00412437443757,False
m0_shared_exponent,EleutherAI/pythia-2.8b,888,2.782831,224.395,2.2123,2.21654879274,0.00424879273667,False
m0_shared_exponent,EleutherAI/pythia-2.8b,889,2.782831,226.492,2.2117,2.21588133513,0.00418133512947,False
m0_shared_exponent,EleutherAI/pythia-2.8b,890,2.782831,228.59,2.211,2.21522151742,0.00422151741985,False
m0_shared_exponent,EleutherAI/pythia-2.8b,891,2.782831,230.687,2.2103,2.21456980213,0.00426980212739,False
m0_shared_exponent,EleutherAI/pythia-2.8b,892,2.782831,232.784,2.2096,2.21392571142,0.00432571141565,False
m0_shared_exponent,EleutherAI/pythia-2.8b,893,2.782831,234.881,2.209,2.21328908859,0.00428908859345,False
m0_shared_exponent,EleutherAI/pythia-2.8b,894,2.782831,236.978,2.2083,2.21265978155,0.00435978155209,False
m0_shared_exponent,EleutherAI/pythia-2.8b,895,2.782831,239.075,2.2077,2.21203764259,0.00433764259218,False
m0_shared_exponent,EleutherAI/pythia-2.8b,896,2.782831,241.172,2.207,2.21142252826,0.00442252825848,False
m0_shared_exponent,EleutherAI/pythia-2.8b,897,2.782831,243.27,2.2063,2.21081401076,0.00451401075587,False
m0_shared_exponent,EleutherAI/pythia-2.8b,898,2.782831,245.367,2.2056,2.21021253469,0.00461253469181,False
m0_shared_exponent,EleutherAI/pythia-2.8b,899,2.782831,247.464,2.2051,2.20961767675,0.00451767675073,False
m0_shared_exponent,EleutherAI/pythia-2.8b,900,2.782831,249.561,2.2043,2.20902930895,0.00472930894937,False
m0_shared_exponent,EleutherAI/pythia-2.8b,901,2.782831,251.658,2.2038,2.20844730683,0.00464730682842,False
m0_shared_exponent,EleutherAI/pythia-2.8b,902,2.782831,253.755,2.2031,2.20787154933,0.00477154932702,False
m0_shared_exponent,EleutherAI/pythia-2.8b,903,2.782831,255.853,2.2025,2.20730164847,0.00480164846531,False
m0_shared_exponent,EleutherAI/pythia-2.8b,904,2.782831,257.95,2.202,2.20673803286,0.00473803285998,False
m0_shared_exponent,EleutherAI/pythia-2.8b,905,2.782831,260.047,2.2014,2.20618031786,0.00478031785602,False
m0_shared_exponent,EleutherAI/pythia-2.8b,906,2.782831,262.144,2.2008,2.20562839484,0.00482839483869,False
m0_shared_exponent,EleutherAI/pythia-2.8b,907,2.782831,264.241,2.2001,2.20508215804,0.00498215804102,False
m0_shared_exponent,EleutherAI/pythia-2.8b,908,2.782831,266.338,2.1997,2.20454150445,0.00484150444732,False
m0_shared_exponent,EleutherAI/pythia-2.8b,909,2.782831,268.435,2.1991,2.2040063337,0.00490633370056,False
m0_shared_exponent,EleutherAI/pythia-2.8b,910,2.782831,270.533,2.1986,2.20347629664,0.0048762966432,False
m0_shared_exponent,EleutherAI/pythia-2.8b,911,2.782831,272.63,2.1979,2.20295180321,0.00505180321406,False
m0_shared_exponent,EleutherAI/pythia-2.8b,912,2.782831,274.727,2.1974,2.2024325066,0.00503250659962,False
m0_shared_exponent,EleutherAI/pythia-2.8b,913,2.782831,276.824,2.1968,2.20191831623,0.00511831622657,False
m0_shared_exponent,EleutherAI/pythia-2.8b,914,2.782831,278.921,2.1964,2.20140914377,0.00500914377105,False
m0_shared_exponent,EleutherAI/pythia-2.8b,915,2.782831,281.018,2.1957,2.20090490309,0.00520490308636,False
m0_shared_exponent,EleutherAI/pythia-2.8b,916,2.782831,283.116,2.1952,2.20040527313,0.00520527313047,False
m0_shared_exponent,EleutherAI/pythia-2.8b,917,2.782831,285.213,2.1947,2.19991064816,0.00521064816497,False
m0_shared_exponent,EleutherAI/pythia-2.8b,918,2.782831,287.31,2.1942,2.19942070887,0.0052207088746,False
m0_shared_exponent,EleutherAI/pythia-2.8b,919,2.782831,289.407,2.1936,2.19893537715,0.00533537715435,False
m0_shared_exponent,EleutherAI/pythia-2.8b,920,2.782831,291.504,2.1931,2.19845457676,0.00535457675505,False
m0_shared_exponent,EleutherAI/pythia-2.8b,921,2.782831,293.601,2.1927,2.19797823323,0.0052782332263,False
m0_shared_exponent,EleutherAI/pythia-2.8b,922,2.782831,295.698,2.192,2.19750627386,0.00550627386157,False
m0_shared_exponent,EleutherAI/pythia-2.8b,923,2.782831,297.796,2.1916,2.19703840566,0.00543840565583,False
m0_shared_exponent,EleutherAI/pythia-2.8b,924,2.782831,299.893,2.1911,2.19657500522,0.00547500521995,False
m0_current,EleutherAI/pythia-6.9b,932,6.86104,0.134,4.0512,4.05059041569,-0.000609584310065,False
m0_current,EleutherAI/pythia-6.9b,933,6.86104,0.268,3.6658,3.66672694522,0.000926945215654,False
m0_current,EleutherAI/pythia-6.9b,934,6.86104,0.537,3.3494,3.34978216494,0.000382164942281,False
m0_current,EleutherAI/pythia-6.9b,935,6.86104,1.074,3.0899,3.08949634129,-0.000403658707076,False
m0_current,EleutherAI/pythia-6.9b,936,6.86104,2.097,2.8818,2.88186556301,6.5563005375e-05,False
m0_current,EleutherAI/pythia-6.9b,937,6.86104,4.194,2.7039,2.70409022994,0.000190229944547,False
m0_current,EleutherAI/pythia-6.9b,938,6.86104,6.291,2.6151,2.61500918289,-9.08171148408e-05,False
m0_current,EleutherAI/pythia-6.9b,939,6.86104,8.389,2.5577,2.55764024939,-5.97506091782e-05,False
m0_current,EleutherAI/pythia-6.9b,940,6.86104,10.486,2.5161,2.51623792426,0.000137924263444,False
m0_current,EleutherAI/pythia-6.9b,941,6.86104,12.583,2.4841,2.48427662607,0.000176626071495,False
m0_current,EleutherAI/pythia-6.9b,942,6.86104,14.68,2.4586,2.45849695545,-0.000103044546406,False
m0_current,EleutherAI/pythia-6.9b,943,6.86104,16.777,2.4371,2.43704687295,-5.31270488686e-05,False
m0_current,EleutherAI/pythia-6.9b,944,6.86104,18.874,2.4187,2.41878044288,8.04428761962e-05,False
m0_current,EleutherAI/pythia-6.9b,945,6.86104,20.972,2.4032,2.4029358664,-0.00026413360167,False
m0_current,EleutherAI/pythia-6.9b,946,6.86104,23.069,2.3889,2.38900662435,0.000106624354956,False
m0_current,EleutherAI/pythia-6.9b,947,6.86104,25.166,2.3764,2.37661049218,0.000210492178192,False
m0_current,EleutherAI/pythia-6.9b,948,6.86104,27.263,2.3654,2.36547058604,7.05860445134e-05,False
m0_current,EleutherAI/pythia-6.9b,949,6.86104,29.36,2.3553,2.35537670273,7.6702730329e-05,False
m0_current,EleutherAI/pythia-6.9b,950,6.86104,31.457,2.3462,2.34616579311,-3.42068898429e-05,False
m0_current,EleutherAI/pythia-6.9b,951,6.86104,33.554,2.3377,2.33770903962,9.03962293952e-06,False
m0_current,EleutherAI/pythia-6.9b,952,6.86104,35.652,2.3299,2.32989945931,-5.40685141992e-07,False
m0_current,EleutherAI/pythia-6.9b,953,6.86104,37.749,2.3225,2.32266030812,0.000160308117673,False
m0_current,EleutherAI/pythia-6.9b,954,6.86104,39.846,2.3161,2.31591838277,-0.000181617225733,False
m0_current,EleutherAI/pythia-6.9b,955,6.86104,41.943,2.3096,2.30961593644,1.5936443619e-05,False
m0_current,EleutherAI/pythia-6.9b,956,6.86104,44.04,2.3038,2.30370440418,-9.55958245772e-05,False
m0_current,EleutherAI/pythia-6.9b,957,6.86104,46.137,2.2982,2.2981425857,-5.74143035794e-05,False
m0_current,EleutherAI/pythia-6.9b,958,6.86104,48.234,2.2929,2.29289525232,-4.74768133829e-06,False
m0_current,EleutherAI/pythia-6.9b,959,6.86104,50.332,2.288,2.28792976186,-7.02381399149e-05,False
m0_current,EleutherAI/pythia-6.9b,960,6.86104,52.429,2.2832,2.28322453949,2.45394902731e-05,False
m0_current,EleutherAI/pythia-6.9b,961,6.86104,54.526,2.2788,2.27875422099,-4.57790076571e-05,False
m0_current,EleutherAI/pythia-6.9b,962,6.86104,56.623,2.2746,2.27449869867,-0.00010130133058,False
m0_current,EleutherAI/pythia-6.9b,963,6.86104,58.72,2.2704,2.27044025158,4.02515789464e-05,False
m0_current,EleutherAI/pythia-6.9b,964,6.86104,60.817,2.2666,2.26656318874,-3.68112627958e-05,False
m0_current,EleutherAI/pythia-6.9b,965,6.86104,62.915,2.2628,2.26285182479,5.18247921475e-05,False
m0_current,EleutherAI/pythia-6.9b,966,6.86104,65.012,2.2594,2.25929723296,-0.000102767042409,False
m0_current,EleutherAI/pythia-6.9b,967,6.86104,67.109,2.2558,2.2558864377,8.64376965883e-05,False
m0_current,EleutherAI/pythia-6.9b,968,6.86104,69.206,2.2528,2.25260939375,-0.000190606250531,False
m0_current,EleutherAI/pythia-6.9b,969,6.86104,71.303,2.2494,2.24945703543,5.70354274214e-05,False
m0_current,EleutherAI/pythia-6.9b,970,6.86104,73.4,2.2463,2.24642115556,0.000121155557661,False
m0_current,EleutherAI/pythia-6.9b,971,6.86104,75.497,2.2435,2.24349430237,-5.69763318259e-06,False
m0_current,EleutherAI/pythia-6.9b,972,6.86104,77.595,2.2406,2.24066836763,6.83676326916e-05,False
m0_current,EleutherAI/pythia-6.9b,973,6.86104,79.692,2.238,2.2379398496,-6.01503979354e-05,False
m0_current,EleutherAI/pythia-6.9b,974,6.86104,81.789,2.2352,2.2353017101,0.000101710101035,False
m0_current,EleutherAI/pythia-6.9b,975,6.86104,83.886,2.2327,2.23274875076,4.87507561968e-05,False
m0_current,EleutherAI/pythia-6.9b,976,6.86104,85.983,2.2301,2.23027619277,0.000176192770685,False
m0_current,EleutherAI/pythia-6.9b,977,6.86104,88.08,2.2278,2.22787963379,7.96337935483e-05,False
m0_current,EleutherAI/pythia-6.9b,978,6.86104,90.178,2.2253,2.22555391813,0.000253918134168,False
m0_current,EleutherAI/pythia-6.9b,979,6.86104,92.275,2.2231,2.22329750319,0.000197503191522,False
m0_current,EleutherAI/pythia-6.9b,980,6.86104,94.372,2.2212,2.22110578161,-9.42183908528e-05,False
m0_current,EleutherAI/pythia-6.9b,981,6.86104,96.469,2.219,2.21897552165,-2.44783459942e-05,False
m0_current,EleutherAI/pythia-6.9b,982,6.86104,98.566,2.2169,2.21690371887,3.71887059636e-06,False
m0_current,EleutherAI/pythia-6.9b,983,6.86104,100.663,2.2148,2.21488757566,8.75756612633e-05,False
m0_current,EleutherAI/pythia-6.9b,984,6.86104,102.76,2.2129,2.21292448308,2.44830832812e-05,False
m0_current,EleutherAI/pythia-6.9b,985,6.86104,104.858,2.211,2.21101110428,1.11042808708e-05,False
m0_current,EleutherAI/pythia-6.9b,986,6.86104,106.955,2.209,2.20914698365,0.000146983649949,False
m0_current,EleutherAI/pythia-6.9b,987,6.86104,109.052,2.2074,2.20732906338,-7.0936624804e-05,False
m0_current,EleutherAI/pythia-6.9b,988,6.86104,111.149,2.2056,2.20555534249,-4.46575129986e-05,False
m0_current,EleutherAI/pythia-6.9b,989,6.86104,113.246,2.2038,2.20382394237,2.39423697757e-05,False
m0_current,EleutherAI/pythia-6.9b,990,6.86104,115.343,2.2021,2.20213309718,3.30971777385e-05,False
m0_current,EleutherAI/pythia-6.9b,991,6.86104,117.441,2.2005,2.20048036642,-1.96335836962e-05,False
m0_current,EleutherAI/pythia-6.9b,992,6.86104,119.538,2.1987,2.19886575949,0.000165759493296,False
m0_current,EleutherAI/pythia-6.9b,993,6.86104,121.635,2.1973,2.1972870031,-1.2996898398e-05,False
m0_current,EleutherAI/pythia-6.9b,994,6.86104,123.732,2.1957,2.19574270342,4.27034230008e-05,False
m0_current,EleutherAI/pythia-6.9b,995,6.86104,125.829,2.1941,2.19423154329,0.000131543291868,False
m0_current,EleutherAI/pythia-6.9b,996,6.86104,127.926,2.1927,2.19275227679,5.22767850555e-05,False
m0_current,EleutherAI/pythia-6.9b,997,6.86104,130.023,2.1914,2.19130372428,-9.62757248075e-05,False
m0_current,EleutherAI/pythia-6.9b,998,6.86104,132.121,2.1899,2.18988409813,-1.5901869908e-05,False
m0_current,EleutherAI/pythia-6.9b,999,6.86104,134.218,2.1884,2.18849369101,9.36910060774e-05,False
m0_current,EleutherAI/pythia-6.9b,1000,6.86104,136.315,2.1872,2.18713081285,-6.9187150765e-05,False
m0_current,EleutherAI/pythia-6.9b,1001,6.86104,138.412,2.1859,2.18579450752,-0.000105492479075,False
m0_current,EleutherAI/pythia-6.9b,1002,6.86104,140.509,2.1845,2.18448386594,-1.61340590128e-05,False
m0_current,EleutherAI/pythia-6.9b,1003,6.86104,142.606,2.1832,2.18319802311,-1.97688986114e-06,False
m0_current,EleutherAI/pythia-6.9b,1004,6.86104,144.703,2.1819,2.18193615536,3.61553614252e-05,False
m0_current,EleutherAI/pythia-6.9b,1005,6.86104,146.801,2.1807,2.18069689254,-3.10745867171e-06,False
m0_current,EleutherAI/pythia-6.9b,1006,6.86104,148.898,2.1795,2.1794806673,-1.93326967883e-05,False
m0_current,EleutherAI/pythia-6.9b,1007,6.86104,150.995,2.1783,2.17828616934,-1.38306613668e-05,False
m0_current,EleutherAI/pythia-6.9b,1008,6.86104,153.092,2.1772,2.17711271674,-8.72832596999e-05,False
m0_current,EleutherAI/pythia-6.9b,1009,6.86104,155.189,2.176,2.17595965797,-4.03420280946e-05,False
m0_current,EleutherAI/pythia-6.9b,1010,6.86104,157.286,2.1748,2.17482637013,2.63701266747e-05,False
m0_current,EleutherAI/pythia-6.9b,1011,6.86104,159.384,2.1738,2.1737117305,-8.82694989572e-05,False
m0_current,EleutherAI/pythia-6.9b,1012,6.86104,161.481,2.1726,2.17261623105,1.62310518603e-05,False
m0_current,EleutherAI/pythia-6.9b,1013,6.86104,163.578,2.1717,2.17153878968,-0.000161210322338,False
m0_current,EleutherAI/pythia-6.9b,1014,6.86104,165.675,2.1704,2.17047888287,7.8882873026e-05,False
m0_current,EleutherAI/pythia-6.9b,1015,6.86104,167.772,2.1696,2.16943600869,-0.000163991308205,False
m0_current,EleutherAI/pythia-6.9b,1016,6.86104,169.869,2.1684,2.1684096856,9.68560286418e-06,False
m0_current,EleutherAI/pythia-6.9b,1017,6.86104,171.966,2.1673,2.16739945142,9.94514199757e-05,False
m0_current,EleutherAI/pythia-6.9b,1018,6.86104,174.064,2.1664,2.16640439167,4.39167206956e-06,False
m0_current,EleutherAI/pythia-6.9b,1019,6.86104,176.161,2.1654,2.16542502833,2.50283341865e-05,False
m0_current,EleutherAI/pythia-6.9b,1020,6.86104,178.258,2.1645,2.16446047351,-3.9526485887e-05,False
m0_current,EleutherAI/pythia-6.9b,1021,6.86104,180.355,2.1635,2.163510333,1.03330032504e-05,False
m0_current,EleutherAI/pythia-6.9b,1022,6.86104,182.452,2.1625,2.16257422752,7.42275157539e-05,False
m0_current,EleutherAI/pythia-6.9b,1023,6.86104,184.549,2.1616,2.16165179196,5.17919598026e-05,False
m0_current,EleutherAI/pythia-6.9b,1024,6.86104,186.647,2.1609,2.16074224434,-0.0001577556573,False
m0_current,EleutherAI/pythia-6.9b,1025,6.86104,188.744,2.16,2.15984611288,-0.000153887124979,False
m0_current,EleutherAI/pythia-6.9b,1026,6.86104,190.841,2.159,2.15896263442,-3.7365579463e-05,False
m0_current,EleutherAI/pythia-6.9b,1027,6.86104,192.938,2.1581,2.15809149421,-8.50579436129e-06,False
m0_current,EleutherAI/pythia-6.9b,1028,6.86104,195.035,2.1572,2.1572323886,3.23886006641e-05,False
m0_current,EleutherAI/pythia-6.9b,1029,6.86104,197.132,2.1564,2.15638502461,-1.49753894325e-05,False
m0_current,EleutherAI/pythia-6.9b,1030,6.86104,199.229,2.1555,2.15554911939,4.91193940158e-05,False
m0_current,EleutherAI/pythia-6.9b,1031,6.86104,201.327,2.1547,2.15472400915,2.40091495698e-05,False
m0_current,EleutherAI/pythia-6.9b,1032,6.86104,203.424,2.1538,2.15391021647,0.00011021647072,False
m0_current,EleutherAI/pythia-6.9b,1033,6.86104,205.521,2.1531,2.15310709042,7.09042302738e-06,False
m0_current,EleutherAI/pythia-6.9b,1034,6.86104,207.618,2.1524,2.15231438448,-8.5615519295e-05,False
m0_current,EleutherAI/pythia-6.9b,1035,6.86104,209.715,2.1515,2.15153186023,3.18602325495e-05,False
m0_current,EleutherAI/pythia-6.9b,1036,6.86104,211.812,2.1509,2.15075928704,-0.000140712963136,False
m0_current,EleutherAI/pythia-6.9b,1037,6.86104,213.91,2.1499,2.1499960802,9.60802008709e-05,False
m0_current,EleutherAI/pythia-6.9b,1038,6.86104,216.007,2.1491,2.14924275113,0.000142751129621,False
m0_current,EleutherAI/pythia-6.9b,1039,6.86104,218.104,2.1485,2.14849872452,-1.27548373907e-06,False
m0_current,EleutherAI/pythia-6.9b,1040,6.86104,220.201,2.1478,2.14776379769,-3.62023080251e-05,False
m0_current,EleutherAI/pythia-6.9b,1041,6.86104,222.298,2.1472,2.14703777428,-0.000162225719971,False
m0_current,EleutherAI/pythia-6.9b,1042,6.86104,224.395,2.1463,2.14632046394,2.04639432591e-05,False
m0_current,EleutherAI/pythia-6.9b,1043,6.86104,226.492,2.1457,2.14561168214,-8.83178560604e-05,False
m0_current,EleutherAI/pythia-6.9b,1044,6.86104,228.59,2.1449,2.14491091786,1.09178629661e-05,False
m0_current,EleutherAI/pythia-6.9b,1045,6.86104,230.687,2.1442,2.14421866545,1.86654501322e-05,False
m0_current,EleutherAI/pythia-6.9b,1046,6.86104,232.784,2.1436,2.14353442045,-6.55795511375e-05,False
m0_current,EleutherAI/pythia-6.9b,1047,6.86104,234.881,2.1429,2.14285801934,-4.19806561531e-05,False
m0_current,EleutherAI/pythia-6.9b,1048,6.86104,236.978,2.1421,2.14218930338,8.93033807996e-05,False
m0_current,EleutherAI/pythia-6.9b,1049,6.86104,239.075,2.1416,2.14152811839,-7.18816128367e-05,False
m0_current,EleutherAI/pythia-6.9b,1050,6.86104,241.172,2.141,2.1408743146,-0.000125685398936,False
m0_current,EleutherAI/pythia-6.9b,1051,6.86104,243.27,2.1402,2.14022743988,2.74398814537e-05,False
m0_current,EleutherAI/pythia-6.9b,1052,6.86104,245.367,2.1396,2.13958796941,-1.20305912841e-05,False
m0_current,EleutherAI/pythia-6.9b,1053,6.86104,247.464,2.139,2.13895545566,-4.45443384316e-05,False
m0_current,EleutherAI/pythia-6.9b,1054,6.86104,249.561,2.1384,2.13832976496,-7.02350377426e-05,False
m0_current,EleutherAI/pythia-6.9b,1055,6.86104,251.658,2.1377,2.1377107673,1.07672975447e-05,False
m0_current,EleutherAI/pythia-6.9b,1056,6.86104,253.755,2.1371,2.13709833619,-1.66381128874e-06,False
m0_current,EleutherAI/pythia-6.9b,1057,6.86104,255.853,2.1365,2.13649206111,-7.93889324946e-06,False
m0_current,EleutherAI/pythia-6.9b,1058,6.86104,257.95,2.136,2.13589240018,-0.000107599817297,False
m0_current,EleutherAI/pythia-6.9b,1059,6.86104,260.047,2.1353,2.13529894631,-1.05368643233e-06,False
m0_current,EleutherAI/pythia-6.9b,1060,6.86104,262.144,2.1347,2.13471158597,1.15859687755e-05,False
m0_current,EleutherAI/pythia-6.9b,1061,6.86104,264.241,2.1342,2.13413020858,-6.97914186532e-05,False
m0_current,EleutherAI/pythia-6.9b,1062,6.86104,266.338,2.1334,2.13355470645,0.000154706447737,False
m0_current,EleutherAI/pythia-6.9b,1063,6.86104,268.435,2.1331,2.13298497463,-0.000115025368168,False
m0_current,EleutherAI/pythia-6.9b,1064,6.86104,270.533,2.1323,2.13242064322,0.000120643222979,False
m0_current,EleutherAI/pythia-6.9b,1065,6.86104,272.63,2.1318,2.13186215048,6.21504792901e-05,False
m0_current,EleutherAI/pythia-6.9b,1066,6.86104,274.727,2.1312,2.1313091289,0.000109128901665,False
m0_current,EleutherAI/pythia-6.9b,1067,6.86104,276.824,2.1307,2.13076148374,6.14837407604e-05,False
m0_current,EleutherAI/pythia-6.9b,1068,6.86104,278.921,2.1303,2.13021912259,-8.08774099732e-05,False
m0_current,EleutherAI/pythia-6.9b,1069,6.86104,281.018,2.1297,2.12968195531,-1.80446893157e-05,False
m0_current,EleutherAI/pythia-6.9b,1070,6.86104,283.116,2.1292,2.12914964144,-5.03585610918e-05,False
m0_current,EleutherAI/pythia-6.9b,1071,6.86104,285.213,2.1286,2.12862260257,2.26025732779e-05,False
m0_current,EleutherAI/pythia-6.9b,1072,6.86104,287.31,2.1281,2.12810050002,5.00022917294e-07,False
m0_current,EleutherAI/pythia-6.9b,1073,6.86104,289.407,2.1276,2.12758325203,-1.67479723538e-05,False
m0_current,EleutherAI/pythia-6.9b,1074,6.86104,291.504,2.127,2.12707077876,7.07787614123e-05,False
m0_current,EleutherAI/pythia-6.9b,1075,6.86104,293.601,2.1266,2.12656300227,-3.69977269892e-05,False
m0_current,EleutherAI/pythia-6.9b,1076,6.86104,295.698,2.126,2.12605984643,5.98464290382e-05,False
m0_current,EleutherAI/pythia-6.9b,1077,6.86104,297.796,2.1255,2.12556100016,6.10001590466e-05,False
m0_current,EleutherAI/pythia-6.9b,1078,6.86104,299.893,2.125,2.12506686632,6.68663185963e-05,False
m0_no_floor,EleutherAI/pythia-6.9b,932,6.86104,0.134,4.0512,3.99863646375,-0.0525635362522,False
m0_no_floor,EleutherAI/pythia-6.9b,933,6.86104,0.268,3.6658,3.62263619548,-0.043163804518,False
m0_no_floor,EleutherAI/pythia-6.9b,934,6.86104,0.537,3.3494,3.31060646395,-0.0387935360464,False
m0_no_floor,EleutherAI/pythia-6.9b,935,6.86104,1.074,3.0899,3.05305485327,-0.0368451467315,False
m0_no_floor,EleutherAI/pythia-6.9b,936,6.86104,2.097,2.8818,2.84657959987,-0.0352204001294,False
m0_no_floor,EleutherAI/pythia-6.9b,937,6.86104,4.194,2.7039,2.66891310924,-0.0349868907639,False
m0_no_floor,EleutherAI/pythia-6.9b,938,6.86104,6.291,2.6151,2.57952403267,-0.0355759673331,False
m0_no_floor,EleutherAI/pythia-6.9b,939,6.86104,8.389,2.5577,2.52181003273,-0.0358899672672,False
m0_no_floor,EleutherAI/pythia-6.9b,940,6.86104,10.486,2.5161,2.48008067449,-0.0360193255076,False
m0_no_floor,EleutherAI/pythia-6.9b,941,6.86104,12.583,2.4841,2.44781910636,-0.036280893637,False
m0_no_floor,EleutherAI/pythia-6.9b,942,6.86104,14.68,2.4586,2.42176521388,-0.0368347861159,False
m0_no_floor,EleutherAI/pythia-6.9b,943,6.86104,16.777,2.4371,2.40006416146,-0.0370358385431,False
m0_no_floor,EleutherAI/pythia-6.9b,944,6.86104,18.874,2.4187,2.38156703438,-0.0371329656244,False
m0_no_floor,EleutherAI/pythia-6.9b,945,6.86104,20.972,2.4032,2.36550926071,-0.0376907392868,False
m0_no_floor,EleutherAI/pythia-6.9b,946,6.86104,23.069,2.3889,2.35138223988,-0.0375177601217,False
m0_no_floor,EleutherAI/pythia-6.9b,947,6.86104,25.166,2.3764,2.33880172284,-0.0375982771595,False
m0_no_floor,EleutherAI/pythia-6.9b,948,6.86104,27.263,2.3654,2.32748921786,-0.0379107821449,False
m0_no_floor,EleutherAI/pythia-6.9b,949,6.86104,29.36,2.3553,2.31723317052,-0.0380668294791,False
m0_no_floor,EleutherAI/pythia-6.9b,950,6.86104,31.457,2.3462,2.30786939035,-0.0383306096502,False
m0_no_floor,EleutherAI/pythia-6.9b,951,6.86104,33.554,2.3377,2.29926808968,-0.0384319103224,False
m0_no_floor,EleutherAI/pythia-6.9b,952,6.86104,35.652,2.3299,2.29132139199,-0.038578608014,False
m0_no_floor,EleutherAI/pythia-6.9b,953,6.86104,37.749,2.3225,2.28395196919,-0.0385480308089,False
m0_no_floor,EleutherAI/pythia-6.9b,954,6.86104,39.846,2.3161,2.27708593209,-0.0390140679089,False
m0_no_floor,EleutherAI/pythia-6.9b,955,6.86104,41.943,2.3096,2.27066499462,-0.0389350053842,False
m0_no_floor,EleutherAI/pythia-6.9b,956,6.86104,44.04,2.3038,2.26464011938,-0.0391598806209,False
m0_no_floor,EleutherAI/pythia-6.9b,957,6.86104,46.137,2.2982,2.25896969005,-0.0392303099514,False
m0_no_floor,EleutherAI/pythia-6.9b,958,6.86104,48.234,2.2929,2.25361810975,-0.0392818902501,False
m0_no_floor,EleutherAI/pythia-6.9b,959,6.86104,50.332,2.288,2.24855236213,-0.0394476378703,False
m0_no_floor,EleutherAI/pythia-6.9b,960,6.86104,52.429,2.2832,2.24375067564,-0.0394493243638,False
m0_no_floor,EleutherAI/pythia-6.9b,961,6.86104,54.526,2.2788,2.23918737546,-0.0396126245357,False
m0_no_floor,EleutherAI/pythia-6.9b,962,6.86104,56.623,2.2746,2.23484211834,-0.0397578816553,False
m0_no_floor,EleutherAI/pythia-6.9b,963,6.86104,58.72,2.2704,2.23069697067,-0.0397030293264,False
m0_no_floor,EleutherAI/pythia-6.9b,964,6.86104,60.817,2.2666,2.22673604886,-0.0398639511395,False
m0_no_floor,EleutherAI/pythia-6.9b,965,6.86104,62.915,2.2628,2.22294345446,-0.0398565455368,False
m0_no_floor,EleutherAI/pythia-6.9b,966,6.86104,65.012,2.2594,2.21931017864,-0.0400898213594,False
m0_no_floor,EleutherAI/pythia-6.9b,967,6.86104,67.109,2.2558,2.21582306086,-0.0399769391388,False
m0_no_floor,EleutherAI/pythia-6.9b,968,6.86104,69.206,2.2528,2.21247192245,-0.0403280775519,False
m0_no_floor,EleutherAI/pythia-6.9b,969,6.86104,71.303,2.2494,2.20924757521,-0.0401524247948,False
m0_no_floor,EleutherAI/pythia-6.9b,970,6.86104,73.4,2.2463,2.20614169921,-0.0401583007902,False
m0_no_floor,EleutherAI/pythia-6.9b,971,6.86104,75.497,2.2435,2.20314673869,-0.0403532613092,False
m0_no_floor,EleutherAI/pythia-6.9b,972,6.86104,77.595,2.2406,2.20025445809,-0.0403455419089,False
m0_no_floor,EleutherAI/pythia-6.9b,973,6.86104,79.692,2.238,2.19746132985,-0.0405386701529,False
m0_no_floor,EleutherAI/pythia-6.9b,974,6.86104,81.789,2.2352,2.19476020114,-0.040439798858,False
m0_no_floor,EleutherAI/pythia-6.9b,975,6.86104,83.886,2.2327,2.19214579682,-0.040554203177,False
m0_no_floor,EleutherAI/pythia-6.9b,976,6.86104,85.983,2.2301,2.1896132666,-0.0404867333978,False
m0_no_floor,EleutherAI/pythia-6.9b,977,6.86104,88.08,2.2278,2.18715814145,-0.0406418585481,False
m0_no_floor,EleutherAI/pythia-6.9b,978,6.86104,90.178,2.2253,2.18477517642,-0.0405248235777,False
m0_no_floor,EleutherAI/pythia-6.9b,979,6.86104,92.275,2.2231,2.1824628252,-0.0406371748005,False
m0_no_floor,EleutherAI/pythia-6.9b,980,6.86104,94.372,2.2212,2.18021639824,-0.04098360176,False
m0_no_floor,EleutherAI/pythia-6.9b,981,6.86104,96.469,2.219,2.1780326126,-0.0409673873956,False
m0_no_floor,EleutherAI/pythia-6.9b,982,6.86104,98.566,2.2169,2.17590841574,-0.0409915842637,False
m0_no_floor,EleutherAI/pythia-6.9b,983,6.86104,100.663,2.2148,2.1738409648,-0.0409590352027,False
m0_no_floor,EleutherAI/pythia-6.9b,984,6.86104,102.76,2.2129,2.17182760824,-0.0410723917577,False
m0_no_floor,EleutherAI/pythia-6.9b,985,6.86104,104.858,2.211,2.16986494579,-0.0411350542063,False
m0_no_floor,EleutherAI/pythia-6.9b,986,6.86104,106.955,2.209,2.16795253091,-0.0410474690941,False
m0_no_floor,EleutherAI/pythia-6.9b,987,6.86104,109.052,2.2074,2.16608724622,-0.0413127537799,False
m0_no_floor,EleutherAI/pythia-6.9b,988,6.86104,111.149,2.2056,2.16426705689,-0.0413329431099,False
m0_no_floor,EleutherAI/pythia-6.9b,989,6.86104,113.246,2.2038,2.16249005223,-0.0413099477732,False
m0_no_floor,EleutherAI/pythia-6.9b,990,6.86104,115.343,2.2021,2.16075443599,-0.0413455640114,False
m0_no_floor,EleutherAI/pythia-6.9b,991,6.86104,117.441,2.2005,2.15905771807,-0.0414422819308,False
m0_no_floor,EleutherAI/pythia-6.9b,992,6.86104,119.538,2.1987,2.15739992242,-0.0413000775762,False
m0_no_floor,EleutherAI/pythia-6.9b,993,6.86104,121.635,2.1973,2.15577872858,-0.041521271423,False
m0_no_floor,EleutherAI/pythia-6.9b,994,6.86104,123.732,2.1957,2.15419271797,-0.0415072820288,False
m0_no_floor,EleutherAI/pythia-6.9b,995,6.86104,125.829,2.1941,2.15264054989,-0.0414594501066,False
m0_no_floor,EleutherAI/pythia-6.9b,996,6.86104,127.926,2.1927,2.15112095599,-0.0415790440108,False
m0_no_floor,EleutherAI/pythia-6.9b,997,6.86104,130.023,2.1914,2.14963273525,-0.0417672647524,False
m0_no_floor,EleutherAI/pythia-6.9b,998,6.86104,132.121,2.1899,2.14817406117,-0.0417259388268,False
m0_no_floor,EleutherAI/pythia-6.9b,999,6.86104,134.218,2.1884,2.14674524416,-0.0416547558373,False
m0_no_floor,EleutherAI/pythia-6.9b,1000,6.86104,136.315,2.1872,2.14534455679,-0.041855443207,False
m0_no_floor,EleutherAI/pythia-6.9b,1001,6.86104,138.412,2.1859,2.14397102514,-0.0419289748624,False
m0_no_floor,EleutherAI/pythia-6.9b,1002,6.86104,140.509,2.1845,2.1426237231,-0.0418762769001,False
m0_no_floor,EleutherAI/pythia-6.9b,1003,6.86104,142.606,2.1832,2.14130176939,-0.0418982306083,False
m0_no_floor,EleutherAI/pythia-6.9b,1004,6.86104,144.703,2.1819,2.14000432474,-0.0418956752561,False
m0_no_floor,EleutherAI/pythia-6.9b,1005,6.86104,146.801,2.1807,2.13872998745,-0.0419700125467,False
m0_no_floor,EleutherAI/pythia-6.9b,1006,6.86104,148.898,2.1795,2.13747920926,-0.0420207907358,False
m0_no_floor,EleutherAI/pythia-6.9b,1007,6.86104,150.995,2.1783,2.13625064927,-0.0420493507314,False
m0_no_floor,EleutherAI/pythia-6.9b,1008,6.86104,153.092,2.1772,2.13504361235,-0.0421563876498,False
m0_no_floor,EleutherAI/pythia-6.9b,1009,6.86104,155.189,2.176,2.13385743428,-0.0421425657156,False
m0_no_floor,EleutherAI/pythia-6.9b,1010,6.86104,157.286,2.1748,2.13269147997,-0.0421085200298,False
m0_no_floor,EleutherAI/pythia-6.9b,1011,6.86104,159.384,2.1738,2.13154459971,-0.0422554002852,False
m0_no_floor,EleutherAI/pythia-6.9b,1012,6.86104,161.481,2.1726,2.13041730493,-0.042182695075,False
m0_no_floor,EleutherAI/pythia-6.9b,1013,6.86104,163.578,2.1717,2.12930848717,-0.0423915128294,False
m0_no_floor,EleutherAI/pythia-6.9b,1014,6.86104,165.675,2.1704,2.12821761249,-0.0421823875088,False
m0_no_floor,EleutherAI/pythia-6.9b,1015,6.86104,167.772,2.1696,2.12714416887,-0.0424558311317,False
m0_no_floor,EleutherAI/pythia-6.9b,1016,6.86104,169.869,2.1684,2.12608766506,-0.0423123349372,False
m0_no_floor,EleutherAI/pythia-6.9b,1017,6.86104,171.966,2.1673,2.12504762953,-0.0422523704727,False
m0_no_floor,EleutherAI/pythia-6.9b,1018,6.86104,174.064,2.1664,2.12402312481,-0.0423768751877,False
m0_no_floor,EleutherAI/pythia-6.9b,1019,6.86104,176.161,2.1654,2.12301469224,-0.0423853077561,False
m0_no_floor,EleutherAI/pythia-6.9b,1020,6.86104,178.258,2.1645,2.12202142139,-0.0424785786064,False
m0_no_floor,EleutherAI/pythia-6.9b,1021,6.86104,180.355,2.1635,2.12104290993,-0.042457090074,False
m0_no_floor,EleutherAI/pythia-6.9b,1022,6.86104,182.452,2.1625,2.1200787707,-0.0424212292974,False
m0_no_floor,EleutherAI/pythia-6.9b,1023,6.86104,184.549,2.1616,2.11912863104,-0.0424713689584,False
m0_no_floor,EleutherAI/pythia-6.9b,1024,6.86104,186.647,2.1609,2.11819168863,-0.0427083113712,False
m0_no_floor,EleutherAI/pythia-6.9b,1025,6.86104,188.744,2.16,2.11726849069,-0.0427315093125,False
m0_no_floor,EleutherAI/pythia-6.9b,1026,6.86104,190.841,2.159,2.11635825408,-0.0426417459224,False
m0_no_floor,EleutherAI/pythia-6.9b,1027,6.86104,192.938,2.1581,2.11546065738,-0.0426393426248,False
m0_no_floor,EleutherAI/pythia-6.9b,1028,6.86104,195.035,2.1572,2.11457539051,-0.0426246094888,False
m0_no_floor,EleutherAI/pythia-6.9b,1029,6.86104,197.132,2.1564,2.11370215425,-0.0426978457476,False
m0_no_floor,EleutherAI/pythia-6.9b,1030,6.86104,199.229,2.1555,2.11284065971,-0.0426593402868,False
m0_no_floor,EleutherAI/pythia-6.9b,1031,6.86104,201.327,2.1547,2.11199022523,-0.0427097747721,False
m0_no_floor,EleutherAI/pythia-6.9b,1032,6.86104,203.424,2.1538,2.11115139185,-0.0426486081517,False
m0_no_floor,EleutherAI/pythia-6.9b,1033,6.86104,205.521,2.1531,2.11032349099,-0.0427765090058,False
m0_no_floor,EleutherAI/pythia-6.9b,1034,6.86104,207.618,2.1524,2.10950627079,-0.0428937292056,False
m0_no_floor,EleutherAI/pythia-6.9b,1035,6.86104,209.715,2.1515,2.10869948765,-0.0428005123499,False
m0_no_floor,EleutherAI/pythia-6.9b,1036,6.86104,211.812,2.1509,2.10790290588,-0.0429970941163,False
m0_no_floor,EleutherAI/pythia-6.9b,1037,6.86104,213.91,2.1499,2.10711592464,-0.0427840753619,False
m0_no_floor,EleutherAI/pythia-6.9b,1038,6.86104,216.007,2.1491,2.10633907323,-0.0427609267693,False
m0_no_floor,EleutherAI/pythia-6.9b,1039,6.86104,218.104,2.1485,2.10557176035,-0.0429282396502,False
m0_no_floor,EleutherAI/pythia-6.9b,1040,6.86104,220.201,2.1478,2.10481377884,-0.0429862211581,False
m0_no_floor,EleutherAI/pythia-6.9b,1041,6.86104,222.298,2.1472,2.10406492797,-0.0431350720295,False
m0_no_floor,EleutherAI/pythia-6.9b,1042,6.86104,224.395,2.1463,2.10332501316,-0.0429749868406,False
m0_no_floor,EleutherAI/pythia-6.9b,1043,6.86104,226.492,2.1457,2.10259384575,-0.043106154252,False
m0_no_floor,EleutherAI/pythia-6.9b,1044,6.86104,228.59,2.1449,2.10187090018,-0.0430290998158,False
m0_no_floor,EleutherAI/pythia-6.9b,1045,6.86104,230.687,2.1442,2.10115668806,-0.0430433119415,False
m0_no_floor,EleutherAI/pythia-6.9b,1046,6.86104,232.784,2.1436,2.10045069049,-0.0431493095079,False
m0_no_floor,EleutherAI/pythia-6.9b,1047,6.86104,234.881,2.1429,2.09975274027,-0.0431472597286,False
m0_no_floor,EleutherAI/pythia-6.9b,1048,6.86104,236.978,2.1421,2.09906267504,-0.0430373249591,False
m0_no_floor,EleutherAI/pythia-6.9b,1049,6.86104,239.075,2.1416,2.09838033712,-0.0432196628796,False
m0_no_floor,EleutherAI/pythia-6.9b,1050,6.86104,241.172,2.141,2.09770557333,-0.0432944266692,False
m0_no_floor,EleutherAI/pythia-6.9b,1051,6.86104,243.27,2.1402,2.09703791834,-0.0431620816588,False
m0_no_floor,EleutherAI/pythia-6.9b,1052,6.86104,245.367,2.1396,2.0963778639,-0.043222136105,False
m0_no_floor,EleutherAI/pythia-6.9b,1053,6.86104,247.464,2.139,2.09572494936,-0.0432750506425,False
m0_no_floor,EleutherAI/pythia-6.9b,1054,6.86104,249.561,2.1384,2.09507903797,-0.0433209620338,False
m0_no_floor,EleutherAI/pythia-6.9b,1055,6.86104,251.658,2.1377,2.0944399967,-0.0432600033006,False
m0_no_floor,EleutherAI/pythia-6.9b,1056,6.86104,253.755,2.1371,2.09380769614,-0.0432923038563,False
m0_no_floor,EleutherAI/pythia-6.9b,1057,6.86104,255.853,2.1365,2.09318171355,-0.0433182864459,False
m0_no_floor,EleutherAI/pythia-6.9b,1058,6.86104,257.95,2.136,2.09256252305,-0.0434374769466,False
m0_no_floor,EleutherAI/pythia-6.9b,1059,6.86104,260.047,2.1353,2.09194970538,-0.0433502946224,False
m0_no_floor,EleutherAI/pythia-6.9b,1060,6.86104,262.144,2.1347,2.09134314433,-0.043356855666,False
m0_no_floor,EleutherAI/pythia-6.9b,1061,6.86104,264.241,2.1342,2.09074272676,-0.0434572732436,False
m0_no_floor,EleutherAI/pythia-6.9b,1062,6.86104,266.338,2.1334,2.0901483424,-0.0432516575972,False
m0_no_floor,EleutherAI/pythia-6.9b,1063,6.86104,268.435,2.1331,2.08955988386,-0.0435401161423,False
m0_no_floor,EleutherAI/pythia-6.9b,1064,6.86104,270.533,2.1323,2.08897696997,-0.0433230300328,False
m0_no_floor,EleutherAI/pythia-6.9b,1065,6.86104,272.63,2.1318,2.08840005434,-0.0433999456638,False
m0_no_floor,EleutherAI/pythia-6.9b,1066,6.86104,274.727,2.1312,2.08782875826,-0.0433712417409,False
m0_no_floor,EleutherAI/pythia-6.9b,1067,6.86104,276.824,2.1307,2.08726298473,-0.0434370152742,False
m0_no_floor,EleutherAI/pythia-6.9b,1068,6.86104,278.921,2.1303,2.08670263912,-0.0435973608805,False
m0_no_floor,EleutherAI/pythia-6.9b,1069,6.86104,281.018,2.1297,2.08614762914,-0.0435523708594,False
m0_no_floor,EleutherAI/pythia-6.9b,1070,6.86104,283.116,2.1292,2.0855976038,-0.0436023961972,False
m0_no_floor,EleutherAI/pythia-6.9b,1071,6.86104,285.213,2.1286,2.08505299952,-0.043547000479,False
m0_no_floor,EleutherAI/pythia-6.9b,1072,6.86104,287.31,2.1281,2.08451346711,-0.0435865328929,False
m0_no_floor,EleutherAI/pythia-6.9b,1073,6.86104,289.407,2.1276,2.08397892282,-0.0436210771774,False
m0_no_floor,EleutherAI/pythia-6.9b,1074,6.86104,291.504,2.127,2.08344928491,-0.0435507150944,False
m0_no_floor,EleutherAI/pythia-6.9b,1075,6.86104,293.601,2.1266,2.08292447351,-0.0436755264898,False
m0_no_floor,EleutherAI/pythia-6.9b,1076,6.86104,295.698,2.126,2.08240441065,-0.0435955893514,False
m0_no_floor,EleutherAI/pythia-6.9b,1077,6.86104,297.796,2.1255,2.08188877546,-0.0436112245379,False
m0_no_floor,EleutherAI/pythia-6.9b,1078,6.86104,299.893,2.125,2.08137798503,-0.0436220149675,False
m0_shared_exponent,EleutherAI/pythia-6.9b,932,6.86104,0.134,4.0512,4.06770153896,0.016501538958,False
m0_shared_exponent,EleutherAI/pythia-6.9b,933,6.86104,0.268,3.6658,3.66780349721,0.00200349720597,False
m0_shared_exponent,EleutherAI/pythia-6.9b,934,6.86104,0.537,3.3494,3.34072087279,-0.00867912720994,False
m0_shared_exponent,EleutherAI/pythia-6.9b,935,6.86104,1.074,3.0899,3.07463302931,-0.0152669706913,False
m0_shared_exponent,EleutherAI/pythia-6.9b,936,6.86104,2.097,2.8818,2.86433310807,-0.0174668919307,False
m0_shared_exponent,EleutherAI/pythia-6.9b,937,6.86104,4.194,2.7039,2.68593059684,-0.0179694031638,False
m0_shared_exponent,EleutherAI/pythia-6.9b,938,6.86104,6.291,2.6151,2.59720963989,-0.0178903601051,False
m0_shared_exponent,EleutherAI/pythia-6.9b,939,6.86104,8.389,2.5577,2.54034280161,-0.0173571983908,False
m0_shared_exponent,EleutherAI/pythia-6.9b,940,6.86104,10.486,2.5161,2.49944558828,-0.016654411719,False
m0_shared_exponent,EleutherAI/pythia-6.9b,941,6.86104,12.583,2.4841,2.46796129766,-0.0161387023366,False
m0_shared_exponent,EleutherAI/pythia-6.9b,942,6.86104,14.68,2.4586,2.44262448,-0.0159755200035,False
m0_shared_exponent,EleutherAI/pythia-6.9b,943,6.86104,16.777,2.4371,2.42158410788,-0.0155158921221,False
m0_shared_exponent,EleutherAI/pythia-6.9b,944,6.86104,18.874,2.4187,2.40369718941,-0.0150028105936,False
m0_shared_exponent,EleutherAI/pythia-6.9b,945,6.86104,20.972,2.4032,2.38820534647,-0.0149946535251,False
m0_shared_exponent,EleutherAI/pythia-6.9b,946,6.86104,23.069,2.3889,2.37460477979,-0.0142952202138,False
m0_shared_exponent,EleutherAI/pythia-6.9b,947,6.86104,25.166,2.3764,2.36251614693,-0.013883853068,False
m0_shared_exponent,EleutherAI/pythia-6.9b,948,6.86104,27.263,2.3654,2.35166491328,-0.0137350867154,False
m0_shared_exponent,EleutherAI/pythia-6.9b,949,6.86104,29.36,2.3553,2.3418428984,-0.0134571016012,False
m0_shared_exponent,EleutherAI/pythia-6.9b,950,6.86104,31.457,2.3462,2.33288879298,-0.0133112070178,False
m0_shared_exponent,EleutherAI/pythia-6.9b,951,6.86104,33.554,2.3377,2.32467527902,-0.0130247209825,False
m0_shared_exponent,EleutherAI/pythia-6.9b,952,6.86104,35.652,2.3299,2.31709677806,-0.0128032219411,False
m0_shared_exponent,EleutherAI/pythia-6.9b,953,6.86104,37.749,2.3225,2.31007745303,-0.012422546969,False
m0_shared_exponent,EleutherAI/pythia-6.9b,954,6.86104,39.846,2.3161,2.30354519709,-0.0125548029077,False
m0_shared_exponent,EleutherAI/pythia-6.9b,955,6.86104,41.943,2.3096,2.29744312575,-0.0121568742461,False
m0_shared_exponent,EleutherAI/pythia-6.9b,956,6.86104,44.04,2.3038,2.29172343371,-0.0120765662859,False
m0_shared_exponent,EleutherAI/pythia-6.9b,957,6.86104,46.137,2.2982,2.28634559285,-0.0118544071492,False
m0_shared_exponent,EleutherAI/pythia-6.9b,958,6.86104,48.234,2.2929,2.28127497174,-0.0116250282626,False
m0_shared_exponent,EleutherAI/pythia-6.9b,959,6.86104,50.332,2.288,2.27647954059,-0.0115204594149,False
m0_shared_exponent,EleutherAI/pythia-6.9b,960,6.86104,52.429,2.2832,2.27193803986,-0.0112619601426,False
m0_shared_exponent,EleutherAI/pythia-6.9b,961,6.86104,54.526,2.2788,2.2676256169,-0.0111743831014,False
m0_shared_exponent,EleutherAI/pythia-6.9b,962,6.86104,56.623,2.2746,2.26352255089,-0.0110774491141,False
m0_shared_exponent,EleutherAI/pythia-6.9b,963,6.86104,58.72,2.2704,2.25961147094,-0.0107885290569,False
m0_shared_exponent,EleutherAI/pythia-6.9b,964,6.86104,60.817,2.2666,2.25587700382,-0.0107229961827,False
m0_shared_exponent,EleutherAI/pythia-6.9b,965,6.86104,62.915,2.2628,2.25230381821,-0.0104961817901,False
m0_shared_exponent,EleutherAI/pythia-6.9b,966,6.86104,65.012,2.2594,2.24888311969,-0.0105168803056,False
m0_shared_exponent,EleutherAI/pythia-6.9b,967,6.86104,67.109,2.2558,2.24560224121,-0.0101977587898,False
m0_shared_exponent,EleutherAI/pythia-6.9b,968,6.86104,69.206,2.2528,2.24245135911,-0.0103486408948,False
m0_shared_exponent,EleutherAI/pythia-6.9b,969,6.86104,71.303,2.2494,2.23942161146,-0.00997838853844,False
m0_shared_exponent,EleutherAI/pythia-6.9b,970,6.86104,73.4,2.2463,2.23650497889,-0.00979502110842,False
m0_shared_exponent,EleutherAI/pythia-6.9b,971,6.86104,75.497,2.2435,2.23369418304,-0.00980581696079,False
m0_shared_exponent,EleutherAI/pythia-6.9b,972,6.86104,77.595,2.2406,2.23098132935,-0.00961867064686,False
m0_shared_exponent,EleutherAI/pythia-6.9b,973,6.86104,79.692,2.238,2.22836295711,-0.00963704289034,False
m0_shared_exponent,EleutherAI/pythia-6.9b,974,6.86104,81.789,2.2352,2.22583222092,-0.00936777908289,False
m0_shared_exponent,EleutherAI/pythia-6.9b,975,6.86104,83.886,2.2327,2.22338405096,-0.00931594904202,False
m0_shared_exponent,EleutherAI/pythia-6.9b,976,6.86104,85.983,2.2301,2.22101378824,-0.00908621175812,False
m0_shared_exponent,EleutherAI/pythia-6.9b,977,6.86104,88.08,2.2278,2.21871714225,-0.00908285775278,False
m0_shared_exponent,EleutherAI/pythia-6.9b,978,6.86104,90.178,2.2253,2.21648910786,-0.00881089214311,False
m0_shared_exponent,EleutherAI/pythia-6.9b,979,6.86104,92.275,2.2231,2.21432814726,-0.00877185274082,False
m0_shared_exponent,EleutherAI/pythia-6.9b,980,6.86104,94.372,2.2212,2.21222979194,-0.00897020805847,False
m0_shared_exponent,EleutherAI/pythia-6.9b,981,6.86104,96.469,2.219,2.2101908963,-0.00880910370015,False
m0_shared_exponent,EleutherAI/pythia-6.9b,982,6.86104,98.566,2.2169,2.20820853683,-0.00869146316521,False
m0_shared_exponent,EleutherAI/pythia-6.9b,983,6.86104,100.663,2.2148,2.20627999214,-0.00852000786373,False
m0_shared_exponent,EleutherAI/pythia-6.9b,984,6.86104,102.76,2.2129,2.20440272505,-0.00849727495375,False
m0_shared_exponent,EleutherAI/pythia-6.9b,985,6.86104,104.858,2.211,2.20257350614,-0.00842649385985,False
m0_shared_exponent,EleutherAI/pythia-6.9b,986,6.86104,106.955,2.209,2.20079186355,-0.00820813644776,False
m0_shared_exponent,EleutherAI/pythia-6.9b,987,6.86104,109.052,2.2074,2.19905484043,-0.00834515957316,False
m0_shared_exponent,EleutherAI/pythia-6.9b,988,6.86104,111.149,2.2056,2.19736049299,-0.00823950700926,False
m0_shared_exponent,EleutherAI/pythia-6.9b,989,6.86104,113.246,2.2038,2.1957069968,-0.00809300319519,False
m0_shared_exponent,EleutherAI/pythia-6.9b,990,6.86104,115.343,2.2021,2.19409263739,-0.00800736261215,False
m0_shared_exponent,EleutherAI/pythia-6.9b,991,6.86104,117.441,2.2005,2.19251505849,-0.00798494150992,False
m0_shared_exponent,EleutherAI/pythia-6.9b,992,6.86104,119.538,2.1987,2.19097424419,-0.00772575580786,False
m0_shared_exponent,EleutherAI/pythia-6.9b,993,6.86104,121.635,2.1973,2.18946800134,-0.00783199866062,False
m0_shared_exponent,EleutherAI/pythia-6.9b,994,6.86104,123.732,2.1957,2.18799497798,-0.00770502201624,False
m0_shared_exponent,EleutherAI/pythia-6.9b,995,6.86104,125.829,2.1941,2.18655389683,-0.00754610317312,False
m0_shared_exponent,EleutherAI/pythia-6.9b,996,6.86104,127.926,2.1927,2.18514354994,-0.00755645006496,False
m0_shared_exponent,EleutherAI/pythia-6.9b,997,6.86104,130.023,2.1914,2.18376279391,-0.0076372060918,False
m0_shared_exponent,EleutherAI/pythia-6.9b,998,6.86104,132.121,2.1899,2.18240990724,-0.00749009275701,False
m0_shared_exponent,EleutherAI/pythia-6.9b,999,6.86104,134.218,2.1884,2.181085152,-0.00731484799777,False
m0_shared_exponent,EleutherAI/pythia-6.9b,1000,6.86104,136.315,2.1872,2.17978690175,-0.00741309824978,False
m0_shared_exponent,EleutherAI/pythia-6.9b,1001,6.86104,138.412,2.1859,2.17851423052,-0.00738576948097,False
m0_shared_exponent,EleutherAI/pythia-6.9b,1002,6.86104,140.509,2.1845,2.1772662581,-0.00723374190146,False
m0_shared_exponent,EleutherAI/pythia-6.9b,1003,6.86104,142.606,2.1832,2.17604214713,-0.00715785286778,False
m0_shared_exponent,EleutherAI/pythia-6.9b,1004,6.86104,144.703,2.1819,2.17484110044,-0.00705889956314,False
m0_shared_exponent,EleutherAI/pythia-6.9b,1005,6.86104,146.801,2.1807,2.17366180162,-0.00703819837833,False
m0_shared_exponent,EleutherAI/pythia-6.9b,1006,6.86104,148.898,2.1795,2.17250465054,-0.00699534946119,False
m0_shared_exponent,EleutherAI/pythia-6.9b,1007,6.86104,150.995,2.1783,2.17136838904,-0.00693161095824,False
m0_shared_exponent,EleutherAI/pythia-6.9b,1008,6.86104,153.092,2.1772,2.17025235767,-0.00694764233437,False
m0_shared_exponent,EleutherAI/pythia-6.9b,1009,6.86104,155.189,2.176,2.16915592644,-0.00684407356403,False
m0_shared_exponent,EleutherAI/pythia-6.9b,1010,6.86104,157.286,2.1748,2.16807849317,-0.00672150682737,False
m0_shared_exponent,EleutherAI/pythia-6.9b,1011,6.86104,159.384,2.1738,2.16701898121,-0.00678101879434,False
m0_shared_exponent,EleutherAI/pythia-6.9b,1012,6.86104,161.481,2.1726,2.16597784913,-0.00662215087253,False
m0_shared_exponent,EleutherAI/pythia-6.9b,1013,6.86104,163.578,2.1717,2.16495405976,-0.00674594024455,False
m0_shared_exponent,EleutherAI/pythia-6.9b,1014,6.86104,165.675,2.1704,2.16394710737,-0.00645289263197,False
m0_shared_exponent,EleutherAI/pythia-6.9b,1015,6.86104,167.772,2.1696,2.16295650716,-0.00664349284496,False
m0_shared_exponent,EleutherAI/pythia-6.9b,1016,6.86104,169.869,2.1684,2.1619817941,-0.0064182058955,False
m0_shared_exponent,EleutherAI/pythia-6.9b,1017,6.86104,171.966,2.1673,2.16102252196,-0.00627747803849,False
m0_shared_exponent,EleutherAI/pythia-6.9b,1018,6.86104,174.064,2.1664,2.16007781548,-0.0063221845218,False
m0_shared_exponent,EleutherAI/pythia-6.9b,1019,6.86104,176.161,2.1654,2.15914816347,-0.00625183652925,False
m0_shared_exponent,EleutherAI/pythia-6.9b,1020,6.86104,178.258,2.1645,2.15823271652,-0.00626728347656,False
m0_shared_exponent,EleutherAI/pythia-6.9b,1021,6.86104,180.355,2.1635,2.15733109427,-0.00616890573312,False
m0_shared_exponent,EleutherAI/pythia-6.9b,1022,6.86104,182.452,2.1625,2.15644293079,-0.00605706921091,False
m0_shared_exponent,EleutherAI/pythia-6.9b,1023,6.86104,184.549,2.1616,2.15556787393,-0.00603212607268,False
m0_shared_exponent,EleutherAI/pythia-6.9b,1024,6.86104,186.647,2.1609,2.15470517639,-0.00619482360599,False
m0_shared_exponent,EleutherAI/pythia-6.9b,1025,6.86104,188.744,2.16,2.15385533384,-0.00614466616049,False
m0_shared_exponent,EleutherAI/pythia-6.9b,1026,6.86104,190.841,2.159,2.1530176173,-0.00598238270433,False
m0_shared_exponent,EleutherAI/pythia-6.9b,1027,6.86104,192.938,2.1581,2.15219172332,-0.00590827667732,False
m0_shared_exponent,EleutherAI/pythia-6.9b,1028,6.86104,195.035,2.1572,2.15137735927,-0.00582264073285,False
m0_shared_exponent,EleutherAI/pythia-6.9b,1029,6.86104,197.132,2.1564,2.15057424277,-0.00582575723238,False
m0_shared_exponent,EleutherAI/pythia-6.9b,1030,6.86104,199.229,2.1555,2.14978210129,-0.00571789871231,False
m0_shared_exponent,EleutherAI/pythia-6.9b,1031,6.86104,201.327,2.1547,2.14900030155,-0.00569969845216,False
m0_shared_exponent,EleutherAI/pythia-6.9b,1032,6.86104,203.424,2.1538,2.14822933454,-0.00557066545508,False
m0_shared_exponent,EleutherAI/pythia-6.9b,1033,6.86104,205.521,2.1531,2.1474685795,-0.00563142050334,False
m0_shared_exponent,EleutherAI/pythia-6.9b,1034,6.86104,207.618,2.1524,2.14671779899,-0.0056822010056,False
m0_shared_exponent,EleutherAI/pythia-6.9b,1035,6.86104,209.715,2.1515,2.14597676348,-0.00552323652417,False
m0_shared_exponent,EleutherAI/pythia-6.9b,1036,6.86104,211.812,2.1509,2.14524525089,-0.00565474910969,False
m0_shared_exponent,EleutherAI/pythia-6.9b,1037,6.86104,213.91,2.1499,2.14452270417,-0.00537729583029,False
m0_shared_exponent,EleutherAI/pythia-6.9b,1038,6.86104,216.007,2.1491,2.14380960407,-0.00529039593414,False
m0_shared_exponent,EleutherAI/pythia-6.9b,1039,6.86104,218.104,2.1485,2.14310540263,-0.0053945973735,False
m0_shared_exponent,EleutherAI/pythia-6.9b,1040,6.86104,220.201,2.1478,2.14240990484,-0.00539009516353,False
m0_shared_exponent,EleutherAI/pythia-6.9b,1041,6.86104,222.298,2.1472,2.14172292176,-0.00547707824022,False
m0_shared_exponent,EleutherAI/pythia-6.9b,1042,6.86104,224.395,2.1463,2.14104427029,-0.00525572970509,False
m0_shared_exponent,EleutherAI/pythia-6.9b,1043,6.86104,226.492,2.1457,2.14037377294,-0.00532622705795,False
m0_shared_exponent,EleutherAI/pythia-6.9b,1044,6.86104,228.59,2.1449,2.13971094352,-0.00518905647567,False
m0_shared_exponent,EleutherAI/pythia-6.9b,1045,6.86104,230.687,2.1442,2.13905624689,-0.0051437531052,False
m0_shared_exponent,EleutherAI/pythia-6.9b,1046,6.86104,232.784,2.1436,2.13840920325,-0.00519079674842,False
m0_shared_exponent,EleutherAI/pythia-6.9b,1047,6.86104,234.881,2.1429,2.13776965539,-0.0051303446056,False
m0_shared_exponent,EleutherAI/pythia-6.9b,1048,6.86104,236.978,2.1421,2.13713745072,-0.00496254928118,False
m0_shared_exponent,EleutherAI/pythia-6.9b,1049,6.86104,239.075,2.1416,2.13651244104,-0.00508755895734,False
m0_shared_exponent,EleutherAI/pythia-6.9b,1050,6.86104,241.172,2.141,2.13589448244,-0.00510551755966,False
m0_shared_exponent,EleutherAI/pythia-6.9b,1051,6.86104,243.27,2.1402,2.13528314532,-0.00491685467938,False
m0_shared_exponent,EleutherAI/pythia-6.9b,1052,6.86104,245.367,2.1396,2.13467887653,-0.00492112346794,False
m0_shared_exponent,EleutherAI/pythia-6.9b,1053,6.86104,247.464,2.139,2.13408125097,-0.00491874902642,False
m0_shared_exponent,EleutherAI/pythia-6.9b,1054,6.86104,249.561,2.1384,2.13349014024,-0.00490985976258,False
m0_shared_exponent,EleutherAI/pythia-6.9b,1055,6.86104,251.658,2.1377,2.13290541945,-0.00479458054972,False
m0_shared_exponent,EleutherAI/pythia-6.9b,1056,6.86104,253.755,2.1371,2.13232696715,-0.00477303285247,False
m0_shared_exponent,EleutherAI/pythia-6.9b,1057,6.86104,255.853,2.1365,2.13175439369,-0.00474560631303,False
m0_shared_exponent,EleutherAI/pythia-6.9b,1058,6.86104,257.95,2.136,2.13118812985,-0.00481187015148,False
m0_shared_exponent,EleutherAI/pythia-6.9b,1059,6.86104,260.047,2.1353,2.13062778932,-0.00467221067745,False
m0_shared_exponent,EleutherAI/pythia-6.9b,1060,6.86104,262.144,2.1347,2.13007326313,-0.00462673687195,False
m0_shared_exponent,EleutherAI/pythia-6.9b,1061,6.86104,264.241,2.1342,2.12952444514,-0.00467555485948,False
m0_shared_exponent,EleutherAI/pythia-6.9b,1062,6.86104,266.338,2.1334,2.128981232,-0.00441876800495,False
m0_shared_exponent,EleutherAI/pythia-6.9b,1063,6.86104,268.435,2.1331,2.12844352299,-0.00465647700642,False
m0_shared_exponent,EleutherAI/pythia-6.9b,1064,6.86104,270.533,2.1323,2.12791096745,-0.0043890325501,False
m0_shared_exponent,EleutherAI/pythia-6.9b,1065,6.86104,272.63,2.1318,2.12738397738,-0.00441602262195,False
m0_shared_exponent,EleutherAI/pythia-6.9b,1066,6.86104,274.727,2.1312,2.12686220444,-0.004337795559,False
m0_shared_exponent,EleutherAI/pythia-6.9b,1067,6.86104,276.824,2.1307,2.12634555775,-0.00435444224549,False
m0_shared_exponent,EleutherAI/pythia-6.9b,1068,6.86104,278.921,2.1303,2.12583394869,-0.00446605130921,False
m0_shared_exponent,EleutherAI/pythia-6.9b,1069,6.86104,281.018,2.1297,2.12532729081,-0.00437270919402,False
m0_shared_exponent,EleutherAI/pythia-6.9b,1070,6.86104,283.116,2.1292,2.12482526163,-0.00437473837163,False
m0_shared_exponent,EleutherAI/pythia-6.9b,1071,6.86104,285.213,2.1286,2.12432825742,-0.00427174257761,False
m0_shared_exponent,EleutherAI/pythia-6.9b,1072,6.86104,287.31,2.1281,2.12383595745,-0.00426404255336,False
m0_shared_exponent,EleutherAI/pythia-6.9b,1073,6.86104,289.407,2.1276,2.12334828332,-0.00425171667587,False
m0_shared_exponent,EleutherAI/pythia-6.9b,1074,6.86104,291.504,2.127,2.12286515854,-0.00413484146047,False
m0_shared_exponent,EleutherAI/pythia-6.9b,1075,6.86104,293.601,2.1266,2.12238650838,-0.004213491618,False
m0_shared_exponent,EleutherAI/pythia-6.9b,1076,6.86104,295.698,2.126,2.12191225989,-0.00408774010996,False
m0_shared_exponent,EleutherAI/pythia-6.9b,1077,6.86104,297.796,2.1255,2.12144211873,-0.00405788127025,False
m0_shared_exponent,EleutherAI/pythia-6.9b,1078,6.86104,299.893,2.125,2.12097646343,-0.00402353656567,False
m0_current,EleutherAI/pythia-12b,1086,11.965825,0.134,4.0188,4.01888330999,8.33099880664e-05,True
m0_current,EleutherAI/pythia-12b,1087,11.965825,0.268,3.6351,3.63501436841,-8.56315877384e-05,True
m0_current,EleutherAI/pythia-12b,1088,11.965825,0.537,3.3185,3.31806713217,-0.000432867829709,True
m0_current,EleutherAI/pythia-12b,1089,11.965825,1.074,3.058,3.05778098474,-0.000219015262815,True
m0_current,EleutherAI/pythia-12b,1090,11.965825,2.097,2.8502,2.85015127496,-4.87250430483e-05,True
m0_current,EleutherAI/pythia-12b,1091,11.965825,4.194,2.6724,2.67237799022,-2.20097763211e-05,True
m0_current,EleutherAI/pythia-12b,1092,11.965825,6.291,2.5833,2.58329843426,-1.56574459798e-06,True
m0_current,EleutherAI/pythia-12b,1093,11.965825,8.389,2.5261,2.52593064841,-0.0001693515899,True
m0_current,EleutherAI/pythia-12b,1094,11.965825,10.486,2.4845,2.48452925094,2.92509369331e-05,True
m0_current,EleutherAI/pythia-12b,1095,11.965825,12.583,2.4527,2.45256872969,-0.000131270305397,True
m0_current,EleutherAI/pythia-12b,1096,11.965825,14.68,2.4268,2.42678972645,-1.02735508047e-05,True
m0_current,EleutherAI/pythia-12b,1097,11.965825,16.777,2.4053,2.40534022818,4.02281756773e-05,True
m0_current,EleutherAI/pythia-12b,1098,11.965825,18.874,2.3868,2.38707431714,0.000274317141217,True
m0_current,EleutherAI/pythia-12b,1099,11.965825,20.972,2.3713,2.37123020747,-6.9792534958e-05,True
m0_current,EleutherAI/pythia-12b,1100,11.965825,23.069,2.3573,2.3573013889,1.38890022194e-06,True
m0_current,EleutherAI/pythia-12b,1101,11.965825,25.166,2.345,2.34490564418,-9.43558151261e-05,True
m0_current,EleutherAI/pythia-12b,1102,11.965825,27.263,2.3334,2.33376609497,0.000366094968792,True
m0_current,EleutherAI/pythia-12b,1103,11.965825,29.36,2.3239,2.32367254235,-0.000227457649979,True
m0_current,EleutherAI/pythia-12b,1104,11.965825,31.457,2.3144,2.31446194067,6.19406741791e-05,True
m0_current,EleutherAI/pythia-12b,1105,11.965825,33.554,2.3061,2.30600547521,-9.45247903368e-05,True
m0_current,EleutherAI/pythia-12b,1106,11.965825,35.652,2.2981,2.29819616546,9.61654641141e-05,True
m0_current,EleutherAI/pythia-12b,1107,11.965825,37.749,2.291,2.29095726906,-4.27309366793e-05,True
m0_current,EleutherAI/pythia-12b,1108,11.965825,39.846,2.2841,2.28421558453,0.000115584529155,True
m0_current,EleutherAI/pythia-12b,1109,11.965825,41.943,2.2778,2.27791336642,0.000113366421782,True
m0_current,EleutherAI/pythia-12b,1110,11.965825,44.04,2.2722,2.27200205099,-0.000197949006628,True
m0_current,EleutherAI/pythia-12b,1111,11.965825,46.137,2.2664,2.26644043901,4.04390101947e-05,True
m0_current,EleutherAI/pythia-12b,1112,11.965825,48.234,2.2612,2.26119330269,-6.69731105818e-06,True
m0_current,EleutherAI/pythia-12b,1113,11.965825,50.332,2.2563,2.25622800073,-7.19992724938e-05,True
m0_current,EleutherAI/pythia-12b,1114,11.965825,52.429,2.2516,2.25152295881,-7.70411866315e-05,True
m0_current,EleutherAI/pythia-12b,1115,11.965825,54.526,2.2471,2.24705281344,-4.71865614582e-05,True
m0_current,EleutherAI/pythia-12b,1116,11.965825,56.623,2.2428,2.24279745745,-2.54254523258e-06,True
m0_current,EleutherAI/pythia-12b,1117,11.965825,58.72,2.239,2.23873917041,-0.000260829590615,True
m0_current,EleutherAI/pythia-12b,1118,11.965825,60.817,2.2349,2.23486226176,-3.77382420806e-05,True
m0_current,EleutherAI/pythia-12b,1119,11.965825,62.915,2.2312,2.23115104661,-4.89533866879e-05,True
m0_current,EleutherAI/pythia-12b,1120,11.965825,65.012,2.2277,2.2275965984,-0.000103401595323,True
m0_current,EleutherAI/pythia-12b,1121,11.965825,67.109,2.2243,2.22418594199,-0.000114058009256,True
m0_current,EleutherAI/pythia-12b,1122,11.965825,69.206,2.221,2.22090903241,-9.09675941441e-05,True
m0_current,EleutherAI/pythia-12b,1123,11.965825,71.303,2.2178,2.21775680423,-4.31957708007e-05,True
m0_current,EleutherAI/pythia-12b,1124,11.965825,73.4,2.2146,2.21472105053,0.000121050532946,True
m0_current,EleutherAI/pythia-12b,1125,11.965825,75.497,2.2119,2.21179431977,-0.000105680231807,True
m0_current,EleutherAI/pythia-12b,1126,11.965825,77.595,2.2089,2.20896850397,6.85039748087e-05,True
m0_current,EleutherAI/pythia-12b,1127,11.965825,79.692,2.2063,2.20624010148,-5.98985239035e-05,True
m0_current,EleutherAI/pythia-12b,1128,11.965825,81.789,2.2035,2.20360207433,0.000102074330827,True
m0_current,EleutherAI/pythia-12b,1129,11.965825,83.886,2.201,2.20104922433,4.92243275341e-05,True
m0_current,EleutherAI/pythia-12b,1130,11.965825,85.983,2.1986,2.19857677282,-2.32271806277e-05,True
m0_current,EleutherAI/pythia-12b,1131,11.965825,88.08,2.1962,2.19618031759,-1.96824053793e-05,True
m0_current,EleutherAI/pythia-12b,1132,11.965825,90.178,2.1939,2.19385470314,-4.52968602422e-05,True
m0_current,EleutherAI/pythia-12b,1133,11.965825,92.275,2.1917,2.19159838688,-0.000101613122109,True
m0_current,EleutherAI/pythia-12b,1134,11.965825,94.372,2.1894,2.18940676161,6.76161386304e-06,True
m0_current,EleutherAI/pythia-12b,1135,11.965825,96.469,2.1873,2.18727659572,-2.34042802978e-05,True
m0_current,EleutherAI/pythia-12b,1136,11.965825,98.566,2.1853,2.18520488484,-9.51151617872e-05,True
m0_current,EleutherAI/pythia-12b,1137,11.965825,100.663,2.1833,2.18318883146,-0.000111168536158,True
m0_current,EleutherAI/pythia-12b,1138,11.965825,102.76,2.1811,2.18122582674,0.000125826740281,True
m0_current,EleutherAI/pythia-12b,1139,11.965825,104.858,2.1794,2.17931253393,-8.74660665193e-05,True
m0_current,EleutherAI/pythia-12b,1140,11.965825,106.955,2.1775,2.17744849743,-5.1502566234e-05,True
m0_current,EleutherAI/pythia-12b,1141,11.965825,109.052,2.1756,2.17563065954,3.06595391626e-05,True
m0_current,EleutherAI/pythia-12b,1142,11.965825,111.149,2.174,2.17385701935,-0.000142980652146,True
m0_current,EleutherAI/pythia-12b,1143,11.965825,113.246,2.1721,2.17212569831,2.56983082383e-05,True
m0_current,EleutherAI/pythia-12b,1144,11.965825,115.343,2.1704,2.17043493063,3.49306349938e-05,True
m0_current,EleutherAI/pythia-12b,1145,11.965825,117.441,2.1688,2.16878227593,-1.77240733801e-05,True
m0_current,EleutherAI/pythia-12b,1146,11.965825,119.538,2.1672,2.16716774357,-3.2256427398e-05,True
m0_current,EleutherAI/pythia-12b,1147,11.965825,121.635,2.1655,2.16558906035,8.90603537322e-05,True
m0_current,EleutherAI/pythia-12b,1148,11.965825,123.732,2.1639,2.1640448325,0.000144832500457,True
m0_current,EleutherAI/pythia-12b,1149,11.965825,125.829,2.1627,2.16253374289,-0.000166257106649,True
m0_current,EleutherAI/pythia-12b,1150,11.965825,127.926,2.161,2.16105454565,5.45456531649e-05,True
m0_current,EleutherAI/pythia-12b,1151,11.965825,130.023,2.1595,2.15960606119,0.000106061194279,True
m0_current,EleutherAI/pythia-12b,1152,11.965825,132.121,2.158,2.15818650196,0.000186501955855,True
m0_current,EleutherAI/pythia-12b,1153,11.965825,134.218,2.1568,2.15679616057,-3.83943170323e-06,True
m0_current,EleutherAI/pythia-12b,1154,11.965825,136.315,2.1553,2.15543334705,0.000133347045933,True
m0_current,EleutherAI/pythia-12b,1155,11.965825,138.412,2.1542,2.15409710528,-0.000102894715461,True
m0_current,EleutherAI/pythia-12b,1156,11.965825,140.509,2.1529,2.15278652624,-0.000113473763198,True
m0_current,EleutherAI/pythia-12b,1157,11.965825,142.606,2.1515,2.15150074493,7.44934820052e-07,True
m0_current,EleutherAI/pythia-12b,1158,11.965825,144.703,2.1504,2.15023893774,-0.000161062258365,True
m0_current,EleutherAI/pythia-12b,1159,11.965825,146.801,2.1491,2.14899973456,-0.000100265439375,True
m0_current,EleutherAI/pythia-12b,1160,11.965825,148.898,2.1478,2.14778356802,-1.64319842271e-05,True
m0_current,EleutherAI/pythia-12b,1161,11.965825,150.995,2.1464,2.14658912785,0.000189127853586,True
m0_current,EleutherAI/pythia-12b,1162,11.965825,153.092,2.1456,2.14541573219,-0.00018426780803,True
m0_current,EleutherAI/pythia-12b,1163,11.965825,155.189,2.1442,2.14426272952,6.27295187843e-05,True
m0_current,EleutherAI/pythia-12b,1164,11.965825,157.286,2.143,2.14312949695,0.000129496950435,True
m0_current,EleutherAI/pythia-12b,1165,11.965825,159.384,2.1421,2.14201491183,-8.50881685963e-05,True
m0_current,EleutherAI/pythia-12b,1166,11.965825,161.481,2.1411,2.14091946609,-0.000180533912039,True
m0_current,EleutherAI/pythia-12b,1167,11.965825,163.578,2.1399,2.13984207767,-5.79223346566e-05,True
m0_current,EleutherAI/pythia-12b,1168,11.965825,165.675,2.1388,2.13878222308,-1.77769221268e-05,True
m0_current,EleutherAI/pythia-12b,1169,11.965825,167.772,2.1378,2.1377394004,-6.05996016181e-05,True
m0_current,EleutherAI/pythia-12b,1170,11.965825,169.869,2.1368,2.13671312811,-8.68718859577e-05,True
m0_current,EleutherAI/pythia-12b,1171,11.965825,171.966,2.1358,2.13570294406,-9.7055943812e-05,True
m0_current,EleutherAI/pythia-12b,1172,11.965825,174.064,2.1347,2.13470793379,7.93379414032e-06,True
m0_current,EleutherAI/pythia-12b,1173,11.965825,176.161,2.1337,2.13372861927,2.86192721042e-05,True
m0_current,EleutherAI/pythia-12b,1174,11.965825,178.258,2.1328,2.13276411264,-3.5887362646e-05,True
m0_current,EleutherAI/pythia-12b,1175,11.965825,180.355,2.1318,2.1318140197,1.40196964784e-05,True
m0_current,EleutherAI/pythia-12b,1176,11.965825,182.452,2.1309,2.13087796118,-2.20388217151e-05,True
m0_current,EleutherAI/pythia-12b,1177,11.965825,184.549,2.1298,2.12995557201,0.000155572005097,True
m0_current,EleutherAI/pythia-12b,1178,11.965825,186.647,2.129,2.12904607022,4.60702195895e-05,True
m0_current,EleutherAI/pythia-12b,1179,11.965825,188.744,2.1281,2.128149984,4.99840018464e-05,True
m0_current,EleutherAI/pythia-12b,1180,11.965825,190.841,2.1272,2.12726655025,6.65502503705e-05,True
m0_current,EleutherAI/pythia-12b,1181,11.965825,192.938,2.1264,2.1263954542,-4.54579611597e-06,True
m0_current,EleutherAI/pythia-12b,1182,11.965825,195.035,2.1256,2.12553639224,-6.36077553553e-05,True
m0_current,EleutherAI/pythia-12b,1183,11.965825,197.132,2.1248,2.12468907139,-0.000110928610855,True
m0_current,EleutherAI/pythia-12b,1184,11.965825,199.229,2.1238,2.12385320881,5.32088072154e-05,True
m0_current,EleutherAI/pythia-12b,1185,11.965825,201.327,2.123,2.12302814073,2.81407282081e-05,True
m0_current,EleutherAI/pythia-12b,1186,11.965825,203.424,2.1223,2.12221438972,-8.56102841102e-05,True
m0_current,EleutherAI/pythia-12b,1187,11.965825,205.521,2.1214,2.12141130487,1.13048661752e-05,True
m0_current,EleutherAI/pythia-12b,1188,11.965825,207.618,2.1206,2.12061863966,1.86396631072e-05,True
m0_current,EleutherAI/pythia-12b,1189,11.965825,209.715,2.1199,2.11983615571,-6.38442949925e-05,True
m0_current,EleutherAI/pythia-12b,1190,11.965825,211.812,2.119,2.11906362236,6.36223594181e-05,True
m0_current,EleutherAI/pythia-12b,1191,11.965825,213.91,2.1183,2.11830045496,4.54961218921e-07,True
m0_current,EleutherAI/pythia-12b,1192,11.965825,216.007,2.1175,2.11754716489,4.71648865621e-05,True
m0_current,EleutherAI/pythia-12b,1193,11.965825,218.104,2.1168,2.11680317686,3.17685593609e-06,True
m0_current,EleutherAI/pythia-12b,1194,11.965825,220.201,2.1161,2.11606828821,-3.17117912849e-05,True
m0_current,EleutherAI/pythia-12b,1195,11.965825,222.298,2.1152,2.11534230258,0.000142302576122,True
m0_current,EleutherAI/pythia-12b,1196,11.965825,224.395,2.1147,2.11462502963,-7.4970371279e-05,True
m0_current,EleutherAI/pythia-12b,1197,11.965825,226.492,2.1139,2.11391628484,1.62848362959e-05,True
m0_current,EleutherAI/pythia-12b,1198,11.965825,228.59,2.1133,2.1132155572,-8.44427955795e-05,True
m0_current,EleutherAI/pythia-12b,1199,11.965825,230.687,2.1125,2.11252334106,2.33410550496e-05,True
m0_current,EleutherAI/pythia-12b,1200,11.965825,232.784,2.1119,2.11183913196,-6.08680439362e-05,True
m0_current,EleutherAI/pythia-12b,1201,11.965825,234.881,2.1112,2.1111627664,-3.72336011383e-05,True
m0_current,EleutherAI/pythia-12b,1202,11.965825,236.978,2.1105,2.11049408564,-5.91436431119e-06,True
m0_current,EleutherAI/pythia-12b,1203,11.965825,239.075,2.1099,2.1098329355,-6.70644996617e-05,True
m0_current,EleutherAI/pythia-12b,1204,11.965825,241.172,2.1092,2.10917916624,-2.08337628793e-05,True
m0_current,EleutherAI/pythia-12b,1205,11.965825,243.27,2.1085,2.10853232573,3.23257272368e-05,True
m0_current,EleutherAI/pythia-12b,1206,11.965825,245.367,2.1079,2.10789288912,-7.11087567895e-06,True
m0_current,EleutherAI/pythia-12b,1207,11.965825,247.464,2.1072,2.10726040893,6.0408929186e-05,True
m0_current,EleutherAI/pythia-12b,1208,11.965825,249.561,2.1066,2.10663475147,3.47514696419e-05,True
m0_current,EleutherAI/pythia-12b,1209,11.965825,251.658,2.1059,2.10601578674,0.000115786737869,True
m0_current,EleutherAI/pythia-12b,1210,11.965825,253.755,2.1055,2.10540338826,-9.66117395667e-05,True
m0_current,EleutherAI/pythia-12b,1211,11.965825,255.853,2.1047,2.10479714553,9.71455288274e-05,True
m0_current,EleutherAI/pythia-12b,1212,11.965825,257.95,2.1042,2.10419751665,-2.48335172337e-06,True
m0_current,EleutherAI/pythia-12b,1213,11.965825,260.047,2.1036,2.10360409454,4.09453616745e-06,True
m0_current,EleutherAI/pythia-12b,1214,11.965825,262.144,2.1031,2.10301676567,-8.32343332919e-05,True
m0_current,EleutherAI/pythia-12b,1215,11.965825,264.241,2.1024,2.10243541948,3.54194775798e-05,True
m0_current,EleutherAI/pythia-12b,1216,11.965825,266.338,2.102,2.10185994827,-0.000140051730213,True
m0_current,EleutherAI/pythia-12b,1217,11.965825,268.435,2.1013,2.10129024711,-9.7528883467e-06,True
m0_current,EleutherAI/pythia-12b,1218,11.965825,270.533,2.1008,2.10072594611,-7.40538887074e-05,True
m0_current,EleutherAI/pythia-12b,1219,11.965825,272.63,2.1001,2.1001674835,6.74835020629e-05,True
m0_current,EleutherAI/pythia-12b,1220,11.965825,274.727,2.0998,2.0996144918,-0.000185508196449,True
m0_current,EleutherAI/pythia-12b,1221,11.965825,276.824,2.099,2.09906687627,6.68762704494e-05,True
m0_current,EleutherAI/pythia-12b,1222,11.965825,278.921,2.0986,2.0985245445,-7.54554998466e-05,True
m0_current,EleutherAI/pythia-12b,1223,11.965825,281.018,2.098,2.09798740636,-1.25936422664e-05,True
m0_current,EleutherAI/pythia-12b,1224,11.965825,283.116,2.0975,2.0974551214,-4.48786031457e-05,True
m0_current,EleutherAI/pythia-12b,1225,11.965825,285.213,2.0969,2.09692811119,2.81111922158e-05,True
m0_current,EleutherAI/pythia-12b,1226,11.965825,287.31,2.0964,2.09640603707,6.03707037694e-06,True
m0_current,EleutherAI/pythia-12b,1227,11.965825,289.407,2.0959,2.09588881727,-1.11827253257e-05,True
m0_current,EleutherAI/pythia-12b,1228,11.965825,291.504,2.0954,2.09537637198,-2.3628017507e-05,True
m0_current,EleutherAI/pythia-12b,1229,11.965825,293.601,2.0949,2.09486862325,-3.13767540043e-05,True
m0_current,EleutherAI/pythia-12b,1230,11.965825,295.698,2.0945,2.09436549494,-0.000134505064933,True
m0_current,EleutherAI/pythia-12b,1231,11.965825,297.796,2.0938,2.093866676,6.6675995456e-05,True
m0_current,EleutherAI/pythia-12b,1232,11.965825,299.893,2.0933,2.09337256926,7.25692598187e-05,True
m0_no_floor,EleutherAI/pythia-12b,1086,11.965825,0.134,4.0188,3.91397973346,-0.104820266538,True
m0_no_floor,EleutherAI/pythia-12b,1087,11.965825,0.268,3.6351,3.53544405799,-0.0996559420103,True
m0_no_floor,EleutherAI/pythia-12b,1088,11.965825,0.537,3.3185,3.22182443703,-0.0966755629656,True
m0_no_floor,EleutherAI/pythia-12b,1089,11.965825,1.074,3.058,2.96338428718,-0.0946157128204,True
m0_no_floor,EleutherAI/pythia-12b,1090,11.965825,2.097,2.8502,2.75652989131,-0.0936701086857,True
m0_no_floor,EleutherAI/pythia-12b,1091,11.965825,4.194,2.6724,2.57882276962,-0.0935772303841,True
m0_no_floor,EleutherAI/pythia-12b,1092,11.965825,6.291,2.5833,2.48953061505,-0.0937693849481,True
m0_no_floor,EleutherAI/pythia-12b,1093,11.965825,8.389,2.5261,2.4319265942,-0.0941734057961,True
m0_no_floor,EleutherAI/pythia-12b,1094,11.965825,10.486,2.4845,2.39030193463,-0.0941980653662,True
m0_no_floor,EleutherAI/pythia-12b,1095,11.965825,12.583,2.4527,2.3581367327,-0.0945632673004,True
m0_no_floor,EleutherAI/pythia-12b,1096,11.965825,14.68,2.4268,2.33217098902,-0.0946290109782,True
m0_no_floor,EleutherAI/pythia-12b,1097,11.965825,16.777,2.4053,2.3105507062,-0.0947492938029,True
m0_no_floor,EleutherAI/pythia-12b,1098,11.965825,18.874,2.3868,2.29212789235,-0.0946721076528,True
m0_no_floor,EleutherAI/pythia-12b,1099,11.965825,20.972,2.3713,2.27613884587,-0.0951611541282,True
m0_no_floor,EleutherAI/pythia-12b,1100,11.965825,23.069,2.3573,2.26207562156,-0.0952243784368,True
m0_no_floor,EleutherAI/pythia-12b,1101,11.965825,25.166,2.345,2.24955461233,-0.0954453876687,True
m0_no_floor,EleutherAI/pythia-12b,1102,11.965825,27.263,2.3334,2.23829783726,-0.0951021627436,True
m0_no_floor,EleutherAI/pythia-12b,1103,11.965825,29.36,2.3239,2.22809417209,-0.0958058279108,True
m0_no_floor,EleutherAI/pythia-12b,1104,11.965825,31.457,2.3144,2.21877979029,-0.0956202097143,True
m0_no_floor,EleutherAI/pythia-12b,1105,11.965825,33.554,2.3061,2.21022521392,-0.0958747860787,True
m0_no_floor,EleutherAI/pythia-12b,1106,11.965825,35.652,2.2981,2.20232285233,-0.0957771476728,True
m0_no_floor,EleutherAI/pythia-12b,1107,11.965825,37.749,2.291,2.19499556381,-0.0960044361872,True
m0_no_floor,EleutherAI/pythia-12b,1108,11.965825,39.846,2.2841,2.18816967901,-0.0959303209914,True
m0_no_floor,EleutherAI/pythia-12b,1109,11.965825,41.943,2.2778,2.18178708461,-0.0960129153883,True
m0_no_floor,EleutherAI/pythia-12b,1110,11.965825,44.04,2.2722,2.1757988947,-0.0964011053047,True
m0_no_floor,EleutherAI/pythia-12b,1111,11.965825,46.137,2.2664,2.17016362638,-0.0962363736151,True
m0_no_floor,EleutherAI/pythia-12b,1112,11.965825,48.234,2.2612,2.16484580097,-0.096354199034,True
m0_no_floor,EleutherAI/pythia-12b,1113,11.965825,50.332,2.2563,2.15981252235,-0.0964874776485,True
m0_no_floor,EleutherAI/pythia-12b,1114,11.965825,52.429,2.2516,2.15504208192,-0.0965579180779,True
m0_no_floor,EleutherAI/pythia-12b,1115,11.965825,54.526,2.2471,2.15050890479,-0.0965910952075,True
m0_no_floor,EleutherAI/pythia-12b,1116,11.965825,56.623,2.2428,2.14619272341,-0.0966072765867,True
m0_no_floor,EleutherAI/pythia-12b,1117,11.965825,58.72,2.239,2.14207567256,-0.0969243274418,True
m0_no_floor,EleutherAI/pythia-12b,1118,11.965825,60.817,2.2349,2.13814193058,-0.0967580694156,True
m0_no_floor,EleutherAI/pythia-12b,1119,11.965825,62.915,2.2312,2.1343756677,-0.0968243323014,True
m0_no_floor,EleutherAI/pythia-12b,1120,11.965825,65.012,2.2277,2.13076790128,-0.0969320987171,True
m0_no_floor,EleutherAI/pythia-12b,1121,11.965825,67.109,2.2243,2.12730553044,-0.0969944695592,True
m0_no_floor,EleutherAI/pythia-12b,1122,11.965825,69.206,2.221,2.12397841945,-0.0970215805498,True
m0_no_floor,EleutherAI/pythia-12b,1123,11.965825,71.303,2.2178,2.12077741957,-0.0970225804342,True
m0_no_floor,EleutherAI/pythia-12b,1124,11.965825,73.4,2.2146,2.11769424718,-0.0969057528189,True
m0_no_floor,EleutherAI/pythia-12b,1125,11.965825,75.497,2.2119,2.11472138003,-0.097178619971,True
m0_no_floor,EleutherAI/pythia-12b,1126,11.965825,77.595,2.2089,2.11185062365,-0.0970493763483,True
m0_no_floor,EleutherAI/pythia-12b,1127,11.965825,79.692,2.2063,2.10907845867,-0.0972215413319,True
m0_no_floor,EleutherAI/pythia-12b,1128,11.965825,81.789,2.2035,2.10639776928,-0.0971022307189,True
m0_no_floor,EleutherAI/pythia-12b,1129,11.965825,83.886,2.201,2.10380330509,-0.097196694909,True
m0_no_floor,EleutherAI/pythia-12b,1130,11.965825,85.983,2.1986,2.10129023886,-0.0973097611389,True
m0_no_floor,EleutherAI/pythia-12b,1131,11.965825,88.08,2.1962,2.09885412307,-0.0973458769334,True
m0_no_floor,EleutherAI/pythia-12b,1132,11.965825,90.178,2.1939,2.0964897416,-0.097410258397,True
m0_no_floor,EleutherAI/pythia-12b,1133,11.965825,92.275,2.1917,2.09419554924,-0.0975044507562,True
m0_no_floor,EleutherAI/pythia-12b,1134,11.965825,94.372,2.1894,2.09196688302,-0.0974331169847,True
m0_no_floor,EleutherAI/pythia-12b,1135,11.965825,96.469,2.1873,2.0898004765,-0.0974995234992,True
m0_no_floor,EleutherAI/pythia-12b,1136,11.965825,98.566,2.1853,2.08769329267,-0.0976067073333,True
m0_no_floor,EleutherAI/pythia-12b,1137,11.965825,100.663,2.1833,2.08564250328,-0.0976574967242,True
m0_no_floor,EleutherAI/pythia-12b,1138,11.965825,102.76,2.1811,2.08364547053,-0.0974545294654,True
m0_no_floor,EleutherAI/pythia-12b,1139,11.965825,104.858,2.1794,2.08169881469,-0.0977011853145,True
m0_no_floor,EleutherAI/pythia-12b,1140,11.965825,106.955,2.1775,2.07980208617,-0.0976979138321,True
m0_no_floor,EleutherAI/pythia-12b,1141,11.965825,109.052,2.1756,2.07795218689,-0.0976478131062,True
m0_no_floor,EleutherAI/pythia-12b,1142,11.965825,111.149,2.174,2.07614709296,-0.0978529070432,True
m0_no_floor,EleutherAI/pythia-12b,1143,11.965825,113.246,2.1721,2.07438490403,-0.0977150959737,True
m0_no_floor,EleutherAI/pythia-12b,1144,11.965825,115.343,2.1704,2.07266383368,-0.0977361663215,True
m0_no_floor,EleutherAI/pythia-12b,1145,11.965825,117.441,2.1688,2.07098140787,-0.0978185921276,True
m0_no_floor,EleutherAI/pythia-12b,1146,11.965825,119.538,2.1672,2.06933764579,-0.0978623542144,True
m0_no_floor,EleutherAI/pythia-12b,1147,11.965825,121.635,2.1655,2.06773024222,-0.0977697577794,True
m0_no_floor,EleutherAI/pythia-12b,1148,11.965825,123.732,2.1639,2.06615778661,-0.0977422133865,True
m0_no_floor,EleutherAI/pythia-12b,1149,11.965825,125.829,2.1627,2.06461894586,-0.0980810541396,True
m0_no_floor,EleutherAI/pythia-12b,1150,11.965825,127.926,2.161,2.06311245886,-0.0978875411438,True
m0_no_floor,EleutherAI/pythia-12b,1151,11.965825,130.023,2.1595,2.0616371315,-0.097862868499,True
m0_no_floor,EleutherAI/pythia-12b,1152,11.965825,132.121,2.158,2.06019114989,-0.0978088501053,True
m0_no_floor,EleutherAI/pythia-12b,1153,11.965825,134.218,2.1568,2.05877481863,-0.0980251813676,True
m0_no_floor,EleutherAI/pythia-12b,1154,11.965825,136.315,2.1553,2.0573864224,-0.0979135775952,True
m0_no_floor,EleutherAI/pythia-12b,1155,11.965825,138.412,2.1542,2.05602499304,-0.0981750069639,True
m0_no_floor,EleutherAI/pythia-12b,1156,11.965825,140.509,2.1529,2.05468960993,-0.0982103900685,True
m0_no_floor,EleutherAI/pythia-12b,1157,11.965825,142.606,2.1515,2.05337939707,-0.0981206029301,True
m0_no_floor,EleutherAI/pythia-12b,1158,11.965825,144.703,2.1504,2.05209352023,-0.0983064797727,True
m0_no_floor,EleutherAI/pythia-12b,1159,11.965825,146.801,2.1491,2.05083058793,-0.0982694120668,True
m0_no_floor,EleutherAI/pythia-12b,1160,11.965825,148.898,2.1478,2.0495910457,-0.0982089543012,True
m0_no_floor,EleutherAI/pythia-12b,1161,11.965825,150.995,2.1464,2.04837356254,-0.0980264374577,True
m0_no_floor,EleutherAI/pythia-12b,1162,11.965825,153.092,2.1456,2.04717744762,-0.0984225523801,True
m0_no_floor,EleutherAI/pythia-12b,1163,11.965825,155.189,2.1442,2.04600204081,-0.0981979591886,True
m0_no_floor,EleutherAI/pythia-12b,1164,11.965825,157.286,2.143,2.04484671096,-0.0981532890393,True
m0_no_floor,EleutherAI/pythia-12b,1165,11.965825,159.384,2.1421,2.04371031713,-0.098389682867,True
m0_no_floor,EleutherAI/pythia-12b,1166,11.965825,161.481,2.1411,2.04259336439,-0.0985066356104,True
m0_no_floor,EleutherAI/pythia-12b,1167,11.965825,163.578,2.1399,2.04149475285,-0.0984052471547,True
m0_no_floor,EleutherAI/pythia-12b,1168,11.965825,165.675,2.1388,2.04041395192,-0.0983860480772,True
m0_no_floor,EleutherAI/pythia-12b,1169,11.965825,167.772,2.1378,2.03935045286,-0.0984495471371,True
m0_no_floor,EleutherAI/pythia-12b,1170,11.965825,169.869,2.1368,2.03830376757,-0.0984962324319,True
m0_no_floor,EleutherAI/pythia-12b,1171,11.965825,171.966,2.1358,2.03727342752,-0.0985265724794,True
m0_no_floor,EleutherAI/pythia-12b,1172,11.965825,174.064,2.1347,2.03625850273,-0.0984414972683,True
m0_no_floor,EleutherAI/pythia-12b,1173,11.965825,176.161,2.1337,2.03525952822,-0.0984404717829,True
m0_no_floor,EleutherAI/pythia-12b,1174,11.965825,178.258,2.1328,2.03427560087,-0.0985243991338,True
m0_no_floor,EleutherAI/pythia-12b,1175,11.965825,180.355,2.1318,2.03330632097,-0.0984936790257,True
m0_no_floor,EleutherAI/pythia-12b,1176,11.965825,182.452,2.1309,2.03235130395,-0.0985486960549,True
m0_no_floor,EleutherAI/pythia-12b,1177,11.965825,184.549,2.1298,2.03141017955,-0.0983898204462,True
m0_no_floor,EleutherAI/pythia-12b,1178,11.965825,186.647,2.129,2.03048215209,-0.0985178479128,True
m0_no_floor,EleutherAI/pythia-12b,1179,11.965825,188.744,2.1281,2.02956776257,-0.0985322374305,True
m0_no_floor,EleutherAI/pythia-12b,1180,11.965825,190.841,2.1272,2.02866623436,-0.0985337656408,True
m0_no_floor,EleutherAI/pythia-12b,1181,11.965825,192.938,2.1264,2.02777724819,-0.0986227518144,True
m0_no_floor,EleutherAI/pythia-12b,1182,11.965825,195.035,2.1256,2.02690049606,-0.0986995039351,True
m0_no_floor,EleutherAI/pythia-12b,1183,11.965825,197.132,2.1248,2.02603568078,-0.0987643192161,True
m0_no_floor,EleutherAI/pythia-12b,1184,11.965825,199.229,2.1238,2.02518251541,-0.0986174845856,True
m0_no_floor,EleutherAI/pythia-12b,1185,11.965825,201.327,2.123,2.0243403241,-0.0986596759038,True
m0_no_floor,EleutherAI/pythia-12b,1186,11.965825,203.424,2.1223,2.02350964186,-0.0987903581366,True
m0_no_floor,EleutherAI/pythia-12b,1187,11.965825,205.521,2.1214,2.02268980587,-0.0987101941294,True
m0_no_floor,EleutherAI/pythia-12b,1188,11.965825,207.618,2.1206,2.02188056598,-0.0987194340219,True
m0_no_floor,EleutherAI/pythia-12b,1189,11.965825,209.715,2.1199,2.02108168027,-0.0988183197327,True
m0_no_floor,EleutherAI/pythia-12b,1190,11.965825,211.812,2.119,2.02029291469,-0.0987070853079,True
m0_no_floor,EleutherAI/pythia-12b,1191,11.965825,213.91,2.1183,2.01951367365,-0.0987863263501,True
m0_no_floor,EleutherAI/pythia-12b,1192,11.965825,216.007,2.1175,2.01874448062,-0.0987555193811,True
m0_no_floor,EleutherAI/pythia-12b,1193,11.965825,218.104,2.1168,2.01798474949,-0.0988152505095,True
m0_no_floor,EleutherAI/pythia-12b,1194,11.965825,220.201,2.1161,2.01723427456,-0.0988657254358,True
m0_no_floor,EleutherAI/pythia-12b,1195,11.965825,222.298,2.1152,2.01649285652,-0.0987071434838,True
m0_no_floor,EleutherAI/pythia-12b,1196,11.965825,224.395,2.1147,2.01576030214,-0.0989396978564,True
m0_no_floor,EleutherAI/pythia-12b,1197,11.965825,226.492,2.1139,2.01503642412,-0.0988635758783,True
m0_no_floor,EleutherAI/pythia-12b,1198,11.965825,228.59,2.1133,2.01432070162,-0.0989792983753,True
m0_no_floor,EleutherAI/pythia-12b,1199,11.965825,230.687,2.1125,2.01361364062,-0.0988863593775,True
m0_no_floor,EleutherAI/pythia-12b,1200,11.965825,232.784,2.1119,2.01291472693,-0.0989852730733,True
m0_no_floor,EleutherAI/pythia-12b,1201,11.965825,234.881,2.1112,2.01222379452,-0.0989762054777,True
m0_no_floor,EleutherAI/pythia-12b,1202,11.965825,236.978,2.1105,2.01154068222,-0.0989593177793,True
m0_no_floor,EleutherAI/pythia-12b,1203,11.965825,239.075,2.1099,2.01086523348,-0.0990347665214,True
m0_no_floor,EleutherAI/pythia-12b,1204,11.965825,241.172,2.1092,2.01019729622,-0.0990027037754,True
m0_no_floor,EleutherAI/pythia-12b,1205,11.965825,243.27,2.1085,2.00953640942,-0.0989635905817,True
m0_no_floor,EleutherAI/pythia-12b,1206,11.965825,245.367,2.1079,2.0088830594,-0.0990169405965,True
m0_no_floor,EleutherAI/pythia-12b,1207,11.965825,247.464,2.1072,2.00823678981,-0.0989632101885,True
m0_no_floor,EleutherAI/pythia-12b,1208,11.965825,249.561,2.1066,2.00759746488,-0.0990025351202,True
m0_no_floor,EleutherAI/pythia-12b,1209,11.965825,251.658,2.1059,2.00696495256,-0.0989350474381,True
m0_no_floor,EleutherAI/pythia-12b,1210,11.965825,253.755,2.1055,2.0063391244,-0.0991608756042,True
m0_no_floor,EleutherAI/pythia-12b,1211,11.965825,255.853,2.1047,2.00571956161,-0.0989804383886,True
m0_no_floor,EleutherAI/pythia-12b,1212,11.965825,257.95,2.1042,2.00510673312,-0.0990932668823,True
m0_no_floor,EleutherAI/pythia-12b,1213,11.965825,260.047,2.1036,2.00450022361,-0.0990997763919,True
m0_no_floor,EleutherAI/pythia-12b,1214,11.965825,262.144,2.1031,2.00389991775,-0.0992000822472,True
m0_no_floor,EleutherAI/pythia-12b,1215,11.965825,264.241,2.1024,2.00330570323,-0.0990942967715,True
m0_no_floor,EleutherAI/pythia-12b,1216,11.965825,266.338,2.102,2.00271747062,-0.0992825293838,True
m0_no_floor,EleutherAI/pythia-12b,1217,11.965825,268.435,2.1013,2.0021351133,-0.0991648866956,True
m0_no_floor,EleutherAI/pythia-12b,1218,11.965825,270.533,2.1008,2.0015582538,-0.0992417462015,True
m0_no_floor,EleutherAI/pythia-12b,1219,11.965825,272.63,2.1001,2.0009873407,-0.0991126593003,True
m0_no_floor,EleutherAI/pythia-12b,1220,11.965825,274.727,2.0998,2.00042199895,-0.0993780010501,True
m0_no_floor,EleutherAI/pythia-12b,1221,11.965825,276.824,2.099,1.99986213227,-0.0991378677277,True
m0_no_floor,EleutherAI/pythia-12b,1222,11.965825,278.921,2.0986,1.99930764677,-0.0992923532333,True
m0_no_floor,EleutherAI/pythia-12b,1223,11.965825,281.018,2.098,1.99875845083,-0.0992415491656,True
m0_no_floor,EleutherAI/pythia-12b,1224,11.965825,283.116,2.0975,1.99821419691,-0.0992858030853,True
m0_no_floor,EleutherAI/pythia-12b,1225,11.965825,285.213,2.0969,1.99767531659,-0.0992246834088,True
m0_no_floor,EleutherAI/pythia-12b,1226,11.965825,287.31,2.0964,1.99714146409,-0.0992585359066,True
m0_no_floor,EleutherAI/pythia-12b,1227,11.965825,289.407,2.0959,1.99661255632,-0.0992874436756,True
m0_no_floor,EleutherAI/pythia-12b,1228,11.965825,291.504,2.0954,1.99608851215,-0.0993114878498,True
m0_no_floor,EleutherAI/pythia-12b,1229,11.965825,293.601,2.0949,1.99556925234,-0.0993307476605,True
m0_no_floor,EleutherAI/pythia-12b,1230,11.965825,295.698,2.0945,1.99505469951,-0.099445300494,True
m0_no_floor,EleutherAI/pythia-12b,1231,11.965825,297.796,2.0938,1.99454453598,-0.0992554640218,True
m0_no_floor,EleutherAI/pythia-12b,1232,11.965825,299.893,2.0933,1.9940391742,-0.099260825801,True
m0_shared_exponent,EleutherAI/pythia-12b,1086,11.965825,0.134,4.0188,4.02222779962,0.00342779962162,True
m0_shared_exponent,EleutherAI/pythia-12b,1087,11.965825,0.268,3.6351,3.62609376619,-0.00900623380549,True
m0_shared_exponent,EleutherAI/pythia-12b,1088,11.965825,0.537,3.3185,3.30137511319,-0.0171248868095,True
m0_shared_exponent,EleutherAI/pythia-12b,1089,11.965825,1.074,3.058,3.03662762119,-0.0213723788113,True
m0_shared_exponent,EleutherAI/pythia-12b,1090,11.965825,2.097,2.8502,2.8269335517,-0.0232664483015,True
m0_shared_exponent,EleutherAI/pythia-12b,1091,11.965825,4.194,2.6724,2.64866036582,-0.0237396341848,True
m0_shared_exponent,EleutherAI/pythia-12b,1092,11.965825,6.291,2.5833,2.55984681518,-0.0234531848155,True
m0_shared_exponent,EleutherAI/pythia-12b,1093,11.965825,8.389,2.5261,2.50285758925,-0.0232424107516,True
m0_shared_exponent,EleutherAI/pythia-12b,1094,11.965825,10.486,2.4845,2.46183899996,-0.0226610000375,True
m0_shared_exponent,EleutherAI/pythia-12b,1095,11.965825,12.583,2.4527,2.43024090038,-0.0224590996184,True
m0_shared_exponent,EleutherAI/pythia-12b,1096,11.965825,14.68,2.4268,2.40479889302,-0.022001106975,True
m0_shared_exponent,EleutherAI/pythia-12b,1097,11.965825,16.777,2.4053,2.38366150927,-0.0216384907303,True
m0_shared_exponent,EleutherAI/pythia-12b,1098,11.965825,18.874,2.3868,2.36568494395,-0.0211150560493,True
m0_shared_exponent,EleutherAI/pythia-12b,1099,11.965825,20.972,2.3713,2.35010993793,-0.0211900620675,True
m0_shared_exponent,EleutherAI/pythia-12b,1100,11.965825,23.069,2.3573,2.33643200178,-0.020867998225,True
m0_shared_exponent,EleutherAI/pythia-12b,1101,11.965825,25.166,2.345,2.32427108029,-0.020728919715,True
m0_shared_exponent,EleutherAI/pythia-12b,1102,11.965825,27.263,2.3334,2.31335206169,-0.0200479383103,True
m0_shared_exponent,EleutherAI/pythia-12b,1103,11.965825,29.36,2.3239,2.30346627192,-0.020433728076,True
m0_shared_exponent,EleutherAI/pythia-12b,1104,11.965825,31.457,2.3144,2.29445197925,-0.0199480207459,True
m0_shared_exponent,EleutherAI/pythia-12b,1105,11.965825,33.554,2.3061,2.28618150299,-0.0199184970063,True
m0_shared_exponent,EleutherAI/pythia-12b,1106,11.965825,35.652,2.2981,2.27854892686,-0.0195510731414,True
m0_shared_exponent,EleutherAI/pythia-12b,1107,11.965825,37.749,2.291,2.27147819427,-0.0195218057334,True
m0_shared_exponent,EleutherAI/pythia-12b,1108,11.965825,39.846,2.2841,2.26489693599,-0.0192030640137,True
m0_shared_exponent,EleutherAI/pythia-12b,1109,11.965825,41.943,2.2778,2.25874806103,-0.0190519389675,True
m0_shared_exponent,EleutherAI/pythia-12b,1110,11.965825,44.04,2.2722,2.2529835825,-0.0192164174951,True
m0_shared_exponent,EleutherAI/pythia-12b,1111,11.965825,46.137,2.2664,2.24756281184,-0.0188371881635,True
m0_shared_exponent,EleutherAI/pythia-12b,1112,11.965825,48.234,2.2612,2.24245097522,-0.0187490247801,True
m0_shared_exponent,EleutherAI/pythia-12b,1113,11.965825,50.332,2.2563,2.23761589745,-0.0186841025493,True
m0_shared_exponent,EleutherAI/pythia-12b,1114,11.965825,52.429,2.2516,2.23303624323,-0.0185637567655,True
m0_shared_exponent,EleutherAI/pythia-12b,1115,11.965825,54.526,2.2471,2.22868703873,-0.0184129612743,True
m0_shared_exponent,EleutherAI/pythia-12b,1116,11.965825,56.623,2.2428,2.22454847126,-0.0182515287442,True
m0_shared_exponent,EleutherAI/pythia-12b,1117,11.965825,58.72,2.239,2.22060308691,-0.0183969130902,True
m0_shared_exponent,EleutherAI/pythia-12b,1118,11.965825,60.817,2.2349,2.21683543712,-0.0180645628756,True
m0_shared_exponent,EleutherAI/pythia-12b,1119,11.965825,62.915,2.2312,2.21323010702,-0.0179698929827,True
m0_shared_exponent,EleutherAI/pythia-12b,1120,11.965825,65.012,2.2277,2.2097782703,-0.0179217297032,True
m0_shared_exponent,EleutherAI/pythia-12b,1121,11.965825,67.109,2.2243,2.20646718719,-0.0178328128081,True
m0_shared_exponent,EleutherAI/pythia-12b,1122,11.965825,69.206,2.221,2.20328698166,-0.0177130183402,True
m0_shared_exponent,EleutherAI/pythia-12b,1123,11.965825,71.303,2.2178,2.20022874364,-0.0175712563645,True
m0_shared_exponent,EleutherAI/pythia-12b,1124,11.965825,73.4,2.2146,2.19728440938,-0.0173155906154,True
m0_shared_exponent,EleutherAI/pythia-12b,1125,11.965825,75.497,2.2119,2.19444665962,-0.0174533403825,True
m0_shared_exponent,EleutherAI/pythia-12b,1126,11.965825,77.595,2.2089,2.19170754957,-0.0171924504277,True
m0_shared_exponent,EleutherAI/pythia-12b,1127,11.965825,79.692,2.2063,2.18906360846,-0.0172363915421,True
m0_shared_exponent,EleutherAI/pythia-12b,1128,11.965825,81.789,2.2035,2.18650794563,-0.016992054369,True
m0_shared_exponent,EleutherAI/pythia-12b,1129,11.965825,83.886,2.201,2.18403546098,-0.016964539017,True
m0_shared_exponent,EleutherAI/pythia-12b,1130,11.965825,85.983,2.1986,2.1816414673,-0.0169585326951,True
m0_shared_exponent,EleutherAI/pythia-12b,1131,11.965825,88.08,2.1962,2.17932164775,-0.0168783522546,True
m0_shared_exponent,EleutherAI/pythia-12b,1132,11.965825,90.178,2.1939,2.17707096191,-0.0168290380911,True
m0_shared_exponent,EleutherAI/pythia-12b,1133,11.965825,92.275,2.1917,2.17488787054,-0.0168121294586,True
m0_shared_exponent,EleutherAI/pythia-12b,1134,11.965825,94.372,2.1894,2.17276787263,-0.0166321273714,True
m0_shared_exponent,EleutherAI/pythia-12b,1135,11.965825,96.469,2.1873,2.17070780232,-0.0165921976847,True
m0_shared_exponent,EleutherAI/pythia-12b,1136,11.965825,98.566,2.1853,2.16870471707,-0.0165952829272,True
m0_shared_exponent,EleutherAI/pythia-12b,1137,11.965825,100.663,2.1833,2.16675587759,-0.0165441224117,True
m0_shared_exponent,EleutherAI/pythia-12b,1138,11.965825,102.76,2.1811,2.16485872984,-0.01624127016,True
m0_shared_exponent,EleutherAI/pythia-12b,1139,11.965825,104.858,2.1794,2.1630100193,-0.0163899806971,True
m0_shared_exponent,EleutherAI/pythia-12b,1140,11.965825,106.955,2.1775,2.16120927767,-0.0162907223265,True
m0_shared_exponent,EleutherAI/pythia-12b,1141,11.965825,109.052,2.1756,2.15945352452,-0.016146475476,True
m0_shared_exponent,EleutherAI/pythia-12b,1142,11.965825,111.149,2.174,2.15774080266,-0.0162591973411,True
m0_shared_exponent,EleutherAI/pythia-12b,1143,11.965825,113.246,2.1721,2.15606927493,-0.0160307250713,True
m0_shared_exponent,EleutherAI/pythia-12b,1144,11.965825,115.343,2.1704,2.1544372148,-0.0159627851958,True
m0_shared_exponent,EleutherAI/pythia-12b,1145,11.965825,117.441,2.1688,2.15284224639,-0.0159577536088,True
m0_shared_exponent,EleutherAI/pythia-12b,1146,11.965825,119.538,2.1672,2.15128435949,-0.0159156405108,True
m0_shared_exponent,EleutherAI/pythia-12b,1147,11.965825,121.635,2.1655,2.14976134226,-0.0157386577359,True
m0_shared_exponent,EleutherAI/pythia-12b,1148,11.965825,123.732,2.1639,2.14827183296,-0.0156281670444,True
m0_shared_exponent,EleutherAI/pythia-12b,1149,11.965825,125.829,2.1627,2.14681454492,-0.0158854550756,True
m0_shared_exponent,EleutherAI/pythia-12b,1150,11.965825,127.926,2.161,2.14538826134,-0.0156117386621,True
m0_shared_exponent,EleutherAI/pythia-12b,1151,11.965825,130.023,2.1595,2.14399183031,-0.0155081696888,True
m0_shared_exponent,EleutherAI/pythia-12b,1152,11.965825,132.121,2.158,2.14262351495,-0.0153764850491,True
m0_shared_exponent,EleutherAI/pythia-12b,1153,11.965825,134.218,2.1568,2.1412835843,-0.0155164157048,True
m0_shared_exponent,EleutherAI/pythia-12b,1154,11.965825,136.315,2.1553,2.13997039711,-0.0153296028905,True
m0_shared_exponent,EleutherAI/pythia-12b,1155,11.965825,138.412,2.1542,2.13868302036,-0.0155169796351,True
m0_shared_exponent,EleutherAI/pythia-12b,1156,11.965825,140.509,2.1529,2.1374205671,-0.0154794329039,True
m0_shared_exponent,EleutherAI/pythia-12b,1157,11.965825,142.606,2.1515,2.13618219348,-0.0153178065205,True
m0_shared_exponent,EleutherAI/pythia-12b,1158,11.965825,144.703,2.1504,2.13496709614,-0.015432903863,True
m0_shared_exponent,EleutherAI/pythia-12b,1159,11.965825,146.801,2.1491,2.13377394619,-0.0153260538137,True
m0_shared_exponent,EleutherAI/pythia-12b,1160,11.965825,148.898,2.1478,2.13260315099,-0.015196849013,True
m0_shared_exponent,EleutherAI/pythia-12b,1161,11.965825,150.995,2.1464,2.13145344028,-0.0149465597222,True
m0_shared_exponent,EleutherAI/pythia-12b,1162,11.965825,153.092,2.1456,2.13032414935,-0.0152758506524,True
m0_shared_exponent,EleutherAI/pythia-12b,1163,11.965825,155.189,2.1442,2.12921464318,-0.0149853568177,True
m0_shared_exponent,EleutherAI/pythia-12b,1164,11.965825,157.286,2.143,2.12812431476,-0.0148756852419,True
m0_shared_exponent,EleutherAI/pythia-12b,1165,11.965825,159.384,2.1421,2.12705207672,-0.0150479232773,True
m0_shared_exponent,EleutherAI/pythia-12b,1166,11.965825,161.481,2.1411,2.12599839532,-0.0151016046829,True
m0_shared_exponent,EleutherAI/pythia-12b,1167,11.965825,163.578,2.1399,2.12496222294,-0.0149377770614,True
m0_shared_exponent,EleutherAI/pythia-12b,1168,11.965825,165.675,2.1388,2.12394304971,-0.0148569502882,True
m0_shared_exponent,EleutherAI/pythia-12b,1169,11.965825,167.772,2.1378,2.12294038682,-0.0148596131751,True
m0_shared_exponent,EleutherAI/pythia-12b,1170,11.965825,169.869,2.1368,2.12195376541,-0.0148462345913,True
m0_shared_exponent,EleutherAI/pythia-12b,1171,11.965825,171.966,2.1358,2.12098273549,-0.014817264511,True
m0_shared_exponent,EleutherAI/pythia-12b,1172,11.965825,174.064,2.1347,2.12002641273,-0.0146735872728,True
m0_shared_exponent,EleutherAI/pythia-12b,1173,11.965825,176.161,2.1337,2.11908529355,-0.0146147064509,True
m0_shared_exponent,EleutherAI/pythia-12b,1174,11.965825,178.258,2.1328,2.11815851962,-0.0146414803763,True
m0_shared_exponent,EleutherAI/pythia-12b,1175,11.965825,180.355,2.1318,2.11724570735,-0.0145542926476,True
m0_shared_exponent,EleutherAI/pythia-12b,1176,11.965825,182.452,2.1309,2.1163464877,-0.0145535122972,True
m0_shared_exponent,EleutherAI/pythia-12b,1177,11.965825,184.549,2.1298,2.1154605055,-0.0143394945042,True
m0_shared_exponent,EleutherAI/pythia-12b,1178,11.965825,186.647,2.129,2.11458700541,-0.0144129945918,True
m0_shared_exponent,EleutherAI/pythia-12b,1179,11.965825,188.744,2.1281,2.11372649057,-0.0143735094341,True
m0_shared_exponent,EleutherAI/pythia-12b,1180,11.965825,190.841,2.1272,2.11287822409,-0.0143217759088,True
m0_shared_exponent,EleutherAI/pythia-12b,1181,11.965825,192.938,2.1264,2.1120418999,-0.0143581000986,True
m0_shared_exponent,EleutherAI/pythia-12b,1182,11.965825,195.035,2.1256,2.11121722278,-0.0143827772161,True
m0_shared_exponent,EleutherAI/pythia-12b,1183,11.965825,197.132,2.1248,2.1104039079,-0.014396092102,True
m0_shared_exponent,EleutherAI/pythia-12b,1184,11.965825,199.229,2.1238,2.10960168031,-0.0141983196947,True
m0_shared_exponent,EleutherAI/pythia-12b,1185,11.965825,201.327,2.123,2.10880989967,-0.0141901003337,True
m0_shared_exponent,EleutherAI/pythia-12b,1186,11.965825,203.424,2.1223,2.10802906423,-0.0142709357662,True
m0_shared_exponent,EleutherAI/pythia-12b,1187,11.965825,205.521,2.1214,2.10725854625,-0.0141414537473,True
m0_shared_exponent,EleutherAI/pythia-12b,1188,11.965825,207.618,2.1206,2.10649810619,-0.0141018938103,True
m0_shared_exponent,EleutherAI/pythia-12b,1189,11.965825,209.715,2.1199,2.10574751242,-0.0141524875792,True
m0_shared_exponent,EleutherAI/pythia-12b,1190,11.965825,211.812,2.119,2.10500654089,-0.013993459106,True
m0_shared_exponent,EleutherAI/pythia-12b,1191,11.965825,213.91,2.1183,2.10427462816,-0.0140253718438,True
m0_shared_exponent,EleutherAI/pythia-12b,1192,11.965825,216.007,2.1175,2.103552262,-0.0139477380007,True
m0_shared_exponent,EleutherAI/pythia-12b,1193,11.965825,218.104,2.1168,2.10283888815,-0.0139611118502,True
m0_shared_exponent,EleutherAI/pythia-12b,1194,11.965825,220.201,2.1161,2.10213430981,-0.0139656901901,True
m0_shared_exponent,EleutherAI/pythia-12b,1195,11.965825,222.298,2.1152,2.10143833631,-0.0137616636888,True
m0_shared_exponent,EleutherAI/pythia-12b,1196,11.965825,224.395,2.1147,2.10075078287,-0.0139492171327,True
m0_shared_exponent,EleutherAI/pythia-12b,1197,11.965825,226.492,2.1139,2.10007147034,-0.0138285296601,True
m0_shared_exponent,EleutherAI/pythia-12b,1198,11.965825,228.59,2.1133,2.09939990682,-0.013900093185,True
m0_shared_exponent,EleutherAI/pythia-12b,1199,11.965825,230.687,2.1125,2.09873656392,-0.0137634360799,True
m0_shared_exponent,EleutherAI/pythia-12b,1200,11.965825,232.784,2.1119,2.09808095616,-0.0138190438396,True
m0_shared_exponent,EleutherAI/pythia-12b,1201,11.965825,234.881,2.1112,2.09743292487,-0.0137670751343,True
m0_shared_exponent,EleutherAI/pythia-12b,1202,11.965825,236.978,2.1105,2.096792316,-0.0137076839994,True
m0_shared_exponent,EleutherAI/pythia-12b,1203,11.965825,239.075,2.1099,2.09615897999,-0.0137410200111,True
m0_shared_exponent,EleutherAI/pythia-12b,1204,11.965825,241.172,2.1092,2.09553277155,-0.013667228453,True
m0_shared_exponent,EleutherAI/pythia-12b,1205,11.965825,243.27,2.1085,2.09491325588,-0.0135867441202,True
m0_shared_exponent,EleutherAI/pythia-12b,1206,11.965825,245.367,2.1079,2.09430088634,-0.0135991136577,True
m0_shared_exponent,EleutherAI/pythia-12b,1207,11.965825,247.464,2.1072,2.09369523266,-0.0135047673399,True
m0_shared_exponent,EleutherAI/pythia-12b,1208,11.965825,249.561,2.1066,2.0930961652,-0.0135038348003,True
m0_shared_exponent,EleutherAI/pythia-12b,1209,11.965825,251.658,2.1059,2.09250355789,-0.0133964421079,True
m0_shared_exponent,EleutherAI/pythia-12b,1210,11.965825,253.755,2.1055,2.09191728811,-0.0135827118933,True
m0_shared_exponent,EleutherAI/pythia-12b,1211,11.965825,255.853,2.1047,2.09133696138,-0.0133630386159,True
m0_shared_exponent,EleutherAI/pythia-12b,1212,11.965825,257.95,2.1042,2.09076301478,-0.0134369852154,True
m0_shared_exponent,EleutherAI/pythia-12b,1213,11.965825,260.047,2.1036,2.0901950572,-0.0134049427967,True
m0_shared_exponent,EleutherAI/pythia-12b,1214,11.965825,262.144,2.1031,2.0896329786,-0.0134670213984,True
m0_shared_exponent,EleutherAI/pythia-12b,1215,11.965825,264.241,2.1024,2.08907667182,-0.013323328178,True
m0_shared_exponent,EleutherAI/pythia-12b,1216,11.965825,266.338,2.102,2.08852603249,-0.0134739675089,True
m0_shared_exponent,EleutherAI/pythia-12b,1217,11.965825,268.435,2.1013,2.08798095893,-0.0133190410743,True
m0_shared_exponent,EleutherAI/pythia-12b,1218,11.965825,270.533,2.1008,2.08744109601,-0.0133589039915,True
m0_shared_exponent,EleutherAI/pythia-12b,1219,11.965825,272.63,2.1001,2.08690686178,-0.0131931382211,True
m0_shared_exponent,EleutherAI/pythia-12b,1220,11.965825,274.727,2.0998,2.08637790348,-0.0134220965165,True
m0_shared_exponent,EleutherAI/pythia-12b,1221,11.965825,276.824,2.099,2.08585412934,-0.0131458706601,True
m0_shared_exponent,EleutherAI/pythia-12b,1222,11.965825,278.921,2.0986,2.08533544984,-0.0132645501578,True
m0_shared_exponent,EleutherAI/pythia-12b,1223,11.965825,281.018,2.098,2.08482177769,-0.013178222312,True
m0_shared_exponent,EleutherAI/pythia-12b,1224,11.965825,283.116,2.0975,2.08431278626,-0.0131872137394,True
m0_shared_exponent,EleutherAI/pythia-12b,1225,11.965825,285.213,2.0969,2.08380887764,-0.0130911223599,True
m0_shared_exponent,EleutherAI/pythia-12b,1226,11.965825,287.31,2.0964,2.08330972695,-0.01309027305,True
m0_shared_exponent,EleutherAI/pythia-12b,1227,11.965825,289.407,2.0959,2.08281525503,-0.0130847449724,True
m0_shared_exponent,EleutherAI/pythia-12b,1228,11.965825,291.504,2.0954,2.08232538459,-0.0130746154115,True
m0_shared_exponent,EleutherAI/pythia-12b,1229,11.965825,293.601,2.0949,2.08184004017,-0.0130599598307,True
m0_shared_exponent,EleutherAI/pythia-12b,1230,11.965825,295.698,2.0945,2.08135914807,-0.0131408519283,True
m0_shared_exponent,EleutherAI/pythia-12b,1231,11.965825,297.796,2.0938,2.08088241011,-0.0129175898918,True
m0_shared_exponent,EleutherAI/pythia-12b,1232,11.965825,299.893,2.0933,2.08041021039,-0.0128897896057,True
