run_id,model_repo,N_params_B,steps,D_tokens_B,val_loss,checkpoint_branch,checkpoint_commit,checkpoint_index_join_status,p_recipe_candidate_id,p_recipe_candidate_semantics,p_recipe_candidate_arxiv,p_recipe_candidate_freelaw,p_recipe_candidate_nih_exporter,p_recipe_candidate_pubmed_central,p_recipe_candidate_wikipedia_en,p_recipe_candidate_dm_mathematics,p_recipe_candidate_github,p_recipe_candidate_philpapers,p_recipe_candidate_stackexchange,p_recipe_candidate_enron_emails,p_recipe_candidate_gutenberg_pg_19,p_recipe_candidate_pile_cc,p_recipe_candidate_ubuntu_irc,p_recipe_candidate_europarl,p_recipe_candidate_hackernews,p_recipe_candidate_pubmed_abstracts,p_recipe_candidate_uspto_backgrounds,p_recipe_candidate_other
8,EleutherAI/pythia-70m,0.070542,64,0.134,4.7388,step64,da06e97c1e155237b6296b223be599cbe95ad100,matched_unique,published_pile_component_weights_v1,"published Pile component weights; static corpus-level candidate, not measured token exposure",0.089600,0.061200,0.003000,0.144000,0.015300,0.012400,0.075900,0.003800,0.051300,0.001400,0.021700,0.181100,0.008800,0.007300,0.006200,0.030700,0.036500,0.249800
9,EleutherAI/pythia-70m,0.070542,128,0.268,4.3541,step128,190bf8d97191a06f07ab8cd27f5fbbe8465318be,matched_unique,published_pile_component_weights_v1,"published Pile component weights; static corpus-level candidate, not measured token exposure",0.089600,0.061200,0.003000,0.144000,0.015300,0.012400,0.075900,0.003800,0.051300,0.001400,0.021700,0.181100,0.008800,0.007300,0.006200,0.030700,0.036500,0.249800
10,EleutherAI/pythia-70m,0.070542,256,0.537,4.0384,step256,24103a01f40aa96f0b3b9b4b29156b006e47b978,matched_unique,published_pile_component_weights_v1,"published Pile component weights; static corpus-level candidate, not measured token exposure",0.089600,0.061200,0.003000,0.144000,0.015300,0.012400,0.075900,0.003800,0.051300,0.001400,0.021700,0.181100,0.008800,0.007300,0.006200,0.030700,0.036500,0.249800
11,EleutherAI/pythia-70m,0.070542,512,1.074,3.7776,step512,8c6e2534e332a9122404629fdb4bac11bf68689c,matched_unique,published_pile_component_weights_v1,"published Pile component weights; static corpus-level candidate, not measured token exposure",0.089600,0.061200,0.003000,0.144000,0.015300,0.012400,0.075900,0.003800,0.051300,0.001400,0.021700,0.181100,0.008800,0.007300,0.006200,0.030700,0.036500,0.249800
12,EleutherAI/pythia-70m,0.070542,1000,2.097,3.5698,step1000,0fa739a8417c3c7d2a98ed3b283cacec67fd61df,matched_unique,published_pile_component_weights_v1,"published Pile component weights; static corpus-level candidate, not measured token exposure",0.089600,0.061200,0.003000,0.144000,0.015300,0.012400,0.075900,0.003800,0.051300,0.001400,0.021700,0.181100,0.008800,0.007300,0.006200,0.030700,0.036500,0.249800
13,EleutherAI/pythia-70m,0.070542,2000,4.194,3.3922,step2000,978373d6e469beb1131434e60a4c3cad051620a2,matched_unique,published_pile_component_weights_v1,"published Pile component weights; static corpus-level candidate, not measured token exposure",0.089600,0.061200,0.003000,0.144000,0.015300,0.012400,0.075900,0.003800,0.051300,0.001400,0.021700,0.181100,0.008800,0.007300,0.006200,0.030700,0.036500,0.249800
14,EleutherAI/pythia-70m,0.070542,3000,6.291,3.3024,step3000,58dcbb5909a770307c4e857ba0d74e2343cbf406,matched_unique,published_pile_component_weights_v1,"published Pile component weights; static corpus-level candidate, not measured token exposure",0.089600,0.061200,0.003000,0.144000,0.015300,0.012400,0.075900,0.003800,0.051300,0.001400,0.021700,0.181100,0.008800,0.007300,0.006200,0.030700,0.036500,0.249800
15,EleutherAI/pythia-70m,0.070542,4000,8.389,3.2452,step4000,904ea85340922718b8b68c56f9ee1fef30bb313a,matched_unique,published_pile_component_weights_v1,"published Pile component weights; static corpus-level candidate, not measured token exposure",0.089600,0.061200,0.003000,0.144000,0.015300,0.012400,0.075900,0.003800,0.051300,0.001400,0.021700,0.181100,0.008800,0.007300,0.006200,0.030700,0.036500,0.249800
16,EleutherAI/pythia-70m,0.070542,5000,10.486,3.2041,step5000,2f69798a4abf59cd96e3a9febde87d6be7fbe953,matched_unique,published_pile_component_weights_v1,"published Pile component weights; static corpus-level candidate, not measured token exposure",0.089600,0.061200,0.003000,0.144000,0.015300,0.012400,0.075900,0.003800,0.051300,0.001400,0.021700,0.181100,0.008800,0.007300,0.006200,0.030700,0.036500,0.249800
17,EleutherAI/pythia-70m,0.070542,6000,12.583,3.172,step6000,08a3606688c762aa0baaf9eba5335e3cb26ea244,matched_unique,published_pile_component_weights_v1,"published Pile component weights; static corpus-level candidate, not measured token exposure",0.089600,0.061200,0.003000,0.144000,0.015300,0.012400,0.075900,0.003800,0.051300,0.001400,0.021700,0.181100,0.008800,0.007300,0.006200,0.030700,0.036500,0.249800
18,EleutherAI/pythia-70m,0.070542,7000,14.68,3.1466,step7000,17fc672c7ce5fc3d014ef3777d680aab80a0893b,matched_unique,published_pile_component_weights_v1,"published Pile component weights; static corpus-level candidate, not measured token exposure",0.089600,0.061200,0.003000,0.144000,0.015300,0.012400,0.075900,0.003800,0.051300,0.001400,0.021700,0.181100,0.008800,0.007300,0.006200,0.030700,0.036500,0.249800
19,EleutherAI/pythia-70m,0.070542,8000,16.777,3.1248,step8000,f912434e6d0ecb727c8dbe3721de8749a29f92c1,matched_unique,published_pile_component_weights_v1,"published Pile component weights; static corpus-level candidate, not measured token exposure",0.089600,0.061200,0.003000,0.144000,0.015300,0.012400,0.075900,0.003800,0.051300,0.001400,0.021700,0.181100,0.008800,0.007300,0.006200,0.030700,0.036500,0.249800
20,EleutherAI/pythia-70m,0.070542,9000,18.874,3.1064,step9000,41eaeb7260435c8fac8599a49cc0274b80352f63,matched_unique,published_pile_component_weights_v1,"published Pile component weights; static corpus-level candidate, not measured token exposure",0.089600,0.061200,0.003000,0.144000,0.015300,0.012400,0.075900,0.003800,0.051300,0.001400,0.021700,0.181100,0.008800,0.007300,0.006200,0.030700,0.036500,0.249800
21,EleutherAI/pythia-70m,0.070542,10000,20.972,3.0913,step10000,ba8ccb7bc7edb63c54939d6c26cb40486d1c3d3b,matched_unique,published_pile_component_weights_v1,"published Pile component weights; static corpus-level candidate, not measured token exposure",0.089600,0.061200,0.003000,0.144000,0.015300,0.012400,0.075900,0.003800,0.051300,0.001400,0.021700,0.181100,0.008800,0.007300,0.006200,0.030700,0.036500,0.249800
22,EleutherAI/pythia-70m,0.070542,11000,23.069,3.077,step11000,48a46de1e7148825ac8379463750a447f8de31f9,matched_unique,published_pile_component_weights_v1,"published Pile component weights; static corpus-level candidate, not measured token exposure",0.089600,0.061200,0.003000,0.144000,0.015300,0.012400,0.075900,0.003800,0.051300,0.001400,0.021700,0.181100,0.008800,0.007300,0.006200,0.030700,0.036500,0.249800
23,EleutherAI/pythia-70m,0.070542,12000,25.166,3.0646,step12000,54b5a8b15fdf9309bd0985a2a5ebbec7f1dabb9e,matched_unique,published_pile_component_weights_v1,"published Pile component weights; static corpus-level candidate, not measured token exposure",0.089600,0.061200,0.003000,0.144000,0.015300,0.012400,0.075900,0.003800,0.051300,0.001400,0.021700,0.181100,0.008800,0.007300,0.006200,0.030700,0.036500,0.249800
24,EleutherAI/pythia-70m,0.070542,13000,27.263,3.0531,step13000,1f0b9a1a7472998e2020353aa33723811fbc80a1,matched_unique,published_pile_component_weights_v1,"published Pile component weights; static corpus-level candidate, not measured token exposure",0.089600,0.061200,0.003000,0.144000,0.015300,0.012400,0.075900,0.003800,0.051300,0.001400,0.021700,0.181100,0.008800,0.007300,0.006200,0.030700,0.036500,0.249800
25,EleutherAI/pythia-70m,0.070542,14000,29.36,3.0432,step14000,3d257fd58571a23456d6018aaa700a058d18e01f,matched_unique,published_pile_component_weights_v1,"published Pile component weights; static corpus-level candidate, not measured token exposure",0.089600,0.061200,0.003000,0.144000,0.015300,0.012400,0.075900,0.003800,0.051300,0.001400,0.021700,0.181100,0.008800,0.007300,0.006200,0.030700,0.036500,0.249800
26,EleutherAI/pythia-70m,0.070542,15000,31.457,3.0342,step15000,1dee087363619ad8fc55417a4b0e010b46b95a12,matched_unique,published_pile_component_weights_v1,"published Pile component weights; static corpus-level candidate, not measured token exposure",0.089600,0.061200,0.003000,0.144000,0.015300,0.012400,0.075900,0.003800,0.051300,0.001400,0.021700,0.181100,0.008800,0.007300,0.006200,0.030700,0.036500,0.249800
27,EleutherAI/pythia-70m,0.070542,16000,33.554,3.0254,step16000,0f7e8c5cf8516bd66e2d994c9468806e182616ca,matched_unique,published_pile_component_weights_v1,"published Pile component weights; static corpus-level candidate, not measured token exposure",0.089600,0.061200,0.003000,0.144000,0.015300,0.012400,0.075900,0.003800,0.051300,0.001400,0.021700,0.181100,0.008800,0.007300,0.006200,0.030700,0.036500,0.249800
28,EleutherAI/pythia-70m,0.070542,17000,35.652,3.018,step17000,076850095bc68faed12232202b26155487fc56bd,matched_unique,published_pile_component_weights_v1,"published Pile component weights; static corpus-level candidate, not measured token exposure",0.089600,0.061200,0.003000,0.144000,0.015300,0.012400,0.075900,0.003800,0.051300,0.001400,0.021700,0.181100,0.008800,0.007300,0.006200,0.030700,0.036500,0.249800
29,EleutherAI/pythia-70m,0.070542,18000,37.749,3.0105,step18000,a7523e9350a72b6b8604495128d3b2765d236257,matched_unique,published_pile_component_weights_v1,"published Pile component weights; static corpus-level candidate, not measured token exposure",0.089600,0.061200,0.003000,0.144000,0.015300,0.012400,0.075900,0.003800,0.051300,0.001400,0.021700,0.181100,0.008800,0.007300,0.006200,0.030700,0.036500,0.249800
30,EleutherAI/pythia-70m,0.070542,19000,39.846,3.0039,step19000,52ed5bb36725bd5e0b1347b4cceae58d9856660f,matched_unique,published_pile_component_weights_v1,"published Pile component weights; static corpus-level candidate, not measured token exposure",0.089600,0.061200,0.003000,0.144000,0.015300,0.012400,0.075900,0.003800,0.051300,0.001400,0.021700,0.181100,0.008800,0.007300,0.006200,0.030700,0.036500,0.249800
31,EleutherAI/pythia-70m,0.070542,20000,41.943,2.9975,step20000,5118befcfead7519820d3e8260ca9e80af18be55,matched_unique,published_pile_component_weights_v1,"published Pile component weights; static corpus-level candidate, not measured token exposure",0.089600,0.061200,0.003000,0.144000,0.015300,0.012400,0.075900,0.003800,0.051300,0.001400,0.021700,0.181100,0.008800,0.007300,0.006200,0.030700,0.036500,0.249800
32,EleutherAI/pythia-70m,0.070542,21000,44.04,2.9921,step21000,3e16fc0357653f2cef8d5e50bdc4d80750bb9711,matched_unique,published_pile_component_weights_v1,"published Pile component weights; static corpus-level candidate, not measured token exposure",0.089600,0.061200,0.003000,0.144000,0.015300,0.012400,0.075900,0.003800,0.051300,0.001400,0.021700,0.181100,0.008800,0.007300,0.006200,0.030700,0.036500,0.249800
33,EleutherAI/pythia-70m,0.070542,22000,46.137,2.9861,step22000,a034a4c887a87fbeaeca992b2320b876dffe4689,matched_unique,published_pile_component_weights_v1,"published Pile component weights; static corpus-level candidate, not measured token exposure",0.089600,0.061200,0.003000,0.144000,0.015300,0.012400,0.075900,0.003800,0.051300,0.001400,0.021700,0.181100,0.008800,0.007300,0.006200,0.030700,0.036500,0.249800
34,EleutherAI/pythia-70m,0.070542,23000,48.234,2.9807,step23000,1a11486fb4918ec26880cd602ad96cd02a304abe,matched_unique,published_pile_component_weights_v1,"published Pile component weights; static corpus-level candidate, not measured token exposure",0.089600,0.061200,0.003000,0.144000,0.015300,0.012400,0.075900,0.003800,0.051300,0.001400,0.021700,0.181100,0.008800,0.007300,0.006200,0.030700,0.036500,0.249800
35,EleutherAI/pythia-70m,0.070542,24000,50.332,2.9761,step24000,11cf52d47c9ee55822491093e56459b31618b9f7,matched_unique,published_pile_component_weights_v1,"published Pile component weights; static corpus-level candidate, not measured token exposure",0.089600,0.061200,0.003000,0.144000,0.015300,0.012400,0.075900,0.003800,0.051300,0.001400,0.021700,0.181100,0.008800,0.007300,0.006200,0.030700,0.036500,0.249800
36,EleutherAI/pythia-70m,0.070542,25000,52.429,2.971,step25000,181c231f75b8952b7419a445a96ada2f3c8fbf81,matched_unique,published_pile_component_weights_v1,"published Pile component weights; static corpus-level candidate, not measured token exposure",0.089600,0.061200,0.003000,0.144000,0.015300,0.012400,0.075900,0.003800,0.051300,0.001400,0.021700,0.181100,0.008800,0.007300,0.006200,0.030700,0.036500,0.249800
37,EleutherAI/pythia-70m,0.070542,26000,54.526,2.9668,step26000,5e3b9148c31f61baf019e4ebc089a53b04c9e67c,matched_unique,published_pile_component_weights_v1,"published Pile component weights; static corpus-level candidate, not measured token exposure",0.089600,0.061200,0.003000,0.144000,0.015300,0.012400,0.075900,0.003800,0.051300,0.001400,0.021700,0.181100,0.008800,0.007300,0.006200,0.030700,0.036500,0.249800
38,EleutherAI/pythia-70m,0.070542,27000,56.623,2.9621,step27000,59e8890d3c69e2119cc2bece5dc4ae68d2dc8bf8,matched_unique,published_pile_component_weights_v1,"published Pile component weights; static corpus-level candidate, not measured token exposure",0.089600,0.061200,0.003000,0.144000,0.015300,0.012400,0.075900,0.003800,0.051300,0.001400,0.021700,0.181100,0.008800,0.007300,0.006200,0.030700,0.036500,0.249800
39,EleutherAI/pythia-70m,0.070542,28000,58.72,2.9582,step28000,0e2814b035c8a02aa8d68de306a73ed37904a289,matched_unique,published_pile_component_weights_v1,"published Pile component weights; static corpus-level candidate, not measured token exposure",0.089600,0.061200,0.003000,0.144000,0.015300,0.012400,0.075900,0.003800,0.051300,0.001400,0.021700,0.181100,0.008800,0.007300,0.006200,0.030700,0.036500,0.249800
40,EleutherAI/pythia-70m,0.070542,29000,60.817,2.9546,step29000,0de164218c2d7a67776f1a70127ae17647e02532,matched_unique,published_pile_component_weights_v1,"published Pile component weights; static corpus-level candidate, not measured token exposure",0.089600,0.061200,0.003000,0.144000,0.015300,0.012400,0.075900,0.003800,0.051300,0.001400,0.021700,0.181100,0.008800,0.007300,0.006200,0.030700,0.036500,0.249800
41,EleutherAI/pythia-70m,0.070542,30000,62.915,2.951,step30000,94104dcf689dcafe03dfadea36417c962e8f6ebd,matched_unique,published_pile_component_weights_v1,"published Pile component weights; static corpus-level candidate, not measured token exposure",0.089600,0.061200,0.003000,0.144000,0.015300,0.012400,0.075900,0.003800,0.051300,0.001400,0.021700,0.181100,0.008800,0.007300,0.006200,0.030700,0.036500,0.249800
42,EleutherAI/pythia-70m,0.070542,31000,65.012,2.9473,step31000,214b530650da2e7feffe2c38df555328dae3d8ee,matched_unique,published_pile_component_weights_v1,"published Pile component weights; static corpus-level candidate, not measured token exposure",0.089600,0.061200,0.003000,0.144000,0.015300,0.012400,0.075900,0.003800,0.051300,0.001400,0.021700,0.181100,0.008800,0.007300,0.006200,0.030700,0.036500,0.249800
43,EleutherAI/pythia-70m,0.070542,32000,67.109,2.9439,step32000,9cfc9da903b5d222d871ad599891f113abb834e6,matched_unique,published_pile_component_weights_v1,"published Pile component weights; static corpus-level candidate, not measured token exposure",0.089600,0.061200,0.003000,0.144000,0.015300,0.012400,0.075900,0.003800,0.051300,0.001400,0.021700,0.181100,0.008800,0.007300,0.006200,0.030700,0.036500,0.249800
44,EleutherAI/pythia-70m,0.070542,33000,69.206,2.9406,step33000,5373137c3e8c669baffc1d443b20002967d77bd2,matched_unique,published_pile_component_weights_v1,"published Pile component weights; static corpus-level candidate, not measured token exposure",0.089600,0.061200,0.003000,0.144000,0.015300,0.012400,0.075900,0.003800,0.051300,0.001400,0.021700,0.181100,0.008800,0.007300,0.006200,0.030700,0.036500,0.249800
45,EleutherAI/pythia-70m,0.070542,34000,71.303,2.9372,step34000,5b4839243e0341840bd53c93b9ac313380e0393f,matched_unique,published_pile_component_weights_v1,"published Pile component weights; static corpus-level candidate, not measured token exposure",0.089600,0.061200,0.003000,0.144000,0.015300,0.012400,0.075900,0.003800,0.051300,0.001400,0.021700,0.181100,0.008800,0.007300,0.006200,0.030700,0.036500,0.249800
46,EleutherAI/pythia-70m,0.070542,35000,73.4,2.9343,step35000,045f2cbe7b9b640615d5e00d1d0e2827cdc60069,matched_unique,published_pile_component_weights_v1,"published Pile component weights; static corpus-level candidate, not measured token exposure",0.089600,0.061200,0.003000,0.144000,0.015300,0.012400,0.075900,0.003800,0.051300,0.001400,0.021700,0.181100,0.008800,0.007300,0.006200,0.030700,0.036500,0.249800
47,EleutherAI/pythia-70m,0.070542,36000,75.497,2.9314,step36000,6539118837f2417b455c2e0583977f2bb88904ca,matched_unique,published_pile_component_weights_v1,"published Pile component weights; static corpus-level candidate, not measured token exposure",0.089600,0.061200,0.003000,0.144000,0.015300,0.012400,0.075900,0.003800,0.051300,0.001400,0.021700,0.181100,0.008800,0.007300,0.006200,0.030700,0.036500,0.249800
48,EleutherAI/pythia-70m,0.070542,37000,77.595,2.9289,step37000,65405f77a4680b9c24ac2062c22e6b6c1a6b6fb9,matched_unique,published_pile_component_weights_v1,"published Pile component weights; static corpus-level candidate, not measured token exposure",0.089600,0.061200,0.003000,0.144000,0.015300,0.012400,0.075900,0.003800,0.051300,0.001400,0.021700,0.181100,0.008800,0.007300,0.006200,0.030700,0.036500,0.249800
49,EleutherAI/pythia-70m,0.070542,38000,79.692,2.926,step38000,7e663aaf641d01e3b7ba31806d82e237fa045de9,matched_unique,published_pile_component_weights_v1,"published Pile component weights; static corpus-level candidate, not measured token exposure",0.089600,0.061200,0.003000,0.144000,0.015300,0.012400,0.075900,0.003800,0.051300,0.001400,0.021700,0.181100,0.008800,0.007300,0.006200,0.030700,0.036500,0.249800
50,EleutherAI/pythia-70m,0.070542,39000,81.789,2.923,step39000,66866ff2b9a946db8074a4a78c669e554676ce4c,matched_unique,published_pile_component_weights_v1,"published Pile component weights; static corpus-level candidate, not measured token exposure",0.089600,0.061200,0.003000,0.144000,0.015300,0.012400,0.075900,0.003800,0.051300,0.001400,0.021700,0.181100,0.008800,0.007300,0.006200,0.030700,0.036500,0.249800
51,EleutherAI/pythia-70m,0.070542,40000,83.886,2.9208,step40000,03829e7b6e418e61d532638093d22545ecdbfc15,matched_unique,published_pile_component_weights_v1,"published Pile component weights; static corpus-level candidate, not measured token exposure",0.089600,0.061200,0.003000,0.144000,0.015300,0.012400,0.075900,0.003800,0.051300,0.001400,0.021700,0.181100,0.008800,0.007300,0.006200,0.030700,0.036500,0.249800
52,EleutherAI/pythia-70m,0.070542,41000,85.983,2.9182,step41000,b1f3699ff1a96724888ee27d6c35f022ae035c62,matched_unique,published_pile_component_weights_v1,"published Pile component weights; static corpus-level candidate, not measured token exposure",0.089600,0.061200,0.003000,0.144000,0.015300,0.012400,0.075900,0.003800,0.051300,0.001400,0.021700,0.181100,0.008800,0.007300,0.006200,0.030700,0.036500,0.249800
53,EleutherAI/pythia-70m,0.070542,42000,88.08,2.9158,step42000,7cb0aa0531576193e2fbfad90d0a75cede7b9455,matched_unique,published_pile_component_weights_v1,"published Pile component weights; static corpus-level candidate, not measured token exposure",0.089600,0.061200,0.003000,0.144000,0.015300,0.012400,0.075900,0.003800,0.051300,0.001400,0.021700,0.181100,0.008800,0.007300,0.006200,0.030700,0.036500,0.249800
54,EleutherAI/pythia-70m,0.070542,43000,90.178,2.9137,step43000,d0be19a975ff00b89e41edb65760fa5be5adb2f9,matched_unique,published_pile_component_weights_v1,"published Pile component weights; static corpus-level candidate, not measured token exposure",0.089600,0.061200,0.003000,0.144000,0.015300,0.012400,0.075900,0.003800,0.051300,0.001400,0.021700,0.181100,0.008800,0.007300,0.006200,0.030700,0.036500,0.249800
55,EleutherAI/pythia-70m,0.070542,44000,92.275,2.9115,step44000,80acfcb3d49c749072fdfd23165b9cdb2676cb7f,matched_unique,published_pile_component_weights_v1,"published Pile component weights; static corpus-level candidate, not measured token exposure",0.089600,0.061200,0.003000,0.144000,0.015300,0.012400,0.075900,0.003800,0.051300,0.001400,0.021700,0.181100,0.008800,0.007300,0.006200,0.030700,0.036500,0.249800
56,EleutherAI/pythia-70m,0.070542,45000,94.372,2.9093,step45000,06deba680ba4fbae2dbcffd13578b1a338c33055,matched_unique,published_pile_component_weights_v1,"published Pile component weights; static corpus-level candidate, not measured token exposure",0.089600,0.061200,0.003000,0.144000,0.015300,0.012400,0.075900,0.003800,0.051300,0.001400,0.021700,0.181100,0.008800,0.007300,0.006200,0.030700,0.036500,0.249800
57,EleutherAI/pythia-70m,0.070542,46000,96.469,2.9068,step46000,61b4e70ba1b898ba68bc10f7cf8c954f62c3e2d4,matched_unique,published_pile_component_weights_v1,"published Pile component weights; static corpus-level candidate, not measured token exposure",0.089600,0.061200,0.003000,0.144000,0.015300,0.012400,0.075900,0.003800,0.051300,0.001400,0.021700,0.181100,0.008800,0.007300,0.006200,0.030700,0.036500,0.249800
58,EleutherAI/pythia-70m,0.070542,47000,98.566,2.9049,step47000,677191f7b0cb6714dffbb70227b09b48e25ee866,matched_unique,published_pile_component_weights_v1,"published Pile component weights; static corpus-level candidate, not measured token exposure",0.089600,0.061200,0.003000,0.144000,0.015300,0.012400,0.075900,0.003800,0.051300,0.001400,0.021700,0.181100,0.008800,0.007300,0.006200,0.030700,0.036500,0.249800
59,EleutherAI/pythia-70m,0.070542,48000,100.663,2.903,step48000,963d0ddf8852ce1e02388c85dc0a70592efeff07,matched_unique,published_pile_component_weights_v1,"published Pile component weights; static corpus-level candidate, not measured token exposure",0.089600,0.061200,0.003000,0.144000,0.015300,0.012400,0.075900,0.003800,0.051300,0.001400,0.021700,0.181100,0.008800,0.007300,0.006200,0.030700,0.036500,0.249800
60,EleutherAI/pythia-70m,0.070542,49000,102.76,2.9011,step49000,a462aee19e7b811edd7520e2dd8a3b72215f2d1f,matched_unique,published_pile_component_weights_v1,"published Pile component weights; static corpus-level candidate, not measured token exposure",0.089600,0.061200,0.003000,0.144000,0.015300,0.012400,0.075900,0.003800,0.051300,0.001400,0.021700,0.181100,0.008800,0.007300,0.006200,0.030700,0.036500,0.249800
61,EleutherAI/pythia-70m,0.070542,50000,104.858,2.8989,step50000,9e248145b8da9f43ba82dbb9c3e14a4047d8f3b4,matched_unique,published_pile_component_weights_v1,"published Pile component weights; static corpus-level candidate, not measured token exposure",0.089600,0.061200,0.003000,0.144000,0.015300,0.012400,0.075900,0.003800,0.051300,0.001400,0.021700,0.181100,0.008800,0.007300,0.006200,0.030700,0.036500,0.249800
62,EleutherAI/pythia-70m,0.070542,51000,106.955,2.8971,step51000,1b77cfc0b41ff04be6621f9c956a333eeeb7e501,matched_unique,published_pile_component_weights_v1,"published Pile component weights; static corpus-level candidate, not measured token exposure",0.089600,0.061200,0.003000,0.144000,0.015300,0.012400,0.075900,0.003800,0.051300,0.001400,0.021700,0.181100,0.008800,0.007300,0.006200,0.030700,0.036500,0.249800
63,EleutherAI/pythia-70m,0.070542,52000,109.052,2.8951,step52000,051badd0206bb7094dce4dfb570faa02d54d6196,matched_unique,published_pile_component_weights_v1,"published Pile component weights; static corpus-level candidate, not measured token exposure",0.089600,0.061200,0.003000,0.144000,0.015300,0.012400,0.075900,0.003800,0.051300,0.001400,0.021700,0.181100,0.008800,0.007300,0.006200,0.030700,0.036500,0.249800
64,EleutherAI/pythia-70m,0.070542,53000,111.149,2.8933,step53000,2a8de66d27c0e9ee389f7c61b7ba1a0e59b87155,matched_unique,published_pile_component_weights_v1,"published Pile component weights; static corpus-level candidate, not measured token exposure",0.089600,0.061200,0.003000,0.144000,0.015300,0.012400,0.075900,0.003800,0.051300,0.001400,0.021700,0.181100,0.008800,0.007300,0.006200,0.030700,0.036500,0.249800
65,EleutherAI/pythia-70m,0.070542,54000,113.246,2.892,step54000,9016c60a5cb36812be11aac8a8c474463ef419d3,matched_unique,published_pile_component_weights_v1,"published Pile component weights; static corpus-level candidate, not measured token exposure",0.089600,0.061200,0.003000,0.144000,0.015300,0.012400,0.075900,0.003800,0.051300,0.001400,0.021700,0.181100,0.008800,0.007300,0.006200,0.030700,0.036500,0.249800
66,EleutherAI/pythia-70m,0.070542,55000,115.343,2.8904,step55000,fcfad17ba2d0db29e0bac5c485fabe56db614e68,matched_unique,published_pile_component_weights_v1,"published Pile component weights; static corpus-level candidate, not measured token exposure",0.089600,0.061200,0.003000,0.144000,0.015300,0.012400,0.075900,0.003800,0.051300,0.001400,0.021700,0.181100,0.008800,0.007300,0.006200,0.030700,0.036500,0.249800
67,EleutherAI/pythia-70m,0.070542,56000,117.441,2.8885,step56000,7061fc3753d4aaa015027860e8e13b752020f353,matched_unique,published_pile_component_weights_v1,"published Pile component weights; static corpus-level candidate, not measured token exposure",0.089600,0.061200,0.003000,0.144000,0.015300,0.012400,0.075900,0.003800,0.051300,0.001400,0.021700,0.181100,0.008800,0.007300,0.006200,0.030700,0.036500,0.249800
68,EleutherAI/pythia-70m,0.070542,57000,119.538,2.8871,step57000,03df467d1dd7a9baaaa6f1e534176232b08995e1,matched_unique,published_pile_component_weights_v1,"published Pile component weights; static corpus-level candidate, not measured token exposure",0.089600,0.061200,0.003000,0.144000,0.015300,0.012400,0.075900,0.003800,0.051300,0.001400,0.021700,0.181100,0.008800,0.007300,0.006200,0.030700,0.036500,0.249800
69,EleutherAI/pythia-70m,0.070542,58000,121.635,2.8854,step58000,259b515af8dfde4af6d36d353a82bc80f6585e71,matched_unique,published_pile_component_weights_v1,"published Pile component weights; static corpus-level candidate, not measured token exposure",0.089600,0.061200,0.003000,0.144000,0.015300,0.012400,0.075900,0.003800,0.051300,0.001400,0.021700,0.181100,0.008800,0.007300,0.006200,0.030700,0.036500,0.249800
70,EleutherAI/pythia-70m,0.070542,59000,123.732,2.8836,step59000,9ddc09aa40b76239c5190a4f2a25ef85ecf1462c,matched_unique,published_pile_component_weights_v1,"published Pile component weights; static corpus-level candidate, not measured token exposure",0.089600,0.061200,0.003000,0.144000,0.015300,0.012400,0.075900,0.003800,0.051300,0.001400,0.021700,0.181100,0.008800,0.007300,0.006200,0.030700,0.036500,0.249800
71,EleutherAI/pythia-70m,0.070542,60000,125.829,2.8823,step60000,36bad8985feff4f5a4f2103488968d41e53aabcd,matched_unique,published_pile_component_weights_v1,"published Pile component weights; static corpus-level candidate, not measured token exposure",0.089600,0.061200,0.003000,0.144000,0.015300,0.012400,0.075900,0.003800,0.051300,0.001400,0.021700,0.181100,0.008800,0.007300,0.006200,0.030700,0.036500,0.249800
72,EleutherAI/pythia-70m,0.070542,61000,127.926,2.8811,step61000,dd6de1e005d8ef695e314229bbfc66497fd31f6c,matched_unique,published_pile_component_weights_v1,"published Pile component weights; static corpus-level candidate, not measured token exposure",0.089600,0.061200,0.003000,0.144000,0.015300,0.012400,0.075900,0.003800,0.051300,0.001400,0.021700,0.181100,0.008800,0.007300,0.006200,0.030700,0.036500,0.249800
73,EleutherAI/pythia-70m,0.070542,62000,130.023,2.8793,step62000,57f55048a3d873c7fed85004e6c11b85e72a0e14,matched_unique,published_pile_component_weights_v1,"published Pile component weights; static corpus-level candidate, not measured token exposure",0.089600,0.061200,0.003000,0.144000,0.015300,0.012400,0.075900,0.003800,0.051300,0.001400,0.021700,0.181100,0.008800,0.007300,0.006200,0.030700,0.036500,0.249800
74,EleutherAI/pythia-70m,0.070542,63000,132.121,2.8782,step63000,bee915b365db743caf9774fc2d42575624334a75,matched_unique,published_pile_component_weights_v1,"published Pile component weights; static corpus-level candidate, not measured token exposure",0.089600,0.061200,0.003000,0.144000,0.015300,0.012400,0.075900,0.003800,0.051300,0.001400,0.021700,0.181100,0.008800,0.007300,0.006200,0.030700,0.036500,0.249800
75,EleutherAI/pythia-70m,0.070542,64000,134.218,2.876,step64000,711835453cce260cc654b2db2ec0578693579b97,matched_unique,published_pile_component_weights_v1,"published Pile component weights; static corpus-level candidate, not measured token exposure",0.089600,0.061200,0.003000,0.144000,0.015300,0.012400,0.075900,0.003800,0.051300,0.001400,0.021700,0.181100,0.008800,0.007300,0.006200,0.030700,0.036500,0.249800
76,EleutherAI/pythia-70m,0.070542,65000,136.315,2.8753,step65000,76071a1196f5739d7ea0c1d25a63ac194dcea42b,matched_unique,published_pile_component_weights_v1,"published Pile component weights; static corpus-level candidate, not measured token exposure",0.089600,0.061200,0.003000,0.144000,0.015300,0.012400,0.075900,0.003800,0.051300,0.001400,0.021700,0.181100,0.008800,0.007300,0.006200,0.030700,0.036500,0.249800
77,EleutherAI/pythia-70m,0.070542,66000,138.412,2.8738,step66000,c0f8a50688c86e7602613b1d731557fc63ed086c,matched_unique,published_pile_component_weights_v1,"published Pile component weights; static corpus-level candidate, not measured token exposure",0.089600,0.061200,0.003000,0.144000,0.015300,0.012400,0.075900,0.003800,0.051300,0.001400,0.021700,0.181100,0.008800,0.007300,0.006200,0.030700,0.036500,0.249800
78,EleutherAI/pythia-70m,0.070542,67000,140.509,2.8724,step67000,9d972b84bacf7ea83fced7a9be84011a63a18c0a,matched_unique,published_pile_component_weights_v1,"published Pile component weights; static corpus-level candidate, not measured token exposure",0.089600,0.061200,0.003000,0.144000,0.015300,0.012400,0.075900,0.003800,0.051300,0.001400,0.021700,0.181100,0.008800,0.007300,0.006200,0.030700,0.036500,0.249800
79,EleutherAI/pythia-70m,0.070542,68000,142.606,2.8712,step68000,f4a865fb9ed1df9af4d90177eff6770cab0509b7,matched_unique,published_pile_component_weights_v1,"published Pile component weights; static corpus-level candidate, not measured token exposure",0.089600,0.061200,0.003000,0.144000,0.015300,0.012400,0.075900,0.003800,0.051300,0.001400,0.021700,0.181100,0.008800,0.007300,0.006200,0.030700,0.036500,0.249800
80,EleutherAI/pythia-70m,0.070542,69000,144.703,2.8696,step69000,e4396cc27f521ec17b88196c7de3546fdf503419,matched_unique,published_pile_component_weights_v1,"published Pile component weights; static corpus-level candidate, not measured token exposure",0.089600,0.061200,0.003000,0.144000,0.015300,0.012400,0.075900,0.003800,0.051300,0.001400,0.021700,0.181100,0.008800,0.007300,0.006200,0.030700,0.036500,0.249800
81,EleutherAI/pythia-70m,0.070542,70000,146.801,2.8687,step70000,537e5fe9c04878a5aa4e88cee8ebc5ce710c6acb,matched_unique,published_pile_component_weights_v1,"published Pile component weights; static corpus-level candidate, not measured token exposure",0.089600,0.061200,0.003000,0.144000,0.015300,0.012400,0.075900,0.003800,0.051300,0.001400,0.021700,0.181100,0.008800,0.007300,0.006200,0.030700,0.036500,0.249800
82,EleutherAI/pythia-70m,0.070542,71000,148.898,2.8676,step71000,fd371714036fc1c3678d764d7bd13bf43da22bdd,matched_unique,published_pile_component_weights_v1,"published Pile component weights; static corpus-level candidate, not measured token exposure",0.089600,0.061200,0.003000,0.144000,0.015300,0.012400,0.075900,0.003800,0.051300,0.001400,0.021700,0.181100,0.008800,0.007300,0.006200,0.030700,0.036500,0.249800
83,EleutherAI/pythia-70m,0.070542,72000,150.995,2.8666,step72000,0c6777105ff6a4fa11a3b8fe2c374a9334844b66,matched_unique,published_pile_component_weights_v1,"published Pile component weights; static corpus-level candidate, not measured token exposure",0.089600,0.061200,0.003000,0.144000,0.015300,0.012400,0.075900,0.003800,0.051300,0.001400,0.021700,0.181100,0.008800,0.007300,0.006200,0.030700,0.036500,0.249800
84,EleutherAI/pythia-70m,0.070542,73000,153.092,2.865,step73000,f5ce3fd7f9b9412724b21dbb2188cfcd56ac2e23,matched_unique,published_pile_component_weights_v1,"published Pile component weights; static corpus-level candidate, not measured token exposure",0.089600,0.061200,0.003000,0.144000,0.015300,0.012400,0.075900,0.003800,0.051300,0.001400,0.021700,0.181100,0.008800,0.007300,0.006200,0.030700,0.036500,0.249800
85,EleutherAI/pythia-70m,0.070542,74000,155.189,2.8638,step74000,46818f7ee32e66af70c924bef79801ef95e6ae20,matched_unique,published_pile_component_weights_v1,"published Pile component weights; static corpus-level candidate, not measured token exposure",0.089600,0.061200,0.003000,0.144000,0.015300,0.012400,0.075900,0.003800,0.051300,0.001400,0.021700,0.181100,0.008800,0.007300,0.006200,0.030700,0.036500,0.249800
86,EleutherAI/pythia-70m,0.070542,75000,157.286,2.8628,step75000,f3b9bbf3345b09062276fe6beb7aecbeb1385a09,matched_unique,published_pile_component_weights_v1,"published Pile component weights; static corpus-level candidate, not measured token exposure",0.089600,0.061200,0.003000,0.144000,0.015300,0.012400,0.075900,0.003800,0.051300,0.001400,0.021700,0.181100,0.008800,0.007300,0.006200,0.030700,0.036500,0.249800
87,EleutherAI/pythia-70m,0.070542,76000,159.384,2.8619,step76000,ce16a15bc1366b8bfb7e3a7d7dae71d60a8e5ff5,matched_unique,published_pile_component_weights_v1,"published Pile component weights; static corpus-level candidate, not measured token exposure",0.089600,0.061200,0.003000,0.144000,0.015300,0.012400,0.075900,0.003800,0.051300,0.001400,0.021700,0.181100,0.008800,0.007300,0.006200,0.030700,0.036500,0.249800
88,EleutherAI/pythia-70m,0.070542,77000,161.481,2.8607,step77000,a44ca505e6309ea84a37b1e22e92f744b17fca84,matched_unique,published_pile_component_weights_v1,"published Pile component weights; static corpus-level candidate, not measured token exposure",0.089600,0.061200,0.003000,0.144000,0.015300,0.012400,0.075900,0.003800,0.051300,0.001400,0.021700,0.181100,0.008800,0.007300,0.006200,0.030700,0.036500,0.249800
89,EleutherAI/pythia-70m,0.070542,78000,163.578,2.8595,step78000,7ae906f4791221fe5db558a33f435855b0e8ad20,matched_unique,published_pile_component_weights_v1,"published Pile component weights; static corpus-level candidate, not measured token exposure",0.089600,0.061200,0.003000,0.144000,0.015300,0.012400,0.075900,0.003800,0.051300,0.001400,0.021700,0.181100,0.008800,0.007300,0.006200,0.030700,0.036500,0.249800
90,EleutherAI/pythia-70m,0.070542,79000,165.675,2.8586,step79000,0a53967eac660fa1a4bce521c10e25e359c04a40,matched_unique,published_pile_component_weights_v1,"published Pile component weights; static corpus-level candidate, not measured token exposure",0.089600,0.061200,0.003000,0.144000,0.015300,0.012400,0.075900,0.003800,0.051300,0.001400,0.021700,0.181100,0.008800,0.007300,0.006200,0.030700,0.036500,0.249800
91,EleutherAI/pythia-70m,0.070542,80000,167.772,2.8575,step80000,ffec934891d440fb1c3af1ea46e008e449276aad,matched_unique,published_pile_component_weights_v1,"published Pile component weights; static corpus-level candidate, not measured token exposure",0.089600,0.061200,0.003000,0.144000,0.015300,0.012400,0.075900,0.003800,0.051300,0.001400,0.021700,0.181100,0.008800,0.007300,0.006200,0.030700,0.036500,0.249800
92,EleutherAI/pythia-70m,0.070542,81000,169.869,2.8566,step81000,13e02a868bfa9a83ef0b9e5cd2d2bb2143f01f08,matched_unique,published_pile_component_weights_v1,"published Pile component weights; static corpus-level candidate, not measured token exposure",0.089600,0.061200,0.003000,0.144000,0.015300,0.012400,0.075900,0.003800,0.051300,0.001400,0.021700,0.181100,0.008800,0.007300,0.006200,0.030700,0.036500,0.249800
93,EleutherAI/pythia-70m,0.070542,82000,171.966,2.8553,step82000,f44798987925cb1b266c1284b54274418439db65,matched_unique,published_pile_component_weights_v1,"published Pile component weights; static corpus-level candidate, not measured token exposure",0.089600,0.061200,0.003000,0.144000,0.015300,0.012400,0.075900,0.003800,0.051300,0.001400,0.021700,0.181100,0.008800,0.007300,0.006200,0.030700,0.036500,0.249800
94,EleutherAI/pythia-70m,0.070542,83000,174.064,2.8544,step83000,d5da4d19b1c186d11c3ed1b815c0947de942e43f,matched_unique,published_pile_component_weights_v1,"published Pile component weights; static corpus-level candidate, not measured token exposure",0.089600,0.061200,0.003000,0.144000,0.015300,0.012400,0.075900,0.003800,0.051300,0.001400,0.021700,0.181100,0.008800,0.007300,0.006200,0.030700,0.036500,0.249800
95,EleutherAI/pythia-70m,0.070542,84000,176.161,2.8534,step84000,50c5a3088f688795765fe6a4570e44a83d42f9b8,matched_unique,published_pile_component_weights_v1,"published Pile component weights; static corpus-level candidate, not measured token exposure",0.089600,0.061200,0.003000,0.144000,0.015300,0.012400,0.075900,0.003800,0.051300,0.001400,0.021700,0.181100,0.008800,0.007300,0.006200,0.030700,0.036500,0.249800
96,EleutherAI/pythia-70m,0.070542,85000,178.258,2.8522,step85000,e5e46b142f4cc79fc728353752d4cc03e9ff0ff1,matched_unique,published_pile_component_weights_v1,"published Pile component weights; static corpus-level candidate, not measured token exposure",0.089600,0.061200,0.003000,0.144000,0.015300,0.012400,0.075900,0.003800,0.051300,0.001400,0.021700,0.181100,0.008800,0.007300,0.006200,0.030700,0.036500,0.249800
97,EleutherAI/pythia-70m,0.070542,86000,180.355,2.8516,step86000,0e66e4f9e548acd036fb88771c3557650173fc14,matched_unique,published_pile_component_weights_v1,"published Pile component weights; static corpus-level candidate, not measured token exposure",0.089600,0.061200,0.003000,0.144000,0.015300,0.012400,0.075900,0.003800,0.051300,0.001400,0.021700,0.181100,0.008800,0.007300,0.006200,0.030700,0.036500,0.249800
98,EleutherAI/pythia-70m,0.070542,87000,182.452,2.8506,step87000,8a00cb98c9b4b50b0d2941705aa3b63eca45fce2,matched_unique,published_pile_component_weights_v1,"published Pile component weights; static corpus-level candidate, not measured token exposure",0.089600,0.061200,0.003000,0.144000,0.015300,0.012400,0.075900,0.003800,0.051300,0.001400,0.021700,0.181100,0.008800,0.007300,0.006200,0.030700,0.036500,0.249800
99,EleutherAI/pythia-70m,0.070542,88000,184.549,2.8497,step88000,2d2d6da1a75f39aea90f212453ff7781ed47afe0,matched_unique,published_pile_component_weights_v1,"published Pile component weights; static corpus-level candidate, not measured token exposure",0.089600,0.061200,0.003000,0.144000,0.015300,0.012400,0.075900,0.003800,0.051300,0.001400,0.021700,0.181100,0.008800,0.007300,0.006200,0.030700,0.036500,0.249800
100,EleutherAI/pythia-70m,0.070542,89000,186.647,2.8487,step89000,87c1d5ba480708f67553005b30d0aab5f781e80c,matched_unique,published_pile_component_weights_v1,"published Pile component weights; static corpus-level candidate, not measured token exposure",0.089600,0.061200,0.003000,0.144000,0.015300,0.012400,0.075900,0.003800,0.051300,0.001400,0.021700,0.181100,0.008800,0.007300,0.006200,0.030700,0.036500,0.249800
101,EleutherAI/pythia-70m,0.070542,90000,188.744,2.8476,step90000,a46b38d7f705a32b531ad439520daad11e7a5b5e,matched_unique,published_pile_component_weights_v1,"published Pile component weights; static corpus-level candidate, not measured token exposure",0.089600,0.061200,0.003000,0.144000,0.015300,0.012400,0.075900,0.003800,0.051300,0.001400,0.021700,0.181100,0.008800,0.007300,0.006200,0.030700,0.036500,0.249800
102,EleutherAI/pythia-70m,0.070542,91000,190.841,2.8469,step91000,3842af7f3bf3fc10a4dd803c56273a9e3a4947d3,matched_unique,published_pile_component_weights_v1,"published Pile component weights; static corpus-level candidate, not measured token exposure",0.089600,0.061200,0.003000,0.144000,0.015300,0.012400,0.075900,0.003800,0.051300,0.001400,0.021700,0.181100,0.008800,0.007300,0.006200,0.030700,0.036500,0.249800
103,EleutherAI/pythia-70m,0.070542,92000,192.938,2.8461,step92000,d25ae9aaf81399760d7ce2d36899b5ff2eece622,matched_unique,published_pile_component_weights_v1,"published Pile component weights; static corpus-level candidate, not measured token exposure",0.089600,0.061200,0.003000,0.144000,0.015300,0.012400,0.075900,0.003800,0.051300,0.001400,0.021700,0.181100,0.008800,0.007300,0.006200,0.030700,0.036500,0.249800
104,EleutherAI/pythia-70m,0.070542,93000,195.035,2.8451,step93000,f2364ca2b30630674196b2f7fb69c22494859201,matched_unique,published_pile_component_weights_v1,"published Pile component weights; static corpus-level candidate, not measured token exposure",0.089600,0.061200,0.003000,0.144000,0.015300,0.012400,0.075900,0.003800,0.051300,0.001400,0.021700,0.181100,0.008800,0.007300,0.006200,0.030700,0.036500,0.249800
105,EleutherAI/pythia-70m,0.070542,94000,197.132,2.8444,step94000,a448dbcaf63a2a3085cf50ff8d5cc3ed8f5adc27,matched_unique,published_pile_component_weights_v1,"published Pile component weights; static corpus-level candidate, not measured token exposure",0.089600,0.061200,0.003000,0.144000,0.015300,0.012400,0.075900,0.003800,0.051300,0.001400,0.021700,0.181100,0.008800,0.007300,0.006200,0.030700,0.036500,0.249800
106,EleutherAI/pythia-70m,0.070542,95000,199.229,2.8436,step95000,3ed67c12d1d2b62d054fef245957a4f96ef3aaae,matched_unique,published_pile_component_weights_v1,"published Pile component weights; static corpus-level candidate, not measured token exposure",0.089600,0.061200,0.003000,0.144000,0.015300,0.012400,0.075900,0.003800,0.051300,0.001400,0.021700,0.181100,0.008800,0.007300,0.006200,0.030700,0.036500,0.249800
107,EleutherAI/pythia-70m,0.070542,96000,201.327,2.8431,step96000,4dfdd92f63db10d80feecea8a457cb5b786edcc9,matched_unique,published_pile_component_weights_v1,"published Pile component weights; static corpus-level candidate, not measured token exposure",0.089600,0.061200,0.003000,0.144000,0.015300,0.012400,0.075900,0.003800,0.051300,0.001400,0.021700,0.181100,0.008800,0.007300,0.006200,0.030700,0.036500,0.249800
108,EleutherAI/pythia-70m,0.070542,97000,203.424,2.842,step97000,9e0e91001730e5804cf6074032c47aa4d95a48b9,matched_unique,published_pile_component_weights_v1,"published Pile component weights; static corpus-level candidate, not measured token exposure",0.089600,0.061200,0.003000,0.144000,0.015300,0.012400,0.075900,0.003800,0.051300,0.001400,0.021700,0.181100,0.008800,0.007300,0.006200,0.030700,0.036500,0.249800
109,EleutherAI/pythia-70m,0.070542,98000,205.521,2.8412,step98000,bc1f9cac3daeb2eaf88b9002990824f1e0539553,matched_unique,published_pile_component_weights_v1,"published Pile component weights; static corpus-level candidate, not measured token exposure",0.089600,0.061200,0.003000,0.144000,0.015300,0.012400,0.075900,0.003800,0.051300,0.001400,0.021700,0.181100,0.008800,0.007300,0.006200,0.030700,0.036500,0.249800
110,EleutherAI/pythia-70m,0.070542,99000,207.618,2.8403,step99000,8360d60ad58d8bc3cb338bde1e64a9b79076c449,matched_unique,published_pile_component_weights_v1,"published Pile component weights; static corpus-level candidate, not measured token exposure",0.089600,0.061200,0.003000,0.144000,0.015300,0.012400,0.075900,0.003800,0.051300,0.001400,0.021700,0.181100,0.008800,0.007300,0.006200,0.030700,0.036500,0.249800
111,EleutherAI/pythia-70m,0.070542,100000,209.715,2.8392,step100000,332bbc7a79c2a63c0b0684b31014a6fde7af076e,matched_unique,published_pile_component_weights_v1,"published Pile component weights; static corpus-level candidate, not measured token exposure",0.089600,0.061200,0.003000,0.144000,0.015300,0.012400,0.075900,0.003800,0.051300,0.001400,0.021700,0.181100,0.008800,0.007300,0.006200,0.030700,0.036500,0.249800
112,EleutherAI/pythia-70m,0.070542,101000,211.812,2.8388,step101000,a33d475131fdd6bb3060e90f9b1602c762e44a2a,matched_unique,published_pile_component_weights_v1,"published Pile component weights; static corpus-level candidate, not measured token exposure",0.089600,0.061200,0.003000,0.144000,0.015300,0.012400,0.075900,0.003800,0.051300,0.001400,0.021700,0.181100,0.008800,0.007300,0.006200,0.030700,0.036500,0.249800
113,EleutherAI/pythia-70m,0.070542,102000,213.91,2.838,step102000,70357a8a3d5cc0d986e23db7f6ff87c3a51522f0,matched_unique,published_pile_component_weights_v1,"published Pile component weights; static corpus-level candidate, not measured token exposure",0.089600,0.061200,0.003000,0.144000,0.015300,0.012400,0.075900,0.003800,0.051300,0.001400,0.021700,0.181100,0.008800,0.007300,0.006200,0.030700,0.036500,0.249800
114,EleutherAI/pythia-70m,0.070542,103000,216.007,2.8377,step103000,1b6ce018068f9c9017f1ab5d6b339d4482c762cb,matched_unique,published_pile_component_weights_v1,"published Pile component weights; static corpus-level candidate, not measured token exposure",0.089600,0.061200,0.003000,0.144000,0.015300,0.012400,0.075900,0.003800,0.051300,0.001400,0.021700,0.181100,0.008800,0.007300,0.006200,0.030700,0.036500,0.249800
115,EleutherAI/pythia-70m,0.070542,104000,218.104,2.8365,step104000,c95ad53a903f1b118eb448cd47e509fc18ef708a,matched_unique,published_pile_component_weights_v1,"published Pile component weights; static corpus-level candidate, not measured token exposure",0.089600,0.061200,0.003000,0.144000,0.015300,0.012400,0.075900,0.003800,0.051300,0.001400,0.021700,0.181100,0.008800,0.007300,0.006200,0.030700,0.036500,0.249800
116,EleutherAI/pythia-70m,0.070542,105000,220.201,2.8358,step105000,c0ba8f42637e71fd6fe7569bf0cef96fe09861c0,matched_unique,published_pile_component_weights_v1,"published Pile component weights; static corpus-level candidate, not measured token exposure",0.089600,0.061200,0.003000,0.144000,0.015300,0.012400,0.075900,0.003800,0.051300,0.001400,0.021700,0.181100,0.008800,0.007300,0.006200,0.030700,0.036500,0.249800
117,EleutherAI/pythia-70m,0.070542,106000,222.298,2.8351,step106000,56bbd3b4095651fd36327572f9395a0cd03590d6,matched_unique,published_pile_component_weights_v1,"published Pile component weights; static corpus-level candidate, not measured token exposure",0.089600,0.061200,0.003000,0.144000,0.015300,0.012400,0.075900,0.003800,0.051300,0.001400,0.021700,0.181100,0.008800,0.007300,0.006200,0.030700,0.036500,0.249800
118,EleutherAI/pythia-70m,0.070542,107000,224.395,2.8341,step107000,2e55197fd932708ed0c987cd1a0856754351f09e,matched_unique,published_pile_component_weights_v1,"published Pile component weights; static corpus-level candidate, not measured token exposure",0.089600,0.061200,0.003000,0.144000,0.015300,0.012400,0.075900,0.003800,0.051300,0.001400,0.021700,0.181100,0.008800,0.007300,0.006200,0.030700,0.036500,0.249800
119,EleutherAI/pythia-70m,0.070542,108000,226.492,2.8338,step108000,e08a4e8f5b99ca19df46614b2a9a60868ac22f30,matched_unique,published_pile_component_weights_v1,"published Pile component weights; static corpus-level candidate, not measured token exposure",0.089600,0.061200,0.003000,0.144000,0.015300,0.012400,0.075900,0.003800,0.051300,0.001400,0.021700,0.181100,0.008800,0.007300,0.006200,0.030700,0.036500,0.249800
120,EleutherAI/pythia-70m,0.070542,109000,228.59,2.8331,step109000,2f8a6c33b430e7334e51d9b80aae0a8f75434ec9,matched_unique,published_pile_component_weights_v1,"published Pile component weights; static corpus-level candidate, not measured token exposure",0.089600,0.061200,0.003000,0.144000,0.015300,0.012400,0.075900,0.003800,0.051300,0.001400,0.021700,0.181100,0.008800,0.007300,0.006200,0.030700,0.036500,0.249800
121,EleutherAI/pythia-70m,0.070542,110000,230.687,2.8324,step110000,4d7103e8e736ceb090568b16e3ba310d6c4a034f,matched_unique,published_pile_component_weights_v1,"published Pile component weights; static corpus-level candidate, not measured token exposure",0.089600,0.061200,0.003000,0.144000,0.015300,0.012400,0.075900,0.003800,0.051300,0.001400,0.021700,0.181100,0.008800,0.007300,0.006200,0.030700,0.036500,0.249800
122,EleutherAI/pythia-70m,0.070542,111000,232.784,2.8314,step111000,1f35b6b036cd7bc2661b6acb2e3eb6201cc1cff0,matched_unique,published_pile_component_weights_v1,"published Pile component weights; static corpus-level candidate, not measured token exposure",0.089600,0.061200,0.003000,0.144000,0.015300,0.012400,0.075900,0.003800,0.051300,0.001400,0.021700,0.181100,0.008800,0.007300,0.006200,0.030700,0.036500,0.249800
123,EleutherAI/pythia-70m,0.070542,112000,234.881,2.8311,step112000,92f2eb949858a5eaa02a6021a18503c2765b0556,matched_unique,published_pile_component_weights_v1,"published Pile component weights; static corpus-level candidate, not measured token exposure",0.089600,0.061200,0.003000,0.144000,0.015300,0.012400,0.075900,0.003800,0.051300,0.001400,0.021700,0.181100,0.008800,0.007300,0.006200,0.030700,0.036500,0.249800
124,EleutherAI/pythia-70m,0.070542,113000,236.978,2.83,step113000,d037efc180db80f3d158e1a57132498c152f215e,matched_unique,published_pile_component_weights_v1,"published Pile component weights; static corpus-level candidate, not measured token exposure",0.089600,0.061200,0.003000,0.144000,0.015300,0.012400,0.075900,0.003800,0.051300,0.001400,0.021700,0.181100,0.008800,0.007300,0.006200,0.030700,0.036500,0.249800
125,EleutherAI/pythia-70m,0.070542,114000,239.075,2.8297,step114000,39d5f31352dce690d66d533cf7c5ba8a6327b008,matched_unique,published_pile_component_weights_v1,"published Pile component weights; static corpus-level candidate, not measured token exposure",0.089600,0.061200,0.003000,0.144000,0.015300,0.012400,0.075900,0.003800,0.051300,0.001400,0.021700,0.181100,0.008800,0.007300,0.006200,0.030700,0.036500,0.249800
126,EleutherAI/pythia-70m,0.070542,115000,241.172,2.8293,step115000,385d6120c6cbdc6e136ed03a6232f3b6b26a503c,matched_unique,published_pile_component_weights_v1,"published Pile component weights; static corpus-level candidate, not measured token exposure",0.089600,0.061200,0.003000,0.144000,0.015300,0.012400,0.075900,0.003800,0.051300,0.001400,0.021700,0.181100,0.008800,0.007300,0.006200,0.030700,0.036500,0.249800
127,EleutherAI/pythia-70m,0.070542,116000,243.27,2.8281,step116000,b0a582f9715a8fd39be14c2543f0fc094b89e5ed,matched_unique,published_pile_component_weights_v1,"published Pile component weights; static corpus-level candidate, not measured token exposure",0.089600,0.061200,0.003000,0.144000,0.015300,0.012400,0.075900,0.003800,0.051300,0.001400,0.021700,0.181100,0.008800,0.007300,0.006200,0.030700,0.036500,0.249800
128,EleutherAI/pythia-70m,0.070542,117000,245.367,2.8275,step117000,986d6c5b741c4da633e2b1176125325ed20d75fc,matched_unique,published_pile_component_weights_v1,"published Pile component weights; static corpus-level candidate, not measured token exposure",0.089600,0.061200,0.003000,0.144000,0.015300,0.012400,0.075900,0.003800,0.051300,0.001400,0.021700,0.181100,0.008800,0.007300,0.006200,0.030700,0.036500,0.249800
129,EleutherAI/pythia-70m,0.070542,118000,247.464,2.827,step118000,085b1b9000a79a6826226331ea0fefdef8777759,matched_unique,published_pile_component_weights_v1,"published Pile component weights; static corpus-level candidate, not measured token exposure",0.089600,0.061200,0.003000,0.144000,0.015300,0.012400,0.075900,0.003800,0.051300,0.001400,0.021700,0.181100,0.008800,0.007300,0.006200,0.030700,0.036500,0.249800
130,EleutherAI/pythia-70m,0.070542,119000,249.561,2.8263,step119000,da300f35d26a4b260ff494e2c2894c074dd631c6,matched_unique,published_pile_component_weights_v1,"published Pile component weights; static corpus-level candidate, not measured token exposure",0.089600,0.061200,0.003000,0.144000,0.015300,0.012400,0.075900,0.003800,0.051300,0.001400,0.021700,0.181100,0.008800,0.007300,0.006200,0.030700,0.036500,0.249800
131,EleutherAI/pythia-70m,0.070542,120000,251.658,2.8255,step120000,b17a8cb6f76b1236ca11e0ab713425ebdddadc84,matched_unique,published_pile_component_weights_v1,"published Pile component weights; static corpus-level candidate, not measured token exposure",0.089600,0.061200,0.003000,0.144000,0.015300,0.012400,0.075900,0.003800,0.051300,0.001400,0.021700,0.181100,0.008800,0.007300,0.006200,0.030700,0.036500,0.249800
132,EleutherAI/pythia-70m,0.070542,121000,253.755,2.8251,step121000,fe3d6a8e1de8888b449af77855b824587b4e1f72,matched_unique,published_pile_component_weights_v1,"published Pile component weights; static corpus-level candidate, not measured token exposure",0.089600,0.061200,0.003000,0.144000,0.015300,0.012400,0.075900,0.003800,0.051300,0.001400,0.021700,0.181100,0.008800,0.007300,0.006200,0.030700,0.036500,0.249800
133,EleutherAI/pythia-70m,0.070542,122000,255.853,2.8243,step122000,9a6349bc2196639a09fbc78f794b1d894b1cf7fc,matched_unique,published_pile_component_weights_v1,"published Pile component weights; static corpus-level candidate, not measured token exposure",0.089600,0.061200,0.003000,0.144000,0.015300,0.012400,0.075900,0.003800,0.051300,0.001400,0.021700,0.181100,0.008800,0.007300,0.006200,0.030700,0.036500,0.249800
134,EleutherAI/pythia-70m,0.070542,123000,257.95,2.824,step123000,d91619cf1e21f4d2e2a815e76892d5b4be8218c6,matched_unique,published_pile_component_weights_v1,"published Pile component weights; static corpus-level candidate, not measured token exposure",0.089600,0.061200,0.003000,0.144000,0.015300,0.012400,0.075900,0.003800,0.051300,0.001400,0.021700,0.181100,0.008800,0.007300,0.006200,0.030700,0.036500,0.249800
135,EleutherAI/pythia-70m,0.070542,124000,260.047,2.8232,step124000,bbb0f7de1f0cc19813d69ca2e2d42163e543bfe2,matched_unique,published_pile_component_weights_v1,"published Pile component weights; static corpus-level candidate, not measured token exposure",0.089600,0.061200,0.003000,0.144000,0.015300,0.012400,0.075900,0.003800,0.051300,0.001400,0.021700,0.181100,0.008800,0.007300,0.006200,0.030700,0.036500,0.249800
136,EleutherAI/pythia-70m,0.070542,125000,262.144,2.823,step125000,f128cef16ca9bedf2c18100c6d672c5c2b1dbc96,matched_unique,published_pile_component_weights_v1,"published Pile component weights; static corpus-level candidate, not measured token exposure",0.089600,0.061200,0.003000,0.144000,0.015300,0.012400,0.075900,0.003800,0.051300,0.001400,0.021700,0.181100,0.008800,0.007300,0.006200,0.030700,0.036500,0.249800
137,EleutherAI/pythia-70m,0.070542,126000,264.241,2.822,step126000,ebdf5033fdd3bb90c744d7430cde9b5d058b8dfd,matched_unique,published_pile_component_weights_v1,"published Pile component weights; static corpus-level candidate, not measured token exposure",0.089600,0.061200,0.003000,0.144000,0.015300,0.012400,0.075900,0.003800,0.051300,0.001400,0.021700,0.181100,0.008800,0.007300,0.006200,0.030700,0.036500,0.249800
138,EleutherAI/pythia-70m,0.070542,127000,266.338,2.8215,step127000,de4315c70ac6c36bb4ee23748bb28b200d55ff88,matched_unique,published_pile_component_weights_v1,"published Pile component weights; static corpus-level candidate, not measured token exposure",0.089600,0.061200,0.003000,0.144000,0.015300,0.012400,0.075900,0.003800,0.051300,0.001400,0.021700,0.181100,0.008800,0.007300,0.006200,0.030700,0.036500,0.249800
139,EleutherAI/pythia-70m,0.070542,128000,268.435,2.8212,step128000,c037a4430fb15f849667c0ea1cb2487d8bb1b9b3,matched_unique,published_pile_component_weights_v1,"published Pile component weights; static corpus-level candidate, not measured token exposure",0.089600,0.061200,0.003000,0.144000,0.015300,0.012400,0.075900,0.003800,0.051300,0.001400,0.021700,0.181100,0.008800,0.007300,0.006200,0.030700,0.036500,0.249800
140,EleutherAI/pythia-70m,0.070542,129000,270.533,2.8202,step129000,626a8e23033840a5bcd3bcf971e3efbf216118bc,matched_unique,published_pile_component_weights_v1,"published Pile component weights; static corpus-level candidate, not measured token exposure",0.089600,0.061200,0.003000,0.144000,0.015300,0.012400,0.075900,0.003800,0.051300,0.001400,0.021700,0.181100,0.008800,0.007300,0.006200,0.030700,0.036500,0.249800
141,EleutherAI/pythia-70m,0.070542,130000,272.63,2.8199,step130000,1f76b83d73389453807919881eb3cc30ecb7faf5,matched_unique,published_pile_component_weights_v1,"published Pile component weights; static corpus-level candidate, not measured token exposure",0.089600,0.061200,0.003000,0.144000,0.015300,0.012400,0.075900,0.003800,0.051300,0.001400,0.021700,0.181100,0.008800,0.007300,0.006200,0.030700,0.036500,0.249800
142,EleutherAI/pythia-70m,0.070542,131000,274.727,2.8196,step131000,7a7df7dd62e0355dcc59dfa9e5de1ff4c8b3c2f3,matched_unique,published_pile_component_weights_v1,"published Pile component weights; static corpus-level candidate, not measured token exposure",0.089600,0.061200,0.003000,0.144000,0.015300,0.012400,0.075900,0.003800,0.051300,0.001400,0.021700,0.181100,0.008800,0.007300,0.006200,0.030700,0.036500,0.249800
143,EleutherAI/pythia-70m,0.070542,132000,276.824,2.8185,step132000,fa20273d7311d43d5e30065e68e5ed91570be701,matched_unique,published_pile_component_weights_v1,"published Pile component weights; static corpus-level candidate, not measured token exposure",0.089600,0.061200,0.003000,0.144000,0.015300,0.012400,0.075900,0.003800,0.051300,0.001400,0.021700,0.181100,0.008800,0.007300,0.006200,0.030700,0.036500,0.249800
144,EleutherAI/pythia-70m,0.070542,133000,278.921,2.8183,step133000,1dc9e11f4b9373e1f1ce5fc04ea327ef8a551aea,matched_unique,published_pile_component_weights_v1,"published Pile component weights; static corpus-level candidate, not measured token exposure",0.089600,0.061200,0.003000,0.144000,0.015300,0.012400,0.075900,0.003800,0.051300,0.001400,0.021700,0.181100,0.008800,0.007300,0.006200,0.030700,0.036500,0.249800
145,EleutherAI/pythia-70m,0.070542,134000,281.018,2.8178,step134000,ceff8eb7410e6b0ed20058aa4f6ab9bfcde73ad4,matched_unique,published_pile_component_weights_v1,"published Pile component weights; static corpus-level candidate, not measured token exposure",0.089600,0.061200,0.003000,0.144000,0.015300,0.012400,0.075900,0.003800,0.051300,0.001400,0.021700,0.181100,0.008800,0.007300,0.006200,0.030700,0.036500,0.249800
146,EleutherAI/pythia-70m,0.070542,135000,283.116,2.8173,step135000,ebd68cbb6308b34b21a33994eb5156ae803ea59b,matched_unique,published_pile_component_weights_v1,"published Pile component weights; static corpus-level candidate, not measured token exposure",0.089600,0.061200,0.003000,0.144000,0.015300,0.012400,0.075900,0.003800,0.051300,0.001400,0.021700,0.181100,0.008800,0.007300,0.006200,0.030700,0.036500,0.249800
147,EleutherAI/pythia-70m,0.070542,136000,285.213,2.8164,step136000,7d7ece5694ba162fda36d3d98dbbd48398391a78,matched_unique,published_pile_component_weights_v1,"published Pile component weights; static corpus-level candidate, not measured token exposure",0.089600,0.061200,0.003000,0.144000,0.015300,0.012400,0.075900,0.003800,0.051300,0.001400,0.021700,0.181100,0.008800,0.007300,0.006200,0.030700,0.036500,0.249800
148,EleutherAI/pythia-70m,0.070542,137000,287.31,2.8159,step137000,1d4c36b5e81c3b8aee3d37ee3251ee0b6854b839,matched_unique,published_pile_component_weights_v1,"published Pile component weights; static corpus-level candidate, not measured token exposure",0.089600,0.061200,0.003000,0.144000,0.015300,0.012400,0.075900,0.003800,0.051300,0.001400,0.021700,0.181100,0.008800,0.007300,0.006200,0.030700,0.036500,0.249800
149,EleutherAI/pythia-70m,0.070542,138000,289.407,2.8157,step138000,14f621430c460ecff27a1c50c4f667dc585cd30d,matched_unique,published_pile_component_weights_v1,"published Pile component weights; static corpus-level candidate, not measured token exposure",0.089600,0.061200,0.003000,0.144000,0.015300,0.012400,0.075900,0.003800,0.051300,0.001400,0.021700,0.181100,0.008800,0.007300,0.006200,0.030700,0.036500,0.249800
150,EleutherAI/pythia-70m,0.070542,139000,291.504,2.8152,step139000,f5014d55858ded6b6b483bb54ac8da458c06e4b1,matched_unique,published_pile_component_weights_v1,"published Pile component weights; static corpus-level candidate, not measured token exposure",0.089600,0.061200,0.003000,0.144000,0.015300,0.012400,0.075900,0.003800,0.051300,0.001400,0.021700,0.181100,0.008800,0.007300,0.006200,0.030700,0.036500,0.249800
151,EleutherAI/pythia-70m,0.070542,140000,293.601,2.8146,step140000,75712a7276ef7c13ed2d45d39715e11e4bc1fe6d,matched_unique,published_pile_component_weights_v1,"published Pile component weights; static corpus-level candidate, not measured token exposure",0.089600,0.061200,0.003000,0.144000,0.015300,0.012400,0.075900,0.003800,0.051300,0.001400,0.021700,0.181100,0.008800,0.007300,0.006200,0.030700,0.036500,0.249800
152,EleutherAI/pythia-70m,0.070542,141000,295.698,2.8142,step141000,3235dc7ddba743420f14030f22dbe2d360806993,matched_unique,published_pile_component_weights_v1,"published Pile component weights; static corpus-level candidate, not measured token exposure",0.089600,0.061200,0.003000,0.144000,0.015300,0.012400,0.075900,0.003800,0.051300,0.001400,0.021700,0.181100,0.008800,0.007300,0.006200,0.030700,0.036500,0.249800
153,EleutherAI/pythia-70m,0.070542,142000,297.796,2.8135,step142000,98ed6786d8d131baeb4f687da6a06fbdb9d97bbc,matched_unique,published_pile_component_weights_v1,"published Pile component weights; static corpus-level candidate, not measured token exposure",0.089600,0.061200,0.003000,0.144000,0.015300,0.012400,0.075900,0.003800,0.051300,0.001400,0.021700,0.181100,0.008800,0.007300,0.006200,0.030700,0.036500,0.249800
154,EleutherAI/pythia-70m,0.070542,143000,299.893,2.8131,step143000,de3e4e2d6cbb3b1a51f90fe153ea51fcd8c7c852,matched_unique,published_pile_component_weights_v1,"published Pile component weights; static corpus-level candidate, not measured token exposure",0.089600,0.061200,0.003000,0.144000,0.015300,0.012400,0.075900,0.003800,0.051300,0.001400,0.021700,0.181100,0.008800,0.007300,0.006200,0.030700,0.036500,0.249800
162,EleutherAI/pythia-160m,0.162405,64,0.134,4.5235,step64,a9f1c3d4059850c7274aee198cb59578fb77802d,matched_unique,published_pile_component_weights_v1,"published Pile component weights; static corpus-level candidate, not measured token exposure",0.089600,0.061200,0.003000,0.144000,0.015300,0.012400,0.075900,0.003800,0.051300,0.001400,0.021700,0.181100,0.008800,0.007300,0.006200,0.030700,0.036500,0.249800
163,EleutherAI/pythia-160m,0.162405,128,0.268,4.1397,step128,e08223aa854be50565a8513f9aab98187be4c023,matched_unique,published_pile_component_weights_v1,"published Pile component weights; static corpus-level candidate, not measured token exposure",0.089600,0.061200,0.003000,0.144000,0.015300,0.012400,0.075900,0.003800,0.051300,0.001400,0.021700,0.181100,0.008800,0.007300,0.006200,0.030700,0.036500,0.249800
164,EleutherAI/pythia-160m,0.162405,256,0.537,3.8226,step256,5a8c103fce333776b946ec5d7a9beb8a24419f96,matched_unique,published_pile_component_weights_v1,"published Pile component weights; static corpus-level candidate, not measured token exposure",0.089600,0.061200,0.003000,0.144000,0.015300,0.012400,0.075900,0.003800,0.051300,0.001400,0.021700,0.181100,0.008800,0.007300,0.006200,0.030700,0.036500,0.249800
165,EleutherAI/pythia-160m,0.162405,512,1.074,3.5629,step512,700e8c2b860f97ff8fc55b237e75e92ada629553,matched_unique,published_pile_component_weights_v1,"published Pile component weights; static corpus-level candidate, not measured token exposure",0.089600,0.061200,0.003000,0.144000,0.015300,0.012400,0.075900,0.003800,0.051300,0.001400,0.021700,0.181100,0.008800,0.007300,0.006200,0.030700,0.036500,0.249800
166,EleutherAI/pythia-160m,0.162405,1000,2.097,3.3548,step1000,f711eaa4e5158955f6fcdff84a2145158b739f77,matched_unique,published_pile_component_weights_v1,"published Pile component weights; static corpus-level candidate, not measured token exposure",0.089600,0.061200,0.003000,0.144000,0.015300,0.012400,0.075900,0.003800,0.051300,0.001400,0.021700,0.181100,0.008800,0.007300,0.006200,0.030700,0.036500,0.249800
167,EleutherAI/pythia-160m,0.162405,2000,4.194,3.1771,step2000,a4817f95aaebbfddd0763a6a027f5be6bd2c9246,matched_unique,published_pile_component_weights_v1,"published Pile component weights; static corpus-level candidate, not measured token exposure",0.089600,0.061200,0.003000,0.144000,0.015300,0.012400,0.075900,0.003800,0.051300,0.001400,0.021700,0.181100,0.008800,0.007300,0.006200,0.030700,0.036500,0.249800
168,EleutherAI/pythia-160m,0.162405,3000,6.291,3.0883,step3000,c700948d4999bd3f4a0b467e8d45e299f83dace1,matched_unique,published_pile_component_weights_v1,"published Pile component weights; static corpus-level candidate, not measured token exposure",0.089600,0.061200,0.003000,0.144000,0.015300,0.012400,0.075900,0.003800,0.051300,0.001400,0.021700,0.181100,0.008800,0.007300,0.006200,0.030700,0.036500,0.249800
169,EleutherAI/pythia-160m,0.162405,4000,8.389,3.0304,step4000,b0f0e0245cd0942bcf9389f4145bc9c8cd2517fd,matched_unique,published_pile_component_weights_v1,"published Pile component weights; static corpus-level candidate, not measured token exposure",0.089600,0.061200,0.003000,0.144000,0.015300,0.012400,0.075900,0.003800,0.051300,0.001400,0.021700,0.181100,0.008800,0.007300,0.006200,0.030700,0.036500,0.249800
170,EleutherAI/pythia-160m,0.162405,5000,10.486,2.9888,step5000,37f757103d785d3a314240c71e57cbe2408113e5,matched_unique,published_pile_component_weights_v1,"published Pile component weights; static corpus-level candidate, not measured token exposure",0.089600,0.061200,0.003000,0.144000,0.015300,0.012400,0.075900,0.003800,0.051300,0.001400,0.021700,0.181100,0.008800,0.007300,0.006200,0.030700,0.036500,0.249800
171,EleutherAI/pythia-160m,0.162405,6000,12.583,2.9568,step6000,da2dcd5935322e9eadb32c7ff115b97840c14387,matched_unique,published_pile_component_weights_v1,"published Pile component weights; static corpus-level candidate, not measured token exposure",0.089600,0.061200,0.003000,0.144000,0.015300,0.012400,0.075900,0.003800,0.051300,0.001400,0.021700,0.181100,0.008800,0.007300,0.006200,0.030700,0.036500,0.249800
172,EleutherAI/pythia-160m,0.162405,7000,14.68,2.9311,step7000,b7d26a738f992b7b79a3e1f7529849ff112bd9c4,matched_unique,published_pile_component_weights_v1,"published Pile component weights; static corpus-level candidate, not measured token exposure",0.089600,0.061200,0.003000,0.144000,0.015300,0.012400,0.075900,0.003800,0.051300,0.001400,0.021700,0.181100,0.008800,0.007300,0.006200,0.030700,0.036500,0.249800
173,EleutherAI/pythia-160m,0.162405,8000,16.777,2.9098,step8000,efd022a43b3330576e60ae82bf5d71619f404997,matched_unique,published_pile_component_weights_v1,"published Pile component weights; static corpus-level candidate, not measured token exposure",0.089600,0.061200,0.003000,0.144000,0.015300,0.012400,0.075900,0.003800,0.051300,0.001400,0.021700,0.181100,0.008800,0.007300,0.006200,0.030700,0.036500,0.249800
174,EleutherAI/pythia-160m,0.162405,9000,18.874,2.8916,step9000,dd36b3a5aabfb33f976ff5f1936fcfa017930515,matched_unique,published_pile_component_weights_v1,"published Pile component weights; static corpus-level candidate, not measured token exposure",0.089600,0.061200,0.003000,0.144000,0.015300,0.012400,0.075900,0.003800,0.051300,0.001400,0.021700,0.181100,0.008800,0.007300,0.006200,0.030700,0.036500,0.249800
175,EleutherAI/pythia-160m,0.162405,10000,20.972,2.8757,step10000,bb9bd9573b772c899bda5206af551645138ceed8,matched_unique,published_pile_component_weights_v1,"published Pile component weights; static corpus-level candidate, not measured token exposure",0.089600,0.061200,0.003000,0.144000,0.015300,0.012400,0.075900,0.003800,0.051300,0.001400,0.021700,0.181100,0.008800,0.007300,0.006200,0.030700,0.036500,0.249800
176,EleutherAI/pythia-160m,0.162405,11000,23.069,2.8619,step11000,2bb89fb2d37951b6619cb0d9b81a5a5bfaff2cb4,matched_unique,published_pile_component_weights_v1,"published Pile component weights; static corpus-level candidate, not measured token exposure",0.089600,0.061200,0.003000,0.144000,0.015300,0.012400,0.075900,0.003800,0.051300,0.001400,0.021700,0.181100,0.008800,0.007300,0.006200,0.030700,0.036500,0.249800
177,EleutherAI/pythia-160m,0.162405,12000,25.166,2.8494,step12000,8966908f744a05b888ac84ec098afec1467b4a95,matched_unique,published_pile_component_weights_v1,"published Pile component weights; static corpus-level candidate, not measured token exposure",0.089600,0.061200,0.003000,0.144000,0.015300,0.012400,0.075900,0.003800,0.051300,0.001400,0.021700,0.181100,0.008800,0.007300,0.006200,0.030700,0.036500,0.249800
178,EleutherAI/pythia-160m,0.162405,13000,27.263,2.8385,step13000,90b699d15b30fc28490e8b2031709509304c718d,matched_unique,published_pile_component_weights_v1,"published Pile component weights; static corpus-level candidate, not measured token exposure",0.089600,0.061200,0.003000,0.144000,0.015300,0.012400,0.075900,0.003800,0.051300,0.001400,0.021700,0.181100,0.008800,0.007300,0.006200,0.030700,0.036500,0.249800
179,EleutherAI/pythia-160m,0.162405,14000,29.36,2.8281,step14000,05be89d8ab00dee9d7dfe0a37e3575fc1f90f627,matched_unique,published_pile_component_weights_v1,"published Pile component weights; static corpus-level candidate, not measured token exposure",0.089600,0.061200,0.003000,0.144000,0.015300,0.012400,0.075900,0.003800,0.051300,0.001400,0.021700,0.181100,0.008800,0.007300,0.006200,0.030700,0.036500,0.249800
180,EleutherAI/pythia-160m,0.162405,15000,31.457,2.8195,step15000,009b72872f0a656ed2eee6355af072447483b831,matched_unique,published_pile_component_weights_v1,"published Pile component weights; static corpus-level candidate, not measured token exposure",0.089600,0.061200,0.003000,0.144000,0.015300,0.012400,0.075900,0.003800,0.051300,0.001400,0.021700,0.181100,0.008800,0.007300,0.006200,0.030700,0.036500,0.249800
181,EleutherAI/pythia-160m,0.162405,16000,33.554,2.8106,step16000,13af86250de4e88e9c788ba8d7fb5b0e8a4afb7a,matched_unique,published_pile_component_weights_v1,"published Pile component weights; static corpus-level candidate, not measured token exposure",0.089600,0.061200,0.003000,0.144000,0.015300,0.012400,0.075900,0.003800,0.051300,0.001400,0.021700,0.181100,0.008800,0.007300,0.006200,0.030700,0.036500,0.249800
182,EleutherAI/pythia-160m,0.162405,17000,35.652,2.8025,step17000,2aed145fd6d34f0a8968d239ed0278d0188353e9,matched_unique,published_pile_component_weights_v1,"published Pile component weights; static corpus-level candidate, not measured token exposure",0.089600,0.061200,0.003000,0.144000,0.015300,0.012400,0.075900,0.003800,0.051300,0.001400,0.021700,0.181100,0.008800,0.007300,0.006200,0.030700,0.036500,0.249800
183,EleutherAI/pythia-160m,0.162405,18000,37.749,2.7952,step18000,3c5effe831f5bebfca9c2859dc06acd28b7e8823,matched_unique,published_pile_component_weights_v1,"published Pile component weights; static corpus-level candidate, not measured token exposure",0.089600,0.061200,0.003000,0.144000,0.015300,0.012400,0.075900,0.003800,0.051300,0.001400,0.021700,0.181100,0.008800,0.007300,0.006200,0.030700,0.036500,0.249800
184,EleutherAI/pythia-160m,0.162405,19000,39.846,2.7888,step19000,2ddcc6352778f7946065001c341f1d3dbb833de9,matched_unique,published_pile_component_weights_v1,"published Pile component weights; static corpus-level candidate, not measured token exposure",0.089600,0.061200,0.003000,0.144000,0.015300,0.012400,0.075900,0.003800,0.051300,0.001400,0.021700,0.181100,0.008800,0.007300,0.006200,0.030700,0.036500,0.249800
185,EleutherAI/pythia-160m,0.162405,20000,41.943,2.7823,step20000,68d6e4dc6ea8bdc2360c12038ef8e0ba2eb00eee,matched_unique,published_pile_component_weights_v1,"published Pile component weights; static corpus-level candidate, not measured token exposure",0.089600,0.061200,0.003000,0.144000,0.015300,0.012400,0.075900,0.003800,0.051300,0.001400,0.021700,0.181100,0.008800,0.007300,0.006200,0.030700,0.036500,0.249800
186,EleutherAI/pythia-160m,0.162405,21000,44.04,2.7766,step21000,be6d708e95baa2542d044beae6bfd05d686aad99,matched_unique,published_pile_component_weights_v1,"published Pile component weights; static corpus-level candidate, not measured token exposure",0.089600,0.061200,0.003000,0.144000,0.015300,0.012400,0.075900,0.003800,0.051300,0.001400,0.021700,0.181100,0.008800,0.007300,0.006200,0.030700,0.036500,0.249800
187,EleutherAI/pythia-160m,0.162405,22000,46.137,2.771,step22000,82e18ad46519d4ce0191f97b0512f7f0f09b4914,matched_unique,published_pile_component_weights_v1,"published Pile component weights; static corpus-level candidate, not measured token exposure",0.089600,0.061200,0.003000,0.144000,0.015300,0.012400,0.075900,0.003800,0.051300,0.001400,0.021700,0.181100,0.008800,0.007300,0.006200,0.030700,0.036500,0.249800
188,EleutherAI/pythia-160m,0.162405,23000,48.234,2.7656,step23000,05aaeb9e822e8b0aa9ae5597431ded0d2f18cc75,matched_unique,published_pile_component_weights_v1,"published Pile component weights; static corpus-level candidate, not measured token exposure",0.089600,0.061200,0.003000,0.144000,0.015300,0.012400,0.075900,0.003800,0.051300,0.001400,0.021700,0.181100,0.008800,0.007300,0.006200,0.030700,0.036500,0.249800
189,EleutherAI/pythia-160m,0.162405,24000,50.332,2.7605,step24000,0e42df784fc5743c2dde2746cff22153b9034850,matched_unique,published_pile_component_weights_v1,"published Pile component weights; static corpus-level candidate, not measured token exposure",0.089600,0.061200,0.003000,0.144000,0.015300,0.012400,0.075900,0.003800,0.051300,0.001400,0.021700,0.181100,0.008800,0.007300,0.006200,0.030700,0.036500,0.249800
190,EleutherAI/pythia-160m,0.162405,25000,52.429,2.7557,step25000,d1e6a6b968cae137432d0118ab324636fb849e7b,matched_unique,published_pile_component_weights_v1,"published Pile component weights; static corpus-level candidate, not measured token exposure",0.089600,0.061200,0.003000,0.144000,0.015300,0.012400,0.075900,0.003800,0.051300,0.001400,0.021700,0.181100,0.008800,0.007300,0.006200,0.030700,0.036500,0.249800
191,EleutherAI/pythia-160m,0.162405,26000,54.526,2.7514,step26000,a01e64995476865495b50ba7f8e8ebdffe8922eb,matched_unique,published_pile_component_weights_v1,"published Pile component weights; static corpus-level candidate, not measured token exposure",0.089600,0.061200,0.003000,0.144000,0.015300,0.012400,0.075900,0.003800,0.051300,0.001400,0.021700,0.181100,0.008800,0.007300,0.006200,0.030700,0.036500,0.249800
192,EleutherAI/pythia-160m,0.162405,27000,56.623,2.7474,step27000,56c2daa830f4e137af4625814c7db917c68e59f8,matched_unique,published_pile_component_weights_v1,"published Pile component weights; static corpus-level candidate, not measured token exposure",0.089600,0.061200,0.003000,0.144000,0.015300,0.012400,0.075900,0.003800,0.051300,0.001400,0.021700,0.181100,0.008800,0.007300,0.006200,0.030700,0.036500,0.249800
193,EleutherAI/pythia-160m,0.162405,28000,58.72,2.7432,step28000,3c87f3688408ced2090d8f5b7e7fe49e723a67de,matched_unique,published_pile_component_weights_v1,"published Pile component weights; static corpus-level candidate, not measured token exposure",0.089600,0.061200,0.003000,0.144000,0.015300,0.012400,0.075900,0.003800,0.051300,0.001400,0.021700,0.181100,0.008800,0.007300,0.006200,0.030700,0.036500,0.249800
194,EleutherAI/pythia-160m,0.162405,29000,60.817,2.7391,step29000,3782e1117fe216d87ae6a48fa356acad2369b102,matched_unique,published_pile_component_weights_v1,"published Pile component weights; static corpus-level candidate, not measured token exposure",0.089600,0.061200,0.003000,0.144000,0.015300,0.012400,0.075900,0.003800,0.051300,0.001400,0.021700,0.181100,0.008800,0.007300,0.006200,0.030700,0.036500,0.249800
195,EleutherAI/pythia-160m,0.162405,30000,62.915,2.7356,step30000,23591ecab679a606292cc7488ecb404a52773215,matched_unique,published_pile_component_weights_v1,"published Pile component weights; static corpus-level candidate, not measured token exposure",0.089600,0.061200,0.003000,0.144000,0.015300,0.012400,0.075900,0.003800,0.051300,0.001400,0.021700,0.181100,0.008800,0.007300,0.006200,0.030700,0.036500,0.249800
196,EleutherAI/pythia-160m,0.162405,31000,65.012,2.7321,step31000,3385f54d40fbd1d0e7a40408bc629a2aacf0819d,matched_unique,published_pile_component_weights_v1,"published Pile component weights; static corpus-level candidate, not measured token exposure",0.089600,0.061200,0.003000,0.144000,0.015300,0.012400,0.075900,0.003800,0.051300,0.001400,0.021700,0.181100,0.008800,0.007300,0.006200,0.030700,0.036500,0.249800
197,EleutherAI/pythia-160m,0.162405,32000,67.109,2.7285,step32000,dfead30ed6021412baa93aac4dbb31f1ee82033d,matched_unique,published_pile_component_weights_v1,"published Pile component weights; static corpus-level candidate, not measured token exposure",0.089600,0.061200,0.003000,0.144000,0.015300,0.012400,0.075900,0.003800,0.051300,0.001400,0.021700,0.181100,0.008800,0.007300,0.006200,0.030700,0.036500,0.249800
198,EleutherAI/pythia-160m,0.162405,33000,69.206,2.7254,step33000,752b85769692c6185af0450bbc83f28711b643d3,matched_unique,published_pile_component_weights_v1,"published Pile component weights; static corpus-level candidate, not measured token exposure",0.089600,0.061200,0.003000,0.144000,0.015300,0.012400,0.075900,0.003800,0.051300,0.001400,0.021700,0.181100,0.008800,0.007300,0.006200,0.030700,0.036500,0.249800
199,EleutherAI/pythia-160m,0.162405,34000,71.303,2.7222,step34000,be19143af50e0bb3e3af17c4ecf933ceda86e3ca,matched_unique,published_pile_component_weights_v1,"published Pile component weights; static corpus-level candidate, not measured token exposure",0.089600,0.061200,0.003000,0.144000,0.015300,0.012400,0.075900,0.003800,0.051300,0.001400,0.021700,0.181100,0.008800,0.007300,0.006200,0.030700,0.036500,0.249800
200,EleutherAI/pythia-160m,0.162405,35000,73.4,2.719,step35000,ea3cf5e0f6287353f3243d71095898bc141d8ec6,matched_unique,published_pile_component_weights_v1,"published Pile component weights; static corpus-level candidate, not measured token exposure",0.089600,0.061200,0.003000,0.144000,0.015300,0.012400,0.075900,0.003800,0.051300,0.001400,0.021700,0.181100,0.008800,0.007300,0.006200,0.030700,0.036500,0.249800
201,EleutherAI/pythia-160m,0.162405,36000,75.497,2.7163,step36000,b4789743284a9d0df2f0b9676e8a26c45b8da27e,matched_unique,published_pile_component_weights_v1,"published Pile component weights; static corpus-level candidate, not measured token exposure",0.089600,0.061200,0.003000,0.144000,0.015300,0.012400,0.075900,0.003800,0.051300,0.001400,0.021700,0.181100,0.008800,0.007300,0.006200,0.030700,0.036500,0.249800
202,EleutherAI/pythia-160m,0.162405,37000,77.595,2.7135,step37000,5bf2ae05ae86c90893e63018a34e92ee4030c74e,matched_unique,published_pile_component_weights_v1,"published Pile component weights; static corpus-level candidate, not measured token exposure",0.089600,0.061200,0.003000,0.144000,0.015300,0.012400,0.075900,0.003800,0.051300,0.001400,0.021700,0.181100,0.008800,0.007300,0.006200,0.030700,0.036500,0.249800
203,EleutherAI/pythia-160m,0.162405,38000,79.692,2.7109,step38000,f1a7d224b2fd90f6cefdb6057b3a8c9cf15d1ddb,matched_unique,published_pile_component_weights_v1,"published Pile component weights; static corpus-level candidate, not measured token exposure",0.089600,0.061200,0.003000,0.144000,0.015300,0.012400,0.075900,0.003800,0.051300,0.001400,0.021700,0.181100,0.008800,0.007300,0.006200,0.030700,0.036500,0.249800
204,EleutherAI/pythia-160m,0.162405,39000,81.789,2.7082,step39000,5a039aa3300db8783b6cb96036d94d56ea5fd88c,matched_unique,published_pile_component_weights_v1,"published Pile component weights; static corpus-level candidate, not measured token exposure",0.089600,0.061200,0.003000,0.144000,0.015300,0.012400,0.075900,0.003800,0.051300,0.001400,0.021700,0.181100,0.008800,0.007300,0.006200,0.030700,0.036500,0.249800
205,EleutherAI/pythia-160m,0.162405,40000,83.886,2.7053,step40000,28cd250213f2f4ac5996129ed190fe40a5f2f56a,matched_unique,published_pile_component_weights_v1,"published Pile component weights; static corpus-level candidate, not measured token exposure",0.089600,0.061200,0.003000,0.144000,0.015300,0.012400,0.075900,0.003800,0.051300,0.001400,0.021700,0.181100,0.008800,0.007300,0.006200,0.030700,0.036500,0.249800
206,EleutherAI/pythia-160m,0.162405,41000,85.983,2.7029,step41000,e998d463a7124e29834b37c133b0299048c6ea91,matched_unique,published_pile_component_weights_v1,"published Pile component weights; static corpus-level candidate, not measured token exposure",0.089600,0.061200,0.003000,0.144000,0.015300,0.012400,0.075900,0.003800,0.051300,0.001400,0.021700,0.181100,0.008800,0.007300,0.006200,0.030700,0.036500,0.249800
207,EleutherAI/pythia-160m,0.162405,42000,88.08,2.7007,step42000,a56ac57022ae820b8c9915c2efedf97a60f5144c,matched_unique,published_pile_component_weights_v1,"published Pile component weights; static corpus-level candidate, not measured token exposure",0.089600,0.061200,0.003000,0.144000,0.015300,0.012400,0.075900,0.003800,0.051300,0.001400,0.021700,0.181100,0.008800,0.007300,0.006200,0.030700,0.036500,0.249800
208,EleutherAI/pythia-160m,0.162405,43000,90.178,2.6984,step43000,8be2eb0fc551801389de6f7b7f15f6178a01dd27,matched_unique,published_pile_component_weights_v1,"published Pile component weights; static corpus-level candidate, not measured token exposure",0.089600,0.061200,0.003000,0.144000,0.015300,0.012400,0.075900,0.003800,0.051300,0.001400,0.021700,0.181100,0.008800,0.007300,0.006200,0.030700,0.036500,0.249800
209,EleutherAI/pythia-160m,0.162405,44000,92.275,2.6961,step44000,df31469d55bfd78ff8ffee553c78f63f38471fe8,matched_unique,published_pile_component_weights_v1,"published Pile component weights; static corpus-level candidate, not measured token exposure",0.089600,0.061200,0.003000,0.144000,0.015300,0.012400,0.075900,0.003800,0.051300,0.001400,0.021700,0.181100,0.008800,0.007300,0.006200,0.030700,0.036500,0.249800
210,EleutherAI/pythia-160m,0.162405,45000,94.372,2.6945,step45000,9c21b094d19729e014b4b2b2713135ff4e084126,matched_unique,published_pile_component_weights_v1,"published Pile component weights; static corpus-level candidate, not measured token exposure",0.089600,0.061200,0.003000,0.144000,0.015300,0.012400,0.075900,0.003800,0.051300,0.001400,0.021700,0.181100,0.008800,0.007300,0.006200,0.030700,0.036500,0.249800
211,EleutherAI/pythia-160m,0.162405,46000,96.469,2.6918,step46000,9f2ed94f329256eb2bd072b6228f785b6c76a3d8,matched_unique,published_pile_component_weights_v1,"published Pile component weights; static corpus-level candidate, not measured token exposure",0.089600,0.061200,0.003000,0.144000,0.015300,0.012400,0.075900,0.003800,0.051300,0.001400,0.021700,0.181100,0.008800,0.007300,0.006200,0.030700,0.036500,0.249800
212,EleutherAI/pythia-160m,0.162405,47000,98.566,2.6898,step47000,47814d55c57297936dade8f13468cd0a4840e959,matched_unique,published_pile_component_weights_v1,"published Pile component weights; static corpus-level candidate, not measured token exposure",0.089600,0.061200,0.003000,0.144000,0.015300,0.012400,0.075900,0.003800,0.051300,0.001400,0.021700,0.181100,0.008800,0.007300,0.006200,0.030700,0.036500,0.249800
213,EleutherAI/pythia-160m,0.162405,48000,100.663,2.6878,step48000,b4a0a404a63aa5946fbae0fc469426f685b1977b,matched_unique,published_pile_component_weights_v1,"published Pile component weights; static corpus-level candidate, not measured token exposure",0.089600,0.061200,0.003000,0.144000,0.015300,0.012400,0.075900,0.003800,0.051300,0.001400,0.021700,0.181100,0.008800,0.007300,0.006200,0.030700,0.036500,0.249800
214,EleutherAI/pythia-160m,0.162405,49000,102.76,2.6858,step49000,141bed1adf6733633b9c7124b9886b176459d1e4,matched_unique,published_pile_component_weights_v1,"published Pile component weights; static corpus-level candidate, not measured token exposure",0.089600,0.061200,0.003000,0.144000,0.015300,0.012400,0.075900,0.003800,0.051300,0.001400,0.021700,0.181100,0.008800,0.007300,0.006200,0.030700,0.036500,0.249800
215,EleutherAI/pythia-160m,0.162405,50000,104.858,2.6837,step50000,3085a4c2797db9241b08d20aafc033f9aede42dd,matched_unique,published_pile_component_weights_v1,"published Pile component weights; static corpus-level candidate, not measured token exposure",0.089600,0.061200,0.003000,0.144000,0.015300,0.012400,0.075900,0.003800,0.051300,0.001400,0.021700,0.181100,0.008800,0.007300,0.006200,0.030700,0.036500,0.249800
216,EleutherAI/pythia-160m,0.162405,51000,106.955,2.682,step51000,eb87a9604e5d74ad4cb5e0f19dce5cc14e3b4de0,matched_unique,published_pile_component_weights_v1,"published Pile component weights; static corpus-level candidate, not measured token exposure",0.089600,0.061200,0.003000,0.144000,0.015300,0.012400,0.075900,0.003800,0.051300,0.001400,0.021700,0.181100,0.008800,0.007300,0.006200,0.030700,0.036500,0.249800
217,EleutherAI/pythia-160m,0.162405,52000,109.052,2.68,step52000,c56325cab318acabf6eeca269af8112e6622e8f0,matched_unique,published_pile_component_weights_v1,"published Pile component weights; static corpus-level candidate, not measured token exposure",0.089600,0.061200,0.003000,0.144000,0.015300,0.012400,0.075900,0.003800,0.051300,0.001400,0.021700,0.181100,0.008800,0.007300,0.006200,0.030700,0.036500,0.249800
218,EleutherAI/pythia-160m,0.162405,53000,111.149,2.6783,step53000,be730d0755534f71c214da5ae5360d0875a56029,matched_unique,published_pile_component_weights_v1,"published Pile component weights; static corpus-level candidate, not measured token exposure",0.089600,0.061200,0.003000,0.144000,0.015300,0.012400,0.075900,0.003800,0.051300,0.001400,0.021700,0.181100,0.008800,0.007300,0.006200,0.030700,0.036500,0.249800
219,EleutherAI/pythia-160m,0.162405,54000,113.246,2.6765,step54000,c028aa9ec496a5d68bdbd06d281234d9a3eda6b7,matched_unique,published_pile_component_weights_v1,"published Pile component weights; static corpus-level candidate, not measured token exposure",0.089600,0.061200,0.003000,0.144000,0.015300,0.012400,0.075900,0.003800,0.051300,0.001400,0.021700,0.181100,0.008800,0.007300,0.006200,0.030700,0.036500,0.249800
220,EleutherAI/pythia-160m,0.162405,55000,115.343,2.6749,step55000,a0b90c9fb8eaf4c8b5b0f61cbf57bf5bec253e3f,matched_unique,published_pile_component_weights_v1,"published Pile component weights; static corpus-level candidate, not measured token exposure",0.089600,0.061200,0.003000,0.144000,0.015300,0.012400,0.075900,0.003800,0.051300,0.001400,0.021700,0.181100,0.008800,0.007300,0.006200,0.030700,0.036500,0.249800
221,EleutherAI/pythia-160m,0.162405,56000,117.441,2.6736,step56000,2c7c45c5393aa1c3ebcb145b0ef4c9b29dcdc0fc,matched_unique,published_pile_component_weights_v1,"published Pile component weights; static corpus-level candidate, not measured token exposure",0.089600,0.061200,0.003000,0.144000,0.015300,0.012400,0.075900,0.003800,0.051300,0.001400,0.021700,0.181100,0.008800,0.007300,0.006200,0.030700,0.036500,0.249800
222,EleutherAI/pythia-160m,0.162405,57000,119.538,2.6713,step57000,02d745ce60694e24866dc158904723a624e0783f,matched_unique,published_pile_component_weights_v1,"published Pile component weights; static corpus-level candidate, not measured token exposure",0.089600,0.061200,0.003000,0.144000,0.015300,0.012400,0.075900,0.003800,0.051300,0.001400,0.021700,0.181100,0.008800,0.007300,0.006200,0.030700,0.036500,0.249800
223,EleutherAI/pythia-160m,0.162405,58000,121.635,2.6702,step58000,1f37d672aeac4879c5c46045768005bc1b761012,matched_unique,published_pile_component_weights_v1,"published Pile component weights; static corpus-level candidate, not measured token exposure",0.089600,0.061200,0.003000,0.144000,0.015300,0.012400,0.075900,0.003800,0.051300,0.001400,0.021700,0.181100,0.008800,0.007300,0.006200,0.030700,0.036500,0.249800
224,EleutherAI/pythia-160m,0.162405,59000,123.732,2.6683,step59000,94da07350ef6793b7058b1f6d4a823a1753e27c0,matched_unique,published_pile_component_weights_v1,"published Pile component weights; static corpus-level candidate, not measured token exposure",0.089600,0.061200,0.003000,0.144000,0.015300,0.012400,0.075900,0.003800,0.051300,0.001400,0.021700,0.181100,0.008800,0.007300,0.006200,0.030700,0.036500,0.249800
225,EleutherAI/pythia-160m,0.162405,60000,125.829,2.6669,step60000,2e339c811edb08673afeb97de3f2850bfc1b1caf,matched_unique,published_pile_component_weights_v1,"published Pile component weights; static corpus-level candidate, not measured token exposure",0.089600,0.061200,0.003000,0.144000,0.015300,0.012400,0.075900,0.003800,0.051300,0.001400,0.021700,0.181100,0.008800,0.007300,0.006200,0.030700,0.036500,0.249800
226,EleutherAI/pythia-160m,0.162405,61000,127.926,2.6657,step61000,68e8a7b5dabaf2b1970d678942f730833062a58f,matched_unique,published_pile_component_weights_v1,"published Pile component weights; static corpus-level candidate, not measured token exposure",0.089600,0.061200,0.003000,0.144000,0.015300,0.012400,0.075900,0.003800,0.051300,0.001400,0.021700,0.181100,0.008800,0.007300,0.006200,0.030700,0.036500,0.249800
227,EleutherAI/pythia-160m,0.162405,62000,130.023,2.6641,step62000,baf95f7d5bdab76137e1e94d592cd556408c9987,matched_unique,published_pile_component_weights_v1,"published Pile component weights; static corpus-level candidate, not measured token exposure",0.089600,0.061200,0.003000,0.144000,0.015300,0.012400,0.075900,0.003800,0.051300,0.001400,0.021700,0.181100,0.008800,0.007300,0.006200,0.030700,0.036500,0.249800
228,EleutherAI/pythia-160m,0.162405,63000,132.121,2.6625,step63000,fef3283e9226c88f96a26b594b4520ef65745e72,matched_unique,published_pile_component_weights_v1,"published Pile component weights; static corpus-level candidate, not measured token exposure",0.089600,0.061200,0.003000,0.144000,0.015300,0.012400,0.075900,0.003800,0.051300,0.001400,0.021700,0.181100,0.008800,0.007300,0.006200,0.030700,0.036500,0.249800
229,EleutherAI/pythia-160m,0.162405,64000,134.218,2.6611,step64000,aac0de458f9106a48f9e58f4ad7ba03f86753932,matched_unique,published_pile_component_weights_v1,"published Pile component weights; static corpus-level candidate, not measured token exposure",0.089600,0.061200,0.003000,0.144000,0.015300,0.012400,0.075900,0.003800,0.051300,0.001400,0.021700,0.181100,0.008800,0.007300,0.006200,0.030700,0.036500,0.249800
230,EleutherAI/pythia-160m,0.162405,65000,136.315,2.66,step65000,4a92734ea23cfb3a2fc9a786a13bd60f160a208b,matched_unique,published_pile_component_weights_v1,"published Pile component weights; static corpus-level candidate, not measured token exposure",0.089600,0.061200,0.003000,0.144000,0.015300,0.012400,0.075900,0.003800,0.051300,0.001400,0.021700,0.181100,0.008800,0.007300,0.006200,0.030700,0.036500,0.249800
231,EleutherAI/pythia-160m,0.162405,66000,138.412,2.6584,step66000,802a3e62171c98ecb91ff58824d68cc0876c3b52,matched_unique,published_pile_component_weights_v1,"published Pile component weights; static corpus-level candidate, not measured token exposure",0.089600,0.061200,0.003000,0.144000,0.015300,0.012400,0.075900,0.003800,0.051300,0.001400,0.021700,0.181100,0.008800,0.007300,0.006200,0.030700,0.036500,0.249800
232,EleutherAI/pythia-160m,0.162405,67000,140.509,2.6573,step67000,35f6492de133aeb49059ab673d2c30a51bf5a764,matched_unique,published_pile_component_weights_v1,"published Pile component weights; static corpus-level candidate, not measured token exposure",0.089600,0.061200,0.003000,0.144000,0.015300,0.012400,0.075900,0.003800,0.051300,0.001400,0.021700,0.181100,0.008800,0.007300,0.006200,0.030700,0.036500,0.249800
233,EleutherAI/pythia-160m,0.162405,68000,142.606,2.656,step68000,426b5a912c9cb8e5f80df728d3952d1c459eb02e,matched_unique,published_pile_component_weights_v1,"published Pile component weights; static corpus-level candidate, not measured token exposure",0.089600,0.061200,0.003000,0.144000,0.015300,0.012400,0.075900,0.003800,0.051300,0.001400,0.021700,0.181100,0.008800,0.007300,0.006200,0.030700,0.036500,0.249800
234,EleutherAI/pythia-160m,0.162405,69000,144.703,2.6546,step69000,122fde1e516c078193b030b37b118816052dec0d,matched_unique,published_pile_component_weights_v1,"published Pile component weights; static corpus-level candidate, not measured token exposure",0.089600,0.061200,0.003000,0.144000,0.015300,0.012400,0.075900,0.003800,0.051300,0.001400,0.021700,0.181100,0.008800,0.007300,0.006200,0.030700,0.036500,0.249800
235,EleutherAI/pythia-160m,0.162405,70000,146.801,2.6538,step70000,71be9e70e2b5615772c83bb749347f7e7f11b293,matched_unique,published_pile_component_weights_v1,"published Pile component weights; static corpus-level candidate, not measured token exposure",0.089600,0.061200,0.003000,0.144000,0.015300,0.012400,0.075900,0.003800,0.051300,0.001400,0.021700,0.181100,0.008800,0.007300,0.006200,0.030700,0.036500,0.249800
236,EleutherAI/pythia-160m,0.162405,71000,148.898,2.6523,step71000,45ac664e04d2cbd82496bf49da718d771a3c1e6b,matched_unique,published_pile_component_weights_v1,"published Pile component weights; static corpus-level candidate, not measured token exposure",0.089600,0.061200,0.003000,0.144000,0.015300,0.012400,0.075900,0.003800,0.051300,0.001400,0.021700,0.181100,0.008800,0.007300,0.006200,0.030700,0.036500,0.249800
237,EleutherAI/pythia-160m,0.162405,72000,150.995,2.6507,step72000,a1046b6608b5054e7ba3ec45819cdbd6810cb2f2,matched_unique,published_pile_component_weights_v1,"published Pile component weights; static corpus-level candidate, not measured token exposure",0.089600,0.061200,0.003000,0.144000,0.015300,0.012400,0.075900,0.003800,0.051300,0.001400,0.021700,0.181100,0.008800,0.007300,0.006200,0.030700,0.036500,0.249800
238,EleutherAI/pythia-160m,0.162405,73000,153.092,2.6499,step73000,8feb608c8dda48af3622aa6bae98ae2c6c056fbd,matched_unique,published_pile_component_weights_v1,"published Pile component weights; static corpus-level candidate, not measured token exposure",0.089600,0.061200,0.003000,0.144000,0.015300,0.012400,0.075900,0.003800,0.051300,0.001400,0.021700,0.181100,0.008800,0.007300,0.006200,0.030700,0.036500,0.249800
239,EleutherAI/pythia-160m,0.162405,74000,155.189,2.6486,step74000,10c4e437b5a30aa3f181c9cbf655cf3390b727f0,matched_unique,published_pile_component_weights_v1,"published Pile component weights; static corpus-level candidate, not measured token exposure",0.089600,0.061200,0.003000,0.144000,0.015300,0.012400,0.075900,0.003800,0.051300,0.001400,0.021700,0.181100,0.008800,0.007300,0.006200,0.030700,0.036500,0.249800
240,EleutherAI/pythia-160m,0.162405,75000,157.286,2.6477,step75000,2664504c17429e401a952bebb1ad89e997481e8c,matched_unique,published_pile_component_weights_v1,"published Pile component weights; static corpus-level candidate, not measured token exposure",0.089600,0.061200,0.003000,0.144000,0.015300,0.012400,0.075900,0.003800,0.051300,0.001400,0.021700,0.181100,0.008800,0.007300,0.006200,0.030700,0.036500,0.249800
241,EleutherAI/pythia-160m,0.162405,76000,159.384,2.6464,step76000,0195c04e31aca1edfb0952679676b131301b661a,matched_unique,published_pile_component_weights_v1,"published Pile component weights; static corpus-level candidate, not measured token exposure",0.089600,0.061200,0.003000,0.144000,0.015300,0.012400,0.075900,0.003800,0.051300,0.001400,0.021700,0.181100,0.008800,0.007300,0.006200,0.030700,0.036500,0.249800
242,EleutherAI/pythia-160m,0.162405,77000,161.481,2.6454,step77000,a6e8eb00b0cc9034578b711f74d13e92960fc9f9,matched_unique,published_pile_component_weights_v1,"published Pile component weights; static corpus-level candidate, not measured token exposure",0.089600,0.061200,0.003000,0.144000,0.015300,0.012400,0.075900,0.003800,0.051300,0.001400,0.021700,0.181100,0.008800,0.007300,0.006200,0.030700,0.036500,0.249800
243,EleutherAI/pythia-160m,0.162405,78000,163.578,2.6444,step78000,009f4ee99e49bc0e8c200a030a061394480a2677,matched_unique,published_pile_component_weights_v1,"published Pile component weights; static corpus-level candidate, not measured token exposure",0.089600,0.061200,0.003000,0.144000,0.015300,0.012400,0.075900,0.003800,0.051300,0.001400,0.021700,0.181100,0.008800,0.007300,0.006200,0.030700,0.036500,0.249800
244,EleutherAI/pythia-160m,0.162405,79000,165.675,2.6434,step79000,1abd7f1a00e7c18ecc9394904640cb2571750906,matched_unique,published_pile_component_weights_v1,"published Pile component weights; static corpus-level candidate, not measured token exposure",0.089600,0.061200,0.003000,0.144000,0.015300,0.012400,0.075900,0.003800,0.051300,0.001400,0.021700,0.181100,0.008800,0.007300,0.006200,0.030700,0.036500,0.249800
245,EleutherAI/pythia-160m,0.162405,80000,167.772,2.642,step80000,c2b7e67a838512043ebf3fcfdeefa6ddec84a144,matched_unique,published_pile_component_weights_v1,"published Pile component weights; static corpus-level candidate, not measured token exposure",0.089600,0.061200,0.003000,0.144000,0.015300,0.012400,0.075900,0.003800,0.051300,0.001400,0.021700,0.181100,0.008800,0.007300,0.006200,0.030700,0.036500,0.249800
246,EleutherAI/pythia-160m,0.162405,81000,169.869,2.6411,step81000,bec3032bfe0cff965b5b83d0b1e9c22ad922715b,matched_unique,published_pile_component_weights_v1,"published Pile component weights; static corpus-level candidate, not measured token exposure",0.089600,0.061200,0.003000,0.144000,0.015300,0.012400,0.075900,0.003800,0.051300,0.001400,0.021700,0.181100,0.008800,0.007300,0.006200,0.030700,0.036500,0.249800
247,EleutherAI/pythia-160m,0.162405,82000,171.966,2.6401,step82000,b09969ccd2f25c3121201f6efb25270d144a6400,matched_unique,published_pile_component_weights_v1,"published Pile component weights; static corpus-level candidate, not measured token exposure",0.089600,0.061200,0.003000,0.144000,0.015300,0.012400,0.075900,0.003800,0.051300,0.001400,0.021700,0.181100,0.008800,0.007300,0.006200,0.030700,0.036500,0.249800
248,EleutherAI/pythia-160m,0.162405,83000,174.064,2.6391,step83000,5ffc8dab40188069d7777fd2b777437a0f394c15,matched_unique,published_pile_component_weights_v1,"published Pile component weights; static corpus-level candidate, not measured token exposure",0.089600,0.061200,0.003000,0.144000,0.015300,0.012400,0.075900,0.003800,0.051300,0.001400,0.021700,0.181100,0.008800,0.007300,0.006200,0.030700,0.036500,0.249800
249,EleutherAI/pythia-160m,0.162405,84000,176.161,2.6385,step84000,01449d4bce7c9aa4f4b372d9e26d2ac7656df867,matched_unique,published_pile_component_weights_v1,"published Pile component weights; static corpus-level candidate, not measured token exposure",0.089600,0.061200,0.003000,0.144000,0.015300,0.012400,0.075900,0.003800,0.051300,0.001400,0.021700,0.181100,0.008800,0.007300,0.006200,0.030700,0.036500,0.249800
250,EleutherAI/pythia-160m,0.162405,85000,178.258,2.6373,step85000,455cd2fb3635d70593d4177cedc18639269fa060,matched_unique,published_pile_component_weights_v1,"published Pile component weights; static corpus-level candidate, not measured token exposure",0.089600,0.061200,0.003000,0.144000,0.015300,0.012400,0.075900,0.003800,0.051300,0.001400,0.021700,0.181100,0.008800,0.007300,0.006200,0.030700,0.036500,0.249800
251,EleutherAI/pythia-160m,0.162405,86000,180.355,2.6361,step86000,131e7d76fd8d623064116831d07e18437ce8c43e,matched_unique,published_pile_component_weights_v1,"published Pile component weights; static corpus-level candidate, not measured token exposure",0.089600,0.061200,0.003000,0.144000,0.015300,0.012400,0.075900,0.003800,0.051300,0.001400,0.021700,0.181100,0.008800,0.007300,0.006200,0.030700,0.036500,0.249800
252,EleutherAI/pythia-160m,0.162405,87000,182.452,2.6355,step87000,5a8aacd457f982b82960e79351f1eae69d0e946e,matched_unique,published_pile_component_weights_v1,"published Pile component weights; static corpus-level candidate, not measured token exposure",0.089600,0.061200,0.003000,0.144000,0.015300,0.012400,0.075900,0.003800,0.051300,0.001400,0.021700,0.181100,0.008800,0.007300,0.006200,0.030700,0.036500,0.249800
253,EleutherAI/pythia-160m,0.162405,88000,184.549,2.6347,step88000,731de2d133b0d85da99719033c7bce8e56311d39,matched_unique,published_pile_component_weights_v1,"published Pile component weights; static corpus-level candidate, not measured token exposure",0.089600,0.061200,0.003000,0.144000,0.015300,0.012400,0.075900,0.003800,0.051300,0.001400,0.021700,0.181100,0.008800,0.007300,0.006200,0.030700,0.036500,0.249800
254,EleutherAI/pythia-160m,0.162405,89000,186.647,2.6337,step89000,f65b15fff2421c541841ede1137c31cc9df35260,matched_unique,published_pile_component_weights_v1,"published Pile component weights; static corpus-level candidate, not measured token exposure",0.089600,0.061200,0.003000,0.144000,0.015300,0.012400,0.075900,0.003800,0.051300,0.001400,0.021700,0.181100,0.008800,0.007300,0.006200,0.030700,0.036500,0.249800
255,EleutherAI/pythia-160m,0.162405,90000,188.744,2.6324,step90000,c8d0afde63d15fa1b9080987de62099cec2cba0f,matched_unique,published_pile_component_weights_v1,"published Pile component weights; static corpus-level candidate, not measured token exposure",0.089600,0.061200,0.003000,0.144000,0.015300,0.012400,0.075900,0.003800,0.051300,0.001400,0.021700,0.181100,0.008800,0.007300,0.006200,0.030700,0.036500,0.249800
256,EleutherAI/pythia-160m,0.162405,91000,190.841,2.6317,step91000,890a75778b23761344bc6a96d4ef3d8df4861c0b,matched_unique,published_pile_component_weights_v1,"published Pile component weights; static corpus-level candidate, not measured token exposure",0.089600,0.061200,0.003000,0.144000,0.015300,0.012400,0.075900,0.003800,0.051300,0.001400,0.021700,0.181100,0.008800,0.007300,0.006200,0.030700,0.036500,0.249800
257,EleutherAI/pythia-160m,0.162405,92000,192.938,2.6311,step92000,05c60b7c3d5d5b465a8fcecdc506e3cef140839b,matched_unique,published_pile_component_weights_v1,"published Pile component weights; static corpus-level candidate, not measured token exposure",0.089600,0.061200,0.003000,0.144000,0.015300,0.012400,0.075900,0.003800,0.051300,0.001400,0.021700,0.181100,0.008800,0.007300,0.006200,0.030700,0.036500,0.249800
258,EleutherAI/pythia-160m,0.162405,93000,195.035,2.6299,step93000,8b706db54cc300c5cfd5a580d129891c1aae51bc,matched_unique,published_pile_component_weights_v1,"published Pile component weights; static corpus-level candidate, not measured token exposure",0.089600,0.061200,0.003000,0.144000,0.015300,0.012400,0.075900,0.003800,0.051300,0.001400,0.021700,0.181100,0.008800,0.007300,0.006200,0.030700,0.036500,0.249800
259,EleutherAI/pythia-160m,0.162405,94000,197.132,2.6292,step94000,0e1439559bae0dcca8f1a03658c8ee8796c19ace,matched_unique,published_pile_component_weights_v1,"published Pile component weights; static corpus-level candidate, not measured token exposure",0.089600,0.061200,0.003000,0.144000,0.015300,0.012400,0.075900,0.003800,0.051300,0.001400,0.021700,0.181100,0.008800,0.007300,0.006200,0.030700,0.036500,0.249800
260,EleutherAI/pythia-160m,0.162405,95000,199.229,2.6284,step95000,28338b65e6b2a0ffcdf8b361b0ebe600388b3a0f,matched_unique,published_pile_component_weights_v1,"published Pile component weights; static corpus-level candidate, not measured token exposure",0.089600,0.061200,0.003000,0.144000,0.015300,0.012400,0.075900,0.003800,0.051300,0.001400,0.021700,0.181100,0.008800,0.007300,0.006200,0.030700,0.036500,0.249800
261,EleutherAI/pythia-160m,0.162405,96000,201.327,2.6274,step96000,aaf70579ac956a238ee7b6e95bfc31a7f699ffb6,matched_unique,published_pile_component_weights_v1,"published Pile component weights; static corpus-level candidate, not measured token exposure",0.089600,0.061200,0.003000,0.144000,0.015300,0.012400,0.075900,0.003800,0.051300,0.001400,0.021700,0.181100,0.008800,0.007300,0.006200,0.030700,0.036500,0.249800
262,EleutherAI/pythia-160m,0.162405,97000,203.424,2.6267,step97000,4932cee31d4698da9557303ec11001401b20a01d,matched_unique,published_pile_component_weights_v1,"published Pile component weights; static corpus-level candidate, not measured token exposure",0.089600,0.061200,0.003000,0.144000,0.015300,0.012400,0.075900,0.003800,0.051300,0.001400,0.021700,0.181100,0.008800,0.007300,0.006200,0.030700,0.036500,0.249800
263,EleutherAI/pythia-160m,0.162405,98000,205.521,2.6254,step98000,f917802e74acb1ce4b95d9e36a9d80f59a229b69,matched_unique,published_pile_component_weights_v1,"published Pile component weights; static corpus-level candidate, not measured token exposure",0.089600,0.061200,0.003000,0.144000,0.015300,0.012400,0.075900,0.003800,0.051300,0.001400,0.021700,0.181100,0.008800,0.007300,0.006200,0.030700,0.036500,0.249800
264,EleutherAI/pythia-160m,0.162405,99000,207.618,2.6249,step99000,c8834d2ce3503798db4ee976a4eb73e35582fda3,matched_unique,published_pile_component_weights_v1,"published Pile component weights; static corpus-level candidate, not measured token exposure",0.089600,0.061200,0.003000,0.144000,0.015300,0.012400,0.075900,0.003800,0.051300,0.001400,0.021700,0.181100,0.008800,0.007300,0.006200,0.030700,0.036500,0.249800
265,EleutherAI/pythia-160m,0.162405,100000,209.715,2.6243,step100000,c507d0e63f5a7a833b1b1866116a04cc3e74dc70,matched_unique,published_pile_component_weights_v1,"published Pile component weights; static corpus-level candidate, not measured token exposure",0.089600,0.061200,0.003000,0.144000,0.015300,0.012400,0.075900,0.003800,0.051300,0.001400,0.021700,0.181100,0.008800,0.007300,0.006200,0.030700,0.036500,0.249800
266,EleutherAI/pythia-160m,0.162405,101000,211.812,2.6234,step101000,008a714f68e7b9e9af61a204b070a83b5b8c7f7b,matched_unique,published_pile_component_weights_v1,"published Pile component weights; static corpus-level candidate, not measured token exposure",0.089600,0.061200,0.003000,0.144000,0.015300,0.012400,0.075900,0.003800,0.051300,0.001400,0.021700,0.181100,0.008800,0.007300,0.006200,0.030700,0.036500,0.249800
267,EleutherAI/pythia-160m,0.162405,102000,213.91,2.623,step102000,ce1aeea13cd627ed4a59cc1d4b0b4a83c3848f23,matched_unique,published_pile_component_weights_v1,"published Pile component weights; static corpus-level candidate, not measured token exposure",0.089600,0.061200,0.003000,0.144000,0.015300,0.012400,0.075900,0.003800,0.051300,0.001400,0.021700,0.181100,0.008800,0.007300,0.006200,0.030700,0.036500,0.249800
268,EleutherAI/pythia-160m,0.162405,103000,216.007,2.6218,step103000,e20984bac7358e477ced6e38487e45ef16d8d417,matched_unique,published_pile_component_weights_v1,"published Pile component weights; static corpus-level candidate, not measured token exposure",0.089600,0.061200,0.003000,0.144000,0.015300,0.012400,0.075900,0.003800,0.051300,0.001400,0.021700,0.181100,0.008800,0.007300,0.006200,0.030700,0.036500,0.249800
269,EleutherAI/pythia-160m,0.162405,104000,218.104,2.6212,step104000,1a8920d384cf8a0ca5011c85c954e32228c292b7,matched_unique,published_pile_component_weights_v1,"published Pile component weights; static corpus-level candidate, not measured token exposure",0.089600,0.061200,0.003000,0.144000,0.015300,0.012400,0.075900,0.003800,0.051300,0.001400,0.021700,0.181100,0.008800,0.007300,0.006200,0.030700,0.036500,0.249800
270,EleutherAI/pythia-160m,0.162405,105000,220.201,2.6206,step105000,11db7c44662362227a2ed412416b039e992854c5,matched_unique,published_pile_component_weights_v1,"published Pile component weights; static corpus-level candidate, not measured token exposure",0.089600,0.061200,0.003000,0.144000,0.015300,0.012400,0.075900,0.003800,0.051300,0.001400,0.021700,0.181100,0.008800,0.007300,0.006200,0.030700,0.036500,0.249800
271,EleutherAI/pythia-160m,0.162405,106000,222.298,2.62,step106000,1b57cfb8ad17164d03059606c6e3496725e37f26,matched_unique,published_pile_component_weights_v1,"published Pile component weights; static corpus-level candidate, not measured token exposure",0.089600,0.061200,0.003000,0.144000,0.015300,0.012400,0.075900,0.003800,0.051300,0.001400,0.021700,0.181100,0.008800,0.007300,0.006200,0.030700,0.036500,0.249800
272,EleutherAI/pythia-160m,0.162405,107000,224.395,2.6189,step107000,920fdee8bcf8951ebd26d81748dde470c33be757,matched_unique,published_pile_component_weights_v1,"published Pile component weights; static corpus-level candidate, not measured token exposure",0.089600,0.061200,0.003000,0.144000,0.015300,0.012400,0.075900,0.003800,0.051300,0.001400,0.021700,0.181100,0.008800,0.007300,0.006200,0.030700,0.036500,0.249800
273,EleutherAI/pythia-160m,0.162405,108000,226.492,2.6186,step108000,bf1864d6819d88b2b35a3fa2ff519e489508a23d,matched_unique,published_pile_component_weights_v1,"published Pile component weights; static corpus-level candidate, not measured token exposure",0.089600,0.061200,0.003000,0.144000,0.015300,0.012400,0.075900,0.003800,0.051300,0.001400,0.021700,0.181100,0.008800,0.007300,0.006200,0.030700,0.036500,0.249800
274,EleutherAI/pythia-160m,0.162405,109000,228.59,2.6177,step109000,8afebe0f5500e2adbdbf4f59ebe77e72bcae83ab,matched_unique,published_pile_component_weights_v1,"published Pile component weights; static corpus-level candidate, not measured token exposure",0.089600,0.061200,0.003000,0.144000,0.015300,0.012400,0.075900,0.003800,0.051300,0.001400,0.021700,0.181100,0.008800,0.007300,0.006200,0.030700,0.036500,0.249800
275,EleutherAI/pythia-160m,0.162405,110000,230.687,2.6169,step110000,8dbf3af771b5629b2ede5105f2f1dd1639a143f1,matched_unique,published_pile_component_weights_v1,"published Pile component weights; static corpus-level candidate, not measured token exposure",0.089600,0.061200,0.003000,0.144000,0.015300,0.012400,0.075900,0.003800,0.051300,0.001400,0.021700,0.181100,0.008800,0.007300,0.006200,0.030700,0.036500,0.249800
276,EleutherAI/pythia-160m,0.162405,111000,232.784,2.6164,step111000,82b3ff955b468c8db29495b437ba10a2b66f900d,matched_unique,published_pile_component_weights_v1,"published Pile component weights; static corpus-level candidate, not measured token exposure",0.089600,0.061200,0.003000,0.144000,0.015300,0.012400,0.075900,0.003800,0.051300,0.001400,0.021700,0.181100,0.008800,0.007300,0.006200,0.030700,0.036500,0.249800
277,EleutherAI/pythia-160m,0.162405,112000,234.881,2.6157,step112000,6800a8cbd19248c6461865e9af99562cbb0eefd2,matched_unique,published_pile_component_weights_v1,"published Pile component weights; static corpus-level candidate, not measured token exposure",0.089600,0.061200,0.003000,0.144000,0.015300,0.012400,0.075900,0.003800,0.051300,0.001400,0.021700,0.181100,0.008800,0.007300,0.006200,0.030700,0.036500,0.249800
278,EleutherAI/pythia-160m,0.162405,113000,236.978,2.6149,step113000,17ff0c353220bc61d9143053c26b5e91ff77ff72,matched_unique,published_pile_component_weights_v1,"published Pile component weights; static corpus-level candidate, not measured token exposure",0.089600,0.061200,0.003000,0.144000,0.015300,0.012400,0.075900,0.003800,0.051300,0.001400,0.021700,0.181100,0.008800,0.007300,0.006200,0.030700,0.036500,0.249800
279,EleutherAI/pythia-160m,0.162405,114000,239.075,2.6143,step114000,69230917e62eaf709f664b5abba31cd9992693d4,matched_unique,published_pile_component_weights_v1,"published Pile component weights; static corpus-level candidate, not measured token exposure",0.089600,0.061200,0.003000,0.144000,0.015300,0.012400,0.075900,0.003800,0.051300,0.001400,0.021700,0.181100,0.008800,0.007300,0.006200,0.030700,0.036500,0.249800
280,EleutherAI/pythia-160m,0.162405,115000,241.172,2.6136,step115000,21ea72dcb012b69ebc22672660eb2bcbff478503,matched_unique,published_pile_component_weights_v1,"published Pile component weights; static corpus-level candidate, not measured token exposure",0.089600,0.061200,0.003000,0.144000,0.015300,0.012400,0.075900,0.003800,0.051300,0.001400,0.021700,0.181100,0.008800,0.007300,0.006200,0.030700,0.036500,0.249800
281,EleutherAI/pythia-160m,0.162405,116000,243.27,2.613,step116000,f4f1c0162dd4142e72ebcb5b17b450f8a5d281e3,matched_unique,published_pile_component_weights_v1,"published Pile component weights; static corpus-level candidate, not measured token exposure",0.089600,0.061200,0.003000,0.144000,0.015300,0.012400,0.075900,0.003800,0.051300,0.001400,0.021700,0.181100,0.008800,0.007300,0.006200,0.030700,0.036500,0.249800
282,EleutherAI/pythia-160m,0.162405,117000,245.367,2.6125,step117000,83936dcef13578104f937e2e24cc36b3f02e5181,matched_unique,published_pile_component_weights_v1,"published Pile component weights; static corpus-level candidate, not measured token exposure",0.089600,0.061200,0.003000,0.144000,0.015300,0.012400,0.075900,0.003800,0.051300,0.001400,0.021700,0.181100,0.008800,0.007300,0.006200,0.030700,0.036500,0.249800
283,EleutherAI/pythia-160m,0.162405,118000,247.464,2.612,step118000,12ee45c87260646277aeca48ad84f1f921f53b7f,matched_unique,published_pile_component_weights_v1,"published Pile component weights; static corpus-level candidate, not measured token exposure",0.089600,0.061200,0.003000,0.144000,0.015300,0.012400,0.075900,0.003800,0.051300,0.001400,0.021700,0.181100,0.008800,0.007300,0.006200,0.030700,0.036500,0.249800
284,EleutherAI/pythia-160m,0.162405,119000,249.561,2.6109,step119000,4fda2c6f0752bfa6afe4190bb219d363f5531e1c,matched_unique,published_pile_component_weights_v1,"published Pile component weights; static corpus-level candidate, not measured token exposure",0.089600,0.061200,0.003000,0.144000,0.015300,0.012400,0.075900,0.003800,0.051300,0.001400,0.021700,0.181100,0.008800,0.007300,0.006200,0.030700,0.036500,0.249800
285,EleutherAI/pythia-160m,0.162405,120000,251.658,2.6108,step120000,3df7d2c5532755f7022704e07dea87f35eeaf0e1,matched_unique,published_pile_component_weights_v1,"published Pile component weights; static corpus-level candidate, not measured token exposure",0.089600,0.061200,0.003000,0.144000,0.015300,0.012400,0.075900,0.003800,0.051300,0.001400,0.021700,0.181100,0.008800,0.007300,0.006200,0.030700,0.036500,0.249800
286,EleutherAI/pythia-160m,0.162405,121000,253.755,2.6096,step121000,d68ceb68eb0e848bd67591e82852c79625378231,matched_unique,published_pile_component_weights_v1,"published Pile component weights; static corpus-level candidate, not measured token exposure",0.089600,0.061200,0.003000,0.144000,0.015300,0.012400,0.075900,0.003800,0.051300,0.001400,0.021700,0.181100,0.008800,0.007300,0.006200,0.030700,0.036500,0.249800
287,EleutherAI/pythia-160m,0.162405,122000,255.853,2.6092,step122000,c79de0f5643edef4efd01a6730226428ccea0473,matched_unique,published_pile_component_weights_v1,"published Pile component weights; static corpus-level candidate, not measured token exposure",0.089600,0.061200,0.003000,0.144000,0.015300,0.012400,0.075900,0.003800,0.051300,0.001400,0.021700,0.181100,0.008800,0.007300,0.006200,0.030700,0.036500,0.249800
288,EleutherAI/pythia-160m,0.162405,123000,257.95,2.6088,step123000,2ddaac324805e644bf92fcbf176356601d2ac7db,matched_unique,published_pile_component_weights_v1,"published Pile component weights; static corpus-level candidate, not measured token exposure",0.089600,0.061200,0.003000,0.144000,0.015300,0.012400,0.075900,0.003800,0.051300,0.001400,0.021700,0.181100,0.008800,0.007300,0.006200,0.030700,0.036500,0.249800
289,EleutherAI/pythia-160m,0.162405,124000,260.047,2.6081,step124000,570e72c3445fdbeab65a487d5f4224bc5b2531f3,matched_unique,published_pile_component_weights_v1,"published Pile component weights; static corpus-level candidate, not measured token exposure",0.089600,0.061200,0.003000,0.144000,0.015300,0.012400,0.075900,0.003800,0.051300,0.001400,0.021700,0.181100,0.008800,0.007300,0.006200,0.030700,0.036500,0.249800
290,EleutherAI/pythia-160m,0.162405,125000,262.144,2.6074,step125000,5c2e1449041aab08b9112644194bff636f2101b5,matched_unique,published_pile_component_weights_v1,"published Pile component weights; static corpus-level candidate, not measured token exposure",0.089600,0.061200,0.003000,0.144000,0.015300,0.012400,0.075900,0.003800,0.051300,0.001400,0.021700,0.181100,0.008800,0.007300,0.006200,0.030700,0.036500,0.249800
291,EleutherAI/pythia-160m,0.162405,126000,264.241,2.6069,step126000,49fb29a36ee9cbccad79f11ec3e9c755df71c3fe,matched_unique,published_pile_component_weights_v1,"published Pile component weights; static corpus-level candidate, not measured token exposure",0.089600,0.061200,0.003000,0.144000,0.015300,0.012400,0.075900,0.003800,0.051300,0.001400,0.021700,0.181100,0.008800,0.007300,0.006200,0.030700,0.036500,0.249800
292,EleutherAI/pythia-160m,0.162405,127000,266.338,2.6063,step127000,ac3d5eb5bff22b124d65865f125087308ff6554a,matched_unique,published_pile_component_weights_v1,"published Pile component weights; static corpus-level candidate, not measured token exposure",0.089600,0.061200,0.003000,0.144000,0.015300,0.012400,0.075900,0.003800,0.051300,0.001400,0.021700,0.181100,0.008800,0.007300,0.006200,0.030700,0.036500,0.249800
293,EleutherAI/pythia-160m,0.162405,128000,268.435,2.6057,step128000,aa5969a496f6b99bbd90d79505341c15d05e1eb7,matched_unique,published_pile_component_weights_v1,"published Pile component weights; static corpus-level candidate, not measured token exposure",0.089600,0.061200,0.003000,0.144000,0.015300,0.012400,0.075900,0.003800,0.051300,0.001400,0.021700,0.181100,0.008800,0.007300,0.006200,0.030700,0.036500,0.249800
294,EleutherAI/pythia-160m,0.162405,129000,270.533,2.6053,step129000,900aa993ca2becf66dd6c49a19190101ac145451,matched_unique,published_pile_component_weights_v1,"published Pile component weights; static corpus-level candidate, not measured token exposure",0.089600,0.061200,0.003000,0.144000,0.015300,0.012400,0.075900,0.003800,0.051300,0.001400,0.021700,0.181100,0.008800,0.007300,0.006200,0.030700,0.036500,0.249800
295,EleutherAI/pythia-160m,0.162405,130000,272.63,2.6047,step130000,0b59d0757b8e89b8f5acb201425d1a9964ecf77f,matched_unique,published_pile_component_weights_v1,"published Pile component weights; static corpus-level candidate, not measured token exposure",0.089600,0.061200,0.003000,0.144000,0.015300,0.012400,0.075900,0.003800,0.051300,0.001400,0.021700,0.181100,0.008800,0.007300,0.006200,0.030700,0.036500,0.249800
296,EleutherAI/pythia-160m,0.162405,131000,274.727,2.604,step131000,845c7ef4482081f309ee524906a7ed2bc8d75d57,matched_unique,published_pile_component_weights_v1,"published Pile component weights; static corpus-level candidate, not measured token exposure",0.089600,0.061200,0.003000,0.144000,0.015300,0.012400,0.075900,0.003800,0.051300,0.001400,0.021700,0.181100,0.008800,0.007300,0.006200,0.030700,0.036500,0.249800
297,EleutherAI/pythia-160m,0.162405,132000,276.824,2.6037,step132000,8deaade88ce99fb8129c249ff55255169a581c4a,matched_unique,published_pile_component_weights_v1,"published Pile component weights; static corpus-level candidate, not measured token exposure",0.089600,0.061200,0.003000,0.144000,0.015300,0.012400,0.075900,0.003800,0.051300,0.001400,0.021700,0.181100,0.008800,0.007300,0.006200,0.030700,0.036500,0.249800
298,EleutherAI/pythia-160m,0.162405,133000,278.921,2.603,step133000,d417f0d3ccfe07c126ca3ef068469141a7d4f416,matched_unique,published_pile_component_weights_v1,"published Pile component weights; static corpus-level candidate, not measured token exposure",0.089600,0.061200,0.003000,0.144000,0.015300,0.012400,0.075900,0.003800,0.051300,0.001400,0.021700,0.181100,0.008800,0.007300,0.006200,0.030700,0.036500,0.249800
299,EleutherAI/pythia-160m,0.162405,134000,281.018,2.6026,step134000,c7c24b3e656d6c289185812b5ccb4598151428ec,matched_unique,published_pile_component_weights_v1,"published Pile component weights; static corpus-level candidate, not measured token exposure",0.089600,0.061200,0.003000,0.144000,0.015300,0.012400,0.075900,0.003800,0.051300,0.001400,0.021700,0.181100,0.008800,0.007300,0.006200,0.030700,0.036500,0.249800
300,EleutherAI/pythia-160m,0.162405,135000,283.116,2.602,step135000,eb6305c25681c07e55e9f3138c2d196c5d2c70fa,matched_unique,published_pile_component_weights_v1,"published Pile component weights; static corpus-level candidate, not measured token exposure",0.089600,0.061200,0.003000,0.144000,0.015300,0.012400,0.075900,0.003800,0.051300,0.001400,0.021700,0.181100,0.008800,0.007300,0.006200,0.030700,0.036500,0.249800
301,EleutherAI/pythia-160m,0.162405,136000,285.213,2.6013,step136000,2b5ddd226fe3149166c2651de3a51bc63c25775d,matched_unique,published_pile_component_weights_v1,"published Pile component weights; static corpus-level candidate, not measured token exposure",0.089600,0.061200,0.003000,0.144000,0.015300,0.012400,0.075900,0.003800,0.051300,0.001400,0.021700,0.181100,0.008800,0.007300,0.006200,0.030700,0.036500,0.249800
302,EleutherAI/pythia-160m,0.162405,137000,287.31,2.6008,step137000,a14a3c73e1d8436f0f62f516b73222933984b40d,matched_unique,published_pile_component_weights_v1,"published Pile component weights; static corpus-level candidate, not measured token exposure",0.089600,0.061200,0.003000,0.144000,0.015300,0.012400,0.075900,0.003800,0.051300,0.001400,0.021700,0.181100,0.008800,0.007300,0.006200,0.030700,0.036500,0.249800
303,EleutherAI/pythia-160m,0.162405,138000,289.407,2.6005,step138000,02b732337ecc1657ed98f916944e457901553801,matched_unique,published_pile_component_weights_v1,"published Pile component weights; static corpus-level candidate, not measured token exposure",0.089600,0.061200,0.003000,0.144000,0.015300,0.012400,0.075900,0.003800,0.051300,0.001400,0.021700,0.181100,0.008800,0.007300,0.006200,0.030700,0.036500,0.249800
304,EleutherAI/pythia-160m,0.162405,139000,291.504,2.5999,step139000,cb436f1dd656654cff21521ea3efd97b3736be9d,matched_unique,published_pile_component_weights_v1,"published Pile component weights; static corpus-level candidate, not measured token exposure",0.089600,0.061200,0.003000,0.144000,0.015300,0.012400,0.075900,0.003800,0.051300,0.001400,0.021700,0.181100,0.008800,0.007300,0.006200,0.030700,0.036500,0.249800
305,EleutherAI/pythia-160m,0.162405,140000,293.601,2.5993,step140000,d846b982dba2296de3f7e4612929bf21483eef8b,matched_unique,published_pile_component_weights_v1,"published Pile component weights; static corpus-level candidate, not measured token exposure",0.089600,0.061200,0.003000,0.144000,0.015300,0.012400,0.075900,0.003800,0.051300,0.001400,0.021700,0.181100,0.008800,0.007300,0.006200,0.030700,0.036500,0.249800
306,EleutherAI/pythia-160m,0.162405,141000,295.698,2.5989,step141000,648118d686bcc2a429e3c3591f8f8e709f2a9248,matched_unique,published_pile_component_weights_v1,"published Pile component weights; static corpus-level candidate, not measured token exposure",0.089600,0.061200,0.003000,0.144000,0.015300,0.012400,0.075900,0.003800,0.051300,0.001400,0.021700,0.181100,0.008800,0.007300,0.006200,0.030700,0.036500,0.249800
307,EleutherAI/pythia-160m,0.162405,142000,297.796,2.5985,step142000,90f6bad5972b319c3f54f2e57f7796e2078ca65a,matched_unique,published_pile_component_weights_v1,"published Pile component weights; static corpus-level candidate, not measured token exposure",0.089600,0.061200,0.003000,0.144000,0.015300,0.012400,0.075900,0.003800,0.051300,0.001400,0.021700,0.181100,0.008800,0.007300,0.006200,0.030700,0.036500,0.249800
308,EleutherAI/pythia-160m,0.162405,143000,299.893,2.5978,step143000,b56d9bee36300031aeea723b73c4d62ac7fa71a2,matched_unique,published_pile_component_weights_v1,"published Pile component weights; static corpus-level candidate, not measured token exposure",0.089600,0.061200,0.003000,0.144000,0.015300,0.012400,0.075900,0.003800,0.051300,0.001400,0.021700,0.181100,0.008800,0.007300,0.006200,0.030700,0.036500,0.249800
316,EleutherAI/pythia-410m,0.409009,64,0.134,4.3461,step64,3da88c26b003ce4b2511b9b0f0de5751dd9bfd36,matched_unique,published_pile_component_weights_v1,"published Pile component weights; static corpus-level candidate, not measured token exposure",0.089600,0.061200,0.003000,0.144000,0.015300,0.012400,0.075900,0.003800,0.051300,0.001400,0.021700,0.181100,0.008800,0.007300,0.006200,0.030700,0.036500,0.249800
317,EleutherAI/pythia-410m,0.409009,128,0.268,3.9625,step128,15f95f56be4005f0380715a9e087d9782deb9861,matched_unique,published_pile_component_weights_v1,"published Pile component weights; static corpus-level candidate, not measured token exposure",0.089600,0.061200,0.003000,0.144000,0.015300,0.012400,0.075900,0.003800,0.051300,0.001400,0.021700,0.181100,0.008800,0.007300,0.006200,0.030700,0.036500,0.249800
318,EleutherAI/pythia-410m,0.409009,256,0.537,3.6458,step256,d578bb6ee435535f06872425332b77b2bbc7a81e,matched_unique,published_pile_component_weights_v1,"published Pile component weights; static corpus-level candidate, not measured token exposure",0.089600,0.061200,0.003000,0.144000,0.015300,0.012400,0.075900,0.003800,0.051300,0.001400,0.021700,0.181100,0.008800,0.007300,0.006200,0.030700,0.036500,0.249800
319,EleutherAI/pythia-410m,0.409009,512,1.074,3.3856,step512,c34decdeaf02e4b2afd98c6bfd9ab2b094964c27,matched_unique,published_pile_component_weights_v1,"published Pile component weights; static corpus-level candidate, not measured token exposure",0.089600,0.061200,0.003000,0.144000,0.015300,0.012400,0.075900,0.003800,0.051300,0.001400,0.021700,0.181100,0.008800,0.007300,0.006200,0.030700,0.036500,0.249800
320,EleutherAI/pythia-410m,0.409009,1000,2.097,3.1777,step1000,1091939841611a37efe2bdfdf2bfd4f7778b0b0c,matched_unique,published_pile_component_weights_v1,"published Pile component weights; static corpus-level candidate, not measured token exposure",0.089600,0.061200,0.003000,0.144000,0.015300,0.012400,0.075900,0.003800,0.051300,0.001400,0.021700,0.181100,0.008800,0.007300,0.006200,0.030700,0.036500,0.249800
321,EleutherAI/pythia-410m,0.409009,2000,4.194,2.9999,step2000,e7a3d8e06fe8cc3b169828c61bb8bc2bea4d705c,matched_unique,published_pile_component_weights_v1,"published Pile component weights; static corpus-level candidate, not measured token exposure",0.089600,0.061200,0.003000,0.144000,0.015300,0.012400,0.075900,0.003800,0.051300,0.001400,0.021700,0.181100,0.008800,0.007300,0.006200,0.030700,0.036500,0.249800
322,EleutherAI/pythia-410m,0.409009,3000,6.291,2.9109,step3000,944cc4753664e74a0ece48968636d9b2a173c0c3,matched_unique,published_pile_component_weights_v1,"published Pile component weights; static corpus-level candidate, not measured token exposure",0.089600,0.061200,0.003000,0.144000,0.015300,0.012400,0.075900,0.003800,0.051300,0.001400,0.021700,0.181100,0.008800,0.007300,0.006200,0.030700,0.036500,0.249800
323,EleutherAI/pythia-410m,0.409009,4000,8.389,2.8533,step4000,bbae7110cd5c6718b1e655c87a455527760a4f6b,matched_unique,published_pile_component_weights_v1,"published Pile component weights; static corpus-level candidate, not measured token exposure",0.089600,0.061200,0.003000,0.144000,0.015300,0.012400,0.075900,0.003800,0.051300,0.001400,0.021700,0.181100,0.008800,0.007300,0.006200,0.030700,0.036500,0.249800
324,EleutherAI/pythia-410m,0.409009,5000,10.486,2.8125,step5000,4eecbaebb4033b699fa6ad40f614a035285968c6,matched_unique,published_pile_component_weights_v1,"published Pile component weights; static corpus-level candidate, not measured token exposure",0.089600,0.061200,0.003000,0.144000,0.015300,0.012400,0.075900,0.003800,0.051300,0.001400,0.021700,0.181100,0.008800,0.007300,0.006200,0.030700,0.036500,0.249800
325,EleutherAI/pythia-410m,0.409009,6000,12.583,2.7799,step6000,037b5fec25bd3a7156d16e160b5ef32f725354e2,matched_unique,published_pile_component_weights_v1,"published Pile component weights; static corpus-level candidate, not measured token exposure",0.089600,0.061200,0.003000,0.144000,0.015300,0.012400,0.075900,0.003800,0.051300,0.001400,0.021700,0.181100,0.008800,0.007300,0.006200,0.030700,0.036500,0.249800
326,EleutherAI/pythia-410m,0.409009,7000,14.68,2.754,step7000,56bd5599961f5f20b21ef891c15e89a82bcaa88d,matched_unique,published_pile_component_weights_v1,"published Pile component weights; static corpus-level candidate, not measured token exposure",0.089600,0.061200,0.003000,0.144000,0.015300,0.012400,0.075900,0.003800,0.051300,0.001400,0.021700,0.181100,0.008800,0.007300,0.006200,0.030700,0.036500,0.249800
327,EleutherAI/pythia-410m,0.409009,8000,16.777,2.733,step8000,8e89b393da981e212cfdf890de1fe7dbc2d8b6b9,matched_unique,published_pile_component_weights_v1,"published Pile component weights; static corpus-level candidate, not measured token exposure",0.089600,0.061200,0.003000,0.144000,0.015300,0.012400,0.075900,0.003800,0.051300,0.001400,0.021700,0.181100,0.008800,0.007300,0.006200,0.030700,0.036500,0.249800
328,EleutherAI/pythia-410m,0.409009,9000,18.874,2.7147,step9000,92e53dc416dd634bbbb3e54f21c44061a359793e,matched_unique,published_pile_component_weights_v1,"published Pile component weights; static corpus-level candidate, not measured token exposure",0.089600,0.061200,0.003000,0.144000,0.015300,0.012400,0.075900,0.003800,0.051300,0.001400,0.021700,0.181100,0.008800,0.007300,0.006200,0.030700,0.036500,0.249800
329,EleutherAI/pythia-410m,0.409009,10000,20.972,2.6988,step10000,b012a9e9f9f1da2856656638b545c2a443227022,matched_unique,published_pile_component_weights_v1,"published Pile component weights; static corpus-level candidate, not measured token exposure",0.089600,0.061200,0.003000,0.144000,0.015300,0.012400,0.075900,0.003800,0.051300,0.001400,0.021700,0.181100,0.008800,0.007300,0.006200,0.030700,0.036500,0.249800
330,EleutherAI/pythia-410m,0.409009,11000,23.069,2.6849,step11000,b218096f09e611b03c450b50164a76714d705f76,matched_unique,published_pile_component_weights_v1,"published Pile component weights; static corpus-level candidate, not measured token exposure",0.089600,0.061200,0.003000,0.144000,0.015300,0.012400,0.075900,0.003800,0.051300,0.001400,0.021700,0.181100,0.008800,0.007300,0.006200,0.030700,0.036500,0.249800
331,EleutherAI/pythia-410m,0.409009,12000,25.166,2.6724,step12000,63a91dd7ed47abd8934276368a6b3250d8e8d916,matched_unique,published_pile_component_weights_v1,"published Pile component weights; static corpus-level candidate, not measured token exposure",0.089600,0.061200,0.003000,0.144000,0.015300,0.012400,0.075900,0.003800,0.051300,0.001400,0.021700,0.181100,0.008800,0.007300,0.006200,0.030700,0.036500,0.249800
332,EleutherAI/pythia-410m,0.409009,13000,27.263,2.6611,step13000,00dc416f09938619d272255bd1a181e6a53016c7,matched_unique,published_pile_component_weights_v1,"published Pile component weights; static corpus-level candidate, not measured token exposure",0.089600,0.061200,0.003000,0.144000,0.015300,0.012400,0.075900,0.003800,0.051300,0.001400,0.021700,0.181100,0.008800,0.007300,0.006200,0.030700,0.036500,0.249800
333,EleutherAI/pythia-410m,0.409009,14000,29.36,2.6512,step14000,e980b9581066e61532df96342d2f262a6177237d,matched_unique,published_pile_component_weights_v1,"published Pile component weights; static corpus-level candidate, not measured token exposure",0.089600,0.061200,0.003000,0.144000,0.015300,0.012400,0.075900,0.003800,0.051300,0.001400,0.021700,0.181100,0.008800,0.007300,0.006200,0.030700,0.036500,0.249800
334,EleutherAI/pythia-410m,0.409009,15000,31.457,2.6418,step15000,cfe851541bf5998d1a5b6fa5fcf90b72c2d039b0,matched_unique,published_pile_component_weights_v1,"published Pile component weights; static corpus-level candidate, not measured token exposure",0.089600,0.061200,0.003000,0.144000,0.015300,0.012400,0.075900,0.003800,0.051300,0.001400,0.021700,0.181100,0.008800,0.007300,0.006200,0.030700,0.036500,0.249800
335,EleutherAI/pythia-410m,0.409009,16000,33.554,2.6336,step16000,8446851c14ad5b18ec87ab6ecf9c1a068346293b,matched_unique,published_pile_component_weights_v1,"published Pile component weights; static corpus-level candidate, not measured token exposure",0.089600,0.061200,0.003000,0.144000,0.015300,0.012400,0.075900,0.003800,0.051300,0.001400,0.021700,0.181100,0.008800,0.007300,0.006200,0.030700,0.036500,0.249800
336,EleutherAI/pythia-410m,0.409009,17000,35.652,2.6256,step17000,2c8e32e50c0eaf0b163dbad7ea9037ecae6dd0d2,matched_unique,published_pile_component_weights_v1,"published Pile component weights; static corpus-level candidate, not measured token exposure",0.089600,0.061200,0.003000,0.144000,0.015300,0.012400,0.075900,0.003800,0.051300,0.001400,0.021700,0.181100,0.008800,0.007300,0.006200,0.030700,0.036500,0.249800
337,EleutherAI/pythia-410m,0.409009,18000,37.749,2.6183,step18000,0f69833831953d1d887e6f6a3cee7f8d8c772d8e,matched_unique,published_pile_component_weights_v1,"published Pile component weights; static corpus-level candidate, not measured token exposure",0.089600,0.061200,0.003000,0.144000,0.015300,0.012400,0.075900,0.003800,0.051300,0.001400,0.021700,0.181100,0.008800,0.007300,0.006200,0.030700,0.036500,0.249800
338,EleutherAI/pythia-410m,0.409009,19000,39.846,2.6116,step19000,a333afa6068e4579e5f58a636af7f5e19901661a,matched_unique,published_pile_component_weights_v1,"published Pile component weights; static corpus-level candidate, not measured token exposure",0.089600,0.061200,0.003000,0.144000,0.015300,0.012400,0.075900,0.003800,0.051300,0.001400,0.021700,0.181100,0.008800,0.007300,0.006200,0.030700,0.036500,0.249800
339,EleutherAI/pythia-410m,0.409009,20000,41.943,2.6055,step20000,4a8ece0b00d01adcd5c65179bc4770b75622970d,matched_unique,published_pile_component_weights_v1,"published Pile component weights; static corpus-level candidate, not measured token exposure",0.089600,0.061200,0.003000,0.144000,0.015300,0.012400,0.075900,0.003800,0.051300,0.001400,0.021700,0.181100,0.008800,0.007300,0.006200,0.030700,0.036500,0.249800
340,EleutherAI/pythia-410m,0.409009,21000,44.04,2.5994,step21000,41e22a7214896eef2e07099d44cff27ee40c68cb,matched_unique,published_pile_component_weights_v1,"published Pile component weights; static corpus-level candidate, not measured token exposure",0.089600,0.061200,0.003000,0.144000,0.015300,0.012400,0.075900,0.003800,0.051300,0.001400,0.021700,0.181100,0.008800,0.007300,0.006200,0.030700,0.036500,0.249800
341,EleutherAI/pythia-410m,0.409009,22000,46.137,2.5938,step22000,a39e3d3d516fe71e83dac3d6b6e2efa32383db63,matched_unique,published_pile_component_weights_v1,"published Pile component weights; static corpus-level candidate, not measured token exposure",0.089600,0.061200,0.003000,0.144000,0.015300,0.012400,0.075900,0.003800,0.051300,0.001400,0.021700,0.181100,0.008800,0.007300,0.006200,0.030700,0.036500,0.249800
342,EleutherAI/pythia-410m,0.409009,23000,48.234,2.5887,step23000,dcfe80212bd09f3d7619ef7aac002e94822406ef,matched_unique,published_pile_component_weights_v1,"published Pile component weights; static corpus-level candidate, not measured token exposure",0.089600,0.061200,0.003000,0.144000,0.015300,0.012400,0.075900,0.003800,0.051300,0.001400,0.021700,0.181100,0.008800,0.007300,0.006200,0.030700,0.036500,0.249800
343,EleutherAI/pythia-410m,0.409009,24000,50.332,2.5837,step24000,b67e8cedf0725aa349effead8805838db9266721,matched_unique,published_pile_component_weights_v1,"published Pile component weights; static corpus-level candidate, not measured token exposure",0.089600,0.061200,0.003000,0.144000,0.015300,0.012400,0.075900,0.003800,0.051300,0.001400,0.021700,0.181100,0.008800,0.007300,0.006200,0.030700,0.036500,0.249800
344,EleutherAI/pythia-410m,0.409009,25000,52.429,2.5789,step25000,9d1eacc18e9fbe028ae675f26274f6347b2755cf,matched_unique,published_pile_component_weights_v1,"published Pile component weights; static corpus-level candidate, not measured token exposure",0.089600,0.061200,0.003000,0.144000,0.015300,0.012400,0.075900,0.003800,0.051300,0.001400,0.021700,0.181100,0.008800,0.007300,0.006200,0.030700,0.036500,0.249800
345,EleutherAI/pythia-410m,0.409009,26000,54.526,2.5745,step26000,06d99fcf5d936d877ff39556c08bed9c6949575b,matched_unique,published_pile_component_weights_v1,"published Pile component weights; static corpus-level candidate, not measured token exposure",0.089600,0.061200,0.003000,0.144000,0.015300,0.012400,0.075900,0.003800,0.051300,0.001400,0.021700,0.181100,0.008800,0.007300,0.006200,0.030700,0.036500,0.249800
346,EleutherAI/pythia-410m,0.409009,27000,56.623,2.5703,step27000,66da126651893b00885cb3e7d8a16e720195dabd,matched_unique,published_pile_component_weights_v1,"published Pile component weights; static corpus-level candidate, not measured token exposure",0.089600,0.061200,0.003000,0.144000,0.015300,0.012400,0.075900,0.003800,0.051300,0.001400,0.021700,0.181100,0.008800,0.007300,0.006200,0.030700,0.036500,0.249800
347,EleutherAI/pythia-410m,0.409009,28000,58.72,2.566,step28000,3184010b89da3cdf48bf0289e01db959aa99ef9d,matched_unique,published_pile_component_weights_v1,"published Pile component weights; static corpus-level candidate, not measured token exposure",0.089600,0.061200,0.003000,0.144000,0.015300,0.012400,0.075900,0.003800,0.051300,0.001400,0.021700,0.181100,0.008800,0.007300,0.006200,0.030700,0.036500,0.249800
348,EleutherAI/pythia-410m,0.409009,29000,60.817,2.5621,step29000,b120cf4cd7eda9ff0f9fe196ec782e6f115cad44,matched_unique,published_pile_component_weights_v1,"published Pile component weights; static corpus-level candidate, not measured token exposure",0.089600,0.061200,0.003000,0.144000,0.015300,0.012400,0.075900,0.003800,0.051300,0.001400,0.021700,0.181100,0.008800,0.007300,0.006200,0.030700,0.036500,0.249800
349,EleutherAI/pythia-410m,0.409009,30000,62.915,2.5585,step30000,9ecee011b3038307e86985d2ff7a984549481e1b,matched_unique,published_pile_component_weights_v1,"published Pile component weights; static corpus-level candidate, not measured token exposure",0.089600,0.061200,0.003000,0.144000,0.015300,0.012400,0.075900,0.003800,0.051300,0.001400,0.021700,0.181100,0.008800,0.007300,0.006200,0.030700,0.036500,0.249800
350,EleutherAI/pythia-410m,0.409009,31000,65.012,2.555,step31000,e4783ba754e988ac57824d6d3bf80bfeffc93c62,matched_unique,published_pile_component_weights_v1,"published Pile component weights; static corpus-level candidate, not measured token exposure",0.089600,0.061200,0.003000,0.144000,0.015300,0.012400,0.075900,0.003800,0.051300,0.001400,0.021700,0.181100,0.008800,0.007300,0.006200,0.030700,0.036500,0.249800
351,EleutherAI/pythia-410m,0.409009,32000,67.109,2.5517,step32000,e96fca70a425a39753c9f54a2cf74421606a33ac,matched_unique,published_pile_component_weights_v1,"published Pile component weights; static corpus-level candidate, not measured token exposure",0.089600,0.061200,0.003000,0.144000,0.015300,0.012400,0.075900,0.003800,0.051300,0.001400,0.021700,0.181100,0.008800,0.007300,0.006200,0.030700,0.036500,0.249800
352,EleutherAI/pythia-410m,0.409009,33000,69.206,2.5486,step33000,962a951eac83aa52f9f013bcfb61853cc1d434d1,matched_unique,published_pile_component_weights_v1,"published Pile component weights; static corpus-level candidate, not measured token exposure",0.089600,0.061200,0.003000,0.144000,0.015300,0.012400,0.075900,0.003800,0.051300,0.001400,0.021700,0.181100,0.008800,0.007300,0.006200,0.030700,0.036500,0.249800
353,EleutherAI/pythia-410m,0.409009,34000,71.303,2.5454,step34000,d3c4c920ee356bbf4121c6cdd4132063bcd1a272,matched_unique,published_pile_component_weights_v1,"published Pile component weights; static corpus-level candidate, not measured token exposure",0.089600,0.061200,0.003000,0.144000,0.015300,0.012400,0.075900,0.003800,0.051300,0.001400,0.021700,0.181100,0.008800,0.007300,0.006200,0.030700,0.036500,0.249800
354,EleutherAI/pythia-410m,0.409009,35000,73.4,2.5422,step35000,181eff70142a96e456190cf7012d6461a1abfe8d,matched_unique,published_pile_component_weights_v1,"published Pile component weights; static corpus-level candidate, not measured token exposure",0.089600,0.061200,0.003000,0.144000,0.015300,0.012400,0.075900,0.003800,0.051300,0.001400,0.021700,0.181100,0.008800,0.007300,0.006200,0.030700,0.036500,0.249800
355,EleutherAI/pythia-410m,0.409009,36000,75.497,2.5393,step36000,2cbeb3d7ccc819b2a2a71852e1c117c051b89cef,matched_unique,published_pile_component_weights_v1,"published Pile component weights; static corpus-level candidate, not measured token exposure",0.089600,0.061200,0.003000,0.144000,0.015300,0.012400,0.075900,0.003800,0.051300,0.001400,0.021700,0.181100,0.008800,0.007300,0.006200,0.030700,0.036500,0.249800
356,EleutherAI/pythia-410m,0.409009,37000,77.595,2.5363,step37000,b129c99ba0c3880145bf51bdaee2d725bab68b77,matched_unique,published_pile_component_weights_v1,"published Pile component weights; static corpus-level candidate, not measured token exposure",0.089600,0.061200,0.003000,0.144000,0.015300,0.012400,0.075900,0.003800,0.051300,0.001400,0.021700,0.181100,0.008800,0.007300,0.006200,0.030700,0.036500,0.249800
357,EleutherAI/pythia-410m,0.409009,38000,79.692,2.5337,step38000,8f142efcf7ecd46519f6811b9a237b3493b4c573,matched_unique,published_pile_component_weights_v1,"published Pile component weights; static corpus-level candidate, not measured token exposure",0.089600,0.061200,0.003000,0.144000,0.015300,0.012400,0.075900,0.003800,0.051300,0.001400,0.021700,0.181100,0.008800,0.007300,0.006200,0.030700,0.036500,0.249800
358,EleutherAI/pythia-410m,0.409009,39000,81.789,2.531,step39000,434c69b781cdbd00a3c44a6d890dfe70657800b1,matched_unique,published_pile_component_weights_v1,"published Pile component weights; static corpus-level candidate, not measured token exposure",0.089600,0.061200,0.003000,0.144000,0.015300,0.012400,0.075900,0.003800,0.051300,0.001400,0.021700,0.181100,0.008800,0.007300,0.006200,0.030700,0.036500,0.249800
359,EleutherAI/pythia-410m,0.409009,40000,83.886,2.5286,step40000,4873eac6e2ba4385728ead8f86da873efb0df27b,matched_unique,published_pile_component_weights_v1,"published Pile component weights; static corpus-level candidate, not measured token exposure",0.089600,0.061200,0.003000,0.144000,0.015300,0.012400,0.075900,0.003800,0.051300,0.001400,0.021700,0.181100,0.008800,0.007300,0.006200,0.030700,0.036500,0.249800
360,EleutherAI/pythia-410m,0.409009,41000,85.983,2.5259,step41000,4681e487ab053c5085597f2fc337e7a40bde5a6e,matched_unique,published_pile_component_weights_v1,"published Pile component weights; static corpus-level candidate, not measured token exposure",0.089600,0.061200,0.003000,0.144000,0.015300,0.012400,0.075900,0.003800,0.051300,0.001400,0.021700,0.181100,0.008800,0.007300,0.006200,0.030700,0.036500,0.249800
361,EleutherAI/pythia-410m,0.409009,42000,88.08,2.5237,step42000,57b9797f9786041c1eed2940ea314cf3344f7a78,matched_unique,published_pile_component_weights_v1,"published Pile component weights; static corpus-level candidate, not measured token exposure",0.089600,0.061200,0.003000,0.144000,0.015300,0.012400,0.075900,0.003800,0.051300,0.001400,0.021700,0.181100,0.008800,0.007300,0.006200,0.030700,0.036500,0.249800
362,EleutherAI/pythia-410m,0.409009,43000,90.178,2.5215,step43000,64563df719ded1376f23261b20065ca88a7c12b7,matched_unique,published_pile_component_weights_v1,"published Pile component weights; static corpus-level candidate, not measured token exposure",0.089600,0.061200,0.003000,0.144000,0.015300,0.012400,0.075900,0.003800,0.051300,0.001400,0.021700,0.181100,0.008800,0.007300,0.006200,0.030700,0.036500,0.249800
363,EleutherAI/pythia-410m,0.409009,44000,92.275,2.5191,step44000,632e7375ba796b533a5b0b1e22e6f26f2d7c7e1a,matched_unique,published_pile_component_weights_v1,"published Pile component weights; static corpus-level candidate, not measured token exposure",0.089600,0.061200,0.003000,0.144000,0.015300,0.012400,0.075900,0.003800,0.051300,0.001400,0.021700,0.181100,0.008800,0.007300,0.006200,0.030700,0.036500,0.249800
364,EleutherAI/pythia-410m,0.409009,45000,94.372,2.5169,step45000,0b263fe8c55efb2f7884b6df646a45b439c8545f,matched_unique,published_pile_component_weights_v1,"published Pile component weights; static corpus-level candidate, not measured token exposure",0.089600,0.061200,0.003000,0.144000,0.015300,0.012400,0.075900,0.003800,0.051300,0.001400,0.021700,0.181100,0.008800,0.007300,0.006200,0.030700,0.036500,0.249800
365,EleutherAI/pythia-410m,0.409009,46000,96.469,2.5148,step46000,e02cdc82b6cda3291697eab92d8b45d4d6fa40ca,matched_unique,published_pile_component_weights_v1,"published Pile component weights; static corpus-level candidate, not measured token exposure",0.089600,0.061200,0.003000,0.144000,0.015300,0.012400,0.075900,0.003800,0.051300,0.001400,0.021700,0.181100,0.008800,0.007300,0.006200,0.030700,0.036500,0.249800
366,EleutherAI/pythia-410m,0.409009,47000,98.566,2.5126,step47000,85b2e754df36b15562fdaf23278527a25254d130,matched_unique,published_pile_component_weights_v1,"published Pile component weights; static corpus-level candidate, not measured token exposure",0.089600,0.061200,0.003000,0.144000,0.015300,0.012400,0.075900,0.003800,0.051300,0.001400,0.021700,0.181100,0.008800,0.007300,0.006200,0.030700,0.036500,0.249800
367,EleutherAI/pythia-410m,0.409009,48000,100.663,2.5107,step48000,14e4a927ed93cab99c654d1ba024da8271039354,matched_unique,published_pile_component_weights_v1,"published Pile component weights; static corpus-level candidate, not measured token exposure",0.089600,0.061200,0.003000,0.144000,0.015300,0.012400,0.075900,0.003800,0.051300,0.001400,0.021700,0.181100,0.008800,0.007300,0.006200,0.030700,0.036500,0.249800
368,EleutherAI/pythia-410m,0.409009,49000,102.76,2.5087,step49000,c85a333835dfe8c107d81d009bd68fc0d61ef153,matched_unique,published_pile_component_weights_v1,"published Pile component weights; static corpus-level candidate, not measured token exposure",0.089600,0.061200,0.003000,0.144000,0.015300,0.012400,0.075900,0.003800,0.051300,0.001400,0.021700,0.181100,0.008800,0.007300,0.006200,0.030700,0.036500,0.249800
369,EleutherAI/pythia-410m,0.409009,50000,104.858,2.5068,step50000,d1b369e44ffd66055c28972040d3f2bc320e5a4e,matched_unique,published_pile_component_weights_v1,"published Pile component weights; static corpus-level candidate, not measured token exposure",0.089600,0.061200,0.003000,0.144000,0.015300,0.012400,0.075900,0.003800,0.051300,0.001400,0.021700,0.181100,0.008800,0.007300,0.006200,0.030700,0.036500,0.249800
370,EleutherAI/pythia-410m,0.409009,51000,106.955,2.5048,step51000,b67553f085bd836dd14db8d86b925d96a9dd9534,matched_unique,published_pile_component_weights_v1,"published Pile component weights; static corpus-level candidate, not measured token exposure",0.089600,0.061200,0.003000,0.144000,0.015300,0.012400,0.075900,0.003800,0.051300,0.001400,0.021700,0.181100,0.008800,0.007300,0.006200,0.030700,0.036500,0.249800
371,EleutherAI/pythia-410m,0.409009,52000,109.052,2.5031,step52000,94f77755614d6e2cc6c4b3833d0bb060d8010484,matched_unique,published_pile_component_weights_v1,"published Pile component weights; static corpus-level candidate, not measured token exposure",0.089600,0.061200,0.003000,0.144000,0.015300,0.012400,0.075900,0.003800,0.051300,0.001400,0.021700,0.181100,0.008800,0.007300,0.006200,0.030700,0.036500,0.249800
372,EleutherAI/pythia-410m,0.409009,53000,111.149,2.5014,step53000,31c018113bd87147505140514b734f026ad01519,matched_unique,published_pile_component_weights_v1,"published Pile component weights; static corpus-level candidate, not measured token exposure",0.089600,0.061200,0.003000,0.144000,0.015300,0.012400,0.075900,0.003800,0.051300,0.001400,0.021700,0.181100,0.008800,0.007300,0.006200,0.030700,0.036500,0.249800
373,EleutherAI/pythia-410m,0.409009,54000,113.246,2.4998,step54000,551bed93fb4b466efe13704aefb13f8c580355c2,matched_unique,published_pile_component_weights_v1,"published Pile component weights; static corpus-level candidate, not measured token exposure",0.089600,0.061200,0.003000,0.144000,0.015300,0.012400,0.075900,0.003800,0.051300,0.001400,0.021700,0.181100,0.008800,0.007300,0.006200,0.030700,0.036500,0.249800
374,EleutherAI/pythia-410m,0.409009,55000,115.343,2.498,step55000,2c22949d212d132266a2bf6e1b6ed7da4b86b3e7,matched_unique,published_pile_component_weights_v1,"published Pile component weights; static corpus-level candidate, not measured token exposure",0.089600,0.061200,0.003000,0.144000,0.015300,0.012400,0.075900,0.003800,0.051300,0.001400,0.021700,0.181100,0.008800,0.007300,0.006200,0.030700,0.036500,0.249800
375,EleutherAI/pythia-410m,0.409009,56000,117.441,2.4965,step56000,f32a7ce39be502a19ebe0131c404a601c9813da6,matched_unique,published_pile_component_weights_v1,"published Pile component weights; static corpus-level candidate, not measured token exposure",0.089600,0.061200,0.003000,0.144000,0.015300,0.012400,0.075900,0.003800,0.051300,0.001400,0.021700,0.181100,0.008800,0.007300,0.006200,0.030700,0.036500,0.249800
376,EleutherAI/pythia-410m,0.409009,57000,119.538,2.4946,step57000,b22114e471c1fcbb917da14592157a9c5f105381,matched_unique,published_pile_component_weights_v1,"published Pile component weights; static corpus-level candidate, not measured token exposure",0.089600,0.061200,0.003000,0.144000,0.015300,0.012400,0.075900,0.003800,0.051300,0.001400,0.021700,0.181100,0.008800,0.007300,0.006200,0.030700,0.036500,0.249800
377,EleutherAI/pythia-410m,0.409009,58000,121.635,2.4932,step58000,c8ade107c69844d3c5da519d649988cb4c064848,matched_unique,published_pile_component_weights_v1,"published Pile component weights; static corpus-level candidate, not measured token exposure",0.089600,0.061200,0.003000,0.144000,0.015300,0.012400,0.075900,0.003800,0.051300,0.001400,0.021700,0.181100,0.008800,0.007300,0.006200,0.030700,0.036500,0.249800
378,EleutherAI/pythia-410m,0.409009,59000,123.732,2.4916,step59000,2d3ebf4d103eaf2e9c7f5ccecdb536ee40672be8,matched_unique,published_pile_component_weights_v1,"published Pile component weights; static corpus-level candidate, not measured token exposure",0.089600,0.061200,0.003000,0.144000,0.015300,0.012400,0.075900,0.003800,0.051300,0.001400,0.021700,0.181100,0.008800,0.007300,0.006200,0.030700,0.036500,0.249800
379,EleutherAI/pythia-410m,0.409009,60000,125.829,2.4903,step60000,382e5a49507f6b113b7e29f308d1366ad8996fa4,matched_unique,published_pile_component_weights_v1,"published Pile component weights; static corpus-level candidate, not measured token exposure",0.089600,0.061200,0.003000,0.144000,0.015300,0.012400,0.075900,0.003800,0.051300,0.001400,0.021700,0.181100,0.008800,0.007300,0.006200,0.030700,0.036500,0.249800
380,EleutherAI/pythia-410m,0.409009,61000,127.926,2.4884,step61000,d5e6c3355aa0d40a97e012150ae2495e31fe05f7,matched_unique,published_pile_component_weights_v1,"published Pile component weights; static corpus-level candidate, not measured token exposure",0.089600,0.061200,0.003000,0.144000,0.015300,0.012400,0.075900,0.003800,0.051300,0.001400,0.021700,0.181100,0.008800,0.007300,0.006200,0.030700,0.036500,0.249800
381,EleutherAI/pythia-410m,0.409009,62000,130.023,2.487,step62000,6f0eb9d0288957021c48113f9d35a5e46d677498,matched_unique,published_pile_component_weights_v1,"published Pile component weights; static corpus-level candidate, not measured token exposure",0.089600,0.061200,0.003000,0.144000,0.015300,0.012400,0.075900,0.003800,0.051300,0.001400,0.021700,0.181100,0.008800,0.007300,0.006200,0.030700,0.036500,0.249800
382,EleutherAI/pythia-410m,0.409009,63000,132.121,2.4856,step63000,289c5042ff2c687a127909cbcc23c2dec5d97041,matched_unique,published_pile_component_weights_v1,"published Pile component weights; static corpus-level candidate, not measured token exposure",0.089600,0.061200,0.003000,0.144000,0.015300,0.012400,0.075900,0.003800,0.051300,0.001400,0.021700,0.181100,0.008800,0.007300,0.006200,0.030700,0.036500,0.249800
383,EleutherAI/pythia-410m,0.409009,64000,134.218,2.484,step64000,37bf1f8c73edcdf706fa955c6fb4bf9927f88386,matched_unique,published_pile_component_weights_v1,"published Pile component weights; static corpus-level candidate, not measured token exposure",0.089600,0.061200,0.003000,0.144000,0.015300,0.012400,0.075900,0.003800,0.051300,0.001400,0.021700,0.181100,0.008800,0.007300,0.006200,0.030700,0.036500,0.249800
384,EleutherAI/pythia-410m,0.409009,65000,136.315,2.4829,step65000,0a5602b15394499c95245a2a266115556c4bb17c,matched_unique,published_pile_component_weights_v1,"published Pile component weights; static corpus-level candidate, not measured token exposure",0.089600,0.061200,0.003000,0.144000,0.015300,0.012400,0.075900,0.003800,0.051300,0.001400,0.021700,0.181100,0.008800,0.007300,0.006200,0.030700,0.036500,0.249800
385,EleutherAI/pythia-410m,0.409009,66000,138.412,2.4815,step66000,07f1756204e49da3ddc7f5b7963255ebc64a3c27,matched_unique,published_pile_component_weights_v1,"published Pile component weights; static corpus-level candidate, not measured token exposure",0.089600,0.061200,0.003000,0.144000,0.015300,0.012400,0.075900,0.003800,0.051300,0.001400,0.021700,0.181100,0.008800,0.007300,0.006200,0.030700,0.036500,0.249800
386,EleutherAI/pythia-410m,0.409009,67000,140.509,2.4803,step67000,3be0cf50e099cb44b4c828e63ae6a4035f380ddb,matched_unique,published_pile_component_weights_v1,"published Pile component weights; static corpus-level candidate, not measured token exposure",0.089600,0.061200,0.003000,0.144000,0.015300,0.012400,0.075900,0.003800,0.051300,0.001400,0.021700,0.181100,0.008800,0.007300,0.006200,0.030700,0.036500,0.249800
387,EleutherAI/pythia-410m,0.409009,68000,142.606,2.479,step68000,f30a2b3e617283e2f94638cf2487735981e23152,matched_unique,published_pile_component_weights_v1,"published Pile component weights; static corpus-level candidate, not measured token exposure",0.089600,0.061200,0.003000,0.144000,0.015300,0.012400,0.075900,0.003800,0.051300,0.001400,0.021700,0.181100,0.008800,0.007300,0.006200,0.030700,0.036500,0.249800
388,EleutherAI/pythia-410m,0.409009,69000,144.703,2.478,step69000,a6661e1c0eb71b09b831cec419263affbf6efc8f,matched_unique,published_pile_component_weights_v1,"published Pile component weights; static corpus-level candidate, not measured token exposure",0.089600,0.061200,0.003000,0.144000,0.015300,0.012400,0.075900,0.003800,0.051300,0.001400,0.021700,0.181100,0.008800,0.007300,0.006200,0.030700,0.036500,0.249800
389,EleutherAI/pythia-410m,0.409009,70000,146.801,2.4766,step70000,8b5a3f0e65786b1d1528e6a1b019f21d70c39163,matched_unique,published_pile_component_weights_v1,"published Pile component weights; static corpus-level candidate, not measured token exposure",0.089600,0.061200,0.003000,0.144000,0.015300,0.012400,0.075900,0.003800,0.051300,0.001400,0.021700,0.181100,0.008800,0.007300,0.006200,0.030700,0.036500,0.249800
390,EleutherAI/pythia-410m,0.409009,71000,148.898,2.4752,step71000,67d22c3a875027c7b807e0d8a9c2b138c69d1f00,matched_unique,published_pile_component_weights_v1,"published Pile component weights; static corpus-level candidate, not measured token exposure",0.089600,0.061200,0.003000,0.144000,0.015300,0.012400,0.075900,0.003800,0.051300,0.001400,0.021700,0.181100,0.008800,0.007300,0.006200,0.030700,0.036500,0.249800
391,EleutherAI/pythia-410m,0.409009,72000,150.995,2.474,step72000,b50bdce30dafe951bc179c8c9058e3cc92dc20f5,matched_unique,published_pile_component_weights_v1,"published Pile component weights; static corpus-level candidate, not measured token exposure",0.089600,0.061200,0.003000,0.144000,0.015300,0.012400,0.075900,0.003800,0.051300,0.001400,0.021700,0.181100,0.008800,0.007300,0.006200,0.030700,0.036500,0.249800
392,EleutherAI/pythia-410m,0.409009,73000,153.092,2.473,step73000,6561de6d3ebba8dd2dab3cb22f6007bd39cb882c,matched_unique,published_pile_component_weights_v1,"published Pile component weights; static corpus-level candidate, not measured token exposure",0.089600,0.061200,0.003000,0.144000,0.015300,0.012400,0.075900,0.003800,0.051300,0.001400,0.021700,0.181100,0.008800,0.007300,0.006200,0.030700,0.036500,0.249800
393,EleutherAI/pythia-410m,0.409009,74000,155.189,2.4716,step74000,77df0a9d17f4d63f3b0688190332fdbf2af841fa,matched_unique,published_pile_component_weights_v1,"published Pile component weights; static corpus-level candidate, not measured token exposure",0.089600,0.061200,0.003000,0.144000,0.015300,0.012400,0.075900,0.003800,0.051300,0.001400,0.021700,0.181100,0.008800,0.007300,0.006200,0.030700,0.036500,0.249800
394,EleutherAI/pythia-410m,0.409009,75000,157.286,2.4708,step75000,ed07efc8dabd001c262b9fc321cfea01fad0b920,matched_unique,published_pile_component_weights_v1,"published Pile component weights; static corpus-level candidate, not measured token exposure",0.089600,0.061200,0.003000,0.144000,0.015300,0.012400,0.075900,0.003800,0.051300,0.001400,0.021700,0.181100,0.008800,0.007300,0.006200,0.030700,0.036500,0.249800
395,EleutherAI/pythia-410m,0.409009,76000,159.384,2.4696,step76000,20a198281672c9e85cbbb7d0e7553a9e9dcd5580,matched_unique,published_pile_component_weights_v1,"published Pile component weights; static corpus-level candidate, not measured token exposure",0.089600,0.061200,0.003000,0.144000,0.015300,0.012400,0.075900,0.003800,0.051300,0.001400,0.021700,0.181100,0.008800,0.007300,0.006200,0.030700,0.036500,0.249800
396,EleutherAI/pythia-410m,0.409009,77000,161.481,2.4683,step77000,d1a5d55d0397c03e9955b9525c0c4144dc23f4ac,matched_unique,published_pile_component_weights_v1,"published Pile component weights; static corpus-level candidate, not measured token exposure",0.089600,0.061200,0.003000,0.144000,0.015300,0.012400,0.075900,0.003800,0.051300,0.001400,0.021700,0.181100,0.008800,0.007300,0.006200,0.030700,0.036500,0.249800
397,EleutherAI/pythia-410m,0.409009,78000,163.578,2.4671,step78000,7dfcb46590c7e7707575eb43ece083eb66801cfa,matched_unique,published_pile_component_weights_v1,"published Pile component weights; static corpus-level candidate, not measured token exposure",0.089600,0.061200,0.003000,0.144000,0.015300,0.012400,0.075900,0.003800,0.051300,0.001400,0.021700,0.181100,0.008800,0.007300,0.006200,0.030700,0.036500,0.249800
398,EleutherAI/pythia-410m,0.409009,79000,165.675,2.4664,step79000,e2c7d90f0e3dae42863df44d89db1b0091eda16f,matched_unique,published_pile_component_weights_v1,"published Pile component weights; static corpus-level candidate, not measured token exposure",0.089600,0.061200,0.003000,0.144000,0.015300,0.012400,0.075900,0.003800,0.051300,0.001400,0.021700,0.181100,0.008800,0.007300,0.006200,0.030700,0.036500,0.249800
399,EleutherAI/pythia-410m,0.409009,80000,167.772,2.4652,step80000,1825be30d00bc3b8f261eb044915dca81991cb7c,matched_unique,published_pile_component_weights_v1,"published Pile component weights; static corpus-level candidate, not measured token exposure",0.089600,0.061200,0.003000,0.144000,0.015300,0.012400,0.075900,0.003800,0.051300,0.001400,0.021700,0.181100,0.008800,0.007300,0.006200,0.030700,0.036500,0.249800
400,EleutherAI/pythia-410m,0.409009,81000,169.869,2.4644,step81000,e2bd709f2d6c2cf64bf1203809e3c8f477afce6c,matched_unique,published_pile_component_weights_v1,"published Pile component weights; static corpus-level candidate, not measured token exposure",0.089600,0.061200,0.003000,0.144000,0.015300,0.012400,0.075900,0.003800,0.051300,0.001400,0.021700,0.181100,0.008800,0.007300,0.006200,0.030700,0.036500,0.249800
401,EleutherAI/pythia-410m,0.409009,82000,171.966,2.463,step82000,e3142ffa644f2cc96c3b6bbef9fc3ebfa7e5926e,matched_unique,published_pile_component_weights_v1,"published Pile component weights; static corpus-level candidate, not measured token exposure",0.089600,0.061200,0.003000,0.144000,0.015300,0.012400,0.075900,0.003800,0.051300,0.001400,0.021700,0.181100,0.008800,0.007300,0.006200,0.030700,0.036500,0.249800
402,EleutherAI/pythia-410m,0.409009,83000,174.064,2.4621,step83000,e1d934b699f76a9121ab45888c7446ed297d6833,matched_unique,published_pile_component_weights_v1,"published Pile component weights; static corpus-level candidate, not measured token exposure",0.089600,0.061200,0.003000,0.144000,0.015300,0.012400,0.075900,0.003800,0.051300,0.001400,0.021700,0.181100,0.008800,0.007300,0.006200,0.030700,0.036500,0.249800
403,EleutherAI/pythia-410m,0.409009,84000,176.161,2.4612,step84000,f7c9f6a26bc7bce5b10d342cd7a92522e4e40519,matched_unique,published_pile_component_weights_v1,"published Pile component weights; static corpus-level candidate, not measured token exposure",0.089600,0.061200,0.003000,0.144000,0.015300,0.012400,0.075900,0.003800,0.051300,0.001400,0.021700,0.181100,0.008800,0.007300,0.006200,0.030700,0.036500,0.249800
404,EleutherAI/pythia-410m,0.409009,85000,178.258,2.4603,step85000,41c3dad18b17059083c4b97da4d2a23f80308d4f,matched_unique,published_pile_component_weights_v1,"published Pile component weights; static corpus-level candidate, not measured token exposure",0.089600,0.061200,0.003000,0.144000,0.015300,0.012400,0.075900,0.003800,0.051300,0.001400,0.021700,0.181100,0.008800,0.007300,0.006200,0.030700,0.036500,0.249800
405,EleutherAI/pythia-410m,0.409009,86000,180.355,2.4592,step86000,d60b9a501ba0725f392e913a83f1477bf732a95f,matched_unique,published_pile_component_weights_v1,"published Pile component weights; static corpus-level candidate, not measured token exposure",0.089600,0.061200,0.003000,0.144000,0.015300,0.012400,0.075900,0.003800,0.051300,0.001400,0.021700,0.181100,0.008800,0.007300,0.006200,0.030700,0.036500,0.249800
406,EleutherAI/pythia-410m,0.409009,87000,182.452,2.4584,step87000,3b4c61d0897b18008b7a788b19cfcbe0a99b9a14,matched_unique,published_pile_component_weights_v1,"published Pile component weights; static corpus-level candidate, not measured token exposure",0.089600,0.061200,0.003000,0.144000,0.015300,0.012400,0.075900,0.003800,0.051300,0.001400,0.021700,0.181100,0.008800,0.007300,0.006200,0.030700,0.036500,0.249800
407,EleutherAI/pythia-410m,0.409009,88000,184.549,2.4573,step88000,c7e7583827e9546bce8562b0bc1391ca284b76cd,matched_unique,published_pile_component_weights_v1,"published Pile component weights; static corpus-level candidate, not measured token exposure",0.089600,0.061200,0.003000,0.144000,0.015300,0.012400,0.075900,0.003800,0.051300,0.001400,0.021700,0.181100,0.008800,0.007300,0.006200,0.030700,0.036500,0.249800
408,EleutherAI/pythia-410m,0.409009,89000,186.647,2.4565,step89000,791ffe78491e10bad13c530470fc61a11b6188f6,matched_unique,published_pile_component_weights_v1,"published Pile component weights; static corpus-level candidate, not measured token exposure",0.089600,0.061200,0.003000,0.144000,0.015300,0.012400,0.075900,0.003800,0.051300,0.001400,0.021700,0.181100,0.008800,0.007300,0.006200,0.030700,0.036500,0.249800
409,EleutherAI/pythia-410m,0.409009,90000,188.744,2.4557,step90000,4b343eed0456707a827b3a3dc051da21fe3bf10b,matched_unique,published_pile_component_weights_v1,"published Pile component weights; static corpus-level candidate, not measured token exposure",0.089600,0.061200,0.003000,0.144000,0.015300,0.012400,0.075900,0.003800,0.051300,0.001400,0.021700,0.181100,0.008800,0.007300,0.006200,0.030700,0.036500,0.249800
410,EleutherAI/pythia-410m,0.409009,91000,190.841,2.4548,step91000,e49451de81d41712bf61381c43a52982349038d9,matched_unique,published_pile_component_weights_v1,"published Pile component weights; static corpus-level candidate, not measured token exposure",0.089600,0.061200,0.003000,0.144000,0.015300,0.012400,0.075900,0.003800,0.051300,0.001400,0.021700,0.181100,0.008800,0.007300,0.006200,0.030700,0.036500,0.249800
411,EleutherAI/pythia-410m,0.409009,92000,192.938,2.454,step92000,fe8f27853878e4e2361776bfc8a68dca068d76ff,matched_unique,published_pile_component_weights_v1,"published Pile component weights; static corpus-level candidate, not measured token exposure",0.089600,0.061200,0.003000,0.144000,0.015300,0.012400,0.075900,0.003800,0.051300,0.001400,0.021700,0.181100,0.008800,0.007300,0.006200,0.030700,0.036500,0.249800
412,EleutherAI/pythia-410m,0.409009,93000,195.035,2.4529,step93000,ad417c29ec398e301373ca8cf6a7de6d62deda71,matched_unique,published_pile_component_weights_v1,"published Pile component weights; static corpus-level candidate, not measured token exposure",0.089600,0.061200,0.003000,0.144000,0.015300,0.012400,0.075900,0.003800,0.051300,0.001400,0.021700,0.181100,0.008800,0.007300,0.006200,0.030700,0.036500,0.249800
413,EleutherAI/pythia-410m,0.409009,94000,197.132,2.452,step94000,b2508dcb652b738236dc2c60d7a4df5041cf51ae,matched_unique,published_pile_component_weights_v1,"published Pile component weights; static corpus-level candidate, not measured token exposure",0.089600,0.061200,0.003000,0.144000,0.015300,0.012400,0.075900,0.003800,0.051300,0.001400,0.021700,0.181100,0.008800,0.007300,0.006200,0.030700,0.036500,0.249800
414,EleutherAI/pythia-410m,0.409009,95000,199.229,2.4515,step95000,c0e7c15b0e153d38c013d4dfb449f121d169a89c,matched_unique,published_pile_component_weights_v1,"published Pile component weights; static corpus-level candidate, not measured token exposure",0.089600,0.061200,0.003000,0.144000,0.015300,0.012400,0.075900,0.003800,0.051300,0.001400,0.021700,0.181100,0.008800,0.007300,0.006200,0.030700,0.036500,0.249800
415,EleutherAI/pythia-410m,0.409009,96000,201.327,2.4506,step96000,bddc539ba381d577ef15c336e8c295e258d5fa49,matched_unique,published_pile_component_weights_v1,"published Pile component weights; static corpus-level candidate, not measured token exposure",0.089600,0.061200,0.003000,0.144000,0.015300,0.012400,0.075900,0.003800,0.051300,0.001400,0.021700,0.181100,0.008800,0.007300,0.006200,0.030700,0.036500,0.249800
416,EleutherAI/pythia-410m,0.409009,97000,203.424,2.4496,step97000,42aa570081376367a5f50299c584ac006c80c2fd,matched_unique,published_pile_component_weights_v1,"published Pile component weights; static corpus-level candidate, not measured token exposure",0.089600,0.061200,0.003000,0.144000,0.015300,0.012400,0.075900,0.003800,0.051300,0.001400,0.021700,0.181100,0.008800,0.007300,0.006200,0.030700,0.036500,0.249800
417,EleutherAI/pythia-410m,0.409009,98000,205.521,2.4491,step98000,1139d3b471df26bf0fc87cd0c33344addb5081fb,matched_unique,published_pile_component_weights_v1,"published Pile component weights; static corpus-level candidate, not measured token exposure",0.089600,0.061200,0.003000,0.144000,0.015300,0.012400,0.075900,0.003800,0.051300,0.001400,0.021700,0.181100,0.008800,0.007300,0.006200,0.030700,0.036500,0.249800
418,EleutherAI/pythia-410m,0.409009,99000,207.618,2.4481,step99000,5f404f2b94a2acc9965f9ad15487db41e385c600,matched_unique,published_pile_component_weights_v1,"published Pile component weights; static corpus-level candidate, not measured token exposure",0.089600,0.061200,0.003000,0.144000,0.015300,0.012400,0.075900,0.003800,0.051300,0.001400,0.021700,0.181100,0.008800,0.007300,0.006200,0.030700,0.036500,0.249800
419,EleutherAI/pythia-410m,0.409009,100000,209.715,2.4475,step100000,4a1a51bcc7904dd0ea23a6c75b04c12a244d458e,matched_unique,published_pile_component_weights_v1,"published Pile component weights; static corpus-level candidate, not measured token exposure",0.089600,0.061200,0.003000,0.144000,0.015300,0.012400,0.075900,0.003800,0.051300,0.001400,0.021700,0.181100,0.008800,0.007300,0.006200,0.030700,0.036500,0.249800
420,EleutherAI/pythia-410m,0.409009,101000,211.812,2.4466,step101000,6a2297bffb4865f5357c599aa5136165e7ab6f29,matched_unique,published_pile_component_weights_v1,"published Pile component weights; static corpus-level candidate, not measured token exposure",0.089600,0.061200,0.003000,0.144000,0.015300,0.012400,0.075900,0.003800,0.051300,0.001400,0.021700,0.181100,0.008800,0.007300,0.006200,0.030700,0.036500,0.249800
421,EleutherAI/pythia-410m,0.409009,102000,213.91,2.446,step102000,70d25a5ae144da181bdb451795e753407f18e40a,matched_unique,published_pile_component_weights_v1,"published Pile component weights; static corpus-level candidate, not measured token exposure",0.089600,0.061200,0.003000,0.144000,0.015300,0.012400,0.075900,0.003800,0.051300,0.001400,0.021700,0.181100,0.008800,0.007300,0.006200,0.030700,0.036500,0.249800
422,EleutherAI/pythia-410m,0.409009,103000,216.007,2.4452,step103000,ddb874064bf83fbaeca86f7eaa8126891870eb71,matched_unique,published_pile_component_weights_v1,"published Pile component weights; static corpus-level candidate, not measured token exposure",0.089600,0.061200,0.003000,0.144000,0.015300,0.012400,0.075900,0.003800,0.051300,0.001400,0.021700,0.181100,0.008800,0.007300,0.006200,0.030700,0.036500,0.249800
423,EleutherAI/pythia-410m,0.409009,104000,218.104,2.4443,step104000,bec78a784f92d30a47064433d217db288b5b1dfe,matched_unique,published_pile_component_weights_v1,"published Pile component weights; static corpus-level candidate, not measured token exposure",0.089600,0.061200,0.003000,0.144000,0.015300,0.012400,0.075900,0.003800,0.051300,0.001400,0.021700,0.181100,0.008800,0.007300,0.006200,0.030700,0.036500,0.249800
424,EleutherAI/pythia-410m,0.409009,105000,220.201,2.4437,step105000,e0465c7664bc3bdee35015a3f2d783ee2d5feba8,matched_unique,published_pile_component_weights_v1,"published Pile component weights; static corpus-level candidate, not measured token exposure",0.089600,0.061200,0.003000,0.144000,0.015300,0.012400,0.075900,0.003800,0.051300,0.001400,0.021700,0.181100,0.008800,0.007300,0.006200,0.030700,0.036500,0.249800
425,EleutherAI/pythia-410m,0.409009,106000,222.298,2.4429,step106000,c70ecf641ae56ae16b1afc47aa14c6b2ee3a766b,matched_unique,published_pile_component_weights_v1,"published Pile component weights; static corpus-level candidate, not measured token exposure",0.089600,0.061200,0.003000,0.144000,0.015300,0.012400,0.075900,0.003800,0.051300,0.001400,0.021700,0.181100,0.008800,0.007300,0.006200,0.030700,0.036500,0.249800
426,EleutherAI/pythia-410m,0.409009,107000,224.395,2.4423,step107000,d8e92477bcbb66b9b0c01770ccced8d791648c1c,matched_unique,published_pile_component_weights_v1,"published Pile component weights; static corpus-level candidate, not measured token exposure",0.089600,0.061200,0.003000,0.144000,0.015300,0.012400,0.075900,0.003800,0.051300,0.001400,0.021700,0.181100,0.008800,0.007300,0.006200,0.030700,0.036500,0.249800
427,EleutherAI/pythia-410m,0.409009,108000,226.492,2.4413,step108000,5bc656c3172757d18dd255fedbc326accc316229,matched_unique,published_pile_component_weights_v1,"published Pile component weights; static corpus-level candidate, not measured token exposure",0.089600,0.061200,0.003000,0.144000,0.015300,0.012400,0.075900,0.003800,0.051300,0.001400,0.021700,0.181100,0.008800,0.007300,0.006200,0.030700,0.036500,0.249800
428,EleutherAI/pythia-410m,0.409009,109000,228.59,2.4408,step109000,cbdb5843d0d01fec892757eeb250d62a9a88463f,matched_unique,published_pile_component_weights_v1,"published Pile component weights; static corpus-level candidate, not measured token exposure",0.089600,0.061200,0.003000,0.144000,0.015300,0.012400,0.075900,0.003800,0.051300,0.001400,0.021700,0.181100,0.008800,0.007300,0.006200,0.030700,0.036500,0.249800
429,EleutherAI/pythia-410m,0.409009,110000,230.687,2.4401,step110000,5d70f95772d9be102e4f5d3bb0f00d26fc9d450e,matched_unique,published_pile_component_weights_v1,"published Pile component weights; static corpus-level candidate, not measured token exposure",0.089600,0.061200,0.003000,0.144000,0.015300,0.012400,0.075900,0.003800,0.051300,0.001400,0.021700,0.181100,0.008800,0.007300,0.006200,0.030700,0.036500,0.249800
430,EleutherAI/pythia-410m,0.409009,111000,232.784,2.4391,step111000,b199a1c3902320da09e7cf389b2a5677dd580ee3,matched_unique,published_pile_component_weights_v1,"published Pile component weights; static corpus-level candidate, not measured token exposure",0.089600,0.061200,0.003000,0.144000,0.015300,0.012400,0.075900,0.003800,0.051300,0.001400,0.021700,0.181100,0.008800,0.007300,0.006200,0.030700,0.036500,0.249800
431,EleutherAI/pythia-410m,0.409009,112000,234.881,2.4385,step112000,7e0bbe1ef6bcf3522eb8458f351ae1a69c6986f9,matched_unique,published_pile_component_weights_v1,"published Pile component weights; static corpus-level candidate, not measured token exposure",0.089600,0.061200,0.003000,0.144000,0.015300,0.012400,0.075900,0.003800,0.051300,0.001400,0.021700,0.181100,0.008800,0.007300,0.006200,0.030700,0.036500,0.249800
432,EleutherAI/pythia-410m,0.409009,113000,236.978,2.4377,step113000,5b52cd9a3268c93ce139b800f62daa0b5afaba9f,matched_unique,published_pile_component_weights_v1,"published Pile component weights; static corpus-level candidate, not measured token exposure",0.089600,0.061200,0.003000,0.144000,0.015300,0.012400,0.075900,0.003800,0.051300,0.001400,0.021700,0.181100,0.008800,0.007300,0.006200,0.030700,0.036500,0.249800
433,EleutherAI/pythia-410m,0.409009,114000,239.075,2.4373,step114000,78d59bb0d8fbb556db765db3214046c0a69d5616,matched_unique,published_pile_component_weights_v1,"published Pile component weights; static corpus-level candidate, not measured token exposure",0.089600,0.061200,0.003000,0.144000,0.015300,0.012400,0.075900,0.003800,0.051300,0.001400,0.021700,0.181100,0.008800,0.007300,0.006200,0.030700,0.036500,0.249800
434,EleutherAI/pythia-410m,0.409009,115000,241.172,2.4368,step115000,6cccd1b5295629e130bfa4996831a4250776a8e8,matched_unique,published_pile_component_weights_v1,"published Pile component weights; static corpus-level candidate, not measured token exposure",0.089600,0.061200,0.003000,0.144000,0.015300,0.012400,0.075900,0.003800,0.051300,0.001400,0.021700,0.181100,0.008800,0.007300,0.006200,0.030700,0.036500,0.249800
435,EleutherAI/pythia-410m,0.409009,116000,243.27,2.4362,step116000,f194b5ec745f11332c1ed5185cdbdd45cd554cfa,matched_unique,published_pile_component_weights_v1,"published Pile component weights; static corpus-level candidate, not measured token exposure",0.089600,0.061200,0.003000,0.144000,0.015300,0.012400,0.075900,0.003800,0.051300,0.001400,0.021700,0.181100,0.008800,0.007300,0.006200,0.030700,0.036500,0.249800
436,EleutherAI/pythia-410m,0.409009,117000,245.367,2.4354,step117000,b93d61111c75ae70bbed06b7a0be679f35fa0d9d,matched_unique,published_pile_component_weights_v1,"published Pile component weights; static corpus-level candidate, not measured token exposure",0.089600,0.061200,0.003000,0.144000,0.015300,0.012400,0.075900,0.003800,0.051300,0.001400,0.021700,0.181100,0.008800,0.007300,0.006200,0.030700,0.036500,0.249800
437,EleutherAI/pythia-410m,0.409009,118000,247.464,2.4349,step118000,dc7e1ecba81b3d46802f56053296f976bbbd353a,matched_unique,published_pile_component_weights_v1,"published Pile component weights; static corpus-level candidate, not measured token exposure",0.089600,0.061200,0.003000,0.144000,0.015300,0.012400,0.075900,0.003800,0.051300,0.001400,0.021700,0.181100,0.008800,0.007300,0.006200,0.030700,0.036500,0.249800
438,EleutherAI/pythia-410m,0.409009,119000,249.561,2.434,step119000,e53ceef489f4f14973e49504d6c7475f76692c78,matched_unique,published_pile_component_weights_v1,"published Pile component weights; static corpus-level candidate, not measured token exposure",0.089600,0.061200,0.003000,0.144000,0.015300,0.012400,0.075900,0.003800,0.051300,0.001400,0.021700,0.181100,0.008800,0.007300,0.006200,0.030700,0.036500,0.249800
439,EleutherAI/pythia-410m,0.409009,120000,251.658,2.4333,step120000,ade882a342507b4be34455393ba750fee7a513b8,matched_unique,published_pile_component_weights_v1,"published Pile component weights; static corpus-level candidate, not measured token exposure",0.089600,0.061200,0.003000,0.144000,0.015300,0.012400,0.075900,0.003800,0.051300,0.001400,0.021700,0.181100,0.008800,0.007300,0.006200,0.030700,0.036500,0.249800
440,EleutherAI/pythia-410m,0.409009,121000,253.755,2.4329,step121000,390eb4379951122b433cec332688e83276108bd6,matched_unique,published_pile_component_weights_v1,"published Pile component weights; static corpus-level candidate, not measured token exposure",0.089600,0.061200,0.003000,0.144000,0.015300,0.012400,0.075900,0.003800,0.051300,0.001400,0.021700,0.181100,0.008800,0.007300,0.006200,0.030700,0.036500,0.249800
441,EleutherAI/pythia-410m,0.409009,122000,255.853,2.4323,step122000,dada40f38c24ee0aaa5eccf71b40587d8c379ff0,matched_unique,published_pile_component_weights_v1,"published Pile component weights; static corpus-level candidate, not measured token exposure",0.089600,0.061200,0.003000,0.144000,0.015300,0.012400,0.075900,0.003800,0.051300,0.001400,0.021700,0.181100,0.008800,0.007300,0.006200,0.030700,0.036500,0.249800
442,EleutherAI/pythia-410m,0.409009,123000,257.95,2.4317,step123000,51cabaff46863a0421bf3b44194431cc94d3466e,matched_unique,published_pile_component_weights_v1,"published Pile component weights; static corpus-level candidate, not measured token exposure",0.089600,0.061200,0.003000,0.144000,0.015300,0.012400,0.075900,0.003800,0.051300,0.001400,0.021700,0.181100,0.008800,0.007300,0.006200,0.030700,0.036500,0.249800
443,EleutherAI/pythia-410m,0.409009,124000,260.047,2.4309,step124000,1c2050304b5fc5e6c01d9b9c8d7a9844c3470906,matched_unique,published_pile_component_weights_v1,"published Pile component weights; static corpus-level candidate, not measured token exposure",0.089600,0.061200,0.003000,0.144000,0.015300,0.012400,0.075900,0.003800,0.051300,0.001400,0.021700,0.181100,0.008800,0.007300,0.006200,0.030700,0.036500,0.249800
444,EleutherAI/pythia-410m,0.409009,125000,262.144,2.4305,step125000,a7267b7a61291fc169133b74ea612f5955229036,matched_unique,published_pile_component_weights_v1,"published Pile component weights; static corpus-level candidate, not measured token exposure",0.089600,0.061200,0.003000,0.144000,0.015300,0.012400,0.075900,0.003800,0.051300,0.001400,0.021700,0.181100,0.008800,0.007300,0.006200,0.030700,0.036500,0.249800
445,EleutherAI/pythia-410m,0.409009,126000,264.241,2.4298,step126000,9479562fee92c19de2f8e791e301b19df13b4143,matched_unique,published_pile_component_weights_v1,"published Pile component weights; static corpus-level candidate, not measured token exposure",0.089600,0.061200,0.003000,0.144000,0.015300,0.012400,0.075900,0.003800,0.051300,0.001400,0.021700,0.181100,0.008800,0.007300,0.006200,0.030700,0.036500,0.249800
446,EleutherAI/pythia-410m,0.409009,127000,266.338,2.4294,step127000,8fef7710ae50b8f53ff90f513229f95c3180b404,matched_unique,published_pile_component_weights_v1,"published Pile component weights; static corpus-level candidate, not measured token exposure",0.089600,0.061200,0.003000,0.144000,0.015300,0.012400,0.075900,0.003800,0.051300,0.001400,0.021700,0.181100,0.008800,0.007300,0.006200,0.030700,0.036500,0.249800
447,EleutherAI/pythia-410m,0.409009,128000,268.435,2.4288,step128000,4cde13f35370def5b276a2fdb61d3d414eb704bc,matched_unique,published_pile_component_weights_v1,"published Pile component weights; static corpus-level candidate, not measured token exposure",0.089600,0.061200,0.003000,0.144000,0.015300,0.012400,0.075900,0.003800,0.051300,0.001400,0.021700,0.181100,0.008800,0.007300,0.006200,0.030700,0.036500,0.249800
448,EleutherAI/pythia-410m,0.409009,129000,270.533,2.4281,step129000,c629bf67289391403f1ca7f391dc8c6c8866c537,matched_unique,published_pile_component_weights_v1,"published Pile component weights; static corpus-level candidate, not measured token exposure",0.089600,0.061200,0.003000,0.144000,0.015300,0.012400,0.075900,0.003800,0.051300,0.001400,0.021700,0.181100,0.008800,0.007300,0.006200,0.030700,0.036500,0.249800
449,EleutherAI/pythia-410m,0.409009,130000,272.63,2.4276,step130000,ac32f766c238970e6bf5f33ec26504c6dc071cee,matched_unique,published_pile_component_weights_v1,"published Pile component weights; static corpus-level candidate, not measured token exposure",0.089600,0.061200,0.003000,0.144000,0.015300,0.012400,0.075900,0.003800,0.051300,0.001400,0.021700,0.181100,0.008800,0.007300,0.006200,0.030700,0.036500,0.249800
450,EleutherAI/pythia-410m,0.409009,131000,274.727,2.427,step131000,2b3eff9e6d88c76ef4698c69fd876ee2ce245b7c,matched_unique,published_pile_component_weights_v1,"published Pile component weights; static corpus-level candidate, not measured token exposure",0.089600,0.061200,0.003000,0.144000,0.015300,0.012400,0.075900,0.003800,0.051300,0.001400,0.021700,0.181100,0.008800,0.007300,0.006200,0.030700,0.036500,0.249800
451,EleutherAI/pythia-410m,0.409009,132000,276.824,2.4266,step132000,a24337d003241d44cd2ea429faea63c10cf2c8b6,matched_unique,published_pile_component_weights_v1,"published Pile component weights; static corpus-level candidate, not measured token exposure",0.089600,0.061200,0.003000,0.144000,0.015300,0.012400,0.075900,0.003800,0.051300,0.001400,0.021700,0.181100,0.008800,0.007300,0.006200,0.030700,0.036500,0.249800
452,EleutherAI/pythia-410m,0.409009,133000,278.921,2.4261,step133000,45c291dfb81b96ad2522eabf89eb953045cd537a,matched_unique,published_pile_component_weights_v1,"published Pile component weights; static corpus-level candidate, not measured token exposure",0.089600,0.061200,0.003000,0.144000,0.015300,0.012400,0.075900,0.003800,0.051300,0.001400,0.021700,0.181100,0.008800,0.007300,0.006200,0.030700,0.036500,0.249800
453,EleutherAI/pythia-410m,0.409009,134000,281.018,2.4254,step134000,e33e83c05c22f741779932672b23a6670809917b,matched_unique,published_pile_component_weights_v1,"published Pile component weights; static corpus-level candidate, not measured token exposure",0.089600,0.061200,0.003000,0.144000,0.015300,0.012400,0.075900,0.003800,0.051300,0.001400,0.021700,0.181100,0.008800,0.007300,0.006200,0.030700,0.036500,0.249800
454,EleutherAI/pythia-410m,0.409009,135000,283.116,2.425,step135000,1baec83f89ba106ccb538c117e8dccb71a944f8d,matched_unique,published_pile_component_weights_v1,"published Pile component weights; static corpus-level candidate, not measured token exposure",0.089600,0.061200,0.003000,0.144000,0.015300,0.012400,0.075900,0.003800,0.051300,0.001400,0.021700,0.181100,0.008800,0.007300,0.006200,0.030700,0.036500,0.249800
455,EleutherAI/pythia-410m,0.409009,136000,285.213,2.4244,step136000,421e3fb894ed96f8a441d79f41fe3a7a851bcaee,matched_unique,published_pile_component_weights_v1,"published Pile component weights; static corpus-level candidate, not measured token exposure",0.089600,0.061200,0.003000,0.144000,0.015300,0.012400,0.075900,0.003800,0.051300,0.001400,0.021700,0.181100,0.008800,0.007300,0.006200,0.030700,0.036500,0.249800
456,EleutherAI/pythia-410m,0.409009,137000,287.31,2.4238,step137000,165128e432ec19cb0c1f1068d855e05f1932e32f,matched_unique,published_pile_component_weights_v1,"published Pile component weights; static corpus-level candidate, not measured token exposure",0.089600,0.061200,0.003000,0.144000,0.015300,0.012400,0.075900,0.003800,0.051300,0.001400,0.021700,0.181100,0.008800,0.007300,0.006200,0.030700,0.036500,0.249800
457,EleutherAI/pythia-410m,0.409009,138000,289.407,2.4234,step138000,12579ea10e71dd522e96c8fac5b2f9a6f92d9af6,matched_unique,published_pile_component_weights_v1,"published Pile component weights; static corpus-level candidate, not measured token exposure",0.089600,0.061200,0.003000,0.144000,0.015300,0.012400,0.075900,0.003800,0.051300,0.001400,0.021700,0.181100,0.008800,0.007300,0.006200,0.030700,0.036500,0.249800
458,EleutherAI/pythia-410m,0.409009,139000,291.504,2.4228,step139000,415d4ba819c19d04057eaf9ed286eb393c2a15e2,matched_unique,published_pile_component_weights_v1,"published Pile component weights; static corpus-level candidate, not measured token exposure",0.089600,0.061200,0.003000,0.144000,0.015300,0.012400,0.075900,0.003800,0.051300,0.001400,0.021700,0.181100,0.008800,0.007300,0.006200,0.030700,0.036500,0.249800
459,EleutherAI/pythia-410m,0.409009,140000,293.601,2.4223,step140000,040b79a67d81aea8bef5155081e237ed4c6fb7bc,matched_unique,published_pile_component_weights_v1,"published Pile component weights; static corpus-level candidate, not measured token exposure",0.089600,0.061200,0.003000,0.144000,0.015300,0.012400,0.075900,0.003800,0.051300,0.001400,0.021700,0.181100,0.008800,0.007300,0.006200,0.030700,0.036500,0.249800
460,EleutherAI/pythia-410m,0.409009,141000,295.698,2.4217,step141000,fc20664a4f9ae8c9f49c42e52e37dd0b69233805,matched_unique,published_pile_component_weights_v1,"published Pile component weights; static corpus-level candidate, not measured token exposure",0.089600,0.061200,0.003000,0.144000,0.015300,0.012400,0.075900,0.003800,0.051300,0.001400,0.021700,0.181100,0.008800,0.007300,0.006200,0.030700,0.036500,0.249800
461,EleutherAI/pythia-410m,0.409009,142000,297.796,2.4216,step142000,c7f2eda6d2ab6f2cd4a1f38e69f59d25a8c60259,matched_unique,published_pile_component_weights_v1,"published Pile component weights; static corpus-level candidate, not measured token exposure",0.089600,0.061200,0.003000,0.144000,0.015300,0.012400,0.075900,0.003800,0.051300,0.001400,0.021700,0.181100,0.008800,0.007300,0.006200,0.030700,0.036500,0.249800
462,EleutherAI/pythia-410m,0.409009,143000,299.893,2.4209,step143000,bba6a464f54bbf08fc174cfb351d9794d58af21d,matched_unique,published_pile_component_weights_v1,"published Pile component weights; static corpus-level candidate, not measured token exposure",0.089600,0.061200,0.003000,0.144000,0.015300,0.012400,0.075900,0.003800,0.051300,0.001400,0.021700,0.181100,0.008800,0.007300,0.006200,0.030700,0.036500,0.249800
470,EleutherAI/pythia-1b,1.040867,64,0.134,4.2153,step64,0ad5b17041f4cea28e3c6eb9d836b007b7b996fa,matched_unique,published_pile_component_weights_v1,"published Pile component weights; static corpus-level candidate, not measured token exposure",0.089600,0.061200,0.003000,0.144000,0.015300,0.012400,0.075900,0.003800,0.051300,0.001400,0.021700,0.181100,0.008800,0.007300,0.006200,0.030700,0.036500,0.249800
471,EleutherAI/pythia-1b,1.040867,128,0.268,3.8315,step128,92c2a45907dd438dfd5c5a61c25e202d377d51dd,matched_unique,published_pile_component_weights_v1,"published Pile component weights; static corpus-level candidate, not measured token exposure",0.089600,0.061200,0.003000,0.144000,0.015300,0.012400,0.075900,0.003800,0.051300,0.001400,0.021700,0.181100,0.008800,0.007300,0.006200,0.030700,0.036500,0.249800
472,EleutherAI/pythia-1b,1.040867,256,0.537,3.5146,step256,249270db5ae35b5a731beb20726c72a8051a5b5a,matched_unique,published_pile_component_weights_v1,"published Pile component weights; static corpus-level candidate, not measured token exposure",0.089600,0.061200,0.003000,0.144000,0.015300,0.012400,0.075900,0.003800,0.051300,0.001400,0.021700,0.181100,0.008800,0.007300,0.006200,0.030700,0.036500,0.249800
473,EleutherAI/pythia-1b,1.040867,512,1.074,3.2545,step512,2c42fa0ca8a2c4523976b21d2bf75856c7004d0d,matched_unique,published_pile_component_weights_v1,"published Pile component weights; static corpus-level candidate, not measured token exposure",0.089600,0.061200,0.003000,0.144000,0.015300,0.012400,0.075900,0.003800,0.051300,0.001400,0.021700,0.181100,0.008800,0.007300,0.006200,0.030700,0.036500,0.249800
474,EleutherAI/pythia-1b,1.040867,1000,2.097,3.0476,step1000,f725b7d1f691917d835b064b18941c669b1670d4,matched_unique,published_pile_component_weights_v1,"published Pile component weights; static corpus-level candidate, not measured token exposure",0.089600,0.061200,0.003000,0.144000,0.015300,0.012400,0.075900,0.003800,0.051300,0.001400,0.021700,0.181100,0.008800,0.007300,0.006200,0.030700,0.036500,0.249800
475,EleutherAI/pythia-1b,1.040867,2000,4.194,2.8697,step2000,157d8af5e95d55582cd06dc66d1e6eceb1b48802,matched_unique,published_pile_component_weights_v1,"published Pile component weights; static corpus-level candidate, not measured token exposure",0.089600,0.061200,0.003000,0.144000,0.015300,0.012400,0.075900,0.003800,0.051300,0.001400,0.021700,0.181100,0.008800,0.007300,0.006200,0.030700,0.036500,0.249800
476,EleutherAI/pythia-1b,1.040867,3000,6.291,2.7802,step3000,6ca902de278cc4802f4cc3023f3ea2bcbc70a867,matched_unique,published_pile_component_weights_v1,"published Pile component weights; static corpus-level candidate, not measured token exposure",0.089600,0.061200,0.003000,0.144000,0.015300,0.012400,0.075900,0.003800,0.051300,0.001400,0.021700,0.181100,0.008800,0.007300,0.006200,0.030700,0.036500,0.249800
477,EleutherAI/pythia-1b,1.040867,4000,8.389,2.723,step4000,1a68abc004aba6efc215068bf6dac4f6027b4ac3,matched_unique,published_pile_component_weights_v1,"published Pile component weights; static corpus-level candidate, not measured token exposure",0.089600,0.061200,0.003000,0.144000,0.015300,0.012400,0.075900,0.003800,0.051300,0.001400,0.021700,0.181100,0.008800,0.007300,0.006200,0.030700,0.036500,0.249800
478,EleutherAI/pythia-1b,1.040867,5000,10.486,2.6816,step5000,1931bfbd7bbb1f15979b5e2543edb9253b997085,matched_unique,published_pile_component_weights_v1,"published Pile component weights; static corpus-level candidate, not measured token exposure",0.089600,0.061200,0.003000,0.144000,0.015300,0.012400,0.075900,0.003800,0.051300,0.001400,0.021700,0.181100,0.008800,0.007300,0.006200,0.030700,0.036500,0.249800
479,EleutherAI/pythia-1b,1.040867,6000,12.583,2.6501,step6000,0f5694ad9f50fdabbec4bab81ee9be90009a250a,matched_unique,published_pile_component_weights_v1,"published Pile component weights; static corpus-level candidate, not measured token exposure",0.089600,0.061200,0.003000,0.144000,0.015300,0.012400,0.075900,0.003800,0.051300,0.001400,0.021700,0.181100,0.008800,0.007300,0.006200,0.030700,0.036500,0.249800
480,EleutherAI/pythia-1b,1.040867,7000,14.68,2.6239,step7000,b4facfe3b4d62839f156737e38114249697072e4,matched_unique,published_pile_component_weights_v1,"published Pile component weights; static corpus-level candidate, not measured token exposure",0.089600,0.061200,0.003000,0.144000,0.015300,0.012400,0.075900,0.003800,0.051300,0.001400,0.021700,0.181100,0.008800,0.007300,0.006200,0.030700,0.036500,0.249800
481,EleutherAI/pythia-1b,1.040867,8000,16.777,2.6023,step8000,31d29dfecf5548b01dd95242d836dc9d1c290f9b,matched_unique,published_pile_component_weights_v1,"published Pile component weights; static corpus-level candidate, not measured token exposure",0.089600,0.061200,0.003000,0.144000,0.015300,0.012400,0.075900,0.003800,0.051300,0.001400,0.021700,0.181100,0.008800,0.007300,0.006200,0.030700,0.036500,0.249800
482,EleutherAI/pythia-1b,1.040867,9000,18.874,2.5839,step9000,bc6d43a7d4c6617037394f80f3764b6de05df956,matched_unique,published_pile_component_weights_v1,"published Pile component weights; static corpus-level candidate, not measured token exposure",0.089600,0.061200,0.003000,0.144000,0.015300,0.012400,0.075900,0.003800,0.051300,0.001400,0.021700,0.181100,0.008800,0.007300,0.006200,0.030700,0.036500,0.249800
483,EleutherAI/pythia-1b,1.040867,10000,20.972,2.5679,step10000,542161eccaf28814b1c40a63da5dc92c588252c8,matched_unique,published_pile_component_weights_v1,"published Pile component weights; static corpus-level candidate, not measured token exposure",0.089600,0.061200,0.003000,0.144000,0.015300,0.012400,0.075900,0.003800,0.051300,0.001400,0.021700,0.181100,0.008800,0.007300,0.006200,0.030700,0.036500,0.249800
484,EleutherAI/pythia-1b,1.040867,11000,23.069,2.5543,step11000,1687fc2debd0055ec1eaa5e01a1a4dbaae7db7b5,matched_unique,published_pile_component_weights_v1,"published Pile component weights; static corpus-level candidate, not measured token exposure",0.089600,0.061200,0.003000,0.144000,0.015300,0.012400,0.075900,0.003800,0.051300,0.001400,0.021700,0.181100,0.008800,0.007300,0.006200,0.030700,0.036500,0.249800
485,EleutherAI/pythia-1b,1.040867,12000,25.166,2.5417,step12000,6b7976599b054d18ba6f036f0b9d7aac8d990249,matched_unique,published_pile_component_weights_v1,"published Pile component weights; static corpus-level candidate, not measured token exposure",0.089600,0.061200,0.003000,0.144000,0.015300,0.012400,0.075900,0.003800,0.051300,0.001400,0.021700,0.181100,0.008800,0.007300,0.006200,0.030700,0.036500,0.249800
486,EleutherAI/pythia-1b,1.040867,13000,27.263,2.5305,step13000,eb08605c04c52b214664640536a9be6c1a934979,matched_unique,published_pile_component_weights_v1,"published Pile component weights; static corpus-level candidate, not measured token exposure",0.089600,0.061200,0.003000,0.144000,0.015300,0.012400,0.075900,0.003800,0.051300,0.001400,0.021700,0.181100,0.008800,0.007300,0.006200,0.030700,0.036500,0.249800
487,EleutherAI/pythia-1b,1.040867,14000,29.36,2.5205,step14000,f19ed57863b0ebc4169e6fe2545157c8316864a3,matched_unique,published_pile_component_weights_v1,"published Pile component weights; static corpus-level candidate, not measured token exposure",0.089600,0.061200,0.003000,0.144000,0.015300,0.012400,0.075900,0.003800,0.051300,0.001400,0.021700,0.181100,0.008800,0.007300,0.006200,0.030700,0.036500,0.249800
488,EleutherAI/pythia-1b,1.040867,15000,31.457,2.5113,step15000,31f477f0078ca0df1e10f1a80c7dddacf1ff67ea,matched_unique,published_pile_component_weights_v1,"published Pile component weights; static corpus-level candidate, not measured token exposure",0.089600,0.061200,0.003000,0.144000,0.015300,0.012400,0.075900,0.003800,0.051300,0.001400,0.021700,0.181100,0.008800,0.007300,0.006200,0.030700,0.036500,0.249800
489,EleutherAI/pythia-1b,1.040867,16000,33.554,2.5032,step16000,87fbbd142e6bd4e145490c5ed17e9a57756abb89,matched_unique,published_pile_component_weights_v1,"published Pile component weights; static corpus-level candidate, not measured token exposure",0.089600,0.061200,0.003000,0.144000,0.015300,0.012400,0.075900,0.003800,0.051300,0.001400,0.021700,0.181100,0.008800,0.007300,0.006200,0.030700,0.036500,0.249800
490,EleutherAI/pythia-1b,1.040867,17000,35.652,2.4953,step17000,9da26e3c89930449c25ff81f567afa950ccdfc24,matched_unique,published_pile_component_weights_v1,"published Pile component weights; static corpus-level candidate, not measured token exposure",0.089600,0.061200,0.003000,0.144000,0.015300,0.012400,0.075900,0.003800,0.051300,0.001400,0.021700,0.181100,0.008800,0.007300,0.006200,0.030700,0.036500,0.249800
491,EleutherAI/pythia-1b,1.040867,18000,37.749,2.4879,step18000,87fd8d62034eba6456573e030b4c99790b24b1f3,matched_unique,published_pile_component_weights_v1,"published Pile component weights; static corpus-level candidate, not measured token exposure",0.089600,0.061200,0.003000,0.144000,0.015300,0.012400,0.075900,0.003800,0.051300,0.001400,0.021700,0.181100,0.008800,0.007300,0.006200,0.030700,0.036500,0.249800
492,EleutherAI/pythia-1b,1.040867,19000,39.846,2.4814,step19000,e3c0cd8feb378c2e8233178d34e4c1cb73e4517f,matched_unique,published_pile_component_weights_v1,"published Pile component weights; static corpus-level candidate, not measured token exposure",0.089600,0.061200,0.003000,0.144000,0.015300,0.012400,0.075900,0.003800,0.051300,0.001400,0.021700,0.181100,0.008800,0.007300,0.006200,0.030700,0.036500,0.249800
493,EleutherAI/pythia-1b,1.040867,20000,41.943,2.4749,step20000,051c3d3f9da7df11c084674487f5910abb1a7af7,matched_unique,published_pile_component_weights_v1,"published Pile component weights; static corpus-level candidate, not measured token exposure",0.089600,0.061200,0.003000,0.144000,0.015300,0.012400,0.075900,0.003800,0.051300,0.001400,0.021700,0.181100,0.008800,0.007300,0.006200,0.030700,0.036500,0.249800
494,EleutherAI/pythia-1b,1.040867,21000,44.04,2.4688,step21000,14a7ace334a7e0e71a6379d1968e6e044a3c1b1e,matched_unique,published_pile_component_weights_v1,"published Pile component weights; static corpus-level candidate, not measured token exposure",0.089600,0.061200,0.003000,0.144000,0.015300,0.012400,0.075900,0.003800,0.051300,0.001400,0.021700,0.181100,0.008800,0.007300,0.006200,0.030700,0.036500,0.249800
495,EleutherAI/pythia-1b,1.040867,22000,46.137,2.4636,step22000,c0d4478950935758dff010bc35790c9c3587bbd9,matched_unique,published_pile_component_weights_v1,"published Pile component weights; static corpus-level candidate, not measured token exposure",0.089600,0.061200,0.003000,0.144000,0.015300,0.012400,0.075900,0.003800,0.051300,0.001400,0.021700,0.181100,0.008800,0.007300,0.006200,0.030700,0.036500,0.249800
496,EleutherAI/pythia-1b,1.040867,23000,48.234,2.4582,step23000,b3b79cd305bc0e043bbd18c4b2fe4d42bf95171c,matched_unique,published_pile_component_weights_v1,"published Pile component weights; static corpus-level candidate, not measured token exposure",0.089600,0.061200,0.003000,0.144000,0.015300,0.012400,0.075900,0.003800,0.051300,0.001400,0.021700,0.181100,0.008800,0.007300,0.006200,0.030700,0.036500,0.249800
497,EleutherAI/pythia-1b,1.040867,24000,50.332,2.453,step24000,79445d0b8d183b9647d6610fc451af16a76a1248,matched_unique,published_pile_component_weights_v1,"published Pile component weights; static corpus-level candidate, not measured token exposure",0.089600,0.061200,0.003000,0.144000,0.015300,0.012400,0.075900,0.003800,0.051300,0.001400,0.021700,0.181100,0.008800,0.007300,0.006200,0.030700,0.036500,0.249800
498,EleutherAI/pythia-1b,1.040867,25000,52.429,2.4485,step25000,34d1cf6907d1d4a78203f716bba680e6265b38ee,matched_unique,published_pile_component_weights_v1,"published Pile component weights; static corpus-level candidate, not measured token exposure",0.089600,0.061200,0.003000,0.144000,0.015300,0.012400,0.075900,0.003800,0.051300,0.001400,0.021700,0.181100,0.008800,0.007300,0.006200,0.030700,0.036500,0.249800
499,EleutherAI/pythia-1b,1.040867,26000,54.526,2.4439,step26000,688aa9c548acbf4ad5f1c29ee5d1c4a812020767,matched_unique,published_pile_component_weights_v1,"published Pile component weights; static corpus-level candidate, not measured token exposure",0.089600,0.061200,0.003000,0.144000,0.015300,0.012400,0.075900,0.003800,0.051300,0.001400,0.021700,0.181100,0.008800,0.007300,0.006200,0.030700,0.036500,0.249800
500,EleutherAI/pythia-1b,1.040867,27000,56.623,2.4396,step27000,9aad5c136c458946bfe4f0491100ae4958f1c597,matched_unique,published_pile_component_weights_v1,"published Pile component weights; static corpus-level candidate, not measured token exposure",0.089600,0.061200,0.003000,0.144000,0.015300,0.012400,0.075900,0.003800,0.051300,0.001400,0.021700,0.181100,0.008800,0.007300,0.006200,0.030700,0.036500,0.249800
501,EleutherAI/pythia-1b,1.040867,28000,58.72,2.4358,step28000,9f4986d7ea76d02301e1e73655dcb78db65e0618,matched_unique,published_pile_component_weights_v1,"published Pile component weights; static corpus-level candidate, not measured token exposure",0.089600,0.061200,0.003000,0.144000,0.015300,0.012400,0.075900,0.003800,0.051300,0.001400,0.021700,0.181100,0.008800,0.007300,0.006200,0.030700,0.036500,0.249800
502,EleutherAI/pythia-1b,1.040867,29000,60.817,2.4321,step29000,7bca69e997f2dba3dc0cc72e7eeebcf5e60e4522,matched_unique,published_pile_component_weights_v1,"published Pile component weights; static corpus-level candidate, not measured token exposure",0.089600,0.061200,0.003000,0.144000,0.015300,0.012400,0.075900,0.003800,0.051300,0.001400,0.021700,0.181100,0.008800,0.007300,0.006200,0.030700,0.036500,0.249800
503,EleutherAI/pythia-1b,1.040867,30000,62.915,2.4279,step30000,73415cdf0690234794ad35e003f202b7552e0890,matched_unique,published_pile_component_weights_v1,"published Pile component weights; static corpus-level candidate, not measured token exposure",0.089600,0.061200,0.003000,0.144000,0.015300,0.012400,0.075900,0.003800,0.051300,0.001400,0.021700,0.181100,0.008800,0.007300,0.006200,0.030700,0.036500,0.249800
504,EleutherAI/pythia-1b,1.040867,31000,65.012,2.4246,step31000,b551667e45a91b0740fea020d4bc23257f2680c6,matched_unique,published_pile_component_weights_v1,"published Pile component weights; static corpus-level candidate, not measured token exposure",0.089600,0.061200,0.003000,0.144000,0.015300,0.012400,0.075900,0.003800,0.051300,0.001400,0.021700,0.181100,0.008800,0.007300,0.006200,0.030700,0.036500,0.249800
505,EleutherAI/pythia-1b,1.040867,32000,67.109,2.4211,step32000,e2368797b94c696a2ccf2475692a2a498a8f821a,matched_unique,published_pile_component_weights_v1,"published Pile component weights; static corpus-level candidate, not measured token exposure",0.089600,0.061200,0.003000,0.144000,0.015300,0.012400,0.075900,0.003800,0.051300,0.001400,0.021700,0.181100,0.008800,0.007300,0.006200,0.030700,0.036500,0.249800
506,EleutherAI/pythia-1b,1.040867,33000,69.206,2.4178,step33000,99ea03e762b126df9b51c05a3e2b075cd273c99c,matched_unique,published_pile_component_weights_v1,"published Pile component weights; static corpus-level candidate, not measured token exposure",0.089600,0.061200,0.003000,0.144000,0.015300,0.012400,0.075900,0.003800,0.051300,0.001400,0.021700,0.181100,0.008800,0.007300,0.006200,0.030700,0.036500,0.249800
507,EleutherAI/pythia-1b,1.040867,34000,71.303,2.4146,step34000,88f2433ad6748e156c0789b3ee557c49b367e32c,matched_unique,published_pile_component_weights_v1,"published Pile component weights; static corpus-level candidate, not measured token exposure",0.089600,0.061200,0.003000,0.144000,0.015300,0.012400,0.075900,0.003800,0.051300,0.001400,0.021700,0.181100,0.008800,0.007300,0.006200,0.030700,0.036500,0.249800
508,EleutherAI/pythia-1b,1.040867,35000,73.4,2.4116,step35000,7d24d567ea4b38bc048aa437b01e07f13d5cf069,matched_unique,published_pile_component_weights_v1,"published Pile component weights; static corpus-level candidate, not measured token exposure",0.089600,0.061200,0.003000,0.144000,0.015300,0.012400,0.075900,0.003800,0.051300,0.001400,0.021700,0.181100,0.008800,0.007300,0.006200,0.030700,0.036500,0.249800
509,EleutherAI/pythia-1b,1.040867,36000,75.497,2.4088,step36000,f53e921d2afc99aed6c15e8b10b0699ac1d2811f,matched_unique,published_pile_component_weights_v1,"published Pile component weights; static corpus-level candidate, not measured token exposure",0.089600,0.061200,0.003000,0.144000,0.015300,0.012400,0.075900,0.003800,0.051300,0.001400,0.021700,0.181100,0.008800,0.007300,0.006200,0.030700,0.036500,0.249800
510,EleutherAI/pythia-1b,1.040867,37000,77.595,2.4058,step37000,57cfc2ebc889e1e61e646ca3d912f5b0c9043ca6,matched_unique,published_pile_component_weights_v1,"published Pile component weights; static corpus-level candidate, not measured token exposure",0.089600,0.061200,0.003000,0.144000,0.015300,0.012400,0.075900,0.003800,0.051300,0.001400,0.021700,0.181100,0.008800,0.007300,0.006200,0.030700,0.036500,0.249800
511,EleutherAI/pythia-1b,1.040867,38000,79.692,2.4032,step38000,bccb50d6e4950b4e944d2e681c5b92d98bbfd499,matched_unique,published_pile_component_weights_v1,"published Pile component weights; static corpus-level candidate, not measured token exposure",0.089600,0.061200,0.003000,0.144000,0.015300,0.012400,0.075900,0.003800,0.051300,0.001400,0.021700,0.181100,0.008800,0.007300,0.006200,0.030700,0.036500,0.249800
512,EleutherAI/pythia-1b,1.040867,39000,81.789,2.4006,step39000,e029fd1d3f2cf1970a30cc40ef89239f2a0ca334,matched_unique,published_pile_component_weights_v1,"published Pile component weights; static corpus-level candidate, not measured token exposure",0.089600,0.061200,0.003000,0.144000,0.015300,0.012400,0.075900,0.003800,0.051300,0.001400,0.021700,0.181100,0.008800,0.007300,0.006200,0.030700,0.036500,0.249800
513,EleutherAI/pythia-1b,1.040867,40000,83.886,2.398,step40000,3e4f2c3c66c167f60a0a680ab7f983a7b57df48e,matched_unique,published_pile_component_weights_v1,"published Pile component weights; static corpus-level candidate, not measured token exposure",0.089600,0.061200,0.003000,0.144000,0.015300,0.012400,0.075900,0.003800,0.051300,0.001400,0.021700,0.181100,0.008800,0.007300,0.006200,0.030700,0.036500,0.249800
514,EleutherAI/pythia-1b,1.040867,41000,85.983,2.3954,step41000,6524edfad384b0cb8b86e23dd46348969e98eff3,matched_unique,published_pile_component_weights_v1,"published Pile component weights; static corpus-level candidate, not measured token exposure",0.089600,0.061200,0.003000,0.144000,0.015300,0.012400,0.075900,0.003800,0.051300,0.001400,0.021700,0.181100,0.008800,0.007300,0.006200,0.030700,0.036500,0.249800
515,EleutherAI/pythia-1b,1.040867,42000,88.08,2.3931,step42000,c4ccebc9ceeeb4604958517365eed35ab5e95c06,matched_unique,published_pile_component_weights_v1,"published Pile component weights; static corpus-level candidate, not measured token exposure",0.089600,0.061200,0.003000,0.144000,0.015300,0.012400,0.075900,0.003800,0.051300,0.001400,0.021700,0.181100,0.008800,0.007300,0.006200,0.030700,0.036500,0.249800
516,EleutherAI/pythia-1b,1.040867,43000,90.178,2.3909,step43000,3d330abc3f8677d4c99465b934cdeabb666853db,matched_unique,published_pile_component_weights_v1,"published Pile component weights; static corpus-level candidate, not measured token exposure",0.089600,0.061200,0.003000,0.144000,0.015300,0.012400,0.075900,0.003800,0.051300,0.001400,0.021700,0.181100,0.008800,0.007300,0.006200,0.030700,0.036500,0.249800
517,EleutherAI/pythia-1b,1.040867,44000,92.275,2.3886,step44000,75751806c24d6e06ad3d249d1ba63aa31f7f821f,matched_unique,published_pile_component_weights_v1,"published Pile component weights; static corpus-level candidate, not measured token exposure",0.089600,0.061200,0.003000,0.144000,0.015300,0.012400,0.075900,0.003800,0.051300,0.001400,0.021700,0.181100,0.008800,0.007300,0.006200,0.030700,0.036500,0.249800
518,EleutherAI/pythia-1b,1.040867,45000,94.372,2.3863,step45000,96ced4a1966ebf3bd1f9935a271d72ed1eaf4717,matched_unique,published_pile_component_weights_v1,"published Pile component weights; static corpus-level candidate, not measured token exposure",0.089600,0.061200,0.003000,0.144000,0.015300,0.012400,0.075900,0.003800,0.051300,0.001400,0.021700,0.181100,0.008800,0.007300,0.006200,0.030700,0.036500,0.249800
519,EleutherAI/pythia-1b,1.040867,46000,96.469,2.3842,step46000,d05c4df88dd28cef141051118c2e7d207dd2f75c,matched_unique,published_pile_component_weights_v1,"published Pile component weights; static corpus-level candidate, not measured token exposure",0.089600,0.061200,0.003000,0.144000,0.015300,0.012400,0.075900,0.003800,0.051300,0.001400,0.021700,0.181100,0.008800,0.007300,0.006200,0.030700,0.036500,0.249800
520,EleutherAI/pythia-1b,1.040867,47000,98.566,2.3822,step47000,3d2fb39f13d0ce0a3d49b30721d4ea85dae0f972,matched_unique,published_pile_component_weights_v1,"published Pile component weights; static corpus-level candidate, not measured token exposure",0.089600,0.061200,0.003000,0.144000,0.015300,0.012400,0.075900,0.003800,0.051300,0.001400,0.021700,0.181100,0.008800,0.007300,0.006200,0.030700,0.036500,0.249800
521,EleutherAI/pythia-1b,1.040867,48000,100.663,2.38,step48000,cb6be400acd5d46100f0688e76bf94bc156531c0,matched_unique,published_pile_component_weights_v1,"published Pile component weights; static corpus-level candidate, not measured token exposure",0.089600,0.061200,0.003000,0.144000,0.015300,0.012400,0.075900,0.003800,0.051300,0.001400,0.021700,0.181100,0.008800,0.007300,0.006200,0.030700,0.036500,0.249800
522,EleutherAI/pythia-1b,1.040867,49000,102.76,2.3782,step49000,35381e0bd87c4f44c62609afe8e6b89359001044,matched_unique,published_pile_component_weights_v1,"published Pile component weights; static corpus-level candidate, not measured token exposure",0.089600,0.061200,0.003000,0.144000,0.015300,0.012400,0.075900,0.003800,0.051300,0.001400,0.021700,0.181100,0.008800,0.007300,0.006200,0.030700,0.036500,0.249800
523,EleutherAI/pythia-1b,1.040867,50000,104.858,2.3762,step50000,2508971c5328341066b71ae6b648fe39eee8533d,matched_unique,published_pile_component_weights_v1,"published Pile component weights; static corpus-level candidate, not measured token exposure",0.089600,0.061200,0.003000,0.144000,0.015300,0.012400,0.075900,0.003800,0.051300,0.001400,0.021700,0.181100,0.008800,0.007300,0.006200,0.030700,0.036500,0.249800
524,EleutherAI/pythia-1b,1.040867,51000,106.955,2.3745,step51000,a24e2c7a4be3639b68fada2a3d8b3bc81a037523,matched_unique,published_pile_component_weights_v1,"published Pile component weights; static corpus-level candidate, not measured token exposure",0.089600,0.061200,0.003000,0.144000,0.015300,0.012400,0.075900,0.003800,0.051300,0.001400,0.021700,0.181100,0.008800,0.007300,0.006200,0.030700,0.036500,0.249800
525,EleutherAI/pythia-1b,1.040867,52000,109.052,2.3725,step52000,fd3a1a493ad37aace1e4ddc2581e1e577379f3cd,matched_unique,published_pile_component_weights_v1,"published Pile component weights; static corpus-level candidate, not measured token exposure",0.089600,0.061200,0.003000,0.144000,0.015300,0.012400,0.075900,0.003800,0.051300,0.001400,0.021700,0.181100,0.008800,0.007300,0.006200,0.030700,0.036500,0.249800
526,EleutherAI/pythia-1b,1.040867,53000,111.149,2.3706,step53000,e20477c132eb72b6f61c275ae3d7329c916925b2,matched_unique,published_pile_component_weights_v1,"published Pile component weights; static corpus-level candidate, not measured token exposure",0.089600,0.061200,0.003000,0.144000,0.015300,0.012400,0.075900,0.003800,0.051300,0.001400,0.021700,0.181100,0.008800,0.007300,0.006200,0.030700,0.036500,0.249800
527,EleutherAI/pythia-1b,1.040867,54000,113.246,2.3689,step54000,b20976f8930eb406cc676e26af7e6b48f9b79fe9,matched_unique,published_pile_component_weights_v1,"published Pile component weights; static corpus-level candidate, not measured token exposure",0.089600,0.061200,0.003000,0.144000,0.015300,0.012400,0.075900,0.003800,0.051300,0.001400,0.021700,0.181100,0.008800,0.007300,0.006200,0.030700,0.036500,0.249800
528,EleutherAI/pythia-1b,1.040867,55000,115.343,2.3674,step55000,a707a0b9da95ac5a4a70a702963f6cb5a6987ac9,matched_unique,published_pile_component_weights_v1,"published Pile component weights; static corpus-level candidate, not measured token exposure",0.089600,0.061200,0.003000,0.144000,0.015300,0.012400,0.075900,0.003800,0.051300,0.001400,0.021700,0.181100,0.008800,0.007300,0.006200,0.030700,0.036500,0.249800
529,EleutherAI/pythia-1b,1.040867,56000,117.441,2.3658,step56000,e1f7ded709500b683371bca9e56b783410bacf28,matched_unique,published_pile_component_weights_v1,"published Pile component weights; static corpus-level candidate, not measured token exposure",0.089600,0.061200,0.003000,0.144000,0.015300,0.012400,0.075900,0.003800,0.051300,0.001400,0.021700,0.181100,0.008800,0.007300,0.006200,0.030700,0.036500,0.249800
530,EleutherAI/pythia-1b,1.040867,57000,119.538,2.364,step57000,ae9f9deb1b5f1aea1daf9c64d08293f791a797c9,matched_unique,published_pile_component_weights_v1,"published Pile component weights; static corpus-level candidate, not measured token exposure",0.089600,0.061200,0.003000,0.144000,0.015300,0.012400,0.075900,0.003800,0.051300,0.001400,0.021700,0.181100,0.008800,0.007300,0.006200,0.030700,0.036500,0.249800
531,EleutherAI/pythia-1b,1.040867,58000,121.635,2.3626,step58000,e26792464c201b01ec84668b34d670485562a5c4,matched_unique,published_pile_component_weights_v1,"published Pile component weights; static corpus-level candidate, not measured token exposure",0.089600,0.061200,0.003000,0.144000,0.015300,0.012400,0.075900,0.003800,0.051300,0.001400,0.021700,0.181100,0.008800,0.007300,0.006200,0.030700,0.036500,0.249800
532,EleutherAI/pythia-1b,1.040867,59000,123.732,2.3608,step59000,29aa92b854e7b109c82b024fd2b20fe2e02cbe0d,matched_unique,published_pile_component_weights_v1,"published Pile component weights; static corpus-level candidate, not measured token exposure",0.089600,0.061200,0.003000,0.144000,0.015300,0.012400,0.075900,0.003800,0.051300,0.001400,0.021700,0.181100,0.008800,0.007300,0.006200,0.030700,0.036500,0.249800
533,EleutherAI/pythia-1b,1.040867,60000,125.829,2.3595,step60000,5bf820682f0c0fe114263e21526fd0e438a6ad03,matched_unique,published_pile_component_weights_v1,"published Pile component weights; static corpus-level candidate, not measured token exposure",0.089600,0.061200,0.003000,0.144000,0.015300,0.012400,0.075900,0.003800,0.051300,0.001400,0.021700,0.181100,0.008800,0.007300,0.006200,0.030700,0.036500,0.249800
534,EleutherAI/pythia-1b,1.040867,61000,127.926,2.3579,step61000,3c67f717962a847dd93650bdc1285631e08da5c0,matched_unique,published_pile_component_weights_v1,"published Pile component weights; static corpus-level candidate, not measured token exposure",0.089600,0.061200,0.003000,0.144000,0.015300,0.012400,0.075900,0.003800,0.051300,0.001400,0.021700,0.181100,0.008800,0.007300,0.006200,0.030700,0.036500,0.249800
535,EleutherAI/pythia-1b,1.040867,62000,130.023,2.3565,step62000,b193d9597ecde984dcdf9a3f8b3c5107c2512caa,matched_unique,published_pile_component_weights_v1,"published Pile component weights; static corpus-level candidate, not measured token exposure",0.089600,0.061200,0.003000,0.144000,0.015300,0.012400,0.075900,0.003800,0.051300,0.001400,0.021700,0.181100,0.008800,0.007300,0.006200,0.030700,0.036500,0.249800
536,EleutherAI/pythia-1b,1.040867,63000,132.121,2.3552,step63000,62e7057b6f7a4a7ef34b4e060e2d32dba4b08051,matched_unique,published_pile_component_weights_v1,"published Pile component weights; static corpus-level candidate, not measured token exposure",0.089600,0.061200,0.003000,0.144000,0.015300,0.012400,0.075900,0.003800,0.051300,0.001400,0.021700,0.181100,0.008800,0.007300,0.006200,0.030700,0.036500,0.249800
537,EleutherAI/pythia-1b,1.040867,64000,134.218,2.3537,step64000,d8a21ab8f2de9e94f9b5344f2f15e6cbc3dfdf5b,matched_unique,published_pile_component_weights_v1,"published Pile component weights; static corpus-level candidate, not measured token exposure",0.089600,0.061200,0.003000,0.144000,0.015300,0.012400,0.075900,0.003800,0.051300,0.001400,0.021700,0.181100,0.008800,0.007300,0.006200,0.030700,0.036500,0.249800
538,EleutherAI/pythia-1b,1.040867,65000,136.315,2.3524,step65000,734d461b1a07ed464b92512f2d64c46300426606,matched_unique,published_pile_component_weights_v1,"published Pile component weights; static corpus-level candidate, not measured token exposure",0.089600,0.061200,0.003000,0.144000,0.015300,0.012400,0.075900,0.003800,0.051300,0.001400,0.021700,0.181100,0.008800,0.007300,0.006200,0.030700,0.036500,0.249800
539,EleutherAI/pythia-1b,1.040867,66000,138.412,2.3512,step66000,b75c57d7d030df9f9181fbcfa130c8ef1dfe6bdd,matched_unique,published_pile_component_weights_v1,"published Pile component weights; static corpus-level candidate, not measured token exposure",0.089600,0.061200,0.003000,0.144000,0.015300,0.012400,0.075900,0.003800,0.051300,0.001400,0.021700,0.181100,0.008800,0.007300,0.006200,0.030700,0.036500,0.249800
540,EleutherAI/pythia-1b,1.040867,67000,140.509,2.3497,step67000,eabe540ed180a882c1b843e31c15df0006df7e0b,matched_unique,published_pile_component_weights_v1,"published Pile component weights; static corpus-level candidate, not measured token exposure",0.089600,0.061200,0.003000,0.144000,0.015300,0.012400,0.075900,0.003800,0.051300,0.001400,0.021700,0.181100,0.008800,0.007300,0.006200,0.030700,0.036500,0.249800
541,EleutherAI/pythia-1b,1.040867,68000,142.606,2.3485,step68000,b7946531afe3d92b3c11ac4fd6107023c42a9504,matched_unique,published_pile_component_weights_v1,"published Pile component weights; static corpus-level candidate, not measured token exposure",0.089600,0.061200,0.003000,0.144000,0.015300,0.012400,0.075900,0.003800,0.051300,0.001400,0.021700,0.181100,0.008800,0.007300,0.006200,0.030700,0.036500,0.249800
542,EleutherAI/pythia-1b,1.040867,69000,144.703,2.3471,step69000,3f7f2b436b1424f682022637081815c8297c6593,matched_unique,published_pile_component_weights_v1,"published Pile component weights; static corpus-level candidate, not measured token exposure",0.089600,0.061200,0.003000,0.144000,0.015300,0.012400,0.075900,0.003800,0.051300,0.001400,0.021700,0.181100,0.008800,0.007300,0.006200,0.030700,0.036500,0.249800
543,EleutherAI/pythia-1b,1.040867,70000,146.801,2.346,step70000,f0b0a371f295717759a6f361db8593c15a5dab92,matched_unique,published_pile_component_weights_v1,"published Pile component weights; static corpus-level candidate, not measured token exposure",0.089600,0.061200,0.003000,0.144000,0.015300,0.012400,0.075900,0.003800,0.051300,0.001400,0.021700,0.181100,0.008800,0.007300,0.006200,0.030700,0.036500,0.249800
544,EleutherAI/pythia-1b,1.040867,71000,148.898,2.3449,step71000,09c1f2f1188960e0ca3f5be9ed27c3df153e7f17,matched_unique,published_pile_component_weights_v1,"published Pile component weights; static corpus-level candidate, not measured token exposure",0.089600,0.061200,0.003000,0.144000,0.015300,0.012400,0.075900,0.003800,0.051300,0.001400,0.021700,0.181100,0.008800,0.007300,0.006200,0.030700,0.036500,0.249800
545,EleutherAI/pythia-1b,1.040867,72000,150.995,2.3433,step72000,566a4a2d532632221abdb8e8da1be1fb621a47a6,matched_unique,published_pile_component_weights_v1,"published Pile component weights; static corpus-level candidate, not measured token exposure",0.089600,0.061200,0.003000,0.144000,0.015300,0.012400,0.075900,0.003800,0.051300,0.001400,0.021700,0.181100,0.008800,0.007300,0.006200,0.030700,0.036500,0.249800
546,EleutherAI/pythia-1b,1.040867,73000,153.092,2.3423,step73000,9b7dc7a06f7c3fee0eea65bb8aad9ab74cf63777,matched_unique,published_pile_component_weights_v1,"published Pile component weights; static corpus-level candidate, not measured token exposure",0.089600,0.061200,0.003000,0.144000,0.015300,0.012400,0.075900,0.003800,0.051300,0.001400,0.021700,0.181100,0.008800,0.007300,0.006200,0.030700,0.036500,0.249800
547,EleutherAI/pythia-1b,1.040867,74000,155.189,2.3413,step74000,d1273eba58cc1c6c9705d927cad5e76c46eee0d8,matched_unique,published_pile_component_weights_v1,"published Pile component weights; static corpus-level candidate, not measured token exposure",0.089600,0.061200,0.003000,0.144000,0.015300,0.012400,0.075900,0.003800,0.051300,0.001400,0.021700,0.181100,0.008800,0.007300,0.006200,0.030700,0.036500,0.249800
548,EleutherAI/pythia-1b,1.040867,75000,157.286,2.3401,step75000,1d3c9ac30651ed89d9f5b9652bfc199232e72ece,matched_unique,published_pile_component_weights_v1,"published Pile component weights; static corpus-level candidate, not measured token exposure",0.089600,0.061200,0.003000,0.144000,0.015300,0.012400,0.075900,0.003800,0.051300,0.001400,0.021700,0.181100,0.008800,0.007300,0.006200,0.030700,0.036500,0.249800
549,EleutherAI/pythia-1b,1.040867,76000,159.384,2.339,step76000,7cfb481d659c7dc6c4a0489a627afe70823afaf1,matched_unique,published_pile_component_weights_v1,"published Pile component weights; static corpus-level candidate, not measured token exposure",0.089600,0.061200,0.003000,0.144000,0.015300,0.012400,0.075900,0.003800,0.051300,0.001400,0.021700,0.181100,0.008800,0.007300,0.006200,0.030700,0.036500,0.249800
550,EleutherAI/pythia-1b,1.040867,77000,161.481,2.3378,step77000,8179dac7575f6563f2bbd98dd0b4718f899d5272,matched_unique,published_pile_component_weights_v1,"published Pile component weights; static corpus-level candidate, not measured token exposure",0.089600,0.061200,0.003000,0.144000,0.015300,0.012400,0.075900,0.003800,0.051300,0.001400,0.021700,0.181100,0.008800,0.007300,0.006200,0.030700,0.036500,0.249800
551,EleutherAI/pythia-1b,1.040867,78000,163.578,2.3368,step78000,67e711e73ce590fb20bc6d27f5f5a8ffd971f9a8,matched_unique,published_pile_component_weights_v1,"published Pile component weights; static corpus-level candidate, not measured token exposure",0.089600,0.061200,0.003000,0.144000,0.015300,0.012400,0.075900,0.003800,0.051300,0.001400,0.021700,0.181100,0.008800,0.007300,0.006200,0.030700,0.036500,0.249800
552,EleutherAI/pythia-1b,1.040867,79000,165.675,2.3357,step79000,3ef6f21410c5150d9394f3f84052611e7961cc3b,matched_unique,published_pile_component_weights_v1,"published Pile component weights; static corpus-level candidate, not measured token exposure",0.089600,0.061200,0.003000,0.144000,0.015300,0.012400,0.075900,0.003800,0.051300,0.001400,0.021700,0.181100,0.008800,0.007300,0.006200,0.030700,0.036500,0.249800
553,EleutherAI/pythia-1b,1.040867,80000,167.772,2.3348,step80000,667a3564e0d39af08db6881ce624b4a19bff925d,matched_unique,published_pile_component_weights_v1,"published Pile component weights; static corpus-level candidate, not measured token exposure",0.089600,0.061200,0.003000,0.144000,0.015300,0.012400,0.075900,0.003800,0.051300,0.001400,0.021700,0.181100,0.008800,0.007300,0.006200,0.030700,0.036500,0.249800
554,EleutherAI/pythia-1b,1.040867,81000,169.869,2.3337,step81000,c142c67a83f3b33c09b6068c648da8ad8fe3151f,matched_unique,published_pile_component_weights_v1,"published Pile component weights; static corpus-level candidate, not measured token exposure",0.089600,0.061200,0.003000,0.144000,0.015300,0.012400,0.075900,0.003800,0.051300,0.001400,0.021700,0.181100,0.008800,0.007300,0.006200,0.030700,0.036500,0.249800
555,EleutherAI/pythia-1b,1.040867,82000,171.966,2.3327,step82000,21da575a549ca11c49f929cf46aa3f35406c3840,matched_unique,published_pile_component_weights_v1,"published Pile component weights; static corpus-level candidate, not measured token exposure",0.089600,0.061200,0.003000,0.144000,0.015300,0.012400,0.075900,0.003800,0.051300,0.001400,0.021700,0.181100,0.008800,0.007300,0.006200,0.030700,0.036500,0.249800
556,EleutherAI/pythia-1b,1.040867,83000,174.064,2.3316,step83000,1d7b67c56b2592c6390743820bd45183aca8baba,matched_unique,published_pile_component_weights_v1,"published Pile component weights; static corpus-level candidate, not measured token exposure",0.089600,0.061200,0.003000,0.144000,0.015300,0.012400,0.075900,0.003800,0.051300,0.001400,0.021700,0.181100,0.008800,0.007300,0.006200,0.030700,0.036500,0.249800
557,EleutherAI/pythia-1b,1.040867,84000,176.161,2.3306,step84000,9baadf8e678174bf46fc659f0775871b312885c5,matched_unique,published_pile_component_weights_v1,"published Pile component weights; static corpus-level candidate, not measured token exposure",0.089600,0.061200,0.003000,0.144000,0.015300,0.012400,0.075900,0.003800,0.051300,0.001400,0.021700,0.181100,0.008800,0.007300,0.006200,0.030700,0.036500,0.249800
558,EleutherAI/pythia-1b,1.040867,85000,178.258,2.3297,step85000,fc3b8e861f9e22de876a021081d28e1eaa62b709,matched_unique,published_pile_component_weights_v1,"published Pile component weights; static corpus-level candidate, not measured token exposure",0.089600,0.061200,0.003000,0.144000,0.015300,0.012400,0.075900,0.003800,0.051300,0.001400,0.021700,0.181100,0.008800,0.007300,0.006200,0.030700,0.036500,0.249800
559,EleutherAI/pythia-1b,1.040867,86000,180.355,2.3288,step86000,77ad71cc7c538fc950cebfaf63a035d3dd5aaaf4,matched_unique,published_pile_component_weights_v1,"published Pile component weights; static corpus-level candidate, not measured token exposure",0.089600,0.061200,0.003000,0.144000,0.015300,0.012400,0.075900,0.003800,0.051300,0.001400,0.021700,0.181100,0.008800,0.007300,0.006200,0.030700,0.036500,0.249800
560,EleutherAI/pythia-1b,1.040867,87000,182.452,2.3278,step87000,382467458f1a6ed2178349429ef7da8a289e9ace,matched_unique,published_pile_component_weights_v1,"published Pile component weights; static corpus-level candidate, not measured token exposure",0.089600,0.061200,0.003000,0.144000,0.015300,0.012400,0.075900,0.003800,0.051300,0.001400,0.021700,0.181100,0.008800,0.007300,0.006200,0.030700,0.036500,0.249800
561,EleutherAI/pythia-1b,1.040867,88000,184.549,2.3269,step88000,f063e061e3be3637e8fc4802801e540483d6c4a8,matched_unique,published_pile_component_weights_v1,"published Pile component weights; static corpus-level candidate, not measured token exposure",0.089600,0.061200,0.003000,0.144000,0.015300,0.012400,0.075900,0.003800,0.051300,0.001400,0.021700,0.181100,0.008800,0.007300,0.006200,0.030700,0.036500,0.249800
562,EleutherAI/pythia-1b,1.040867,89000,186.647,2.3262,step89000,c284ab0cb00ab15eaca9f2db5529f78a7d98dad7,matched_unique,published_pile_component_weights_v1,"published Pile component weights; static corpus-level candidate, not measured token exposure",0.089600,0.061200,0.003000,0.144000,0.015300,0.012400,0.075900,0.003800,0.051300,0.001400,0.021700,0.181100,0.008800,0.007300,0.006200,0.030700,0.036500,0.249800
563,EleutherAI/pythia-1b,1.040867,90000,188.744,2.3252,step90000,4a9cb1e3b27fde1ba09680ed51481018cec5b738,matched_unique,published_pile_component_weights_v1,"published Pile component weights; static corpus-level candidate, not measured token exposure",0.089600,0.061200,0.003000,0.144000,0.015300,0.012400,0.075900,0.003800,0.051300,0.001400,0.021700,0.181100,0.008800,0.007300,0.006200,0.030700,0.036500,0.249800
564,EleutherAI/pythia-1b,1.040867,91000,190.841,2.3242,step91000,a780b801025c033056a2bda0ba22df9e8d7c2436,matched_unique,published_pile_component_weights_v1,"published Pile component weights; static corpus-level candidate, not measured token exposure",0.089600,0.061200,0.003000,0.144000,0.015300,0.012400,0.075900,0.003800,0.051300,0.001400,0.021700,0.181100,0.008800,0.007300,0.006200,0.030700,0.036500,0.249800
565,EleutherAI/pythia-1b,1.040867,92000,192.938,2.3235,step92000,e848c7c587d9db09046faff539667e77ae79ab7c,matched_unique,published_pile_component_weights_v1,"published Pile component weights; static corpus-level candidate, not measured token exposure",0.089600,0.061200,0.003000,0.144000,0.015300,0.012400,0.075900,0.003800,0.051300,0.001400,0.021700,0.181100,0.008800,0.007300,0.006200,0.030700,0.036500,0.249800
566,EleutherAI/pythia-1b,1.040867,93000,195.035,2.3225,step93000,798697979cd5268f2288956101f79909c0139f1e,matched_unique,published_pile_component_weights_v1,"published Pile component weights; static corpus-level candidate, not measured token exposure",0.089600,0.061200,0.003000,0.144000,0.015300,0.012400,0.075900,0.003800,0.051300,0.001400,0.021700,0.181100,0.008800,0.007300,0.006200,0.030700,0.036500,0.249800
567,EleutherAI/pythia-1b,1.040867,94000,197.132,2.3215,step94000,f541b4b99bfa894fdf8c676b96866717d790b512,matched_unique,published_pile_component_weights_v1,"published Pile component weights; static corpus-level candidate, not measured token exposure",0.089600,0.061200,0.003000,0.144000,0.015300,0.012400,0.075900,0.003800,0.051300,0.001400,0.021700,0.181100,0.008800,0.007300,0.006200,0.030700,0.036500,0.249800
568,EleutherAI/pythia-1b,1.040867,95000,199.229,2.3207,step95000,f87d4daa28df940e064cfa2e88f7309a02fed1b8,matched_unique,published_pile_component_weights_v1,"published Pile component weights; static corpus-level candidate, not measured token exposure",0.089600,0.061200,0.003000,0.144000,0.015300,0.012400,0.075900,0.003800,0.051300,0.001400,0.021700,0.181100,0.008800,0.007300,0.006200,0.030700,0.036500,0.249800
569,EleutherAI/pythia-1b,1.040867,96000,201.327,2.3198,step96000,134b25682ad454b623265d6fc6b948cb45e8c554,matched_unique,published_pile_component_weights_v1,"published Pile component weights; static corpus-level candidate, not measured token exposure",0.089600,0.061200,0.003000,0.144000,0.015300,0.012400,0.075900,0.003800,0.051300,0.001400,0.021700,0.181100,0.008800,0.007300,0.006200,0.030700,0.036500,0.249800
570,EleutherAI/pythia-1b,1.040867,97000,203.424,2.3191,step97000,119237694f625f0e4073cf3f988e6d0b4f2243f6,matched_unique,published_pile_component_weights_v1,"published Pile component weights; static corpus-level candidate, not measured token exposure",0.089600,0.061200,0.003000,0.144000,0.015300,0.012400,0.075900,0.003800,0.051300,0.001400,0.021700,0.181100,0.008800,0.007300,0.006200,0.030700,0.036500,0.249800
571,EleutherAI/pythia-1b,1.040867,98000,205.521,2.3184,step98000,95906c1697cc33d42dcd2992a07b3b0c377005d5,matched_unique,published_pile_component_weights_v1,"published Pile component weights; static corpus-level candidate, not measured token exposure",0.089600,0.061200,0.003000,0.144000,0.015300,0.012400,0.075900,0.003800,0.051300,0.001400,0.021700,0.181100,0.008800,0.007300,0.006200,0.030700,0.036500,0.249800
572,EleutherAI/pythia-1b,1.040867,99000,207.618,2.3178,step99000,ab53c5f4969100f1ca2d0dbe56661f494676980d,matched_unique,published_pile_component_weights_v1,"published Pile component weights; static corpus-level candidate, not measured token exposure",0.089600,0.061200,0.003000,0.144000,0.015300,0.012400,0.075900,0.003800,0.051300,0.001400,0.021700,0.181100,0.008800,0.007300,0.006200,0.030700,0.036500,0.249800
573,EleutherAI/pythia-1b,1.040867,100000,209.715,2.3168,step100000,6b177c443f085cc1af93f453a55e0d43f03aaf57,matched_unique,published_pile_component_weights_v1,"published Pile component weights; static corpus-level candidate, not measured token exposure",0.089600,0.061200,0.003000,0.144000,0.015300,0.012400,0.075900,0.003800,0.051300,0.001400,0.021700,0.181100,0.008800,0.007300,0.006200,0.030700,0.036500,0.249800
574,EleutherAI/pythia-1b,1.040867,101000,211.812,2.316,step101000,76f9f742aa4117d22f810cc2bb612608e30c059a,matched_unique,published_pile_component_weights_v1,"published Pile component weights; static corpus-level candidate, not measured token exposure",0.089600,0.061200,0.003000,0.144000,0.015300,0.012400,0.075900,0.003800,0.051300,0.001400,0.021700,0.181100,0.008800,0.007300,0.006200,0.030700,0.036500,0.249800
575,EleutherAI/pythia-1b,1.040867,102000,213.91,2.3153,step102000,89290a2df95cdf7bcf2f648601d9ff1fe7d4a494,matched_unique,published_pile_component_weights_v1,"published Pile component weights; static corpus-level candidate, not measured token exposure",0.089600,0.061200,0.003000,0.144000,0.015300,0.012400,0.075900,0.003800,0.051300,0.001400,0.021700,0.181100,0.008800,0.007300,0.006200,0.030700,0.036500,0.249800
576,EleutherAI/pythia-1b,1.040867,103000,216.007,2.3143,step103000,95c059988363d8301a32b92997dce77f8f1ba466,matched_unique,published_pile_component_weights_v1,"published Pile component weights; static corpus-level candidate, not measured token exposure",0.089600,0.061200,0.003000,0.144000,0.015300,0.012400,0.075900,0.003800,0.051300,0.001400,0.021700,0.181100,0.008800,0.007300,0.006200,0.030700,0.036500,0.249800
577,EleutherAI/pythia-1b,1.040867,104000,218.104,2.3138,step104000,c404dd5ecbc7867aab9d1dea840e315aff23ed5e,matched_unique,published_pile_component_weights_v1,"published Pile component weights; static corpus-level candidate, not measured token exposure",0.089600,0.061200,0.003000,0.144000,0.015300,0.012400,0.075900,0.003800,0.051300,0.001400,0.021700,0.181100,0.008800,0.007300,0.006200,0.030700,0.036500,0.249800
578,EleutherAI/pythia-1b,1.040867,105000,220.201,2.3131,step105000,2f01a1939ef0bd4d41581b67a23e13dfc63817ed,matched_unique,published_pile_component_weights_v1,"published Pile component weights; static corpus-level candidate, not measured token exposure",0.089600,0.061200,0.003000,0.144000,0.015300,0.012400,0.075900,0.003800,0.051300,0.001400,0.021700,0.181100,0.008800,0.007300,0.006200,0.030700,0.036500,0.249800
579,EleutherAI/pythia-1b,1.040867,106000,222.298,2.3122,step106000,84fcbf6d508b9b46574055702d1f6a5902a2a29d,matched_unique,published_pile_component_weights_v1,"published Pile component weights; static corpus-level candidate, not measured token exposure",0.089600,0.061200,0.003000,0.144000,0.015300,0.012400,0.075900,0.003800,0.051300,0.001400,0.021700,0.181100,0.008800,0.007300,0.006200,0.030700,0.036500,0.249800
580,EleutherAI/pythia-1b,1.040867,107000,224.395,2.3117,step107000,c234c42319a2901df64e67ca16cf2c602aeaffda,matched_unique,published_pile_component_weights_v1,"published Pile component weights; static corpus-level candidate, not measured token exposure",0.089600,0.061200,0.003000,0.144000,0.015300,0.012400,0.075900,0.003800,0.051300,0.001400,0.021700,0.181100,0.008800,0.007300,0.006200,0.030700,0.036500,0.249800
581,EleutherAI/pythia-1b,1.040867,108000,226.492,2.3109,step108000,768750746ba6eb2af298a9ff60894a218461602d,matched_unique,published_pile_component_weights_v1,"published Pile component weights; static corpus-level candidate, not measured token exposure",0.089600,0.061200,0.003000,0.144000,0.015300,0.012400,0.075900,0.003800,0.051300,0.001400,0.021700,0.181100,0.008800,0.007300,0.006200,0.030700,0.036500,0.249800
582,EleutherAI/pythia-1b,1.040867,109000,228.59,2.3101,step109000,05066a6d6484cfb1b8ba20e8f45d2340ad99479e,matched_unique,published_pile_component_weights_v1,"published Pile component weights; static corpus-level candidate, not measured token exposure",0.089600,0.061200,0.003000,0.144000,0.015300,0.012400,0.075900,0.003800,0.051300,0.001400,0.021700,0.181100,0.008800,0.007300,0.006200,0.030700,0.036500,0.249800
583,EleutherAI/pythia-1b,1.040867,110000,230.687,2.3096,step110000,2de00b8c71b16e1a44fd5722eae59f6b7e5df9c0,matched_unique,published_pile_component_weights_v1,"published Pile component weights; static corpus-level candidate, not measured token exposure",0.089600,0.061200,0.003000,0.144000,0.015300,0.012400,0.075900,0.003800,0.051300,0.001400,0.021700,0.181100,0.008800,0.007300,0.006200,0.030700,0.036500,0.249800
584,EleutherAI/pythia-1b,1.040867,111000,232.784,2.309,step111000,99263b59791b7f99c336c732308d25cc44a35332,matched_unique,published_pile_component_weights_v1,"published Pile component weights; static corpus-level candidate, not measured token exposure",0.089600,0.061200,0.003000,0.144000,0.015300,0.012400,0.075900,0.003800,0.051300,0.001400,0.021700,0.181100,0.008800,0.007300,0.006200,0.030700,0.036500,0.249800
585,EleutherAI/pythia-1b,1.040867,112000,234.881,2.3081,step112000,8d1a7cf23cf6fac6615426d624a518106aedf4ba,matched_unique,published_pile_component_weights_v1,"published Pile component weights; static corpus-level candidate, not measured token exposure",0.089600,0.061200,0.003000,0.144000,0.015300,0.012400,0.075900,0.003800,0.051300,0.001400,0.021700,0.181100,0.008800,0.007300,0.006200,0.030700,0.036500,0.249800
586,EleutherAI/pythia-1b,1.040867,113000,236.978,2.3075,step113000,64496adc213cb687a8ad0d11cab3ee38cfccda03,matched_unique,published_pile_component_weights_v1,"published Pile component weights; static corpus-level candidate, not measured token exposure",0.089600,0.061200,0.003000,0.144000,0.015300,0.012400,0.075900,0.003800,0.051300,0.001400,0.021700,0.181100,0.008800,0.007300,0.006200,0.030700,0.036500,0.249800
587,EleutherAI/pythia-1b,1.040867,114000,239.075,2.3068,step114000,39ecf091622f33d922114c1924dbefa92388f6cf,matched_unique,published_pile_component_weights_v1,"published Pile component weights; static corpus-level candidate, not measured token exposure",0.089600,0.061200,0.003000,0.144000,0.015300,0.012400,0.075900,0.003800,0.051300,0.001400,0.021700,0.181100,0.008800,0.007300,0.006200,0.030700,0.036500,0.249800
588,EleutherAI/pythia-1b,1.040867,115000,241.172,2.3061,step115000,6395e1ecc7515641acb19de542d30504342b4f2a,matched_unique,published_pile_component_weights_v1,"published Pile component weights; static corpus-level candidate, not measured token exposure",0.089600,0.061200,0.003000,0.144000,0.015300,0.012400,0.075900,0.003800,0.051300,0.001400,0.021700,0.181100,0.008800,0.007300,0.006200,0.030700,0.036500,0.249800
589,EleutherAI/pythia-1b,1.040867,116000,243.27,2.3056,step116000,26921ded7f97b7fd684cbf8065fe2b0bde2f095f,matched_unique,published_pile_component_weights_v1,"published Pile component weights; static corpus-level candidate, not measured token exposure",0.089600,0.061200,0.003000,0.144000,0.015300,0.012400,0.075900,0.003800,0.051300,0.001400,0.021700,0.181100,0.008800,0.007300,0.006200,0.030700,0.036500,0.249800
590,EleutherAI/pythia-1b,1.040867,117000,245.367,2.3048,step117000,1bc8690c43a57b5dd8990f86d26fc30ebce89e65,matched_unique,published_pile_component_weights_v1,"published Pile component weights; static corpus-level candidate, not measured token exposure",0.089600,0.061200,0.003000,0.144000,0.015300,0.012400,0.075900,0.003800,0.051300,0.001400,0.021700,0.181100,0.008800,0.007300,0.006200,0.030700,0.036500,0.249800
591,EleutherAI/pythia-1b,1.040867,118000,247.464,2.3042,step118000,5813b40e3ea922089362de695474e62eba979b13,matched_unique,published_pile_component_weights_v1,"published Pile component weights; static corpus-level candidate, not measured token exposure",0.089600,0.061200,0.003000,0.144000,0.015300,0.012400,0.075900,0.003800,0.051300,0.001400,0.021700,0.181100,0.008800,0.007300,0.006200,0.030700,0.036500,0.249800
592,EleutherAI/pythia-1b,1.040867,119000,249.561,2.3036,step119000,816ce5b6a390b338a775dce5006eeecd4292d086,matched_unique,published_pile_component_weights_v1,"published Pile component weights; static corpus-level candidate, not measured token exposure",0.089600,0.061200,0.003000,0.144000,0.015300,0.012400,0.075900,0.003800,0.051300,0.001400,0.021700,0.181100,0.008800,0.007300,0.006200,0.030700,0.036500,0.249800
593,EleutherAI/pythia-1b,1.040867,120000,251.658,2.303,step120000,1a4a69d7380a678ea2b5d135019781c757706c6c,matched_unique,published_pile_component_weights_v1,"published Pile component weights; static corpus-level candidate, not measured token exposure",0.089600,0.061200,0.003000,0.144000,0.015300,0.012400,0.075900,0.003800,0.051300,0.001400,0.021700,0.181100,0.008800,0.007300,0.006200,0.030700,0.036500,0.249800
594,EleutherAI/pythia-1b,1.040867,121000,253.755,2.3024,step121000,fcb2ea1204d852527ef17e743e99f16bdb38a9ff,matched_unique,published_pile_component_weights_v1,"published Pile component weights; static corpus-level candidate, not measured token exposure",0.089600,0.061200,0.003000,0.144000,0.015300,0.012400,0.075900,0.003800,0.051300,0.001400,0.021700,0.181100,0.008800,0.007300,0.006200,0.030700,0.036500,0.249800
595,EleutherAI/pythia-1b,1.040867,122000,255.853,2.3019,step122000,4c60f63e49db1225061883786b65c698229d3094,matched_unique,published_pile_component_weights_v1,"published Pile component weights; static corpus-level candidate, not measured token exposure",0.089600,0.061200,0.003000,0.144000,0.015300,0.012400,0.075900,0.003800,0.051300,0.001400,0.021700,0.181100,0.008800,0.007300,0.006200,0.030700,0.036500,0.249800
596,EleutherAI/pythia-1b,1.040867,123000,257.95,2.3011,step123000,f3860d84f5699b734c4354943e59f6d168b55e43,matched_unique,published_pile_component_weights_v1,"published Pile component weights; static corpus-level candidate, not measured token exposure",0.089600,0.061200,0.003000,0.144000,0.015300,0.012400,0.075900,0.003800,0.051300,0.001400,0.021700,0.181100,0.008800,0.007300,0.006200,0.030700,0.036500,0.249800
597,EleutherAI/pythia-1b,1.040867,124000,260.047,2.3005,step124000,2af05e777dff0be908dd9907f39fb9b3c0eeb5b7,matched_unique,published_pile_component_weights_v1,"published Pile component weights; static corpus-level candidate, not measured token exposure",0.089600,0.061200,0.003000,0.144000,0.015300,0.012400,0.075900,0.003800,0.051300,0.001400,0.021700,0.181100,0.008800,0.007300,0.006200,0.030700,0.036500,0.249800
598,EleutherAI/pythia-1b,1.040867,125000,262.144,2.2999,step125000,942ab5b31fa13b2f66735b5b4d91b661b9c2f3af,matched_unique,published_pile_component_weights_v1,"published Pile component weights; static corpus-level candidate, not measured token exposure",0.089600,0.061200,0.003000,0.144000,0.015300,0.012400,0.075900,0.003800,0.051300,0.001400,0.021700,0.181100,0.008800,0.007300,0.006200,0.030700,0.036500,0.249800
599,EleutherAI/pythia-1b,1.040867,126000,264.241,2.2994,step126000,53126fa2f288b95f2e2d6bacccb45b45cee805e5,matched_unique,published_pile_component_weights_v1,"published Pile component weights; static corpus-level candidate, not measured token exposure",0.089600,0.061200,0.003000,0.144000,0.015300,0.012400,0.075900,0.003800,0.051300,0.001400,0.021700,0.181100,0.008800,0.007300,0.006200,0.030700,0.036500,0.249800
600,EleutherAI/pythia-1b,1.040867,127000,266.338,2.2989,step127000,739b939b506110a4118fd5b09bd828fd8f8fd73e,matched_unique,published_pile_component_weights_v1,"published Pile component weights; static corpus-level candidate, not measured token exposure",0.089600,0.061200,0.003000,0.144000,0.015300,0.012400,0.075900,0.003800,0.051300,0.001400,0.021700,0.181100,0.008800,0.007300,0.006200,0.030700,0.036500,0.249800
601,EleutherAI/pythia-1b,1.040867,128000,268.435,2.2983,step128000,98d7db87a04f521d92ce7bea4031bb8b02117c2c,matched_unique,published_pile_component_weights_v1,"published Pile component weights; static corpus-level candidate, not measured token exposure",0.089600,0.061200,0.003000,0.144000,0.015300,0.012400,0.075900,0.003800,0.051300,0.001400,0.021700,0.181100,0.008800,0.007300,0.006200,0.030700,0.036500,0.249800
602,EleutherAI/pythia-1b,1.040867,129000,270.533,2.2976,step129000,97edce5c7de416dc1311008b66a631eda1799ddd,matched_unique,published_pile_component_weights_v1,"published Pile component weights; static corpus-level candidate, not measured token exposure",0.089600,0.061200,0.003000,0.144000,0.015300,0.012400,0.075900,0.003800,0.051300,0.001400,0.021700,0.181100,0.008800,0.007300,0.006200,0.030700,0.036500,0.249800
603,EleutherAI/pythia-1b,1.040867,130000,272.63,2.2972,step130000,1abaa6394fde5fb42fa93f5cab6dcc5d40db5902,matched_unique,published_pile_component_weights_v1,"published Pile component weights; static corpus-level candidate, not measured token exposure",0.089600,0.061200,0.003000,0.144000,0.015300,0.012400,0.075900,0.003800,0.051300,0.001400,0.021700,0.181100,0.008800,0.007300,0.006200,0.030700,0.036500,0.249800
604,EleutherAI/pythia-1b,1.040867,131000,274.727,2.2967,step131000,b1d7d6789e2b5432ad6c1825bbad96577d844118,matched_unique,published_pile_component_weights_v1,"published Pile component weights; static corpus-level candidate, not measured token exposure",0.089600,0.061200,0.003000,0.144000,0.015300,0.012400,0.075900,0.003800,0.051300,0.001400,0.021700,0.181100,0.008800,0.007300,0.006200,0.030700,0.036500,0.249800
605,EleutherAI/pythia-1b,1.040867,132000,276.824,2.2961,step132000,31d283cf2331671ff756da7f836970453c5d9c1a,matched_unique,published_pile_component_weights_v1,"published Pile component weights; static corpus-level candidate, not measured token exposure",0.089600,0.061200,0.003000,0.144000,0.015300,0.012400,0.075900,0.003800,0.051300,0.001400,0.021700,0.181100,0.008800,0.007300,0.006200,0.030700,0.036500,0.249800
606,EleutherAI/pythia-1b,1.040867,133000,278.921,2.2957,step133000,e7268c06f9601a81af758f821d84c5cbc5e6927b,matched_unique,published_pile_component_weights_v1,"published Pile component weights; static corpus-level candidate, not measured token exposure",0.089600,0.061200,0.003000,0.144000,0.015300,0.012400,0.075900,0.003800,0.051300,0.001400,0.021700,0.181100,0.008800,0.007300,0.006200,0.030700,0.036500,0.249800
607,EleutherAI/pythia-1b,1.040867,134000,281.018,2.2949,step134000,9b02d1f7c3062f629e50f8c6bd7dd388c338bd28,matched_unique,published_pile_component_weights_v1,"published Pile component weights; static corpus-level candidate, not measured token exposure",0.089600,0.061200,0.003000,0.144000,0.015300,0.012400,0.075900,0.003800,0.051300,0.001400,0.021700,0.181100,0.008800,0.007300,0.006200,0.030700,0.036500,0.249800
608,EleutherAI/pythia-1b,1.040867,135000,283.116,2.2943,step135000,ec557a5dfc447f6f631fe0e5681445c2f6cc92e9,matched_unique,published_pile_component_weights_v1,"published Pile component weights; static corpus-level candidate, not measured token exposure",0.089600,0.061200,0.003000,0.144000,0.015300,0.012400,0.075900,0.003800,0.051300,0.001400,0.021700,0.181100,0.008800,0.007300,0.006200,0.030700,0.036500,0.249800
609,EleutherAI/pythia-1b,1.040867,136000,285.213,2.2937,step136000,cdecdb526f47373406432cfd82d112f5c8bcaa73,matched_unique,published_pile_component_weights_v1,"published Pile component weights; static corpus-level candidate, not measured token exposure",0.089600,0.061200,0.003000,0.144000,0.015300,0.012400,0.075900,0.003800,0.051300,0.001400,0.021700,0.181100,0.008800,0.007300,0.006200,0.030700,0.036500,0.249800
610,EleutherAI/pythia-1b,1.040867,137000,287.31,2.2935,step137000,51daf72c8a1fce7c1e568d5899cba2b811a2a146,matched_unique,published_pile_component_weights_v1,"published Pile component weights; static corpus-level candidate, not measured token exposure",0.089600,0.061200,0.003000,0.144000,0.015300,0.012400,0.075900,0.003800,0.051300,0.001400,0.021700,0.181100,0.008800,0.007300,0.006200,0.030700,0.036500,0.249800
611,EleutherAI/pythia-1b,1.040867,138000,289.407,2.2929,step138000,7ce8100b5e7863969d251f1ad61239116ee4985b,matched_unique,published_pile_component_weights_v1,"published Pile component weights; static corpus-level candidate, not measured token exposure",0.089600,0.061200,0.003000,0.144000,0.015300,0.012400,0.075900,0.003800,0.051300,0.001400,0.021700,0.181100,0.008800,0.007300,0.006200,0.030700,0.036500,0.249800
612,EleutherAI/pythia-1b,1.040867,139000,291.504,2.2923,step139000,ae641260a4c36b72edee43980968a17b1ce73c86,matched_unique,published_pile_component_weights_v1,"published Pile component weights; static corpus-level candidate, not measured token exposure",0.089600,0.061200,0.003000,0.144000,0.015300,0.012400,0.075900,0.003800,0.051300,0.001400,0.021700,0.181100,0.008800,0.007300,0.006200,0.030700,0.036500,0.249800
613,EleutherAI/pythia-1b,1.040867,140000,293.601,2.2919,step140000,47eac5a4f1050754ac3204276e58a902aa8bf187,matched_unique,published_pile_component_weights_v1,"published Pile component weights; static corpus-level candidate, not measured token exposure",0.089600,0.061200,0.003000,0.144000,0.015300,0.012400,0.075900,0.003800,0.051300,0.001400,0.021700,0.181100,0.008800,0.007300,0.006200,0.030700,0.036500,0.249800
614,EleutherAI/pythia-1b,1.040867,141000,295.698,2.2912,step141000,8394b0deebe3b66550e6df0d89728166857c2a37,matched_unique,published_pile_component_weights_v1,"published Pile component weights; static corpus-level candidate, not measured token exposure",0.089600,0.061200,0.003000,0.144000,0.015300,0.012400,0.075900,0.003800,0.051300,0.001400,0.021700,0.181100,0.008800,0.007300,0.006200,0.030700,0.036500,0.249800
615,EleutherAI/pythia-1b,1.040867,142000,297.796,2.2911,step142000,115c49f54c9cdf1d33c104f11d612ee6ad82c023,matched_unique,published_pile_component_weights_v1,"published Pile component weights; static corpus-level candidate, not measured token exposure",0.089600,0.061200,0.003000,0.144000,0.015300,0.012400,0.075900,0.003800,0.051300,0.001400,0.021700,0.181100,0.008800,0.007300,0.006200,0.030700,0.036500,0.249800
616,EleutherAI/pythia-1b,1.040867,143000,299.893,2.2904,step143000,c0fea4b917615c60370c0aeb76877f18fef30ab3,matched_unique,published_pile_component_weights_v1,"published Pile component weights; static corpus-level candidate, not measured token exposure",0.089600,0.061200,0.003000,0.144000,0.015300,0.012400,0.075900,0.003800,0.051300,0.001400,0.021700,0.181100,0.008800,0.007300,0.006200,0.030700,0.036500,0.249800
624,EleutherAI/pythia-1.4b,1.416184,64,0.134,4.1816,step64,b41b757a3d749cbfb9558e1ea46676a4f15afc01,matched_unique,published_pile_component_weights_v1,"published Pile component weights; static corpus-level candidate, not measured token exposure",0.089600,0.061200,0.003000,0.144000,0.015300,0.012400,0.075900,0.003800,0.051300,0.001400,0.021700,0.181100,0.008800,0.007300,0.006200,0.030700,0.036500,0.249800
625,EleutherAI/pythia-1.4b,1.416184,128,0.268,3.7976,step128,9a5e4ba9ae5d81dbaa5c44edeb64f4cb9d2feb8e,matched_unique,published_pile_component_weights_v1,"published Pile component weights; static corpus-level candidate, not measured token exposure",0.089600,0.061200,0.003000,0.144000,0.015300,0.012400,0.075900,0.003800,0.051300,0.001400,0.021700,0.181100,0.008800,0.007300,0.006200,0.030700,0.036500,0.249800
626,EleutherAI/pythia-1.4b,1.416184,256,0.537,3.4805,step256,2ab90f690dd8ef9c52c061c0f43b584ac56b4430,matched_unique,published_pile_component_weights_v1,"published Pile component weights; static corpus-level candidate, not measured token exposure",0.089600,0.061200,0.003000,0.144000,0.015300,0.012400,0.075900,0.003800,0.051300,0.001400,0.021700,0.181100,0.008800,0.007300,0.006200,0.030700,0.036500,0.249800
627,EleutherAI/pythia-1.4b,1.416184,512,1.074,3.22,step512,c42605265af8e9c36dd9a93bd4be04b73111d886,matched_unique,published_pile_component_weights_v1,"published Pile component weights; static corpus-level candidate, not measured token exposure",0.089600,0.061200,0.003000,0.144000,0.015300,0.012400,0.075900,0.003800,0.051300,0.001400,0.021700,0.181100,0.008800,0.007300,0.006200,0.030700,0.036500,0.249800
628,EleutherAI/pythia-1.4b,1.416184,1000,2.097,3.0125,step1000,4ccfb66b5ff79d332c69d5182d88d8de8b3441d3,matched_unique,published_pile_component_weights_v1,"published Pile component weights; static corpus-level candidate, not measured token exposure",0.089600,0.061200,0.003000,0.144000,0.015300,0.012400,0.075900,0.003800,0.051300,0.001400,0.021700,0.181100,0.008800,0.007300,0.006200,0.030700,0.036500,0.249800
629,EleutherAI/pythia-1.4b,1.416184,2000,4.194,2.8347,step2000,e12c050231d0990e07cdfa54506cb1e69a9657e4,matched_unique,published_pile_component_weights_v1,"published Pile component weights; static corpus-level candidate, not measured token exposure",0.089600,0.061200,0.003000,0.144000,0.015300,0.012400,0.075900,0.003800,0.051300,0.001400,0.021700,0.181100,0.008800,0.007300,0.006200,0.030700,0.036500,0.249800
630,EleutherAI/pythia-1.4b,1.416184,3000,6.291,2.7458,step3000,05a37d54b83707bc973d036a597961e68cd22415,matched_unique,published_pile_component_weights_v1,"published Pile component weights; static corpus-level candidate, not measured token exposure",0.089600,0.061200,0.003000,0.144000,0.015300,0.012400,0.075900,0.003800,0.051300,0.001400,0.021700,0.181100,0.008800,0.007300,0.006200,0.030700,0.036500,0.249800
631,EleutherAI/pythia-1.4b,1.416184,4000,8.389,2.6879,step4000,e27c7a8944677b79afa3da836d8be00346511c9f,matched_unique,published_pile_component_weights_v1,"published Pile component weights; static corpus-level candidate, not measured token exposure",0.089600,0.061200,0.003000,0.144000,0.015300,0.012400,0.075900,0.003800,0.051300,0.001400,0.021700,0.181100,0.008800,0.007300,0.006200,0.030700,0.036500,0.249800
632,EleutherAI/pythia-1.4b,1.416184,5000,10.486,2.6471,step5000,7ca9aa97a395d64d70a41dd4f9b7bc7a806a6ba3,matched_unique,published_pile_component_weights_v1,"published Pile component weights; static corpus-level candidate, not measured token exposure",0.089600,0.061200,0.003000,0.144000,0.015300,0.012400,0.075900,0.003800,0.051300,0.001400,0.021700,0.181100,0.008800,0.007300,0.006200,0.030700,0.036500,0.249800
633,EleutherAI/pythia-1.4b,1.416184,6000,12.583,2.6148,step6000,fb7b931345f1f1b8b30cce8c9d25e4e0c6d7dfde,matched_unique,published_pile_component_weights_v1,"published Pile component weights; static corpus-level candidate, not measured token exposure",0.089600,0.061200,0.003000,0.144000,0.015300,0.012400,0.075900,0.003800,0.051300,0.001400,0.021700,0.181100,0.008800,0.007300,0.006200,0.030700,0.036500,0.249800
634,EleutherAI/pythia-1.4b,1.416184,7000,14.68,2.589,step7000,883d01dd632bf5e914556c5471d15cbb95a6e173,matched_unique,published_pile_component_weights_v1,"published Pile component weights; static corpus-level candidate, not measured token exposure",0.089600,0.061200,0.003000,0.144000,0.015300,0.012400,0.075900,0.003800,0.051300,0.001400,0.021700,0.181100,0.008800,0.007300,0.006200,0.030700,0.036500,0.249800
635,EleutherAI/pythia-1.4b,1.416184,8000,16.777,2.5674,step8000,772eca29f926856669a401fc662cc199f04352ce,matched_unique,published_pile_component_weights_v1,"published Pile component weights; static corpus-level candidate, not measured token exposure",0.089600,0.061200,0.003000,0.144000,0.015300,0.012400,0.075900,0.003800,0.051300,0.001400,0.021700,0.181100,0.008800,0.007300,0.006200,0.030700,0.036500,0.249800
636,EleutherAI/pythia-1.4b,1.416184,9000,18.874,2.5491,step9000,9ebae48f0fbe03736ec40b238ab08b4519fe5202,matched_unique,published_pile_component_weights_v1,"published Pile component weights; static corpus-level candidate, not measured token exposure",0.089600,0.061200,0.003000,0.144000,0.015300,0.012400,0.075900,0.003800,0.051300,0.001400,0.021700,0.181100,0.008800,0.007300,0.006200,0.030700,0.036500,0.249800
637,EleutherAI/pythia-1.4b,1.416184,10000,20.972,2.5336,step10000,31e142a47cce40baebba69ab40e7612409e4ce40,matched_unique,published_pile_component_weights_v1,"published Pile component weights; static corpus-level candidate, not measured token exposure",0.089600,0.061200,0.003000,0.144000,0.015300,0.012400,0.075900,0.003800,0.051300,0.001400,0.021700,0.181100,0.008800,0.007300,0.006200,0.030700,0.036500,0.249800
638,EleutherAI/pythia-1.4b,1.416184,11000,23.069,2.5196,step11000,88bad873ba0262d2e271e6772a7800d39ea84f23,matched_unique,published_pile_component_weights_v1,"published Pile component weights; static corpus-level candidate, not measured token exposure",0.089600,0.061200,0.003000,0.144000,0.015300,0.012400,0.075900,0.003800,0.051300,0.001400,0.021700,0.181100,0.008800,0.007300,0.006200,0.030700,0.036500,0.249800
639,EleutherAI/pythia-1.4b,1.416184,12000,25.166,2.507,step12000,90452fe75ada9294a4c283c5cc99979464ae6d1a,matched_unique,published_pile_component_weights_v1,"published Pile component weights; static corpus-level candidate, not measured token exposure",0.089600,0.061200,0.003000,0.144000,0.015300,0.012400,0.075900,0.003800,0.051300,0.001400,0.021700,0.181100,0.008800,0.007300,0.006200,0.030700,0.036500,0.249800
640,EleutherAI/pythia-1.4b,1.416184,13000,27.263,2.4958,step13000,e734b0b5fc3732ef1372f5b35fa531459959ad63,matched_unique,published_pile_component_weights_v1,"published Pile component weights; static corpus-level candidate, not measured token exposure",0.089600,0.061200,0.003000,0.144000,0.015300,0.012400,0.075900,0.003800,0.051300,0.001400,0.021700,0.181100,0.008800,0.007300,0.006200,0.030700,0.036500,0.249800
641,EleutherAI/pythia-1.4b,1.416184,14000,29.36,2.4859,step14000,5178dde4f9d7688a3d87abca91e1b319040edf96,matched_unique,published_pile_component_weights_v1,"published Pile component weights; static corpus-level candidate, not measured token exposure",0.089600,0.061200,0.003000,0.144000,0.015300,0.012400,0.075900,0.003800,0.051300,0.001400,0.021700,0.181100,0.008800,0.007300,0.006200,0.030700,0.036500,0.249800
642,EleutherAI/pythia-1.4b,1.416184,15000,31.457,2.4769,step15000,309b8d8cba0e2f625a098a06b39b5ecd7290075b,matched_unique,published_pile_component_weights_v1,"published Pile component weights; static corpus-level candidate, not measured token exposure",0.089600,0.061200,0.003000,0.144000,0.015300,0.012400,0.075900,0.003800,0.051300,0.001400,0.021700,0.181100,0.008800,0.007300,0.006200,0.030700,0.036500,0.249800
643,EleutherAI/pythia-1.4b,1.416184,16000,33.554,2.4682,step16000,7227add89b788c09c721b976969beb64fa71d10c,matched_unique,published_pile_component_weights_v1,"published Pile component weights; static corpus-level candidate, not measured token exposure",0.089600,0.061200,0.003000,0.144000,0.015300,0.012400,0.075900,0.003800,0.051300,0.001400,0.021700,0.181100,0.008800,0.007300,0.006200,0.030700,0.036500,0.249800
644,EleutherAI/pythia-1.4b,1.416184,17000,35.652,2.4602,step17000,c3a0574ba365307fed5432bf6308f6b04792c5b3,matched_unique,published_pile_component_weights_v1,"published Pile component weights; static corpus-level candidate, not measured token exposure",0.089600,0.061200,0.003000,0.144000,0.015300,0.012400,0.075900,0.003800,0.051300,0.001400,0.021700,0.181100,0.008800,0.007300,0.006200,0.030700,0.036500,0.249800
645,EleutherAI/pythia-1.4b,1.416184,18000,37.749,2.4532,step18000,df0dae3634645b53cbbe044ef4e7fd478e29c4f5,matched_unique,published_pile_component_weights_v1,"published Pile component weights; static corpus-level candidate, not measured token exposure",0.089600,0.061200,0.003000,0.144000,0.015300,0.012400,0.075900,0.003800,0.051300,0.001400,0.021700,0.181100,0.008800,0.007300,0.006200,0.030700,0.036500,0.249800
646,EleutherAI/pythia-1.4b,1.416184,19000,39.846,2.4464,step19000,c36825d457f99ba3e99caf2e683cb495d9f7d7b9,matched_unique,published_pile_component_weights_v1,"published Pile component weights; static corpus-level candidate, not measured token exposure",0.089600,0.061200,0.003000,0.144000,0.015300,0.012400,0.075900,0.003800,0.051300,0.001400,0.021700,0.181100,0.008800,0.007300,0.006200,0.030700,0.036500,0.249800
647,EleutherAI/pythia-1.4b,1.416184,20000,41.943,2.4398,step20000,540cdfcdd0deea8c6e16b07e6eeac81bea78edee,matched_unique,published_pile_component_weights_v1,"published Pile component weights; static corpus-level candidate, not measured token exposure",0.089600,0.061200,0.003000,0.144000,0.015300,0.012400,0.075900,0.003800,0.051300,0.001400,0.021700,0.181100,0.008800,0.007300,0.006200,0.030700,0.036500,0.249800
648,EleutherAI/pythia-1.4b,1.416184,21000,44.04,2.4342,step21000,fa192bb92df7f2e236f6d435061086c598aab153,matched_unique,published_pile_component_weights_v1,"published Pile component weights; static corpus-level candidate, not measured token exposure",0.089600,0.061200,0.003000,0.144000,0.015300,0.012400,0.075900,0.003800,0.051300,0.001400,0.021700,0.181100,0.008800,0.007300,0.006200,0.030700,0.036500,0.249800
649,EleutherAI/pythia-1.4b,1.416184,22000,46.137,2.4287,step22000,5af5e264486d828d62419dee1021ed82030e1173,matched_unique,published_pile_component_weights_v1,"published Pile component weights; static corpus-level candidate, not measured token exposure",0.089600,0.061200,0.003000,0.144000,0.015300,0.012400,0.075900,0.003800,0.051300,0.001400,0.021700,0.181100,0.008800,0.007300,0.006200,0.030700,0.036500,0.249800
650,EleutherAI/pythia-1.4b,1.416184,23000,48.234,2.4235,step23000,50203aa4af0ad116d434d9ed953b603ed90db371,matched_unique,published_pile_component_weights_v1,"published Pile component weights; static corpus-level candidate, not measured token exposure",0.089600,0.061200,0.003000,0.144000,0.015300,0.012400,0.075900,0.003800,0.051300,0.001400,0.021700,0.181100,0.008800,0.007300,0.006200,0.030700,0.036500,0.249800
651,EleutherAI/pythia-1.4b,1.416184,24000,50.332,2.4187,step24000,48ffc9909962402c6c610f6160dbacf5922e5846,matched_unique,published_pile_component_weights_v1,"published Pile component weights; static corpus-level candidate, not measured token exposure",0.089600,0.061200,0.003000,0.144000,0.015300,0.012400,0.075900,0.003800,0.051300,0.001400,0.021700,0.181100,0.008800,0.007300,0.006200,0.030700,0.036500,0.249800
652,EleutherAI/pythia-1.4b,1.416184,25000,52.429,2.4139,step25000,d8b68fa999932fa0d205b1c9b2f6a02b84b4cba2,matched_unique,published_pile_component_weights_v1,"published Pile component weights; static corpus-level candidate, not measured token exposure",0.089600,0.061200,0.003000,0.144000,0.015300,0.012400,0.075900,0.003800,0.051300,0.001400,0.021700,0.181100,0.008800,0.007300,0.006200,0.030700,0.036500,0.249800
653,EleutherAI/pythia-1.4b,1.416184,26000,54.526,2.4093,step26000,f0643827079838a2ead745bcb9fe959c5ca7b13d,matched_unique,published_pile_component_weights_v1,"published Pile component weights; static corpus-level candidate, not measured token exposure",0.089600,0.061200,0.003000,0.144000,0.015300,0.012400,0.075900,0.003800,0.051300,0.001400,0.021700,0.181100,0.008800,0.007300,0.006200,0.030700,0.036500,0.249800
654,EleutherAI/pythia-1.4b,1.416184,27000,56.623,2.4049,step27000,fcefb7f289db0f6cc4a1dfd94a54cf3fa0e6480c,matched_unique,published_pile_component_weights_v1,"published Pile component weights; static corpus-level candidate, not measured token exposure",0.089600,0.061200,0.003000,0.144000,0.015300,0.012400,0.075900,0.003800,0.051300,0.001400,0.021700,0.181100,0.008800,0.007300,0.006200,0.030700,0.036500,0.249800
655,EleutherAI/pythia-1.4b,1.416184,28000,58.72,2.4013,step28000,c69e2a0df7149fc19206d1f4cd63f0ed937197b8,matched_unique,published_pile_component_weights_v1,"published Pile component weights; static corpus-level candidate, not measured token exposure",0.089600,0.061200,0.003000,0.144000,0.015300,0.012400,0.075900,0.003800,0.051300,0.001400,0.021700,0.181100,0.008800,0.007300,0.006200,0.030700,0.036500,0.249800
656,EleutherAI/pythia-1.4b,1.416184,29000,60.817,2.3971,step29000,e14c91068a86da0f89b8ab7c0210e52396279ad1,matched_unique,published_pile_component_weights_v1,"published Pile component weights; static corpus-level candidate, not measured token exposure",0.089600,0.061200,0.003000,0.144000,0.015300,0.012400,0.075900,0.003800,0.051300,0.001400,0.021700,0.181100,0.008800,0.007300,0.006200,0.030700,0.036500,0.249800
657,EleutherAI/pythia-1.4b,1.416184,30000,62.915,2.3934,step30000,f4a101a9109cb728c7ba9859e8936743cb003899,matched_unique,published_pile_component_weights_v1,"published Pile component weights; static corpus-level candidate, not measured token exposure",0.089600,0.061200,0.003000,0.144000,0.015300,0.012400,0.075900,0.003800,0.051300,0.001400,0.021700,0.181100,0.008800,0.007300,0.006200,0.030700,0.036500,0.249800
658,EleutherAI/pythia-1.4b,1.416184,31000,65.012,2.3898,step31000,47db36db052211cc3712da409867cd61e151c7f8,matched_unique,published_pile_component_weights_v1,"published Pile component weights; static corpus-level candidate, not measured token exposure",0.089600,0.061200,0.003000,0.144000,0.015300,0.012400,0.075900,0.003800,0.051300,0.001400,0.021700,0.181100,0.008800,0.007300,0.006200,0.030700,0.036500,0.249800
659,EleutherAI/pythia-1.4b,1.416184,32000,67.109,2.3865,step32000,4d615cf6cea07d28784f3b6e47ef6e2b03d97be2,matched_unique,published_pile_component_weights_v1,"published Pile component weights; static corpus-level candidate, not measured token exposure",0.089600,0.061200,0.003000,0.144000,0.015300,0.012400,0.075900,0.003800,0.051300,0.001400,0.021700,0.181100,0.008800,0.007300,0.006200,0.030700,0.036500,0.249800
660,EleutherAI/pythia-1.4b,1.416184,33000,69.206,2.3831,step33000,e3011be995d24321eb18d4153d9fcf6b56495b1f,matched_unique,published_pile_component_weights_v1,"published Pile component weights; static corpus-level candidate, not measured token exposure",0.089600,0.061200,0.003000,0.144000,0.015300,0.012400,0.075900,0.003800,0.051300,0.001400,0.021700,0.181100,0.008800,0.007300,0.006200,0.030700,0.036500,0.249800
661,EleutherAI/pythia-1.4b,1.416184,34000,71.303,2.3799,step34000,f6aaf103b3cd698a3a1f28a290be86bcc2c082fb,matched_unique,published_pile_component_weights_v1,"published Pile component weights; static corpus-level candidate, not measured token exposure",0.089600,0.061200,0.003000,0.144000,0.015300,0.012400,0.075900,0.003800,0.051300,0.001400,0.021700,0.181100,0.008800,0.007300,0.006200,0.030700,0.036500,0.249800
662,EleutherAI/pythia-1.4b,1.416184,35000,73.4,2.3769,step35000,ca2b4b67a799e0a2173b6087ffd06db457c3af3b,matched_unique,published_pile_component_weights_v1,"published Pile component weights; static corpus-level candidate, not measured token exposure",0.089600,0.061200,0.003000,0.144000,0.015300,0.012400,0.075900,0.003800,0.051300,0.001400,0.021700,0.181100,0.008800,0.007300,0.006200,0.030700,0.036500,0.249800
663,EleutherAI/pythia-1.4b,1.416184,36000,75.497,2.374,step36000,c05e6e8a31f8c9323ed8e6318b7139338ee4e972,matched_unique,published_pile_component_weights_v1,"published Pile component weights; static corpus-level candidate, not measured token exposure",0.089600,0.061200,0.003000,0.144000,0.015300,0.012400,0.075900,0.003800,0.051300,0.001400,0.021700,0.181100,0.008800,0.007300,0.006200,0.030700,0.036500,0.249800
664,EleutherAI/pythia-1.4b,1.416184,37000,77.595,2.3712,step37000,cd7c5eeac2d4dc7c6efcb87bed94ed014a8f3c0c,matched_unique,published_pile_component_weights_v1,"published Pile component weights; static corpus-level candidate, not measured token exposure",0.089600,0.061200,0.003000,0.144000,0.015300,0.012400,0.075900,0.003800,0.051300,0.001400,0.021700,0.181100,0.008800,0.007300,0.006200,0.030700,0.036500,0.249800
665,EleutherAI/pythia-1.4b,1.416184,38000,79.692,2.3684,step38000,3094ff0480973bb774bb52f444cae73a8740dde8,matched_unique,published_pile_component_weights_v1,"published Pile component weights; static corpus-level candidate, not measured token exposure",0.089600,0.061200,0.003000,0.144000,0.015300,0.012400,0.075900,0.003800,0.051300,0.001400,0.021700,0.181100,0.008800,0.007300,0.006200,0.030700,0.036500,0.249800
666,EleutherAI/pythia-1.4b,1.416184,39000,81.789,2.3659,step39000,238e5ffa3a1aed6c12450cce6f9e0ca7cf538d07,matched_unique,published_pile_component_weights_v1,"published Pile component weights; static corpus-level candidate, not measured token exposure",0.089600,0.061200,0.003000,0.144000,0.015300,0.012400,0.075900,0.003800,0.051300,0.001400,0.021700,0.181100,0.008800,0.007300,0.006200,0.030700,0.036500,0.249800
667,EleutherAI/pythia-1.4b,1.416184,40000,83.886,2.3633,step40000,9beba9b245e61812d749ec7440c5d8d4f333febe,matched_unique,published_pile_component_weights_v1,"published Pile component weights; static corpus-level candidate, not measured token exposure",0.089600,0.061200,0.003000,0.144000,0.015300,0.012400,0.075900,0.003800,0.051300,0.001400,0.021700,0.181100,0.008800,0.007300,0.006200,0.030700,0.036500,0.249800
668,EleutherAI/pythia-1.4b,1.416184,41000,85.983,2.361,step41000,bd74f21cfa5734139e207d7386782ba9ba8dccfb,matched_unique,published_pile_component_weights_v1,"published Pile component weights; static corpus-level candidate, not measured token exposure",0.089600,0.061200,0.003000,0.144000,0.015300,0.012400,0.075900,0.003800,0.051300,0.001400,0.021700,0.181100,0.008800,0.007300,0.006200,0.030700,0.036500,0.249800
669,EleutherAI/pythia-1.4b,1.416184,42000,88.08,2.3581,step42000,a7b7f12461bf8b8bbfed2e3245194f301f1ba076,matched_unique,published_pile_component_weights_v1,"published Pile component weights; static corpus-level candidate, not measured token exposure",0.089600,0.061200,0.003000,0.144000,0.015300,0.012400,0.075900,0.003800,0.051300,0.001400,0.021700,0.181100,0.008800,0.007300,0.006200,0.030700,0.036500,0.249800
670,EleutherAI/pythia-1.4b,1.416184,43000,90.178,2.3562,step43000,f3d6509f9e42763b286a432a54328f9a75d5a631,matched_unique,published_pile_component_weights_v1,"published Pile component weights; static corpus-level candidate, not measured token exposure",0.089600,0.061200,0.003000,0.144000,0.015300,0.012400,0.075900,0.003800,0.051300,0.001400,0.021700,0.181100,0.008800,0.007300,0.006200,0.030700,0.036500,0.249800
671,EleutherAI/pythia-1.4b,1.416184,44000,92.275,2.354,step44000,721e4ce78ac39929afe99f5e5d7f7a813d96f061,matched_unique,published_pile_component_weights_v1,"published Pile component weights; static corpus-level candidate, not measured token exposure",0.089600,0.061200,0.003000,0.144000,0.015300,0.012400,0.075900,0.003800,0.051300,0.001400,0.021700,0.181100,0.008800,0.007300,0.006200,0.030700,0.036500,0.249800
672,EleutherAI/pythia-1.4b,1.416184,45000,94.372,2.3514,step45000,d4270a9350667ef9ce4068c704fc7e5f8e6ef4a9,matched_unique,published_pile_component_weights_v1,"published Pile component weights; static corpus-level candidate, not measured token exposure",0.089600,0.061200,0.003000,0.144000,0.015300,0.012400,0.075900,0.003800,0.051300,0.001400,0.021700,0.181100,0.008800,0.007300,0.006200,0.030700,0.036500,0.249800
673,EleutherAI/pythia-1.4b,1.416184,46000,96.469,2.3495,step46000,002058b64064db38097d1e845fde9f525d235b9c,matched_unique,published_pile_component_weights_v1,"published Pile component weights; static corpus-level candidate, not measured token exposure",0.089600,0.061200,0.003000,0.144000,0.015300,0.012400,0.075900,0.003800,0.051300,0.001400,0.021700,0.181100,0.008800,0.007300,0.006200,0.030700,0.036500,0.249800
674,EleutherAI/pythia-1.4b,1.416184,47000,98.566,2.3474,step47000,28179af1d3bc993097a3ac7e177c577d0b1e6065,matched_unique,published_pile_component_weights_v1,"published Pile component weights; static corpus-level candidate, not measured token exposure",0.089600,0.061200,0.003000,0.144000,0.015300,0.012400,0.075900,0.003800,0.051300,0.001400,0.021700,0.181100,0.008800,0.007300,0.006200,0.030700,0.036500,0.249800
675,EleutherAI/pythia-1.4b,1.416184,48000,100.663,2.3453,step48000,b5d0b1087924508e674b87f0ffadbcaf4d096b99,matched_unique,published_pile_component_weights_v1,"published Pile component weights; static corpus-level candidate, not measured token exposure",0.089600,0.061200,0.003000,0.144000,0.015300,0.012400,0.075900,0.003800,0.051300,0.001400,0.021700,0.181100,0.008800,0.007300,0.006200,0.030700,0.036500,0.249800
676,EleutherAI/pythia-1.4b,1.416184,49000,102.76,2.3434,step49000,784ef263b090a91eb8c96f4fb8d7fa2e6f4dd267,matched_unique,published_pile_component_weights_v1,"published Pile component weights; static corpus-level candidate, not measured token exposure",0.089600,0.061200,0.003000,0.144000,0.015300,0.012400,0.075900,0.003800,0.051300,0.001400,0.021700,0.181100,0.008800,0.007300,0.006200,0.030700,0.036500,0.249800
677,EleutherAI/pythia-1.4b,1.416184,50000,104.858,2.3414,step50000,80f3f0fae1bb97e8e1d9c8e2ff96d213c107eb0c,matched_unique,published_pile_component_weights_v1,"published Pile component weights; static corpus-level candidate, not measured token exposure",0.089600,0.061200,0.003000,0.144000,0.015300,0.012400,0.075900,0.003800,0.051300,0.001400,0.021700,0.181100,0.008800,0.007300,0.006200,0.030700,0.036500,0.249800
678,EleutherAI/pythia-1.4b,1.416184,51000,106.955,2.3399,step51000,8ac9d4cded67c10c584f3bf7a7a19bab71e990d4,matched_unique,published_pile_component_weights_v1,"published Pile component weights; static corpus-level candidate, not measured token exposure",0.089600,0.061200,0.003000,0.144000,0.015300,0.012400,0.075900,0.003800,0.051300,0.001400,0.021700,0.181100,0.008800,0.007300,0.006200,0.030700,0.036500,0.249800
679,EleutherAI/pythia-1.4b,1.416184,52000,109.052,2.338,step52000,8caee700688174c6a86979941a258b32348fbf13,matched_unique,published_pile_component_weights_v1,"published Pile component weights; static corpus-level candidate, not measured token exposure",0.089600,0.061200,0.003000,0.144000,0.015300,0.012400,0.075900,0.003800,0.051300,0.001400,0.021700,0.181100,0.008800,0.007300,0.006200,0.030700,0.036500,0.249800
680,EleutherAI/pythia-1.4b,1.416184,53000,111.149,2.3362,step53000,f035df876334cbcc693dbc277b6e08ff8a7fdab8,matched_unique,published_pile_component_weights_v1,"published Pile component weights; static corpus-level candidate, not measured token exposure",0.089600,0.061200,0.003000,0.144000,0.015300,0.012400,0.075900,0.003800,0.051300,0.001400,0.021700,0.181100,0.008800,0.007300,0.006200,0.030700,0.036500,0.249800
681,EleutherAI/pythia-1.4b,1.416184,54000,113.246,2.3345,step54000,e036f2e67e04ed2859da6419d3305587bc07d9dd,matched_unique,published_pile_component_weights_v1,"published Pile component weights; static corpus-level candidate, not measured token exposure",0.089600,0.061200,0.003000,0.144000,0.015300,0.012400,0.075900,0.003800,0.051300,0.001400,0.021700,0.181100,0.008800,0.007300,0.006200,0.030700,0.036500,0.249800
682,EleutherAI/pythia-1.4b,1.416184,55000,115.343,2.3326,step55000,a0234d8fa6e8d4433e9ab9baa8b91cfe124731e1,matched_unique,published_pile_component_weights_v1,"published Pile component weights; static corpus-level candidate, not measured token exposure",0.089600,0.061200,0.003000,0.144000,0.015300,0.012400,0.075900,0.003800,0.051300,0.001400,0.021700,0.181100,0.008800,0.007300,0.006200,0.030700,0.036500,0.249800
683,EleutherAI/pythia-1.4b,1.416184,56000,117.441,2.331,step56000,1f30058007b0ffd760fb2b8e0cb0703e540dcebe,matched_unique,published_pile_component_weights_v1,"published Pile component weights; static corpus-level candidate, not measured token exposure",0.089600,0.061200,0.003000,0.144000,0.015300,0.012400,0.075900,0.003800,0.051300,0.001400,0.021700,0.181100,0.008800,0.007300,0.006200,0.030700,0.036500,0.249800
684,EleutherAI/pythia-1.4b,1.416184,57000,119.538,2.3295,step57000,18076c27c3551b2bc5c261e24882b6008956aa4d,matched_unique,published_pile_component_weights_v1,"published Pile component weights; static corpus-level candidate, not measured token exposure",0.089600,0.061200,0.003000,0.144000,0.015300,0.012400,0.075900,0.003800,0.051300,0.001400,0.021700,0.181100,0.008800,0.007300,0.006200,0.030700,0.036500,0.249800
685,EleutherAI/pythia-1.4b,1.416184,58000,121.635,2.3277,step58000,c11e7d0e60d403e2d6b69d09e2488cb33c34667c,matched_unique,published_pile_component_weights_v1,"published Pile component weights; static corpus-level candidate, not measured token exposure",0.089600,0.061200,0.003000,0.144000,0.015300,0.012400,0.075900,0.003800,0.051300,0.001400,0.021700,0.181100,0.008800,0.007300,0.006200,0.030700,0.036500,0.249800
686,EleutherAI/pythia-1.4b,1.416184,59000,123.732,2.3264,step59000,c88e6089751aa8f3396dd04bafdf0bab442a5092,matched_unique,published_pile_component_weights_v1,"published Pile component weights; static corpus-level candidate, not measured token exposure",0.089600,0.061200,0.003000,0.144000,0.015300,0.012400,0.075900,0.003800,0.051300,0.001400,0.021700,0.181100,0.008800,0.007300,0.006200,0.030700,0.036500,0.249800
687,EleutherAI/pythia-1.4b,1.416184,60000,125.829,2.3248,step60000,7f3bc73836ed2f73a98d5cd296d199eab3671392,matched_unique,published_pile_component_weights_v1,"published Pile component weights; static corpus-level candidate, not measured token exposure",0.089600,0.061200,0.003000,0.144000,0.015300,0.012400,0.075900,0.003800,0.051300,0.001400,0.021700,0.181100,0.008800,0.007300,0.006200,0.030700,0.036500,0.249800
688,EleutherAI/pythia-1.4b,1.416184,61000,127.926,2.3233,step61000,83af4d3d5bf0352a82fb51ec667614362007ea47,matched_unique,published_pile_component_weights_v1,"published Pile component weights; static corpus-level candidate, not measured token exposure",0.089600,0.061200,0.003000,0.144000,0.015300,0.012400,0.075900,0.003800,0.051300,0.001400,0.021700,0.181100,0.008800,0.007300,0.006200,0.030700,0.036500,0.249800
689,EleutherAI/pythia-1.4b,1.416184,62000,130.023,2.3219,step62000,bd7c9207e41093787dcd507c4af7bc42e0b58856,matched_unique,published_pile_component_weights_v1,"published Pile component weights; static corpus-level candidate, not measured token exposure",0.089600,0.061200,0.003000,0.144000,0.015300,0.012400,0.075900,0.003800,0.051300,0.001400,0.021700,0.181100,0.008800,0.007300,0.006200,0.030700,0.036500,0.249800
690,EleutherAI/pythia-1.4b,1.416184,63000,132.121,2.3205,step63000,10670ac7797f2a404d0e37d66bca098012504e84,matched_unique,published_pile_component_weights_v1,"published Pile component weights; static corpus-level candidate, not measured token exposure",0.089600,0.061200,0.003000,0.144000,0.015300,0.012400,0.075900,0.003800,0.051300,0.001400,0.021700,0.181100,0.008800,0.007300,0.006200,0.030700,0.036500,0.249800
691,EleutherAI/pythia-1.4b,1.416184,64000,134.218,2.319,step64000,7277ad8a8582c08c985da32613a987189c6e7c3c,matched_unique,published_pile_component_weights_v1,"published Pile component weights; static corpus-level candidate, not measured token exposure",0.089600,0.061200,0.003000,0.144000,0.015300,0.012400,0.075900,0.003800,0.051300,0.001400,0.021700,0.181100,0.008800,0.007300,0.006200,0.030700,0.036500,0.249800
692,EleutherAI/pythia-1.4b,1.416184,65000,136.315,2.3178,step65000,1dd69296891c6e720a99baf97039068bb512fd84,matched_unique,published_pile_component_weights_v1,"published Pile component weights; static corpus-level candidate, not measured token exposure",0.089600,0.061200,0.003000,0.144000,0.015300,0.012400,0.075900,0.003800,0.051300,0.001400,0.021700,0.181100,0.008800,0.007300,0.006200,0.030700,0.036500,0.249800
693,EleutherAI/pythia-1.4b,1.416184,66000,138.412,2.3162,step66000,af2a0419ecabdabb17e0636f73b25404a9334b20,matched_unique,published_pile_component_weights_v1,"published Pile component weights; static corpus-level candidate, not measured token exposure",0.089600,0.061200,0.003000,0.144000,0.015300,0.012400,0.075900,0.003800,0.051300,0.001400,0.021700,0.181100,0.008800,0.007300,0.006200,0.030700,0.036500,0.249800
694,EleutherAI/pythia-1.4b,1.416184,67000,140.509,2.3151,step67000,5183c2180bf92c5817d6f9354a294c031d5e5b08,matched_unique,published_pile_component_weights_v1,"published Pile component weights; static corpus-level candidate, not measured token exposure",0.089600,0.061200,0.003000,0.144000,0.015300,0.012400,0.075900,0.003800,0.051300,0.001400,0.021700,0.181100,0.008800,0.007300,0.006200,0.030700,0.036500,0.249800
695,EleutherAI/pythia-1.4b,1.416184,68000,142.606,2.3138,step68000,9355e45b82d86fe6b9bccd30e5784f31e4eb86f9,matched_unique,published_pile_component_weights_v1,"published Pile component weights; static corpus-level candidate, not measured token exposure",0.089600,0.061200,0.003000,0.144000,0.015300,0.012400,0.075900,0.003800,0.051300,0.001400,0.021700,0.181100,0.008800,0.007300,0.006200,0.030700,0.036500,0.249800
696,EleutherAI/pythia-1.4b,1.416184,69000,144.703,2.3125,step69000,3bccc5b9feee1106be48ae5e7727c5c17d6e9539,matched_unique,published_pile_component_weights_v1,"published Pile component weights; static corpus-level candidate, not measured token exposure",0.089600,0.061200,0.003000,0.144000,0.015300,0.012400,0.075900,0.003800,0.051300,0.001400,0.021700,0.181100,0.008800,0.007300,0.006200,0.030700,0.036500,0.249800
697,EleutherAI/pythia-1.4b,1.416184,70000,146.801,2.3113,step70000,9df63d10571893b2a88d20f47255738fb65ed9a5,matched_unique,published_pile_component_weights_v1,"published Pile component weights; static corpus-level candidate, not measured token exposure",0.089600,0.061200,0.003000,0.144000,0.015300,0.012400,0.075900,0.003800,0.051300,0.001400,0.021700,0.181100,0.008800,0.007300,0.006200,0.030700,0.036500,0.249800
698,EleutherAI/pythia-1.4b,1.416184,71000,148.898,2.3099,step71000,0e05b0eb5171f830a28d7e676e93a644d6c6522d,matched_unique,published_pile_component_weights_v1,"published Pile component weights; static corpus-level candidate, not measured token exposure",0.089600,0.061200,0.003000,0.144000,0.015300,0.012400,0.075900,0.003800,0.051300,0.001400,0.021700,0.181100,0.008800,0.007300,0.006200,0.030700,0.036500,0.249800
699,EleutherAI/pythia-1.4b,1.416184,72000,150.995,2.3089,step72000,8b3a32e8bf988a21e749d5f046bacdad2df1a4f4,matched_unique,published_pile_component_weights_v1,"published Pile component weights; static corpus-level candidate, not measured token exposure",0.089600,0.061200,0.003000,0.144000,0.015300,0.012400,0.075900,0.003800,0.051300,0.001400,0.021700,0.181100,0.008800,0.007300,0.006200,0.030700,0.036500,0.249800
700,EleutherAI/pythia-1.4b,1.416184,73000,153.092,2.3077,step73000,61e9fd7329a3b0314f2beef5b7039d5228b442e5,matched_unique,published_pile_component_weights_v1,"published Pile component weights; static corpus-level candidate, not measured token exposure",0.089600,0.061200,0.003000,0.144000,0.015300,0.012400,0.075900,0.003800,0.051300,0.001400,0.021700,0.181100,0.008800,0.007300,0.006200,0.030700,0.036500,0.249800
701,EleutherAI/pythia-1.4b,1.416184,74000,155.189,2.3065,step74000,9ddea5129a3cd4bfbc1f851a19169e52f7827591,matched_unique,published_pile_component_weights_v1,"published Pile component weights; static corpus-level candidate, not measured token exposure",0.089600,0.061200,0.003000,0.144000,0.015300,0.012400,0.075900,0.003800,0.051300,0.001400,0.021700,0.181100,0.008800,0.007300,0.006200,0.030700,0.036500,0.249800
702,EleutherAI/pythia-1.4b,1.416184,75000,157.286,2.3055,step75000,ccba682e0f1299ec3cca7ff73783db7edc5114d8,matched_unique,published_pile_component_weights_v1,"published Pile component weights; static corpus-level candidate, not measured token exposure",0.089600,0.061200,0.003000,0.144000,0.015300,0.012400,0.075900,0.003800,0.051300,0.001400,0.021700,0.181100,0.008800,0.007300,0.006200,0.030700,0.036500,0.249800
703,EleutherAI/pythia-1.4b,1.416184,76000,159.384,2.3042,step76000,774410e2f9e843a09e45cb2a0e1cd02a76888299,matched_unique,published_pile_component_weights_v1,"published Pile component weights; static corpus-level candidate, not measured token exposure",0.089600,0.061200,0.003000,0.144000,0.015300,0.012400,0.075900,0.003800,0.051300,0.001400,0.021700,0.181100,0.008800,0.007300,0.006200,0.030700,0.036500,0.249800
704,EleutherAI/pythia-1.4b,1.416184,77000,161.481,2.303,step77000,b36399306c5664d2cfe7e3fbf15c88f56b02d62a,matched_unique,published_pile_component_weights_v1,"published Pile component weights; static corpus-level candidate, not measured token exposure",0.089600,0.061200,0.003000,0.144000,0.015300,0.012400,0.075900,0.003800,0.051300,0.001400,0.021700,0.181100,0.008800,0.007300,0.006200,0.030700,0.036500,0.249800
705,EleutherAI/pythia-1.4b,1.416184,78000,163.578,2.3019,step78000,7a0a3c5b2d6e31005df63c2a1ca31675fd0d48e5,matched_unique,published_pile_component_weights_v1,"published Pile component weights; static corpus-level candidate, not measured token exposure",0.089600,0.061200,0.003000,0.144000,0.015300,0.012400,0.075900,0.003800,0.051300,0.001400,0.021700,0.181100,0.008800,0.007300,0.006200,0.030700,0.036500,0.249800
706,EleutherAI/pythia-1.4b,1.416184,79000,165.675,2.3011,step79000,03e82ae5c84226cd5533f00b651edd7ae48236fa,matched_unique,published_pile_component_weights_v1,"published Pile component weights; static corpus-level candidate, not measured token exposure",0.089600,0.061200,0.003000,0.144000,0.015300,0.012400,0.075900,0.003800,0.051300,0.001400,0.021700,0.181100,0.008800,0.007300,0.006200,0.030700,0.036500,0.249800
707,EleutherAI/pythia-1.4b,1.416184,80000,167.772,2.2999,step80000,c72cd1f883e7696433a1e47954544f4afcfac293,matched_unique,published_pile_component_weights_v1,"published Pile component weights; static corpus-level candidate, not measured token exposure",0.089600,0.061200,0.003000,0.144000,0.015300,0.012400,0.075900,0.003800,0.051300,0.001400,0.021700,0.181100,0.008800,0.007300,0.006200,0.030700,0.036500,0.249800
708,EleutherAI/pythia-1.4b,1.416184,81000,169.869,2.2991,step81000,a1d286a4346eeaac84ac206d2875b9dc46cbed9a,matched_unique,published_pile_component_weights_v1,"published Pile component weights; static corpus-level candidate, not measured token exposure",0.089600,0.061200,0.003000,0.144000,0.015300,0.012400,0.075900,0.003800,0.051300,0.001400,0.021700,0.181100,0.008800,0.007300,0.006200,0.030700,0.036500,0.249800
709,EleutherAI/pythia-1.4b,1.416184,82000,171.966,2.2978,step82000,ca4841526f3226e5f0a747a29782189dde73106c,matched_unique,published_pile_component_weights_v1,"published Pile component weights; static corpus-level candidate, not measured token exposure",0.089600,0.061200,0.003000,0.144000,0.015300,0.012400,0.075900,0.003800,0.051300,0.001400,0.021700,0.181100,0.008800,0.007300,0.006200,0.030700,0.036500,0.249800
710,EleutherAI/pythia-1.4b,1.416184,83000,174.064,2.2971,step83000,61171d533b70d0b228e8b60c685b177f8937c966,matched_unique,published_pile_component_weights_v1,"published Pile component weights; static corpus-level candidate, not measured token exposure",0.089600,0.061200,0.003000,0.144000,0.015300,0.012400,0.075900,0.003800,0.051300,0.001400,0.021700,0.181100,0.008800,0.007300,0.006200,0.030700,0.036500,0.249800
711,EleutherAI/pythia-1.4b,1.416184,84000,176.161,2.296,step84000,e3ab9530882f88146867c870d992f1159a849e59,matched_unique,published_pile_component_weights_v1,"published Pile component weights; static corpus-level candidate, not measured token exposure",0.089600,0.061200,0.003000,0.144000,0.015300,0.012400,0.075900,0.003800,0.051300,0.001400,0.021700,0.181100,0.008800,0.007300,0.006200,0.030700,0.036500,0.249800
712,EleutherAI/pythia-1.4b,1.416184,85000,178.258,2.295,step85000,af7cb690346691192f3fe72bcfaf5bc0cabf7519,matched_unique,published_pile_component_weights_v1,"published Pile component weights; static corpus-level candidate, not measured token exposure",0.089600,0.061200,0.003000,0.144000,0.015300,0.012400,0.075900,0.003800,0.051300,0.001400,0.021700,0.181100,0.008800,0.007300,0.006200,0.030700,0.036500,0.249800
713,EleutherAI/pythia-1.4b,1.416184,86000,180.355,2.294,step86000,fb4fda1ac5df92f463db030a112a215309298773,matched_unique,published_pile_component_weights_v1,"published Pile component weights; static corpus-level candidate, not measured token exposure",0.089600,0.061200,0.003000,0.144000,0.015300,0.012400,0.075900,0.003800,0.051300,0.001400,0.021700,0.181100,0.008800,0.007300,0.006200,0.030700,0.036500,0.249800
714,EleutherAI/pythia-1.4b,1.416184,87000,182.452,2.2932,step87000,5d281fd90417142fb9ccdf953b36b1ce70091902,matched_unique,published_pile_component_weights_v1,"published Pile component weights; static corpus-level candidate, not measured token exposure",0.089600,0.061200,0.003000,0.144000,0.015300,0.012400,0.075900,0.003800,0.051300,0.001400,0.021700,0.181100,0.008800,0.007300,0.006200,0.030700,0.036500,0.249800
715,EleutherAI/pythia-1.4b,1.416184,88000,184.549,2.2922,step88000,4d785a1506f524b9948a4e899db288df65a99e4f,matched_unique,published_pile_component_weights_v1,"published Pile component weights; static corpus-level candidate, not measured token exposure",0.089600,0.061200,0.003000,0.144000,0.015300,0.012400,0.075900,0.003800,0.051300,0.001400,0.021700,0.181100,0.008800,0.007300,0.006200,0.030700,0.036500,0.249800
716,EleutherAI/pythia-1.4b,1.416184,89000,186.647,2.2914,step89000,2088299e7059fddca4afc190ba4bfccce87ea99e,matched_unique,published_pile_component_weights_v1,"published Pile component weights; static corpus-level candidate, not measured token exposure",0.089600,0.061200,0.003000,0.144000,0.015300,0.012400,0.075900,0.003800,0.051300,0.001400,0.021700,0.181100,0.008800,0.007300,0.006200,0.030700,0.036500,0.249800
717,EleutherAI/pythia-1.4b,1.416184,90000,188.744,2.2904,step90000,44800f0d7e7d278752886243b5cc5e5492b774b8,matched_unique,published_pile_component_weights_v1,"published Pile component weights; static corpus-level candidate, not measured token exposure",0.089600,0.061200,0.003000,0.144000,0.015300,0.012400,0.075900,0.003800,0.051300,0.001400,0.021700,0.181100,0.008800,0.007300,0.006200,0.030700,0.036500,0.249800
718,EleutherAI/pythia-1.4b,1.416184,91000,190.841,2.2895,step91000,682a58047cd4d996b0fa3ce80d727235851bb168,matched_unique,published_pile_component_weights_v1,"published Pile component weights; static corpus-level candidate, not measured token exposure",0.089600,0.061200,0.003000,0.144000,0.015300,0.012400,0.075900,0.003800,0.051300,0.001400,0.021700,0.181100,0.008800,0.007300,0.006200,0.030700,0.036500,0.249800
719,EleutherAI/pythia-1.4b,1.416184,92000,192.938,2.2886,step92000,32d4a5b98cb287b3abac66a4a4f96def9a957e2a,matched_unique,published_pile_component_weights_v1,"published Pile component weights; static corpus-level candidate, not measured token exposure",0.089600,0.061200,0.003000,0.144000,0.015300,0.012400,0.075900,0.003800,0.051300,0.001400,0.021700,0.181100,0.008800,0.007300,0.006200,0.030700,0.036500,0.249800
720,EleutherAI/pythia-1.4b,1.416184,93000,195.035,2.2878,step93000,22548866f3e701db636bf4edfdd748f2c46a9c9e,matched_unique,published_pile_component_weights_v1,"published Pile component weights; static corpus-level candidate, not measured token exposure",0.089600,0.061200,0.003000,0.144000,0.015300,0.012400,0.075900,0.003800,0.051300,0.001400,0.021700,0.181100,0.008800,0.007300,0.006200,0.030700,0.036500,0.249800
721,EleutherAI/pythia-1.4b,1.416184,94000,197.132,2.287,step94000,f33e253d4d6e6a42fe7a8d23f580c4a47d88e99c,matched_unique,published_pile_component_weights_v1,"published Pile component weights; static corpus-level candidate, not measured token exposure",0.089600,0.061200,0.003000,0.144000,0.015300,0.012400,0.075900,0.003800,0.051300,0.001400,0.021700,0.181100,0.008800,0.007300,0.006200,0.030700,0.036500,0.249800
722,EleutherAI/pythia-1.4b,1.416184,95000,199.229,2.286,step95000,4721a3afa99c983f6620c860d2ccf6acf7cee43e,matched_unique,published_pile_component_weights_v1,"published Pile component weights; static corpus-level candidate, not measured token exposure",0.089600,0.061200,0.003000,0.144000,0.015300,0.012400,0.075900,0.003800,0.051300,0.001400,0.021700,0.181100,0.008800,0.007300,0.006200,0.030700,0.036500,0.249800
723,EleutherAI/pythia-1.4b,1.416184,96000,201.327,2.2852,step96000,e4af1b259bef9a8837551bde51c5c53f85c2a1e9,matched_unique,published_pile_component_weights_v1,"published Pile component weights; static corpus-level candidate, not measured token exposure",0.089600,0.061200,0.003000,0.144000,0.015300,0.012400,0.075900,0.003800,0.051300,0.001400,0.021700,0.181100,0.008800,0.007300,0.006200,0.030700,0.036500,0.249800
724,EleutherAI/pythia-1.4b,1.416184,97000,203.424,2.2845,step97000,59ca7d75ad8b55c3a868863ed2d524b5e6424ac5,matched_unique,published_pile_component_weights_v1,"published Pile component weights; static corpus-level candidate, not measured token exposure",0.089600,0.061200,0.003000,0.144000,0.015300,0.012400,0.075900,0.003800,0.051300,0.001400,0.021700,0.181100,0.008800,0.007300,0.006200,0.030700,0.036500,0.249800
725,EleutherAI/pythia-1.4b,1.416184,98000,205.521,2.2837,step98000,6ad266923e005eab3cf7762e2d05cfbe139524e2,matched_unique,published_pile_component_weights_v1,"published Pile component weights; static corpus-level candidate, not measured token exposure",0.089600,0.061200,0.003000,0.144000,0.015300,0.012400,0.075900,0.003800,0.051300,0.001400,0.021700,0.181100,0.008800,0.007300,0.006200,0.030700,0.036500,0.249800
726,EleutherAI/pythia-1.4b,1.416184,99000,207.618,2.2829,step99000,f307dffa7a87cbe3b968a7859050ffc4d757ab7e,matched_unique,published_pile_component_weights_v1,"published Pile component weights; static corpus-level candidate, not measured token exposure",0.089600,0.061200,0.003000,0.144000,0.015300,0.012400,0.075900,0.003800,0.051300,0.001400,0.021700,0.181100,0.008800,0.007300,0.006200,0.030700,0.036500,0.249800
727,EleutherAI/pythia-1.4b,1.416184,100000,209.715,2.2821,step100000,4643e5c8d2ca50aee430ef3f4405e9421b7f76c3,matched_unique,published_pile_component_weights_v1,"published Pile component weights; static corpus-level candidate, not measured token exposure",0.089600,0.061200,0.003000,0.144000,0.015300,0.012400,0.075900,0.003800,0.051300,0.001400,0.021700,0.181100,0.008800,0.007300,0.006200,0.030700,0.036500,0.249800
728,EleutherAI/pythia-1.4b,1.416184,101000,211.812,2.2814,step101000,9e41f522ec4d6a79d21011889d6db21db3d74323,matched_unique,published_pile_component_weights_v1,"published Pile component weights; static corpus-level candidate, not measured token exposure",0.089600,0.061200,0.003000,0.144000,0.015300,0.012400,0.075900,0.003800,0.051300,0.001400,0.021700,0.181100,0.008800,0.007300,0.006200,0.030700,0.036500,0.249800
729,EleutherAI/pythia-1.4b,1.416184,102000,213.91,2.2805,step102000,f24646742dce74436967593c8ff351e51e97919e,matched_unique,published_pile_component_weights_v1,"published Pile component weights; static corpus-level candidate, not measured token exposure",0.089600,0.061200,0.003000,0.144000,0.015300,0.012400,0.075900,0.003800,0.051300,0.001400,0.021700,0.181100,0.008800,0.007300,0.006200,0.030700,0.036500,0.249800
730,EleutherAI/pythia-1.4b,1.416184,103000,216.007,2.2797,step103000,535fe2e1fdfb8260a76c6bbb45a73ff69575f39a,matched_unique,published_pile_component_weights_v1,"published Pile component weights; static corpus-level candidate, not measured token exposure",0.089600,0.061200,0.003000,0.144000,0.015300,0.012400,0.075900,0.003800,0.051300,0.001400,0.021700,0.181100,0.008800,0.007300,0.006200,0.030700,0.036500,0.249800
731,EleutherAI/pythia-1.4b,1.416184,104000,218.104,2.2791,step104000,8fd15a080c8ce15b00232ec9a312672d1cf7cfd9,matched_unique,published_pile_component_weights_v1,"published Pile component weights; static corpus-level candidate, not measured token exposure",0.089600,0.061200,0.003000,0.144000,0.015300,0.012400,0.075900,0.003800,0.051300,0.001400,0.021700,0.181100,0.008800,0.007300,0.006200,0.030700,0.036500,0.249800
732,EleutherAI/pythia-1.4b,1.416184,105000,220.201,2.2782,step105000,9f8e3355c4e83d16fb7ea881f7a853c8a0255687,matched_unique,published_pile_component_weights_v1,"published Pile component weights; static corpus-level candidate, not measured token exposure",0.089600,0.061200,0.003000,0.144000,0.015300,0.012400,0.075900,0.003800,0.051300,0.001400,0.021700,0.181100,0.008800,0.007300,0.006200,0.030700,0.036500,0.249800
733,EleutherAI/pythia-1.4b,1.416184,106000,222.298,2.2776,step106000,3f2f909c69a7a18513d69047ab6a41de4923c66b,matched_unique,published_pile_component_weights_v1,"published Pile component weights; static corpus-level candidate, not measured token exposure",0.089600,0.061200,0.003000,0.144000,0.015300,0.012400,0.075900,0.003800,0.051300,0.001400,0.021700,0.181100,0.008800,0.007300,0.006200,0.030700,0.036500,0.249800
734,EleutherAI/pythia-1.4b,1.416184,107000,224.395,2.2767,step107000,c9eb4a8c7b6d497aee88ce11ac3add75583ea3eb,matched_unique,published_pile_component_weights_v1,"published Pile component weights; static corpus-level candidate, not measured token exposure",0.089600,0.061200,0.003000,0.144000,0.015300,0.012400,0.075900,0.003800,0.051300,0.001400,0.021700,0.181100,0.008800,0.007300,0.006200,0.030700,0.036500,0.249800
735,EleutherAI/pythia-1.4b,1.416184,108000,226.492,2.2763,step108000,5a1b88ea3447ca62d2ea03dfc6c6ae9da72b4bff,matched_unique,published_pile_component_weights_v1,"published Pile component weights; static corpus-level candidate, not measured token exposure",0.089600,0.061200,0.003000,0.144000,0.015300,0.012400,0.075900,0.003800,0.051300,0.001400,0.021700,0.181100,0.008800,0.007300,0.006200,0.030700,0.036500,0.249800
736,EleutherAI/pythia-1.4b,1.416184,109000,228.59,2.2755,step109000,3b098d2941f934e7c07b9febc5d12da8cf111d40,matched_unique,published_pile_component_weights_v1,"published Pile component weights; static corpus-level candidate, not measured token exposure",0.089600,0.061200,0.003000,0.144000,0.015300,0.012400,0.075900,0.003800,0.051300,0.001400,0.021700,0.181100,0.008800,0.007300,0.006200,0.030700,0.036500,0.249800
737,EleutherAI/pythia-1.4b,1.416184,110000,230.687,2.2748,step110000,413c1a5dc1a66d2bb29eb51061d6b26174b5f202,matched_unique,published_pile_component_weights_v1,"published Pile component weights; static corpus-level candidate, not measured token exposure",0.089600,0.061200,0.003000,0.144000,0.015300,0.012400,0.075900,0.003800,0.051300,0.001400,0.021700,0.181100,0.008800,0.007300,0.006200,0.030700,0.036500,0.249800
738,EleutherAI/pythia-1.4b,1.416184,111000,232.784,2.2742,step111000,9fc74c436284ded05b61946e913c0d1e607fe6b7,matched_unique,published_pile_component_weights_v1,"published Pile component weights; static corpus-level candidate, not measured token exposure",0.089600,0.061200,0.003000,0.144000,0.015300,0.012400,0.075900,0.003800,0.051300,0.001400,0.021700,0.181100,0.008800,0.007300,0.006200,0.030700,0.036500,0.249800
739,EleutherAI/pythia-1.4b,1.416184,112000,234.881,2.2736,step112000,958d8f6c1dba61335d72ead0be2438b4e759a2b5,matched_unique,published_pile_component_weights_v1,"published Pile component weights; static corpus-level candidate, not measured token exposure",0.089600,0.061200,0.003000,0.144000,0.015300,0.012400,0.075900,0.003800,0.051300,0.001400,0.021700,0.181100,0.008800,0.007300,0.006200,0.030700,0.036500,0.249800
740,EleutherAI/pythia-1.4b,1.416184,113000,236.978,2.2728,step113000,3864c1de97450556872c734c9792db9ec6f8812f,matched_unique,published_pile_component_weights_v1,"published Pile component weights; static corpus-level candidate, not measured token exposure",0.089600,0.061200,0.003000,0.144000,0.015300,0.012400,0.075900,0.003800,0.051300,0.001400,0.021700,0.181100,0.008800,0.007300,0.006200,0.030700,0.036500,0.249800
741,EleutherAI/pythia-1.4b,1.416184,114000,239.075,2.2719,step114000,351468d91cf298f693b6817350b2030cf3b0ed94,matched_unique,published_pile_component_weights_v1,"published Pile component weights; static corpus-level candidate, not measured token exposure",0.089600,0.061200,0.003000,0.144000,0.015300,0.012400,0.075900,0.003800,0.051300,0.001400,0.021700,0.181100,0.008800,0.007300,0.006200,0.030700,0.036500,0.249800
742,EleutherAI/pythia-1.4b,1.416184,115000,241.172,2.2713,step115000,402d5918fefe79ee18b8baa1e5e380d00edbde06,matched_unique,published_pile_component_weights_v1,"published Pile component weights; static corpus-level candidate, not measured token exposure",0.089600,0.061200,0.003000,0.144000,0.015300,0.012400,0.075900,0.003800,0.051300,0.001400,0.021700,0.181100,0.008800,0.007300,0.006200,0.030700,0.036500,0.249800
743,EleutherAI/pythia-1.4b,1.416184,116000,243.27,2.2707,step116000,eca4bf818f8f8211aeeeb27c53b4107e0b37ba7d,matched_unique,published_pile_component_weights_v1,"published Pile component weights; static corpus-level candidate, not measured token exposure",0.089600,0.061200,0.003000,0.144000,0.015300,0.012400,0.075900,0.003800,0.051300,0.001400,0.021700,0.181100,0.008800,0.007300,0.006200,0.030700,0.036500,0.249800
744,EleutherAI/pythia-1.4b,1.416184,117000,245.367,2.2702,step117000,5380c482ac3eaa99de4f2257339e98b31ce90110,matched_unique,published_pile_component_weights_v1,"published Pile component weights; static corpus-level candidate, not measured token exposure",0.089600,0.061200,0.003000,0.144000,0.015300,0.012400,0.075900,0.003800,0.051300,0.001400,0.021700,0.181100,0.008800,0.007300,0.006200,0.030700,0.036500,0.249800
745,EleutherAI/pythia-1.4b,1.416184,118000,247.464,2.2696,step118000,80426a0866fb0b16a30e3c3004b9b86863abb001,matched_unique,published_pile_component_weights_v1,"published Pile component weights; static corpus-level candidate, not measured token exposure",0.089600,0.061200,0.003000,0.144000,0.015300,0.012400,0.075900,0.003800,0.051300,0.001400,0.021700,0.181100,0.008800,0.007300,0.006200,0.030700,0.036500,0.249800
746,EleutherAI/pythia-1.4b,1.416184,119000,249.561,2.2688,step119000,356cd8ba69f07b2a6f9573ca0196efe6867c2901,matched_unique,published_pile_component_weights_v1,"published Pile component weights; static corpus-level candidate, not measured token exposure",0.089600,0.061200,0.003000,0.144000,0.015300,0.012400,0.075900,0.003800,0.051300,0.001400,0.021700,0.181100,0.008800,0.007300,0.006200,0.030700,0.036500,0.249800
747,EleutherAI/pythia-1.4b,1.416184,120000,251.658,2.2683,step120000,4e056d657ceede13435146a8126bbf7bda0a1b0e,matched_unique,published_pile_component_weights_v1,"published Pile component weights; static corpus-level candidate, not measured token exposure",0.089600,0.061200,0.003000,0.144000,0.015300,0.012400,0.075900,0.003800,0.051300,0.001400,0.021700,0.181100,0.008800,0.007300,0.006200,0.030700,0.036500,0.249800
748,EleutherAI/pythia-1.4b,1.416184,121000,253.755,2.2676,step121000,a0b1db259c619425e4b67e7d2753a0be792f7d14,matched_unique,published_pile_component_weights_v1,"published Pile component weights; static corpus-level candidate, not measured token exposure",0.089600,0.061200,0.003000,0.144000,0.015300,0.012400,0.075900,0.003800,0.051300,0.001400,0.021700,0.181100,0.008800,0.007300,0.006200,0.030700,0.036500,0.249800
749,EleutherAI/pythia-1.4b,1.416184,122000,255.853,2.267,step122000,31a10f1dd2e68c32b15be563cad2f4630afeb6e9,matched_unique,published_pile_component_weights_v1,"published Pile component weights; static corpus-level candidate, not measured token exposure",0.089600,0.061200,0.003000,0.144000,0.015300,0.012400,0.075900,0.003800,0.051300,0.001400,0.021700,0.181100,0.008800,0.007300,0.006200,0.030700,0.036500,0.249800
750,EleutherAI/pythia-1.4b,1.416184,123000,257.95,2.2663,step123000,aa35d0a12c916715e052697e78bdfaddefdfad6b,matched_unique,published_pile_component_weights_v1,"published Pile component weights; static corpus-level candidate, not measured token exposure",0.089600,0.061200,0.003000,0.144000,0.015300,0.012400,0.075900,0.003800,0.051300,0.001400,0.021700,0.181100,0.008800,0.007300,0.006200,0.030700,0.036500,0.249800
751,EleutherAI/pythia-1.4b,1.416184,124000,260.047,2.2658,step124000,17214c716e7fefc96f578626860da0ba54396142,matched_unique,published_pile_component_weights_v1,"published Pile component weights; static corpus-level candidate, not measured token exposure",0.089600,0.061200,0.003000,0.144000,0.015300,0.012400,0.075900,0.003800,0.051300,0.001400,0.021700,0.181100,0.008800,0.007300,0.006200,0.030700,0.036500,0.249800
752,EleutherAI/pythia-1.4b,1.416184,125000,262.144,2.2652,step125000,09a069e6d1505e0fa9a5657ec2cde6a217fba7bd,matched_unique,published_pile_component_weights_v1,"published Pile component weights; static corpus-level candidate, not measured token exposure",0.089600,0.061200,0.003000,0.144000,0.015300,0.012400,0.075900,0.003800,0.051300,0.001400,0.021700,0.181100,0.008800,0.007300,0.006200,0.030700,0.036500,0.249800
753,EleutherAI/pythia-1.4b,1.416184,126000,264.241,2.2646,step126000,e32f86c541185ba0891db2d0b88c31736ec057c3,matched_unique,published_pile_component_weights_v1,"published Pile component weights; static corpus-level candidate, not measured token exposure",0.089600,0.061200,0.003000,0.144000,0.015300,0.012400,0.075900,0.003800,0.051300,0.001400,0.021700,0.181100,0.008800,0.007300,0.006200,0.030700,0.036500,0.249800
754,EleutherAI/pythia-1.4b,1.416184,127000,266.338,2.2642,step127000,01df93f582a69cbb00f4699232258d0646458d1a,matched_unique,published_pile_component_weights_v1,"published Pile component weights; static corpus-level candidate, not measured token exposure",0.089600,0.061200,0.003000,0.144000,0.015300,0.012400,0.075900,0.003800,0.051300,0.001400,0.021700,0.181100,0.008800,0.007300,0.006200,0.030700,0.036500,0.249800
755,EleutherAI/pythia-1.4b,1.416184,128000,268.435,2.2635,step128000,d7937ef13ae3ecb36d2df1c3e774f8f7bb62b309,matched_unique,published_pile_component_weights_v1,"published Pile component weights; static corpus-level candidate, not measured token exposure",0.089600,0.061200,0.003000,0.144000,0.015300,0.012400,0.075900,0.003800,0.051300,0.001400,0.021700,0.181100,0.008800,0.007300,0.006200,0.030700,0.036500,0.249800
756,EleutherAI/pythia-1.4b,1.416184,129000,270.533,2.2632,step129000,87372c3a9290559016e3bfab0d44c475c0b24277,matched_unique,published_pile_component_weights_v1,"published Pile component weights; static corpus-level candidate, not measured token exposure",0.089600,0.061200,0.003000,0.144000,0.015300,0.012400,0.075900,0.003800,0.051300,0.001400,0.021700,0.181100,0.008800,0.007300,0.006200,0.030700,0.036500,0.249800
757,EleutherAI/pythia-1.4b,1.416184,130000,272.63,2.2625,step130000,37fc99f0d868c3e48a2a7bdacc5f8263e4f0aefd,matched_unique,published_pile_component_weights_v1,"published Pile component weights; static corpus-level candidate, not measured token exposure",0.089600,0.061200,0.003000,0.144000,0.015300,0.012400,0.075900,0.003800,0.051300,0.001400,0.021700,0.181100,0.008800,0.007300,0.006200,0.030700,0.036500,0.249800
758,EleutherAI/pythia-1.4b,1.416184,131000,274.727,2.2619,step131000,22b1deaa17a1b843a428f109a311084f07c6b818,matched_unique,published_pile_component_weights_v1,"published Pile component weights; static corpus-level candidate, not measured token exposure",0.089600,0.061200,0.003000,0.144000,0.015300,0.012400,0.075900,0.003800,0.051300,0.001400,0.021700,0.181100,0.008800,0.007300,0.006200,0.030700,0.036500,0.249800
759,EleutherAI/pythia-1.4b,1.416184,132000,276.824,2.2613,step132000,377b3e3e204ee012d331bc497dcf2d6264b62b29,matched_unique,published_pile_component_weights_v1,"published Pile component weights; static corpus-level candidate, not measured token exposure",0.089600,0.061200,0.003000,0.144000,0.015300,0.012400,0.075900,0.003800,0.051300,0.001400,0.021700,0.181100,0.008800,0.007300,0.006200,0.030700,0.036500,0.249800
760,EleutherAI/pythia-1.4b,1.416184,133000,278.921,2.2609,step133000,114fb4b0cb6fbc22efedf9f0c077362988a600b1,matched_unique,published_pile_component_weights_v1,"published Pile component weights; static corpus-level candidate, not measured token exposure",0.089600,0.061200,0.003000,0.144000,0.015300,0.012400,0.075900,0.003800,0.051300,0.001400,0.021700,0.181100,0.008800,0.007300,0.006200,0.030700,0.036500,0.249800
761,EleutherAI/pythia-1.4b,1.416184,134000,281.018,2.2602,step134000,24ff371a9ac64f1b4b74f46d24ebfb3a409a5bcd,matched_unique,published_pile_component_weights_v1,"published Pile component weights; static corpus-level candidate, not measured token exposure",0.089600,0.061200,0.003000,0.144000,0.015300,0.012400,0.075900,0.003800,0.051300,0.001400,0.021700,0.181100,0.008800,0.007300,0.006200,0.030700,0.036500,0.249800
762,EleutherAI/pythia-1.4b,1.416184,135000,283.116,2.2597,step135000,54f3bb71f498eae244b3eea80e3aac13514ece5b,matched_unique,published_pile_component_weights_v1,"published Pile component weights; static corpus-level candidate, not measured token exposure",0.089600,0.061200,0.003000,0.144000,0.015300,0.012400,0.075900,0.003800,0.051300,0.001400,0.021700,0.181100,0.008800,0.007300,0.006200,0.030700,0.036500,0.249800
763,EleutherAI/pythia-1.4b,1.416184,136000,285.213,2.2594,step136000,2b760ee33527a6fbd88f4590d31f5ef24e56749a,matched_unique,published_pile_component_weights_v1,"published Pile component weights; static corpus-level candidate, not measured token exposure",0.089600,0.061200,0.003000,0.144000,0.015300,0.012400,0.075900,0.003800,0.051300,0.001400,0.021700,0.181100,0.008800,0.007300,0.006200,0.030700,0.036500,0.249800
764,EleutherAI/pythia-1.4b,1.416184,137000,287.31,2.2587,step137000,adeb55a36b35a4d9abdfdb350a84272a1329af7f,matched_unique,published_pile_component_weights_v1,"published Pile component weights; static corpus-level candidate, not measured token exposure",0.089600,0.061200,0.003000,0.144000,0.015300,0.012400,0.075900,0.003800,0.051300,0.001400,0.021700,0.181100,0.008800,0.007300,0.006200,0.030700,0.036500,0.249800
765,EleutherAI/pythia-1.4b,1.416184,138000,289.407,2.2583,step138000,48c1edad3c17b755fac2ab323454869e3be0bcdb,matched_unique,published_pile_component_weights_v1,"published Pile component weights; static corpus-level candidate, not measured token exposure",0.089600,0.061200,0.003000,0.144000,0.015300,0.012400,0.075900,0.003800,0.051300,0.001400,0.021700,0.181100,0.008800,0.007300,0.006200,0.030700,0.036500,0.249800
766,EleutherAI/pythia-1.4b,1.416184,139000,291.504,2.2576,step139000,775ccc62fafd00498b07a37d9139fd5f25997b9f,matched_unique,published_pile_component_weights_v1,"published Pile component weights; static corpus-level candidate, not measured token exposure",0.089600,0.061200,0.003000,0.144000,0.015300,0.012400,0.075900,0.003800,0.051300,0.001400,0.021700,0.181100,0.008800,0.007300,0.006200,0.030700,0.036500,0.249800
767,EleutherAI/pythia-1.4b,1.416184,140000,293.601,2.2571,step140000,4e9e5ad92a7e0396cb16cb59a6417c268873b53c,matched_unique,published_pile_component_weights_v1,"published Pile component weights; static corpus-level candidate, not measured token exposure",0.089600,0.061200,0.003000,0.144000,0.015300,0.012400,0.075900,0.003800,0.051300,0.001400,0.021700,0.181100,0.008800,0.007300,0.006200,0.030700,0.036500,0.249800
768,EleutherAI/pythia-1.4b,1.416184,141000,295.698,2.2568,step141000,145202ae87f7dde8535c8fe9bed57427be9aa95b,matched_unique,published_pile_component_weights_v1,"published Pile component weights; static corpus-level candidate, not measured token exposure",0.089600,0.061200,0.003000,0.144000,0.015300,0.012400,0.075900,0.003800,0.051300,0.001400,0.021700,0.181100,0.008800,0.007300,0.006200,0.030700,0.036500,0.249800
769,EleutherAI/pythia-1.4b,1.416184,142000,297.796,2.2561,step142000,6fd682181a63dc84bbb86a8426ca0c6627219d7c,matched_unique,published_pile_component_weights_v1,"published Pile component weights; static corpus-level candidate, not measured token exposure",0.089600,0.061200,0.003000,0.144000,0.015300,0.012400,0.075900,0.003800,0.051300,0.001400,0.021700,0.181100,0.008800,0.007300,0.006200,0.030700,0.036500,0.249800
770,EleutherAI/pythia-1.4b,1.416184,143000,299.893,2.2558,step143000,9cc5c8c8148a4e0115d9e29c6b4f21124cfe748a,matched_unique,published_pile_component_weights_v1,"published Pile component weights; static corpus-level candidate, not measured token exposure",0.089600,0.061200,0.003000,0.144000,0.015300,0.012400,0.075900,0.003800,0.051300,0.001400,0.021700,0.181100,0.008800,0.007300,0.006200,0.030700,0.036500,0.249800
778,EleutherAI/pythia-2.8b,2.782831,64,0.134,4.1162,step64,798463c14509166ba2833780da614276167ff2fc,matched_unique,published_pile_component_weights_v1,"published Pile component weights; static corpus-level candidate, not measured token exposure",0.089600,0.061200,0.003000,0.144000,0.015300,0.012400,0.075900,0.003800,0.051300,0.001400,0.021700,0.181100,0.008800,0.007300,0.006200,0.030700,0.036500,0.249800
779,EleutherAI/pythia-2.8b,2.782831,128,0.268,3.7324,step128,1d89b0b51dc658bde5181477ce60368d69bb8c5e,matched_unique,published_pile_component_weights_v1,"published Pile component weights; static corpus-level candidate, not measured token exposure",0.089600,0.061200,0.003000,0.144000,0.015300,0.012400,0.075900,0.003800,0.051300,0.001400,0.021700,0.181100,0.008800,0.007300,0.006200,0.030700,0.036500,0.249800
780,EleutherAI/pythia-2.8b,2.782831,256,0.537,3.4164,step256,7769e9290933d1a0e850fafdf6b19438127a49c5,matched_unique,published_pile_component_weights_v1,"published Pile component weights; static corpus-level candidate, not measured token exposure",0.089600,0.061200,0.003000,0.144000,0.015300,0.012400,0.075900,0.003800,0.051300,0.001400,0.021700,0.181100,0.008800,0.007300,0.006200,0.030700,0.036500,0.249800
781,EleutherAI/pythia-2.8b,2.782831,512,1.074,3.1558,step512,56983e481a9a1d36005ac29e53ed4bafddf9200f,matched_unique,published_pile_component_weights_v1,"published Pile component weights; static corpus-level candidate, not measured token exposure",0.089600,0.061200,0.003000,0.144000,0.015300,0.012400,0.075900,0.003800,0.051300,0.001400,0.021700,0.181100,0.008800,0.007300,0.006200,0.030700,0.036500,0.249800
782,EleutherAI/pythia-2.8b,2.782831,1000,2.097,2.9476,step1000,cc81f94ea2acd24862163f15126427b85b98caac,matched_unique,published_pile_component_weights_v1,"published Pile component weights; static corpus-level candidate, not measured token exposure",0.089600,0.061200,0.003000,0.144000,0.015300,0.012400,0.075900,0.003800,0.051300,0.001400,0.021700,0.181100,0.008800,0.007300,0.006200,0.030700,0.036500,0.249800
783,EleutherAI/pythia-2.8b,2.782831,2000,4.194,2.7702,step2000,7378edcedb6f1a8fa81e0cf3b116d7d0dd962258,matched_unique,published_pile_component_weights_v1,"published Pile component weights; static corpus-level candidate, not measured token exposure",0.089600,0.061200,0.003000,0.144000,0.015300,0.012400,0.075900,0.003800,0.051300,0.001400,0.021700,0.181100,0.008800,0.007300,0.006200,0.030700,0.036500,0.249800
784,EleutherAI/pythia-2.8b,2.782831,3000,6.291,2.6811,step3000,32f13dfd92d7a935b860726a55386f35af465b37,matched_unique,published_pile_component_weights_v1,"published Pile component weights; static corpus-level candidate, not measured token exposure",0.089600,0.061200,0.003000,0.144000,0.015300,0.012400,0.075900,0.003800,0.051300,0.001400,0.021700,0.181100,0.008800,0.007300,0.006200,0.030700,0.036500,0.249800
785,EleutherAI/pythia-2.8b,2.782831,4000,8.389,2.6238,step4000,494474bbd9522f163d2921bf08f107e485b08394,matched_unique,published_pile_component_weights_v1,"published Pile component weights; static corpus-level candidate, not measured token exposure",0.089600,0.061200,0.003000,0.144000,0.015300,0.012400,0.075900,0.003800,0.051300,0.001400,0.021700,0.181100,0.008800,0.007300,0.006200,0.030700,0.036500,0.249800
786,EleutherAI/pythia-2.8b,2.782831,5000,10.486,2.5824,step5000,de71aa26ef28e480b9cc52d5d9ecc107e6d5cbea,matched_unique,published_pile_component_weights_v1,"published Pile component weights; static corpus-level candidate, not measured token exposure",0.089600,0.061200,0.003000,0.144000,0.015300,0.012400,0.075900,0.003800,0.051300,0.001400,0.021700,0.181100,0.008800,0.007300,0.006200,0.030700,0.036500,0.249800
787,EleutherAI/pythia-2.8b,2.782831,6000,12.583,2.5504,step6000,a8ad81b88087d23cb3f14a5343b7650b97ecd15b,matched_unique,published_pile_component_weights_v1,"published Pile component weights; static corpus-level candidate, not measured token exposure",0.089600,0.061200,0.003000,0.144000,0.015300,0.012400,0.075900,0.003800,0.051300,0.001400,0.021700,0.181100,0.008800,0.007300,0.006200,0.030700,0.036500,0.249800
788,EleutherAI/pythia-2.8b,2.782831,7000,14.68,2.5246,step7000,625ff56335083400150c21bfc603b9a7697a1e11,matched_unique,published_pile_component_weights_v1,"published Pile component weights; static corpus-level candidate, not measured token exposure",0.089600,0.061200,0.003000,0.144000,0.015300,0.012400,0.075900,0.003800,0.051300,0.001400,0.021700,0.181100,0.008800,0.007300,0.006200,0.030700,0.036500,0.249800
789,EleutherAI/pythia-2.8b,2.782831,8000,16.777,2.503,step8000,58ebdb26dabaec03e422e9dac74730ed45e7ae3e,matched_unique,published_pile_component_weights_v1,"published Pile component weights; static corpus-level candidate, not measured token exposure",0.089600,0.061200,0.003000,0.144000,0.015300,0.012400,0.075900,0.003800,0.051300,0.001400,0.021700,0.181100,0.008800,0.007300,0.006200,0.030700,0.036500,0.249800
790,EleutherAI/pythia-2.8b,2.782831,9000,18.874,2.4846,step9000,d1147d1addb4a18cdc1ff6d2d9e2fc98c4812289,matched_unique,published_pile_component_weights_v1,"published Pile component weights; static corpus-level candidate, not measured token exposure",0.089600,0.061200,0.003000,0.144000,0.015300,0.012400,0.075900,0.003800,0.051300,0.001400,0.021700,0.181100,0.008800,0.007300,0.006200,0.030700,0.036500,0.249800
791,EleutherAI/pythia-2.8b,2.782831,10000,20.972,2.469,step10000,835c7474e2032ea69643f0ade8244a105ec626fd,matched_unique,published_pile_component_weights_v1,"published Pile component weights; static corpus-level candidate, not measured token exposure",0.089600,0.061200,0.003000,0.144000,0.015300,0.012400,0.075900,0.003800,0.051300,0.001400,0.021700,0.181100,0.008800,0.007300,0.006200,0.030700,0.036500,0.249800
792,EleutherAI/pythia-2.8b,2.782831,11000,23.069,2.455,step11000,786385b60885dd1c4d1f12eb26572f19b784adb0,matched_unique,published_pile_component_weights_v1,"published Pile component weights; static corpus-level candidate, not measured token exposure",0.089600,0.061200,0.003000,0.144000,0.015300,0.012400,0.075900,0.003800,0.051300,0.001400,0.021700,0.181100,0.008800,0.007300,0.006200,0.030700,0.036500,0.249800
793,EleutherAI/pythia-2.8b,2.782831,12000,25.166,2.4427,step12000,50b688d2b4975db1c82f072de82b5e64402dceab,matched_unique,published_pile_component_weights_v1,"published Pile component weights; static corpus-level candidate, not measured token exposure",0.089600,0.061200,0.003000,0.144000,0.015300,0.012400,0.075900,0.003800,0.051300,0.001400,0.021700,0.181100,0.008800,0.007300,0.006200,0.030700,0.036500,0.249800
794,EleutherAI/pythia-2.8b,2.782831,13000,27.263,2.4313,step13000,d8fdae79bb2ccaf3d090b72b3a39a18cf9f093c9,matched_unique,published_pile_component_weights_v1,"published Pile component weights; static corpus-level candidate, not measured token exposure",0.089600,0.061200,0.003000,0.144000,0.015300,0.012400,0.075900,0.003800,0.051300,0.001400,0.021700,0.181100,0.008800,0.007300,0.006200,0.030700,0.036500,0.249800
795,EleutherAI/pythia-2.8b,2.782831,14000,29.36,2.4212,step14000,a107083b69f9d7b074a7583347581ae71fbb439d,matched_unique,published_pile_component_weights_v1,"published Pile component weights; static corpus-level candidate, not measured token exposure",0.089600,0.061200,0.003000,0.144000,0.015300,0.012400,0.075900,0.003800,0.051300,0.001400,0.021700,0.181100,0.008800,0.007300,0.006200,0.030700,0.036500,0.249800
796,EleutherAI/pythia-2.8b,2.782831,15000,31.457,2.4123,step15000,253f6803c5e8bba4ac2c8cba6f14eb5583cd0dd8,matched_unique,published_pile_component_weights_v1,"published Pile component weights; static corpus-level candidate, not measured token exposure",0.089600,0.061200,0.003000,0.144000,0.015300,0.012400,0.075900,0.003800,0.051300,0.001400,0.021700,0.181100,0.008800,0.007300,0.006200,0.030700,0.036500,0.249800
797,EleutherAI/pythia-2.8b,2.782831,16000,33.554,2.4037,step16000,d86be5ee6523ec46075f22dd2230b8e346524d4f,matched_unique,published_pile_component_weights_v1,"published Pile component weights; static corpus-level candidate, not measured token exposure",0.089600,0.061200,0.003000,0.144000,0.015300,0.012400,0.075900,0.003800,0.051300,0.001400,0.021700,0.181100,0.008800,0.007300,0.006200,0.030700,0.036500,0.249800
798,EleutherAI/pythia-2.8b,2.782831,17000,35.652,2.396,step17000,6c621322bbd5e9b185fe6c516ae9b579b6d75ab2,matched_unique,published_pile_component_weights_v1,"published Pile component weights; static corpus-level candidate, not measured token exposure",0.089600,0.061200,0.003000,0.144000,0.015300,0.012400,0.075900,0.003800,0.051300,0.001400,0.021700,0.181100,0.008800,0.007300,0.006200,0.030700,0.036500,0.249800
799,EleutherAI/pythia-2.8b,2.782831,18000,37.749,2.3887,step18000,db65558751ad6cf0715de0ae931733efcc3cdeb8,matched_unique,published_pile_component_weights_v1,"published Pile component weights; static corpus-level candidate, not measured token exposure",0.089600,0.061200,0.003000,0.144000,0.015300,0.012400,0.075900,0.003800,0.051300,0.001400,0.021700,0.181100,0.008800,0.007300,0.006200,0.030700,0.036500,0.249800
800,EleutherAI/pythia-2.8b,2.782831,19000,39.846,2.3819,step19000,be6b3326080bf9e2507542df481102b5c64aa4ed,matched_unique,published_pile_component_weights_v1,"published Pile component weights; static corpus-level candidate, not measured token exposure",0.089600,0.061200,0.003000,0.144000,0.015300,0.012400,0.075900,0.003800,0.051300,0.001400,0.021700,0.181100,0.008800,0.007300,0.006200,0.030700,0.036500,0.249800
801,EleutherAI/pythia-2.8b,2.782831,20000,41.943,2.3757,step20000,9d53346f34b6a98320c42c1653009c576064b8ae,matched_unique,published_pile_component_weights_v1,"published Pile component weights; static corpus-level candidate, not measured token exposure",0.089600,0.061200,0.003000,0.144000,0.015300,0.012400,0.075900,0.003800,0.051300,0.001400,0.021700,0.181100,0.008800,0.007300,0.006200,0.030700,0.036500,0.249800
802,EleutherAI/pythia-2.8b,2.782831,21000,44.04,2.3697,step21000,327bcdb915e834518a956ab57d74bc80136b28b1,matched_unique,published_pile_component_weights_v1,"published Pile component weights; static corpus-level candidate, not measured token exposure",0.089600,0.061200,0.003000,0.144000,0.015300,0.012400,0.075900,0.003800,0.051300,0.001400,0.021700,0.181100,0.008800,0.007300,0.006200,0.030700,0.036500,0.249800
803,EleutherAI/pythia-2.8b,2.782831,22000,46.137,2.3642,step22000,13ef1a0ba8054068dd12c2bfcf18d0ccb55e4f2b,matched_unique,published_pile_component_weights_v1,"published Pile component weights; static corpus-level candidate, not measured token exposure",0.089600,0.061200,0.003000,0.144000,0.015300,0.012400,0.075900,0.003800,0.051300,0.001400,0.021700,0.181100,0.008800,0.007300,0.006200,0.030700,0.036500,0.249800
804,EleutherAI/pythia-2.8b,2.782831,23000,48.234,2.3589,step23000,4214fce66dc4d5abe53b8a5c7a3fa8207f376200,matched_unique,published_pile_component_weights_v1,"published Pile component weights; static corpus-level candidate, not measured token exposure",0.089600,0.061200,0.003000,0.144000,0.015300,0.012400,0.075900,0.003800,0.051300,0.001400,0.021700,0.181100,0.008800,0.007300,0.006200,0.030700,0.036500,0.249800
805,EleutherAI/pythia-2.8b,2.782831,24000,50.332,2.3539,step24000,b88662b9e54c2126e26214df071bd9cf3f155593,matched_unique,published_pile_component_weights_v1,"published Pile component weights; static corpus-level candidate, not measured token exposure",0.089600,0.061200,0.003000,0.144000,0.015300,0.012400,0.075900,0.003800,0.051300,0.001400,0.021700,0.181100,0.008800,0.007300,0.006200,0.030700,0.036500,0.249800
806,EleutherAI/pythia-2.8b,2.782831,25000,52.429,2.3492,step25000,2e71f3a780f3062eb259506b9b16f076ee1db4fb,matched_unique,published_pile_component_weights_v1,"published Pile component weights; static corpus-level candidate, not measured token exposure",0.089600,0.061200,0.003000,0.144000,0.015300,0.012400,0.075900,0.003800,0.051300,0.001400,0.021700,0.181100,0.008800,0.007300,0.006200,0.030700,0.036500,0.249800
807,EleutherAI/pythia-2.8b,2.782831,26000,54.526,2.3448,step26000,2a259cdd96a4beb1cdf467512e3904197345f6a9,matched_unique,published_pile_component_weights_v1,"published Pile component weights; static corpus-level candidate, not measured token exposure",0.089600,0.061200,0.003000,0.144000,0.015300,0.012400,0.075900,0.003800,0.051300,0.001400,0.021700,0.181100,0.008800,0.007300,0.006200,0.030700,0.036500,0.249800
808,EleutherAI/pythia-2.8b,2.782831,27000,56.623,2.3405,step27000,dfe36e43cab7a79ed3607c181ad34544163be220,matched_unique,published_pile_component_weights_v1,"published Pile component weights; static corpus-level candidate, not measured token exposure",0.089600,0.061200,0.003000,0.144000,0.015300,0.012400,0.075900,0.003800,0.051300,0.001400,0.021700,0.181100,0.008800,0.007300,0.006200,0.030700,0.036500,0.249800
809,EleutherAI/pythia-2.8b,2.782831,28000,58.72,2.3366,step28000,9e987d314ef61e4313d4ac8449e59f8d3fe16085,matched_unique,published_pile_component_weights_v1,"published Pile component weights; static corpus-level candidate, not measured token exposure",0.089600,0.061200,0.003000,0.144000,0.015300,0.012400,0.075900,0.003800,0.051300,0.001400,0.021700,0.181100,0.008800,0.007300,0.006200,0.030700,0.036500,0.249800
810,EleutherAI/pythia-2.8b,2.782831,29000,60.817,2.3325,step29000,d05e33764e3fecdf6d5d63a34ef24b280b772745,matched_unique,published_pile_component_weights_v1,"published Pile component weights; static corpus-level candidate, not measured token exposure",0.089600,0.061200,0.003000,0.144000,0.015300,0.012400,0.075900,0.003800,0.051300,0.001400,0.021700,0.181100,0.008800,0.007300,0.006200,0.030700,0.036500,0.249800
811,EleutherAI/pythia-2.8b,2.782831,30000,62.915,2.3288,step30000,ed1bad30d0885642974ecb9d20cd2b3144601360,matched_unique,published_pile_component_weights_v1,"published Pile component weights; static corpus-level candidate, not measured token exposure",0.089600,0.061200,0.003000,0.144000,0.015300,0.012400,0.075900,0.003800,0.051300,0.001400,0.021700,0.181100,0.008800,0.007300,0.006200,0.030700,0.036500,0.249800
812,EleutherAI/pythia-2.8b,2.782831,31000,65.012,2.3253,step31000,ba6a15c170c77f4ae3a70f1ddd09b792f8504bea,matched_unique,published_pile_component_weights_v1,"published Pile component weights; static corpus-level candidate, not measured token exposure",0.089600,0.061200,0.003000,0.144000,0.015300,0.012400,0.075900,0.003800,0.051300,0.001400,0.021700,0.181100,0.008800,0.007300,0.006200,0.030700,0.036500,0.249800
813,EleutherAI/pythia-2.8b,2.782831,32000,67.109,2.3221,step32000,8e9373fa05b5549002f3a29ecd4e1f5663cd1d4c,matched_unique,published_pile_component_weights_v1,"published Pile component weights; static corpus-level candidate, not measured token exposure",0.089600,0.061200,0.003000,0.144000,0.015300,0.012400,0.075900,0.003800,0.051300,0.001400,0.021700,0.181100,0.008800,0.007300,0.006200,0.030700,0.036500,0.249800
814,EleutherAI/pythia-2.8b,2.782831,33000,69.206,2.3186,step33000,0a571f9334e5fdca5949321f584b252d02ef2b41,matched_unique,published_pile_component_weights_v1,"published Pile component weights; static corpus-level candidate, not measured token exposure",0.089600,0.061200,0.003000,0.144000,0.015300,0.012400,0.075900,0.003800,0.051300,0.001400,0.021700,0.181100,0.008800,0.007300,0.006200,0.030700,0.036500,0.249800
815,EleutherAI/pythia-2.8b,2.782831,34000,71.303,2.3156,step34000,7ffa6ee91673784ddde56bf2ce1af7afd833cbeb,matched_unique,published_pile_component_weights_v1,"published Pile component weights; static corpus-level candidate, not measured token exposure",0.089600,0.061200,0.003000,0.144000,0.015300,0.012400,0.075900,0.003800,0.051300,0.001400,0.021700,0.181100,0.008800,0.007300,0.006200,0.030700,0.036500,0.249800
816,EleutherAI/pythia-2.8b,2.782831,35000,73.4,2.3123,step35000,25693cdbe7c21368550bbade45395070c2f8f2a8,matched_unique,published_pile_component_weights_v1,"published Pile component weights; static corpus-level candidate, not measured token exposure",0.089600,0.061200,0.003000,0.144000,0.015300,0.012400,0.075900,0.003800,0.051300,0.001400,0.021700,0.181100,0.008800,0.007300,0.006200,0.030700,0.036500,0.249800
817,EleutherAI/pythia-2.8b,2.782831,36000,75.497,2.3095,step36000,6dffeb0803fac758ce343931e69c5a10562a8320,matched_unique,published_pile_component_weights_v1,"published Pile component weights; static corpus-level candidate, not measured token exposure",0.089600,0.061200,0.003000,0.144000,0.015300,0.012400,0.075900,0.003800,0.051300,0.001400,0.021700,0.181100,0.008800,0.007300,0.006200,0.030700,0.036500,0.249800
818,EleutherAI/pythia-2.8b,2.782831,37000,77.595,2.3068,step37000,b58d93eb7d7cba742aa4d5f16b14da959b7a25fe,matched_unique,published_pile_component_weights_v1,"published Pile component weights; static corpus-level candidate, not measured token exposure",0.089600,0.061200,0.003000,0.144000,0.015300,0.012400,0.075900,0.003800,0.051300,0.001400,0.021700,0.181100,0.008800,0.007300,0.006200,0.030700,0.036500,0.249800
819,EleutherAI/pythia-2.8b,2.782831,38000,79.692,2.304,step38000,6d9bb3805a5e90e46a5506a75a4f2aa016b9e17a,matched_unique,published_pile_component_weights_v1,"published Pile component weights; static corpus-level candidate, not measured token exposure",0.089600,0.061200,0.003000,0.144000,0.015300,0.012400,0.075900,0.003800,0.051300,0.001400,0.021700,0.181100,0.008800,0.007300,0.006200,0.030700,0.036500,0.249800
820,EleutherAI/pythia-2.8b,2.782831,39000,81.789,2.3014,step39000,cd79c02f7ab52feb909cfecfd378dc67d3339741,matched_unique,published_pile_component_weights_v1,"published Pile component weights; static corpus-level candidate, not measured token exposure",0.089600,0.061200,0.003000,0.144000,0.015300,0.012400,0.075900,0.003800,0.051300,0.001400,0.021700,0.181100,0.008800,0.007300,0.006200,0.030700,0.036500,0.249800
821,EleutherAI/pythia-2.8b,2.782831,40000,83.886,2.2987,step40000,ee8603a33c96982181c23193582ada2756f5c403,matched_unique,published_pile_component_weights_v1,"published Pile component weights; static corpus-level candidate, not measured token exposure",0.089600,0.061200,0.003000,0.144000,0.015300,0.012400,0.075900,0.003800,0.051300,0.001400,0.021700,0.181100,0.008800,0.007300,0.006200,0.030700,0.036500,0.249800
822,EleutherAI/pythia-2.8b,2.782831,41000,85.983,2.2964,step41000,90635ee8964d9e204cd6682f1f8951ae59488b48,matched_unique,published_pile_component_weights_v1,"published Pile component weights; static corpus-level candidate, not measured token exposure",0.089600,0.061200,0.003000,0.144000,0.015300,0.012400,0.075900,0.003800,0.051300,0.001400,0.021700,0.181100,0.008800,0.007300,0.006200,0.030700,0.036500,0.249800
823,EleutherAI/pythia-2.8b,2.782831,42000,88.08,2.2941,step42000,fe593a602d5a2f11c5e5aef98578c01d5f467af1,matched_unique,published_pile_component_weights_v1,"published Pile component weights; static corpus-level candidate, not measured token exposure",0.089600,0.061200,0.003000,0.144000,0.015300,0.012400,0.075900,0.003800,0.051300,0.001400,0.021700,0.181100,0.008800,0.007300,0.006200,0.030700,0.036500,0.249800
824,EleutherAI/pythia-2.8b,2.782831,43000,90.178,2.2915,step43000,9fb6a30590b311d2f0ba5015a5676db17ae253c4,matched_unique,published_pile_component_weights_v1,"published Pile component weights; static corpus-level candidate, not measured token exposure",0.089600,0.061200,0.003000,0.144000,0.015300,0.012400,0.075900,0.003800,0.051300,0.001400,0.021700,0.181100,0.008800,0.007300,0.006200,0.030700,0.036500,0.249800
825,EleutherAI/pythia-2.8b,2.782831,44000,92.275,2.2893,step44000,0cb65a20c3d4f81490ef44b3f6ee2ac7dc3fd582,matched_unique,published_pile_component_weights_v1,"published Pile component weights; static corpus-level candidate, not measured token exposure",0.089600,0.061200,0.003000,0.144000,0.015300,0.012400,0.075900,0.003800,0.051300,0.001400,0.021700,0.181100,0.008800,0.007300,0.006200,0.030700,0.036500,0.249800
826,EleutherAI/pythia-2.8b,2.782831,45000,94.372,2.2873,step45000,839b22815d5379ce2b5a7b5c529a1470d4859b29,matched_unique,published_pile_component_weights_v1,"published Pile component weights; static corpus-level candidate, not measured token exposure",0.089600,0.061200,0.003000,0.144000,0.015300,0.012400,0.075900,0.003800,0.051300,0.001400,0.021700,0.181100,0.008800,0.007300,0.006200,0.030700,0.036500,0.249800
827,EleutherAI/pythia-2.8b,2.782831,46000,96.469,2.2851,step46000,526f0383004853b6814ab420935b41a53134d3c6,matched_unique,published_pile_component_weights_v1,"published Pile component weights; static corpus-level candidate, not measured token exposure",0.089600,0.061200,0.003000,0.144000,0.015300,0.012400,0.075900,0.003800,0.051300,0.001400,0.021700,0.181100,0.008800,0.007300,0.006200,0.030700,0.036500,0.249800
828,EleutherAI/pythia-2.8b,2.782831,47000,98.566,2.2829,step47000,a3689c752d841b67903e89ffcba83538ef61f947,matched_unique,published_pile_component_weights_v1,"published Pile component weights; static corpus-level candidate, not measured token exposure",0.089600,0.061200,0.003000,0.144000,0.015300,0.012400,0.075900,0.003800,0.051300,0.001400,0.021700,0.181100,0.008800,0.007300,0.006200,0.030700,0.036500,0.249800
829,EleutherAI/pythia-2.8b,2.782831,48000,100.663,2.2809,step48000,f4767b9237d1f980db38ef2a6eda06508bf6732b,matched_unique,published_pile_component_weights_v1,"published Pile component weights; static corpus-level candidate, not measured token exposure",0.089600,0.061200,0.003000,0.144000,0.015300,0.012400,0.075900,0.003800,0.051300,0.001400,0.021700,0.181100,0.008800,0.007300,0.006200,0.030700,0.036500,0.249800
830,EleutherAI/pythia-2.8b,2.782831,49000,102.76,2.2789,step49000,43a063f7333bab7e67d5eb6cc3b82c57e0cd20e7,matched_unique,published_pile_component_weights_v1,"published Pile component weights; static corpus-level candidate, not measured token exposure",0.089600,0.061200,0.003000,0.144000,0.015300,0.012400,0.075900,0.003800,0.051300,0.001400,0.021700,0.181100,0.008800,0.007300,0.006200,0.030700,0.036500,0.249800
831,EleutherAI/pythia-2.8b,2.782831,50000,104.858,2.2769,step50000,1936c7c2953079ceb4d564e0a01f0086bae5aab5,matched_unique,published_pile_component_weights_v1,"published Pile component weights; static corpus-level candidate, not measured token exposure",0.089600,0.061200,0.003000,0.144000,0.015300,0.012400,0.075900,0.003800,0.051300,0.001400,0.021700,0.181100,0.008800,0.007300,0.006200,0.030700,0.036500,0.249800
832,EleutherAI/pythia-2.8b,2.782831,51000,106.955,2.2751,step51000,5b27ae30bf8238574adabf2ac0a6e85d0bba7d6b,matched_unique,published_pile_component_weights_v1,"published Pile component weights; static corpus-level candidate, not measured token exposure",0.089600,0.061200,0.003000,0.144000,0.015300,0.012400,0.075900,0.003800,0.051300,0.001400,0.021700,0.181100,0.008800,0.007300,0.006200,0.030700,0.036500,0.249800
833,EleutherAI/pythia-2.8b,2.782831,52000,109.052,2.2733,step52000,7a0b660f677e79e98cb4484fcdc47768fbc227cc,matched_unique,published_pile_component_weights_v1,"published Pile component weights; static corpus-level candidate, not measured token exposure",0.089600,0.061200,0.003000,0.144000,0.015300,0.012400,0.075900,0.003800,0.051300,0.001400,0.021700,0.181100,0.008800,0.007300,0.006200,0.030700,0.036500,0.249800
834,EleutherAI/pythia-2.8b,2.782831,53000,111.149,2.2715,step53000,2a259cdd96a4beb1cdf467512e3904197345f6a9,matched_unique,published_pile_component_weights_v1,"published Pile component weights; static corpus-level candidate, not measured token exposure",0.089600,0.061200,0.003000,0.144000,0.015300,0.012400,0.075900,0.003800,0.051300,0.001400,0.021700,0.181100,0.008800,0.007300,0.006200,0.030700,0.036500,0.249800
835,EleutherAI/pythia-2.8b,2.782831,54000,113.246,2.2698,step54000,3246dc2f2baab9967050eaa2594344131df076ab,matched_unique,published_pile_component_weights_v1,"published Pile component weights; static corpus-level candidate, not measured token exposure",0.089600,0.061200,0.003000,0.144000,0.015300,0.012400,0.075900,0.003800,0.051300,0.001400,0.021700,0.181100,0.008800,0.007300,0.006200,0.030700,0.036500,0.249800
836,EleutherAI/pythia-2.8b,2.782831,55000,115.343,2.2682,step55000,4f4bbe29b98a336a835db205346da5f8fd15835b,matched_unique,published_pile_component_weights_v1,"published Pile component weights; static corpus-level candidate, not measured token exposure",0.089600,0.061200,0.003000,0.144000,0.015300,0.012400,0.075900,0.003800,0.051300,0.001400,0.021700,0.181100,0.008800,0.007300,0.006200,0.030700,0.036500,0.249800
837,EleutherAI/pythia-2.8b,2.782831,56000,117.441,2.2666,step56000,1455b4f83d39377deec7645652977d10ca7a4752,matched_unique,published_pile_component_weights_v1,"published Pile component weights; static corpus-level candidate, not measured token exposure",0.089600,0.061200,0.003000,0.144000,0.015300,0.012400,0.075900,0.003800,0.051300,0.001400,0.021700,0.181100,0.008800,0.007300,0.006200,0.030700,0.036500,0.249800
838,EleutherAI/pythia-2.8b,2.782831,57000,119.538,2.2648,step57000,5cd63dc2562a8ad3da70c23367545b23a0603a8b,matched_unique,published_pile_component_weights_v1,"published Pile component weights; static corpus-level candidate, not measured token exposure",0.089600,0.061200,0.003000,0.144000,0.015300,0.012400,0.075900,0.003800,0.051300,0.001400,0.021700,0.181100,0.008800,0.007300,0.006200,0.030700,0.036500,0.249800
839,EleutherAI/pythia-2.8b,2.782831,58000,121.635,2.2634,step58000,d6173462bad71f2b15f6cac70ab26980feaa621d,matched_unique,published_pile_component_weights_v1,"published Pile component weights; static corpus-level candidate, not measured token exposure",0.089600,0.061200,0.003000,0.144000,0.015300,0.012400,0.075900,0.003800,0.051300,0.001400,0.021700,0.181100,0.008800,0.007300,0.006200,0.030700,0.036500,0.249800
840,EleutherAI/pythia-2.8b,2.782831,59000,123.732,2.2617,step59000,853db3f3ca34894757da8500fac63ff0f4ff3cc4,matched_unique,published_pile_component_weights_v1,"published Pile component weights; static corpus-level candidate, not measured token exposure",0.089600,0.061200,0.003000,0.144000,0.015300,0.012400,0.075900,0.003800,0.051300,0.001400,0.021700,0.181100,0.008800,0.007300,0.006200,0.030700,0.036500,0.249800
841,EleutherAI/pythia-2.8b,2.782831,60000,125.829,2.2603,step60000,91c9da667d202b27bf3959ca8696c73c7a88f136,matched_unique,published_pile_component_weights_v1,"published Pile component weights; static corpus-level candidate, not measured token exposure",0.089600,0.061200,0.003000,0.144000,0.015300,0.012400,0.075900,0.003800,0.051300,0.001400,0.021700,0.181100,0.008800,0.007300,0.006200,0.030700,0.036500,0.249800
842,EleutherAI/pythia-2.8b,2.782831,61000,127.926,2.2588,step61000,ce482f00acf19ec5de56b24b895640b18755265d,matched_unique,published_pile_component_weights_v1,"published Pile component weights; static corpus-level candidate, not measured token exposure",0.089600,0.061200,0.003000,0.144000,0.015300,0.012400,0.075900,0.003800,0.051300,0.001400,0.021700,0.181100,0.008800,0.007300,0.006200,0.030700,0.036500,0.249800
843,EleutherAI/pythia-2.8b,2.782831,62000,130.023,2.2572,step62000,27a51d9c6cab060ff2b2a84e44084b04bd37176b,matched_unique,published_pile_component_weights_v1,"published Pile component weights; static corpus-level candidate, not measured token exposure",0.089600,0.061200,0.003000,0.144000,0.015300,0.012400,0.075900,0.003800,0.051300,0.001400,0.021700,0.181100,0.008800,0.007300,0.006200,0.030700,0.036500,0.249800
844,EleutherAI/pythia-2.8b,2.782831,63000,132.121,2.2559,step63000,6bc043d1a5865b5a004b153ca26a538067be6c26,matched_unique,published_pile_component_weights_v1,"published Pile component weights; static corpus-level candidate, not measured token exposure",0.089600,0.061200,0.003000,0.144000,0.015300,0.012400,0.075900,0.003800,0.051300,0.001400,0.021700,0.181100,0.008800,0.007300,0.006200,0.030700,0.036500,0.249800
845,EleutherAI/pythia-2.8b,2.782831,64000,134.218,2.2545,step64000,e4e0ac4e8cba6f7880e63a12c51858ed49d968b8,matched_unique,published_pile_component_weights_v1,"published Pile component weights; static corpus-level candidate, not measured token exposure",0.089600,0.061200,0.003000,0.144000,0.015300,0.012400,0.075900,0.003800,0.051300,0.001400,0.021700,0.181100,0.008800,0.007300,0.006200,0.030700,0.036500,0.249800
846,EleutherAI/pythia-2.8b,2.782831,65000,136.315,2.2532,step65000,baf86b8bad0d2e020f3a623fc0dd25fbb10570ea,matched_unique,published_pile_component_weights_v1,"published Pile component weights; static corpus-level candidate, not measured token exposure",0.089600,0.061200,0.003000,0.144000,0.015300,0.012400,0.075900,0.003800,0.051300,0.001400,0.021700,0.181100,0.008800,0.007300,0.006200,0.030700,0.036500,0.249800
847,EleutherAI/pythia-2.8b,2.782831,66000,138.412,2.2518,step66000,7673c318263a587cf343f7a3c9518362472cedb9,matched_unique,published_pile_component_weights_v1,"published Pile component weights; static corpus-level candidate, not measured token exposure",0.089600,0.061200,0.003000,0.144000,0.015300,0.012400,0.075900,0.003800,0.051300,0.001400,0.021700,0.181100,0.008800,0.007300,0.006200,0.030700,0.036500,0.249800
848,EleutherAI/pythia-2.8b,2.782831,67000,140.509,2.2507,step67000,c160d62f53c99b8a3881f0d90183c80109d7b43b,matched_unique,published_pile_component_weights_v1,"published Pile component weights; static corpus-level candidate, not measured token exposure",0.089600,0.061200,0.003000,0.144000,0.015300,0.012400,0.075900,0.003800,0.051300,0.001400,0.021700,0.181100,0.008800,0.007300,0.006200,0.030700,0.036500,0.249800
849,EleutherAI/pythia-2.8b,2.782831,68000,142.606,2.2492,step68000,7f81d6afacc3dfbcce73940645cfb3b75d8d5a5c,matched_unique,published_pile_component_weights_v1,"published Pile component weights; static corpus-level candidate, not measured token exposure",0.089600,0.061200,0.003000,0.144000,0.015300,0.012400,0.075900,0.003800,0.051300,0.001400,0.021700,0.181100,0.008800,0.007300,0.006200,0.030700,0.036500,0.249800
850,EleutherAI/pythia-2.8b,2.782831,69000,144.703,2.2479,step69000,edb5d71d5a3f14624dfafea202830c6d452cd5de,matched_unique,published_pile_component_weights_v1,"published Pile component weights; static corpus-level candidate, not measured token exposure",0.089600,0.061200,0.003000,0.144000,0.015300,0.012400,0.075900,0.003800,0.051300,0.001400,0.021700,0.181100,0.008800,0.007300,0.006200,0.030700,0.036500,0.249800
851,EleutherAI/pythia-2.8b,2.782831,70000,146.801,2.2467,step70000,ca5f5f4669b3bb626cd047a6087c4a9b7d9f1cd3,matched_unique,published_pile_component_weights_v1,"published Pile component weights; static corpus-level candidate, not measured token exposure",0.089600,0.061200,0.003000,0.144000,0.015300,0.012400,0.075900,0.003800,0.051300,0.001400,0.021700,0.181100,0.008800,0.007300,0.006200,0.030700,0.036500,0.249800
852,EleutherAI/pythia-2.8b,2.782831,71000,148.898,2.2455,step71000,28d65ab52778189e84d7ec18c28776dae0daf287,matched_unique,published_pile_component_weights_v1,"published Pile component weights; static corpus-level candidate, not measured token exposure",0.089600,0.061200,0.003000,0.144000,0.015300,0.012400,0.075900,0.003800,0.051300,0.001400,0.021700,0.181100,0.008800,0.007300,0.006200,0.030700,0.036500,0.249800
853,EleutherAI/pythia-2.8b,2.782831,72000,150.995,2.2443,step72000,2592ce1494fbad04eb766556f4e9d5be0fbe6601,matched_unique,published_pile_component_weights_v1,"published Pile component weights; static corpus-level candidate, not measured token exposure",0.089600,0.061200,0.003000,0.144000,0.015300,0.012400,0.075900,0.003800,0.051300,0.001400,0.021700,0.181100,0.008800,0.007300,0.006200,0.030700,0.036500,0.249800
854,EleutherAI/pythia-2.8b,2.782831,73000,153.092,2.2432,step73000,3fc2002b3ee1270a6f4e57cf656576ba71c000f1,matched_unique,published_pile_component_weights_v1,"published Pile component weights; static corpus-level candidate, not measured token exposure",0.089600,0.061200,0.003000,0.144000,0.015300,0.012400,0.075900,0.003800,0.051300,0.001400,0.021700,0.181100,0.008800,0.007300,0.006200,0.030700,0.036500,0.249800
855,EleutherAI/pythia-2.8b,2.782831,74000,155.189,2.2421,step74000,bd1f918bc1fd1575da387526371d00d46e4dabc8,matched_unique,published_pile_component_weights_v1,"published Pile component weights; static corpus-level candidate, not measured token exposure",0.089600,0.061200,0.003000,0.144000,0.015300,0.012400,0.075900,0.003800,0.051300,0.001400,0.021700,0.181100,0.008800,0.007300,0.006200,0.030700,0.036500,0.249800
856,EleutherAI/pythia-2.8b,2.782831,75000,157.286,2.2408,step75000,b1c869661842b70de638314499bba046bd2efb9f,matched_unique,published_pile_component_weights_v1,"published Pile component weights; static corpus-level candidate, not measured token exposure",0.089600,0.061200,0.003000,0.144000,0.015300,0.012400,0.075900,0.003800,0.051300,0.001400,0.021700,0.181100,0.008800,0.007300,0.006200,0.030700,0.036500,0.249800
857,EleutherAI/pythia-2.8b,2.782831,76000,159.384,2.2397,step76000,a1009b715b893f5eed3045c91f2f658245eb93c2,matched_unique,published_pile_component_weights_v1,"published Pile component weights; static corpus-level candidate, not measured token exposure",0.089600,0.061200,0.003000,0.144000,0.015300,0.012400,0.075900,0.003800,0.051300,0.001400,0.021700,0.181100,0.008800,0.007300,0.006200,0.030700,0.036500,0.249800
858,EleutherAI/pythia-2.8b,2.782831,77000,161.481,2.2387,step77000,8dec9a9c94e1827c6c487c1aa4c7ab0c0dda8c43,matched_unique,published_pile_component_weights_v1,"published Pile component weights; static corpus-level candidate, not measured token exposure",0.089600,0.061200,0.003000,0.144000,0.015300,0.012400,0.075900,0.003800,0.051300,0.001400,0.021700,0.181100,0.008800,0.007300,0.006200,0.030700,0.036500,0.249800
859,EleutherAI/pythia-2.8b,2.782831,78000,163.578,2.2375,step78000,b9c14c46c881d0e38359f837731ff6491aed1c6e,matched_unique,published_pile_component_weights_v1,"published Pile component weights; static corpus-level candidate, not measured token exposure",0.089600,0.061200,0.003000,0.144000,0.015300,0.012400,0.075900,0.003800,0.051300,0.001400,0.021700,0.181100,0.008800,0.007300,0.006200,0.030700,0.036500,0.249800
860,EleutherAI/pythia-2.8b,2.782831,79000,165.675,2.2366,step79000,7e17d81506135fa70052bde1b061c7f012520bf6,matched_unique,published_pile_component_weights_v1,"published Pile component weights; static corpus-level candidate, not measured token exposure",0.089600,0.061200,0.003000,0.144000,0.015300,0.012400,0.075900,0.003800,0.051300,0.001400,0.021700,0.181100,0.008800,0.007300,0.006200,0.030700,0.036500,0.249800
861,EleutherAI/pythia-2.8b,2.782831,80000,167.772,2.2355,step80000,9426b85966702077332b501434b5a54c9c40b5f6,matched_unique,published_pile_component_weights_v1,"published Pile component weights; static corpus-level candidate, not measured token exposure",0.089600,0.061200,0.003000,0.144000,0.015300,0.012400,0.075900,0.003800,0.051300,0.001400,0.021700,0.181100,0.008800,0.007300,0.006200,0.030700,0.036500,0.249800
862,EleutherAI/pythia-2.8b,2.782831,81000,169.869,2.2343,step81000,33cb7168065a1476decf37447fe12c5d69c69123,matched_unique,published_pile_component_weights_v1,"published Pile component weights; static corpus-level candidate, not measured token exposure",0.089600,0.061200,0.003000,0.144000,0.015300,0.012400,0.075900,0.003800,0.051300,0.001400,0.021700,0.181100,0.008800,0.007300,0.006200,0.030700,0.036500,0.249800
863,EleutherAI/pythia-2.8b,2.782831,82000,171.966,2.2336,step82000,2630b5251b659d1c9c03354b3f3c00e177f25ab9,matched_unique,published_pile_component_weights_v1,"published Pile component weights; static corpus-level candidate, not measured token exposure",0.089600,0.061200,0.003000,0.144000,0.015300,0.012400,0.075900,0.003800,0.051300,0.001400,0.021700,0.181100,0.008800,0.007300,0.006200,0.030700,0.036500,0.249800
864,EleutherAI/pythia-2.8b,2.782831,83000,174.064,2.2326,step83000,97fc342b2e76a5ce4b365a34225853209fbca6f5,matched_unique,published_pile_component_weights_v1,"published Pile component weights; static corpus-level candidate, not measured token exposure",0.089600,0.061200,0.003000,0.144000,0.015300,0.012400,0.075900,0.003800,0.051300,0.001400,0.021700,0.181100,0.008800,0.007300,0.006200,0.030700,0.036500,0.249800
865,EleutherAI/pythia-2.8b,2.782831,84000,176.161,2.2314,step84000,5a881336ea6ced2f39bd56f60d4a4d03f780be18,matched_unique,published_pile_component_weights_v1,"published Pile component weights; static corpus-level candidate, not measured token exposure",0.089600,0.061200,0.003000,0.144000,0.015300,0.012400,0.075900,0.003800,0.051300,0.001400,0.021700,0.181100,0.008800,0.007300,0.006200,0.030700,0.036500,0.249800
866,EleutherAI/pythia-2.8b,2.782831,85000,178.258,2.2305,step85000,637aab58ee83bfb710000e9bd07523c0d4fbe7e3,matched_unique,published_pile_component_weights_v1,"published Pile component weights; static corpus-level candidate, not measured token exposure",0.089600,0.061200,0.003000,0.144000,0.015300,0.012400,0.075900,0.003800,0.051300,0.001400,0.021700,0.181100,0.008800,0.007300,0.006200,0.030700,0.036500,0.249800
867,EleutherAI/pythia-2.8b,2.782831,86000,180.355,2.2296,step86000,164713cb14d50d666b04b9dd78e646f35341a12f,matched_unique,published_pile_component_weights_v1,"published Pile component weights; static corpus-level candidate, not measured token exposure",0.089600,0.061200,0.003000,0.144000,0.015300,0.012400,0.075900,0.003800,0.051300,0.001400,0.021700,0.181100,0.008800,0.007300,0.006200,0.030700,0.036500,0.249800
868,EleutherAI/pythia-2.8b,2.782831,87000,182.452,2.2286,step87000,86edbfe0d8970d89bddb2d548365cdcfcd6168f2,matched_unique,published_pile_component_weights_v1,"published Pile component weights; static corpus-level candidate, not measured token exposure",0.089600,0.061200,0.003000,0.144000,0.015300,0.012400,0.075900,0.003800,0.051300,0.001400,0.021700,0.181100,0.008800,0.007300,0.006200,0.030700,0.036500,0.249800
869,EleutherAI/pythia-2.8b,2.782831,88000,184.549,2.2277,step88000,1ef82ba7e7c1a687b756385f8c08869b45951368,matched_unique,published_pile_component_weights_v1,"published Pile component weights; static corpus-level candidate, not measured token exposure",0.089600,0.061200,0.003000,0.144000,0.015300,0.012400,0.075900,0.003800,0.051300,0.001400,0.021700,0.181100,0.008800,0.007300,0.006200,0.030700,0.036500,0.249800
870,EleutherAI/pythia-2.8b,2.782831,89000,186.647,2.2269,step89000,11cb76bf81c9552a15c0871d43243abb8a7caf20,matched_unique,published_pile_component_weights_v1,"published Pile component weights; static corpus-level candidate, not measured token exposure",0.089600,0.061200,0.003000,0.144000,0.015300,0.012400,0.075900,0.003800,0.051300,0.001400,0.021700,0.181100,0.008800,0.007300,0.006200,0.030700,0.036500,0.249800
871,EleutherAI/pythia-2.8b,2.782831,90000,188.744,2.2259,step90000,19ef1525c3a6230b2f36998e2ee294ff43625d6b,matched_unique,published_pile_component_weights_v1,"published Pile component weights; static corpus-level candidate, not measured token exposure",0.089600,0.061200,0.003000,0.144000,0.015300,0.012400,0.075900,0.003800,0.051300,0.001400,0.021700,0.181100,0.008800,0.007300,0.006200,0.030700,0.036500,0.249800
872,EleutherAI/pythia-2.8b,2.782831,91000,190.841,2.2249,step91000,dbd479debc329ffe2fb25ed8692b831dee38a165,matched_unique,published_pile_component_weights_v1,"published Pile component weights; static corpus-level candidate, not measured token exposure",0.089600,0.061200,0.003000,0.144000,0.015300,0.012400,0.075900,0.003800,0.051300,0.001400,0.021700,0.181100,0.008800,0.007300,0.006200,0.030700,0.036500,0.249800
873,EleutherAI/pythia-2.8b,2.782831,92000,192.938,2.224,step92000,99e969c8fbd7c710e234c6e83c9447fe900ba8d1,matched_unique,published_pile_component_weights_v1,"published Pile component weights; static corpus-level candidate, not measured token exposure",0.089600,0.061200,0.003000,0.144000,0.015300,0.012400,0.075900,0.003800,0.051300,0.001400,0.021700,0.181100,0.008800,0.007300,0.006200,0.030700,0.036500,0.249800
874,EleutherAI/pythia-2.8b,2.782831,93000,195.035,2.2232,step93000,5d878156dac3513d38ecb56926112dfc7eb5b148,matched_unique,published_pile_component_weights_v1,"published Pile component weights; static corpus-level candidate, not measured token exposure",0.089600,0.061200,0.003000,0.144000,0.015300,0.012400,0.075900,0.003800,0.051300,0.001400,0.021700,0.181100,0.008800,0.007300,0.006200,0.030700,0.036500,0.249800
875,EleutherAI/pythia-2.8b,2.782831,94000,197.132,2.2224,step94000,441ae393e3ba53e29739485a6a8e0524de1fde71,matched_unique,published_pile_component_weights_v1,"published Pile component weights; static corpus-level candidate, not measured token exposure",0.089600,0.061200,0.003000,0.144000,0.015300,0.012400,0.075900,0.003800,0.051300,0.001400,0.021700,0.181100,0.008800,0.007300,0.006200,0.030700,0.036500,0.249800
876,EleutherAI/pythia-2.8b,2.782831,95000,199.229,2.2217,step95000,0f9edef1d6c14635056c9a538bb09781517ce48e,matched_unique,published_pile_component_weights_v1,"published Pile component weights; static corpus-level candidate, not measured token exposure",0.089600,0.061200,0.003000,0.144000,0.015300,0.012400,0.075900,0.003800,0.051300,0.001400,0.021700,0.181100,0.008800,0.007300,0.006200,0.030700,0.036500,0.249800
877,EleutherAI/pythia-2.8b,2.782831,96000,201.327,2.2207,step96000,3bf413664219d13abab09a4befcef3a44c364464,matched_unique,published_pile_component_weights_v1,"published Pile component weights; static corpus-level candidate, not measured token exposure",0.089600,0.061200,0.003000,0.144000,0.015300,0.012400,0.075900,0.003800,0.051300,0.001400,0.021700,0.181100,0.008800,0.007300,0.006200,0.030700,0.036500,0.249800
878,EleutherAI/pythia-2.8b,2.782831,97000,203.424,2.22,step97000,abf73fea3f48ff0cf1474c09ba1e3555bad615d6,matched_unique,published_pile_component_weights_v1,"published Pile component weights; static corpus-level candidate, not measured token exposure",0.089600,0.061200,0.003000,0.144000,0.015300,0.012400,0.075900,0.003800,0.051300,0.001400,0.021700,0.181100,0.008800,0.007300,0.006200,0.030700,0.036500,0.249800
879,EleutherAI/pythia-2.8b,2.782831,98000,205.521,2.2191,step98000,5b9c8d7756a0e4cf297192d0aeca3687492d95f5,matched_unique,published_pile_component_weights_v1,"published Pile component weights; static corpus-level candidate, not measured token exposure",0.089600,0.061200,0.003000,0.144000,0.015300,0.012400,0.075900,0.003800,0.051300,0.001400,0.021700,0.181100,0.008800,0.007300,0.006200,0.030700,0.036500,0.249800
880,EleutherAI/pythia-2.8b,2.782831,99000,207.618,2.2184,step99000,68172d2242cd5430e8210ecbafed7cc0425f16a2,matched_unique,published_pile_component_weights_v1,"published Pile component weights; static corpus-level candidate, not measured token exposure",0.089600,0.061200,0.003000,0.144000,0.015300,0.012400,0.075900,0.003800,0.051300,0.001400,0.021700,0.181100,0.008800,0.007300,0.006200,0.030700,0.036500,0.249800
881,EleutherAI/pythia-2.8b,2.782831,100000,209.715,2.2178,step100000,668bcb3f3a13a908d6c5e21566fa2bdc2d9c8c65,matched_unique,published_pile_component_weights_v1,"published Pile component weights; static corpus-level candidate, not measured token exposure",0.089600,0.061200,0.003000,0.144000,0.015300,0.012400,0.075900,0.003800,0.051300,0.001400,0.021700,0.181100,0.008800,0.007300,0.006200,0.030700,0.036500,0.249800
882,EleutherAI/pythia-2.8b,2.782831,101000,211.812,2.2168,step101000,f819677a28e886a9b1fd8607cce4c44ca3395a7e,matched_unique,published_pile_component_weights_v1,"published Pile component weights; static corpus-level candidate, not measured token exposure",0.089600,0.061200,0.003000,0.144000,0.015300,0.012400,0.075900,0.003800,0.051300,0.001400,0.021700,0.181100,0.008800,0.007300,0.006200,0.030700,0.036500,0.249800
883,EleutherAI/pythia-2.8b,2.782831,102000,213.91,2.216,step102000,f86458126cabfa52b26d2edb986707dd099817e4,matched_unique,published_pile_component_weights_v1,"published Pile component weights; static corpus-level candidate, not measured token exposure",0.089600,0.061200,0.003000,0.144000,0.015300,0.012400,0.075900,0.003800,0.051300,0.001400,0.021700,0.181100,0.008800,0.007300,0.006200,0.030700,0.036500,0.249800
884,EleutherAI/pythia-2.8b,2.782831,103000,216.007,2.2154,step103000,2a259cdd96a4beb1cdf467512e3904197345f6a9,matched_unique,published_pile_component_weights_v1,"published Pile component weights; static corpus-level candidate, not measured token exposure",0.089600,0.061200,0.003000,0.144000,0.015300,0.012400,0.075900,0.003800,0.051300,0.001400,0.021700,0.181100,0.008800,0.007300,0.006200,0.030700,0.036500,0.249800
885,EleutherAI/pythia-2.8b,2.782831,104000,218.104,2.2146,step104000,23fe5c95565f13116115332bad322b3059e7911d,matched_unique,published_pile_component_weights_v1,"published Pile component weights; static corpus-level candidate, not measured token exposure",0.089600,0.061200,0.003000,0.144000,0.015300,0.012400,0.075900,0.003800,0.051300,0.001400,0.021700,0.181100,0.008800,0.007300,0.006200,0.030700,0.036500,0.249800
886,EleutherAI/pythia-2.8b,2.782831,105000,220.201,2.214,step105000,1f59ae1f0f7ee038653966671d934b9b3b61d151,matched_unique,published_pile_component_weights_v1,"published Pile component weights; static corpus-level candidate, not measured token exposure",0.089600,0.061200,0.003000,0.144000,0.015300,0.012400,0.075900,0.003800,0.051300,0.001400,0.021700,0.181100,0.008800,0.007300,0.006200,0.030700,0.036500,0.249800
887,EleutherAI/pythia-2.8b,2.782831,106000,222.298,2.2131,step106000,61f9347dfa1ebd7c357ed5d3f5840cf8fa54e3e8,matched_unique,published_pile_component_weights_v1,"published Pile component weights; static corpus-level candidate, not measured token exposure",0.089600,0.061200,0.003000,0.144000,0.015300,0.012400,0.075900,0.003800,0.051300,0.001400,0.021700,0.181100,0.008800,0.007300,0.006200,0.030700,0.036500,0.249800
888,EleutherAI/pythia-2.8b,2.782831,107000,224.395,2.2123,step107000,e0de67a0b5c6cb84a2bbe61c8985c6c068941186,matched_unique,published_pile_component_weights_v1,"published Pile component weights; static corpus-level candidate, not measured token exposure",0.089600,0.061200,0.003000,0.144000,0.015300,0.012400,0.075900,0.003800,0.051300,0.001400,0.021700,0.181100,0.008800,0.007300,0.006200,0.030700,0.036500,0.249800
889,EleutherAI/pythia-2.8b,2.782831,108000,226.492,2.2117,step108000,986b6d4a6710670199650cd32520852e5bc5bc17,matched_unique,published_pile_component_weights_v1,"published Pile component weights; static corpus-level candidate, not measured token exposure",0.089600,0.061200,0.003000,0.144000,0.015300,0.012400,0.075900,0.003800,0.051300,0.001400,0.021700,0.181100,0.008800,0.007300,0.006200,0.030700,0.036500,0.249800
890,EleutherAI/pythia-2.8b,2.782831,109000,228.59,2.211,step109000,a2a697fae212fdaae6b559f473c503da23e43b31,matched_unique,published_pile_component_weights_v1,"published Pile component weights; static corpus-level candidate, not measured token exposure",0.089600,0.061200,0.003000,0.144000,0.015300,0.012400,0.075900,0.003800,0.051300,0.001400,0.021700,0.181100,0.008800,0.007300,0.006200,0.030700,0.036500,0.249800
891,EleutherAI/pythia-2.8b,2.782831,110000,230.687,2.2103,step110000,3874b59206f83e51ee217175f34e1b2f2916dc8d,matched_unique,published_pile_component_weights_v1,"published Pile component weights; static corpus-level candidate, not measured token exposure",0.089600,0.061200,0.003000,0.144000,0.015300,0.012400,0.075900,0.003800,0.051300,0.001400,0.021700,0.181100,0.008800,0.007300,0.006200,0.030700,0.036500,0.249800
892,EleutherAI/pythia-2.8b,2.782831,111000,232.784,2.2096,step111000,3990e8dff7507a81db8640d6ee0b64f76ce2c87b,matched_unique,published_pile_component_weights_v1,"published Pile component weights; static corpus-level candidate, not measured token exposure",0.089600,0.061200,0.003000,0.144000,0.015300,0.012400,0.075900,0.003800,0.051300,0.001400,0.021700,0.181100,0.008800,0.007300,0.006200,0.030700,0.036500,0.249800
893,EleutherAI/pythia-2.8b,2.782831,112000,234.881,2.209,step112000,59b75d4b206f372517c32df6e646388fae430e80,matched_unique,published_pile_component_weights_v1,"published Pile component weights; static corpus-level candidate, not measured token exposure",0.089600,0.061200,0.003000,0.144000,0.015300,0.012400,0.075900,0.003800,0.051300,0.001400,0.021700,0.181100,0.008800,0.007300,0.006200,0.030700,0.036500,0.249800
894,EleutherAI/pythia-2.8b,2.782831,113000,236.978,2.2083,step113000,dfd25e0ab4aa4d52a0e5648b0cfae349cd4904f4,matched_unique,published_pile_component_weights_v1,"published Pile component weights; static corpus-level candidate, not measured token exposure",0.089600,0.061200,0.003000,0.144000,0.015300,0.012400,0.075900,0.003800,0.051300,0.001400,0.021700,0.181100,0.008800,0.007300,0.006200,0.030700,0.036500,0.249800
895,EleutherAI/pythia-2.8b,2.782831,114000,239.075,2.2077,step114000,6f666ac96ff61e7faaa319a9074f39f033d92aa0,matched_unique,published_pile_component_weights_v1,"published Pile component weights; static corpus-level candidate, not measured token exposure",0.089600,0.061200,0.003000,0.144000,0.015300,0.012400,0.075900,0.003800,0.051300,0.001400,0.021700,0.181100,0.008800,0.007300,0.006200,0.030700,0.036500,0.249800
896,EleutherAI/pythia-2.8b,2.782831,115000,241.172,2.207,step115000,897f8a3b31dd6c6ee5e6e4b73a15b1eedf927951,matched_unique,published_pile_component_weights_v1,"published Pile component weights; static corpus-level candidate, not measured token exposure",0.089600,0.061200,0.003000,0.144000,0.015300,0.012400,0.075900,0.003800,0.051300,0.001400,0.021700,0.181100,0.008800,0.007300,0.006200,0.030700,0.036500,0.249800
897,EleutherAI/pythia-2.8b,2.782831,116000,243.27,2.2063,step116000,048c0ed49674d2df4a3f1c0fab5e8baf2b057ba5,matched_unique,published_pile_component_weights_v1,"published Pile component weights; static corpus-level candidate, not measured token exposure",0.089600,0.061200,0.003000,0.144000,0.015300,0.012400,0.075900,0.003800,0.051300,0.001400,0.021700,0.181100,0.008800,0.007300,0.006200,0.030700,0.036500,0.249800
898,EleutherAI/pythia-2.8b,2.782831,117000,245.367,2.2056,step117000,88445aee4bfb1b5f34f3f4820bf84b25731bd8e7,matched_unique,published_pile_component_weights_v1,"published Pile component weights; static corpus-level candidate, not measured token exposure",0.089600,0.061200,0.003000,0.144000,0.015300,0.012400,0.075900,0.003800,0.051300,0.001400,0.021700,0.181100,0.008800,0.007300,0.006200,0.030700,0.036500,0.249800
899,EleutherAI/pythia-2.8b,2.782831,118000,247.464,2.2051,step118000,45ac22485b14e5ca8fdae07293451f7782e16b6e,matched_unique,published_pile_component_weights_v1,"published Pile component weights; static corpus-level candidate, not measured token exposure",0.089600,0.061200,0.003000,0.144000,0.015300,0.012400,0.075900,0.003800,0.051300,0.001400,0.021700,0.181100,0.008800,0.007300,0.006200,0.030700,0.036500,0.249800
900,EleutherAI/pythia-2.8b,2.782831,119000,249.561,2.2043,step119000,90ccf75af5c3b61908a93ef349ae6f80a97d0a55,matched_unique,published_pile_component_weights_v1,"published Pile component weights; static corpus-level candidate, not measured token exposure",0.089600,0.061200,0.003000,0.144000,0.015300,0.012400,0.075900,0.003800,0.051300,0.001400,0.021700,0.181100,0.008800,0.007300,0.006200,0.030700,0.036500,0.249800
901,EleutherAI/pythia-2.8b,2.782831,120000,251.658,2.2038,step120000,6da387d5fb726c1f7d32994a02dd2620579e5a00,matched_unique,published_pile_component_weights_v1,"published Pile component weights; static corpus-level candidate, not measured token exposure",0.089600,0.061200,0.003000,0.144000,0.015300,0.012400,0.075900,0.003800,0.051300,0.001400,0.021700,0.181100,0.008800,0.007300,0.006200,0.030700,0.036500,0.249800
902,EleutherAI/pythia-2.8b,2.782831,121000,253.755,2.2031,step121000,8f639d88204da57e94c1d671a7a4e099a167d97c,matched_unique,published_pile_component_weights_v1,"published Pile component weights; static corpus-level candidate, not measured token exposure",0.089600,0.061200,0.003000,0.144000,0.015300,0.012400,0.075900,0.003800,0.051300,0.001400,0.021700,0.181100,0.008800,0.007300,0.006200,0.030700,0.036500,0.249800
903,EleutherAI/pythia-2.8b,2.782831,122000,255.853,2.2025,step122000,d646800fed90ebc6b03b7b50030b23c41fd8d91a,matched_unique,published_pile_component_weights_v1,"published Pile component weights; static corpus-level candidate, not measured token exposure",0.089600,0.061200,0.003000,0.144000,0.015300,0.012400,0.075900,0.003800,0.051300,0.001400,0.021700,0.181100,0.008800,0.007300,0.006200,0.030700,0.036500,0.249800
904,EleutherAI/pythia-2.8b,2.782831,123000,257.95,2.202,step123000,483e1492ea1fc84b2aabd77ae9ad3d36741175d8,matched_unique,published_pile_component_weights_v1,"published Pile component weights; static corpus-level candidate, not measured token exposure",0.089600,0.061200,0.003000,0.144000,0.015300,0.012400,0.075900,0.003800,0.051300,0.001400,0.021700,0.181100,0.008800,0.007300,0.006200,0.030700,0.036500,0.249800
905,EleutherAI/pythia-2.8b,2.782831,124000,260.047,2.2014,step124000,ad60c7556f782df990a6d3feada2d2eeaaf27568,matched_unique,published_pile_component_weights_v1,"published Pile component weights; static corpus-level candidate, not measured token exposure",0.089600,0.061200,0.003000,0.144000,0.015300,0.012400,0.075900,0.003800,0.051300,0.001400,0.021700,0.181100,0.008800,0.007300,0.006200,0.030700,0.036500,0.249800
906,EleutherAI/pythia-2.8b,2.782831,125000,262.144,2.2008,step125000,068c56d713ff1ca4eb2fdf3f290e6093a4bc0d05,matched_unique,published_pile_component_weights_v1,"published Pile component weights; static corpus-level candidate, not measured token exposure",0.089600,0.061200,0.003000,0.144000,0.015300,0.012400,0.075900,0.003800,0.051300,0.001400,0.021700,0.181100,0.008800,0.007300,0.006200,0.030700,0.036500,0.249800
907,EleutherAI/pythia-2.8b,2.782831,126000,264.241,2.2001,step126000,71d3de4841055005326fc75b69fdbdf1402d5c90,matched_unique,published_pile_component_weights_v1,"published Pile component weights; static corpus-level candidate, not measured token exposure",0.089600,0.061200,0.003000,0.144000,0.015300,0.012400,0.075900,0.003800,0.051300,0.001400,0.021700,0.181100,0.008800,0.007300,0.006200,0.030700,0.036500,0.249800
908,EleutherAI/pythia-2.8b,2.782831,127000,266.338,2.1997,step127000,ea2c1cc3f83f1c51696e8388559e62c73d7e95d1,matched_unique,published_pile_component_weights_v1,"published Pile component weights; static corpus-level candidate, not measured token exposure",0.089600,0.061200,0.003000,0.144000,0.015300,0.012400,0.075900,0.003800,0.051300,0.001400,0.021700,0.181100,0.008800,0.007300,0.006200,0.030700,0.036500,0.249800
909,EleutherAI/pythia-2.8b,2.782831,128000,268.435,2.1991,step128000,5ec59540bfdbc706c4a52de55a9f159742eb79c7,matched_unique,published_pile_component_weights_v1,"published Pile component weights; static corpus-level candidate, not measured token exposure",0.089600,0.061200,0.003000,0.144000,0.015300,0.012400,0.075900,0.003800,0.051300,0.001400,0.021700,0.181100,0.008800,0.007300,0.006200,0.030700,0.036500,0.249800
910,EleutherAI/pythia-2.8b,2.782831,129000,270.533,2.1986,step129000,226817f9b8147b3bca48dbbe1e05a9afc3f78d3e,matched_unique,published_pile_component_weights_v1,"published Pile component weights; static corpus-level candidate, not measured token exposure",0.089600,0.061200,0.003000,0.144000,0.015300,0.012400,0.075900,0.003800,0.051300,0.001400,0.021700,0.181100,0.008800,0.007300,0.006200,0.030700,0.036500,0.249800
911,EleutherAI/pythia-2.8b,2.782831,130000,272.63,2.1979,step130000,0e13f76de6fd6710184fdc83f6bc4c2a0776d803,matched_unique,published_pile_component_weights_v1,"published Pile component weights; static corpus-level candidate, not measured token exposure",0.089600,0.061200,0.003000,0.144000,0.015300,0.012400,0.075900,0.003800,0.051300,0.001400,0.021700,0.181100,0.008800,0.007300,0.006200,0.030700,0.036500,0.249800
912,EleutherAI/pythia-2.8b,2.782831,131000,274.727,2.1974,step131000,384f1240b8189ecdfdef462f6fbd0c383e39fd10,matched_unique,published_pile_component_weights_v1,"published Pile component weights; static corpus-level candidate, not measured token exposure",0.089600,0.061200,0.003000,0.144000,0.015300,0.012400,0.075900,0.003800,0.051300,0.001400,0.021700,0.181100,0.008800,0.007300,0.006200,0.030700,0.036500,0.249800
913,EleutherAI/pythia-2.8b,2.782831,132000,276.824,2.1968,step132000,8189d7bebb067a38c00084dec8a94d92c6c8604f,matched_unique,published_pile_component_weights_v1,"published Pile component weights; static corpus-level candidate, not measured token exposure",0.089600,0.061200,0.003000,0.144000,0.015300,0.012400,0.075900,0.003800,0.051300,0.001400,0.021700,0.181100,0.008800,0.007300,0.006200,0.030700,0.036500,0.249800
914,EleutherAI/pythia-2.8b,2.782831,133000,278.921,2.1964,step133000,07ed91ef6b291130b5241a2d353833e1961c4ade,matched_unique,published_pile_component_weights_v1,"published Pile component weights; static corpus-level candidate, not measured token exposure",0.089600,0.061200,0.003000,0.144000,0.015300,0.012400,0.075900,0.003800,0.051300,0.001400,0.021700,0.181100,0.008800,0.007300,0.006200,0.030700,0.036500,0.249800
915,EleutherAI/pythia-2.8b,2.782831,134000,281.018,2.1957,step134000,8ffb7d7213cb5f19c8a4ff9a0b24f808a1fd8039,matched_unique,published_pile_component_weights_v1,"published Pile component weights; static corpus-level candidate, not measured token exposure",0.089600,0.061200,0.003000,0.144000,0.015300,0.012400,0.075900,0.003800,0.051300,0.001400,0.021700,0.181100,0.008800,0.007300,0.006200,0.030700,0.036500,0.249800
916,EleutherAI/pythia-2.8b,2.782831,135000,283.116,2.1952,step135000,512fd360bfc5e5d6e5aa4f2b6134617b5b079143,matched_unique,published_pile_component_weights_v1,"published Pile component weights; static corpus-level candidate, not measured token exposure",0.089600,0.061200,0.003000,0.144000,0.015300,0.012400,0.075900,0.003800,0.051300,0.001400,0.021700,0.181100,0.008800,0.007300,0.006200,0.030700,0.036500,0.249800
917,EleutherAI/pythia-2.8b,2.782831,136000,285.213,2.1947,step136000,fa421f3d65710867ccea17d83b2e32ad5d320c90,matched_unique,published_pile_component_weights_v1,"published Pile component weights; static corpus-level candidate, not measured token exposure",0.089600,0.061200,0.003000,0.144000,0.015300,0.012400,0.075900,0.003800,0.051300,0.001400,0.021700,0.181100,0.008800,0.007300,0.006200,0.030700,0.036500,0.249800
918,EleutherAI/pythia-2.8b,2.782831,137000,287.31,2.1942,step137000,fb7c4e409ed4b3e9b22d09822a89ddad358e5177,matched_unique,published_pile_component_weights_v1,"published Pile component weights; static corpus-level candidate, not measured token exposure",0.089600,0.061200,0.003000,0.144000,0.015300,0.012400,0.075900,0.003800,0.051300,0.001400,0.021700,0.181100,0.008800,0.007300,0.006200,0.030700,0.036500,0.249800
919,EleutherAI/pythia-2.8b,2.782831,138000,289.407,2.1936,step138000,2785278d6c255defd33bcb64cb99bd53a49d8765,matched_unique,published_pile_component_weights_v1,"published Pile component weights; static corpus-level candidate, not measured token exposure",0.089600,0.061200,0.003000,0.144000,0.015300,0.012400,0.075900,0.003800,0.051300,0.001400,0.021700,0.181100,0.008800,0.007300,0.006200,0.030700,0.036500,0.249800
920,EleutherAI/pythia-2.8b,2.782831,139000,291.504,2.1931,step139000,6e0fa755aea540e9bfa7f912b2717d280328ec0f,matched_unique,published_pile_component_weights_v1,"published Pile component weights; static corpus-level candidate, not measured token exposure",0.089600,0.061200,0.003000,0.144000,0.015300,0.012400,0.075900,0.003800,0.051300,0.001400,0.021700,0.181100,0.008800,0.007300,0.006200,0.030700,0.036500,0.249800
921,EleutherAI/pythia-2.8b,2.782831,140000,293.601,2.1927,step140000,d814d45ed5af3c344405cb7909f6a03dd19787f8,matched_unique,published_pile_component_weights_v1,"published Pile component weights; static corpus-level candidate, not measured token exposure",0.089600,0.061200,0.003000,0.144000,0.015300,0.012400,0.075900,0.003800,0.051300,0.001400,0.021700,0.181100,0.008800,0.007300,0.006200,0.030700,0.036500,0.249800
922,EleutherAI/pythia-2.8b,2.782831,141000,295.698,2.192,step141000,1dc9025e04009244259f2b588c695684c77aade3,matched_unique,published_pile_component_weights_v1,"published Pile component weights; static corpus-level candidate, not measured token exposure",0.089600,0.061200,0.003000,0.144000,0.015300,0.012400,0.075900,0.003800,0.051300,0.001400,0.021700,0.181100,0.008800,0.007300,0.006200,0.030700,0.036500,0.249800
923,EleutherAI/pythia-2.8b,2.782831,142000,297.796,2.1916,step142000,c040f766b2a7d1e38c9f0f54b07ec669a5bd9f9d,matched_unique,published_pile_component_weights_v1,"published Pile component weights; static corpus-level candidate, not measured token exposure",0.089600,0.061200,0.003000,0.144000,0.015300,0.012400,0.075900,0.003800,0.051300,0.001400,0.021700,0.181100,0.008800,0.007300,0.006200,0.030700,0.036500,0.249800
924,EleutherAI/pythia-2.8b,2.782831,143000,299.893,2.1911,step143000,dbe7ae300a54abcdc475a33907b3dff81d25709f,matched_unique,published_pile_component_weights_v1,"published Pile component weights; static corpus-level candidate, not measured token exposure",0.089600,0.061200,0.003000,0.144000,0.015300,0.012400,0.075900,0.003800,0.051300,0.001400,0.021700,0.181100,0.008800,0.007300,0.006200,0.030700,0.036500,0.249800
932,EleutherAI/pythia-6.9b,6.86104,64,0.134,4.0512,step64,a67dfe563714a64791d1acc20c70fd1a4cb70a8e,matched_unique,published_pile_component_weights_v1,"published Pile component weights; static corpus-level candidate, not measured token exposure",0.089600,0.061200,0.003000,0.144000,0.015300,0.012400,0.075900,0.003800,0.051300,0.001400,0.021700,0.181100,0.008800,0.007300,0.006200,0.030700,0.036500,0.249800
933,EleutherAI/pythia-6.9b,6.86104,128,0.268,3.6658,step128,1df65fc416608afd013f3a2581eeb974587ae29c,matched_unique,published_pile_component_weights_v1,"published Pile component weights; static corpus-level candidate, not measured token exposure",0.089600,0.061200,0.003000,0.144000,0.015300,0.012400,0.075900,0.003800,0.051300,0.001400,0.021700,0.181100,0.008800,0.007300,0.006200,0.030700,0.036500,0.249800
934,EleutherAI/pythia-6.9b,6.86104,256,0.537,3.3494,step256,b20fb714961a8243ada70c81ace0d574a392c8cf,matched_unique,published_pile_component_weights_v1,"published Pile component weights; static corpus-level candidate, not measured token exposure",0.089600,0.061200,0.003000,0.144000,0.015300,0.012400,0.075900,0.003800,0.051300,0.001400,0.021700,0.181100,0.008800,0.007300,0.006200,0.030700,0.036500,0.249800
935,EleutherAI/pythia-6.9b,6.86104,512,1.074,3.0899,step512,f416976e0448b96f5c2e197a1595ed0c9b74a3da,matched_unique,published_pile_component_weights_v1,"published Pile component weights; static corpus-level candidate, not measured token exposure",0.089600,0.061200,0.003000,0.144000,0.015300,0.012400,0.075900,0.003800,0.051300,0.001400,0.021700,0.181100,0.008800,0.007300,0.006200,0.030700,0.036500,0.249800
936,EleutherAI/pythia-6.9b,6.86104,1000,2.097,2.8818,step1000,b60298d785b2af9d959b217964fda8ed6a0554a1,matched_unique,published_pile_component_weights_v1,"published Pile component weights; static corpus-level candidate, not measured token exposure",0.089600,0.061200,0.003000,0.144000,0.015300,0.012400,0.075900,0.003800,0.051300,0.001400,0.021700,0.181100,0.008800,0.007300,0.006200,0.030700,0.036500,0.249800
937,EleutherAI/pythia-6.9b,6.86104,2000,4.194,2.7039,step2000,4f4977f6177dad1adb3a06a115c86e3b9ef57be7,matched_unique,published_pile_component_weights_v1,"published Pile component weights; static corpus-level candidate, not measured token exposure",0.089600,0.061200,0.003000,0.144000,0.015300,0.012400,0.075900,0.003800,0.051300,0.001400,0.021700,0.181100,0.008800,0.007300,0.006200,0.030700,0.036500,0.249800
938,EleutherAI/pythia-6.9b,6.86104,3000,6.291,2.6151,step3000,176abc95d8844d46961e5ea3181cb2ff834effc2,matched_unique,published_pile_component_weights_v1,"published Pile component weights; static corpus-level candidate, not measured token exposure",0.089600,0.061200,0.003000,0.144000,0.015300,0.012400,0.075900,0.003800,0.051300,0.001400,0.021700,0.181100,0.008800,0.007300,0.006200,0.030700,0.036500,0.249800
939,EleutherAI/pythia-6.9b,6.86104,4000,8.389,2.5577,step4000,15137e104850d7ed56210b1030e5497059a40c0d,matched_unique,published_pile_component_weights_v1,"published Pile component weights; static corpus-level candidate, not measured token exposure",0.089600,0.061200,0.003000,0.144000,0.015300,0.012400,0.075900,0.003800,0.051300,0.001400,0.021700,0.181100,0.008800,0.007300,0.006200,0.030700,0.036500,0.249800
940,EleutherAI/pythia-6.9b,6.86104,5000,10.486,2.5161,step5000,7f4ff3d1cfe9cd4b823d9ab03226f39ccc1c537d,matched_unique,published_pile_component_weights_v1,"published Pile component weights; static corpus-level candidate, not measured token exposure",0.089600,0.061200,0.003000,0.144000,0.015300,0.012400,0.075900,0.003800,0.051300,0.001400,0.021700,0.181100,0.008800,0.007300,0.006200,0.030700,0.036500,0.249800
941,EleutherAI/pythia-6.9b,6.86104,6000,12.583,2.4841,step6000,03392bd940b2bfa5ef66084521abf36452a10be1,matched_unique,published_pile_component_weights_v1,"published Pile component weights; static corpus-level candidate, not measured token exposure",0.089600,0.061200,0.003000,0.144000,0.015300,0.012400,0.075900,0.003800,0.051300,0.001400,0.021700,0.181100,0.008800,0.007300,0.006200,0.030700,0.036500,0.249800
942,EleutherAI/pythia-6.9b,6.86104,7000,14.68,2.4586,step7000,f79a8a71c243c543a722ef5ece214c602f943db2,matched_unique,published_pile_component_weights_v1,"published Pile component weights; static corpus-level candidate, not measured token exposure",0.089600,0.061200,0.003000,0.144000,0.015300,0.012400,0.075900,0.003800,0.051300,0.001400,0.021700,0.181100,0.008800,0.007300,0.006200,0.030700,0.036500,0.249800
943,EleutherAI/pythia-6.9b,6.86104,8000,16.777,2.4371,step8000,30b0f018d22eee417933d31922961b3ee35f2b2a,matched_unique,published_pile_component_weights_v1,"published Pile component weights; static corpus-level candidate, not measured token exposure",0.089600,0.061200,0.003000,0.144000,0.015300,0.012400,0.075900,0.003800,0.051300,0.001400,0.021700,0.181100,0.008800,0.007300,0.006200,0.030700,0.036500,0.249800
944,EleutherAI/pythia-6.9b,6.86104,9000,18.874,2.4187,step9000,4ea6db9c52b40422d1372a2abb39836a197a36ab,matched_unique,published_pile_component_weights_v1,"published Pile component weights; static corpus-level candidate, not measured token exposure",0.089600,0.061200,0.003000,0.144000,0.015300,0.012400,0.075900,0.003800,0.051300,0.001400,0.021700,0.181100,0.008800,0.007300,0.006200,0.030700,0.036500,0.249800
945,EleutherAI/pythia-6.9b,6.86104,10000,20.972,2.4032,step10000,b1fc3bd1f00eacbd23e545c6ea97d8522f98d46b,matched_unique,published_pile_component_weights_v1,"published Pile component weights; static corpus-level candidate, not measured token exposure",0.089600,0.061200,0.003000,0.144000,0.015300,0.012400,0.075900,0.003800,0.051300,0.001400,0.021700,0.181100,0.008800,0.007300,0.006200,0.030700,0.036500,0.249800
946,EleutherAI/pythia-6.9b,6.86104,11000,23.069,2.3889,step11000,4d6b94a0267690ef8f28596415fe5fe8ef7f5e4e,matched_unique,published_pile_component_weights_v1,"published Pile component weights; static corpus-level candidate, not measured token exposure",0.089600,0.061200,0.003000,0.144000,0.015300,0.012400,0.075900,0.003800,0.051300,0.001400,0.021700,0.181100,0.008800,0.007300,0.006200,0.030700,0.036500,0.249800
947,EleutherAI/pythia-6.9b,6.86104,12000,25.166,2.3764,step12000,a546fccbf1d48be3012b656cc21f80e57584afd7,matched_unique,published_pile_component_weights_v1,"published Pile component weights; static corpus-level candidate, not measured token exposure",0.089600,0.061200,0.003000,0.144000,0.015300,0.012400,0.075900,0.003800,0.051300,0.001400,0.021700,0.181100,0.008800,0.007300,0.006200,0.030700,0.036500,0.249800
948,EleutherAI/pythia-6.9b,6.86104,13000,27.263,2.3654,step13000,c6f8d5084c749ec14a01c5c5fa3f1829f93a4fc9,matched_unique,published_pile_component_weights_v1,"published Pile component weights; static corpus-level candidate, not measured token exposure",0.089600,0.061200,0.003000,0.144000,0.015300,0.012400,0.075900,0.003800,0.051300,0.001400,0.021700,0.181100,0.008800,0.007300,0.006200,0.030700,0.036500,0.249800
949,EleutherAI/pythia-6.9b,6.86104,14000,29.36,2.3553,step14000,17463349e6eda907664a94ebbb84ce2e2fc51b8c,matched_unique,published_pile_component_weights_v1,"published Pile component weights; static corpus-level candidate, not measured token exposure",0.089600,0.061200,0.003000,0.144000,0.015300,0.012400,0.075900,0.003800,0.051300,0.001400,0.021700,0.181100,0.008800,0.007300,0.006200,0.030700,0.036500,0.249800
950,EleutherAI/pythia-6.9b,6.86104,15000,31.457,2.3462,step15000,7e4d5977b61f9ba7884dfc3f7b5c72f5f6123e90,matched_unique,published_pile_component_weights_v1,"published Pile component weights; static corpus-level candidate, not measured token exposure",0.089600,0.061200,0.003000,0.144000,0.015300,0.012400,0.075900,0.003800,0.051300,0.001400,0.021700,0.181100,0.008800,0.007300,0.006200,0.030700,0.036500,0.249800
951,EleutherAI/pythia-6.9b,6.86104,16000,33.554,2.3377,step16000,5c96b47f1e1f2ee0257ad0c5390a725069de95df,matched_unique,published_pile_component_weights_v1,"published Pile component weights; static corpus-level candidate, not measured token exposure",0.089600,0.061200,0.003000,0.144000,0.015300,0.012400,0.075900,0.003800,0.051300,0.001400,0.021700,0.181100,0.008800,0.007300,0.006200,0.030700,0.036500,0.249800
952,EleutherAI/pythia-6.9b,6.86104,17000,35.652,2.3299,step17000,d57744253e25c2c3f9b272d4a0a635ca0acf532c,matched_unique,published_pile_component_weights_v1,"published Pile component weights; static corpus-level candidate, not measured token exposure",0.089600,0.061200,0.003000,0.144000,0.015300,0.012400,0.075900,0.003800,0.051300,0.001400,0.021700,0.181100,0.008800,0.007300,0.006200,0.030700,0.036500,0.249800
953,EleutherAI/pythia-6.9b,6.86104,18000,37.749,2.3225,step18000,05d8822aea4528d2e6d498142b90d1908a9817e9,matched_unique,published_pile_component_weights_v1,"published Pile component weights; static corpus-level candidate, not measured token exposure",0.089600,0.061200,0.003000,0.144000,0.015300,0.012400,0.075900,0.003800,0.051300,0.001400,0.021700,0.181100,0.008800,0.007300,0.006200,0.030700,0.036500,0.249800
954,EleutherAI/pythia-6.9b,6.86104,19000,39.846,2.3161,step19000,acb37642656ab777aa1fb703328ce57a0c7a03a8,matched_unique,published_pile_component_weights_v1,"published Pile component weights; static corpus-level candidate, not measured token exposure",0.089600,0.061200,0.003000,0.144000,0.015300,0.012400,0.075900,0.003800,0.051300,0.001400,0.021700,0.181100,0.008800,0.007300,0.006200,0.030700,0.036500,0.249800
955,EleutherAI/pythia-6.9b,6.86104,20000,41.943,2.3096,step20000,f6ff74ac703ba2c7e542e0310ad0a03f8f1481fa,matched_unique,published_pile_component_weights_v1,"published Pile component weights; static corpus-level candidate, not measured token exposure",0.089600,0.061200,0.003000,0.144000,0.015300,0.012400,0.075900,0.003800,0.051300,0.001400,0.021700,0.181100,0.008800,0.007300,0.006200,0.030700,0.036500,0.249800
956,EleutherAI/pythia-6.9b,6.86104,21000,44.04,2.3038,step21000,5110fb1021c38eaa4b9f5fa43427474a86dad6b6,matched_unique,published_pile_component_weights_v1,"published Pile component weights; static corpus-level candidate, not measured token exposure",0.089600,0.061200,0.003000,0.144000,0.015300,0.012400,0.075900,0.003800,0.051300,0.001400,0.021700,0.181100,0.008800,0.007300,0.006200,0.030700,0.036500,0.249800
957,EleutherAI/pythia-6.9b,6.86104,22000,46.137,2.2982,step22000,309a0c76490518e1cfe1a9d4bb9d015b1e4226f3,matched_unique,published_pile_component_weights_v1,"published Pile component weights; static corpus-level candidate, not measured token exposure",0.089600,0.061200,0.003000,0.144000,0.015300,0.012400,0.075900,0.003800,0.051300,0.001400,0.021700,0.181100,0.008800,0.007300,0.006200,0.030700,0.036500,0.249800
958,EleutherAI/pythia-6.9b,6.86104,23000,48.234,2.2929,step23000,7fe42e83d1bcea143711c801bc2f3402902807b4,matched_unique,published_pile_component_weights_v1,"published Pile component weights; static corpus-level candidate, not measured token exposure",0.089600,0.061200,0.003000,0.144000,0.015300,0.012400,0.075900,0.003800,0.051300,0.001400,0.021700,0.181100,0.008800,0.007300,0.006200,0.030700,0.036500,0.249800
959,EleutherAI/pythia-6.9b,6.86104,24000,50.332,2.288,step24000,53c0b3722f42fea2cecbeb99a8f6cc053c49d7fb,matched_unique,published_pile_component_weights_v1,"published Pile component weights; static corpus-level candidate, not measured token exposure",0.089600,0.061200,0.003000,0.144000,0.015300,0.012400,0.075900,0.003800,0.051300,0.001400,0.021700,0.181100,0.008800,0.007300,0.006200,0.030700,0.036500,0.249800
960,EleutherAI/pythia-6.9b,6.86104,25000,52.429,2.2832,step25000,01fe44ccb2afd2a10d0f5910d24394cf00c7f932,matched_unique,published_pile_component_weights_v1,"published Pile component weights; static corpus-level candidate, not measured token exposure",0.089600,0.061200,0.003000,0.144000,0.015300,0.012400,0.075900,0.003800,0.051300,0.001400,0.021700,0.181100,0.008800,0.007300,0.006200,0.030700,0.036500,0.249800
961,EleutherAI/pythia-6.9b,6.86104,26000,54.526,2.2788,step26000,d0f1ea5d72db917872d030c7979c8b6e48e6fe73,matched_unique,published_pile_component_weights_v1,"published Pile component weights; static corpus-level candidate, not measured token exposure",0.089600,0.061200,0.003000,0.144000,0.015300,0.012400,0.075900,0.003800,0.051300,0.001400,0.021700,0.181100,0.008800,0.007300,0.006200,0.030700,0.036500,0.249800
962,EleutherAI/pythia-6.9b,6.86104,27000,56.623,2.2746,step27000,fe905098d60b6d3dccfd6175ff831881fe4a4f87,matched_unique,published_pile_component_weights_v1,"published Pile component weights; static corpus-level candidate, not measured token exposure",0.089600,0.061200,0.003000,0.144000,0.015300,0.012400,0.075900,0.003800,0.051300,0.001400,0.021700,0.181100,0.008800,0.007300,0.006200,0.030700,0.036500,0.249800
963,EleutherAI/pythia-6.9b,6.86104,28000,58.72,2.2704,step28000,5552a2f17cabc72736e03edd77162e0b32d6d258,matched_unique,published_pile_component_weights_v1,"published Pile component weights; static corpus-level candidate, not measured token exposure",0.089600,0.061200,0.003000,0.144000,0.015300,0.012400,0.075900,0.003800,0.051300,0.001400,0.021700,0.181100,0.008800,0.007300,0.006200,0.030700,0.036500,0.249800
964,EleutherAI/pythia-6.9b,6.86104,29000,60.817,2.2666,step29000,6eca6c29b3b32fcdfa2cf156c1719a2ed4431bbc,matched_unique,published_pile_component_weights_v1,"published Pile component weights; static corpus-level candidate, not measured token exposure",0.089600,0.061200,0.003000,0.144000,0.015300,0.012400,0.075900,0.003800,0.051300,0.001400,0.021700,0.181100,0.008800,0.007300,0.006200,0.030700,0.036500,0.249800
965,EleutherAI/pythia-6.9b,6.86104,30000,62.915,2.2628,step30000,383e80e490981efe565f8c49cb5e7b125c48d7d6,matched_unique,published_pile_component_weights_v1,"published Pile component weights; static corpus-level candidate, not measured token exposure",0.089600,0.061200,0.003000,0.144000,0.015300,0.012400,0.075900,0.003800,0.051300,0.001400,0.021700,0.181100,0.008800,0.007300,0.006200,0.030700,0.036500,0.249800
966,EleutherAI/pythia-6.9b,6.86104,31000,65.012,2.2594,step31000,94acf29dfe44b7f048a959ef11cabfb31033bae2,matched_unique,published_pile_component_weights_v1,"published Pile component weights; static corpus-level candidate, not measured token exposure",0.089600,0.061200,0.003000,0.144000,0.015300,0.012400,0.075900,0.003800,0.051300,0.001400,0.021700,0.181100,0.008800,0.007300,0.006200,0.030700,0.036500,0.249800
967,EleutherAI/pythia-6.9b,6.86104,32000,67.109,2.2558,step32000,554e5adfd737b258837ccf4d0c4dfa4e382c1a31,matched_unique,published_pile_component_weights_v1,"published Pile component weights; static corpus-level candidate, not measured token exposure",0.089600,0.061200,0.003000,0.144000,0.015300,0.012400,0.075900,0.003800,0.051300,0.001400,0.021700,0.181100,0.008800,0.007300,0.006200,0.030700,0.036500,0.249800
968,EleutherAI/pythia-6.9b,6.86104,33000,69.206,2.2528,step33000,027124776216a2dbcdcbdffec3f4b45a1fd739a6,matched_unique,published_pile_component_weights_v1,"published Pile component weights; static corpus-level candidate, not measured token exposure",0.089600,0.061200,0.003000,0.144000,0.015300,0.012400,0.075900,0.003800,0.051300,0.001400,0.021700,0.181100,0.008800,0.007300,0.006200,0.030700,0.036500,0.249800
969,EleutherAI/pythia-6.9b,6.86104,34000,71.303,2.2494,step34000,5ed587849eb7390d64a7d8a51f26be678c62aa76,matched_unique,published_pile_component_weights_v1,"published Pile component weights; static corpus-level candidate, not measured token exposure",0.089600,0.061200,0.003000,0.144000,0.015300,0.012400,0.075900,0.003800,0.051300,0.001400,0.021700,0.181100,0.008800,0.007300,0.006200,0.030700,0.036500,0.249800
970,EleutherAI/pythia-6.9b,6.86104,35000,73.4,2.2463,step35000,7511eb8796ac43df2a93b05d2974eb2866018beb,matched_unique,published_pile_component_weights_v1,"published Pile component weights; static corpus-level candidate, not measured token exposure",0.089600,0.061200,0.003000,0.144000,0.015300,0.012400,0.075900,0.003800,0.051300,0.001400,0.021700,0.181100,0.008800,0.007300,0.006200,0.030700,0.036500,0.249800
971,EleutherAI/pythia-6.9b,6.86104,36000,75.497,2.2435,step36000,c286e37cdce3ba3dd89d0414720c4817eb11c002,matched_unique,published_pile_component_weights_v1,"published Pile component weights; static corpus-level candidate, not measured token exposure",0.089600,0.061200,0.003000,0.144000,0.015300,0.012400,0.075900,0.003800,0.051300,0.001400,0.021700,0.181100,0.008800,0.007300,0.006200,0.030700,0.036500,0.249800
972,EleutherAI/pythia-6.9b,6.86104,37000,77.595,2.2406,step37000,571038cd2c7ee16dcb9583ddad4b5901e177392d,matched_unique,published_pile_component_weights_v1,"published Pile component weights; static corpus-level candidate, not measured token exposure",0.089600,0.061200,0.003000,0.144000,0.015300,0.012400,0.075900,0.003800,0.051300,0.001400,0.021700,0.181100,0.008800,0.007300,0.006200,0.030700,0.036500,0.249800
973,EleutherAI/pythia-6.9b,6.86104,38000,79.692,2.238,step38000,e3264945e144661b6aeec6c4e11ed5ab679566b4,matched_unique,published_pile_component_weights_v1,"published Pile component weights; static corpus-level candidate, not measured token exposure",0.089600,0.061200,0.003000,0.144000,0.015300,0.012400,0.075900,0.003800,0.051300,0.001400,0.021700,0.181100,0.008800,0.007300,0.006200,0.030700,0.036500,0.249800
974,EleutherAI/pythia-6.9b,6.86104,39000,81.789,2.2352,step39000,27d6dc82d22588f263070b0c7599cd5ba4caa7a2,matched_unique,published_pile_component_weights_v1,"published Pile component weights; static corpus-level candidate, not measured token exposure",0.089600,0.061200,0.003000,0.144000,0.015300,0.012400,0.075900,0.003800,0.051300,0.001400,0.021700,0.181100,0.008800,0.007300,0.006200,0.030700,0.036500,0.249800
975,EleutherAI/pythia-6.9b,6.86104,40000,83.886,2.2327,step40000,c61eb4fd56716a0d2b7ade3d83fea06110e3a660,matched_unique,published_pile_component_weights_v1,"published Pile component weights; static corpus-level candidate, not measured token exposure",0.089600,0.061200,0.003000,0.144000,0.015300,0.012400,0.075900,0.003800,0.051300,0.001400,0.021700,0.181100,0.008800,0.007300,0.006200,0.030700,0.036500,0.249800
976,EleutherAI/pythia-6.9b,6.86104,41000,85.983,2.2301,step41000,740ec743d58ba36a8df1be99eb78a651b8a77b68,matched_unique,published_pile_component_weights_v1,"published Pile component weights; static corpus-level candidate, not measured token exposure",0.089600,0.061200,0.003000,0.144000,0.015300,0.012400,0.075900,0.003800,0.051300,0.001400,0.021700,0.181100,0.008800,0.007300,0.006200,0.030700,0.036500,0.249800
977,EleutherAI/pythia-6.9b,6.86104,42000,88.08,2.2278,step42000,430ac4a419bdf3cb9aeda707ae3d3b01e9011079,matched_unique,published_pile_component_weights_v1,"published Pile component weights; static corpus-level candidate, not measured token exposure",0.089600,0.061200,0.003000,0.144000,0.015300,0.012400,0.075900,0.003800,0.051300,0.001400,0.021700,0.181100,0.008800,0.007300,0.006200,0.030700,0.036500,0.249800
978,EleutherAI/pythia-6.9b,6.86104,43000,90.178,2.2253,step43000,5928aa83354aa35f9a5a6999bb899a6b14faa512,matched_unique,published_pile_component_weights_v1,"published Pile component weights; static corpus-level candidate, not measured token exposure",0.089600,0.061200,0.003000,0.144000,0.015300,0.012400,0.075900,0.003800,0.051300,0.001400,0.021700,0.181100,0.008800,0.007300,0.006200,0.030700,0.036500,0.249800
979,EleutherAI/pythia-6.9b,6.86104,44000,92.275,2.2231,step44000,2c65e187ae624c15b02643f7dc8f94741d090fdc,matched_unique,published_pile_component_weights_v1,"published Pile component weights; static corpus-level candidate, not measured token exposure",0.089600,0.061200,0.003000,0.144000,0.015300,0.012400,0.075900,0.003800,0.051300,0.001400,0.021700,0.181100,0.008800,0.007300,0.006200,0.030700,0.036500,0.249800
980,EleutherAI/pythia-6.9b,6.86104,45000,94.372,2.2212,step45000,b2522cc98d2654a985c0c7b5e28cd4e1aa741024,matched_unique,published_pile_component_weights_v1,"published Pile component weights; static corpus-level candidate, not measured token exposure",0.089600,0.061200,0.003000,0.144000,0.015300,0.012400,0.075900,0.003800,0.051300,0.001400,0.021700,0.181100,0.008800,0.007300,0.006200,0.030700,0.036500,0.249800
981,EleutherAI/pythia-6.9b,6.86104,46000,96.469,2.219,step46000,27b901f7c31bd156d0724f7e64590d16bb50646b,matched_unique,published_pile_component_weights_v1,"published Pile component weights; static corpus-level candidate, not measured token exposure",0.089600,0.061200,0.003000,0.144000,0.015300,0.012400,0.075900,0.003800,0.051300,0.001400,0.021700,0.181100,0.008800,0.007300,0.006200,0.030700,0.036500,0.249800
982,EleutherAI/pythia-6.9b,6.86104,47000,98.566,2.2169,step47000,b92eb8beecbf80d9a6f755eee2cec67bb09c989c,matched_unique,published_pile_component_weights_v1,"published Pile component weights; static corpus-level candidate, not measured token exposure",0.089600,0.061200,0.003000,0.144000,0.015300,0.012400,0.075900,0.003800,0.051300,0.001400,0.021700,0.181100,0.008800,0.007300,0.006200,0.030700,0.036500,0.249800
983,EleutherAI/pythia-6.9b,6.86104,48000,100.663,2.2148,step48000,f66ac5cb4b86805e59e10c54147ba8e38f6c746f,matched_unique,published_pile_component_weights_v1,"published Pile component weights; static corpus-level candidate, not measured token exposure",0.089600,0.061200,0.003000,0.144000,0.015300,0.012400,0.075900,0.003800,0.051300,0.001400,0.021700,0.181100,0.008800,0.007300,0.006200,0.030700,0.036500,0.249800
984,EleutherAI/pythia-6.9b,6.86104,49000,102.76,2.2129,step49000,2af628e42e34dd98aa36e3920564de09a27f934c,matched_unique,published_pile_component_weights_v1,"published Pile component weights; static corpus-level candidate, not measured token exposure",0.089600,0.061200,0.003000,0.144000,0.015300,0.012400,0.075900,0.003800,0.051300,0.001400,0.021700,0.181100,0.008800,0.007300,0.006200,0.030700,0.036500,0.249800
985,EleutherAI/pythia-6.9b,6.86104,50000,104.858,2.211,step50000,dfc8ac2b59167271552992c6aa245ed86c4e6732,matched_unique,published_pile_component_weights_v1,"published Pile component weights; static corpus-level candidate, not measured token exposure",0.089600,0.061200,0.003000,0.144000,0.015300,0.012400,0.075900,0.003800,0.051300,0.001400,0.021700,0.181100,0.008800,0.007300,0.006200,0.030700,0.036500,0.249800
986,EleutherAI/pythia-6.9b,6.86104,51000,106.955,2.209,step51000,eb0dd1e02d25c1517b2590238785fd620622fd92,matched_unique,published_pile_component_weights_v1,"published Pile component weights; static corpus-level candidate, not measured token exposure",0.089600,0.061200,0.003000,0.144000,0.015300,0.012400,0.075900,0.003800,0.051300,0.001400,0.021700,0.181100,0.008800,0.007300,0.006200,0.030700,0.036500,0.249800
987,EleutherAI/pythia-6.9b,6.86104,52000,109.052,2.2074,step52000,448a30c8eee3ff84129efc2f74f9c7b46898ac9f,matched_unique,published_pile_component_weights_v1,"published Pile component weights; static corpus-level candidate, not measured token exposure",0.089600,0.061200,0.003000,0.144000,0.015300,0.012400,0.075900,0.003800,0.051300,0.001400,0.021700,0.181100,0.008800,0.007300,0.006200,0.030700,0.036500,0.249800
988,EleutherAI/pythia-6.9b,6.86104,53000,111.149,2.2056,step53000,f4435160baec720ae1595143899998c94188178b,matched_unique,published_pile_component_weights_v1,"published Pile component weights; static corpus-level candidate, not measured token exposure",0.089600,0.061200,0.003000,0.144000,0.015300,0.012400,0.075900,0.003800,0.051300,0.001400,0.021700,0.181100,0.008800,0.007300,0.006200,0.030700,0.036500,0.249800
989,EleutherAI/pythia-6.9b,6.86104,54000,113.246,2.2038,step54000,f111524520bbbca6f3b43a168014530b9ab28d76,matched_unique,published_pile_component_weights_v1,"published Pile component weights; static corpus-level candidate, not measured token exposure",0.089600,0.061200,0.003000,0.144000,0.015300,0.012400,0.075900,0.003800,0.051300,0.001400,0.021700,0.181100,0.008800,0.007300,0.006200,0.030700,0.036500,0.249800
990,EleutherAI/pythia-6.9b,6.86104,55000,115.343,2.2021,step55000,0111e0e4a906d6c66e40aae52b52f7e0c10ae5ce,matched_unique,published_pile_component_weights_v1,"published Pile component weights; static corpus-level candidate, not measured token exposure",0.089600,0.061200,0.003000,0.144000,0.015300,0.012400,0.075900,0.003800,0.051300,0.001400,0.021700,0.181100,0.008800,0.007300,0.006200,0.030700,0.036500,0.249800
991,EleutherAI/pythia-6.9b,6.86104,56000,117.441,2.2005,step56000,115d5543a8dd0b4fa1571996304a96f73ae1e041,matched_unique,published_pile_component_weights_v1,"published Pile component weights; static corpus-level candidate, not measured token exposure",0.089600,0.061200,0.003000,0.144000,0.015300,0.012400,0.075900,0.003800,0.051300,0.001400,0.021700,0.181100,0.008800,0.007300,0.006200,0.030700,0.036500,0.249800
992,EleutherAI/pythia-6.9b,6.86104,57000,119.538,2.1987,step57000,051c7a75dd575ebb8b08bf29cc2c66db776de23d,matched_unique,published_pile_component_weights_v1,"published Pile component weights; static corpus-level candidate, not measured token exposure",0.089600,0.061200,0.003000,0.144000,0.015300,0.012400,0.075900,0.003800,0.051300,0.001400,0.021700,0.181100,0.008800,0.007300,0.006200,0.030700,0.036500,0.249800
993,EleutherAI/pythia-6.9b,6.86104,58000,121.635,2.1973,step58000,3fb58c7bf10d060601fd40ac43bffc7640441535,matched_unique,published_pile_component_weights_v1,"published Pile component weights; static corpus-level candidate, not measured token exposure",0.089600,0.061200,0.003000,0.144000,0.015300,0.012400,0.075900,0.003800,0.051300,0.001400,0.021700,0.181100,0.008800,0.007300,0.006200,0.030700,0.036500,0.249800
994,EleutherAI/pythia-6.9b,6.86104,59000,123.732,2.1957,step59000,863f27223ffd39fd987bcc9a78790c4aa10def52,matched_unique,published_pile_component_weights_v1,"published Pile component weights; static corpus-level candidate, not measured token exposure",0.089600,0.061200,0.003000,0.144000,0.015300,0.012400,0.075900,0.003800,0.051300,0.001400,0.021700,0.181100,0.008800,0.007300,0.006200,0.030700,0.036500,0.249800
995,EleutherAI/pythia-6.9b,6.86104,60000,125.829,2.1941,step60000,d71da6fa83025f252d316cfc26977ac2c858450c,matched_unique,published_pile_component_weights_v1,"published Pile component weights; static corpus-level candidate, not measured token exposure",0.089600,0.061200,0.003000,0.144000,0.015300,0.012400,0.075900,0.003800,0.051300,0.001400,0.021700,0.181100,0.008800,0.007300,0.006200,0.030700,0.036500,0.249800
996,EleutherAI/pythia-6.9b,6.86104,61000,127.926,2.1927,step61000,4f4d0a32c2fd0ba9d708ae79416ed7625034504a,matched_unique,published_pile_component_weights_v1,"published Pile component weights; static corpus-level candidate, not measured token exposure",0.089600,0.061200,0.003000,0.144000,0.015300,0.012400,0.075900,0.003800,0.051300,0.001400,0.021700,0.181100,0.008800,0.007300,0.006200,0.030700,0.036500,0.249800
997,EleutherAI/pythia-6.9b,6.86104,62000,130.023,2.1914,step62000,2f00eb24184ac3c8943e4692fedb213f9de1adb6,matched_unique,published_pile_component_weights_v1,"published Pile component weights; static corpus-level candidate, not measured token exposure",0.089600,0.061200,0.003000,0.144000,0.015300,0.012400,0.075900,0.003800,0.051300,0.001400,0.021700,0.181100,0.008800,0.007300,0.006200,0.030700,0.036500,0.249800
998,EleutherAI/pythia-6.9b,6.86104,63000,132.121,2.1899,step63000,2dc97a49dfea4622b0398d6c67af9104c6de2c8d,matched_unique,published_pile_component_weights_v1,"published Pile component weights; static corpus-level candidate, not measured token exposure",0.089600,0.061200,0.003000,0.144000,0.015300,0.012400,0.075900,0.003800,0.051300,0.001400,0.021700,0.181100,0.008800,0.007300,0.006200,0.030700,0.036500,0.249800
999,EleutherAI/pythia-6.9b,6.86104,64000,134.218,2.1884,step64000,93358b03c0421d030654bfc3af1b0312b659a58c,matched_unique,published_pile_component_weights_v1,"published Pile component weights; static corpus-level candidate, not measured token exposure",0.089600,0.061200,0.003000,0.144000,0.015300,0.012400,0.075900,0.003800,0.051300,0.001400,0.021700,0.181100,0.008800,0.007300,0.006200,0.030700,0.036500,0.249800
1000,EleutherAI/pythia-6.9b,6.86104,65000,136.315,2.1872,step65000,49c331fecd72eb0422ad38f54ae14af35601b907,matched_unique,published_pile_component_weights_v1,"published Pile component weights; static corpus-level candidate, not measured token exposure",0.089600,0.061200,0.003000,0.144000,0.015300,0.012400,0.075900,0.003800,0.051300,0.001400,0.021700,0.181100,0.008800,0.007300,0.006200,0.030700,0.036500,0.249800
1001,EleutherAI/pythia-6.9b,6.86104,66000,138.412,2.1859,step66000,35b1a3aba3c32093bf28adb5f0983a929db73d00,matched_unique,published_pile_component_weights_v1,"published Pile component weights; static corpus-level candidate, not measured token exposure",0.089600,0.061200,0.003000,0.144000,0.015300,0.012400,0.075900,0.003800,0.051300,0.001400,0.021700,0.181100,0.008800,0.007300,0.006200,0.030700,0.036500,0.249800
1002,EleutherAI/pythia-6.9b,6.86104,67000,140.509,2.1845,step67000,5c8a1a18b50333daa88d4b0be5b618a98be0ba6b,matched_unique,published_pile_component_weights_v1,"published Pile component weights; static corpus-level candidate, not measured token exposure",0.089600,0.061200,0.003000,0.144000,0.015300,0.012400,0.075900,0.003800,0.051300,0.001400,0.021700,0.181100,0.008800,0.007300,0.006200,0.030700,0.036500,0.249800
1003,EleutherAI/pythia-6.9b,6.86104,68000,142.606,2.1832,step68000,e39f06e42fc3eea48aa972a7df206ff7f30840c8,matched_unique,published_pile_component_weights_v1,"published Pile component weights; static corpus-level candidate, not measured token exposure",0.089600,0.061200,0.003000,0.144000,0.015300,0.012400,0.075900,0.003800,0.051300,0.001400,0.021700,0.181100,0.008800,0.007300,0.006200,0.030700,0.036500,0.249800
1004,EleutherAI/pythia-6.9b,6.86104,69000,144.703,2.1819,step69000,e3bafffc3125b6a53fc302a677c70379d7d12c61,matched_unique,published_pile_component_weights_v1,"published Pile component weights; static corpus-level candidate, not measured token exposure",0.089600,0.061200,0.003000,0.144000,0.015300,0.012400,0.075900,0.003800,0.051300,0.001400,0.021700,0.181100,0.008800,0.007300,0.006200,0.030700,0.036500,0.249800
1005,EleutherAI/pythia-6.9b,6.86104,70000,146.801,2.1807,step70000,2606322d77e434ff6106824e679769ef479c89a4,matched_unique,published_pile_component_weights_v1,"published Pile component weights; static corpus-level candidate, not measured token exposure",0.089600,0.061200,0.003000,0.144000,0.015300,0.012400,0.075900,0.003800,0.051300,0.001400,0.021700,0.181100,0.008800,0.007300,0.006200,0.030700,0.036500,0.249800
1006,EleutherAI/pythia-6.9b,6.86104,71000,148.898,2.1795,step71000,caf03764ab37e06430c81cd829a4d523e8c76bf9,matched_unique,published_pile_component_weights_v1,"published Pile component weights; static corpus-level candidate, not measured token exposure",0.089600,0.061200,0.003000,0.144000,0.015300,0.012400,0.075900,0.003800,0.051300,0.001400,0.021700,0.181100,0.008800,0.007300,0.006200,0.030700,0.036500,0.249800
1007,EleutherAI/pythia-6.9b,6.86104,72000,150.995,2.1783,step72000,f5f3cf1b5184241a5896a4e0acda356625dd724a,matched_unique,published_pile_component_weights_v1,"published Pile component weights; static corpus-level candidate, not measured token exposure",0.089600,0.061200,0.003000,0.144000,0.015300,0.012400,0.075900,0.003800,0.051300,0.001400,0.021700,0.181100,0.008800,0.007300,0.006200,0.030700,0.036500,0.249800
1008,EleutherAI/pythia-6.9b,6.86104,73000,153.092,2.1772,step73000,dbc8619ea5db49455b4468a2bd007488f1f867eb,matched_unique,published_pile_component_weights_v1,"published Pile component weights; static corpus-level candidate, not measured token exposure",0.089600,0.061200,0.003000,0.144000,0.015300,0.012400,0.075900,0.003800,0.051300,0.001400,0.021700,0.181100,0.008800,0.007300,0.006200,0.030700,0.036500,0.249800
1009,EleutherAI/pythia-6.9b,6.86104,74000,155.189,2.176,step74000,34a7377266b0b6eca21cb105e2621bebdc9780ae,matched_unique,published_pile_component_weights_v1,"published Pile component weights; static corpus-level candidate, not measured token exposure",0.089600,0.061200,0.003000,0.144000,0.015300,0.012400,0.075900,0.003800,0.051300,0.001400,0.021700,0.181100,0.008800,0.007300,0.006200,0.030700,0.036500,0.249800
1010,EleutherAI/pythia-6.9b,6.86104,75000,157.286,2.1748,step75000,fcbed72176eb177f4b2cd74cf5a1b6cd21edd299,matched_unique,published_pile_component_weights_v1,"published Pile component weights; static corpus-level candidate, not measured token exposure",0.089600,0.061200,0.003000,0.144000,0.015300,0.012400,0.075900,0.003800,0.051300,0.001400,0.021700,0.181100,0.008800,0.007300,0.006200,0.030700,0.036500,0.249800
1011,EleutherAI/pythia-6.9b,6.86104,76000,159.384,2.1738,step76000,e5b8c16d7f25f8f366f5c41a3662323f875a9684,matched_unique,published_pile_component_weights_v1,"published Pile component weights; static corpus-level candidate, not measured token exposure",0.089600,0.061200,0.003000,0.144000,0.015300,0.012400,0.075900,0.003800,0.051300,0.001400,0.021700,0.181100,0.008800,0.007300,0.006200,0.030700,0.036500,0.249800
1012,EleutherAI/pythia-6.9b,6.86104,77000,161.481,2.1726,step77000,64ec6a3154a9058550f27a89b0e9f840394a319d,matched_unique,published_pile_component_weights_v1,"published Pile component weights; static corpus-level candidate, not measured token exposure",0.089600,0.061200,0.003000,0.144000,0.015300,0.012400,0.075900,0.003800,0.051300,0.001400,0.021700,0.181100,0.008800,0.007300,0.006200,0.030700,0.036500,0.249800
1013,EleutherAI/pythia-6.9b,6.86104,78000,163.578,2.1717,step78000,5253f1915348479ddde96c2cf9c762201efb9efe,matched_unique,published_pile_component_weights_v1,"published Pile component weights; static corpus-level candidate, not measured token exposure",0.089600,0.061200,0.003000,0.144000,0.015300,0.012400,0.075900,0.003800,0.051300,0.001400,0.021700,0.181100,0.008800,0.007300,0.006200,0.030700,0.036500,0.249800
1014,EleutherAI/pythia-6.9b,6.86104,79000,165.675,2.1704,step79000,a7b9e84e3505bb20a250b3406c8347f4d61693c2,matched_unique,published_pile_component_weights_v1,"published Pile component weights; static corpus-level candidate, not measured token exposure",0.089600,0.061200,0.003000,0.144000,0.015300,0.012400,0.075900,0.003800,0.051300,0.001400,0.021700,0.181100,0.008800,0.007300,0.006200,0.030700,0.036500,0.249800
1015,EleutherAI/pythia-6.9b,6.86104,80000,167.772,2.1696,step80000,c51dca0acfafc416e132f889c7a2d0647b834be8,matched_unique,published_pile_component_weights_v1,"published Pile component weights; static corpus-level candidate, not measured token exposure",0.089600,0.061200,0.003000,0.144000,0.015300,0.012400,0.075900,0.003800,0.051300,0.001400,0.021700,0.181100,0.008800,0.007300,0.006200,0.030700,0.036500,0.249800
1016,EleutherAI/pythia-6.9b,6.86104,81000,169.869,2.1684,step81000,148f68c650c9f9fff5295286c105c518dfd4b6e0,matched_unique,published_pile_component_weights_v1,"published Pile component weights; static corpus-level candidate, not measured token exposure",0.089600,0.061200,0.003000,0.144000,0.015300,0.012400,0.075900,0.003800,0.051300,0.001400,0.021700,0.181100,0.008800,0.007300,0.006200,0.030700,0.036500,0.249800
1017,EleutherAI/pythia-6.9b,6.86104,82000,171.966,2.1673,step82000,bcdeab48804c0302688e11458d94464d4f136904,matched_unique,published_pile_component_weights_v1,"published Pile component weights; static corpus-level candidate, not measured token exposure",0.089600,0.061200,0.003000,0.144000,0.015300,0.012400,0.075900,0.003800,0.051300,0.001400,0.021700,0.181100,0.008800,0.007300,0.006200,0.030700,0.036500,0.249800
1018,EleutherAI/pythia-6.9b,6.86104,83000,174.064,2.1664,step83000,d0b54beda6f4c9db7463b700eca4b0e02c169855,matched_unique,published_pile_component_weights_v1,"published Pile component weights; static corpus-level candidate, not measured token exposure",0.089600,0.061200,0.003000,0.144000,0.015300,0.012400,0.075900,0.003800,0.051300,0.001400,0.021700,0.181100,0.008800,0.007300,0.006200,0.030700,0.036500,0.249800
1019,EleutherAI/pythia-6.9b,6.86104,84000,176.161,2.1654,step84000,bd0fb3e7e271af8a320fbf5a990f6c229ee1ce64,matched_unique,published_pile_component_weights_v1,"published Pile component weights; static corpus-level candidate, not measured token exposure",0.089600,0.061200,0.003000,0.144000,0.015300,0.012400,0.075900,0.003800,0.051300,0.001400,0.021700,0.181100,0.008800,0.007300,0.006200,0.030700,0.036500,0.249800
1020,EleutherAI/pythia-6.9b,6.86104,85000,178.258,2.1645,step85000,3d53301ef6bcc1579d81c474c56b779faf2b3cbf,matched_unique,published_pile_component_weights_v1,"published Pile component weights; static corpus-level candidate, not measured token exposure",0.089600,0.061200,0.003000,0.144000,0.015300,0.012400,0.075900,0.003800,0.051300,0.001400,0.021700,0.181100,0.008800,0.007300,0.006200,0.030700,0.036500,0.249800
1021,EleutherAI/pythia-6.9b,6.86104,86000,180.355,2.1635,step86000,adf5436ce54a332d2808b1bd2f7044e0c8fe2824,matched_unique,published_pile_component_weights_v1,"published Pile component weights; static corpus-level candidate, not measured token exposure",0.089600,0.061200,0.003000,0.144000,0.015300,0.012400,0.075900,0.003800,0.051300,0.001400,0.021700,0.181100,0.008800,0.007300,0.006200,0.030700,0.036500,0.249800
1022,EleutherAI/pythia-6.9b,6.86104,87000,182.452,2.1625,step87000,5981cec81ff3a21134f40c8f52a985900352d7f0,matched_unique,published_pile_component_weights_v1,"published Pile component weights; static corpus-level candidate, not measured token exposure",0.089600,0.061200,0.003000,0.144000,0.015300,0.012400,0.075900,0.003800,0.051300,0.001400,0.021700,0.181100,0.008800,0.007300,0.006200,0.030700,0.036500,0.249800
1023,EleutherAI/pythia-6.9b,6.86104,88000,184.549,2.1616,step88000,0560dd91c5b4c664be55b84d60907c4f53b2ed7b,matched_unique,published_pile_component_weights_v1,"published Pile component weights; static corpus-level candidate, not measured token exposure",0.089600,0.061200,0.003000,0.144000,0.015300,0.012400,0.075900,0.003800,0.051300,0.001400,0.021700,0.181100,0.008800,0.007300,0.006200,0.030700,0.036500,0.249800
1024,EleutherAI/pythia-6.9b,6.86104,89000,186.647,2.1609,step89000,87cafcb165fdd69b670408cc3daae19011f99677,matched_unique,published_pile_component_weights_v1,"published Pile component weights; static corpus-level candidate, not measured token exposure",0.089600,0.061200,0.003000,0.144000,0.015300,0.012400,0.075900,0.003800,0.051300,0.001400,0.021700,0.181100,0.008800,0.007300,0.006200,0.030700,0.036500,0.249800
1025,EleutherAI/pythia-6.9b,6.86104,90000,188.744,2.16,step90000,9a08d7c6fa73d7e5c1b1494a077fc247a2445424,matched_unique,published_pile_component_weights_v1,"published Pile component weights; static corpus-level candidate, not measured token exposure",0.089600,0.061200,0.003000,0.144000,0.015300,0.012400,0.075900,0.003800,0.051300,0.001400,0.021700,0.181100,0.008800,0.007300,0.006200,0.030700,0.036500,0.249800
1026,EleutherAI/pythia-6.9b,6.86104,91000,190.841,2.159,step91000,0cf4cafbf5e17ab32739060fdc957f795de821ab,matched_unique,published_pile_component_weights_v1,"published Pile component weights; static corpus-level candidate, not measured token exposure",0.089600,0.061200,0.003000,0.144000,0.015300,0.012400,0.075900,0.003800,0.051300,0.001400,0.021700,0.181100,0.008800,0.007300,0.006200,0.030700,0.036500,0.249800
1027,EleutherAI/pythia-6.9b,6.86104,92000,192.938,2.1581,step92000,bc3e276698ffc04770c872ee7e9e0e886e118720,matched_unique,published_pile_component_weights_v1,"published Pile component weights; static corpus-level candidate, not measured token exposure",0.089600,0.061200,0.003000,0.144000,0.015300,0.012400,0.075900,0.003800,0.051300,0.001400,0.021700,0.181100,0.008800,0.007300,0.006200,0.030700,0.036500,0.249800
1028,EleutherAI/pythia-6.9b,6.86104,93000,195.035,2.1572,step93000,cd6958a694c50744509a372f0bcbbaffe07ddad7,matched_unique,published_pile_component_weights_v1,"published Pile component weights; static corpus-level candidate, not measured token exposure",0.089600,0.061200,0.003000,0.144000,0.015300,0.012400,0.075900,0.003800,0.051300,0.001400,0.021700,0.181100,0.008800,0.007300,0.006200,0.030700,0.036500,0.249800
1029,EleutherAI/pythia-6.9b,6.86104,94000,197.132,2.1564,step94000,c865e1128f6353c3eb3c5ecc644424ba54b52d58,matched_unique,published_pile_component_weights_v1,"published Pile component weights; static corpus-level candidate, not measured token exposure",0.089600,0.061200,0.003000,0.144000,0.015300,0.012400,0.075900,0.003800,0.051300,0.001400,0.021700,0.181100,0.008800,0.007300,0.006200,0.030700,0.036500,0.249800
1030,EleutherAI/pythia-6.9b,6.86104,95000,199.229,2.1555,step95000,b952bd629974779851354b0d2ddd85708092a390,matched_unique,published_pile_component_weights_v1,"published Pile component weights; static corpus-level candidate, not measured token exposure",0.089600,0.061200,0.003000,0.144000,0.015300,0.012400,0.075900,0.003800,0.051300,0.001400,0.021700,0.181100,0.008800,0.007300,0.006200,0.030700,0.036500,0.249800
1031,EleutherAI/pythia-6.9b,6.86104,96000,201.327,2.1547,step96000,302faf86a26ec5829ee6bfc8baaccad63400d19e,matched_unique,published_pile_component_weights_v1,"published Pile component weights; static corpus-level candidate, not measured token exposure",0.089600,0.061200,0.003000,0.144000,0.015300,0.012400,0.075900,0.003800,0.051300,0.001400,0.021700,0.181100,0.008800,0.007300,0.006200,0.030700,0.036500,0.249800
1032,EleutherAI/pythia-6.9b,6.86104,97000,203.424,2.1538,step97000,f766f349b35a51f9c17a418967c12d476717f167,matched_unique,published_pile_component_weights_v1,"published Pile component weights; static corpus-level candidate, not measured token exposure",0.089600,0.061200,0.003000,0.144000,0.015300,0.012400,0.075900,0.003800,0.051300,0.001400,0.021700,0.181100,0.008800,0.007300,0.006200,0.030700,0.036500,0.249800
1033,EleutherAI/pythia-6.9b,6.86104,98000,205.521,2.1531,step98000,041b76a705bdde11dc09a9623da046aa868a9529,matched_unique,published_pile_component_weights_v1,"published Pile component weights; static corpus-level candidate, not measured token exposure",0.089600,0.061200,0.003000,0.144000,0.015300,0.012400,0.075900,0.003800,0.051300,0.001400,0.021700,0.181100,0.008800,0.007300,0.006200,0.030700,0.036500,0.249800
1034,EleutherAI/pythia-6.9b,6.86104,99000,207.618,2.1524,step99000,a1c69f3097565936b425e1dad37d5edbcd3c77eb,matched_unique,published_pile_component_weights_v1,"published Pile component weights; static corpus-level candidate, not measured token exposure",0.089600,0.061200,0.003000,0.144000,0.015300,0.012400,0.075900,0.003800,0.051300,0.001400,0.021700,0.181100,0.008800,0.007300,0.006200,0.030700,0.036500,0.249800
1035,EleutherAI/pythia-6.9b,6.86104,100000,209.715,2.1515,step100000,e8322eda2cea965228d7d8ab118ef7c38ec899ae,matched_unique,published_pile_component_weights_v1,"published Pile component weights; static corpus-level candidate, not measured token exposure",0.089600,0.061200,0.003000,0.144000,0.015300,0.012400,0.075900,0.003800,0.051300,0.001400,0.021700,0.181100,0.008800,0.007300,0.006200,0.030700,0.036500,0.249800
1036,EleutherAI/pythia-6.9b,6.86104,101000,211.812,2.1509,step101000,bc569429286cdb3bbb78f52e3c52ea14305938f8,matched_unique,published_pile_component_weights_v1,"published Pile component weights; static corpus-level candidate, not measured token exposure",0.089600,0.061200,0.003000,0.144000,0.015300,0.012400,0.075900,0.003800,0.051300,0.001400,0.021700,0.181100,0.008800,0.007300,0.006200,0.030700,0.036500,0.249800
1037,EleutherAI/pythia-6.9b,6.86104,102000,213.91,2.1499,step102000,3acb7b7bc6ddafe21cc62ea278122402e19e68b2,matched_unique,published_pile_component_weights_v1,"published Pile component weights; static corpus-level candidate, not measured token exposure",0.089600,0.061200,0.003000,0.144000,0.015300,0.012400,0.075900,0.003800,0.051300,0.001400,0.021700,0.181100,0.008800,0.007300,0.006200,0.030700,0.036500,0.249800
1038,EleutherAI/pythia-6.9b,6.86104,103000,216.007,2.1491,step103000,2e70b9dc0f6d4049f234e988add2ee4fbc5a5f70,matched_unique,published_pile_component_weights_v1,"published Pile component weights; static corpus-level candidate, not measured token exposure",0.089600,0.061200,0.003000,0.144000,0.015300,0.012400,0.075900,0.003800,0.051300,0.001400,0.021700,0.181100,0.008800,0.007300,0.006200,0.030700,0.036500,0.249800
1039,EleutherAI/pythia-6.9b,6.86104,104000,218.104,2.1485,step104000,241a2c16938c95e9514d31ed142d3a1130ac9ddf,matched_unique,published_pile_component_weights_v1,"published Pile component weights; static corpus-level candidate, not measured token exposure",0.089600,0.061200,0.003000,0.144000,0.015300,0.012400,0.075900,0.003800,0.051300,0.001400,0.021700,0.181100,0.008800,0.007300,0.006200,0.030700,0.036500,0.249800
1040,EleutherAI/pythia-6.9b,6.86104,105000,220.201,2.1478,step105000,f37fb213fdbae81a0fb4472fdbd38dfb221f9b2a,matched_unique,published_pile_component_weights_v1,"published Pile component weights; static corpus-level candidate, not measured token exposure",0.089600,0.061200,0.003000,0.144000,0.015300,0.012400,0.075900,0.003800,0.051300,0.001400,0.021700,0.181100,0.008800,0.007300,0.006200,0.030700,0.036500,0.249800
1041,EleutherAI/pythia-6.9b,6.86104,106000,222.298,2.1472,step106000,b4109781117ab94d65fe9da383f15ba6e485e095,matched_unique,published_pile_component_weights_v1,"published Pile component weights; static corpus-level candidate, not measured token exposure",0.089600,0.061200,0.003000,0.144000,0.015300,0.012400,0.075900,0.003800,0.051300,0.001400,0.021700,0.181100,0.008800,0.007300,0.006200,0.030700,0.036500,0.249800
1042,EleutherAI/pythia-6.9b,6.86104,107000,224.395,2.1463,step107000,b185a4d845b4ec3f7e0aedbb5a5ed79d312040a0,matched_unique,published_pile_component_weights_v1,"published Pile component weights; static corpus-level candidate, not measured token exposure",0.089600,0.061200,0.003000,0.144000,0.015300,0.012400,0.075900,0.003800,0.051300,0.001400,0.021700,0.181100,0.008800,0.007300,0.006200,0.030700,0.036500,0.249800
1043,EleutherAI/pythia-6.9b,6.86104,108000,226.492,2.1457,step108000,9f6df7a7b3aa9d424aeb717e1b33aa2af9e190fa,matched_unique,published_pile_component_weights_v1,"published Pile component weights; static corpus-level candidate, not measured token exposure",0.089600,0.061200,0.003000,0.144000,0.015300,0.012400,0.075900,0.003800,0.051300,0.001400,0.021700,0.181100,0.008800,0.007300,0.006200,0.030700,0.036500,0.249800
1044,EleutherAI/pythia-6.9b,6.86104,109000,228.59,2.1449,step109000,2206583c61728f37b64fc7f44a49704ca03071c8,matched_unique,published_pile_component_weights_v1,"published Pile component weights; static corpus-level candidate, not measured token exposure",0.089600,0.061200,0.003000,0.144000,0.015300,0.012400,0.075900,0.003800,0.051300,0.001400,0.021700,0.181100,0.008800,0.007300,0.006200,0.030700,0.036500,0.249800
1045,EleutherAI/pythia-6.9b,6.86104,110000,230.687,2.1442,step110000,a12374db950ce44f7e7d99499d9beb395b41dd0e,matched_unique,published_pile_component_weights_v1,"published Pile component weights; static corpus-level candidate, not measured token exposure",0.089600,0.061200,0.003000,0.144000,0.015300,0.012400,0.075900,0.003800,0.051300,0.001400,0.021700,0.181100,0.008800,0.007300,0.006200,0.030700,0.036500,0.249800
1046,EleutherAI/pythia-6.9b,6.86104,111000,232.784,2.1436,step111000,cf5e66834e613ff1d28994d3f0537b6029b5f765,matched_unique,published_pile_component_weights_v1,"published Pile component weights; static corpus-level candidate, not measured token exposure",0.089600,0.061200,0.003000,0.144000,0.015300,0.012400,0.075900,0.003800,0.051300,0.001400,0.021700,0.181100,0.008800,0.007300,0.006200,0.030700,0.036500,0.249800
1047,EleutherAI/pythia-6.9b,6.86104,112000,234.881,2.1429,step112000,9c7bcdb57a6a163bc1bce8359d8ebc8b77eda997,matched_unique,published_pile_component_weights_v1,"published Pile component weights; static corpus-level candidate, not measured token exposure",0.089600,0.061200,0.003000,0.144000,0.015300,0.012400,0.075900,0.003800,0.051300,0.001400,0.021700,0.181100,0.008800,0.007300,0.006200,0.030700,0.036500,0.249800
1048,EleutherAI/pythia-6.9b,6.86104,113000,236.978,2.1421,step113000,6e5bcf78022239f25bad1b34c8c045aa44bc738e,matched_unique,published_pile_component_weights_v1,"published Pile component weights; static corpus-level candidate, not measured token exposure",0.089600,0.061200,0.003000,0.144000,0.015300,0.012400,0.075900,0.003800,0.051300,0.001400,0.021700,0.181100,0.008800,0.007300,0.006200,0.030700,0.036500,0.249800
1049,EleutherAI/pythia-6.9b,6.86104,114000,239.075,2.1416,step114000,3f8e7e61e0930b9716d35f89277eb0c8ebc62e53,matched_unique,published_pile_component_weights_v1,"published Pile component weights; static corpus-level candidate, not measured token exposure",0.089600,0.061200,0.003000,0.144000,0.015300,0.012400,0.075900,0.003800,0.051300,0.001400,0.021700,0.181100,0.008800,0.007300,0.006200,0.030700,0.036500,0.249800
1050,EleutherAI/pythia-6.9b,6.86104,115000,241.172,2.141,step115000,d1dc32b61454a9f82fd6694f69469268977a61a8,matched_unique,published_pile_component_weights_v1,"published Pile component weights; static corpus-level candidate, not measured token exposure",0.089600,0.061200,0.003000,0.144000,0.015300,0.012400,0.075900,0.003800,0.051300,0.001400,0.021700,0.181100,0.008800,0.007300,0.006200,0.030700,0.036500,0.249800
1051,EleutherAI/pythia-6.9b,6.86104,116000,243.27,2.1402,step116000,c1cf0214158f3b47752e47575d8a503b692f0d37,matched_unique,published_pile_component_weights_v1,"published Pile component weights; static corpus-level candidate, not measured token exposure",0.089600,0.061200,0.003000,0.144000,0.015300,0.012400,0.075900,0.003800,0.051300,0.001400,0.021700,0.181100,0.008800,0.007300,0.006200,0.030700,0.036500,0.249800
1052,EleutherAI/pythia-6.9b,6.86104,117000,245.367,2.1396,step117000,876b3b4b79f8878fd53f8b7b7a6307dee1e09eb4,matched_unique,published_pile_component_weights_v1,"published Pile component weights; static corpus-level candidate, not measured token exposure",0.089600,0.061200,0.003000,0.144000,0.015300,0.012400,0.075900,0.003800,0.051300,0.001400,0.021700,0.181100,0.008800,0.007300,0.006200,0.030700,0.036500,0.249800
1053,EleutherAI/pythia-6.9b,6.86104,118000,247.464,2.139,step118000,86da36410722669224caff159e031893c906a482,matched_unique,published_pile_component_weights_v1,"published Pile component weights; static corpus-level candidate, not measured token exposure",0.089600,0.061200,0.003000,0.144000,0.015300,0.012400,0.075900,0.003800,0.051300,0.001400,0.021700,0.181100,0.008800,0.007300,0.006200,0.030700,0.036500,0.249800
1054,EleutherAI/pythia-6.9b,6.86104,119000,249.561,2.1384,step119000,f5403f05aa02e6270ab41a3b15cc25accfbf40b2,matched_unique,published_pile_component_weights_v1,"published Pile component weights; static corpus-level candidate, not measured token exposure",0.089600,0.061200,0.003000,0.144000,0.015300,0.012400,0.075900,0.003800,0.051300,0.001400,0.021700,0.181100,0.008800,0.007300,0.006200,0.030700,0.036500,0.249800
1055,EleutherAI/pythia-6.9b,6.86104,120000,251.658,2.1377,step120000,57c5388dd183fc59899673ac22fb18115fe31155,matched_unique,published_pile_component_weights_v1,"published Pile component weights; static corpus-level candidate, not measured token exposure",0.089600,0.061200,0.003000,0.144000,0.015300,0.012400,0.075900,0.003800,0.051300,0.001400,0.021700,0.181100,0.008800,0.007300,0.006200,0.030700,0.036500,0.249800
1056,EleutherAI/pythia-6.9b,6.86104,121000,253.755,2.1371,step121000,896252722e3c810cc305d8ddc42323a4110f9c41,matched_unique,published_pile_component_weights_v1,"published Pile component weights; static corpus-level candidate, not measured token exposure",0.089600,0.061200,0.003000,0.144000,0.015300,0.012400,0.075900,0.003800,0.051300,0.001400,0.021700,0.181100,0.008800,0.007300,0.006200,0.030700,0.036500,0.249800
1057,EleutherAI/pythia-6.9b,6.86104,122000,255.853,2.1365,step122000,7616e4d534d1ad479ae4c1e2dbc96c2089cad248,matched_unique,published_pile_component_weights_v1,"published Pile component weights; static corpus-level candidate, not measured token exposure",0.089600,0.061200,0.003000,0.144000,0.015300,0.012400,0.075900,0.003800,0.051300,0.001400,0.021700,0.181100,0.008800,0.007300,0.006200,0.030700,0.036500,0.249800
1058,EleutherAI/pythia-6.9b,6.86104,123000,257.95,2.136,step123000,bd622eb9d40c0c36d13db51e6b43179756f06055,matched_unique,published_pile_component_weights_v1,"published Pile component weights; static corpus-level candidate, not measured token exposure",0.089600,0.061200,0.003000,0.144000,0.015300,0.012400,0.075900,0.003800,0.051300,0.001400,0.021700,0.181100,0.008800,0.007300,0.006200,0.030700,0.036500,0.249800
1059,EleutherAI/pythia-6.9b,6.86104,124000,260.047,2.1353,step124000,f0e571989f630528e8bb69389b4fd008bc315327,matched_unique,published_pile_component_weights_v1,"published Pile component weights; static corpus-level candidate, not measured token exposure",0.089600,0.061200,0.003000,0.144000,0.015300,0.012400,0.075900,0.003800,0.051300,0.001400,0.021700,0.181100,0.008800,0.007300,0.006200,0.030700,0.036500,0.249800
1060,EleutherAI/pythia-6.9b,6.86104,125000,262.144,2.1347,step125000,546a551e49c6a8702590c7e578f0ab7307667b05,matched_unique,published_pile_component_weights_v1,"published Pile component weights; static corpus-level candidate, not measured token exposure",0.089600,0.061200,0.003000,0.144000,0.015300,0.012400,0.075900,0.003800,0.051300,0.001400,0.021700,0.181100,0.008800,0.007300,0.006200,0.030700,0.036500,0.249800
1061,EleutherAI/pythia-6.9b,6.86104,126000,264.241,2.1342,step126000,ab7f21e859b107e3b7bc30c53bba1037a1bf3a89,matched_unique,published_pile_component_weights_v1,"published Pile component weights; static corpus-level candidate, not measured token exposure",0.089600,0.061200,0.003000,0.144000,0.015300,0.012400,0.075900,0.003800,0.051300,0.001400,0.021700,0.181100,0.008800,0.007300,0.006200,0.030700,0.036500,0.249800
1062,EleutherAI/pythia-6.9b,6.86104,127000,266.338,2.1334,step127000,994b28b7a22bc073e948032211a23b1f6a756790,matched_unique,published_pile_component_weights_v1,"published Pile component weights; static corpus-level candidate, not measured token exposure",0.089600,0.061200,0.003000,0.144000,0.015300,0.012400,0.075900,0.003800,0.051300,0.001400,0.021700,0.181100,0.008800,0.007300,0.006200,0.030700,0.036500,0.249800
1063,EleutherAI/pythia-6.9b,6.86104,128000,268.435,2.1331,step128000,515c05d16b89abff334eb2750ce446bbc6d2cc7a,matched_unique,published_pile_component_weights_v1,"published Pile component weights; static corpus-level candidate, not measured token exposure",0.089600,0.061200,0.003000,0.144000,0.015300,0.012400,0.075900,0.003800,0.051300,0.001400,0.021700,0.181100,0.008800,0.007300,0.006200,0.030700,0.036500,0.249800
1064,EleutherAI/pythia-6.9b,6.86104,129000,270.533,2.1323,step129000,93ff1d2158fc95639f75e894fb93a88ef9051554,matched_unique,published_pile_component_weights_v1,"published Pile component weights; static corpus-level candidate, not measured token exposure",0.089600,0.061200,0.003000,0.144000,0.015300,0.012400,0.075900,0.003800,0.051300,0.001400,0.021700,0.181100,0.008800,0.007300,0.006200,0.030700,0.036500,0.249800
1065,EleutherAI/pythia-6.9b,6.86104,130000,272.63,2.1318,step130000,99118e385509b71bce1d3f35d88b5bdd6697a7ed,matched_unique,published_pile_component_weights_v1,"published Pile component weights; static corpus-level candidate, not measured token exposure",0.089600,0.061200,0.003000,0.144000,0.015300,0.012400,0.075900,0.003800,0.051300,0.001400,0.021700,0.181100,0.008800,0.007300,0.006200,0.030700,0.036500,0.249800
1066,EleutherAI/pythia-6.9b,6.86104,131000,274.727,2.1312,step131000,5dc702d78cbacd2b175aeaab9b361891de31e957,matched_unique,published_pile_component_weights_v1,"published Pile component weights; static corpus-level candidate, not measured token exposure",0.089600,0.061200,0.003000,0.144000,0.015300,0.012400,0.075900,0.003800,0.051300,0.001400,0.021700,0.181100,0.008800,0.007300,0.006200,0.030700,0.036500,0.249800
1067,EleutherAI/pythia-6.9b,6.86104,132000,276.824,2.1307,step132000,e44bf64f09ad81d81960cc7c11cd933f4d003797,matched_unique,published_pile_component_weights_v1,"published Pile component weights; static corpus-level candidate, not measured token exposure",0.089600,0.061200,0.003000,0.144000,0.015300,0.012400,0.075900,0.003800,0.051300,0.001400,0.021700,0.181100,0.008800,0.007300,0.006200,0.030700,0.036500,0.249800
1068,EleutherAI/pythia-6.9b,6.86104,133000,278.921,2.1303,step133000,b008d2c4d763b8055d59965664525647b9d74ca7,matched_unique,published_pile_component_weights_v1,"published Pile component weights; static corpus-level candidate, not measured token exposure",0.089600,0.061200,0.003000,0.144000,0.015300,0.012400,0.075900,0.003800,0.051300,0.001400,0.021700,0.181100,0.008800,0.007300,0.006200,0.030700,0.036500,0.249800
1069,EleutherAI/pythia-6.9b,6.86104,134000,281.018,2.1297,step134000,3a92216edb6c7d23fa7c63450bee987e2f24c4d4,matched_unique,published_pile_component_weights_v1,"published Pile component weights; static corpus-level candidate, not measured token exposure",0.089600,0.061200,0.003000,0.144000,0.015300,0.012400,0.075900,0.003800,0.051300,0.001400,0.021700,0.181100,0.008800,0.007300,0.006200,0.030700,0.036500,0.249800
1070,EleutherAI/pythia-6.9b,6.86104,135000,283.116,2.1292,step135000,2e5f25d9c5f7fb2ad8ec9d772dd53bc3d13f968e,matched_unique,published_pile_component_weights_v1,"published Pile component weights; static corpus-level candidate, not measured token exposure",0.089600,0.061200,0.003000,0.144000,0.015300,0.012400,0.075900,0.003800,0.051300,0.001400,0.021700,0.181100,0.008800,0.007300,0.006200,0.030700,0.036500,0.249800
1071,EleutherAI/pythia-6.9b,6.86104,136000,285.213,2.1286,step136000,d4a92553e3186ad8ee6bcf2256ca1f31083217fe,matched_unique,published_pile_component_weights_v1,"published Pile component weights; static corpus-level candidate, not measured token exposure",0.089600,0.061200,0.003000,0.144000,0.015300,0.012400,0.075900,0.003800,0.051300,0.001400,0.021700,0.181100,0.008800,0.007300,0.006200,0.030700,0.036500,0.249800
1072,EleutherAI/pythia-6.9b,6.86104,137000,287.31,2.1281,step137000,4acc2ae881a61e12e1ec64cffdd011dd24370ff3,matched_unique,published_pile_component_weights_v1,"published Pile component weights; static corpus-level candidate, not measured token exposure",0.089600,0.061200,0.003000,0.144000,0.015300,0.012400,0.075900,0.003800,0.051300,0.001400,0.021700,0.181100,0.008800,0.007300,0.006200,0.030700,0.036500,0.249800
1073,EleutherAI/pythia-6.9b,6.86104,138000,289.407,2.1276,step138000,444264162f480c107065f85c4b0dd52d2dce0083,matched_unique,published_pile_component_weights_v1,"published Pile component weights; static corpus-level candidate, not measured token exposure",0.089600,0.061200,0.003000,0.144000,0.015300,0.012400,0.075900,0.003800,0.051300,0.001400,0.021700,0.181100,0.008800,0.007300,0.006200,0.030700,0.036500,0.249800
1074,EleutherAI/pythia-6.9b,6.86104,139000,291.504,2.127,step139000,c6d32a6072a46cece2d1d540fbc25f04739de432,matched_unique,published_pile_component_weights_v1,"published Pile component weights; static corpus-level candidate, not measured token exposure",0.089600,0.061200,0.003000,0.144000,0.015300,0.012400,0.075900,0.003800,0.051300,0.001400,0.021700,0.181100,0.008800,0.007300,0.006200,0.030700,0.036500,0.249800
1075,EleutherAI/pythia-6.9b,6.86104,140000,293.601,2.1266,step140000,cd21170d5cd536fed247ad6492affe196f8b5075,matched_unique,published_pile_component_weights_v1,"published Pile component weights; static corpus-level candidate, not measured token exposure",0.089600,0.061200,0.003000,0.144000,0.015300,0.012400,0.075900,0.003800,0.051300,0.001400,0.021700,0.181100,0.008800,0.007300,0.006200,0.030700,0.036500,0.249800
1076,EleutherAI/pythia-6.9b,6.86104,141000,295.698,2.126,step141000,d6b02e7fd35756d45a294c0f60198ccb787c5eac,matched_unique,published_pile_component_weights_v1,"published Pile component weights; static corpus-level candidate, not measured token exposure",0.089600,0.061200,0.003000,0.144000,0.015300,0.012400,0.075900,0.003800,0.051300,0.001400,0.021700,0.181100,0.008800,0.007300,0.006200,0.030700,0.036500,0.249800
1077,EleutherAI/pythia-6.9b,6.86104,142000,297.796,2.1255,step142000,bfc39bb507cf602892bf522baf788a5cd7704653,matched_unique,published_pile_component_weights_v1,"published Pile component weights; static corpus-level candidate, not measured token exposure",0.089600,0.061200,0.003000,0.144000,0.015300,0.012400,0.075900,0.003800,0.051300,0.001400,0.021700,0.181100,0.008800,0.007300,0.006200,0.030700,0.036500,0.249800
1078,EleutherAI/pythia-6.9b,6.86104,143000,299.893,2.125,step143000,21bfa02e806e253fe453702c29c81d9f83617255,matched_unique,published_pile_component_weights_v1,"published Pile component weights; static corpus-level candidate, not measured token exposure",0.089600,0.061200,0.003000,0.144000,0.015300,0.012400,0.075900,0.003800,0.051300,0.001400,0.021700,0.181100,0.008800,0.007300,0.006200,0.030700,0.036500,0.249800
1086,EleutherAI/pythia-12b,11.965825,64,0.134,4.0188,step64,84de62f87a07bca5f3afa2cab0742ffe3e1bcf25,matched_unique,published_pile_component_weights_v1,"published Pile component weights; static corpus-level candidate, not measured token exposure",0.089600,0.061200,0.003000,0.144000,0.015300,0.012400,0.075900,0.003800,0.051300,0.001400,0.021700,0.181100,0.008800,0.007300,0.006200,0.030700,0.036500,0.249800
1087,EleutherAI/pythia-12b,11.965825,128,0.268,3.6351,step128,9689b6e39d82a21a6453704a1021c21850ee0198,matched_unique,published_pile_component_weights_v1,"published Pile component weights; static corpus-level candidate, not measured token exposure",0.089600,0.061200,0.003000,0.144000,0.015300,0.012400,0.075900,0.003800,0.051300,0.001400,0.021700,0.181100,0.008800,0.007300,0.006200,0.030700,0.036500,0.249800
1088,EleutherAI/pythia-12b,11.965825,256,0.537,3.3185,step256,207001f5af6cafa398442f13b4919c12ee09229f,matched_unique,published_pile_component_weights_v1,"published Pile component weights; static corpus-level candidate, not measured token exposure",0.089600,0.061200,0.003000,0.144000,0.015300,0.012400,0.075900,0.003800,0.051300,0.001400,0.021700,0.181100,0.008800,0.007300,0.006200,0.030700,0.036500,0.249800
1089,EleutherAI/pythia-12b,11.965825,512,1.074,3.058,step512,fc0eea68bd05c2e812097fc02e972c9b9cef431f,matched_unique,published_pile_component_weights_v1,"published Pile component weights; static corpus-level candidate, not measured token exposure",0.089600,0.061200,0.003000,0.144000,0.015300,0.012400,0.075900,0.003800,0.051300,0.001400,0.021700,0.181100,0.008800,0.007300,0.006200,0.030700,0.036500,0.249800
1090,EleutherAI/pythia-12b,11.965825,1000,2.097,2.8502,step1000,5707ac430a0b3b7a6e97f63a3729035f16553b4f,matched_unique,published_pile_component_weights_v1,"published Pile component weights; static corpus-level candidate, not measured token exposure",0.089600,0.061200,0.003000,0.144000,0.015300,0.012400,0.075900,0.003800,0.051300,0.001400,0.021700,0.181100,0.008800,0.007300,0.006200,0.030700,0.036500,0.249800
1091,EleutherAI/pythia-12b,11.965825,2000,4.194,2.6724,step2000,672d0932eb95dc7e4abb1d45cfa094c45a88084b,matched_unique,published_pile_component_weights_v1,"published Pile component weights; static corpus-level candidate, not measured token exposure",0.089600,0.061200,0.003000,0.144000,0.015300,0.012400,0.075900,0.003800,0.051300,0.001400,0.021700,0.181100,0.008800,0.007300,0.006200,0.030700,0.036500,0.249800
1092,EleutherAI/pythia-12b,11.965825,3000,6.291,2.5833,step3000,0e3378ad6109be89f947fbc9517fe34c4faa9dd5,matched_unique,published_pile_component_weights_v1,"published Pile component weights; static corpus-level candidate, not measured token exposure",0.089600,0.061200,0.003000,0.144000,0.015300,0.012400,0.075900,0.003800,0.051300,0.001400,0.021700,0.181100,0.008800,0.007300,0.006200,0.030700,0.036500,0.249800
1093,EleutherAI/pythia-12b,11.965825,4000,8.389,2.5261,step4000,c5fa27898a76d2d5feb12fdb9b418ba2eeb10953,matched_unique,published_pile_component_weights_v1,"published Pile component weights; static corpus-level candidate, not measured token exposure",0.089600,0.061200,0.003000,0.144000,0.015300,0.012400,0.075900,0.003800,0.051300,0.001400,0.021700,0.181100,0.008800,0.007300,0.006200,0.030700,0.036500,0.249800
1094,EleutherAI/pythia-12b,11.965825,5000,10.486,2.4845,step5000,79a1cfc1fe58538075d3ad93669e69a1de5e8fa5,matched_unique,published_pile_component_weights_v1,"published Pile component weights; static corpus-level candidate, not measured token exposure",0.089600,0.061200,0.003000,0.144000,0.015300,0.012400,0.075900,0.003800,0.051300,0.001400,0.021700,0.181100,0.008800,0.007300,0.006200,0.030700,0.036500,0.249800
1095,EleutherAI/pythia-12b,11.965825,6000,12.583,2.4527,step6000,11a05eb44b73f577aec48f0f615db95849a76e1c,matched_unique,published_pile_component_weights_v1,"published Pile component weights; static corpus-level candidate, not measured token exposure",0.089600,0.061200,0.003000,0.144000,0.015300,0.012400,0.075900,0.003800,0.051300,0.001400,0.021700,0.181100,0.008800,0.007300,0.006200,0.030700,0.036500,0.249800
1096,EleutherAI/pythia-12b,11.965825,7000,14.68,2.4268,step7000,dd5c4a2d0dba0f5ab2a46d1a4392a8baaa8bc364,matched_unique,published_pile_component_weights_v1,"published Pile component weights; static corpus-level candidate, not measured token exposure",0.089600,0.061200,0.003000,0.144000,0.015300,0.012400,0.075900,0.003800,0.051300,0.001400,0.021700,0.181100,0.008800,0.007300,0.006200,0.030700,0.036500,0.249800
1097,EleutherAI/pythia-12b,11.965825,8000,16.777,2.4053,step8000,414835b3f8c14dc5143c3bb6cc5798ab0781623b,matched_unique,published_pile_component_weights_v1,"published Pile component weights; static corpus-level candidate, not measured token exposure",0.089600,0.061200,0.003000,0.144000,0.015300,0.012400,0.075900,0.003800,0.051300,0.001400,0.021700,0.181100,0.008800,0.007300,0.006200,0.030700,0.036500,0.249800
1098,EleutherAI/pythia-12b,11.965825,9000,18.874,2.3868,step9000,d1c05eda578a5b2ccd89db8e7e009e3833d6a2b0,matched_unique,published_pile_component_weights_v1,"published Pile component weights; static corpus-level candidate, not measured token exposure",0.089600,0.061200,0.003000,0.144000,0.015300,0.012400,0.075900,0.003800,0.051300,0.001400,0.021700,0.181100,0.008800,0.007300,0.006200,0.030700,0.036500,0.249800
1099,EleutherAI/pythia-12b,11.965825,10000,20.972,2.3713,step10000,870ea7e9f703eaeed34e6b4e354ce36b118b9a37,matched_unique,published_pile_component_weights_v1,"published Pile component weights; static corpus-level candidate, not measured token exposure",0.089600,0.061200,0.003000,0.144000,0.015300,0.012400,0.075900,0.003800,0.051300,0.001400,0.021700,0.181100,0.008800,0.007300,0.006200,0.030700,0.036500,0.249800
1100,EleutherAI/pythia-12b,11.965825,11000,23.069,2.3573,step11000,3fddb00c192ad09451b2d66613dbfbe974e26230,matched_unique,published_pile_component_weights_v1,"published Pile component weights; static corpus-level candidate, not measured token exposure",0.089600,0.061200,0.003000,0.144000,0.015300,0.012400,0.075900,0.003800,0.051300,0.001400,0.021700,0.181100,0.008800,0.007300,0.006200,0.030700,0.036500,0.249800
1101,EleutherAI/pythia-12b,11.965825,12000,25.166,2.345,step12000,63cd3cdef2efc51521c8b92b9d409a4d43379eeb,matched_unique,published_pile_component_weights_v1,"published Pile component weights; static corpus-level candidate, not measured token exposure",0.089600,0.061200,0.003000,0.144000,0.015300,0.012400,0.075900,0.003800,0.051300,0.001400,0.021700,0.181100,0.008800,0.007300,0.006200,0.030700,0.036500,0.249800
1102,EleutherAI/pythia-12b,11.965825,13000,27.263,2.3334,step13000,a9ebda919e1f16760ba22030ac5a5a4dd0d18055,matched_unique,published_pile_component_weights_v1,"published Pile component weights; static corpus-level candidate, not measured token exposure",0.089600,0.061200,0.003000,0.144000,0.015300,0.012400,0.075900,0.003800,0.051300,0.001400,0.021700,0.181100,0.008800,0.007300,0.006200,0.030700,0.036500,0.249800
1103,EleutherAI/pythia-12b,11.965825,14000,29.36,2.3239,step14000,8af8bdfcae2b673d2cb5e2ccfd12b5318c4a13df,matched_unique,published_pile_component_weights_v1,"published Pile component weights; static corpus-level candidate, not measured token exposure",0.089600,0.061200,0.003000,0.144000,0.015300,0.012400,0.075900,0.003800,0.051300,0.001400,0.021700,0.181100,0.008800,0.007300,0.006200,0.030700,0.036500,0.249800
1104,EleutherAI/pythia-12b,11.965825,15000,31.457,2.3144,step15000,005bad8b6b765530dc74b5af29b823252d0d600e,matched_unique,published_pile_component_weights_v1,"published Pile component weights; static corpus-level candidate, not measured token exposure",0.089600,0.061200,0.003000,0.144000,0.015300,0.012400,0.075900,0.003800,0.051300,0.001400,0.021700,0.181100,0.008800,0.007300,0.006200,0.030700,0.036500,0.249800
1105,EleutherAI/pythia-12b,11.965825,16000,33.554,2.3061,step16000,6ca40116519430c248cc33fe4ad604ca33188911,matched_unique,published_pile_component_weights_v1,"published Pile component weights; static corpus-level candidate, not measured token exposure",0.089600,0.061200,0.003000,0.144000,0.015300,0.012400,0.075900,0.003800,0.051300,0.001400,0.021700,0.181100,0.008800,0.007300,0.006200,0.030700,0.036500,0.249800
1106,EleutherAI/pythia-12b,11.965825,17000,35.652,2.2981,step17000,31d0005a95f42919b6d98bec075956916091ac8f,matched_unique,published_pile_component_weights_v1,"published Pile component weights; static corpus-level candidate, not measured token exposure",0.089600,0.061200,0.003000,0.144000,0.015300,0.012400,0.075900,0.003800,0.051300,0.001400,0.021700,0.181100,0.008800,0.007300,0.006200,0.030700,0.036500,0.249800
1107,EleutherAI/pythia-12b,11.965825,18000,37.749,2.291,step18000,cead3c198c3c72722def2614b19dde2545c46d54,matched_unique,published_pile_component_weights_v1,"published Pile component weights; static corpus-level candidate, not measured token exposure",0.089600,0.061200,0.003000,0.144000,0.015300,0.012400,0.075900,0.003800,0.051300,0.001400,0.021700,0.181100,0.008800,0.007300,0.006200,0.030700,0.036500,0.249800
1108,EleutherAI/pythia-12b,11.965825,19000,39.846,2.2841,step19000,c180bc02c19f5827615becacbeb79e41ac8dfe2d,matched_unique,published_pile_component_weights_v1,"published Pile component weights; static corpus-level candidate, not measured token exposure",0.089600,0.061200,0.003000,0.144000,0.015300,0.012400,0.075900,0.003800,0.051300,0.001400,0.021700,0.181100,0.008800,0.007300,0.006200,0.030700,0.036500,0.249800
1109,EleutherAI/pythia-12b,11.965825,20000,41.943,2.2778,step20000,ce271c9ddce06a80342c5bcb9eb0597cf704891d,matched_unique,published_pile_component_weights_v1,"published Pile component weights; static corpus-level candidate, not measured token exposure",0.089600,0.061200,0.003000,0.144000,0.015300,0.012400,0.075900,0.003800,0.051300,0.001400,0.021700,0.181100,0.008800,0.007300,0.006200,0.030700,0.036500,0.249800
1110,EleutherAI/pythia-12b,11.965825,21000,44.04,2.2722,step21000,7988c593d8b470335dbd91a3c939b650cff86a18,matched_unique,published_pile_component_weights_v1,"published Pile component weights; static corpus-level candidate, not measured token exposure",0.089600,0.061200,0.003000,0.144000,0.015300,0.012400,0.075900,0.003800,0.051300,0.001400,0.021700,0.181100,0.008800,0.007300,0.006200,0.030700,0.036500,0.249800
1111,EleutherAI/pythia-12b,11.965825,22000,46.137,2.2664,step22000,94c7b8775bb4e110c07470eafc634e1084b42f3a,matched_unique,published_pile_component_weights_v1,"published Pile component weights; static corpus-level candidate, not measured token exposure",0.089600,0.061200,0.003000,0.144000,0.015300,0.012400,0.075900,0.003800,0.051300,0.001400,0.021700,0.181100,0.008800,0.007300,0.006200,0.030700,0.036500,0.249800
1112,EleutherAI/pythia-12b,11.965825,23000,48.234,2.2612,step23000,c65b70e2ecae0f5d81e23547a8403f87856fc75c,matched_unique,published_pile_component_weights_v1,"published Pile component weights; static corpus-level candidate, not measured token exposure",0.089600,0.061200,0.003000,0.144000,0.015300,0.012400,0.075900,0.003800,0.051300,0.001400,0.021700,0.181100,0.008800,0.007300,0.006200,0.030700,0.036500,0.249800
1113,EleutherAI/pythia-12b,11.965825,24000,50.332,2.2563,step24000,c31d464f881f2c683d60f7757b1d80962c2b45f7,matched_unique,published_pile_component_weights_v1,"published Pile component weights; static corpus-level candidate, not measured token exposure",0.089600,0.061200,0.003000,0.144000,0.015300,0.012400,0.075900,0.003800,0.051300,0.001400,0.021700,0.181100,0.008800,0.007300,0.006200,0.030700,0.036500,0.249800
1114,EleutherAI/pythia-12b,11.965825,25000,52.429,2.2516,step25000,780d49328c60a6292c64db6eac151b3a685d401a,matched_unique,published_pile_component_weights_v1,"published Pile component weights; static corpus-level candidate, not measured token exposure",0.089600,0.061200,0.003000,0.144000,0.015300,0.012400,0.075900,0.003800,0.051300,0.001400,0.021700,0.181100,0.008800,0.007300,0.006200,0.030700,0.036500,0.249800
1115,EleutherAI/pythia-12b,11.965825,26000,54.526,2.2471,step26000,22f15a07ec7efbb4cedee35e5b3496980af5eb76,matched_unique,published_pile_component_weights_v1,"published Pile component weights; static corpus-level candidate, not measured token exposure",0.089600,0.061200,0.003000,0.144000,0.015300,0.012400,0.075900,0.003800,0.051300,0.001400,0.021700,0.181100,0.008800,0.007300,0.006200,0.030700,0.036500,0.249800
1116,EleutherAI/pythia-12b,11.965825,27000,56.623,2.2428,step27000,35e3176dc6a241e8b6a696b44555620871f9c46e,matched_unique,published_pile_component_weights_v1,"published Pile component weights; static corpus-level candidate, not measured token exposure",0.089600,0.061200,0.003000,0.144000,0.015300,0.012400,0.075900,0.003800,0.051300,0.001400,0.021700,0.181100,0.008800,0.007300,0.006200,0.030700,0.036500,0.249800
1117,EleutherAI/pythia-12b,11.965825,28000,58.72,2.239,step28000,ab06d804d33ae36896fbc0b1d79e535e470dedd1,matched_unique,published_pile_component_weights_v1,"published Pile component weights; static corpus-level candidate, not measured token exposure",0.089600,0.061200,0.003000,0.144000,0.015300,0.012400,0.075900,0.003800,0.051300,0.001400,0.021700,0.181100,0.008800,0.007300,0.006200,0.030700,0.036500,0.249800
1118,EleutherAI/pythia-12b,11.965825,29000,60.817,2.2349,step29000,5fdbd20791959856dc4e253133d2d19d8b9367bb,matched_unique,published_pile_component_weights_v1,"published Pile component weights; static corpus-level candidate, not measured token exposure",0.089600,0.061200,0.003000,0.144000,0.015300,0.012400,0.075900,0.003800,0.051300,0.001400,0.021700,0.181100,0.008800,0.007300,0.006200,0.030700,0.036500,0.249800
1119,EleutherAI/pythia-12b,11.965825,30000,62.915,2.2312,step30000,fd204ffb419dc5f61add09ad328d38a2fe2930bd,matched_unique,published_pile_component_weights_v1,"published Pile component weights; static corpus-level candidate, not measured token exposure",0.089600,0.061200,0.003000,0.144000,0.015300,0.012400,0.075900,0.003800,0.051300,0.001400,0.021700,0.181100,0.008800,0.007300,0.006200,0.030700,0.036500,0.249800
1120,EleutherAI/pythia-12b,11.965825,31000,65.012,2.2277,step31000,72aecb4d11634261513c96f7e17d40497a0f2457,matched_unique,published_pile_component_weights_v1,"published Pile component weights; static corpus-level candidate, not measured token exposure",0.089600,0.061200,0.003000,0.144000,0.015300,0.012400,0.075900,0.003800,0.051300,0.001400,0.021700,0.181100,0.008800,0.007300,0.006200,0.030700,0.036500,0.249800
1121,EleutherAI/pythia-12b,11.965825,32000,67.109,2.2243,step32000,35144bc9d995b7e9a00dc1f868a0fd32dfce684d,matched_unique,published_pile_component_weights_v1,"published Pile component weights; static corpus-level candidate, not measured token exposure",0.089600,0.061200,0.003000,0.144000,0.015300,0.012400,0.075900,0.003800,0.051300,0.001400,0.021700,0.181100,0.008800,0.007300,0.006200,0.030700,0.036500,0.249800
1122,EleutherAI/pythia-12b,11.965825,33000,69.206,2.221,step33000,fe9620e59aec5b4b676f4a5d9b3afc7f2f07d677,matched_unique,published_pile_component_weights_v1,"published Pile component weights; static corpus-level candidate, not measured token exposure",0.089600,0.061200,0.003000,0.144000,0.015300,0.012400,0.075900,0.003800,0.051300,0.001400,0.021700,0.181100,0.008800,0.007300,0.006200,0.030700,0.036500,0.249800
1123,EleutherAI/pythia-12b,11.965825,34000,71.303,2.2178,step34000,4fbdea1981560e3678a23e6355143c9d2feab81d,matched_unique,published_pile_component_weights_v1,"published Pile component weights; static corpus-level candidate, not measured token exposure",0.089600,0.061200,0.003000,0.144000,0.015300,0.012400,0.075900,0.003800,0.051300,0.001400,0.021700,0.181100,0.008800,0.007300,0.006200,0.030700,0.036500,0.249800
1124,EleutherAI/pythia-12b,11.965825,35000,73.4,2.2146,step35000,c2132980e2d903baaed107990a0fb36ba40f1ecd,matched_unique,published_pile_component_weights_v1,"published Pile component weights; static corpus-level candidate, not measured token exposure",0.089600,0.061200,0.003000,0.144000,0.015300,0.012400,0.075900,0.003800,0.051300,0.001400,0.021700,0.181100,0.008800,0.007300,0.006200,0.030700,0.036500,0.249800
1125,EleutherAI/pythia-12b,11.965825,36000,75.497,2.2119,step36000,98d9e60cb615d2772d8e9f2acd3b3c6fac873780,matched_unique,published_pile_component_weights_v1,"published Pile component weights; static corpus-level candidate, not measured token exposure",0.089600,0.061200,0.003000,0.144000,0.015300,0.012400,0.075900,0.003800,0.051300,0.001400,0.021700,0.181100,0.008800,0.007300,0.006200,0.030700,0.036500,0.249800
1126,EleutherAI/pythia-12b,11.965825,37000,77.595,2.2089,step37000,be255470cffada472e7e623b6d47fb54dd065bae,matched_unique,published_pile_component_weights_v1,"published Pile component weights; static corpus-level candidate, not measured token exposure",0.089600,0.061200,0.003000,0.144000,0.015300,0.012400,0.075900,0.003800,0.051300,0.001400,0.021700,0.181100,0.008800,0.007300,0.006200,0.030700,0.036500,0.249800
1127,EleutherAI/pythia-12b,11.965825,38000,79.692,2.2063,step38000,6e8e0dadd23313841a01018042db8ddae72b9e1b,matched_unique,published_pile_component_weights_v1,"published Pile component weights; static corpus-level candidate, not measured token exposure",0.089600,0.061200,0.003000,0.144000,0.015300,0.012400,0.075900,0.003800,0.051300,0.001400,0.021700,0.181100,0.008800,0.007300,0.006200,0.030700,0.036500,0.249800
1128,EleutherAI/pythia-12b,11.965825,39000,81.789,2.2035,step39000,476707465fc77b6df347a5fb9426533d3b3079e8,matched_unique,published_pile_component_weights_v1,"published Pile component weights; static corpus-level candidate, not measured token exposure",0.089600,0.061200,0.003000,0.144000,0.015300,0.012400,0.075900,0.003800,0.051300,0.001400,0.021700,0.181100,0.008800,0.007300,0.006200,0.030700,0.036500,0.249800
1129,EleutherAI/pythia-12b,11.965825,40000,83.886,2.201,step40000,41e0330da6d033a76d5fb0a5aa93e97f2126b01a,matched_unique,published_pile_component_weights_v1,"published Pile component weights; static corpus-level candidate, not measured token exposure",0.089600,0.061200,0.003000,0.144000,0.015300,0.012400,0.075900,0.003800,0.051300,0.001400,0.021700,0.181100,0.008800,0.007300,0.006200,0.030700,0.036500,0.249800
1130,EleutherAI/pythia-12b,11.965825,41000,85.983,2.1986,step41000,6db14e1c3ca411cc23684c7f143aef05a17e9ef7,matched_unique,published_pile_component_weights_v1,"published Pile component weights; static corpus-level candidate, not measured token exposure",0.089600,0.061200,0.003000,0.144000,0.015300,0.012400,0.075900,0.003800,0.051300,0.001400,0.021700,0.181100,0.008800,0.007300,0.006200,0.030700,0.036500,0.249800
1131,EleutherAI/pythia-12b,11.965825,42000,88.08,2.1962,step42000,67b2472bcf6bfa6826bd935b933b619af1f0b0af,matched_unique,published_pile_component_weights_v1,"published Pile component weights; static corpus-level candidate, not measured token exposure",0.089600,0.061200,0.003000,0.144000,0.015300,0.012400,0.075900,0.003800,0.051300,0.001400,0.021700,0.181100,0.008800,0.007300,0.006200,0.030700,0.036500,0.249800
1132,EleutherAI/pythia-12b,11.965825,43000,90.178,2.1939,step43000,f7c194f1d97ae5b68e48d8a75fda3ecb40d9870b,matched_unique,published_pile_component_weights_v1,"published Pile component weights; static corpus-level candidate, not measured token exposure",0.089600,0.061200,0.003000,0.144000,0.015300,0.012400,0.075900,0.003800,0.051300,0.001400,0.021700,0.181100,0.008800,0.007300,0.006200,0.030700,0.036500,0.249800
1133,EleutherAI/pythia-12b,11.965825,44000,92.275,2.1917,step44000,b4d563f0eded66337bd4550473470997c7539572,matched_unique,published_pile_component_weights_v1,"published Pile component weights; static corpus-level candidate, not measured token exposure",0.089600,0.061200,0.003000,0.144000,0.015300,0.012400,0.075900,0.003800,0.051300,0.001400,0.021700,0.181100,0.008800,0.007300,0.006200,0.030700,0.036500,0.249800
1134,EleutherAI/pythia-12b,11.965825,45000,94.372,2.1894,step45000,b631e944a5c9c776938edc1dcd8c87dfe200b66d,matched_unique,published_pile_component_weights_v1,"published Pile component weights; static corpus-level candidate, not measured token exposure",0.089600,0.061200,0.003000,0.144000,0.015300,0.012400,0.075900,0.003800,0.051300,0.001400,0.021700,0.181100,0.008800,0.007300,0.006200,0.030700,0.036500,0.249800
1135,EleutherAI/pythia-12b,11.965825,46000,96.469,2.1873,step46000,76ec28237b5afd7c158ef0248938b1f3e65242b5,matched_unique,published_pile_component_weights_v1,"published Pile component weights; static corpus-level candidate, not measured token exposure",0.089600,0.061200,0.003000,0.144000,0.015300,0.012400,0.075900,0.003800,0.051300,0.001400,0.021700,0.181100,0.008800,0.007300,0.006200,0.030700,0.036500,0.249800
1136,EleutherAI/pythia-12b,11.965825,47000,98.566,2.1853,step47000,b6ddf09afd0c6eb7faf112b59bdf9fd92fbf34f8,matched_unique,published_pile_component_weights_v1,"published Pile component weights; static corpus-level candidate, not measured token exposure",0.089600,0.061200,0.003000,0.144000,0.015300,0.012400,0.075900,0.003800,0.051300,0.001400,0.021700,0.181100,0.008800,0.007300,0.006200,0.030700,0.036500,0.249800
1137,EleutherAI/pythia-12b,11.965825,48000,100.663,2.1833,step48000,886f33963985b6308a2c88e1b20340cd29b8b13b,matched_unique,published_pile_component_weights_v1,"published Pile component weights; static corpus-level candidate, not measured token exposure",0.089600,0.061200,0.003000,0.144000,0.015300,0.012400,0.075900,0.003800,0.051300,0.001400,0.021700,0.181100,0.008800,0.007300,0.006200,0.030700,0.036500,0.249800
1138,EleutherAI/pythia-12b,11.965825,49000,102.76,2.1811,step49000,b39c662807e8107657141754ccd0dcab7d364de4,matched_unique,published_pile_component_weights_v1,"published Pile component weights; static corpus-level candidate, not measured token exposure",0.089600,0.061200,0.003000,0.144000,0.015300,0.012400,0.075900,0.003800,0.051300,0.001400,0.021700,0.181100,0.008800,0.007300,0.006200,0.030700,0.036500,0.249800
1139,EleutherAI/pythia-12b,11.965825,50000,104.858,2.1794,step50000,a4d34351f6f5eff7df9bc89d3711ebabd4e75792,matched_unique,published_pile_component_weights_v1,"published Pile component weights; static corpus-level candidate, not measured token exposure",0.089600,0.061200,0.003000,0.144000,0.015300,0.012400,0.075900,0.003800,0.051300,0.001400,0.021700,0.181100,0.008800,0.007300,0.006200,0.030700,0.036500,0.249800
1140,EleutherAI/pythia-12b,11.965825,51000,106.955,2.1775,step51000,5ed3cacfd5a147b3b693280fe8aa1448faa27354,matched_unique,published_pile_component_weights_v1,"published Pile component weights; static corpus-level candidate, not measured token exposure",0.089600,0.061200,0.003000,0.144000,0.015300,0.012400,0.075900,0.003800,0.051300,0.001400,0.021700,0.181100,0.008800,0.007300,0.006200,0.030700,0.036500,0.249800
1141,EleutherAI/pythia-12b,11.965825,52000,109.052,2.1756,step52000,f713b0978c69e6d45836cab0791cca4cf474ba77,matched_unique,published_pile_component_weights_v1,"published Pile component weights; static corpus-level candidate, not measured token exposure",0.089600,0.061200,0.003000,0.144000,0.015300,0.012400,0.075900,0.003800,0.051300,0.001400,0.021700,0.181100,0.008800,0.007300,0.006200,0.030700,0.036500,0.249800
1142,EleutherAI/pythia-12b,11.965825,53000,111.149,2.174,step53000,085dd283f5bb2ee997014bdad1d1841bfd007436,matched_unique,published_pile_component_weights_v1,"published Pile component weights; static corpus-level candidate, not measured token exposure",0.089600,0.061200,0.003000,0.144000,0.015300,0.012400,0.075900,0.003800,0.051300,0.001400,0.021700,0.181100,0.008800,0.007300,0.006200,0.030700,0.036500,0.249800
1143,EleutherAI/pythia-12b,11.965825,54000,113.246,2.1721,step54000,3359f94593cc0efa0396757b442a0a3313d5bd4a,matched_unique,published_pile_component_weights_v1,"published Pile component weights; static corpus-level candidate, not measured token exposure",0.089600,0.061200,0.003000,0.144000,0.015300,0.012400,0.075900,0.003800,0.051300,0.001400,0.021700,0.181100,0.008800,0.007300,0.006200,0.030700,0.036500,0.249800
1144,EleutherAI/pythia-12b,11.965825,55000,115.343,2.1704,step55000,f629fde55baaf850b78366a60c03b9c001d04c0c,matched_unique,published_pile_component_weights_v1,"published Pile component weights; static corpus-level candidate, not measured token exposure",0.089600,0.061200,0.003000,0.144000,0.015300,0.012400,0.075900,0.003800,0.051300,0.001400,0.021700,0.181100,0.008800,0.007300,0.006200,0.030700,0.036500,0.249800
1145,EleutherAI/pythia-12b,11.965825,56000,117.441,2.1688,step56000,eb3436d852467fdb1367f1588cd7a4fb8fb1d11a,matched_unique,published_pile_component_weights_v1,"published Pile component weights; static corpus-level candidate, not measured token exposure",0.089600,0.061200,0.003000,0.144000,0.015300,0.012400,0.075900,0.003800,0.051300,0.001400,0.021700,0.181100,0.008800,0.007300,0.006200,0.030700,0.036500,0.249800
1146,EleutherAI/pythia-12b,11.965825,57000,119.538,2.1672,step57000,a9ed3ffc553d905c570371e9e61b7d1ae2ebe71d,matched_unique,published_pile_component_weights_v1,"published Pile component weights; static corpus-level candidate, not measured token exposure",0.089600,0.061200,0.003000,0.144000,0.015300,0.012400,0.075900,0.003800,0.051300,0.001400,0.021700,0.181100,0.008800,0.007300,0.006200,0.030700,0.036500,0.249800
1147,EleutherAI/pythia-12b,11.965825,58000,121.635,2.1655,step58000,35c9d7f32fbb108fb8b5bdd574eb03369d1eed49,matched_unique,published_pile_component_weights_v1,"published Pile component weights; static corpus-level candidate, not measured token exposure",0.089600,0.061200,0.003000,0.144000,0.015300,0.012400,0.075900,0.003800,0.051300,0.001400,0.021700,0.181100,0.008800,0.007300,0.006200,0.030700,0.036500,0.249800
1148,EleutherAI/pythia-12b,11.965825,59000,123.732,2.1639,step59000,42c7988c620d8dc24238de8c006bbdaac70c1fcc,matched_unique,published_pile_component_weights_v1,"published Pile component weights; static corpus-level candidate, not measured token exposure",0.089600,0.061200,0.003000,0.144000,0.015300,0.012400,0.075900,0.003800,0.051300,0.001400,0.021700,0.181100,0.008800,0.007300,0.006200,0.030700,0.036500,0.249800
1149,EleutherAI/pythia-12b,11.965825,60000,125.829,2.1627,step60000,9a6ccbe1fc3defd183e51f953b45025892d2770b,matched_unique,published_pile_component_weights_v1,"published Pile component weights; static corpus-level candidate, not measured token exposure",0.089600,0.061200,0.003000,0.144000,0.015300,0.012400,0.075900,0.003800,0.051300,0.001400,0.021700,0.181100,0.008800,0.007300,0.006200,0.030700,0.036500,0.249800
1150,EleutherAI/pythia-12b,11.965825,61000,127.926,2.161,step61000,13b71376e5de78d1463091de5c59a1e8a347dfdf,matched_unique,published_pile_component_weights_v1,"published Pile component weights; static corpus-level candidate, not measured token exposure",0.089600,0.061200,0.003000,0.144000,0.015300,0.012400,0.075900,0.003800,0.051300,0.001400,0.021700,0.181100,0.008800,0.007300,0.006200,0.030700,0.036500,0.249800
1151,EleutherAI/pythia-12b,11.965825,62000,130.023,2.1595,step62000,cf06d4c8c88431ecad881780c84d0d295b08e5f9,matched_unique,published_pile_component_weights_v1,"published Pile component weights; static corpus-level candidate, not measured token exposure",0.089600,0.061200,0.003000,0.144000,0.015300,0.012400,0.075900,0.003800,0.051300,0.001400,0.021700,0.181100,0.008800,0.007300,0.006200,0.030700,0.036500,0.249800
1152,EleutherAI/pythia-12b,11.965825,63000,132.121,2.158,step63000,8e17e9130785cc6b0f8d6c49be2cf80cd4298002,matched_unique,published_pile_component_weights_v1,"published Pile component weights; static corpus-level candidate, not measured token exposure",0.089600,0.061200,0.003000,0.144000,0.015300,0.012400,0.075900,0.003800,0.051300,0.001400,0.021700,0.181100,0.008800,0.007300,0.006200,0.030700,0.036500,0.249800
1153,EleutherAI/pythia-12b,11.965825,64000,134.218,2.1568,step64000,f8b60fcd6526a3b6a1b541043caa7082024a5e45,matched_unique,published_pile_component_weights_v1,"published Pile component weights; static corpus-level candidate, not measured token exposure",0.089600,0.061200,0.003000,0.144000,0.015300,0.012400,0.075900,0.003800,0.051300,0.001400,0.021700,0.181100,0.008800,0.007300,0.006200,0.030700,0.036500,0.249800
1154,EleutherAI/pythia-12b,11.965825,65000,136.315,2.1553,step65000,cfa82aa8832a4ae5542241066fb3e88c5d4ac515,matched_unique,published_pile_component_weights_v1,"published Pile component weights; static corpus-level candidate, not measured token exposure",0.089600,0.061200,0.003000,0.144000,0.015300,0.012400,0.075900,0.003800,0.051300,0.001400,0.021700,0.181100,0.008800,0.007300,0.006200,0.030700,0.036500,0.249800
1155,EleutherAI/pythia-12b,11.965825,66000,138.412,2.1542,step66000,edd8a66869d1bd3ce5fe4a86e787313ab42841ba,matched_unique,published_pile_component_weights_v1,"published Pile component weights; static corpus-level candidate, not measured token exposure",0.089600,0.061200,0.003000,0.144000,0.015300,0.012400,0.075900,0.003800,0.051300,0.001400,0.021700,0.181100,0.008800,0.007300,0.006200,0.030700,0.036500,0.249800
1156,EleutherAI/pythia-12b,11.965825,67000,140.509,2.1529,step67000,c2843550ec59a20fd7768f0c5e3b3b69233335d5,matched_unique,published_pile_component_weights_v1,"published Pile component weights; static corpus-level candidate, not measured token exposure",0.089600,0.061200,0.003000,0.144000,0.015300,0.012400,0.075900,0.003800,0.051300,0.001400,0.021700,0.181100,0.008800,0.007300,0.006200,0.030700,0.036500,0.249800
1157,EleutherAI/pythia-12b,11.965825,68000,142.606,2.1515,step68000,2b178b2a98fd729be4b2904e76a10ed7ce1a69cc,matched_unique,published_pile_component_weights_v1,"published Pile component weights; static corpus-level candidate, not measured token exposure",0.089600,0.061200,0.003000,0.144000,0.015300,0.012400,0.075900,0.003800,0.051300,0.001400,0.021700,0.181100,0.008800,0.007300,0.006200,0.030700,0.036500,0.249800
1158,EleutherAI/pythia-12b,11.965825,69000,144.703,2.1504,step69000,7c78cc921980545b04942e8d107ccbba8b20f0a5,matched_unique,published_pile_component_weights_v1,"published Pile component weights; static corpus-level candidate, not measured token exposure",0.089600,0.061200,0.003000,0.144000,0.015300,0.012400,0.075900,0.003800,0.051300,0.001400,0.021700,0.181100,0.008800,0.007300,0.006200,0.030700,0.036500,0.249800
1159,EleutherAI/pythia-12b,11.965825,70000,146.801,2.1491,step70000,aa89944fbe2abf1bf82e80aadab9000ac74250f7,matched_unique,published_pile_component_weights_v1,"published Pile component weights; static corpus-level candidate, not measured token exposure",0.089600,0.061200,0.003000,0.144000,0.015300,0.012400,0.075900,0.003800,0.051300,0.001400,0.021700,0.181100,0.008800,0.007300,0.006200,0.030700,0.036500,0.249800
1160,EleutherAI/pythia-12b,11.965825,71000,148.898,2.1478,step71000,c125858b51e9794c8feb64ce7bbf30ccb8a87358,matched_unique,published_pile_component_weights_v1,"published Pile component weights; static corpus-level candidate, not measured token exposure",0.089600,0.061200,0.003000,0.144000,0.015300,0.012400,0.075900,0.003800,0.051300,0.001400,0.021700,0.181100,0.008800,0.007300,0.006200,0.030700,0.036500,0.249800
1161,EleutherAI/pythia-12b,11.965825,72000,150.995,2.1464,step72000,0ea57a025e9042de38822fc5ad05544b6b112269,matched_unique,published_pile_component_weights_v1,"published Pile component weights; static corpus-level candidate, not measured token exposure",0.089600,0.061200,0.003000,0.144000,0.015300,0.012400,0.075900,0.003800,0.051300,0.001400,0.021700,0.181100,0.008800,0.007300,0.006200,0.030700,0.036500,0.249800
1162,EleutherAI/pythia-12b,11.965825,73000,153.092,2.1456,step73000,15b821767af02f50215fe04baa1b42cae74c6794,matched_unique,published_pile_component_weights_v1,"published Pile component weights; static corpus-level candidate, not measured token exposure",0.089600,0.061200,0.003000,0.144000,0.015300,0.012400,0.075900,0.003800,0.051300,0.001400,0.021700,0.181100,0.008800,0.007300,0.006200,0.030700,0.036500,0.249800
1163,EleutherAI/pythia-12b,11.965825,74000,155.189,2.1442,step74000,b9adbcabc7ef53ee522f3ece3d6b44d86cac50b6,matched_unique,published_pile_component_weights_v1,"published Pile component weights; static corpus-level candidate, not measured token exposure",0.089600,0.061200,0.003000,0.144000,0.015300,0.012400,0.075900,0.003800,0.051300,0.001400,0.021700,0.181100,0.008800,0.007300,0.006200,0.030700,0.036500,0.249800
1164,EleutherAI/pythia-12b,11.965825,75000,157.286,2.143,step75000,a7a4241bbd9012cc4dca18c3c8facd0d403f676f,matched_unique,published_pile_component_weights_v1,"published Pile component weights; static corpus-level candidate, not measured token exposure",0.089600,0.061200,0.003000,0.144000,0.015300,0.012400,0.075900,0.003800,0.051300,0.001400,0.021700,0.181100,0.008800,0.007300,0.006200,0.030700,0.036500,0.249800
1165,EleutherAI/pythia-12b,11.965825,76000,159.384,2.1421,step76000,e635ba9a257e2932855670c8d823bf0c5546a3ff,matched_unique,published_pile_component_weights_v1,"published Pile component weights; static corpus-level candidate, not measured token exposure",0.089600,0.061200,0.003000,0.144000,0.015300,0.012400,0.075900,0.003800,0.051300,0.001400,0.021700,0.181100,0.008800,0.007300,0.006200,0.030700,0.036500,0.249800
1166,EleutherAI/pythia-12b,11.965825,77000,161.481,2.1411,step77000,d36a722132887ecc4b4d054c94641dff58a2e29e,matched_unique,published_pile_component_weights_v1,"published Pile component weights; static corpus-level candidate, not measured token exposure",0.089600,0.061200,0.003000,0.144000,0.015300,0.012400,0.075900,0.003800,0.051300,0.001400,0.021700,0.181100,0.008800,0.007300,0.006200,0.030700,0.036500,0.249800
1167,EleutherAI/pythia-12b,11.965825,78000,163.578,2.1399,step78000,b8ad11ce771f9266422f2659abf77bf45a49feaa,matched_unique,published_pile_component_weights_v1,"published Pile component weights; static corpus-level candidate, not measured token exposure",0.089600,0.061200,0.003000,0.144000,0.015300,0.012400,0.075900,0.003800,0.051300,0.001400,0.021700,0.181100,0.008800,0.007300,0.006200,0.030700,0.036500,0.249800
1168,EleutherAI/pythia-12b,11.965825,79000,165.675,2.1388,step79000,3bbc7856f38e2ccb1ffb1021e6a52786d776863b,matched_unique,published_pile_component_weights_v1,"published Pile component weights; static corpus-level candidate, not measured token exposure",0.089600,0.061200,0.003000,0.144000,0.015300,0.012400,0.075900,0.003800,0.051300,0.001400,0.021700,0.181100,0.008800,0.007300,0.006200,0.030700,0.036500,0.249800
1169,EleutherAI/pythia-12b,11.965825,80000,167.772,2.1378,step80000,fa8b7ddc1b3b33d889a35650d5bc42414d52bea4,matched_unique,published_pile_component_weights_v1,"published Pile component weights; static corpus-level candidate, not measured token exposure",0.089600,0.061200,0.003000,0.144000,0.015300,0.012400,0.075900,0.003800,0.051300,0.001400,0.021700,0.181100,0.008800,0.007300,0.006200,0.030700,0.036500,0.249800
1170,EleutherAI/pythia-12b,11.965825,81000,169.869,2.1368,step81000,635eec2308c2ce30cdfddf11e516f93ab3ab5a06,matched_unique,published_pile_component_weights_v1,"published Pile component weights; static corpus-level candidate, not measured token exposure",0.089600,0.061200,0.003000,0.144000,0.015300,0.012400,0.075900,0.003800,0.051300,0.001400,0.021700,0.181100,0.008800,0.007300,0.006200,0.030700,0.036500,0.249800
1171,EleutherAI/pythia-12b,11.965825,82000,171.966,2.1358,step82000,1afac8f9fc6dfce4cc7ee5744e39d9cd265a0bf1,matched_unique,published_pile_component_weights_v1,"published Pile component weights; static corpus-level candidate, not measured token exposure",0.089600,0.061200,0.003000,0.144000,0.015300,0.012400,0.075900,0.003800,0.051300,0.001400,0.021700,0.181100,0.008800,0.007300,0.006200,0.030700,0.036500,0.249800
1172,EleutherAI/pythia-12b,11.965825,83000,174.064,2.1347,step83000,9cc8c068fb942e840c935dede6fbaa0276d2fffb,matched_unique,published_pile_component_weights_v1,"published Pile component weights; static corpus-level candidate, not measured token exposure",0.089600,0.061200,0.003000,0.144000,0.015300,0.012400,0.075900,0.003800,0.051300,0.001400,0.021700,0.181100,0.008800,0.007300,0.006200,0.030700,0.036500,0.249800
1173,EleutherAI/pythia-12b,11.965825,84000,176.161,2.1337,step84000,8a92ce10546f020df84f2a8ba72054e1f3fda363,matched_unique,published_pile_component_weights_v1,"published Pile component weights; static corpus-level candidate, not measured token exposure",0.089600,0.061200,0.003000,0.144000,0.015300,0.012400,0.075900,0.003800,0.051300,0.001400,0.021700,0.181100,0.008800,0.007300,0.006200,0.030700,0.036500,0.249800
1174,EleutherAI/pythia-12b,11.965825,85000,178.258,2.1328,step85000,5f41ea1767870364f8bbaaf68ed9b07a74db1d3e,matched_unique,published_pile_component_weights_v1,"published Pile component weights; static corpus-level candidate, not measured token exposure",0.089600,0.061200,0.003000,0.144000,0.015300,0.012400,0.075900,0.003800,0.051300,0.001400,0.021700,0.181100,0.008800,0.007300,0.006200,0.030700,0.036500,0.249800
1175,EleutherAI/pythia-12b,11.965825,86000,180.355,2.1318,step86000,522685559b660729eef8233394acb0574e2db5c7,matched_unique,published_pile_component_weights_v1,"published Pile component weights; static corpus-level candidate, not measured token exposure",0.089600,0.061200,0.003000,0.144000,0.015300,0.012400,0.075900,0.003800,0.051300,0.001400,0.021700,0.181100,0.008800,0.007300,0.006200,0.030700,0.036500,0.249800
1176,EleutherAI/pythia-12b,11.965825,87000,182.452,2.1309,step87000,c52e443170e8238ac15c43fd7be9b26835897c5f,matched_unique,published_pile_component_weights_v1,"published Pile component weights; static corpus-level candidate, not measured token exposure",0.089600,0.061200,0.003000,0.144000,0.015300,0.012400,0.075900,0.003800,0.051300,0.001400,0.021700,0.181100,0.008800,0.007300,0.006200,0.030700,0.036500,0.249800
1177,EleutherAI/pythia-12b,11.965825,88000,184.549,2.1298,step88000,746d8ffc4f86942b8ebbcf7c036cc1547d0e34ec,matched_unique,published_pile_component_weights_v1,"published Pile component weights; static corpus-level candidate, not measured token exposure",0.089600,0.061200,0.003000,0.144000,0.015300,0.012400,0.075900,0.003800,0.051300,0.001400,0.021700,0.181100,0.008800,0.007300,0.006200,0.030700,0.036500,0.249800
1178,EleutherAI/pythia-12b,11.965825,89000,186.647,2.129,step89000,53fd074925f7b6c5242a56af6134b8df5759e1cc,matched_unique,published_pile_component_weights_v1,"published Pile component weights; static corpus-level candidate, not measured token exposure",0.089600,0.061200,0.003000,0.144000,0.015300,0.012400,0.075900,0.003800,0.051300,0.001400,0.021700,0.181100,0.008800,0.007300,0.006200,0.030700,0.036500,0.249800
1179,EleutherAI/pythia-12b,11.965825,90000,188.744,2.1281,step90000,c7a0cb973a4003e1d07ac37ec7d66898ff6092e3,matched_unique,published_pile_component_weights_v1,"published Pile component weights; static corpus-level candidate, not measured token exposure",0.089600,0.061200,0.003000,0.144000,0.015300,0.012400,0.075900,0.003800,0.051300,0.001400,0.021700,0.181100,0.008800,0.007300,0.006200,0.030700,0.036500,0.249800
1180,EleutherAI/pythia-12b,11.965825,91000,190.841,2.1272,step91000,a25cf5972afab202da0a3480bea0da6dcf667870,matched_unique,published_pile_component_weights_v1,"published Pile component weights; static corpus-level candidate, not measured token exposure",0.089600,0.061200,0.003000,0.144000,0.015300,0.012400,0.075900,0.003800,0.051300,0.001400,0.021700,0.181100,0.008800,0.007300,0.006200,0.030700,0.036500,0.249800
1181,EleutherAI/pythia-12b,11.965825,92000,192.938,2.1264,step92000,59ef97915dd1e870dfd3ce95b65943a10ca28291,matched_unique,published_pile_component_weights_v1,"published Pile component weights; static corpus-level candidate, not measured token exposure",0.089600,0.061200,0.003000,0.144000,0.015300,0.012400,0.075900,0.003800,0.051300,0.001400,0.021700,0.181100,0.008800,0.007300,0.006200,0.030700,0.036500,0.249800
1182,EleutherAI/pythia-12b,11.965825,93000,195.035,2.1256,step93000,bb7d4d09cc3044da5cb46fa1a14ad33246c9c270,matched_unique,published_pile_component_weights_v1,"published Pile component weights; static corpus-level candidate, not measured token exposure",0.089600,0.061200,0.003000,0.144000,0.015300,0.012400,0.075900,0.003800,0.051300,0.001400,0.021700,0.181100,0.008800,0.007300,0.006200,0.030700,0.036500,0.249800
1183,EleutherAI/pythia-12b,11.965825,94000,197.132,2.1248,step94000,ff5f141b8f2ae453bb75105430fae7e5441a5135,matched_unique,published_pile_component_weights_v1,"published Pile component weights; static corpus-level candidate, not measured token exposure",0.089600,0.061200,0.003000,0.144000,0.015300,0.012400,0.075900,0.003800,0.051300,0.001400,0.021700,0.181100,0.008800,0.007300,0.006200,0.030700,0.036500,0.249800
1184,EleutherAI/pythia-12b,11.965825,95000,199.229,2.1238,step95000,322bf0fa08ffdfa498576d72a7038b0f32fce56d,matched_unique,published_pile_component_weights_v1,"published Pile component weights; static corpus-level candidate, not measured token exposure",0.089600,0.061200,0.003000,0.144000,0.015300,0.012400,0.075900,0.003800,0.051300,0.001400,0.021700,0.181100,0.008800,0.007300,0.006200,0.030700,0.036500,0.249800
1185,EleutherAI/pythia-12b,11.965825,96000,201.327,2.123,step96000,472b6ca1c21aea4fb749b42fdcafc060a2aada66,matched_unique,published_pile_component_weights_v1,"published Pile component weights; static corpus-level candidate, not measured token exposure",0.089600,0.061200,0.003000,0.144000,0.015300,0.012400,0.075900,0.003800,0.051300,0.001400,0.021700,0.181100,0.008800,0.007300,0.006200,0.030700,0.036500,0.249800
1186,EleutherAI/pythia-12b,11.965825,97000,203.424,2.1223,step97000,755a66e5c135d531ff508baa496a7244fc83695d,matched_unique,published_pile_component_weights_v1,"published Pile component weights; static corpus-level candidate, not measured token exposure",0.089600,0.061200,0.003000,0.144000,0.015300,0.012400,0.075900,0.003800,0.051300,0.001400,0.021700,0.181100,0.008800,0.007300,0.006200,0.030700,0.036500,0.249800
1187,EleutherAI/pythia-12b,11.965825,98000,205.521,2.1214,step98000,972ea44aaae628b3d4c9669b5ab90a8fc5e7360c,matched_unique,published_pile_component_weights_v1,"published Pile component weights; static corpus-level candidate, not measured token exposure",0.089600,0.061200,0.003000,0.144000,0.015300,0.012400,0.075900,0.003800,0.051300,0.001400,0.021700,0.181100,0.008800,0.007300,0.006200,0.030700,0.036500,0.249800
1188,EleutherAI/pythia-12b,11.965825,99000,207.618,2.1206,step99000,4e45eceb53625f67bce7bb762dd338ec3917e04b,matched_unique,published_pile_component_weights_v1,"published Pile component weights; static corpus-level candidate, not measured token exposure",0.089600,0.061200,0.003000,0.144000,0.015300,0.012400,0.075900,0.003800,0.051300,0.001400,0.021700,0.181100,0.008800,0.007300,0.006200,0.030700,0.036500,0.249800
1189,EleutherAI/pythia-12b,11.965825,100000,209.715,2.1199,step100000,5ef7e566438f742d2ba55bee49e34931083b8ba2,matched_unique,published_pile_component_weights_v1,"published Pile component weights; static corpus-level candidate, not measured token exposure",0.089600,0.061200,0.003000,0.144000,0.015300,0.012400,0.075900,0.003800,0.051300,0.001400,0.021700,0.181100,0.008800,0.007300,0.006200,0.030700,0.036500,0.249800
1190,EleutherAI/pythia-12b,11.965825,101000,211.812,2.119,step101000,369297846a15cb2e93d43f1761a83f47b499b0a2,matched_unique,published_pile_component_weights_v1,"published Pile component weights; static corpus-level candidate, not measured token exposure",0.089600,0.061200,0.003000,0.144000,0.015300,0.012400,0.075900,0.003800,0.051300,0.001400,0.021700,0.181100,0.008800,0.007300,0.006200,0.030700,0.036500,0.249800
1191,EleutherAI/pythia-12b,11.965825,102000,213.91,2.1183,step102000,62c1998b1c19b4b92bedba8e4b60cc79a8b984f6,matched_unique,published_pile_component_weights_v1,"published Pile component weights; static corpus-level candidate, not measured token exposure",0.089600,0.061200,0.003000,0.144000,0.015300,0.012400,0.075900,0.003800,0.051300,0.001400,0.021700,0.181100,0.008800,0.007300,0.006200,0.030700,0.036500,0.249800
1192,EleutherAI/pythia-12b,11.965825,103000,216.007,2.1175,step103000,f204d5dd7c8a876546b18cc89db20eb913ab2151,matched_unique,published_pile_component_weights_v1,"published Pile component weights; static corpus-level candidate, not measured token exposure",0.089600,0.061200,0.003000,0.144000,0.015300,0.012400,0.075900,0.003800,0.051300,0.001400,0.021700,0.181100,0.008800,0.007300,0.006200,0.030700,0.036500,0.249800
1193,EleutherAI/pythia-12b,11.965825,104000,218.104,2.1168,step104000,d51e5d8491f4f50434a285d2fb2579064ecf3c34,matched_unique,published_pile_component_weights_v1,"published Pile component weights; static corpus-level candidate, not measured token exposure",0.089600,0.061200,0.003000,0.144000,0.015300,0.012400,0.075900,0.003800,0.051300,0.001400,0.021700,0.181100,0.008800,0.007300,0.006200,0.030700,0.036500,0.249800
1194,EleutherAI/pythia-12b,11.965825,105000,220.201,2.1161,step105000,e27d1e4904668a86d7deff31ac54e9df995adcd9,matched_unique,published_pile_component_weights_v1,"published Pile component weights; static corpus-level candidate, not measured token exposure",0.089600,0.061200,0.003000,0.144000,0.015300,0.012400,0.075900,0.003800,0.051300,0.001400,0.021700,0.181100,0.008800,0.007300,0.006200,0.030700,0.036500,0.249800
1195,EleutherAI/pythia-12b,11.965825,106000,222.298,2.1152,step106000,6d12a0090ceea8537fea0ce0a07bd63281cf660a,matched_unique,published_pile_component_weights_v1,"published Pile component weights; static corpus-level candidate, not measured token exposure",0.089600,0.061200,0.003000,0.144000,0.015300,0.012400,0.075900,0.003800,0.051300,0.001400,0.021700,0.181100,0.008800,0.007300,0.006200,0.030700,0.036500,0.249800
1196,EleutherAI/pythia-12b,11.965825,107000,224.395,2.1147,step107000,918e5f4386c90f43c06ba782567e54790a529142,matched_unique,published_pile_component_weights_v1,"published Pile component weights; static corpus-level candidate, not measured token exposure",0.089600,0.061200,0.003000,0.144000,0.015300,0.012400,0.075900,0.003800,0.051300,0.001400,0.021700,0.181100,0.008800,0.007300,0.006200,0.030700,0.036500,0.249800
1197,EleutherAI/pythia-12b,11.965825,108000,226.492,2.1139,step108000,ce82978f8a4997c74eba2c5407d1e224630529ba,matched_unique,published_pile_component_weights_v1,"published Pile component weights; static corpus-level candidate, not measured token exposure",0.089600,0.061200,0.003000,0.144000,0.015300,0.012400,0.075900,0.003800,0.051300,0.001400,0.021700,0.181100,0.008800,0.007300,0.006200,0.030700,0.036500,0.249800
1198,EleutherAI/pythia-12b,11.965825,109000,228.59,2.1133,step109000,02f2e6837d99a9d2148d2c41caa3d7a250e48fa1,matched_unique,published_pile_component_weights_v1,"published Pile component weights; static corpus-level candidate, not measured token exposure",0.089600,0.061200,0.003000,0.144000,0.015300,0.012400,0.075900,0.003800,0.051300,0.001400,0.021700,0.181100,0.008800,0.007300,0.006200,0.030700,0.036500,0.249800
1199,EleutherAI/pythia-12b,11.965825,110000,230.687,2.1125,step110000,24bfd8bf28fd0c55baadd672121780f6db5245ef,matched_unique,published_pile_component_weights_v1,"published Pile component weights; static corpus-level candidate, not measured token exposure",0.089600,0.061200,0.003000,0.144000,0.015300,0.012400,0.075900,0.003800,0.051300,0.001400,0.021700,0.181100,0.008800,0.007300,0.006200,0.030700,0.036500,0.249800
1200,EleutherAI/pythia-12b,11.965825,111000,232.784,2.1119,step111000,a9c90a77ef6dc5e0e3701ffadee84e8946b2f483,matched_unique,published_pile_component_weights_v1,"published Pile component weights; static corpus-level candidate, not measured token exposure",0.089600,0.061200,0.003000,0.144000,0.015300,0.012400,0.075900,0.003800,0.051300,0.001400,0.021700,0.181100,0.008800,0.007300,0.006200,0.030700,0.036500,0.249800
1201,EleutherAI/pythia-12b,11.965825,112000,234.881,2.1112,step112000,a601e3bf2de9304c487583f7fe26a2ebbe428f7b,matched_unique,published_pile_component_weights_v1,"published Pile component weights; static corpus-level candidate, not measured token exposure",0.089600,0.061200,0.003000,0.144000,0.015300,0.012400,0.075900,0.003800,0.051300,0.001400,0.021700,0.181100,0.008800,0.007300,0.006200,0.030700,0.036500,0.249800
1202,EleutherAI/pythia-12b,11.965825,113000,236.978,2.1105,step113000,767b2860a28ae37ff24111653a6f108a113cac99,matched_unique,published_pile_component_weights_v1,"published Pile component weights; static corpus-level candidate, not measured token exposure",0.089600,0.061200,0.003000,0.144000,0.015300,0.012400,0.075900,0.003800,0.051300,0.001400,0.021700,0.181100,0.008800,0.007300,0.006200,0.030700,0.036500,0.249800
1203,EleutherAI/pythia-12b,11.965825,114000,239.075,2.1099,step114000,7ab29f9e02d3e7ae440557dd0a86ae11368d3eed,matched_unique,published_pile_component_weights_v1,"published Pile component weights; static corpus-level candidate, not measured token exposure",0.089600,0.061200,0.003000,0.144000,0.015300,0.012400,0.075900,0.003800,0.051300,0.001400,0.021700,0.181100,0.008800,0.007300,0.006200,0.030700,0.036500,0.249800
1204,EleutherAI/pythia-12b,11.965825,115000,241.172,2.1092,step115000,1727a0680ce2c13c0c2405ca078d5fcb7056ff53,matched_unique,published_pile_component_weights_v1,"published Pile component weights; static corpus-level candidate, not measured token exposure",0.089600,0.061200,0.003000,0.144000,0.015300,0.012400,0.075900,0.003800,0.051300,0.001400,0.021700,0.181100,0.008800,0.007300,0.006200,0.030700,0.036500,0.249800
1205,EleutherAI/pythia-12b,11.965825,116000,243.27,2.1085,step116000,c48cd5a462a3f41056ca27731492b7fc419468b9,matched_unique,published_pile_component_weights_v1,"published Pile component weights; static corpus-level candidate, not measured token exposure",0.089600,0.061200,0.003000,0.144000,0.015300,0.012400,0.075900,0.003800,0.051300,0.001400,0.021700,0.181100,0.008800,0.007300,0.006200,0.030700,0.036500,0.249800
1206,EleutherAI/pythia-12b,11.965825,117000,245.367,2.1079,step117000,a64d2f0114f58a791a7694ed9e5b26f008f16657,matched_unique,published_pile_component_weights_v1,"published Pile component weights; static corpus-level candidate, not measured token exposure",0.089600,0.061200,0.003000,0.144000,0.015300,0.012400,0.075900,0.003800,0.051300,0.001400,0.021700,0.181100,0.008800,0.007300,0.006200,0.030700,0.036500,0.249800
1207,EleutherAI/pythia-12b,11.965825,118000,247.464,2.1072,step118000,ddd7506b32abcdce12414d703156ff601306818f,matched_unique,published_pile_component_weights_v1,"published Pile component weights; static corpus-level candidate, not measured token exposure",0.089600,0.061200,0.003000,0.144000,0.015300,0.012400,0.075900,0.003800,0.051300,0.001400,0.021700,0.181100,0.008800,0.007300,0.006200,0.030700,0.036500,0.249800
1208,EleutherAI/pythia-12b,11.965825,119000,249.561,2.1066,step119000,21869220023a3d12efb67e3b89d21554cff76984,matched_unique,published_pile_component_weights_v1,"published Pile component weights; static corpus-level candidate, not measured token exposure",0.089600,0.061200,0.003000,0.144000,0.015300,0.012400,0.075900,0.003800,0.051300,0.001400,0.021700,0.181100,0.008800,0.007300,0.006200,0.030700,0.036500,0.249800
1209,EleutherAI/pythia-12b,11.965825,120000,251.658,2.1059,step120000,508e1e84d1b63736bccee8b29c5d5deb72f212a4,matched_unique,published_pile_component_weights_v1,"published Pile component weights; static corpus-level candidate, not measured token exposure",0.089600,0.061200,0.003000,0.144000,0.015300,0.012400,0.075900,0.003800,0.051300,0.001400,0.021700,0.181100,0.008800,0.007300,0.006200,0.030700,0.036500,0.249800
1210,EleutherAI/pythia-12b,11.965825,121000,253.755,2.1055,step121000,c688163c8c56bdac77c77910fa7a9f15bd0c16be,matched_unique,published_pile_component_weights_v1,"published Pile component weights; static corpus-level candidate, not measured token exposure",0.089600,0.061200,0.003000,0.144000,0.015300,0.012400,0.075900,0.003800,0.051300,0.001400,0.021700,0.181100,0.008800,0.007300,0.006200,0.030700,0.036500,0.249800
1211,EleutherAI/pythia-12b,11.965825,122000,255.853,2.1047,step122000,e4f0e0d9ca7479cbaaa37029ff4d5f6eb3880893,matched_unique,published_pile_component_weights_v1,"published Pile component weights; static corpus-level candidate, not measured token exposure",0.089600,0.061200,0.003000,0.144000,0.015300,0.012400,0.075900,0.003800,0.051300,0.001400,0.021700,0.181100,0.008800,0.007300,0.006200,0.030700,0.036500,0.249800
1212,EleutherAI/pythia-12b,11.965825,123000,257.95,2.1042,step123000,e737d7523ccb95cf81c0f8a543a1f3698587a22f,matched_unique,published_pile_component_weights_v1,"published Pile component weights; static corpus-level candidate, not measured token exposure",0.089600,0.061200,0.003000,0.144000,0.015300,0.012400,0.075900,0.003800,0.051300,0.001400,0.021700,0.181100,0.008800,0.007300,0.006200,0.030700,0.036500,0.249800
1213,EleutherAI/pythia-12b,11.965825,124000,260.047,2.1036,step124000,d4e1db9b39de19b5050bd2083fb0a86dce39b80a,matched_unique,published_pile_component_weights_v1,"published Pile component weights; static corpus-level candidate, not measured token exposure",0.089600,0.061200,0.003000,0.144000,0.015300,0.012400,0.075900,0.003800,0.051300,0.001400,0.021700,0.181100,0.008800,0.007300,0.006200,0.030700,0.036500,0.249800
1214,EleutherAI/pythia-12b,11.965825,125000,262.144,2.1031,step125000,a111ced3c8dba40479b3dccc96726e0d1edd472b,matched_unique,published_pile_component_weights_v1,"published Pile component weights; static corpus-level candidate, not measured token exposure",0.089600,0.061200,0.003000,0.144000,0.015300,0.012400,0.075900,0.003800,0.051300,0.001400,0.021700,0.181100,0.008800,0.007300,0.006200,0.030700,0.036500,0.249800
1215,EleutherAI/pythia-12b,11.965825,126000,264.241,2.1024,step126000,b3a2c5ed02a39bac2372de83093de6ea1dd8c720,matched_unique,published_pile_component_weights_v1,"published Pile component weights; static corpus-level candidate, not measured token exposure",0.089600,0.061200,0.003000,0.144000,0.015300,0.012400,0.075900,0.003800,0.051300,0.001400,0.021700,0.181100,0.008800,0.007300,0.006200,0.030700,0.036500,0.249800
1216,EleutherAI/pythia-12b,11.965825,127000,266.338,2.102,step127000,918643f2af9f7059e3d3c2d39c3f7b47e59b2835,matched_unique,published_pile_component_weights_v1,"published Pile component weights; static corpus-level candidate, not measured token exposure",0.089600,0.061200,0.003000,0.144000,0.015300,0.012400,0.075900,0.003800,0.051300,0.001400,0.021700,0.181100,0.008800,0.007300,0.006200,0.030700,0.036500,0.249800
1217,EleutherAI/pythia-12b,11.965825,128000,268.435,2.1013,step128000,cb14d0923316034a094dc6b3990ad772605b481c,matched_unique,published_pile_component_weights_v1,"published Pile component weights; static corpus-level candidate, not measured token exposure",0.089600,0.061200,0.003000,0.144000,0.015300,0.012400,0.075900,0.003800,0.051300,0.001400,0.021700,0.181100,0.008800,0.007300,0.006200,0.030700,0.036500,0.249800
1218,EleutherAI/pythia-12b,11.965825,129000,270.533,2.1008,step129000,63bcd6d3b35366e8414fc050d2d9cce47899fff0,matched_unique,published_pile_component_weights_v1,"published Pile component weights; static corpus-level candidate, not measured token exposure",0.089600,0.061200,0.003000,0.144000,0.015300,0.012400,0.075900,0.003800,0.051300,0.001400,0.021700,0.181100,0.008800,0.007300,0.006200,0.030700,0.036500,0.249800
1219,EleutherAI/pythia-12b,11.965825,130000,272.63,2.1001,step130000,aee7ecfad6bf0fa7d5ad2c1ed17ee7df1bf0dac5,matched_unique,published_pile_component_weights_v1,"published Pile component weights; static corpus-level candidate, not measured token exposure",0.089600,0.061200,0.003000,0.144000,0.015300,0.012400,0.075900,0.003800,0.051300,0.001400,0.021700,0.181100,0.008800,0.007300,0.006200,0.030700,0.036500,0.249800
1220,EleutherAI/pythia-12b,11.965825,131000,274.727,2.0998,step131000,837c7288f42fda58f40e79106ace072152618def,matched_unique,published_pile_component_weights_v1,"published Pile component weights; static corpus-level candidate, not measured token exposure",0.089600,0.061200,0.003000,0.144000,0.015300,0.012400,0.075900,0.003800,0.051300,0.001400,0.021700,0.181100,0.008800,0.007300,0.006200,0.030700,0.036500,0.249800
1221,EleutherAI/pythia-12b,11.965825,132000,276.824,2.099,step132000,0d950c09cd9814dbb282c6ed2bf88aac84ca2b41,matched_unique,published_pile_component_weights_v1,"published Pile component weights; static corpus-level candidate, not measured token exposure",0.089600,0.061200,0.003000,0.144000,0.015300,0.012400,0.075900,0.003800,0.051300,0.001400,0.021700,0.181100,0.008800,0.007300,0.006200,0.030700,0.036500,0.249800
1222,EleutherAI/pythia-12b,11.965825,133000,278.921,2.0986,step133000,0010fd11a9dade98b947ddeffb67d12063264b5c,matched_unique,published_pile_component_weights_v1,"published Pile component weights; static corpus-level candidate, not measured token exposure",0.089600,0.061200,0.003000,0.144000,0.015300,0.012400,0.075900,0.003800,0.051300,0.001400,0.021700,0.181100,0.008800,0.007300,0.006200,0.030700,0.036500,0.249800
1223,EleutherAI/pythia-12b,11.965825,134000,281.018,2.098,step134000,48f18f74ee943b99415fb65506c9eb5a4b187ceb,matched_unique,published_pile_component_weights_v1,"published Pile component weights; static corpus-level candidate, not measured token exposure",0.089600,0.061200,0.003000,0.144000,0.015300,0.012400,0.075900,0.003800,0.051300,0.001400,0.021700,0.181100,0.008800,0.007300,0.006200,0.030700,0.036500,0.249800
1224,EleutherAI/pythia-12b,11.965825,135000,283.116,2.0975,step135000,3ccff7865684615f1c6a5f73eb9b15630a2b1699,matched_unique,published_pile_component_weights_v1,"published Pile component weights; static corpus-level candidate, not measured token exposure",0.089600,0.061200,0.003000,0.144000,0.015300,0.012400,0.075900,0.003800,0.051300,0.001400,0.021700,0.181100,0.008800,0.007300,0.006200,0.030700,0.036500,0.249800
1225,EleutherAI/pythia-12b,11.965825,136000,285.213,2.0969,step136000,2bac4993663c16779a303bee0f9db6033e9ac942,matched_unique,published_pile_component_weights_v1,"published Pile component weights; static corpus-level candidate, not measured token exposure",0.089600,0.061200,0.003000,0.144000,0.015300,0.012400,0.075900,0.003800,0.051300,0.001400,0.021700,0.181100,0.008800,0.007300,0.006200,0.030700,0.036500,0.249800
1226,EleutherAI/pythia-12b,11.965825,137000,287.31,2.0964,step137000,87fec5b94d77d2b87fa1e32944a336fc709d924e,matched_unique,published_pile_component_weights_v1,"published Pile component weights; static corpus-level candidate, not measured token exposure",0.089600,0.061200,0.003000,0.144000,0.015300,0.012400,0.075900,0.003800,0.051300,0.001400,0.021700,0.181100,0.008800,0.007300,0.006200,0.030700,0.036500,0.249800
1227,EleutherAI/pythia-12b,11.965825,138000,289.407,2.0959,step138000,29c4d14f30680ef9c7eee34265b7bd43e439e5a9,matched_unique,published_pile_component_weights_v1,"published Pile component weights; static corpus-level candidate, not measured token exposure",0.089600,0.061200,0.003000,0.144000,0.015300,0.012400,0.075900,0.003800,0.051300,0.001400,0.021700,0.181100,0.008800,0.007300,0.006200,0.030700,0.036500,0.249800
1228,EleutherAI/pythia-12b,11.965825,139000,291.504,2.0954,step139000,a30a0f53b5a71b4fe43a178a1f842cb5b9a87ec3,matched_unique,published_pile_component_weights_v1,"published Pile component weights; static corpus-level candidate, not measured token exposure",0.089600,0.061200,0.003000,0.144000,0.015300,0.012400,0.075900,0.003800,0.051300,0.001400,0.021700,0.181100,0.008800,0.007300,0.006200,0.030700,0.036500,0.249800
1229,EleutherAI/pythia-12b,11.965825,140000,293.601,2.0949,step140000,f318c9899cf7f06dfe9fd82308118b4c428ae274,matched_unique,published_pile_component_weights_v1,"published Pile component weights; static corpus-level candidate, not measured token exposure",0.089600,0.061200,0.003000,0.144000,0.015300,0.012400,0.075900,0.003800,0.051300,0.001400,0.021700,0.181100,0.008800,0.007300,0.006200,0.030700,0.036500,0.249800
1230,EleutherAI/pythia-12b,11.965825,141000,295.698,2.0945,step141000,14c9d13d1b8f3bc7bb66030d1bbed8f8ae44543b,matched_unique,published_pile_component_weights_v1,"published Pile component weights; static corpus-level candidate, not measured token exposure",0.089600,0.061200,0.003000,0.144000,0.015300,0.012400,0.075900,0.003800,0.051300,0.001400,0.021700,0.181100,0.008800,0.007300,0.006200,0.030700,0.036500,0.249800
1231,EleutherAI/pythia-12b,11.965825,142000,297.796,2.0938,step142000,a5bdeaa94a16f8a4f0424ae81841b0b7055b6979,matched_unique,published_pile_component_weights_v1,"published Pile component weights; static corpus-level candidate, not measured token exposure",0.089600,0.061200,0.003000,0.144000,0.015300,0.012400,0.075900,0.003800,0.051300,0.001400,0.021700,0.181100,0.008800,0.007300,0.006200,0.030700,0.036500,0.249800
1232,EleutherAI/pythia-12b,11.965825,143000,299.893,2.0933,step143000,9c5f35826eb1a9558fb4414c033f58e30322a092,matched_unique,published_pile_component_weights_v1,"published Pile component weights; static corpus-level candidate, not measured token exposure",0.089600,0.061200,0.003000,0.144000,0.015300,0.012400,0.075900,0.003800,0.051300,0.001400,0.021700,0.181100,0.008800,0.007300,0.006200,0.030700,0.036500,0.249800
