index,target,irls_weight,downweighted
1,metric/the_pile_arxiv_val_loss,1.0,False
1,metric/the_pile_freelaw_val_loss,1.0,False
1,metric/the_pile_pubmed_central_val_loss,1.0,False
1,metric/the_pile_wikipedia_en_val_loss,1.0,False
1,metric/the_pile_dm_mathematics_val_loss,1.0,False
1,metric/the_pile_github_val_loss,1.0,False
1,metric/the_pile_stackexchange_val_loss,1.0,False
1,metric/the_pile_gutenberg_pg_19_val_loss,1.0,False
1,metric/the_pile_pile_cc_val_loss,1.0,False
1,metric/the_pile_ubuntu_irc_val_loss,1.0,False
1,metric/the_pile_hackernews_val_loss,1.0,False
1,metric/the_pile_pubmed_abstracts_val_loss,1.0,False
1,metric/the_pile_uspto_backgrounds_val_loss,1.0,False
2,metric/the_pile_arxiv_val_loss,1.0,False
2,metric/the_pile_freelaw_val_loss,1.0,False
2,metric/the_pile_pubmed_central_val_loss,1.0,False
2,metric/the_pile_wikipedia_en_val_loss,1.0,False
2,metric/the_pile_dm_mathematics_val_loss,1.0,False
2,metric/the_pile_github_val_loss,1.0,False
2,metric/the_pile_stackexchange_val_loss,1.0,False
2,metric/the_pile_gutenberg_pg_19_val_loss,1.0,False
2,metric/the_pile_pile_cc_val_loss,1.0,False
2,metric/the_pile_ubuntu_irc_val_loss,1.0,False
2,metric/the_pile_hackernews_val_loss,1.0,False
2,metric/the_pile_pubmed_abstracts_val_loss,1.0,False
2,metric/the_pile_uspto_backgrounds_val_loss,1.0,False
3,metric/the_pile_arxiv_val_loss,1.0,False
3,metric/the_pile_freelaw_val_loss,1.0,False
3,metric/the_pile_pubmed_central_val_loss,1.0,False
3,metric/the_pile_wikipedia_en_val_loss,1.0,False
3,metric/the_pile_dm_mathematics_val_loss,1.0,False
3,metric/the_pile_github_val_loss,1.0,False
3,metric/the_pile_stackexchange_val_loss,1.0,False
3,metric/the_pile_gutenberg_pg_19_val_loss,1.0,False
3,metric/the_pile_pile_cc_val_loss,1.0,False
3,metric/the_pile_ubuntu_irc_val_loss,1.0,False
3,metric/the_pile_hackernews_val_loss,1.0,False
3,metric/the_pile_pubmed_abstracts_val_loss,1.0,False
3,metric/the_pile_uspto_backgrounds_val_loss,1.0,False
4,metric/the_pile_arxiv_val_loss,1.0,False
4,metric/the_pile_freelaw_val_loss,1.0,False
4,metric/the_pile_pubmed_central_val_loss,1.0,False
4,metric/the_pile_wikipedia_en_val_loss,1.0,False
4,metric/the_pile_dm_mathematics_val_loss,1.0,False
4,metric/the_pile_github_val_loss,1.0,False
4,metric/the_pile_stackexchange_val_loss,1.0,False
4,metric/the_pile_gutenberg_pg_19_val_loss,1.0,False
4,metric/the_pile_pile_cc_val_loss,1.0,False
4,metric/the_pile_ubuntu_irc_val_loss,1.0,False
4,metric/the_pile_hackernews_val_loss,1.0,False
4,metric/the_pile_pubmed_abstracts_val_loss,1.0,False
4,metric/the_pile_uspto_backgrounds_val_loss,1.0,False
5,metric/the_pile_arxiv_val_loss,1.0,False
5,metric/the_pile_freelaw_val_loss,1.0,False
5,metric/the_pile_pubmed_central_val_loss,1.0,False
5,metric/the_pile_wikipedia_en_val_loss,1.0,False
5,metric/the_pile_dm_mathematics_val_loss,1.0,False
5,metric/the_pile_github_val_loss,1.0,False
5,metric/the_pile_stackexchange_val_loss,1.0,False
5,metric/the_pile_gutenberg_pg_19_val_loss,1.0,False
5,metric/the_pile_pile_cc_val_loss,1.0,False
5,metric/the_pile_ubuntu_irc_val_loss,1.0,False
5,metric/the_pile_hackernews_val_loss,1.0,False
5,metric/the_pile_pubmed_abstracts_val_loss,1.0,False
5,metric/the_pile_uspto_backgrounds_val_loss,1.0,False
6,metric/the_pile_arxiv_val_loss,1.0,False
6,metric/the_pile_freelaw_val_loss,1.0,False
6,metric/the_pile_pubmed_central_val_loss,1.0,False
6,metric/the_pile_wikipedia_en_val_loss,1.0,False
6,metric/the_pile_dm_mathematics_val_loss,1.0,False
6,metric/the_pile_github_val_loss,1.0,False
6,metric/the_pile_stackexchange_val_loss,1.0,False
6,metric/the_pile_gutenberg_pg_19_val_loss,1.0,False
6,metric/the_pile_pile_cc_val_loss,1.0,False
6,metric/the_pile_ubuntu_irc_val_loss,1.0,False
6,metric/the_pile_hackernews_val_loss,1.0,False
6,metric/the_pile_pubmed_abstracts_val_loss,1.0,False
6,metric/the_pile_uspto_backgrounds_val_loss,1.0,False
7,metric/the_pile_arxiv_val_loss,1.0,False
7,metric/the_pile_freelaw_val_loss,1.0,False
7,metric/the_pile_pubmed_central_val_loss,1.0,False
7,metric/the_pile_wikipedia_en_val_loss,1.0,False
7,metric/the_pile_dm_mathematics_val_loss,1.0,False
7,metric/the_pile_github_val_loss,1.0,False
7,metric/the_pile_stackexchange_val_loss,1.0,False
7,metric/the_pile_gutenberg_pg_19_val_loss,1.0,False
7,metric/the_pile_pile_cc_val_loss,1.0,False
7,metric/the_pile_ubuntu_irc_val_loss,1.0,False
7,metric/the_pile_hackernews_val_loss,1.0,False
7,metric/the_pile_pubmed_abstracts_val_loss,1.0,False
7,metric/the_pile_uspto_backgrounds_val_loss,1.0,False
8,metric/the_pile_arxiv_val_loss,1.0,False
8,metric/the_pile_freelaw_val_loss,1.0,False
8,metric/the_pile_pubmed_central_val_loss,1.0,False
8,metric/the_pile_wikipedia_en_val_loss,1.0,False
8,metric/the_pile_dm_mathematics_val_loss,1.0,False
8,metric/the_pile_github_val_loss,1.0,False
8,metric/the_pile_stackexchange_val_loss,1.0,False
8,metric/the_pile_gutenberg_pg_19_val_loss,1.0,False
8,metric/the_pile_pile_cc_val_loss,1.0,False
8,metric/the_pile_ubuntu_irc_val_loss,1.0,False
8,metric/the_pile_hackernews_val_loss,1.0,False
8,metric/the_pile_pubmed_abstracts_val_loss,1.0,False
8,metric/the_pile_uspto_backgrounds_val_loss,1.0,False
9,metric/the_pile_arxiv_val_loss,1.0,False
9,metric/the_pile_freelaw_val_loss,1.0,False
9,metric/the_pile_pubmed_central_val_loss,1.0,False
9,metric/the_pile_wikipedia_en_val_loss,1.0,False
9,metric/the_pile_dm_mathematics_val_loss,1.0,False
9,metric/the_pile_github_val_loss,0.8931589481909644,True
9,metric/the_pile_stackexchange_val_loss,0.9851472637244257,True
9,metric/the_pile_gutenberg_pg_19_val_loss,0.7601040424068347,True
9,metric/the_pile_pile_cc_val_loss,1.0,False
9,metric/the_pile_ubuntu_irc_val_loss,1.0,False
9,metric/the_pile_hackernews_val_loss,0.6953073511605858,True
9,metric/the_pile_pubmed_abstracts_val_loss,1.0,False
9,metric/the_pile_uspto_backgrounds_val_loss,1.0,False
10,metric/the_pile_arxiv_val_loss,1.0,False
10,metric/the_pile_freelaw_val_loss,1.0,False
10,metric/the_pile_pubmed_central_val_loss,1.0,False
10,metric/the_pile_wikipedia_en_val_loss,1.0,False
10,metric/the_pile_dm_mathematics_val_loss,1.0,False
10,metric/the_pile_github_val_loss,1.0,False
10,metric/the_pile_stackexchange_val_loss,1.0,False
10,metric/the_pile_gutenberg_pg_19_val_loss,1.0,False
10,metric/the_pile_pile_cc_val_loss,1.0,False
10,metric/the_pile_ubuntu_irc_val_loss,1.0,False
10,metric/the_pile_hackernews_val_loss,1.0,False
10,metric/the_pile_pubmed_abstracts_val_loss,1.0,False
10,metric/the_pile_uspto_backgrounds_val_loss,1.0,False
11,metric/the_pile_arxiv_val_loss,0.8473723478063722,True
11,metric/the_pile_freelaw_val_loss,1.0,False
11,metric/the_pile_pubmed_central_val_loss,1.0,False
11,metric/the_pile_wikipedia_en_val_loss,1.0,False
11,metric/the_pile_dm_mathematics_val_loss,1.0,False
11,metric/the_pile_github_val_loss,1.0,False
11,metric/the_pile_stackexchange_val_loss,1.0,False
11,metric/the_pile_gutenberg_pg_19_val_loss,1.0,False
11,metric/the_pile_pile_cc_val_loss,1.0,False
11,metric/the_pile_ubuntu_irc_val_loss,1.0,False
11,metric/the_pile_hackernews_val_loss,1.0,False
11,metric/the_pile_pubmed_abstracts_val_loss,1.0,False
11,metric/the_pile_uspto_backgrounds_val_loss,1.0,False
12,metric/the_pile_arxiv_val_loss,1.0,False
12,metric/the_pile_freelaw_val_loss,1.0,False
12,metric/the_pile_pubmed_central_val_loss,1.0,False
12,metric/the_pile_wikipedia_en_val_loss,1.0,False
12,metric/the_pile_dm_mathematics_val_loss,1.0,False
12,metric/the_pile_github_val_loss,1.0,False
12,metric/the_pile_stackexchange_val_loss,1.0,False
12,metric/the_pile_gutenberg_pg_19_val_loss,1.0,False
12,metric/the_pile_pile_cc_val_loss,1.0,False
12,metric/the_pile_ubuntu_irc_val_loss,1.0,False
12,metric/the_pile_hackernews_val_loss,1.0,False
12,metric/the_pile_pubmed_abstracts_val_loss,1.0,False
12,metric/the_pile_uspto_backgrounds_val_loss,1.0,False
13,metric/the_pile_arxiv_val_loss,1.0,False
13,metric/the_pile_freelaw_val_loss,1.0,False
13,metric/the_pile_pubmed_central_val_loss,1.0,False
13,metric/the_pile_wikipedia_en_val_loss,1.0,False
13,metric/the_pile_dm_mathematics_val_loss,1.0,False
13,metric/the_pile_github_val_loss,1.0,False
13,metric/the_pile_stackexchange_val_loss,1.0,False
13,metric/the_pile_gutenberg_pg_19_val_loss,1.0,False
13,metric/the_pile_pile_cc_val_loss,1.0,False
13,metric/the_pile_ubuntu_irc_val_loss,1.0,False
13,metric/the_pile_hackernews_val_loss,1.0,False
13,metric/the_pile_pubmed_abstracts_val_loss,1.0,False
13,metric/the_pile_uspto_backgrounds_val_loss,1.0,False
14,metric/the_pile_arxiv_val_loss,1.0,False
14,metric/the_pile_freelaw_val_loss,1.0,False
14,metric/the_pile_pubmed_central_val_loss,1.0,False
14,metric/the_pile_wikipedia_en_val_loss,1.0,False
14,metric/the_pile_dm_mathematics_val_loss,1.0,False
14,metric/the_pile_github_val_loss,1.0,False
14,metric/the_pile_stackexchange_val_loss,1.0,False
14,metric/the_pile_gutenberg_pg_19_val_loss,1.0,False
14,metric/the_pile_pile_cc_val_loss,1.0,False
14,metric/the_pile_ubuntu_irc_val_loss,1.0,False
14,metric/the_pile_hackernews_val_loss,1.0,False
14,metric/the_pile_pubmed_abstracts_val_loss,1.0,False
14,metric/the_pile_uspto_backgrounds_val_loss,1.0,False
15,metric/the_pile_arxiv_val_loss,1.0,False
15,metric/the_pile_freelaw_val_loss,1.0,False
15,metric/the_pile_pubmed_central_val_loss,1.0,False
15,metric/the_pile_wikipedia_en_val_loss,1.0,False
15,metric/the_pile_dm_mathematics_val_loss,1.0,False
15,metric/the_pile_github_val_loss,1.0,False
15,metric/the_pile_stackexchange_val_loss,1.0,False
15,metric/the_pile_gutenberg_pg_19_val_loss,1.0,False
15,metric/the_pile_pile_cc_val_loss,1.0,False
15,metric/the_pile_ubuntu_irc_val_loss,1.0,False
15,metric/the_pile_hackernews_val_loss,1.0,False
15,metric/the_pile_pubmed_abstracts_val_loss,1.0,False
15,metric/the_pile_uspto_backgrounds_val_loss,1.0,False
16,metric/the_pile_arxiv_val_loss,1.0,False
16,metric/the_pile_freelaw_val_loss,1.0,False
16,metric/the_pile_pubmed_central_val_loss,1.0,False
16,metric/the_pile_wikipedia_en_val_loss,1.0,False
16,metric/the_pile_dm_mathematics_val_loss,1.0,False
16,metric/the_pile_github_val_loss,1.0,False
16,metric/the_pile_stackexchange_val_loss,1.0,False
16,metric/the_pile_gutenberg_pg_19_val_loss,1.0,False
16,metric/the_pile_pile_cc_val_loss,1.0,False
16,metric/the_pile_ubuntu_irc_val_loss,1.0,False
16,metric/the_pile_hackernews_val_loss,1.0,False
16,metric/the_pile_pubmed_abstracts_val_loss,1.0,False
16,metric/the_pile_uspto_backgrounds_val_loss,1.0,False
17,metric/the_pile_arxiv_val_loss,1.0,False
17,metric/the_pile_freelaw_val_loss,1.0,False
17,metric/the_pile_pubmed_central_val_loss,1.0,False
17,metric/the_pile_wikipedia_en_val_loss,1.0,False
17,metric/the_pile_dm_mathematics_val_loss,1.0,False
17,metric/the_pile_github_val_loss,1.0,False
17,metric/the_pile_stackexchange_val_loss,1.0,False
17,metric/the_pile_gutenberg_pg_19_val_loss,1.0,False
17,metric/the_pile_pile_cc_val_loss,1.0,False
17,metric/the_pile_ubuntu_irc_val_loss,1.0,False
17,metric/the_pile_hackernews_val_loss,1.0,False
17,metric/the_pile_pubmed_abstracts_val_loss,1.0,False
17,metric/the_pile_uspto_backgrounds_val_loss,1.0,False
18,metric/the_pile_arxiv_val_loss,1.0,False
18,metric/the_pile_freelaw_val_loss,1.0,False
18,metric/the_pile_pubmed_central_val_loss,1.0,False
18,metric/the_pile_wikipedia_en_val_loss,1.0,False
18,metric/the_pile_dm_mathematics_val_loss,1.0,False
18,metric/the_pile_github_val_loss,1.0,False
18,metric/the_pile_stackexchange_val_loss,1.0,False
18,metric/the_pile_gutenberg_pg_19_val_loss,1.0,False
18,metric/the_pile_pile_cc_val_loss,1.0,False
18,metric/the_pile_ubuntu_irc_val_loss,1.0,False
18,metric/the_pile_hackernews_val_loss,1.0,False
18,metric/the_pile_pubmed_abstracts_val_loss,1.0,False
18,metric/the_pile_uspto_backgrounds_val_loss,1.0,False
19,metric/the_pile_arxiv_val_loss,1.0,False
19,metric/the_pile_freelaw_val_loss,1.0,False
19,metric/the_pile_pubmed_central_val_loss,1.0,False
19,metric/the_pile_wikipedia_en_val_loss,1.0,False
19,metric/the_pile_dm_mathematics_val_loss,1.0,False
19,metric/the_pile_github_val_loss,1.0,False
19,metric/the_pile_stackexchange_val_loss,1.0,False
19,metric/the_pile_gutenberg_pg_19_val_loss,1.0,False
19,metric/the_pile_pile_cc_val_loss,1.0,False
19,metric/the_pile_ubuntu_irc_val_loss,1.0,False
19,metric/the_pile_hackernews_val_loss,1.0,False
19,metric/the_pile_pubmed_abstracts_val_loss,1.0,False
19,metric/the_pile_uspto_backgrounds_val_loss,1.0,False
20,metric/the_pile_arxiv_val_loss,1.0,False
20,metric/the_pile_freelaw_val_loss,1.0,False
20,metric/the_pile_pubmed_central_val_loss,1.0,False
20,metric/the_pile_wikipedia_en_val_loss,1.0,False
20,metric/the_pile_dm_mathematics_val_loss,1.0,False
20,metric/the_pile_github_val_loss,1.0,False
20,metric/the_pile_stackexchange_val_loss,1.0,False
20,metric/the_pile_gutenberg_pg_19_val_loss,1.0,False
20,metric/the_pile_pile_cc_val_loss,1.0,False
20,metric/the_pile_ubuntu_irc_val_loss,1.0,False
20,metric/the_pile_hackernews_val_loss,1.0,False
20,metric/the_pile_pubmed_abstracts_val_loss,1.0,False
20,metric/the_pile_uspto_backgrounds_val_loss,1.0,False
21,metric/the_pile_arxiv_val_loss,1.0,False
21,metric/the_pile_freelaw_val_loss,1.0,False
21,metric/the_pile_pubmed_central_val_loss,1.0,False
21,metric/the_pile_wikipedia_en_val_loss,1.0,False
21,metric/the_pile_dm_mathematics_val_loss,1.0,False
21,metric/the_pile_github_val_loss,1.0,False
21,metric/the_pile_stackexchange_val_loss,1.0,False
21,metric/the_pile_gutenberg_pg_19_val_loss,1.0,False
21,metric/the_pile_pile_cc_val_loss,1.0,False
21,metric/the_pile_ubuntu_irc_val_loss,1.0,False
21,metric/the_pile_hackernews_val_loss,1.0,False
21,metric/the_pile_pubmed_abstracts_val_loss,1.0,False
21,metric/the_pile_uspto_backgrounds_val_loss,1.0,False
22,metric/the_pile_arxiv_val_loss,1.0,False
22,metric/the_pile_freelaw_val_loss,1.0,False
22,metric/the_pile_pubmed_central_val_loss,1.0,False
22,metric/the_pile_wikipedia_en_val_loss,1.0,False
22,metric/the_pile_dm_mathematics_val_loss,1.0,False
22,metric/the_pile_github_val_loss,1.0,False
22,metric/the_pile_stackexchange_val_loss,1.0,False
22,metric/the_pile_gutenberg_pg_19_val_loss,1.0,False
22,metric/the_pile_pile_cc_val_loss,1.0,False
22,metric/the_pile_ubuntu_irc_val_loss,1.0,False
22,metric/the_pile_hackernews_val_loss,1.0,False
22,metric/the_pile_pubmed_abstracts_val_loss,1.0,False
22,metric/the_pile_uspto_backgrounds_val_loss,1.0,False
23,metric/the_pile_arxiv_val_loss,1.0,False
23,metric/the_pile_freelaw_val_loss,1.0,False
23,metric/the_pile_pubmed_central_val_loss,1.0,False
23,metric/the_pile_wikipedia_en_val_loss,1.0,False
23,metric/the_pile_dm_mathematics_val_loss,1.0,False
23,metric/the_pile_github_val_loss,1.0,False
23,metric/the_pile_stackexchange_val_loss,1.0,False
23,metric/the_pile_gutenberg_pg_19_val_loss,1.0,False
23,metric/the_pile_pile_cc_val_loss,1.0,False
23,metric/the_pile_ubuntu_irc_val_loss,1.0,False
23,metric/the_pile_hackernews_val_loss,1.0,False
23,metric/the_pile_pubmed_abstracts_val_loss,1.0,False
23,metric/the_pile_uspto_backgrounds_val_loss,1.0,False
24,metric/the_pile_arxiv_val_loss,0.7437167935540012,True
24,metric/the_pile_freelaw_val_loss,1.0,False
24,metric/the_pile_pubmed_central_val_loss,1.0,False
24,metric/the_pile_wikipedia_en_val_loss,1.0,False
24,metric/the_pile_dm_mathematics_val_loss,1.0,False
24,metric/the_pile_github_val_loss,1.0,False
24,metric/the_pile_stackexchange_val_loss,1.0,False
24,metric/the_pile_gutenberg_pg_19_val_loss,1.0,False
24,metric/the_pile_pile_cc_val_loss,1.0,False
24,metric/the_pile_ubuntu_irc_val_loss,1.0,False
24,metric/the_pile_hackernews_val_loss,1.0,False
24,metric/the_pile_pubmed_abstracts_val_loss,1.0,False
24,metric/the_pile_uspto_backgrounds_val_loss,1.0,False
25,metric/the_pile_arxiv_val_loss,1.0,False
25,metric/the_pile_freelaw_val_loss,1.0,False
25,metric/the_pile_pubmed_central_val_loss,1.0,False
25,metric/the_pile_wikipedia_en_val_loss,1.0,False
25,metric/the_pile_dm_mathematics_val_loss,1.0,False
25,metric/the_pile_github_val_loss,1.0,False
25,metric/the_pile_stackexchange_val_loss,1.0,False
25,metric/the_pile_gutenberg_pg_19_val_loss,1.0,False
25,metric/the_pile_pile_cc_val_loss,1.0,False
25,metric/the_pile_ubuntu_irc_val_loss,1.0,False
25,metric/the_pile_hackernews_val_loss,1.0,False
25,metric/the_pile_pubmed_abstracts_val_loss,1.0,False
25,metric/the_pile_uspto_backgrounds_val_loss,1.0,False
26,metric/the_pile_arxiv_val_loss,1.0,False
26,metric/the_pile_freelaw_val_loss,1.0,False
26,metric/the_pile_pubmed_central_val_loss,1.0,False
26,metric/the_pile_wikipedia_en_val_loss,1.0,False
26,metric/the_pile_dm_mathematics_val_loss,1.0,False
26,metric/the_pile_github_val_loss,1.0,False
26,metric/the_pile_stackexchange_val_loss,1.0,False
26,metric/the_pile_gutenberg_pg_19_val_loss,1.0,False
26,metric/the_pile_pile_cc_val_loss,1.0,False
26,metric/the_pile_ubuntu_irc_val_loss,1.0,False
26,metric/the_pile_hackernews_val_loss,1.0,False
26,metric/the_pile_pubmed_abstracts_val_loss,1.0,False
26,metric/the_pile_uspto_backgrounds_val_loss,1.0,False
27,metric/the_pile_arxiv_val_loss,1.0,False
27,metric/the_pile_freelaw_val_loss,1.0,False
27,metric/the_pile_pubmed_central_val_loss,1.0,False
27,metric/the_pile_wikipedia_en_val_loss,1.0,False
27,metric/the_pile_dm_mathematics_val_loss,1.0,False
27,metric/the_pile_github_val_loss,1.0,False
27,metric/the_pile_stackexchange_val_loss,1.0,False
27,metric/the_pile_gutenberg_pg_19_val_loss,1.0,False
27,metric/the_pile_pile_cc_val_loss,1.0,False
27,metric/the_pile_ubuntu_irc_val_loss,1.0,False
27,metric/the_pile_hackernews_val_loss,1.0,False
27,metric/the_pile_pubmed_abstracts_val_loss,1.0,False
27,metric/the_pile_uspto_backgrounds_val_loss,1.0,False
28,metric/the_pile_arxiv_val_loss,1.0,False
28,metric/the_pile_freelaw_val_loss,1.0,False
28,metric/the_pile_pubmed_central_val_loss,1.0,False
28,metric/the_pile_wikipedia_en_val_loss,1.0,False
28,metric/the_pile_dm_mathematics_val_loss,1.0,False
28,metric/the_pile_github_val_loss,1.0,False
28,metric/the_pile_stackexchange_val_loss,1.0,False
28,metric/the_pile_gutenberg_pg_19_val_loss,1.0,False
28,metric/the_pile_pile_cc_val_loss,1.0,False
28,metric/the_pile_ubuntu_irc_val_loss,1.0,False
28,metric/the_pile_hackernews_val_loss,1.0,False
28,metric/the_pile_pubmed_abstracts_val_loss,1.0,False
28,metric/the_pile_uspto_backgrounds_val_loss,1.0,False
29,metric/the_pile_arxiv_val_loss,1.0,False
29,metric/the_pile_freelaw_val_loss,1.0,False
29,metric/the_pile_pubmed_central_val_loss,1.0,False
29,metric/the_pile_wikipedia_en_val_loss,1.0,False
29,metric/the_pile_dm_mathematics_val_loss,1.0,False
29,metric/the_pile_github_val_loss,0.5852287415127914,True
29,metric/the_pile_stackexchange_val_loss,0.6810882718089755,True
29,metric/the_pile_gutenberg_pg_19_val_loss,1.0,False
29,metric/the_pile_pile_cc_val_loss,1.0,False
29,metric/the_pile_ubuntu_irc_val_loss,0.9054421005431147,True
29,metric/the_pile_hackernews_val_loss,1.0,False
29,metric/the_pile_pubmed_abstracts_val_loss,1.0,False
29,metric/the_pile_uspto_backgrounds_val_loss,0.9449365333119932,True
30,metric/the_pile_arxiv_val_loss,0.9874060082623031,True
30,metric/the_pile_freelaw_val_loss,1.0,False
30,metric/the_pile_pubmed_central_val_loss,1.0,False
30,metric/the_pile_wikipedia_en_val_loss,1.0,False
30,metric/the_pile_dm_mathematics_val_loss,1.0,False
30,metric/the_pile_github_val_loss,1.0,False
30,metric/the_pile_stackexchange_val_loss,1.0,False
30,metric/the_pile_gutenberg_pg_19_val_loss,1.0,False
30,metric/the_pile_pile_cc_val_loss,1.0,False
30,metric/the_pile_ubuntu_irc_val_loss,1.0,False
30,metric/the_pile_hackernews_val_loss,1.0,False
30,metric/the_pile_pubmed_abstracts_val_loss,1.0,False
30,metric/the_pile_uspto_backgrounds_val_loss,1.0,False
31,metric/the_pile_arxiv_val_loss,1.0,False
31,metric/the_pile_freelaw_val_loss,1.0,False
31,metric/the_pile_pubmed_central_val_loss,1.0,False
31,metric/the_pile_wikipedia_en_val_loss,1.0,False
31,metric/the_pile_dm_mathematics_val_loss,1.0,False
31,metric/the_pile_github_val_loss,1.0,False
31,metric/the_pile_stackexchange_val_loss,1.0,False
31,metric/the_pile_gutenberg_pg_19_val_loss,1.0,False
31,metric/the_pile_pile_cc_val_loss,1.0,False
31,metric/the_pile_ubuntu_irc_val_loss,1.0,False
31,metric/the_pile_hackernews_val_loss,1.0,False
31,metric/the_pile_pubmed_abstracts_val_loss,1.0,False
31,metric/the_pile_uspto_backgrounds_val_loss,1.0,False
32,metric/the_pile_arxiv_val_loss,0.6932170385525704,True
32,metric/the_pile_freelaw_val_loss,0.9830819757913575,True
32,metric/the_pile_pubmed_central_val_loss,1.0,False
32,metric/the_pile_wikipedia_en_val_loss,1.0,False
32,metric/the_pile_dm_mathematics_val_loss,1.0,False
32,metric/the_pile_github_val_loss,1.0,False
32,metric/the_pile_stackexchange_val_loss,0.9841013124037459,True
32,metric/the_pile_gutenberg_pg_19_val_loss,1.0,False
32,metric/the_pile_pile_cc_val_loss,1.0,False
32,metric/the_pile_ubuntu_irc_val_loss,1.0,False
32,metric/the_pile_hackernews_val_loss,1.0,False
32,metric/the_pile_pubmed_abstracts_val_loss,1.0,False
32,metric/the_pile_uspto_backgrounds_val_loss,1.0,False
33,metric/the_pile_arxiv_val_loss,1.0,False
33,metric/the_pile_freelaw_val_loss,1.0,False
33,metric/the_pile_pubmed_central_val_loss,1.0,False
33,metric/the_pile_wikipedia_en_val_loss,1.0,False
33,metric/the_pile_dm_mathematics_val_loss,1.0,False
33,metric/the_pile_github_val_loss,1.0,False
33,metric/the_pile_stackexchange_val_loss,1.0,False
33,metric/the_pile_gutenberg_pg_19_val_loss,1.0,False
33,metric/the_pile_pile_cc_val_loss,1.0,False
33,metric/the_pile_ubuntu_irc_val_loss,1.0,False
33,metric/the_pile_hackernews_val_loss,1.0,False
33,metric/the_pile_pubmed_abstracts_val_loss,1.0,False
33,metric/the_pile_uspto_backgrounds_val_loss,1.0,False
34,metric/the_pile_arxiv_val_loss,1.0,False
34,metric/the_pile_freelaw_val_loss,1.0,False
34,metric/the_pile_pubmed_central_val_loss,1.0,False
34,metric/the_pile_wikipedia_en_val_loss,1.0,False
34,metric/the_pile_dm_mathematics_val_loss,1.0,False
34,metric/the_pile_github_val_loss,1.0,False
34,metric/the_pile_stackexchange_val_loss,1.0,False
34,metric/the_pile_gutenberg_pg_19_val_loss,1.0,False
34,metric/the_pile_pile_cc_val_loss,1.0,False
34,metric/the_pile_ubuntu_irc_val_loss,1.0,False
34,metric/the_pile_hackernews_val_loss,1.0,False
34,metric/the_pile_pubmed_abstracts_val_loss,1.0,False
34,metric/the_pile_uspto_backgrounds_val_loss,1.0,False
35,metric/the_pile_arxiv_val_loss,1.0,False
35,metric/the_pile_freelaw_val_loss,1.0,False
35,metric/the_pile_pubmed_central_val_loss,1.0,False
35,metric/the_pile_wikipedia_en_val_loss,1.0,False
35,metric/the_pile_dm_mathematics_val_loss,1.0,False
35,metric/the_pile_github_val_loss,1.0,False
35,metric/the_pile_stackexchange_val_loss,1.0,False
35,metric/the_pile_gutenberg_pg_19_val_loss,1.0,False
35,metric/the_pile_pile_cc_val_loss,1.0,False
35,metric/the_pile_ubuntu_irc_val_loss,1.0,False
35,metric/the_pile_hackernews_val_loss,1.0,False
35,metric/the_pile_pubmed_abstracts_val_loss,1.0,False
35,metric/the_pile_uspto_backgrounds_val_loss,1.0,False
36,metric/the_pile_arxiv_val_loss,1.0,False
36,metric/the_pile_freelaw_val_loss,1.0,False
36,metric/the_pile_pubmed_central_val_loss,1.0,False
36,metric/the_pile_wikipedia_en_val_loss,1.0,False
36,metric/the_pile_dm_mathematics_val_loss,1.0,False
36,metric/the_pile_github_val_loss,1.0,False
36,metric/the_pile_stackexchange_val_loss,1.0,False
36,metric/the_pile_gutenberg_pg_19_val_loss,1.0,False
36,metric/the_pile_pile_cc_val_loss,1.0,False
36,metric/the_pile_ubuntu_irc_val_loss,1.0,False
36,metric/the_pile_hackernews_val_loss,1.0,False
36,metric/the_pile_pubmed_abstracts_val_loss,1.0,False
36,metric/the_pile_uspto_backgrounds_val_loss,1.0,False
37,metric/the_pile_arxiv_val_loss,1.0,False
37,metric/the_pile_freelaw_val_loss,1.0,False
37,metric/the_pile_pubmed_central_val_loss,1.0,False
37,metric/the_pile_wikipedia_en_val_loss,1.0,False
37,metric/the_pile_dm_mathematics_val_loss,1.0,False
37,metric/the_pile_github_val_loss,1.0,False
37,metric/the_pile_stackexchange_val_loss,1.0,False
37,metric/the_pile_gutenberg_pg_19_val_loss,1.0,False
37,metric/the_pile_pile_cc_val_loss,1.0,False
37,metric/the_pile_ubuntu_irc_val_loss,1.0,False
37,metric/the_pile_hackernews_val_loss,1.0,False
37,metric/the_pile_pubmed_abstracts_val_loss,1.0,False
37,metric/the_pile_uspto_backgrounds_val_loss,1.0,False
38,metric/the_pile_arxiv_val_loss,1.0,False
38,metric/the_pile_freelaw_val_loss,1.0,False
38,metric/the_pile_pubmed_central_val_loss,1.0,False
38,metric/the_pile_wikipedia_en_val_loss,1.0,False
38,metric/the_pile_dm_mathematics_val_loss,1.0,False
38,metric/the_pile_github_val_loss,1.0,False
38,metric/the_pile_stackexchange_val_loss,1.0,False
38,metric/the_pile_gutenberg_pg_19_val_loss,1.0,False
38,metric/the_pile_pile_cc_val_loss,1.0,False
38,metric/the_pile_ubuntu_irc_val_loss,1.0,False
38,metric/the_pile_hackernews_val_loss,1.0,False
38,metric/the_pile_pubmed_abstracts_val_loss,1.0,False
38,metric/the_pile_uspto_backgrounds_val_loss,1.0,False
39,metric/the_pile_arxiv_val_loss,1.0,False
39,metric/the_pile_freelaw_val_loss,1.0,False
39,metric/the_pile_pubmed_central_val_loss,1.0,False
39,metric/the_pile_wikipedia_en_val_loss,1.0,False
39,metric/the_pile_dm_mathematics_val_loss,1.0,False
39,metric/the_pile_github_val_loss,1.0,False
39,metric/the_pile_stackexchange_val_loss,1.0,False
39,metric/the_pile_gutenberg_pg_19_val_loss,1.0,False
39,metric/the_pile_pile_cc_val_loss,1.0,False
39,metric/the_pile_ubuntu_irc_val_loss,1.0,False
39,metric/the_pile_hackernews_val_loss,1.0,False
39,metric/the_pile_pubmed_abstracts_val_loss,1.0,False
39,metric/the_pile_uspto_backgrounds_val_loss,1.0,False
40,metric/the_pile_arxiv_val_loss,1.0,False
40,metric/the_pile_freelaw_val_loss,1.0,False
40,metric/the_pile_pubmed_central_val_loss,1.0,False
40,metric/the_pile_wikipedia_en_val_loss,1.0,False
40,metric/the_pile_dm_mathematics_val_loss,1.0,False
40,metric/the_pile_github_val_loss,1.0,False
40,metric/the_pile_stackexchange_val_loss,1.0,False
40,metric/the_pile_gutenberg_pg_19_val_loss,1.0,False
40,metric/the_pile_pile_cc_val_loss,1.0,False
40,metric/the_pile_ubuntu_irc_val_loss,1.0,False
40,metric/the_pile_hackernews_val_loss,1.0,False
40,metric/the_pile_pubmed_abstracts_val_loss,1.0,False
40,metric/the_pile_uspto_backgrounds_val_loss,1.0,False
41,metric/the_pile_arxiv_val_loss,1.0,False
41,metric/the_pile_freelaw_val_loss,1.0,False
41,metric/the_pile_pubmed_central_val_loss,1.0,False
41,metric/the_pile_wikipedia_en_val_loss,1.0,False
41,metric/the_pile_dm_mathematics_val_loss,1.0,False
41,metric/the_pile_github_val_loss,1.0,False
41,metric/the_pile_stackexchange_val_loss,1.0,False
41,metric/the_pile_gutenberg_pg_19_val_loss,1.0,False
41,metric/the_pile_pile_cc_val_loss,1.0,False
41,metric/the_pile_ubuntu_irc_val_loss,1.0,False
41,metric/the_pile_hackernews_val_loss,1.0,False
41,metric/the_pile_pubmed_abstracts_val_loss,1.0,False
41,metric/the_pile_uspto_backgrounds_val_loss,1.0,False
42,metric/the_pile_arxiv_val_loss,1.0,False
42,metric/the_pile_freelaw_val_loss,1.0,False
42,metric/the_pile_pubmed_central_val_loss,1.0,False
42,metric/the_pile_wikipedia_en_val_loss,1.0,False
42,metric/the_pile_dm_mathematics_val_loss,1.0,False
42,metric/the_pile_github_val_loss,1.0,False
42,metric/the_pile_stackexchange_val_loss,1.0,False
42,metric/the_pile_gutenberg_pg_19_val_loss,1.0,False
42,metric/the_pile_pile_cc_val_loss,1.0,False
42,metric/the_pile_ubuntu_irc_val_loss,1.0,False
42,metric/the_pile_hackernews_val_loss,1.0,False
42,metric/the_pile_pubmed_abstracts_val_loss,1.0,False
42,metric/the_pile_uspto_backgrounds_val_loss,1.0,False
43,metric/the_pile_arxiv_val_loss,1.0,False
43,metric/the_pile_freelaw_val_loss,1.0,False
43,metric/the_pile_pubmed_central_val_loss,1.0,False
43,metric/the_pile_wikipedia_en_val_loss,1.0,False
43,metric/the_pile_dm_mathematics_val_loss,1.0,False
43,metric/the_pile_github_val_loss,1.0,False
43,metric/the_pile_stackexchange_val_loss,1.0,False
43,metric/the_pile_gutenberg_pg_19_val_loss,1.0,False
43,metric/the_pile_pile_cc_val_loss,1.0,False
43,metric/the_pile_ubuntu_irc_val_loss,1.0,False
43,metric/the_pile_hackernews_val_loss,1.0,False
43,metric/the_pile_pubmed_abstracts_val_loss,1.0,False
43,metric/the_pile_uspto_backgrounds_val_loss,1.0,False
44,metric/the_pile_arxiv_val_loss,1.0,False
44,metric/the_pile_freelaw_val_loss,1.0,False
44,metric/the_pile_pubmed_central_val_loss,1.0,False
44,metric/the_pile_wikipedia_en_val_loss,1.0,False
44,metric/the_pile_dm_mathematics_val_loss,1.0,False
44,metric/the_pile_github_val_loss,1.0,False
44,metric/the_pile_stackexchange_val_loss,1.0,False
44,metric/the_pile_gutenberg_pg_19_val_loss,1.0,False
44,metric/the_pile_pile_cc_val_loss,1.0,False
44,metric/the_pile_ubuntu_irc_val_loss,1.0,False
44,metric/the_pile_hackernews_val_loss,1.0,False
44,metric/the_pile_pubmed_abstracts_val_loss,1.0,False
44,metric/the_pile_uspto_backgrounds_val_loss,1.0,False
45,metric/the_pile_arxiv_val_loss,1.0,False
45,metric/the_pile_freelaw_val_loss,1.0,False
45,metric/the_pile_pubmed_central_val_loss,1.0,False
45,metric/the_pile_wikipedia_en_val_loss,1.0,False
45,metric/the_pile_dm_mathematics_val_loss,1.0,False
45,metric/the_pile_github_val_loss,1.0,False
45,metric/the_pile_stackexchange_val_loss,1.0,False
45,metric/the_pile_gutenberg_pg_19_val_loss,1.0,False
45,metric/the_pile_pile_cc_val_loss,1.0,False
45,metric/the_pile_ubuntu_irc_val_loss,1.0,False
45,metric/the_pile_hackernews_val_loss,1.0,False
45,metric/the_pile_pubmed_abstracts_val_loss,1.0,False
45,metric/the_pile_uspto_backgrounds_val_loss,1.0,False
46,metric/the_pile_arxiv_val_loss,1.0,False
46,metric/the_pile_freelaw_val_loss,1.0,False
46,metric/the_pile_pubmed_central_val_loss,1.0,False
46,metric/the_pile_wikipedia_en_val_loss,1.0,False
46,metric/the_pile_dm_mathematics_val_loss,1.0,False
46,metric/the_pile_github_val_loss,1.0,False
46,metric/the_pile_stackexchange_val_loss,1.0,False
46,metric/the_pile_gutenberg_pg_19_val_loss,1.0,False
46,metric/the_pile_pile_cc_val_loss,1.0,False
46,metric/the_pile_ubuntu_irc_val_loss,1.0,False
46,metric/the_pile_hackernews_val_loss,1.0,False
46,metric/the_pile_pubmed_abstracts_val_loss,1.0,False
46,metric/the_pile_uspto_backgrounds_val_loss,1.0,False
47,metric/the_pile_arxiv_val_loss,0.46727827325529464,True
47,metric/the_pile_freelaw_val_loss,1.0,False
47,metric/the_pile_pubmed_central_val_loss,0.7330484883574667,True
47,metric/the_pile_wikipedia_en_val_loss,1.0,False
47,metric/the_pile_dm_mathematics_val_loss,1.0,False
47,metric/the_pile_github_val_loss,0.7249435498366796,True
47,metric/the_pile_stackexchange_val_loss,0.7593198887230896,True
47,metric/the_pile_gutenberg_pg_19_val_loss,1.0,False
47,metric/the_pile_pile_cc_val_loss,1.0,False
47,metric/the_pile_ubuntu_irc_val_loss,1.0,False
47,metric/the_pile_hackernews_val_loss,1.0,False
47,metric/the_pile_pubmed_abstracts_val_loss,1.0,False
47,metric/the_pile_uspto_backgrounds_val_loss,1.0,False
48,metric/the_pile_arxiv_val_loss,1.0,False
48,metric/the_pile_freelaw_val_loss,1.0,False
48,metric/the_pile_pubmed_central_val_loss,1.0,False
48,metric/the_pile_wikipedia_en_val_loss,1.0,False
48,metric/the_pile_dm_mathematics_val_loss,1.0,False
48,metric/the_pile_github_val_loss,1.0,False
48,metric/the_pile_stackexchange_val_loss,1.0,False
48,metric/the_pile_gutenberg_pg_19_val_loss,1.0,False
48,metric/the_pile_pile_cc_val_loss,1.0,False
48,metric/the_pile_ubuntu_irc_val_loss,1.0,False
48,metric/the_pile_hackernews_val_loss,1.0,False
48,metric/the_pile_pubmed_abstracts_val_loss,1.0,False
48,metric/the_pile_uspto_backgrounds_val_loss,1.0,False
49,metric/the_pile_arxiv_val_loss,1.0,False
49,metric/the_pile_freelaw_val_loss,1.0,False
49,metric/the_pile_pubmed_central_val_loss,1.0,False
49,metric/the_pile_wikipedia_en_val_loss,1.0,False
49,metric/the_pile_dm_mathematics_val_loss,1.0,False
49,metric/the_pile_github_val_loss,1.0,False
49,metric/the_pile_stackexchange_val_loss,1.0,False
49,metric/the_pile_gutenberg_pg_19_val_loss,1.0,False
49,metric/the_pile_pile_cc_val_loss,1.0,False
49,metric/the_pile_ubuntu_irc_val_loss,1.0,False
49,metric/the_pile_hackernews_val_loss,1.0,False
49,metric/the_pile_pubmed_abstracts_val_loss,1.0,False
49,metric/the_pile_uspto_backgrounds_val_loss,1.0,False
50,metric/the_pile_arxiv_val_loss,1.0,False
50,metric/the_pile_freelaw_val_loss,1.0,False
50,metric/the_pile_pubmed_central_val_loss,1.0,False
50,metric/the_pile_wikipedia_en_val_loss,1.0,False
50,metric/the_pile_dm_mathematics_val_loss,1.0,False
50,metric/the_pile_github_val_loss,1.0,False
50,metric/the_pile_stackexchange_val_loss,1.0,False
50,metric/the_pile_gutenberg_pg_19_val_loss,1.0,False
50,metric/the_pile_pile_cc_val_loss,1.0,False
50,metric/the_pile_ubuntu_irc_val_loss,1.0,False
50,metric/the_pile_hackernews_val_loss,1.0,False
50,metric/the_pile_pubmed_abstracts_val_loss,1.0,False
50,metric/the_pile_uspto_backgrounds_val_loss,1.0,False
51,metric/the_pile_arxiv_val_loss,1.0,False
51,metric/the_pile_freelaw_val_loss,1.0,False
51,metric/the_pile_pubmed_central_val_loss,1.0,False
51,metric/the_pile_wikipedia_en_val_loss,1.0,False
51,metric/the_pile_dm_mathematics_val_loss,1.0,False
51,metric/the_pile_github_val_loss,1.0,False
51,metric/the_pile_stackexchange_val_loss,1.0,False
51,metric/the_pile_gutenberg_pg_19_val_loss,1.0,False
51,metric/the_pile_pile_cc_val_loss,1.0,False
51,metric/the_pile_ubuntu_irc_val_loss,1.0,False
51,metric/the_pile_hackernews_val_loss,1.0,False
51,metric/the_pile_pubmed_abstracts_val_loss,1.0,False
51,metric/the_pile_uspto_backgrounds_val_loss,1.0,False
52,metric/the_pile_arxiv_val_loss,1.0,False
52,metric/the_pile_freelaw_val_loss,1.0,False
52,metric/the_pile_pubmed_central_val_loss,1.0,False
52,metric/the_pile_wikipedia_en_val_loss,1.0,False
52,metric/the_pile_dm_mathematics_val_loss,1.0,False
52,metric/the_pile_github_val_loss,1.0,False
52,metric/the_pile_stackexchange_val_loss,1.0,False
52,metric/the_pile_gutenberg_pg_19_val_loss,1.0,False
52,metric/the_pile_pile_cc_val_loss,1.0,False
52,metric/the_pile_ubuntu_irc_val_loss,1.0,False
52,metric/the_pile_hackernews_val_loss,1.0,False
52,metric/the_pile_pubmed_abstracts_val_loss,1.0,False
52,metric/the_pile_uspto_backgrounds_val_loss,1.0,False
53,metric/the_pile_arxiv_val_loss,1.0,False
53,metric/the_pile_freelaw_val_loss,1.0,False
53,metric/the_pile_pubmed_central_val_loss,1.0,False
53,metric/the_pile_wikipedia_en_val_loss,1.0,False
53,metric/the_pile_dm_mathematics_val_loss,1.0,False
53,metric/the_pile_github_val_loss,1.0,False
53,metric/the_pile_stackexchange_val_loss,1.0,False
53,metric/the_pile_gutenberg_pg_19_val_loss,1.0,False
53,metric/the_pile_pile_cc_val_loss,1.0,False
53,metric/the_pile_ubuntu_irc_val_loss,1.0,False
53,metric/the_pile_hackernews_val_loss,1.0,False
53,metric/the_pile_pubmed_abstracts_val_loss,1.0,False
53,metric/the_pile_uspto_backgrounds_val_loss,1.0,False
54,metric/the_pile_arxiv_val_loss,1.0,False
54,metric/the_pile_freelaw_val_loss,1.0,False
54,metric/the_pile_pubmed_central_val_loss,1.0,False
54,metric/the_pile_wikipedia_en_val_loss,1.0,False
54,metric/the_pile_dm_mathematics_val_loss,1.0,False
54,metric/the_pile_github_val_loss,1.0,False
54,metric/the_pile_stackexchange_val_loss,1.0,False
54,metric/the_pile_gutenberg_pg_19_val_loss,1.0,False
54,metric/the_pile_pile_cc_val_loss,1.0,False
54,metric/the_pile_ubuntu_irc_val_loss,1.0,False
54,metric/the_pile_hackernews_val_loss,1.0,False
54,metric/the_pile_pubmed_abstracts_val_loss,1.0,False
54,metric/the_pile_uspto_backgrounds_val_loss,1.0,False
55,metric/the_pile_arxiv_val_loss,1.0,False
55,metric/the_pile_freelaw_val_loss,1.0,False
55,metric/the_pile_pubmed_central_val_loss,1.0,False
55,metric/the_pile_wikipedia_en_val_loss,1.0,False
55,metric/the_pile_dm_mathematics_val_loss,1.0,False
55,metric/the_pile_github_val_loss,1.0,False
55,metric/the_pile_stackexchange_val_loss,1.0,False
55,metric/the_pile_gutenberg_pg_19_val_loss,1.0,False
55,metric/the_pile_pile_cc_val_loss,1.0,False
55,metric/the_pile_ubuntu_irc_val_loss,1.0,False
55,metric/the_pile_hackernews_val_loss,1.0,False
55,metric/the_pile_pubmed_abstracts_val_loss,1.0,False
55,metric/the_pile_uspto_backgrounds_val_loss,1.0,False
56,metric/the_pile_arxiv_val_loss,1.0,False
56,metric/the_pile_freelaw_val_loss,1.0,False
56,metric/the_pile_pubmed_central_val_loss,1.0,False
56,metric/the_pile_wikipedia_en_val_loss,1.0,False
56,metric/the_pile_dm_mathematics_val_loss,1.0,False
56,metric/the_pile_github_val_loss,1.0,False
56,metric/the_pile_stackexchange_val_loss,1.0,False
56,metric/the_pile_gutenberg_pg_19_val_loss,1.0,False
56,metric/the_pile_pile_cc_val_loss,1.0,False
56,metric/the_pile_ubuntu_irc_val_loss,1.0,False
56,metric/the_pile_hackernews_val_loss,1.0,False
56,metric/the_pile_pubmed_abstracts_val_loss,1.0,False
56,metric/the_pile_uspto_backgrounds_val_loss,1.0,False
57,metric/the_pile_arxiv_val_loss,1.0,False
57,metric/the_pile_freelaw_val_loss,1.0,False
57,metric/the_pile_pubmed_central_val_loss,1.0,False
57,metric/the_pile_wikipedia_en_val_loss,1.0,False
57,metric/the_pile_dm_mathematics_val_loss,1.0,False
57,metric/the_pile_github_val_loss,1.0,False
57,metric/the_pile_stackexchange_val_loss,1.0,False
57,metric/the_pile_gutenberg_pg_19_val_loss,1.0,False
57,metric/the_pile_pile_cc_val_loss,1.0,False
57,metric/the_pile_ubuntu_irc_val_loss,1.0,False
57,metric/the_pile_hackernews_val_loss,1.0,False
57,metric/the_pile_pubmed_abstracts_val_loss,1.0,False
57,metric/the_pile_uspto_backgrounds_val_loss,1.0,False
58,metric/the_pile_arxiv_val_loss,1.0,False
58,metric/the_pile_freelaw_val_loss,1.0,False
58,metric/the_pile_pubmed_central_val_loss,1.0,False
58,metric/the_pile_wikipedia_en_val_loss,1.0,False
58,metric/the_pile_dm_mathematics_val_loss,1.0,False
58,metric/the_pile_github_val_loss,1.0,False
58,metric/the_pile_stackexchange_val_loss,1.0,False
58,metric/the_pile_gutenberg_pg_19_val_loss,1.0,False
58,metric/the_pile_pile_cc_val_loss,1.0,False
58,metric/the_pile_ubuntu_irc_val_loss,1.0,False
58,metric/the_pile_hackernews_val_loss,1.0,False
58,metric/the_pile_pubmed_abstracts_val_loss,1.0,False
58,metric/the_pile_uspto_backgrounds_val_loss,1.0,False
59,metric/the_pile_arxiv_val_loss,1.0,False
59,metric/the_pile_freelaw_val_loss,1.0,False
59,metric/the_pile_pubmed_central_val_loss,1.0,False
59,metric/the_pile_wikipedia_en_val_loss,1.0,False
59,metric/the_pile_dm_mathematics_val_loss,1.0,False
59,metric/the_pile_github_val_loss,1.0,False
59,metric/the_pile_stackexchange_val_loss,1.0,False
59,metric/the_pile_gutenberg_pg_19_val_loss,0.7297746225515092,True
59,metric/the_pile_pile_cc_val_loss,1.0,False
59,metric/the_pile_ubuntu_irc_val_loss,1.0,False
59,metric/the_pile_hackernews_val_loss,1.0,False
59,metric/the_pile_pubmed_abstracts_val_loss,1.0,False
59,metric/the_pile_uspto_backgrounds_val_loss,1.0,False
60,metric/the_pile_arxiv_val_loss,1.0,False
60,metric/the_pile_freelaw_val_loss,1.0,False
60,metric/the_pile_pubmed_central_val_loss,1.0,False
60,metric/the_pile_wikipedia_en_val_loss,1.0,False
60,metric/the_pile_dm_mathematics_val_loss,1.0,False
60,metric/the_pile_github_val_loss,1.0,False
60,metric/the_pile_stackexchange_val_loss,1.0,False
60,metric/the_pile_gutenberg_pg_19_val_loss,1.0,False
60,metric/the_pile_pile_cc_val_loss,1.0,False
60,metric/the_pile_ubuntu_irc_val_loss,1.0,False
60,metric/the_pile_hackernews_val_loss,1.0,False
60,metric/the_pile_pubmed_abstracts_val_loss,1.0,False
60,metric/the_pile_uspto_backgrounds_val_loss,1.0,False
61,metric/the_pile_arxiv_val_loss,1.0,False
61,metric/the_pile_freelaw_val_loss,1.0,False
61,metric/the_pile_pubmed_central_val_loss,1.0,False
61,metric/the_pile_wikipedia_en_val_loss,1.0,False
61,metric/the_pile_dm_mathematics_val_loss,1.0,False
61,metric/the_pile_github_val_loss,1.0,False
61,metric/the_pile_stackexchange_val_loss,1.0,False
61,metric/the_pile_gutenberg_pg_19_val_loss,1.0,False
61,metric/the_pile_pile_cc_val_loss,1.0,False
61,metric/the_pile_ubuntu_irc_val_loss,1.0,False
61,metric/the_pile_hackernews_val_loss,1.0,False
61,metric/the_pile_pubmed_abstracts_val_loss,1.0,False
61,metric/the_pile_uspto_backgrounds_val_loss,1.0,False
62,metric/the_pile_arxiv_val_loss,1.0,False
62,metric/the_pile_freelaw_val_loss,1.0,False
62,metric/the_pile_pubmed_central_val_loss,1.0,False
62,metric/the_pile_wikipedia_en_val_loss,1.0,False
62,metric/the_pile_dm_mathematics_val_loss,1.0,False
62,metric/the_pile_github_val_loss,1.0,False
62,metric/the_pile_stackexchange_val_loss,1.0,False
62,metric/the_pile_gutenberg_pg_19_val_loss,1.0,False
62,metric/the_pile_pile_cc_val_loss,1.0,False
62,metric/the_pile_ubuntu_irc_val_loss,1.0,False
62,metric/the_pile_hackernews_val_loss,1.0,False
62,metric/the_pile_pubmed_abstracts_val_loss,1.0,False
62,metric/the_pile_uspto_backgrounds_val_loss,1.0,False
63,metric/the_pile_arxiv_val_loss,1.0,False
63,metric/the_pile_freelaw_val_loss,1.0,False
63,metric/the_pile_pubmed_central_val_loss,1.0,False
63,metric/the_pile_wikipedia_en_val_loss,1.0,False
63,metric/the_pile_dm_mathematics_val_loss,1.0,False
63,metric/the_pile_github_val_loss,1.0,False
63,metric/the_pile_stackexchange_val_loss,1.0,False
63,metric/the_pile_gutenberg_pg_19_val_loss,1.0,False
63,metric/the_pile_pile_cc_val_loss,1.0,False
63,metric/the_pile_ubuntu_irc_val_loss,1.0,False
63,metric/the_pile_hackernews_val_loss,1.0,False
63,metric/the_pile_pubmed_abstracts_val_loss,1.0,False
63,metric/the_pile_uspto_backgrounds_val_loss,1.0,False
64,metric/the_pile_arxiv_val_loss,1.0,False
64,metric/the_pile_freelaw_val_loss,1.0,False
64,metric/the_pile_pubmed_central_val_loss,1.0,False
64,metric/the_pile_wikipedia_en_val_loss,1.0,False
64,metric/the_pile_dm_mathematics_val_loss,1.0,False
64,metric/the_pile_github_val_loss,1.0,False
64,metric/the_pile_stackexchange_val_loss,1.0,False
64,metric/the_pile_gutenberg_pg_19_val_loss,1.0,False
64,metric/the_pile_pile_cc_val_loss,1.0,False
64,metric/the_pile_ubuntu_irc_val_loss,1.0,False
64,metric/the_pile_hackernews_val_loss,1.0,False
64,metric/the_pile_pubmed_abstracts_val_loss,1.0,False
64,metric/the_pile_uspto_backgrounds_val_loss,1.0,False
65,metric/the_pile_arxiv_val_loss,1.0,False
65,metric/the_pile_freelaw_val_loss,1.0,False
65,metric/the_pile_pubmed_central_val_loss,1.0,False
65,metric/the_pile_wikipedia_en_val_loss,1.0,False
65,metric/the_pile_dm_mathematics_val_loss,1.0,False
65,metric/the_pile_github_val_loss,1.0,False
65,metric/the_pile_stackexchange_val_loss,1.0,False
65,metric/the_pile_gutenberg_pg_19_val_loss,1.0,False
65,metric/the_pile_pile_cc_val_loss,1.0,False
65,metric/the_pile_ubuntu_irc_val_loss,1.0,False
65,metric/the_pile_hackernews_val_loss,1.0,False
65,metric/the_pile_pubmed_abstracts_val_loss,1.0,False
65,metric/the_pile_uspto_backgrounds_val_loss,1.0,False
66,metric/the_pile_arxiv_val_loss,1.0,False
66,metric/the_pile_freelaw_val_loss,1.0,False
66,metric/the_pile_pubmed_central_val_loss,1.0,False
66,metric/the_pile_wikipedia_en_val_loss,1.0,False
66,metric/the_pile_dm_mathematics_val_loss,1.0,False
66,metric/the_pile_github_val_loss,1.0,False
66,metric/the_pile_stackexchange_val_loss,1.0,False
66,metric/the_pile_gutenberg_pg_19_val_loss,1.0,False
66,metric/the_pile_pile_cc_val_loss,1.0,False
66,metric/the_pile_ubuntu_irc_val_loss,1.0,False
66,metric/the_pile_hackernews_val_loss,1.0,False
66,metric/the_pile_pubmed_abstracts_val_loss,1.0,False
66,metric/the_pile_uspto_backgrounds_val_loss,1.0,False
67,metric/the_pile_arxiv_val_loss,1.0,False
67,metric/the_pile_freelaw_val_loss,1.0,False
67,metric/the_pile_pubmed_central_val_loss,1.0,False
67,metric/the_pile_wikipedia_en_val_loss,1.0,False
67,metric/the_pile_dm_mathematics_val_loss,1.0,False
67,metric/the_pile_github_val_loss,1.0,False
67,metric/the_pile_stackexchange_val_loss,1.0,False
67,metric/the_pile_gutenberg_pg_19_val_loss,1.0,False
67,metric/the_pile_pile_cc_val_loss,1.0,False
67,metric/the_pile_ubuntu_irc_val_loss,1.0,False
67,metric/the_pile_hackernews_val_loss,1.0,False
67,metric/the_pile_pubmed_abstracts_val_loss,1.0,False
67,metric/the_pile_uspto_backgrounds_val_loss,1.0,False
68,metric/the_pile_arxiv_val_loss,1.0,False
68,metric/the_pile_freelaw_val_loss,1.0,False
68,metric/the_pile_pubmed_central_val_loss,1.0,False
68,metric/the_pile_wikipedia_en_val_loss,1.0,False
68,metric/the_pile_dm_mathematics_val_loss,1.0,False
68,metric/the_pile_github_val_loss,1.0,False
68,metric/the_pile_stackexchange_val_loss,1.0,False
68,metric/the_pile_gutenberg_pg_19_val_loss,1.0,False
68,metric/the_pile_pile_cc_val_loss,1.0,False
68,metric/the_pile_ubuntu_irc_val_loss,1.0,False
68,metric/the_pile_hackernews_val_loss,1.0,False
68,metric/the_pile_pubmed_abstracts_val_loss,1.0,False
68,metric/the_pile_uspto_backgrounds_val_loss,1.0,False
69,metric/the_pile_arxiv_val_loss,1.0,False
69,metric/the_pile_freelaw_val_loss,1.0,False
69,metric/the_pile_pubmed_central_val_loss,1.0,False
69,metric/the_pile_wikipedia_en_val_loss,1.0,False
69,metric/the_pile_dm_mathematics_val_loss,1.0,False
69,metric/the_pile_github_val_loss,1.0,False
69,metric/the_pile_stackexchange_val_loss,1.0,False
69,metric/the_pile_gutenberg_pg_19_val_loss,1.0,False
69,metric/the_pile_pile_cc_val_loss,1.0,False
69,metric/the_pile_ubuntu_irc_val_loss,1.0,False
69,metric/the_pile_hackernews_val_loss,1.0,False
69,metric/the_pile_pubmed_abstracts_val_loss,1.0,False
69,metric/the_pile_uspto_backgrounds_val_loss,1.0,False
70,metric/the_pile_arxiv_val_loss,1.0,False
70,metric/the_pile_freelaw_val_loss,1.0,False
70,metric/the_pile_pubmed_central_val_loss,1.0,False
70,metric/the_pile_wikipedia_en_val_loss,1.0,False
70,metric/the_pile_dm_mathematics_val_loss,1.0,False
70,metric/the_pile_github_val_loss,0.9522582990385166,True
70,metric/the_pile_stackexchange_val_loss,1.0,False
70,metric/the_pile_gutenberg_pg_19_val_loss,1.0,False
70,metric/the_pile_pile_cc_val_loss,1.0,False
70,metric/the_pile_ubuntu_irc_val_loss,1.0,False
70,metric/the_pile_hackernews_val_loss,1.0,False
70,metric/the_pile_pubmed_abstracts_val_loss,1.0,False
70,metric/the_pile_uspto_backgrounds_val_loss,1.0,False
71,metric/the_pile_arxiv_val_loss,1.0,False
71,metric/the_pile_freelaw_val_loss,1.0,False
71,metric/the_pile_pubmed_central_val_loss,1.0,False
71,metric/the_pile_wikipedia_en_val_loss,1.0,False
71,metric/the_pile_dm_mathematics_val_loss,1.0,False
71,metric/the_pile_github_val_loss,1.0,False
71,metric/the_pile_stackexchange_val_loss,1.0,False
71,metric/the_pile_gutenberg_pg_19_val_loss,1.0,False
71,metric/the_pile_pile_cc_val_loss,1.0,False
71,metric/the_pile_ubuntu_irc_val_loss,1.0,False
71,metric/the_pile_hackernews_val_loss,1.0,False
71,metric/the_pile_pubmed_abstracts_val_loss,1.0,False
71,metric/the_pile_uspto_backgrounds_val_loss,1.0,False
72,metric/the_pile_arxiv_val_loss,1.0,False
72,metric/the_pile_freelaw_val_loss,1.0,False
72,metric/the_pile_pubmed_central_val_loss,1.0,False
72,metric/the_pile_wikipedia_en_val_loss,1.0,False
72,metric/the_pile_dm_mathematics_val_loss,1.0,False
72,metric/the_pile_github_val_loss,1.0,False
72,metric/the_pile_stackexchange_val_loss,1.0,False
72,metric/the_pile_gutenberg_pg_19_val_loss,1.0,False
72,metric/the_pile_pile_cc_val_loss,1.0,False
72,metric/the_pile_ubuntu_irc_val_loss,1.0,False
72,metric/the_pile_hackernews_val_loss,1.0,False
72,metric/the_pile_pubmed_abstracts_val_loss,1.0,False
72,metric/the_pile_uspto_backgrounds_val_loss,1.0,False
73,metric/the_pile_arxiv_val_loss,1.0,False
73,metric/the_pile_freelaw_val_loss,1.0,False
73,metric/the_pile_pubmed_central_val_loss,1.0,False
73,metric/the_pile_wikipedia_en_val_loss,1.0,False
73,metric/the_pile_dm_mathematics_val_loss,1.0,False
73,metric/the_pile_github_val_loss,1.0,False
73,metric/the_pile_stackexchange_val_loss,1.0,False
73,metric/the_pile_gutenberg_pg_19_val_loss,1.0,False
73,metric/the_pile_pile_cc_val_loss,1.0,False
73,metric/the_pile_ubuntu_irc_val_loss,1.0,False
73,metric/the_pile_hackernews_val_loss,1.0,False
73,metric/the_pile_pubmed_abstracts_val_loss,1.0,False
73,metric/the_pile_uspto_backgrounds_val_loss,1.0,False
74,metric/the_pile_arxiv_val_loss,1.0,False
74,metric/the_pile_freelaw_val_loss,1.0,False
74,metric/the_pile_pubmed_central_val_loss,1.0,False
74,metric/the_pile_wikipedia_en_val_loss,1.0,False
74,metric/the_pile_dm_mathematics_val_loss,1.0,False
74,metric/the_pile_github_val_loss,1.0,False
74,metric/the_pile_stackexchange_val_loss,1.0,False
74,metric/the_pile_gutenberg_pg_19_val_loss,1.0,False
74,metric/the_pile_pile_cc_val_loss,1.0,False
74,metric/the_pile_ubuntu_irc_val_loss,1.0,False
74,metric/the_pile_hackernews_val_loss,1.0,False
74,metric/the_pile_pubmed_abstracts_val_loss,1.0,False
74,metric/the_pile_uspto_backgrounds_val_loss,1.0,False
75,metric/the_pile_arxiv_val_loss,1.0,False
75,metric/the_pile_freelaw_val_loss,1.0,False
75,metric/the_pile_pubmed_central_val_loss,1.0,False
75,metric/the_pile_wikipedia_en_val_loss,1.0,False
75,metric/the_pile_dm_mathematics_val_loss,1.0,False
75,metric/the_pile_github_val_loss,1.0,False
75,metric/the_pile_stackexchange_val_loss,1.0,False
75,metric/the_pile_gutenberg_pg_19_val_loss,1.0,False
75,metric/the_pile_pile_cc_val_loss,1.0,False
75,metric/the_pile_ubuntu_irc_val_loss,1.0,False
75,metric/the_pile_hackernews_val_loss,1.0,False
75,metric/the_pile_pubmed_abstracts_val_loss,1.0,False
75,metric/the_pile_uspto_backgrounds_val_loss,1.0,False
76,metric/the_pile_arxiv_val_loss,1.0,False
76,metric/the_pile_freelaw_val_loss,1.0,False
76,metric/the_pile_pubmed_central_val_loss,1.0,False
76,metric/the_pile_wikipedia_en_val_loss,1.0,False
76,metric/the_pile_dm_mathematics_val_loss,0.9474533556238341,True
76,metric/the_pile_github_val_loss,1.0,False
76,metric/the_pile_stackexchange_val_loss,1.0,False
76,metric/the_pile_gutenberg_pg_19_val_loss,1.0,False
76,metric/the_pile_pile_cc_val_loss,1.0,False
76,metric/the_pile_ubuntu_irc_val_loss,1.0,False
76,metric/the_pile_hackernews_val_loss,1.0,False
76,metric/the_pile_pubmed_abstracts_val_loss,1.0,False
76,metric/the_pile_uspto_backgrounds_val_loss,1.0,False
77,metric/the_pile_arxiv_val_loss,1.0,False
77,metric/the_pile_freelaw_val_loss,1.0,False
77,metric/the_pile_pubmed_central_val_loss,1.0,False
77,metric/the_pile_wikipedia_en_val_loss,1.0,False
77,metric/the_pile_dm_mathematics_val_loss,1.0,False
77,metric/the_pile_github_val_loss,1.0,False
77,metric/the_pile_stackexchange_val_loss,1.0,False
77,metric/the_pile_gutenberg_pg_19_val_loss,1.0,False
77,metric/the_pile_pile_cc_val_loss,1.0,False
77,metric/the_pile_ubuntu_irc_val_loss,1.0,False
77,metric/the_pile_hackernews_val_loss,1.0,False
77,metric/the_pile_pubmed_abstracts_val_loss,1.0,False
77,metric/the_pile_uspto_backgrounds_val_loss,1.0,False
78,metric/the_pile_arxiv_val_loss,1.0,False
78,metric/the_pile_freelaw_val_loss,1.0,False
78,metric/the_pile_pubmed_central_val_loss,1.0,False
78,metric/the_pile_wikipedia_en_val_loss,1.0,False
78,metric/the_pile_dm_mathematics_val_loss,1.0,False
78,metric/the_pile_github_val_loss,1.0,False
78,metric/the_pile_stackexchange_val_loss,1.0,False
78,metric/the_pile_gutenberg_pg_19_val_loss,1.0,False
78,metric/the_pile_pile_cc_val_loss,1.0,False
78,metric/the_pile_ubuntu_irc_val_loss,1.0,False
78,metric/the_pile_hackernews_val_loss,1.0,False
78,metric/the_pile_pubmed_abstracts_val_loss,1.0,False
78,metric/the_pile_uspto_backgrounds_val_loss,1.0,False
79,metric/the_pile_arxiv_val_loss,1.0,False
79,metric/the_pile_freelaw_val_loss,1.0,False
79,metric/the_pile_pubmed_central_val_loss,1.0,False
79,metric/the_pile_wikipedia_en_val_loss,1.0,False
79,metric/the_pile_dm_mathematics_val_loss,1.0,False
79,metric/the_pile_github_val_loss,1.0,False
79,metric/the_pile_stackexchange_val_loss,1.0,False
79,metric/the_pile_gutenberg_pg_19_val_loss,0.8253536561892737,True
79,metric/the_pile_pile_cc_val_loss,1.0,False
79,metric/the_pile_ubuntu_irc_val_loss,1.0,False
79,metric/the_pile_hackernews_val_loss,1.0,False
79,metric/the_pile_pubmed_abstracts_val_loss,1.0,False
79,metric/the_pile_uspto_backgrounds_val_loss,1.0,False
80,metric/the_pile_arxiv_val_loss,1.0,False
80,metric/the_pile_freelaw_val_loss,1.0,False
80,metric/the_pile_pubmed_central_val_loss,1.0,False
80,metric/the_pile_wikipedia_en_val_loss,1.0,False
80,metric/the_pile_dm_mathematics_val_loss,1.0,False
80,metric/the_pile_github_val_loss,1.0,False
80,metric/the_pile_stackexchange_val_loss,1.0,False
80,metric/the_pile_gutenberg_pg_19_val_loss,1.0,False
80,metric/the_pile_pile_cc_val_loss,1.0,False
80,metric/the_pile_ubuntu_irc_val_loss,1.0,False
80,metric/the_pile_hackernews_val_loss,1.0,False
80,metric/the_pile_pubmed_abstracts_val_loss,1.0,False
80,metric/the_pile_uspto_backgrounds_val_loss,1.0,False
81,metric/the_pile_arxiv_val_loss,1.0,False
81,metric/the_pile_freelaw_val_loss,1.0,False
81,metric/the_pile_pubmed_central_val_loss,1.0,False
81,metric/the_pile_wikipedia_en_val_loss,1.0,False
81,metric/the_pile_dm_mathematics_val_loss,1.0,False
81,metric/the_pile_github_val_loss,1.0,False
81,metric/the_pile_stackexchange_val_loss,1.0,False
81,metric/the_pile_gutenberg_pg_19_val_loss,1.0,False
81,metric/the_pile_pile_cc_val_loss,1.0,False
81,metric/the_pile_ubuntu_irc_val_loss,1.0,False
81,metric/the_pile_hackernews_val_loss,1.0,False
81,metric/the_pile_pubmed_abstracts_val_loss,1.0,False
81,metric/the_pile_uspto_backgrounds_val_loss,1.0,False
82,metric/the_pile_arxiv_val_loss,1.0,False
82,metric/the_pile_freelaw_val_loss,1.0,False
82,metric/the_pile_pubmed_central_val_loss,1.0,False
82,metric/the_pile_wikipedia_en_val_loss,1.0,False
82,metric/the_pile_dm_mathematics_val_loss,1.0,False
82,metric/the_pile_github_val_loss,1.0,False
82,metric/the_pile_stackexchange_val_loss,1.0,False
82,metric/the_pile_gutenberg_pg_19_val_loss,1.0,False
82,metric/the_pile_pile_cc_val_loss,1.0,False
82,metric/the_pile_ubuntu_irc_val_loss,1.0,False
82,metric/the_pile_hackernews_val_loss,1.0,False
82,metric/the_pile_pubmed_abstracts_val_loss,1.0,False
82,metric/the_pile_uspto_backgrounds_val_loss,1.0,False
83,metric/the_pile_arxiv_val_loss,1.0,False
83,metric/the_pile_freelaw_val_loss,1.0,False
83,metric/the_pile_pubmed_central_val_loss,1.0,False
83,metric/the_pile_wikipedia_en_val_loss,1.0,False
83,metric/the_pile_dm_mathematics_val_loss,1.0,False
83,metric/the_pile_github_val_loss,1.0,False
83,metric/the_pile_stackexchange_val_loss,1.0,False
83,metric/the_pile_gutenberg_pg_19_val_loss,1.0,False
83,metric/the_pile_pile_cc_val_loss,1.0,False
83,metric/the_pile_ubuntu_irc_val_loss,1.0,False
83,metric/the_pile_hackernews_val_loss,1.0,False
83,metric/the_pile_pubmed_abstracts_val_loss,1.0,False
83,metric/the_pile_uspto_backgrounds_val_loss,1.0,False
84,metric/the_pile_arxiv_val_loss,1.0,False
84,metric/the_pile_freelaw_val_loss,1.0,False
84,metric/the_pile_pubmed_central_val_loss,1.0,False
84,metric/the_pile_wikipedia_en_val_loss,1.0,False
84,metric/the_pile_dm_mathematics_val_loss,1.0,False
84,metric/the_pile_github_val_loss,1.0,False
84,metric/the_pile_stackexchange_val_loss,1.0,False
84,metric/the_pile_gutenberg_pg_19_val_loss,1.0,False
84,metric/the_pile_pile_cc_val_loss,1.0,False
84,metric/the_pile_ubuntu_irc_val_loss,1.0,False
84,metric/the_pile_hackernews_val_loss,1.0,False
84,metric/the_pile_pubmed_abstracts_val_loss,1.0,False
84,metric/the_pile_uspto_backgrounds_val_loss,1.0,False
85,metric/the_pile_arxiv_val_loss,1.0,False
85,metric/the_pile_freelaw_val_loss,1.0,False
85,metric/the_pile_pubmed_central_val_loss,0.7906553236232889,True
85,metric/the_pile_wikipedia_en_val_loss,1.0,False
85,metric/the_pile_dm_mathematics_val_loss,1.0,False
85,metric/the_pile_github_val_loss,1.0,False
85,metric/the_pile_stackexchange_val_loss,1.0,False
85,metric/the_pile_gutenberg_pg_19_val_loss,1.0,False
85,metric/the_pile_pile_cc_val_loss,1.0,False
85,metric/the_pile_ubuntu_irc_val_loss,1.0,False
85,metric/the_pile_hackernews_val_loss,1.0,False
85,metric/the_pile_pubmed_abstracts_val_loss,0.6258812022389901,True
85,metric/the_pile_uspto_backgrounds_val_loss,1.0,False
86,metric/the_pile_arxiv_val_loss,1.0,False
86,metric/the_pile_freelaw_val_loss,1.0,False
86,metric/the_pile_pubmed_central_val_loss,1.0,False
86,metric/the_pile_wikipedia_en_val_loss,1.0,False
86,metric/the_pile_dm_mathematics_val_loss,1.0,False
86,metric/the_pile_github_val_loss,1.0,False
86,metric/the_pile_stackexchange_val_loss,1.0,False
86,metric/the_pile_gutenberg_pg_19_val_loss,1.0,False
86,metric/the_pile_pile_cc_val_loss,1.0,False
86,metric/the_pile_ubuntu_irc_val_loss,1.0,False
86,metric/the_pile_hackernews_val_loss,1.0,False
86,metric/the_pile_pubmed_abstracts_val_loss,1.0,False
86,metric/the_pile_uspto_backgrounds_val_loss,1.0,False
87,metric/the_pile_arxiv_val_loss,1.0,False
87,metric/the_pile_freelaw_val_loss,1.0,False
87,metric/the_pile_pubmed_central_val_loss,1.0,False
87,metric/the_pile_wikipedia_en_val_loss,1.0,False
87,metric/the_pile_dm_mathematics_val_loss,1.0,False
87,metric/the_pile_github_val_loss,1.0,False
87,metric/the_pile_stackexchange_val_loss,1.0,False
87,metric/the_pile_gutenberg_pg_19_val_loss,1.0,False
87,metric/the_pile_pile_cc_val_loss,1.0,False
87,metric/the_pile_ubuntu_irc_val_loss,1.0,False
87,metric/the_pile_hackernews_val_loss,1.0,False
87,metric/the_pile_pubmed_abstracts_val_loss,1.0,False
87,metric/the_pile_uspto_backgrounds_val_loss,1.0,False
88,metric/the_pile_arxiv_val_loss,1.0,False
88,metric/the_pile_freelaw_val_loss,1.0,False
88,metric/the_pile_pubmed_central_val_loss,1.0,False
88,metric/the_pile_wikipedia_en_val_loss,1.0,False
88,metric/the_pile_dm_mathematics_val_loss,1.0,False
88,metric/the_pile_github_val_loss,1.0,False
88,metric/the_pile_stackexchange_val_loss,1.0,False
88,metric/the_pile_gutenberg_pg_19_val_loss,1.0,False
88,metric/the_pile_pile_cc_val_loss,1.0,False
88,metric/the_pile_ubuntu_irc_val_loss,1.0,False
88,metric/the_pile_hackernews_val_loss,1.0,False
88,metric/the_pile_pubmed_abstracts_val_loss,1.0,False
88,metric/the_pile_uspto_backgrounds_val_loss,1.0,False
89,metric/the_pile_arxiv_val_loss,1.0,False
89,metric/the_pile_freelaw_val_loss,1.0,False
89,metric/the_pile_pubmed_central_val_loss,1.0,False
89,metric/the_pile_wikipedia_en_val_loss,1.0,False
89,metric/the_pile_dm_mathematics_val_loss,1.0,False
89,metric/the_pile_github_val_loss,1.0,False
89,metric/the_pile_stackexchange_val_loss,1.0,False
89,metric/the_pile_gutenberg_pg_19_val_loss,1.0,False
89,metric/the_pile_pile_cc_val_loss,1.0,False
89,metric/the_pile_ubuntu_irc_val_loss,1.0,False
89,metric/the_pile_hackernews_val_loss,1.0,False
89,metric/the_pile_pubmed_abstracts_val_loss,1.0,False
89,metric/the_pile_uspto_backgrounds_val_loss,1.0,False
90,metric/the_pile_arxiv_val_loss,1.0,False
90,metric/the_pile_freelaw_val_loss,1.0,False
90,metric/the_pile_pubmed_central_val_loss,1.0,False
90,metric/the_pile_wikipedia_en_val_loss,1.0,False
90,metric/the_pile_dm_mathematics_val_loss,1.0,False
90,metric/the_pile_github_val_loss,1.0,False
90,metric/the_pile_stackexchange_val_loss,1.0,False
90,metric/the_pile_gutenberg_pg_19_val_loss,1.0,False
90,metric/the_pile_pile_cc_val_loss,1.0,False
90,metric/the_pile_ubuntu_irc_val_loss,1.0,False
90,metric/the_pile_hackernews_val_loss,1.0,False
90,metric/the_pile_pubmed_abstracts_val_loss,1.0,False
90,metric/the_pile_uspto_backgrounds_val_loss,1.0,False
91,metric/the_pile_arxiv_val_loss,1.0,False
91,metric/the_pile_freelaw_val_loss,1.0,False
91,metric/the_pile_pubmed_central_val_loss,1.0,False
91,metric/the_pile_wikipedia_en_val_loss,1.0,False
91,metric/the_pile_dm_mathematics_val_loss,1.0,False
91,metric/the_pile_github_val_loss,1.0,False
91,metric/the_pile_stackexchange_val_loss,1.0,False
91,metric/the_pile_gutenberg_pg_19_val_loss,1.0,False
91,metric/the_pile_pile_cc_val_loss,1.0,False
91,metric/the_pile_ubuntu_irc_val_loss,1.0,False
91,metric/the_pile_hackernews_val_loss,1.0,False
91,metric/the_pile_pubmed_abstracts_val_loss,1.0,False
91,metric/the_pile_uspto_backgrounds_val_loss,1.0,False
92,metric/the_pile_arxiv_val_loss,1.0,False
92,metric/the_pile_freelaw_val_loss,1.0,False
92,metric/the_pile_pubmed_central_val_loss,1.0,False
92,metric/the_pile_wikipedia_en_val_loss,1.0,False
92,metric/the_pile_dm_mathematics_val_loss,1.0,False
92,metric/the_pile_github_val_loss,1.0,False
92,metric/the_pile_stackexchange_val_loss,1.0,False
92,metric/the_pile_gutenberg_pg_19_val_loss,1.0,False
92,metric/the_pile_pile_cc_val_loss,1.0,False
92,metric/the_pile_ubuntu_irc_val_loss,1.0,False
92,metric/the_pile_hackernews_val_loss,1.0,False
92,metric/the_pile_pubmed_abstracts_val_loss,1.0,False
92,metric/the_pile_uspto_backgrounds_val_loss,1.0,False
93,metric/the_pile_arxiv_val_loss,1.0,False
93,metric/the_pile_freelaw_val_loss,1.0,False
93,metric/the_pile_pubmed_central_val_loss,1.0,False
93,metric/the_pile_wikipedia_en_val_loss,1.0,False
93,metric/the_pile_dm_mathematics_val_loss,1.0,False
93,metric/the_pile_github_val_loss,1.0,False
93,metric/the_pile_stackexchange_val_loss,1.0,False
93,metric/the_pile_gutenberg_pg_19_val_loss,1.0,False
93,metric/the_pile_pile_cc_val_loss,1.0,False
93,metric/the_pile_ubuntu_irc_val_loss,1.0,False
93,metric/the_pile_hackernews_val_loss,1.0,False
93,metric/the_pile_pubmed_abstracts_val_loss,1.0,False
93,metric/the_pile_uspto_backgrounds_val_loss,1.0,False
94,metric/the_pile_arxiv_val_loss,1.0,False
94,metric/the_pile_freelaw_val_loss,1.0,False
94,metric/the_pile_pubmed_central_val_loss,1.0,False
94,metric/the_pile_wikipedia_en_val_loss,1.0,False
94,metric/the_pile_dm_mathematics_val_loss,1.0,False
94,metric/the_pile_github_val_loss,1.0,False
94,metric/the_pile_stackexchange_val_loss,1.0,False
94,metric/the_pile_gutenberg_pg_19_val_loss,1.0,False
94,metric/the_pile_pile_cc_val_loss,1.0,False
94,metric/the_pile_ubuntu_irc_val_loss,1.0,False
94,metric/the_pile_hackernews_val_loss,1.0,False
94,metric/the_pile_pubmed_abstracts_val_loss,1.0,False
94,metric/the_pile_uspto_backgrounds_val_loss,1.0,False
95,metric/the_pile_arxiv_val_loss,1.0,False
95,metric/the_pile_freelaw_val_loss,1.0,False
95,metric/the_pile_pubmed_central_val_loss,1.0,False
95,metric/the_pile_wikipedia_en_val_loss,1.0,False
95,metric/the_pile_dm_mathematics_val_loss,1.0,False
95,metric/the_pile_github_val_loss,1.0,False
95,metric/the_pile_stackexchange_val_loss,1.0,False
95,metric/the_pile_gutenberg_pg_19_val_loss,1.0,False
95,metric/the_pile_pile_cc_val_loss,1.0,False
95,metric/the_pile_ubuntu_irc_val_loss,1.0,False
95,metric/the_pile_hackernews_val_loss,1.0,False
95,metric/the_pile_pubmed_abstracts_val_loss,1.0,False
95,metric/the_pile_uspto_backgrounds_val_loss,1.0,False
96,metric/the_pile_arxiv_val_loss,1.0,False
96,metric/the_pile_freelaw_val_loss,1.0,False
96,metric/the_pile_pubmed_central_val_loss,1.0,False
96,metric/the_pile_wikipedia_en_val_loss,1.0,False
96,metric/the_pile_dm_mathematics_val_loss,1.0,False
96,metric/the_pile_github_val_loss,1.0,False
96,metric/the_pile_stackexchange_val_loss,1.0,False
96,metric/the_pile_gutenberg_pg_19_val_loss,1.0,False
96,metric/the_pile_pile_cc_val_loss,1.0,False
96,metric/the_pile_ubuntu_irc_val_loss,1.0,False
96,metric/the_pile_hackernews_val_loss,1.0,False
96,metric/the_pile_pubmed_abstracts_val_loss,1.0,False
96,metric/the_pile_uspto_backgrounds_val_loss,1.0,False
97,metric/the_pile_arxiv_val_loss,1.0,False
97,metric/the_pile_freelaw_val_loss,1.0,False
97,metric/the_pile_pubmed_central_val_loss,1.0,False
97,metric/the_pile_wikipedia_en_val_loss,1.0,False
97,metric/the_pile_dm_mathematics_val_loss,1.0,False
97,metric/the_pile_github_val_loss,1.0,False
97,metric/the_pile_stackexchange_val_loss,1.0,False
97,metric/the_pile_gutenberg_pg_19_val_loss,1.0,False
97,metric/the_pile_pile_cc_val_loss,1.0,False
97,metric/the_pile_ubuntu_irc_val_loss,1.0,False
97,metric/the_pile_hackernews_val_loss,1.0,False
97,metric/the_pile_pubmed_abstracts_val_loss,1.0,False
97,metric/the_pile_uspto_backgrounds_val_loss,1.0,False
98,metric/the_pile_arxiv_val_loss,1.0,False
98,metric/the_pile_freelaw_val_loss,1.0,False
98,metric/the_pile_pubmed_central_val_loss,1.0,False
98,metric/the_pile_wikipedia_en_val_loss,1.0,False
98,metric/the_pile_dm_mathematics_val_loss,1.0,False
98,metric/the_pile_github_val_loss,1.0,False
98,metric/the_pile_stackexchange_val_loss,1.0,False
98,metric/the_pile_gutenberg_pg_19_val_loss,1.0,False
98,metric/the_pile_pile_cc_val_loss,1.0,False
98,metric/the_pile_ubuntu_irc_val_loss,1.0,False
98,metric/the_pile_hackernews_val_loss,1.0,False
98,metric/the_pile_pubmed_abstracts_val_loss,1.0,False
98,metric/the_pile_uspto_backgrounds_val_loss,1.0,False
99,metric/the_pile_arxiv_val_loss,1.0,False
99,metric/the_pile_freelaw_val_loss,1.0,False
99,metric/the_pile_pubmed_central_val_loss,1.0,False
99,metric/the_pile_wikipedia_en_val_loss,1.0,False
99,metric/the_pile_dm_mathematics_val_loss,1.0,False
99,metric/the_pile_github_val_loss,1.0,False
99,metric/the_pile_stackexchange_val_loss,1.0,False
99,metric/the_pile_gutenberg_pg_19_val_loss,1.0,False
99,metric/the_pile_pile_cc_val_loss,1.0,False
99,metric/the_pile_ubuntu_irc_val_loss,1.0,False
99,metric/the_pile_hackernews_val_loss,1.0,False
99,metric/the_pile_pubmed_abstracts_val_loss,1.0,False
99,metric/the_pile_uspto_backgrounds_val_loss,1.0,False
100,metric/the_pile_arxiv_val_loss,1.0,False
100,metric/the_pile_freelaw_val_loss,1.0,False
100,metric/the_pile_pubmed_central_val_loss,1.0,False
100,metric/the_pile_wikipedia_en_val_loss,1.0,False
100,metric/the_pile_dm_mathematics_val_loss,1.0,False
100,metric/the_pile_github_val_loss,1.0,False
100,metric/the_pile_stackexchange_val_loss,1.0,False
100,metric/the_pile_gutenberg_pg_19_val_loss,1.0,False
100,metric/the_pile_pile_cc_val_loss,1.0,False
100,metric/the_pile_ubuntu_irc_val_loss,1.0,False
100,metric/the_pile_hackernews_val_loss,1.0,False
100,metric/the_pile_pubmed_abstracts_val_loss,1.0,False
100,metric/the_pile_uspto_backgrounds_val_loss,1.0,False
101,metric/the_pile_arxiv_val_loss,1.0,False
101,metric/the_pile_freelaw_val_loss,1.0,False
101,metric/the_pile_pubmed_central_val_loss,1.0,False
101,metric/the_pile_wikipedia_en_val_loss,1.0,False
101,metric/the_pile_dm_mathematics_val_loss,1.0,False
101,metric/the_pile_github_val_loss,1.0,False
101,metric/the_pile_stackexchange_val_loss,1.0,False
101,metric/the_pile_gutenberg_pg_19_val_loss,1.0,False
101,metric/the_pile_pile_cc_val_loss,1.0,False
101,metric/the_pile_ubuntu_irc_val_loss,1.0,False
101,metric/the_pile_hackernews_val_loss,1.0,False
101,metric/the_pile_pubmed_abstracts_val_loss,1.0,False
101,metric/the_pile_uspto_backgrounds_val_loss,1.0,False
102,metric/the_pile_arxiv_val_loss,1.0,False
102,metric/the_pile_freelaw_val_loss,1.0,False
102,metric/the_pile_pubmed_central_val_loss,1.0,False
102,metric/the_pile_wikipedia_en_val_loss,1.0,False
102,metric/the_pile_dm_mathematics_val_loss,1.0,False
102,metric/the_pile_github_val_loss,1.0,False
102,metric/the_pile_stackexchange_val_loss,1.0,False
102,metric/the_pile_gutenberg_pg_19_val_loss,1.0,False
102,metric/the_pile_pile_cc_val_loss,1.0,False
102,metric/the_pile_ubuntu_irc_val_loss,1.0,False
102,metric/the_pile_hackernews_val_loss,1.0,False
102,metric/the_pile_pubmed_abstracts_val_loss,1.0,False
102,metric/the_pile_uspto_backgrounds_val_loss,1.0,False
103,metric/the_pile_arxiv_val_loss,1.0,False
103,metric/the_pile_freelaw_val_loss,1.0,False
103,metric/the_pile_pubmed_central_val_loss,1.0,False
103,metric/the_pile_wikipedia_en_val_loss,1.0,False
103,metric/the_pile_dm_mathematics_val_loss,1.0,False
103,metric/the_pile_github_val_loss,1.0,False
103,metric/the_pile_stackexchange_val_loss,1.0,False
103,metric/the_pile_gutenberg_pg_19_val_loss,1.0,False
103,metric/the_pile_pile_cc_val_loss,1.0,False
103,metric/the_pile_ubuntu_irc_val_loss,1.0,False
103,metric/the_pile_hackernews_val_loss,1.0,False
103,metric/the_pile_pubmed_abstracts_val_loss,1.0,False
103,metric/the_pile_uspto_backgrounds_val_loss,1.0,False
104,metric/the_pile_arxiv_val_loss,1.0,False
104,metric/the_pile_freelaw_val_loss,1.0,False
104,metric/the_pile_pubmed_central_val_loss,1.0,False
104,metric/the_pile_wikipedia_en_val_loss,1.0,False
104,metric/the_pile_dm_mathematics_val_loss,1.0,False
104,metric/the_pile_github_val_loss,1.0,False
104,metric/the_pile_stackexchange_val_loss,1.0,False
104,metric/the_pile_gutenberg_pg_19_val_loss,1.0,False
104,metric/the_pile_pile_cc_val_loss,1.0,False
104,metric/the_pile_ubuntu_irc_val_loss,1.0,False
104,metric/the_pile_hackernews_val_loss,1.0,False
104,metric/the_pile_pubmed_abstracts_val_loss,1.0,False
104,metric/the_pile_uspto_backgrounds_val_loss,1.0,False
105,metric/the_pile_arxiv_val_loss,1.0,False
105,metric/the_pile_freelaw_val_loss,1.0,False
105,metric/the_pile_pubmed_central_val_loss,1.0,False
105,metric/the_pile_wikipedia_en_val_loss,1.0,False
105,metric/the_pile_dm_mathematics_val_loss,1.0,False
105,metric/the_pile_github_val_loss,1.0,False
105,metric/the_pile_stackexchange_val_loss,1.0,False
105,metric/the_pile_gutenberg_pg_19_val_loss,1.0,False
105,metric/the_pile_pile_cc_val_loss,1.0,False
105,metric/the_pile_ubuntu_irc_val_loss,1.0,False
105,metric/the_pile_hackernews_val_loss,1.0,False
105,metric/the_pile_pubmed_abstracts_val_loss,1.0,False
105,metric/the_pile_uspto_backgrounds_val_loss,1.0,False
106,metric/the_pile_arxiv_val_loss,1.0,False
106,metric/the_pile_freelaw_val_loss,1.0,False
106,metric/the_pile_pubmed_central_val_loss,1.0,False
106,metric/the_pile_wikipedia_en_val_loss,1.0,False
106,metric/the_pile_dm_mathematics_val_loss,1.0,False
106,metric/the_pile_github_val_loss,1.0,False
106,metric/the_pile_stackexchange_val_loss,1.0,False
106,metric/the_pile_gutenberg_pg_19_val_loss,1.0,False
106,metric/the_pile_pile_cc_val_loss,1.0,False
106,metric/the_pile_ubuntu_irc_val_loss,1.0,False
106,metric/the_pile_hackernews_val_loss,1.0,False
106,metric/the_pile_pubmed_abstracts_val_loss,1.0,False
106,metric/the_pile_uspto_backgrounds_val_loss,1.0,False
107,metric/the_pile_arxiv_val_loss,1.0,False
107,metric/the_pile_freelaw_val_loss,1.0,False
107,metric/the_pile_pubmed_central_val_loss,1.0,False
107,metric/the_pile_wikipedia_en_val_loss,1.0,False
107,metric/the_pile_dm_mathematics_val_loss,1.0,False
107,metric/the_pile_github_val_loss,1.0,False
107,metric/the_pile_stackexchange_val_loss,1.0,False
107,metric/the_pile_gutenberg_pg_19_val_loss,1.0,False
107,metric/the_pile_pile_cc_val_loss,1.0,False
107,metric/the_pile_ubuntu_irc_val_loss,1.0,False
107,metric/the_pile_hackernews_val_loss,1.0,False
107,metric/the_pile_pubmed_abstracts_val_loss,1.0,False
107,metric/the_pile_uspto_backgrounds_val_loss,1.0,False
108,metric/the_pile_arxiv_val_loss,1.0,False
108,metric/the_pile_freelaw_val_loss,1.0,False
108,metric/the_pile_pubmed_central_val_loss,1.0,False
108,metric/the_pile_wikipedia_en_val_loss,1.0,False
108,metric/the_pile_dm_mathematics_val_loss,1.0,False
108,metric/the_pile_github_val_loss,1.0,False
108,metric/the_pile_stackexchange_val_loss,1.0,False
108,metric/the_pile_gutenberg_pg_19_val_loss,1.0,False
108,metric/the_pile_pile_cc_val_loss,1.0,False
108,metric/the_pile_ubuntu_irc_val_loss,1.0,False
108,metric/the_pile_hackernews_val_loss,1.0,False
108,metric/the_pile_pubmed_abstracts_val_loss,1.0,False
108,metric/the_pile_uspto_backgrounds_val_loss,1.0,False
109,metric/the_pile_arxiv_val_loss,1.0,False
109,metric/the_pile_freelaw_val_loss,1.0,False
109,metric/the_pile_pubmed_central_val_loss,1.0,False
109,metric/the_pile_wikipedia_en_val_loss,1.0,False
109,metric/the_pile_dm_mathematics_val_loss,1.0,False
109,metric/the_pile_github_val_loss,1.0,False
109,metric/the_pile_stackexchange_val_loss,1.0,False
109,metric/the_pile_gutenberg_pg_19_val_loss,1.0,False
109,metric/the_pile_pile_cc_val_loss,1.0,False
109,metric/the_pile_ubuntu_irc_val_loss,1.0,False
109,metric/the_pile_hackernews_val_loss,1.0,False
109,metric/the_pile_pubmed_abstracts_val_loss,1.0,False
109,metric/the_pile_uspto_backgrounds_val_loss,1.0,False
110,metric/the_pile_arxiv_val_loss,1.0,False
110,metric/the_pile_freelaw_val_loss,1.0,False
110,metric/the_pile_pubmed_central_val_loss,1.0,False
110,metric/the_pile_wikipedia_en_val_loss,1.0,False
110,metric/the_pile_dm_mathematics_val_loss,1.0,False
110,metric/the_pile_github_val_loss,1.0,False
110,metric/the_pile_stackexchange_val_loss,1.0,False
110,metric/the_pile_gutenberg_pg_19_val_loss,1.0,False
110,metric/the_pile_pile_cc_val_loss,1.0,False
110,metric/the_pile_ubuntu_irc_val_loss,1.0,False
110,metric/the_pile_hackernews_val_loss,1.0,False
110,metric/the_pile_pubmed_abstracts_val_loss,1.0,False
110,metric/the_pile_uspto_backgrounds_val_loss,1.0,False
111,metric/the_pile_arxiv_val_loss,1.0,False
111,metric/the_pile_freelaw_val_loss,1.0,False
111,metric/the_pile_pubmed_central_val_loss,1.0,False
111,metric/the_pile_wikipedia_en_val_loss,1.0,False
111,metric/the_pile_dm_mathematics_val_loss,1.0,False
111,metric/the_pile_github_val_loss,1.0,False
111,metric/the_pile_stackexchange_val_loss,1.0,False
111,metric/the_pile_gutenberg_pg_19_val_loss,1.0,False
111,metric/the_pile_pile_cc_val_loss,1.0,False
111,metric/the_pile_ubuntu_irc_val_loss,1.0,False
111,metric/the_pile_hackernews_val_loss,1.0,False
111,metric/the_pile_pubmed_abstracts_val_loss,1.0,False
111,metric/the_pile_uspto_backgrounds_val_loss,1.0,False
112,metric/the_pile_arxiv_val_loss,1.0,False
112,metric/the_pile_freelaw_val_loss,1.0,False
112,metric/the_pile_pubmed_central_val_loss,1.0,False
112,metric/the_pile_wikipedia_en_val_loss,1.0,False
112,metric/the_pile_dm_mathematics_val_loss,1.0,False
112,metric/the_pile_github_val_loss,1.0,False
112,metric/the_pile_stackexchange_val_loss,1.0,False
112,metric/the_pile_gutenberg_pg_19_val_loss,1.0,False
112,metric/the_pile_pile_cc_val_loss,1.0,False
112,metric/the_pile_ubuntu_irc_val_loss,1.0,False
112,metric/the_pile_hackernews_val_loss,1.0,False
112,metric/the_pile_pubmed_abstracts_val_loss,1.0,False
112,metric/the_pile_uspto_backgrounds_val_loss,1.0,False
113,metric/the_pile_arxiv_val_loss,1.0,False
113,metric/the_pile_freelaw_val_loss,1.0,False
113,metric/the_pile_pubmed_central_val_loss,1.0,False
113,metric/the_pile_wikipedia_en_val_loss,1.0,False
113,metric/the_pile_dm_mathematics_val_loss,1.0,False
113,metric/the_pile_github_val_loss,1.0,False
113,metric/the_pile_stackexchange_val_loss,1.0,False
113,metric/the_pile_gutenberg_pg_19_val_loss,1.0,False
113,metric/the_pile_pile_cc_val_loss,1.0,False
113,metric/the_pile_ubuntu_irc_val_loss,1.0,False
113,metric/the_pile_hackernews_val_loss,1.0,False
113,metric/the_pile_pubmed_abstracts_val_loss,0.8156932971257235,True
113,metric/the_pile_uspto_backgrounds_val_loss,1.0,False
114,metric/the_pile_arxiv_val_loss,1.0,False
114,metric/the_pile_freelaw_val_loss,1.0,False
114,metric/the_pile_pubmed_central_val_loss,1.0,False
114,metric/the_pile_wikipedia_en_val_loss,1.0,False
114,metric/the_pile_dm_mathematics_val_loss,1.0,False
114,metric/the_pile_github_val_loss,1.0,False
114,metric/the_pile_stackexchange_val_loss,1.0,False
114,metric/the_pile_gutenberg_pg_19_val_loss,1.0,False
114,metric/the_pile_pile_cc_val_loss,1.0,False
114,metric/the_pile_ubuntu_irc_val_loss,1.0,False
114,metric/the_pile_hackernews_val_loss,1.0,False
114,metric/the_pile_pubmed_abstracts_val_loss,1.0,False
114,metric/the_pile_uspto_backgrounds_val_loss,1.0,False
115,metric/the_pile_arxiv_val_loss,1.0,False
115,metric/the_pile_freelaw_val_loss,1.0,False
115,metric/the_pile_pubmed_central_val_loss,1.0,False
115,metric/the_pile_wikipedia_en_val_loss,1.0,False
115,metric/the_pile_dm_mathematics_val_loss,1.0,False
115,metric/the_pile_github_val_loss,1.0,False
115,metric/the_pile_stackexchange_val_loss,1.0,False
115,metric/the_pile_gutenberg_pg_19_val_loss,1.0,False
115,metric/the_pile_pile_cc_val_loss,1.0,False
115,metric/the_pile_ubuntu_irc_val_loss,1.0,False
115,metric/the_pile_hackernews_val_loss,1.0,False
115,metric/the_pile_pubmed_abstracts_val_loss,1.0,False
115,metric/the_pile_uspto_backgrounds_val_loss,1.0,False
116,metric/the_pile_arxiv_val_loss,1.0,False
116,metric/the_pile_freelaw_val_loss,1.0,False
116,metric/the_pile_pubmed_central_val_loss,1.0,False
116,metric/the_pile_wikipedia_en_val_loss,1.0,False
116,metric/the_pile_dm_mathematics_val_loss,1.0,False
116,metric/the_pile_github_val_loss,1.0,False
116,metric/the_pile_stackexchange_val_loss,1.0,False
116,metric/the_pile_gutenberg_pg_19_val_loss,1.0,False
116,metric/the_pile_pile_cc_val_loss,1.0,False
116,metric/the_pile_ubuntu_irc_val_loss,1.0,False
116,metric/the_pile_hackernews_val_loss,1.0,False
116,metric/the_pile_pubmed_abstracts_val_loss,1.0,False
116,metric/the_pile_uspto_backgrounds_val_loss,1.0,False
117,metric/the_pile_arxiv_val_loss,1.0,False
117,metric/the_pile_freelaw_val_loss,1.0,False
117,metric/the_pile_pubmed_central_val_loss,1.0,False
117,metric/the_pile_wikipedia_en_val_loss,1.0,False
117,metric/the_pile_dm_mathematics_val_loss,1.0,False
117,metric/the_pile_github_val_loss,1.0,False
117,metric/the_pile_stackexchange_val_loss,1.0,False
117,metric/the_pile_gutenberg_pg_19_val_loss,1.0,False
117,metric/the_pile_pile_cc_val_loss,1.0,False
117,metric/the_pile_ubuntu_irc_val_loss,1.0,False
117,metric/the_pile_hackernews_val_loss,1.0,False
117,metric/the_pile_pubmed_abstracts_val_loss,1.0,False
117,metric/the_pile_uspto_backgrounds_val_loss,1.0,False
118,metric/the_pile_arxiv_val_loss,1.0,False
118,metric/the_pile_freelaw_val_loss,1.0,False
118,metric/the_pile_pubmed_central_val_loss,1.0,False
118,metric/the_pile_wikipedia_en_val_loss,1.0,False
118,metric/the_pile_dm_mathematics_val_loss,1.0,False
118,metric/the_pile_github_val_loss,1.0,False
118,metric/the_pile_stackexchange_val_loss,1.0,False
118,metric/the_pile_gutenberg_pg_19_val_loss,1.0,False
118,metric/the_pile_pile_cc_val_loss,1.0,False
118,metric/the_pile_ubuntu_irc_val_loss,1.0,False
118,metric/the_pile_hackernews_val_loss,1.0,False
118,metric/the_pile_pubmed_abstracts_val_loss,1.0,False
118,metric/the_pile_uspto_backgrounds_val_loss,1.0,False
119,metric/the_pile_arxiv_val_loss,1.0,False
119,metric/the_pile_freelaw_val_loss,1.0,False
119,metric/the_pile_pubmed_central_val_loss,1.0,False
119,metric/the_pile_wikipedia_en_val_loss,1.0,False
119,metric/the_pile_dm_mathematics_val_loss,1.0,False
119,metric/the_pile_github_val_loss,1.0,False
119,metric/the_pile_stackexchange_val_loss,1.0,False
119,metric/the_pile_gutenberg_pg_19_val_loss,1.0,False
119,metric/the_pile_pile_cc_val_loss,1.0,False
119,metric/the_pile_ubuntu_irc_val_loss,1.0,False
119,metric/the_pile_hackernews_val_loss,1.0,False
119,metric/the_pile_pubmed_abstracts_val_loss,1.0,False
119,metric/the_pile_uspto_backgrounds_val_loss,1.0,False
120,metric/the_pile_arxiv_val_loss,1.0,False
120,metric/the_pile_freelaw_val_loss,1.0,False
120,metric/the_pile_pubmed_central_val_loss,1.0,False
120,metric/the_pile_wikipedia_en_val_loss,1.0,False
120,metric/the_pile_dm_mathematics_val_loss,1.0,False
120,metric/the_pile_github_val_loss,1.0,False
120,metric/the_pile_stackexchange_val_loss,1.0,False
120,metric/the_pile_gutenberg_pg_19_val_loss,1.0,False
120,metric/the_pile_pile_cc_val_loss,1.0,False
120,metric/the_pile_ubuntu_irc_val_loss,1.0,False
120,metric/the_pile_hackernews_val_loss,1.0,False
120,metric/the_pile_pubmed_abstracts_val_loss,1.0,False
120,metric/the_pile_uspto_backgrounds_val_loss,1.0,False
121,metric/the_pile_arxiv_val_loss,1.0,False
121,metric/the_pile_freelaw_val_loss,1.0,False
121,metric/the_pile_pubmed_central_val_loss,1.0,False
121,metric/the_pile_wikipedia_en_val_loss,1.0,False
121,metric/the_pile_dm_mathematics_val_loss,1.0,False
121,metric/the_pile_github_val_loss,1.0,False
121,metric/the_pile_stackexchange_val_loss,1.0,False
121,metric/the_pile_gutenberg_pg_19_val_loss,1.0,False
121,metric/the_pile_pile_cc_val_loss,1.0,False
121,metric/the_pile_ubuntu_irc_val_loss,1.0,False
121,metric/the_pile_hackernews_val_loss,1.0,False
121,metric/the_pile_pubmed_abstracts_val_loss,1.0,False
121,metric/the_pile_uspto_backgrounds_val_loss,1.0,False
122,metric/the_pile_arxiv_val_loss,1.0,False
122,metric/the_pile_freelaw_val_loss,1.0,False
122,metric/the_pile_pubmed_central_val_loss,1.0,False
122,metric/the_pile_wikipedia_en_val_loss,1.0,False
122,metric/the_pile_dm_mathematics_val_loss,1.0,False
122,metric/the_pile_github_val_loss,1.0,False
122,metric/the_pile_stackexchange_val_loss,1.0,False
122,metric/the_pile_gutenberg_pg_19_val_loss,1.0,False
122,metric/the_pile_pile_cc_val_loss,1.0,False
122,metric/the_pile_ubuntu_irc_val_loss,1.0,False
122,metric/the_pile_hackernews_val_loss,1.0,False
122,metric/the_pile_pubmed_abstracts_val_loss,1.0,False
122,metric/the_pile_uspto_backgrounds_val_loss,1.0,False
123,metric/the_pile_arxiv_val_loss,1.0,False
123,metric/the_pile_freelaw_val_loss,1.0,False
123,metric/the_pile_pubmed_central_val_loss,1.0,False
123,metric/the_pile_wikipedia_en_val_loss,1.0,False
123,metric/the_pile_dm_mathematics_val_loss,1.0,False
123,metric/the_pile_github_val_loss,1.0,False
123,metric/the_pile_stackexchange_val_loss,1.0,False
123,metric/the_pile_gutenberg_pg_19_val_loss,1.0,False
123,metric/the_pile_pile_cc_val_loss,1.0,False
123,metric/the_pile_ubuntu_irc_val_loss,1.0,False
123,metric/the_pile_hackernews_val_loss,1.0,False
123,metric/the_pile_pubmed_abstracts_val_loss,1.0,False
123,metric/the_pile_uspto_backgrounds_val_loss,1.0,False
124,metric/the_pile_arxiv_val_loss,1.0,False
124,metric/the_pile_freelaw_val_loss,1.0,False
124,metric/the_pile_pubmed_central_val_loss,1.0,False
124,metric/the_pile_wikipedia_en_val_loss,1.0,False
124,metric/the_pile_dm_mathematics_val_loss,1.0,False
124,metric/the_pile_github_val_loss,1.0,False
124,metric/the_pile_stackexchange_val_loss,1.0,False
124,metric/the_pile_gutenberg_pg_19_val_loss,1.0,False
124,metric/the_pile_pile_cc_val_loss,1.0,False
124,metric/the_pile_ubuntu_irc_val_loss,1.0,False
124,metric/the_pile_hackernews_val_loss,1.0,False
124,metric/the_pile_pubmed_abstracts_val_loss,1.0,False
124,metric/the_pile_uspto_backgrounds_val_loss,1.0,False
125,metric/the_pile_arxiv_val_loss,1.0,False
125,metric/the_pile_freelaw_val_loss,1.0,False
125,metric/the_pile_pubmed_central_val_loss,1.0,False
125,metric/the_pile_wikipedia_en_val_loss,1.0,False
125,metric/the_pile_dm_mathematics_val_loss,1.0,False
125,metric/the_pile_github_val_loss,1.0,False
125,metric/the_pile_stackexchange_val_loss,1.0,False
125,metric/the_pile_gutenberg_pg_19_val_loss,1.0,False
125,metric/the_pile_pile_cc_val_loss,1.0,False
125,metric/the_pile_ubuntu_irc_val_loss,1.0,False
125,metric/the_pile_hackernews_val_loss,1.0,False
125,metric/the_pile_pubmed_abstracts_val_loss,1.0,False
125,metric/the_pile_uspto_backgrounds_val_loss,1.0,False
126,metric/the_pile_arxiv_val_loss,1.0,False
126,metric/the_pile_freelaw_val_loss,1.0,False
126,metric/the_pile_pubmed_central_val_loss,1.0,False
126,metric/the_pile_wikipedia_en_val_loss,1.0,False
126,metric/the_pile_dm_mathematics_val_loss,1.0,False
126,metric/the_pile_github_val_loss,1.0,False
126,metric/the_pile_stackexchange_val_loss,1.0,False
126,metric/the_pile_gutenberg_pg_19_val_loss,1.0,False
126,metric/the_pile_pile_cc_val_loss,1.0,False
126,metric/the_pile_ubuntu_irc_val_loss,1.0,False
126,metric/the_pile_hackernews_val_loss,1.0,False
126,metric/the_pile_pubmed_abstracts_val_loss,1.0,False
126,metric/the_pile_uspto_backgrounds_val_loss,1.0,False
127,metric/the_pile_arxiv_val_loss,1.0,False
127,metric/the_pile_freelaw_val_loss,1.0,False
127,metric/the_pile_pubmed_central_val_loss,1.0,False
127,metric/the_pile_wikipedia_en_val_loss,1.0,False
127,metric/the_pile_dm_mathematics_val_loss,1.0,False
127,metric/the_pile_github_val_loss,1.0,False
127,metric/the_pile_stackexchange_val_loss,1.0,False
127,metric/the_pile_gutenberg_pg_19_val_loss,1.0,False
127,metric/the_pile_pile_cc_val_loss,1.0,False
127,metric/the_pile_ubuntu_irc_val_loss,1.0,False
127,metric/the_pile_hackernews_val_loss,1.0,False
127,metric/the_pile_pubmed_abstracts_val_loss,1.0,False
127,metric/the_pile_uspto_backgrounds_val_loss,1.0,False
128,metric/the_pile_arxiv_val_loss,1.0,False
128,metric/the_pile_freelaw_val_loss,1.0,False
128,metric/the_pile_pubmed_central_val_loss,1.0,False
128,metric/the_pile_wikipedia_en_val_loss,1.0,False
128,metric/the_pile_dm_mathematics_val_loss,1.0,False
128,metric/the_pile_github_val_loss,1.0,False
128,metric/the_pile_stackexchange_val_loss,1.0,False
128,metric/the_pile_gutenberg_pg_19_val_loss,1.0,False
128,metric/the_pile_pile_cc_val_loss,1.0,False
128,metric/the_pile_ubuntu_irc_val_loss,1.0,False
128,metric/the_pile_hackernews_val_loss,1.0,False
128,metric/the_pile_pubmed_abstracts_val_loss,1.0,False
128,metric/the_pile_uspto_backgrounds_val_loss,1.0,False
129,metric/the_pile_arxiv_val_loss,1.0,False
129,metric/the_pile_freelaw_val_loss,1.0,False
129,metric/the_pile_pubmed_central_val_loss,1.0,False
129,metric/the_pile_wikipedia_en_val_loss,1.0,False
129,metric/the_pile_dm_mathematics_val_loss,1.0,False
129,metric/the_pile_github_val_loss,1.0,False
129,metric/the_pile_stackexchange_val_loss,1.0,False
129,metric/the_pile_gutenberg_pg_19_val_loss,1.0,False
129,metric/the_pile_pile_cc_val_loss,1.0,False
129,metric/the_pile_ubuntu_irc_val_loss,1.0,False
129,metric/the_pile_hackernews_val_loss,1.0,False
129,metric/the_pile_pubmed_abstracts_val_loss,1.0,False
129,metric/the_pile_uspto_backgrounds_val_loss,1.0,False
130,metric/the_pile_arxiv_val_loss,1.0,False
130,metric/the_pile_freelaw_val_loss,1.0,False
130,metric/the_pile_pubmed_central_val_loss,1.0,False
130,metric/the_pile_wikipedia_en_val_loss,1.0,False
130,metric/the_pile_dm_mathematics_val_loss,1.0,False
130,metric/the_pile_github_val_loss,1.0,False
130,metric/the_pile_stackexchange_val_loss,1.0,False
130,metric/the_pile_gutenberg_pg_19_val_loss,1.0,False
130,metric/the_pile_pile_cc_val_loss,1.0,False
130,metric/the_pile_ubuntu_irc_val_loss,1.0,False
130,metric/the_pile_hackernews_val_loss,1.0,False
130,metric/the_pile_pubmed_abstracts_val_loss,1.0,False
130,metric/the_pile_uspto_backgrounds_val_loss,1.0,False
131,metric/the_pile_arxiv_val_loss,1.0,False
131,metric/the_pile_freelaw_val_loss,1.0,False
131,metric/the_pile_pubmed_central_val_loss,1.0,False
131,metric/the_pile_wikipedia_en_val_loss,1.0,False
131,metric/the_pile_dm_mathematics_val_loss,1.0,False
131,metric/the_pile_github_val_loss,1.0,False
131,metric/the_pile_stackexchange_val_loss,0.9989884124845266,True
131,metric/the_pile_gutenberg_pg_19_val_loss,1.0,False
131,metric/the_pile_pile_cc_val_loss,1.0,False
131,metric/the_pile_ubuntu_irc_val_loss,1.0,False
131,metric/the_pile_hackernews_val_loss,1.0,False
131,metric/the_pile_pubmed_abstracts_val_loss,1.0,False
131,metric/the_pile_uspto_backgrounds_val_loss,1.0,False
132,metric/the_pile_arxiv_val_loss,1.0,False
132,metric/the_pile_freelaw_val_loss,1.0,False
132,metric/the_pile_pubmed_central_val_loss,1.0,False
132,metric/the_pile_wikipedia_en_val_loss,1.0,False
132,metric/the_pile_dm_mathematics_val_loss,1.0,False
132,metric/the_pile_github_val_loss,1.0,False
132,metric/the_pile_stackexchange_val_loss,1.0,False
132,metric/the_pile_gutenberg_pg_19_val_loss,1.0,False
132,metric/the_pile_pile_cc_val_loss,1.0,False
132,metric/the_pile_ubuntu_irc_val_loss,1.0,False
132,metric/the_pile_hackernews_val_loss,1.0,False
132,metric/the_pile_pubmed_abstracts_val_loss,1.0,False
132,metric/the_pile_uspto_backgrounds_val_loss,1.0,False
133,metric/the_pile_arxiv_val_loss,1.0,False
133,metric/the_pile_freelaw_val_loss,1.0,False
133,metric/the_pile_pubmed_central_val_loss,1.0,False
133,metric/the_pile_wikipedia_en_val_loss,1.0,False
133,metric/the_pile_dm_mathematics_val_loss,1.0,False
133,metric/the_pile_github_val_loss,1.0,False
133,metric/the_pile_stackexchange_val_loss,1.0,False
133,metric/the_pile_gutenberg_pg_19_val_loss,1.0,False
133,metric/the_pile_pile_cc_val_loss,1.0,False
133,metric/the_pile_ubuntu_irc_val_loss,1.0,False
133,metric/the_pile_hackernews_val_loss,1.0,False
133,metric/the_pile_pubmed_abstracts_val_loss,1.0,False
133,metric/the_pile_uspto_backgrounds_val_loss,1.0,False
134,metric/the_pile_arxiv_val_loss,1.0,False
134,metric/the_pile_freelaw_val_loss,1.0,False
134,metric/the_pile_pubmed_central_val_loss,1.0,False
134,metric/the_pile_wikipedia_en_val_loss,1.0,False
134,metric/the_pile_dm_mathematics_val_loss,1.0,False
134,metric/the_pile_github_val_loss,1.0,False
134,metric/the_pile_stackexchange_val_loss,1.0,False
134,metric/the_pile_gutenberg_pg_19_val_loss,1.0,False
134,metric/the_pile_pile_cc_val_loss,1.0,False
134,metric/the_pile_ubuntu_irc_val_loss,1.0,False
134,metric/the_pile_hackernews_val_loss,1.0,False
134,metric/the_pile_pubmed_abstracts_val_loss,1.0,False
134,metric/the_pile_uspto_backgrounds_val_loss,1.0,False
135,metric/the_pile_arxiv_val_loss,1.0,False
135,metric/the_pile_freelaw_val_loss,1.0,False
135,metric/the_pile_pubmed_central_val_loss,1.0,False
135,metric/the_pile_wikipedia_en_val_loss,1.0,False
135,metric/the_pile_dm_mathematics_val_loss,1.0,False
135,metric/the_pile_github_val_loss,1.0,False
135,metric/the_pile_stackexchange_val_loss,1.0,False
135,metric/the_pile_gutenberg_pg_19_val_loss,1.0,False
135,metric/the_pile_pile_cc_val_loss,1.0,False
135,metric/the_pile_ubuntu_irc_val_loss,1.0,False
135,metric/the_pile_hackernews_val_loss,1.0,False
135,metric/the_pile_pubmed_abstracts_val_loss,1.0,False
135,metric/the_pile_uspto_backgrounds_val_loss,1.0,False
136,metric/the_pile_arxiv_val_loss,1.0,False
136,metric/the_pile_freelaw_val_loss,1.0,False
136,metric/the_pile_pubmed_central_val_loss,1.0,False
136,metric/the_pile_wikipedia_en_val_loss,1.0,False
136,metric/the_pile_dm_mathematics_val_loss,1.0,False
136,metric/the_pile_github_val_loss,1.0,False
136,metric/the_pile_stackexchange_val_loss,1.0,False
136,metric/the_pile_gutenberg_pg_19_val_loss,1.0,False
136,metric/the_pile_pile_cc_val_loss,1.0,False
136,metric/the_pile_ubuntu_irc_val_loss,1.0,False
136,metric/the_pile_hackernews_val_loss,1.0,False
136,metric/the_pile_pubmed_abstracts_val_loss,1.0,False
136,metric/the_pile_uspto_backgrounds_val_loss,1.0,False
137,metric/the_pile_arxiv_val_loss,1.0,False
137,metric/the_pile_freelaw_val_loss,1.0,False
137,metric/the_pile_pubmed_central_val_loss,1.0,False
137,metric/the_pile_wikipedia_en_val_loss,1.0,False
137,metric/the_pile_dm_mathematics_val_loss,1.0,False
137,metric/the_pile_github_val_loss,1.0,False
137,metric/the_pile_stackexchange_val_loss,1.0,False
137,metric/the_pile_gutenberg_pg_19_val_loss,1.0,False
137,metric/the_pile_pile_cc_val_loss,1.0,False
137,metric/the_pile_ubuntu_irc_val_loss,1.0,False
137,metric/the_pile_hackernews_val_loss,1.0,False
137,metric/the_pile_pubmed_abstracts_val_loss,1.0,False
137,metric/the_pile_uspto_backgrounds_val_loss,1.0,False
138,metric/the_pile_arxiv_val_loss,1.0,False
138,metric/the_pile_freelaw_val_loss,1.0,False
138,metric/the_pile_pubmed_central_val_loss,1.0,False
138,metric/the_pile_wikipedia_en_val_loss,1.0,False
138,metric/the_pile_dm_mathematics_val_loss,1.0,False
138,metric/the_pile_github_val_loss,1.0,False
138,metric/the_pile_stackexchange_val_loss,1.0,False
138,metric/the_pile_gutenberg_pg_19_val_loss,1.0,False
138,metric/the_pile_pile_cc_val_loss,1.0,False
138,metric/the_pile_ubuntu_irc_val_loss,1.0,False
138,metric/the_pile_hackernews_val_loss,1.0,False
138,metric/the_pile_pubmed_abstracts_val_loss,1.0,False
138,metric/the_pile_uspto_backgrounds_val_loss,1.0,False
139,metric/the_pile_arxiv_val_loss,1.0,False
139,metric/the_pile_freelaw_val_loss,1.0,False
139,metric/the_pile_pubmed_central_val_loss,1.0,False
139,metric/the_pile_wikipedia_en_val_loss,1.0,False
139,metric/the_pile_dm_mathematics_val_loss,1.0,False
139,metric/the_pile_github_val_loss,1.0,False
139,metric/the_pile_stackexchange_val_loss,1.0,False
139,metric/the_pile_gutenberg_pg_19_val_loss,1.0,False
139,metric/the_pile_pile_cc_val_loss,1.0,False
139,metric/the_pile_ubuntu_irc_val_loss,1.0,False
139,metric/the_pile_hackernews_val_loss,1.0,False
139,metric/the_pile_pubmed_abstracts_val_loss,1.0,False
139,metric/the_pile_uspto_backgrounds_val_loss,1.0,False
140,metric/the_pile_arxiv_val_loss,1.0,False
140,metric/the_pile_freelaw_val_loss,1.0,False
140,metric/the_pile_pubmed_central_val_loss,1.0,False
140,metric/the_pile_wikipedia_en_val_loss,1.0,False
140,metric/the_pile_dm_mathematics_val_loss,1.0,False
140,metric/the_pile_github_val_loss,1.0,False
140,metric/the_pile_stackexchange_val_loss,1.0,False
140,metric/the_pile_gutenberg_pg_19_val_loss,1.0,False
140,metric/the_pile_pile_cc_val_loss,1.0,False
140,metric/the_pile_ubuntu_irc_val_loss,1.0,False
140,metric/the_pile_hackernews_val_loss,1.0,False
140,metric/the_pile_pubmed_abstracts_val_loss,1.0,False
140,metric/the_pile_uspto_backgrounds_val_loss,1.0,False
141,metric/the_pile_arxiv_val_loss,1.0,False
141,metric/the_pile_freelaw_val_loss,1.0,False
141,metric/the_pile_pubmed_central_val_loss,1.0,False
141,metric/the_pile_wikipedia_en_val_loss,1.0,False
141,metric/the_pile_dm_mathematics_val_loss,1.0,False
141,metric/the_pile_github_val_loss,1.0,False
141,metric/the_pile_stackexchange_val_loss,1.0,False
141,metric/the_pile_gutenberg_pg_19_val_loss,1.0,False
141,metric/the_pile_pile_cc_val_loss,1.0,False
141,metric/the_pile_ubuntu_irc_val_loss,1.0,False
141,metric/the_pile_hackernews_val_loss,1.0,False
141,metric/the_pile_pubmed_abstracts_val_loss,1.0,False
141,metric/the_pile_uspto_backgrounds_val_loss,1.0,False
142,metric/the_pile_arxiv_val_loss,1.0,False
142,metric/the_pile_freelaw_val_loss,1.0,False
142,metric/the_pile_pubmed_central_val_loss,1.0,False
142,metric/the_pile_wikipedia_en_val_loss,1.0,False
142,metric/the_pile_dm_mathematics_val_loss,1.0,False
142,metric/the_pile_github_val_loss,1.0,False
142,metric/the_pile_stackexchange_val_loss,1.0,False
142,metric/the_pile_gutenberg_pg_19_val_loss,1.0,False
142,metric/the_pile_pile_cc_val_loss,1.0,False
142,metric/the_pile_ubuntu_irc_val_loss,1.0,False
142,metric/the_pile_hackernews_val_loss,1.0,False
142,metric/the_pile_pubmed_abstracts_val_loss,1.0,False
142,metric/the_pile_uspto_backgrounds_val_loss,1.0,False
143,metric/the_pile_arxiv_val_loss,1.0,False
143,metric/the_pile_freelaw_val_loss,1.0,False
143,metric/the_pile_pubmed_central_val_loss,1.0,False
143,metric/the_pile_wikipedia_en_val_loss,1.0,False
143,metric/the_pile_dm_mathematics_val_loss,1.0,False
143,metric/the_pile_github_val_loss,1.0,False
143,metric/the_pile_stackexchange_val_loss,1.0,False
143,metric/the_pile_gutenberg_pg_19_val_loss,1.0,False
143,metric/the_pile_pile_cc_val_loss,1.0,False
143,metric/the_pile_ubuntu_irc_val_loss,1.0,False
143,metric/the_pile_hackernews_val_loss,1.0,False
143,metric/the_pile_pubmed_abstracts_val_loss,1.0,False
143,metric/the_pile_uspto_backgrounds_val_loss,1.0,False
144,metric/the_pile_arxiv_val_loss,1.0,False
144,metric/the_pile_freelaw_val_loss,1.0,False
144,metric/the_pile_pubmed_central_val_loss,1.0,False
144,metric/the_pile_wikipedia_en_val_loss,1.0,False
144,metric/the_pile_dm_mathematics_val_loss,1.0,False
144,metric/the_pile_github_val_loss,1.0,False
144,metric/the_pile_stackexchange_val_loss,1.0,False
144,metric/the_pile_gutenberg_pg_19_val_loss,1.0,False
144,metric/the_pile_pile_cc_val_loss,1.0,False
144,metric/the_pile_ubuntu_irc_val_loss,1.0,False
144,metric/the_pile_hackernews_val_loss,1.0,False
144,metric/the_pile_pubmed_abstracts_val_loss,1.0,False
144,metric/the_pile_uspto_backgrounds_val_loss,1.0,False
145,metric/the_pile_arxiv_val_loss,1.0,False
145,metric/the_pile_freelaw_val_loss,1.0,False
145,metric/the_pile_pubmed_central_val_loss,1.0,False
145,metric/the_pile_wikipedia_en_val_loss,1.0,False
145,metric/the_pile_dm_mathematics_val_loss,1.0,False
145,metric/the_pile_github_val_loss,1.0,False
145,metric/the_pile_stackexchange_val_loss,1.0,False
145,metric/the_pile_gutenberg_pg_19_val_loss,1.0,False
145,metric/the_pile_pile_cc_val_loss,1.0,False
145,metric/the_pile_ubuntu_irc_val_loss,1.0,False
145,metric/the_pile_hackernews_val_loss,1.0,False
145,metric/the_pile_pubmed_abstracts_val_loss,1.0,False
145,metric/the_pile_uspto_backgrounds_val_loss,1.0,False
146,metric/the_pile_arxiv_val_loss,1.0,False
146,metric/the_pile_freelaw_val_loss,1.0,False
146,metric/the_pile_pubmed_central_val_loss,1.0,False
146,metric/the_pile_wikipedia_en_val_loss,1.0,False
146,metric/the_pile_dm_mathematics_val_loss,1.0,False
146,metric/the_pile_github_val_loss,1.0,False
146,metric/the_pile_stackexchange_val_loss,1.0,False
146,metric/the_pile_gutenberg_pg_19_val_loss,1.0,False
146,metric/the_pile_pile_cc_val_loss,1.0,False
146,metric/the_pile_ubuntu_irc_val_loss,1.0,False
146,metric/the_pile_hackernews_val_loss,1.0,False
146,metric/the_pile_pubmed_abstracts_val_loss,1.0,False
146,metric/the_pile_uspto_backgrounds_val_loss,1.0,False
147,metric/the_pile_arxiv_val_loss,1.0,False
147,metric/the_pile_freelaw_val_loss,1.0,False
147,metric/the_pile_pubmed_central_val_loss,1.0,False
147,metric/the_pile_wikipedia_en_val_loss,1.0,False
147,metric/the_pile_dm_mathematics_val_loss,1.0,False
147,metric/the_pile_github_val_loss,1.0,False
147,metric/the_pile_stackexchange_val_loss,1.0,False
147,metric/the_pile_gutenberg_pg_19_val_loss,1.0,False
147,metric/the_pile_pile_cc_val_loss,1.0,False
147,metric/the_pile_ubuntu_irc_val_loss,1.0,False
147,metric/the_pile_hackernews_val_loss,0.8404250994197352,True
147,metric/the_pile_pubmed_abstracts_val_loss,1.0,False
147,metric/the_pile_uspto_backgrounds_val_loss,1.0,False
148,metric/the_pile_arxiv_val_loss,1.0,False
148,metric/the_pile_freelaw_val_loss,1.0,False
148,metric/the_pile_pubmed_central_val_loss,1.0,False
148,metric/the_pile_wikipedia_en_val_loss,1.0,False
148,metric/the_pile_dm_mathematics_val_loss,1.0,False
148,metric/the_pile_github_val_loss,1.0,False
148,metric/the_pile_stackexchange_val_loss,1.0,False
148,metric/the_pile_gutenberg_pg_19_val_loss,1.0,False
148,metric/the_pile_pile_cc_val_loss,1.0,False
148,metric/the_pile_ubuntu_irc_val_loss,1.0,False
148,metric/the_pile_hackernews_val_loss,1.0,False
148,metric/the_pile_pubmed_abstracts_val_loss,1.0,False
148,metric/the_pile_uspto_backgrounds_val_loss,1.0,False
149,metric/the_pile_arxiv_val_loss,1.0,False
149,metric/the_pile_freelaw_val_loss,1.0,False
149,metric/the_pile_pubmed_central_val_loss,1.0,False
149,metric/the_pile_wikipedia_en_val_loss,1.0,False
149,metric/the_pile_dm_mathematics_val_loss,1.0,False
149,metric/the_pile_github_val_loss,1.0,False
149,metric/the_pile_stackexchange_val_loss,1.0,False
149,metric/the_pile_gutenberg_pg_19_val_loss,1.0,False
149,metric/the_pile_pile_cc_val_loss,1.0,False
149,metric/the_pile_ubuntu_irc_val_loss,1.0,False
149,metric/the_pile_hackernews_val_loss,1.0,False
149,metric/the_pile_pubmed_abstracts_val_loss,1.0,False
149,metric/the_pile_uspto_backgrounds_val_loss,1.0,False
150,metric/the_pile_arxiv_val_loss,1.0,False
150,metric/the_pile_freelaw_val_loss,1.0,False
150,metric/the_pile_pubmed_central_val_loss,1.0,False
150,metric/the_pile_wikipedia_en_val_loss,1.0,False
150,metric/the_pile_dm_mathematics_val_loss,1.0,False
150,metric/the_pile_github_val_loss,0.8671968759534516,True
150,metric/the_pile_stackexchange_val_loss,0.8624107438656823,True
150,metric/the_pile_gutenberg_pg_19_val_loss,1.0,False
150,metric/the_pile_pile_cc_val_loss,1.0,False
150,metric/the_pile_ubuntu_irc_val_loss,1.0,False
150,metric/the_pile_hackernews_val_loss,1.0,False
150,metric/the_pile_pubmed_abstracts_val_loss,1.0,False
150,metric/the_pile_uspto_backgrounds_val_loss,1.0,False
151,metric/the_pile_arxiv_val_loss,1.0,False
151,metric/the_pile_freelaw_val_loss,1.0,False
151,metric/the_pile_pubmed_central_val_loss,1.0,False
151,metric/the_pile_wikipedia_en_val_loss,1.0,False
151,metric/the_pile_dm_mathematics_val_loss,1.0,False
151,metric/the_pile_github_val_loss,1.0,False
151,metric/the_pile_stackexchange_val_loss,1.0,False
151,metric/the_pile_gutenberg_pg_19_val_loss,1.0,False
151,metric/the_pile_pile_cc_val_loss,1.0,False
151,metric/the_pile_ubuntu_irc_val_loss,1.0,False
151,metric/the_pile_hackernews_val_loss,1.0,False
151,metric/the_pile_pubmed_abstracts_val_loss,1.0,False
151,metric/the_pile_uspto_backgrounds_val_loss,1.0,False
152,metric/the_pile_arxiv_val_loss,0.6860630396739827,True
152,metric/the_pile_freelaw_val_loss,1.0,False
152,metric/the_pile_pubmed_central_val_loss,1.0,False
152,metric/the_pile_wikipedia_en_val_loss,1.0,False
152,metric/the_pile_dm_mathematics_val_loss,1.0,False
152,metric/the_pile_github_val_loss,1.0,False
152,metric/the_pile_stackexchange_val_loss,1.0,False
152,metric/the_pile_gutenberg_pg_19_val_loss,1.0,False
152,metric/the_pile_pile_cc_val_loss,1.0,False
152,metric/the_pile_ubuntu_irc_val_loss,1.0,False
152,metric/the_pile_hackernews_val_loss,1.0,False
152,metric/the_pile_pubmed_abstracts_val_loss,1.0,False
152,metric/the_pile_uspto_backgrounds_val_loss,1.0,False
153,metric/the_pile_arxiv_val_loss,1.0,False
153,metric/the_pile_freelaw_val_loss,1.0,False
153,metric/the_pile_pubmed_central_val_loss,1.0,False
153,metric/the_pile_wikipedia_en_val_loss,1.0,False
153,metric/the_pile_dm_mathematics_val_loss,1.0,False
153,metric/the_pile_github_val_loss,1.0,False
153,metric/the_pile_stackexchange_val_loss,1.0,False
153,metric/the_pile_gutenberg_pg_19_val_loss,1.0,False
153,metric/the_pile_pile_cc_val_loss,1.0,False
153,metric/the_pile_ubuntu_irc_val_loss,1.0,False
153,metric/the_pile_hackernews_val_loss,1.0,False
153,metric/the_pile_pubmed_abstracts_val_loss,1.0,False
153,metric/the_pile_uspto_backgrounds_val_loss,1.0,False
154,metric/the_pile_arxiv_val_loss,1.0,False
154,metric/the_pile_freelaw_val_loss,1.0,False
154,metric/the_pile_pubmed_central_val_loss,1.0,False
154,metric/the_pile_wikipedia_en_val_loss,1.0,False
154,metric/the_pile_dm_mathematics_val_loss,1.0,False
154,metric/the_pile_github_val_loss,1.0,False
154,metric/the_pile_stackexchange_val_loss,1.0,False
154,metric/the_pile_gutenberg_pg_19_val_loss,1.0,False
154,metric/the_pile_pile_cc_val_loss,1.0,False
154,metric/the_pile_ubuntu_irc_val_loss,1.0,False
154,metric/the_pile_hackernews_val_loss,1.0,False
154,metric/the_pile_pubmed_abstracts_val_loss,1.0,False
154,metric/the_pile_uspto_backgrounds_val_loss,1.0,False
155,metric/the_pile_arxiv_val_loss,0.8185112967032955,True
155,metric/the_pile_freelaw_val_loss,1.0,False
155,metric/the_pile_pubmed_central_val_loss,1.0,False
155,metric/the_pile_wikipedia_en_val_loss,1.0,False
155,metric/the_pile_dm_mathematics_val_loss,1.0,False
155,metric/the_pile_github_val_loss,1.0,False
155,metric/the_pile_stackexchange_val_loss,1.0,False
155,metric/the_pile_gutenberg_pg_19_val_loss,1.0,False
155,metric/the_pile_pile_cc_val_loss,1.0,False
155,metric/the_pile_ubuntu_irc_val_loss,1.0,False
155,metric/the_pile_hackernews_val_loss,1.0,False
155,metric/the_pile_pubmed_abstracts_val_loss,1.0,False
155,metric/the_pile_uspto_backgrounds_val_loss,1.0,False
156,metric/the_pile_arxiv_val_loss,1.0,False
156,metric/the_pile_freelaw_val_loss,1.0,False
156,metric/the_pile_pubmed_central_val_loss,1.0,False
156,metric/the_pile_wikipedia_en_val_loss,1.0,False
156,metric/the_pile_dm_mathematics_val_loss,1.0,False
156,metric/the_pile_github_val_loss,1.0,False
156,metric/the_pile_stackexchange_val_loss,1.0,False
156,metric/the_pile_gutenberg_pg_19_val_loss,1.0,False
156,metric/the_pile_pile_cc_val_loss,1.0,False
156,metric/the_pile_ubuntu_irc_val_loss,1.0,False
156,metric/the_pile_hackernews_val_loss,1.0,False
156,metric/the_pile_pubmed_abstracts_val_loss,1.0,False
156,metric/the_pile_uspto_backgrounds_val_loss,1.0,False
157,metric/the_pile_arxiv_val_loss,1.0,False
157,metric/the_pile_freelaw_val_loss,1.0,False
157,metric/the_pile_pubmed_central_val_loss,1.0,False
157,metric/the_pile_wikipedia_en_val_loss,1.0,False
157,metric/the_pile_dm_mathematics_val_loss,1.0,False
157,metric/the_pile_github_val_loss,1.0,False
157,metric/the_pile_stackexchange_val_loss,1.0,False
157,metric/the_pile_gutenberg_pg_19_val_loss,1.0,False
157,metric/the_pile_pile_cc_val_loss,1.0,False
157,metric/the_pile_ubuntu_irc_val_loss,1.0,False
157,metric/the_pile_hackernews_val_loss,1.0,False
157,metric/the_pile_pubmed_abstracts_val_loss,1.0,False
157,metric/the_pile_uspto_backgrounds_val_loss,1.0,False
158,metric/the_pile_arxiv_val_loss,1.0,False
158,metric/the_pile_freelaw_val_loss,1.0,False
158,metric/the_pile_pubmed_central_val_loss,1.0,False
158,metric/the_pile_wikipedia_en_val_loss,1.0,False
158,metric/the_pile_dm_mathematics_val_loss,1.0,False
158,metric/the_pile_github_val_loss,1.0,False
158,metric/the_pile_stackexchange_val_loss,1.0,False
158,metric/the_pile_gutenberg_pg_19_val_loss,1.0,False
158,metric/the_pile_pile_cc_val_loss,1.0,False
158,metric/the_pile_ubuntu_irc_val_loss,1.0,False
158,metric/the_pile_hackernews_val_loss,1.0,False
158,metric/the_pile_pubmed_abstracts_val_loss,1.0,False
158,metric/the_pile_uspto_backgrounds_val_loss,1.0,False
159,metric/the_pile_arxiv_val_loss,1.0,False
159,metric/the_pile_freelaw_val_loss,1.0,False
159,metric/the_pile_pubmed_central_val_loss,1.0,False
159,metric/the_pile_wikipedia_en_val_loss,1.0,False
159,metric/the_pile_dm_mathematics_val_loss,1.0,False
159,metric/the_pile_github_val_loss,1.0,False
159,metric/the_pile_stackexchange_val_loss,1.0,False
159,metric/the_pile_gutenberg_pg_19_val_loss,1.0,False
159,metric/the_pile_pile_cc_val_loss,1.0,False
159,metric/the_pile_ubuntu_irc_val_loss,1.0,False
159,metric/the_pile_hackernews_val_loss,1.0,False
159,metric/the_pile_pubmed_abstracts_val_loss,1.0,False
159,metric/the_pile_uspto_backgrounds_val_loss,1.0,False
160,metric/the_pile_arxiv_val_loss,1.0,False
160,metric/the_pile_freelaw_val_loss,1.0,False
160,metric/the_pile_pubmed_central_val_loss,1.0,False
160,metric/the_pile_wikipedia_en_val_loss,1.0,False
160,metric/the_pile_dm_mathematics_val_loss,1.0,False
160,metric/the_pile_github_val_loss,1.0,False
160,metric/the_pile_stackexchange_val_loss,1.0,False
160,metric/the_pile_gutenberg_pg_19_val_loss,0.9475253950644681,True
160,metric/the_pile_pile_cc_val_loss,1.0,False
160,metric/the_pile_ubuntu_irc_val_loss,1.0,False
160,metric/the_pile_hackernews_val_loss,1.0,False
160,metric/the_pile_pubmed_abstracts_val_loss,1.0,False
160,metric/the_pile_uspto_backgrounds_val_loss,1.0,False
161,metric/the_pile_arxiv_val_loss,1.0,False
161,metric/the_pile_freelaw_val_loss,1.0,False
161,metric/the_pile_pubmed_central_val_loss,1.0,False
161,metric/the_pile_wikipedia_en_val_loss,1.0,False
161,metric/the_pile_dm_mathematics_val_loss,1.0,False
161,metric/the_pile_github_val_loss,1.0,False
161,metric/the_pile_stackexchange_val_loss,1.0,False
161,metric/the_pile_gutenberg_pg_19_val_loss,1.0,False
161,metric/the_pile_pile_cc_val_loss,1.0,False
161,metric/the_pile_ubuntu_irc_val_loss,1.0,False
161,metric/the_pile_hackernews_val_loss,1.0,False
161,metric/the_pile_pubmed_abstracts_val_loss,1.0,False
161,metric/the_pile_uspto_backgrounds_val_loss,1.0,False
162,metric/the_pile_arxiv_val_loss,1.0,False
162,metric/the_pile_freelaw_val_loss,1.0,False
162,metric/the_pile_pubmed_central_val_loss,1.0,False
162,metric/the_pile_wikipedia_en_val_loss,1.0,False
162,metric/the_pile_dm_mathematics_val_loss,1.0,False
162,metric/the_pile_github_val_loss,1.0,False
162,metric/the_pile_stackexchange_val_loss,1.0,False
162,metric/the_pile_gutenberg_pg_19_val_loss,1.0,False
162,metric/the_pile_pile_cc_val_loss,1.0,False
162,metric/the_pile_ubuntu_irc_val_loss,1.0,False
162,metric/the_pile_hackernews_val_loss,1.0,False
162,metric/the_pile_pubmed_abstracts_val_loss,1.0,False
162,metric/the_pile_uspto_backgrounds_val_loss,1.0,False
163,metric/the_pile_arxiv_val_loss,1.0,False
163,metric/the_pile_freelaw_val_loss,1.0,False
163,metric/the_pile_pubmed_central_val_loss,1.0,False
163,metric/the_pile_wikipedia_en_val_loss,1.0,False
163,metric/the_pile_dm_mathematics_val_loss,1.0,False
163,metric/the_pile_github_val_loss,0.9639792699219395,True
163,metric/the_pile_stackexchange_val_loss,1.0,False
163,metric/the_pile_gutenberg_pg_19_val_loss,1.0,False
163,metric/the_pile_pile_cc_val_loss,1.0,False
163,metric/the_pile_ubuntu_irc_val_loss,1.0,False
163,metric/the_pile_hackernews_val_loss,1.0,False
163,metric/the_pile_pubmed_abstracts_val_loss,1.0,False
163,metric/the_pile_uspto_backgrounds_val_loss,1.0,False
164,metric/the_pile_arxiv_val_loss,1.0,False
164,metric/the_pile_freelaw_val_loss,1.0,False
164,metric/the_pile_pubmed_central_val_loss,1.0,False
164,metric/the_pile_wikipedia_en_val_loss,1.0,False
164,metric/the_pile_dm_mathematics_val_loss,1.0,False
164,metric/the_pile_github_val_loss,1.0,False
164,metric/the_pile_stackexchange_val_loss,1.0,False
164,metric/the_pile_gutenberg_pg_19_val_loss,1.0,False
164,metric/the_pile_pile_cc_val_loss,1.0,False
164,metric/the_pile_ubuntu_irc_val_loss,1.0,False
164,metric/the_pile_hackernews_val_loss,1.0,False
164,metric/the_pile_pubmed_abstracts_val_loss,1.0,False
164,metric/the_pile_uspto_backgrounds_val_loss,1.0,False
165,metric/the_pile_arxiv_val_loss,1.0,False
165,metric/the_pile_freelaw_val_loss,1.0,False
165,metric/the_pile_pubmed_central_val_loss,1.0,False
165,metric/the_pile_wikipedia_en_val_loss,1.0,False
165,metric/the_pile_dm_mathematics_val_loss,1.0,False
165,metric/the_pile_github_val_loss,1.0,False
165,metric/the_pile_stackexchange_val_loss,1.0,False
165,metric/the_pile_gutenberg_pg_19_val_loss,1.0,False
165,metric/the_pile_pile_cc_val_loss,1.0,False
165,metric/the_pile_ubuntu_irc_val_loss,1.0,False
165,metric/the_pile_hackernews_val_loss,1.0,False
165,metric/the_pile_pubmed_abstracts_val_loss,1.0,False
165,metric/the_pile_uspto_backgrounds_val_loss,1.0,False
166,metric/the_pile_arxiv_val_loss,1.0,False
166,metric/the_pile_freelaw_val_loss,1.0,False
166,metric/the_pile_pubmed_central_val_loss,1.0,False
166,metric/the_pile_wikipedia_en_val_loss,1.0,False
166,metric/the_pile_dm_mathematics_val_loss,1.0,False
166,metric/the_pile_github_val_loss,1.0,False
166,metric/the_pile_stackexchange_val_loss,1.0,False
166,metric/the_pile_gutenberg_pg_19_val_loss,1.0,False
166,metric/the_pile_pile_cc_val_loss,1.0,False
166,metric/the_pile_ubuntu_irc_val_loss,1.0,False
166,metric/the_pile_hackernews_val_loss,1.0,False
166,metric/the_pile_pubmed_abstracts_val_loss,1.0,False
166,metric/the_pile_uspto_backgrounds_val_loss,1.0,False
167,metric/the_pile_arxiv_val_loss,1.0,False
167,metric/the_pile_freelaw_val_loss,1.0,False
167,metric/the_pile_pubmed_central_val_loss,1.0,False
167,metric/the_pile_wikipedia_en_val_loss,1.0,False
167,metric/the_pile_dm_mathematics_val_loss,1.0,False
167,metric/the_pile_github_val_loss,1.0,False
167,metric/the_pile_stackexchange_val_loss,1.0,False
167,metric/the_pile_gutenberg_pg_19_val_loss,1.0,False
167,metric/the_pile_pile_cc_val_loss,1.0,False
167,metric/the_pile_ubuntu_irc_val_loss,1.0,False
167,metric/the_pile_hackernews_val_loss,1.0,False
167,metric/the_pile_pubmed_abstracts_val_loss,1.0,False
167,metric/the_pile_uspto_backgrounds_val_loss,1.0,False
168,metric/the_pile_arxiv_val_loss,1.0,False
168,metric/the_pile_freelaw_val_loss,1.0,False
168,metric/the_pile_pubmed_central_val_loss,1.0,False
168,metric/the_pile_wikipedia_en_val_loss,1.0,False
168,metric/the_pile_dm_mathematics_val_loss,1.0,False
168,metric/the_pile_github_val_loss,1.0,False
168,metric/the_pile_stackexchange_val_loss,1.0,False
168,metric/the_pile_gutenberg_pg_19_val_loss,1.0,False
168,metric/the_pile_pile_cc_val_loss,1.0,False
168,metric/the_pile_ubuntu_irc_val_loss,1.0,False
168,metric/the_pile_hackernews_val_loss,1.0,False
168,metric/the_pile_pubmed_abstracts_val_loss,1.0,False
168,metric/the_pile_uspto_backgrounds_val_loss,1.0,False
169,metric/the_pile_arxiv_val_loss,1.0,False
169,metric/the_pile_freelaw_val_loss,1.0,False
169,metric/the_pile_pubmed_central_val_loss,1.0,False
169,metric/the_pile_wikipedia_en_val_loss,1.0,False
169,metric/the_pile_dm_mathematics_val_loss,1.0,False
169,metric/the_pile_github_val_loss,1.0,False
169,metric/the_pile_stackexchange_val_loss,1.0,False
169,metric/the_pile_gutenberg_pg_19_val_loss,1.0,False
169,metric/the_pile_pile_cc_val_loss,1.0,False
169,metric/the_pile_ubuntu_irc_val_loss,1.0,False
169,metric/the_pile_hackernews_val_loss,1.0,False
169,metric/the_pile_pubmed_abstracts_val_loss,1.0,False
169,metric/the_pile_uspto_backgrounds_val_loss,1.0,False
170,metric/the_pile_arxiv_val_loss,1.0,False
170,metric/the_pile_freelaw_val_loss,1.0,False
170,metric/the_pile_pubmed_central_val_loss,1.0,False
170,metric/the_pile_wikipedia_en_val_loss,1.0,False
170,metric/the_pile_dm_mathematics_val_loss,1.0,False
170,metric/the_pile_github_val_loss,1.0,False
170,metric/the_pile_stackexchange_val_loss,1.0,False
170,metric/the_pile_gutenberg_pg_19_val_loss,1.0,False
170,metric/the_pile_pile_cc_val_loss,1.0,False
170,metric/the_pile_ubuntu_irc_val_loss,1.0,False
170,metric/the_pile_hackernews_val_loss,1.0,False
170,metric/the_pile_pubmed_abstracts_val_loss,1.0,False
170,metric/the_pile_uspto_backgrounds_val_loss,1.0,False
171,metric/the_pile_arxiv_val_loss,0.6888341592433153,True
171,metric/the_pile_freelaw_val_loss,1.0,False
171,metric/the_pile_pubmed_central_val_loss,0.9334423740219708,True
171,metric/the_pile_wikipedia_en_val_loss,1.0,False
171,metric/the_pile_dm_mathematics_val_loss,1.0,False
171,metric/the_pile_github_val_loss,1.0,False
171,metric/the_pile_stackexchange_val_loss,1.0,False
171,metric/the_pile_gutenberg_pg_19_val_loss,1.0,False
171,metric/the_pile_pile_cc_val_loss,1.0,False
171,metric/the_pile_ubuntu_irc_val_loss,1.0,False
171,metric/the_pile_hackernews_val_loss,1.0,False
171,metric/the_pile_pubmed_abstracts_val_loss,1.0,False
171,metric/the_pile_uspto_backgrounds_val_loss,1.0,False
172,metric/the_pile_arxiv_val_loss,1.0,False
172,metric/the_pile_freelaw_val_loss,1.0,False
172,metric/the_pile_pubmed_central_val_loss,1.0,False
172,metric/the_pile_wikipedia_en_val_loss,1.0,False
172,metric/the_pile_dm_mathematics_val_loss,1.0,False
172,metric/the_pile_github_val_loss,1.0,False
172,metric/the_pile_stackexchange_val_loss,1.0,False
172,metric/the_pile_gutenberg_pg_19_val_loss,1.0,False
172,metric/the_pile_pile_cc_val_loss,1.0,False
172,metric/the_pile_ubuntu_irc_val_loss,1.0,False
172,metric/the_pile_hackernews_val_loss,1.0,False
172,metric/the_pile_pubmed_abstracts_val_loss,1.0,False
172,metric/the_pile_uspto_backgrounds_val_loss,1.0,False
173,metric/the_pile_arxiv_val_loss,1.0,False
173,metric/the_pile_freelaw_val_loss,1.0,False
173,metric/the_pile_pubmed_central_val_loss,1.0,False
173,metric/the_pile_wikipedia_en_val_loss,1.0,False
173,metric/the_pile_dm_mathematics_val_loss,1.0,False
173,metric/the_pile_github_val_loss,1.0,False
173,metric/the_pile_stackexchange_val_loss,1.0,False
173,metric/the_pile_gutenberg_pg_19_val_loss,1.0,False
173,metric/the_pile_pile_cc_val_loss,1.0,False
173,metric/the_pile_ubuntu_irc_val_loss,1.0,False
173,metric/the_pile_hackernews_val_loss,1.0,False
173,metric/the_pile_pubmed_abstracts_val_loss,1.0,False
173,metric/the_pile_uspto_backgrounds_val_loss,1.0,False
174,metric/the_pile_arxiv_val_loss,1.0,False
174,metric/the_pile_freelaw_val_loss,1.0,False
174,metric/the_pile_pubmed_central_val_loss,1.0,False
174,metric/the_pile_wikipedia_en_val_loss,1.0,False
174,metric/the_pile_dm_mathematics_val_loss,1.0,False
174,metric/the_pile_github_val_loss,1.0,False
174,metric/the_pile_stackexchange_val_loss,1.0,False
174,metric/the_pile_gutenberg_pg_19_val_loss,1.0,False
174,metric/the_pile_pile_cc_val_loss,1.0,False
174,metric/the_pile_ubuntu_irc_val_loss,1.0,False
174,metric/the_pile_hackernews_val_loss,1.0,False
174,metric/the_pile_pubmed_abstracts_val_loss,1.0,False
174,metric/the_pile_uspto_backgrounds_val_loss,1.0,False
175,metric/the_pile_arxiv_val_loss,1.0,False
175,metric/the_pile_freelaw_val_loss,1.0,False
175,metric/the_pile_pubmed_central_val_loss,1.0,False
175,metric/the_pile_wikipedia_en_val_loss,1.0,False
175,metric/the_pile_dm_mathematics_val_loss,1.0,False
175,metric/the_pile_github_val_loss,1.0,False
175,metric/the_pile_stackexchange_val_loss,1.0,False
175,metric/the_pile_gutenberg_pg_19_val_loss,1.0,False
175,metric/the_pile_pile_cc_val_loss,1.0,False
175,metric/the_pile_ubuntu_irc_val_loss,1.0,False
175,metric/the_pile_hackernews_val_loss,1.0,False
175,metric/the_pile_pubmed_abstracts_val_loss,1.0,False
175,metric/the_pile_uspto_backgrounds_val_loss,1.0,False
176,metric/the_pile_arxiv_val_loss,1.0,False
176,metric/the_pile_freelaw_val_loss,1.0,False
176,metric/the_pile_pubmed_central_val_loss,1.0,False
176,metric/the_pile_wikipedia_en_val_loss,1.0,False
176,metric/the_pile_dm_mathematics_val_loss,1.0,False
176,metric/the_pile_github_val_loss,1.0,False
176,metric/the_pile_stackexchange_val_loss,1.0,False
176,metric/the_pile_gutenberg_pg_19_val_loss,1.0,False
176,metric/the_pile_pile_cc_val_loss,1.0,False
176,metric/the_pile_ubuntu_irc_val_loss,1.0,False
176,metric/the_pile_hackernews_val_loss,1.0,False
176,metric/the_pile_pubmed_abstracts_val_loss,1.0,False
176,metric/the_pile_uspto_backgrounds_val_loss,1.0,False
177,metric/the_pile_arxiv_val_loss,1.0,False
177,metric/the_pile_freelaw_val_loss,1.0,False
177,metric/the_pile_pubmed_central_val_loss,1.0,False
177,metric/the_pile_wikipedia_en_val_loss,1.0,False
177,metric/the_pile_dm_mathematics_val_loss,1.0,False
177,metric/the_pile_github_val_loss,1.0,False
177,metric/the_pile_stackexchange_val_loss,1.0,False
177,metric/the_pile_gutenberg_pg_19_val_loss,1.0,False
177,metric/the_pile_pile_cc_val_loss,1.0,False
177,metric/the_pile_ubuntu_irc_val_loss,1.0,False
177,metric/the_pile_hackernews_val_loss,1.0,False
177,metric/the_pile_pubmed_abstracts_val_loss,1.0,False
177,metric/the_pile_uspto_backgrounds_val_loss,1.0,False
178,metric/the_pile_arxiv_val_loss,1.0,False
178,metric/the_pile_freelaw_val_loss,1.0,False
178,metric/the_pile_pubmed_central_val_loss,1.0,False
178,metric/the_pile_wikipedia_en_val_loss,1.0,False
178,metric/the_pile_dm_mathematics_val_loss,1.0,False
178,metric/the_pile_github_val_loss,1.0,False
178,metric/the_pile_stackexchange_val_loss,1.0,False
178,metric/the_pile_gutenberg_pg_19_val_loss,1.0,False
178,metric/the_pile_pile_cc_val_loss,1.0,False
178,metric/the_pile_ubuntu_irc_val_loss,1.0,False
178,metric/the_pile_hackernews_val_loss,1.0,False
178,metric/the_pile_pubmed_abstracts_val_loss,1.0,False
178,metric/the_pile_uspto_backgrounds_val_loss,1.0,False
179,metric/the_pile_arxiv_val_loss,1.0,False
179,metric/the_pile_freelaw_val_loss,1.0,False
179,metric/the_pile_pubmed_central_val_loss,1.0,False
179,metric/the_pile_wikipedia_en_val_loss,1.0,False
179,metric/the_pile_dm_mathematics_val_loss,1.0,False
179,metric/the_pile_github_val_loss,1.0,False
179,metric/the_pile_stackexchange_val_loss,1.0,False
179,metric/the_pile_gutenberg_pg_19_val_loss,1.0,False
179,metric/the_pile_pile_cc_val_loss,1.0,False
179,metric/the_pile_ubuntu_irc_val_loss,1.0,False
179,metric/the_pile_hackernews_val_loss,1.0,False
179,metric/the_pile_pubmed_abstracts_val_loss,1.0,False
179,metric/the_pile_uspto_backgrounds_val_loss,1.0,False
180,metric/the_pile_arxiv_val_loss,1.0,False
180,metric/the_pile_freelaw_val_loss,1.0,False
180,metric/the_pile_pubmed_central_val_loss,1.0,False
180,metric/the_pile_wikipedia_en_val_loss,1.0,False
180,metric/the_pile_dm_mathematics_val_loss,1.0,False
180,metric/the_pile_github_val_loss,1.0,False
180,metric/the_pile_stackexchange_val_loss,1.0,False
180,metric/the_pile_gutenberg_pg_19_val_loss,1.0,False
180,metric/the_pile_pile_cc_val_loss,1.0,False
180,metric/the_pile_ubuntu_irc_val_loss,1.0,False
180,metric/the_pile_hackernews_val_loss,1.0,False
180,metric/the_pile_pubmed_abstracts_val_loss,1.0,False
180,metric/the_pile_uspto_backgrounds_val_loss,1.0,False
181,metric/the_pile_arxiv_val_loss,1.0,False
181,metric/the_pile_freelaw_val_loss,1.0,False
181,metric/the_pile_pubmed_central_val_loss,1.0,False
181,metric/the_pile_wikipedia_en_val_loss,1.0,False
181,metric/the_pile_dm_mathematics_val_loss,1.0,False
181,metric/the_pile_github_val_loss,1.0,False
181,metric/the_pile_stackexchange_val_loss,1.0,False
181,metric/the_pile_gutenberg_pg_19_val_loss,1.0,False
181,metric/the_pile_pile_cc_val_loss,1.0,False
181,metric/the_pile_ubuntu_irc_val_loss,1.0,False
181,metric/the_pile_hackernews_val_loss,1.0,False
181,metric/the_pile_pubmed_abstracts_val_loss,1.0,False
181,metric/the_pile_uspto_backgrounds_val_loss,1.0,False
182,metric/the_pile_arxiv_val_loss,1.0,False
182,metric/the_pile_freelaw_val_loss,1.0,False
182,metric/the_pile_pubmed_central_val_loss,1.0,False
182,metric/the_pile_wikipedia_en_val_loss,1.0,False
182,metric/the_pile_dm_mathematics_val_loss,1.0,False
182,metric/the_pile_github_val_loss,1.0,False
182,metric/the_pile_stackexchange_val_loss,1.0,False
182,metric/the_pile_gutenberg_pg_19_val_loss,1.0,False
182,metric/the_pile_pile_cc_val_loss,1.0,False
182,metric/the_pile_ubuntu_irc_val_loss,1.0,False
182,metric/the_pile_hackernews_val_loss,1.0,False
182,metric/the_pile_pubmed_abstracts_val_loss,1.0,False
182,metric/the_pile_uspto_backgrounds_val_loss,1.0,False
183,metric/the_pile_arxiv_val_loss,1.0,False
183,metric/the_pile_freelaw_val_loss,1.0,False
183,metric/the_pile_pubmed_central_val_loss,1.0,False
183,metric/the_pile_wikipedia_en_val_loss,1.0,False
183,metric/the_pile_dm_mathematics_val_loss,1.0,False
183,metric/the_pile_github_val_loss,1.0,False
183,metric/the_pile_stackexchange_val_loss,1.0,False
183,metric/the_pile_gutenberg_pg_19_val_loss,1.0,False
183,metric/the_pile_pile_cc_val_loss,1.0,False
183,metric/the_pile_ubuntu_irc_val_loss,1.0,False
183,metric/the_pile_hackernews_val_loss,1.0,False
183,metric/the_pile_pubmed_abstracts_val_loss,1.0,False
183,metric/the_pile_uspto_backgrounds_val_loss,1.0,False
184,metric/the_pile_arxiv_val_loss,1.0,False
184,metric/the_pile_freelaw_val_loss,1.0,False
184,metric/the_pile_pubmed_central_val_loss,1.0,False
184,metric/the_pile_wikipedia_en_val_loss,1.0,False
184,metric/the_pile_dm_mathematics_val_loss,1.0,False
184,metric/the_pile_github_val_loss,1.0,False
184,metric/the_pile_stackexchange_val_loss,1.0,False
184,metric/the_pile_gutenberg_pg_19_val_loss,1.0,False
184,metric/the_pile_pile_cc_val_loss,1.0,False
184,metric/the_pile_ubuntu_irc_val_loss,1.0,False
184,metric/the_pile_hackernews_val_loss,1.0,False
184,metric/the_pile_pubmed_abstracts_val_loss,1.0,False
184,metric/the_pile_uspto_backgrounds_val_loss,1.0,False
185,metric/the_pile_arxiv_val_loss,1.0,False
185,metric/the_pile_freelaw_val_loss,1.0,False
185,metric/the_pile_pubmed_central_val_loss,1.0,False
185,metric/the_pile_wikipedia_en_val_loss,1.0,False
185,metric/the_pile_dm_mathematics_val_loss,1.0,False
185,metric/the_pile_github_val_loss,1.0,False
185,metric/the_pile_stackexchange_val_loss,1.0,False
185,metric/the_pile_gutenberg_pg_19_val_loss,1.0,False
185,metric/the_pile_pile_cc_val_loss,1.0,False
185,metric/the_pile_ubuntu_irc_val_loss,1.0,False
185,metric/the_pile_hackernews_val_loss,1.0,False
185,metric/the_pile_pubmed_abstracts_val_loss,1.0,False
185,metric/the_pile_uspto_backgrounds_val_loss,1.0,False
186,metric/the_pile_arxiv_val_loss,1.0,False
186,metric/the_pile_freelaw_val_loss,1.0,False
186,metric/the_pile_pubmed_central_val_loss,1.0,False
186,metric/the_pile_wikipedia_en_val_loss,1.0,False
186,metric/the_pile_dm_mathematics_val_loss,1.0,False
186,metric/the_pile_github_val_loss,1.0,False
186,metric/the_pile_stackexchange_val_loss,1.0,False
186,metric/the_pile_gutenberg_pg_19_val_loss,1.0,False
186,metric/the_pile_pile_cc_val_loss,1.0,False
186,metric/the_pile_ubuntu_irc_val_loss,1.0,False
186,metric/the_pile_hackernews_val_loss,1.0,False
186,metric/the_pile_pubmed_abstracts_val_loss,1.0,False
186,metric/the_pile_uspto_backgrounds_val_loss,1.0,False
187,metric/the_pile_arxiv_val_loss,1.0,False
187,metric/the_pile_freelaw_val_loss,1.0,False
187,metric/the_pile_pubmed_central_val_loss,1.0,False
187,metric/the_pile_wikipedia_en_val_loss,1.0,False
187,metric/the_pile_dm_mathematics_val_loss,1.0,False
187,metric/the_pile_github_val_loss,1.0,False
187,metric/the_pile_stackexchange_val_loss,1.0,False
187,metric/the_pile_gutenberg_pg_19_val_loss,1.0,False
187,metric/the_pile_pile_cc_val_loss,1.0,False
187,metric/the_pile_ubuntu_irc_val_loss,1.0,False
187,metric/the_pile_hackernews_val_loss,1.0,False
187,metric/the_pile_pubmed_abstracts_val_loss,1.0,False
187,metric/the_pile_uspto_backgrounds_val_loss,1.0,False
188,metric/the_pile_arxiv_val_loss,1.0,False
188,metric/the_pile_freelaw_val_loss,1.0,False
188,metric/the_pile_pubmed_central_val_loss,1.0,False
188,metric/the_pile_wikipedia_en_val_loss,1.0,False
188,metric/the_pile_dm_mathematics_val_loss,1.0,False
188,metric/the_pile_github_val_loss,1.0,False
188,metric/the_pile_stackexchange_val_loss,1.0,False
188,metric/the_pile_gutenberg_pg_19_val_loss,1.0,False
188,metric/the_pile_pile_cc_val_loss,1.0,False
188,metric/the_pile_ubuntu_irc_val_loss,1.0,False
188,metric/the_pile_hackernews_val_loss,1.0,False
188,metric/the_pile_pubmed_abstracts_val_loss,1.0,False
188,metric/the_pile_uspto_backgrounds_val_loss,1.0,False
189,metric/the_pile_arxiv_val_loss,1.0,False
189,metric/the_pile_freelaw_val_loss,1.0,False
189,metric/the_pile_pubmed_central_val_loss,1.0,False
189,metric/the_pile_wikipedia_en_val_loss,1.0,False
189,metric/the_pile_dm_mathematics_val_loss,1.0,False
189,metric/the_pile_github_val_loss,1.0,False
189,metric/the_pile_stackexchange_val_loss,1.0,False
189,metric/the_pile_gutenberg_pg_19_val_loss,1.0,False
189,metric/the_pile_pile_cc_val_loss,1.0,False
189,metric/the_pile_ubuntu_irc_val_loss,1.0,False
189,metric/the_pile_hackernews_val_loss,1.0,False
189,metric/the_pile_pubmed_abstracts_val_loss,1.0,False
189,metric/the_pile_uspto_backgrounds_val_loss,1.0,False
190,metric/the_pile_arxiv_val_loss,1.0,False
190,metric/the_pile_freelaw_val_loss,1.0,False
190,metric/the_pile_pubmed_central_val_loss,1.0,False
190,metric/the_pile_wikipedia_en_val_loss,1.0,False
190,metric/the_pile_dm_mathematics_val_loss,1.0,False
190,metric/the_pile_github_val_loss,1.0,False
190,metric/the_pile_stackexchange_val_loss,1.0,False
190,metric/the_pile_gutenberg_pg_19_val_loss,1.0,False
190,metric/the_pile_pile_cc_val_loss,1.0,False
190,metric/the_pile_ubuntu_irc_val_loss,1.0,False
190,metric/the_pile_hackernews_val_loss,1.0,False
190,metric/the_pile_pubmed_abstracts_val_loss,1.0,False
190,metric/the_pile_uspto_backgrounds_val_loss,1.0,False
191,metric/the_pile_arxiv_val_loss,0.7314054528907772,True
191,metric/the_pile_freelaw_val_loss,1.0,False
191,metric/the_pile_pubmed_central_val_loss,1.0,False
191,metric/the_pile_wikipedia_en_val_loss,1.0,False
191,metric/the_pile_dm_mathematics_val_loss,1.0,False
191,metric/the_pile_github_val_loss,1.0,False
191,metric/the_pile_stackexchange_val_loss,1.0,False
191,metric/the_pile_gutenberg_pg_19_val_loss,1.0,False
191,metric/the_pile_pile_cc_val_loss,1.0,False
191,metric/the_pile_ubuntu_irc_val_loss,1.0,False
191,metric/the_pile_hackernews_val_loss,1.0,False
191,metric/the_pile_pubmed_abstracts_val_loss,1.0,False
191,metric/the_pile_uspto_backgrounds_val_loss,1.0,False
192,metric/the_pile_arxiv_val_loss,0.610232381611972,True
192,metric/the_pile_freelaw_val_loss,1.0,False
192,metric/the_pile_pubmed_central_val_loss,1.0,False
192,metric/the_pile_wikipedia_en_val_loss,1.0,False
192,metric/the_pile_dm_mathematics_val_loss,1.0,False
192,metric/the_pile_github_val_loss,1.0,False
192,metric/the_pile_stackexchange_val_loss,1.0,False
192,metric/the_pile_gutenberg_pg_19_val_loss,1.0,False
192,metric/the_pile_pile_cc_val_loss,1.0,False
192,metric/the_pile_ubuntu_irc_val_loss,1.0,False
192,metric/the_pile_hackernews_val_loss,1.0,False
192,metric/the_pile_pubmed_abstracts_val_loss,1.0,False
192,metric/the_pile_uspto_backgrounds_val_loss,1.0,False
193,metric/the_pile_arxiv_val_loss,1.0,False
193,metric/the_pile_freelaw_val_loss,1.0,False
193,metric/the_pile_pubmed_central_val_loss,1.0,False
193,metric/the_pile_wikipedia_en_val_loss,1.0,False
193,metric/the_pile_dm_mathematics_val_loss,1.0,False
193,metric/the_pile_github_val_loss,1.0,False
193,metric/the_pile_stackexchange_val_loss,1.0,False
193,metric/the_pile_gutenberg_pg_19_val_loss,1.0,False
193,metric/the_pile_pile_cc_val_loss,1.0,False
193,metric/the_pile_ubuntu_irc_val_loss,1.0,False
193,metric/the_pile_hackernews_val_loss,1.0,False
193,metric/the_pile_pubmed_abstracts_val_loss,1.0,False
193,metric/the_pile_uspto_backgrounds_val_loss,1.0,False
194,metric/the_pile_arxiv_val_loss,1.0,False
194,metric/the_pile_freelaw_val_loss,1.0,False
194,metric/the_pile_pubmed_central_val_loss,1.0,False
194,metric/the_pile_wikipedia_en_val_loss,1.0,False
194,metric/the_pile_dm_mathematics_val_loss,1.0,False
194,metric/the_pile_github_val_loss,1.0,False
194,metric/the_pile_stackexchange_val_loss,1.0,False
194,metric/the_pile_gutenberg_pg_19_val_loss,1.0,False
194,metric/the_pile_pile_cc_val_loss,1.0,False
194,metric/the_pile_ubuntu_irc_val_loss,1.0,False
194,metric/the_pile_hackernews_val_loss,1.0,False
194,metric/the_pile_pubmed_abstracts_val_loss,1.0,False
194,metric/the_pile_uspto_backgrounds_val_loss,1.0,False
195,metric/the_pile_arxiv_val_loss,1.0,False
195,metric/the_pile_freelaw_val_loss,1.0,False
195,metric/the_pile_pubmed_central_val_loss,1.0,False
195,metric/the_pile_wikipedia_en_val_loss,1.0,False
195,metric/the_pile_dm_mathematics_val_loss,1.0,False
195,metric/the_pile_github_val_loss,1.0,False
195,metric/the_pile_stackexchange_val_loss,1.0,False
195,metric/the_pile_gutenberg_pg_19_val_loss,1.0,False
195,metric/the_pile_pile_cc_val_loss,1.0,False
195,metric/the_pile_ubuntu_irc_val_loss,1.0,False
195,metric/the_pile_hackernews_val_loss,1.0,False
195,metric/the_pile_pubmed_abstracts_val_loss,1.0,False
195,metric/the_pile_uspto_backgrounds_val_loss,1.0,False
196,metric/the_pile_arxiv_val_loss,1.0,False
196,metric/the_pile_freelaw_val_loss,1.0,False
196,metric/the_pile_pubmed_central_val_loss,1.0,False
196,metric/the_pile_wikipedia_en_val_loss,1.0,False
196,metric/the_pile_dm_mathematics_val_loss,1.0,False
196,metric/the_pile_github_val_loss,1.0,False
196,metric/the_pile_stackexchange_val_loss,1.0,False
196,metric/the_pile_gutenberg_pg_19_val_loss,1.0,False
196,metric/the_pile_pile_cc_val_loss,1.0,False
196,metric/the_pile_ubuntu_irc_val_loss,1.0,False
196,metric/the_pile_hackernews_val_loss,1.0,False
196,metric/the_pile_pubmed_abstracts_val_loss,1.0,False
196,metric/the_pile_uspto_backgrounds_val_loss,1.0,False
197,metric/the_pile_arxiv_val_loss,1.0,False
197,metric/the_pile_freelaw_val_loss,1.0,False
197,metric/the_pile_pubmed_central_val_loss,1.0,False
197,metric/the_pile_wikipedia_en_val_loss,1.0,False
197,metric/the_pile_dm_mathematics_val_loss,1.0,False
197,metric/the_pile_github_val_loss,1.0,False
197,metric/the_pile_stackexchange_val_loss,1.0,False
197,metric/the_pile_gutenberg_pg_19_val_loss,1.0,False
197,metric/the_pile_pile_cc_val_loss,1.0,False
197,metric/the_pile_ubuntu_irc_val_loss,1.0,False
197,metric/the_pile_hackernews_val_loss,1.0,False
197,metric/the_pile_pubmed_abstracts_val_loss,1.0,False
197,metric/the_pile_uspto_backgrounds_val_loss,1.0,False
198,metric/the_pile_arxiv_val_loss,1.0,False
198,metric/the_pile_freelaw_val_loss,1.0,False
198,metric/the_pile_pubmed_central_val_loss,1.0,False
198,metric/the_pile_wikipedia_en_val_loss,1.0,False
198,metric/the_pile_dm_mathematics_val_loss,1.0,False
198,metric/the_pile_github_val_loss,1.0,False
198,metric/the_pile_stackexchange_val_loss,1.0,False
198,metric/the_pile_gutenberg_pg_19_val_loss,1.0,False
198,metric/the_pile_pile_cc_val_loss,1.0,False
198,metric/the_pile_ubuntu_irc_val_loss,1.0,False
198,metric/the_pile_hackernews_val_loss,1.0,False
198,metric/the_pile_pubmed_abstracts_val_loss,1.0,False
198,metric/the_pile_uspto_backgrounds_val_loss,1.0,False
199,metric/the_pile_arxiv_val_loss,1.0,False
199,metric/the_pile_freelaw_val_loss,1.0,False
199,metric/the_pile_pubmed_central_val_loss,1.0,False
199,metric/the_pile_wikipedia_en_val_loss,1.0,False
199,metric/the_pile_dm_mathematics_val_loss,1.0,False
199,metric/the_pile_github_val_loss,1.0,False
199,metric/the_pile_stackexchange_val_loss,1.0,False
199,metric/the_pile_gutenberg_pg_19_val_loss,1.0,False
199,metric/the_pile_pile_cc_val_loss,1.0,False
199,metric/the_pile_ubuntu_irc_val_loss,1.0,False
199,metric/the_pile_hackernews_val_loss,1.0,False
199,metric/the_pile_pubmed_abstracts_val_loss,1.0,False
199,metric/the_pile_uspto_backgrounds_val_loss,1.0,False
200,metric/the_pile_arxiv_val_loss,1.0,False
200,metric/the_pile_freelaw_val_loss,1.0,False
200,metric/the_pile_pubmed_central_val_loss,1.0,False
200,metric/the_pile_wikipedia_en_val_loss,1.0,False
200,metric/the_pile_dm_mathematics_val_loss,1.0,False
200,metric/the_pile_github_val_loss,1.0,False
200,metric/the_pile_stackexchange_val_loss,1.0,False
200,metric/the_pile_gutenberg_pg_19_val_loss,1.0,False
200,metric/the_pile_pile_cc_val_loss,1.0,False
200,metric/the_pile_ubuntu_irc_val_loss,1.0,False
200,metric/the_pile_hackernews_val_loss,1.0,False
200,metric/the_pile_pubmed_abstracts_val_loss,1.0,False
200,metric/the_pile_uspto_backgrounds_val_loss,1.0,False
201,metric/the_pile_arxiv_val_loss,1.0,False
201,metric/the_pile_freelaw_val_loss,1.0,False
201,metric/the_pile_pubmed_central_val_loss,1.0,False
201,metric/the_pile_wikipedia_en_val_loss,1.0,False
201,metric/the_pile_dm_mathematics_val_loss,1.0,False
201,metric/the_pile_github_val_loss,1.0,False
201,metric/the_pile_stackexchange_val_loss,1.0,False
201,metric/the_pile_gutenberg_pg_19_val_loss,1.0,False
201,metric/the_pile_pile_cc_val_loss,1.0,False
201,metric/the_pile_ubuntu_irc_val_loss,1.0,False
201,metric/the_pile_hackernews_val_loss,1.0,False
201,metric/the_pile_pubmed_abstracts_val_loss,1.0,False
201,metric/the_pile_uspto_backgrounds_val_loss,1.0,False
202,metric/the_pile_arxiv_val_loss,1.0,False
202,metric/the_pile_freelaw_val_loss,1.0,False
202,metric/the_pile_pubmed_central_val_loss,1.0,False
202,metric/the_pile_wikipedia_en_val_loss,1.0,False
202,metric/the_pile_dm_mathematics_val_loss,1.0,False
202,metric/the_pile_github_val_loss,1.0,False
202,metric/the_pile_stackexchange_val_loss,1.0,False
202,metric/the_pile_gutenberg_pg_19_val_loss,1.0,False
202,metric/the_pile_pile_cc_val_loss,1.0,False
202,metric/the_pile_ubuntu_irc_val_loss,1.0,False
202,metric/the_pile_hackernews_val_loss,1.0,False
202,metric/the_pile_pubmed_abstracts_val_loss,1.0,False
202,metric/the_pile_uspto_backgrounds_val_loss,1.0,False
203,metric/the_pile_arxiv_val_loss,1.0,False
203,metric/the_pile_freelaw_val_loss,1.0,False
203,metric/the_pile_pubmed_central_val_loss,1.0,False
203,metric/the_pile_wikipedia_en_val_loss,1.0,False
203,metric/the_pile_dm_mathematics_val_loss,1.0,False
203,metric/the_pile_github_val_loss,1.0,False
203,metric/the_pile_stackexchange_val_loss,1.0,False
203,metric/the_pile_gutenberg_pg_19_val_loss,1.0,False
203,metric/the_pile_pile_cc_val_loss,1.0,False
203,metric/the_pile_ubuntu_irc_val_loss,1.0,False
203,metric/the_pile_hackernews_val_loss,1.0,False
203,metric/the_pile_pubmed_abstracts_val_loss,1.0,False
203,metric/the_pile_uspto_backgrounds_val_loss,1.0,False
204,metric/the_pile_arxiv_val_loss,1.0,False
204,metric/the_pile_freelaw_val_loss,1.0,False
204,metric/the_pile_pubmed_central_val_loss,1.0,False
204,metric/the_pile_wikipedia_en_val_loss,1.0,False
204,metric/the_pile_dm_mathematics_val_loss,1.0,False
204,metric/the_pile_github_val_loss,1.0,False
204,metric/the_pile_stackexchange_val_loss,1.0,False
204,metric/the_pile_gutenberg_pg_19_val_loss,1.0,False
204,metric/the_pile_pile_cc_val_loss,1.0,False
204,metric/the_pile_ubuntu_irc_val_loss,1.0,False
204,metric/the_pile_hackernews_val_loss,1.0,False
204,metric/the_pile_pubmed_abstracts_val_loss,1.0,False
204,metric/the_pile_uspto_backgrounds_val_loss,1.0,False
205,metric/the_pile_arxiv_val_loss,1.0,False
205,metric/the_pile_freelaw_val_loss,1.0,False
205,metric/the_pile_pubmed_central_val_loss,1.0,False
205,metric/the_pile_wikipedia_en_val_loss,1.0,False
205,metric/the_pile_dm_mathematics_val_loss,1.0,False
205,metric/the_pile_github_val_loss,1.0,False
205,metric/the_pile_stackexchange_val_loss,1.0,False
205,metric/the_pile_gutenberg_pg_19_val_loss,1.0,False
205,metric/the_pile_pile_cc_val_loss,1.0,False
205,metric/the_pile_ubuntu_irc_val_loss,1.0,False
205,metric/the_pile_hackernews_val_loss,1.0,False
205,metric/the_pile_pubmed_abstracts_val_loss,1.0,False
205,metric/the_pile_uspto_backgrounds_val_loss,1.0,False
206,metric/the_pile_arxiv_val_loss,1.0,False
206,metric/the_pile_freelaw_val_loss,1.0,False
206,metric/the_pile_pubmed_central_val_loss,1.0,False
206,metric/the_pile_wikipedia_en_val_loss,1.0,False
206,metric/the_pile_dm_mathematics_val_loss,1.0,False
206,metric/the_pile_github_val_loss,1.0,False
206,metric/the_pile_stackexchange_val_loss,1.0,False
206,metric/the_pile_gutenberg_pg_19_val_loss,1.0,False
206,metric/the_pile_pile_cc_val_loss,1.0,False
206,metric/the_pile_ubuntu_irc_val_loss,1.0,False
206,metric/the_pile_hackernews_val_loss,1.0,False
206,metric/the_pile_pubmed_abstracts_val_loss,1.0,False
206,metric/the_pile_uspto_backgrounds_val_loss,1.0,False
207,metric/the_pile_arxiv_val_loss,1.0,False
207,metric/the_pile_freelaw_val_loss,1.0,False
207,metric/the_pile_pubmed_central_val_loss,1.0,False
207,metric/the_pile_wikipedia_en_val_loss,1.0,False
207,metric/the_pile_dm_mathematics_val_loss,1.0,False
207,metric/the_pile_github_val_loss,0.8877137731022998,True
207,metric/the_pile_stackexchange_val_loss,0.9426367578295419,True
207,metric/the_pile_gutenberg_pg_19_val_loss,1.0,False
207,metric/the_pile_pile_cc_val_loss,1.0,False
207,metric/the_pile_ubuntu_irc_val_loss,1.0,False
207,metric/the_pile_hackernews_val_loss,1.0,False
207,metric/the_pile_pubmed_abstracts_val_loss,1.0,False
207,metric/the_pile_uspto_backgrounds_val_loss,1.0,False
208,metric/the_pile_arxiv_val_loss,1.0,False
208,metric/the_pile_freelaw_val_loss,1.0,False
208,metric/the_pile_pubmed_central_val_loss,1.0,False
208,metric/the_pile_wikipedia_en_val_loss,1.0,False
208,metric/the_pile_dm_mathematics_val_loss,1.0,False
208,metric/the_pile_github_val_loss,1.0,False
208,metric/the_pile_stackexchange_val_loss,1.0,False
208,metric/the_pile_gutenberg_pg_19_val_loss,1.0,False
208,metric/the_pile_pile_cc_val_loss,1.0,False
208,metric/the_pile_ubuntu_irc_val_loss,1.0,False
208,metric/the_pile_hackernews_val_loss,1.0,False
208,metric/the_pile_pubmed_abstracts_val_loss,1.0,False
208,metric/the_pile_uspto_backgrounds_val_loss,1.0,False
209,metric/the_pile_arxiv_val_loss,1.0,False
209,metric/the_pile_freelaw_val_loss,1.0,False
209,metric/the_pile_pubmed_central_val_loss,1.0,False
209,metric/the_pile_wikipedia_en_val_loss,1.0,False
209,metric/the_pile_dm_mathematics_val_loss,1.0,False
209,metric/the_pile_github_val_loss,1.0,False
209,metric/the_pile_stackexchange_val_loss,1.0,False
209,metric/the_pile_gutenberg_pg_19_val_loss,1.0,False
209,metric/the_pile_pile_cc_val_loss,1.0,False
209,metric/the_pile_ubuntu_irc_val_loss,1.0,False
209,metric/the_pile_hackernews_val_loss,1.0,False
209,metric/the_pile_pubmed_abstracts_val_loss,1.0,False
209,metric/the_pile_uspto_backgrounds_val_loss,1.0,False
210,metric/the_pile_arxiv_val_loss,1.0,False
210,metric/the_pile_freelaw_val_loss,1.0,False
210,metric/the_pile_pubmed_central_val_loss,1.0,False
210,metric/the_pile_wikipedia_en_val_loss,1.0,False
210,metric/the_pile_dm_mathematics_val_loss,1.0,False
210,metric/the_pile_github_val_loss,1.0,False
210,metric/the_pile_stackexchange_val_loss,1.0,False
210,metric/the_pile_gutenberg_pg_19_val_loss,1.0,False
210,metric/the_pile_pile_cc_val_loss,1.0,False
210,metric/the_pile_ubuntu_irc_val_loss,1.0,False
210,metric/the_pile_hackernews_val_loss,1.0,False
210,metric/the_pile_pubmed_abstracts_val_loss,1.0,False
210,metric/the_pile_uspto_backgrounds_val_loss,1.0,False
211,metric/the_pile_arxiv_val_loss,1.0,False
211,metric/the_pile_freelaw_val_loss,1.0,False
211,metric/the_pile_pubmed_central_val_loss,1.0,False
211,metric/the_pile_wikipedia_en_val_loss,1.0,False
211,metric/the_pile_dm_mathematics_val_loss,1.0,False
211,metric/the_pile_github_val_loss,1.0,False
211,metric/the_pile_stackexchange_val_loss,1.0,False
211,metric/the_pile_gutenberg_pg_19_val_loss,1.0,False
211,metric/the_pile_pile_cc_val_loss,1.0,False
211,metric/the_pile_ubuntu_irc_val_loss,0.9688649678963035,True
211,metric/the_pile_hackernews_val_loss,1.0,False
211,metric/the_pile_pubmed_abstracts_val_loss,1.0,False
211,metric/the_pile_uspto_backgrounds_val_loss,1.0,False
212,metric/the_pile_arxiv_val_loss,1.0,False
212,metric/the_pile_freelaw_val_loss,1.0,False
212,metric/the_pile_pubmed_central_val_loss,1.0,False
212,metric/the_pile_wikipedia_en_val_loss,1.0,False
212,metric/the_pile_dm_mathematics_val_loss,1.0,False
212,metric/the_pile_github_val_loss,1.0,False
212,metric/the_pile_stackexchange_val_loss,1.0,False
212,metric/the_pile_gutenberg_pg_19_val_loss,1.0,False
212,metric/the_pile_pile_cc_val_loss,1.0,False
212,metric/the_pile_ubuntu_irc_val_loss,1.0,False
212,metric/the_pile_hackernews_val_loss,1.0,False
212,metric/the_pile_pubmed_abstracts_val_loss,1.0,False
212,metric/the_pile_uspto_backgrounds_val_loss,1.0,False
213,metric/the_pile_arxiv_val_loss,1.0,False
213,metric/the_pile_freelaw_val_loss,1.0,False
213,metric/the_pile_pubmed_central_val_loss,1.0,False
213,metric/the_pile_wikipedia_en_val_loss,1.0,False
213,metric/the_pile_dm_mathematics_val_loss,1.0,False
213,metric/the_pile_github_val_loss,1.0,False
213,metric/the_pile_stackexchange_val_loss,1.0,False
213,metric/the_pile_gutenberg_pg_19_val_loss,1.0,False
213,metric/the_pile_pile_cc_val_loss,1.0,False
213,metric/the_pile_ubuntu_irc_val_loss,1.0,False
213,metric/the_pile_hackernews_val_loss,1.0,False
213,metric/the_pile_pubmed_abstracts_val_loss,1.0,False
213,metric/the_pile_uspto_backgrounds_val_loss,1.0,False
214,metric/the_pile_arxiv_val_loss,1.0,False
214,metric/the_pile_freelaw_val_loss,1.0,False
214,metric/the_pile_pubmed_central_val_loss,1.0,False
214,metric/the_pile_wikipedia_en_val_loss,1.0,False
214,metric/the_pile_dm_mathematics_val_loss,1.0,False
214,metric/the_pile_github_val_loss,1.0,False
214,metric/the_pile_stackexchange_val_loss,1.0,False
214,metric/the_pile_gutenberg_pg_19_val_loss,1.0,False
214,metric/the_pile_pile_cc_val_loss,1.0,False
214,metric/the_pile_ubuntu_irc_val_loss,1.0,False
214,metric/the_pile_hackernews_val_loss,1.0,False
214,metric/the_pile_pubmed_abstracts_val_loss,1.0,False
214,metric/the_pile_uspto_backgrounds_val_loss,1.0,False
215,metric/the_pile_arxiv_val_loss,1.0,False
215,metric/the_pile_freelaw_val_loss,1.0,False
215,metric/the_pile_pubmed_central_val_loss,1.0,False
215,metric/the_pile_wikipedia_en_val_loss,1.0,False
215,metric/the_pile_dm_mathematics_val_loss,1.0,False
215,metric/the_pile_github_val_loss,1.0,False
215,metric/the_pile_stackexchange_val_loss,1.0,False
215,metric/the_pile_gutenberg_pg_19_val_loss,1.0,False
215,metric/the_pile_pile_cc_val_loss,1.0,False
215,metric/the_pile_ubuntu_irc_val_loss,1.0,False
215,metric/the_pile_hackernews_val_loss,1.0,False
215,metric/the_pile_pubmed_abstracts_val_loss,1.0,False
215,metric/the_pile_uspto_backgrounds_val_loss,1.0,False
216,metric/the_pile_arxiv_val_loss,1.0,False
216,metric/the_pile_freelaw_val_loss,1.0,False
216,metric/the_pile_pubmed_central_val_loss,1.0,False
216,metric/the_pile_wikipedia_en_val_loss,1.0,False
216,metric/the_pile_dm_mathematics_val_loss,1.0,False
216,metric/the_pile_github_val_loss,1.0,False
216,metric/the_pile_stackexchange_val_loss,1.0,False
216,metric/the_pile_gutenberg_pg_19_val_loss,1.0,False
216,metric/the_pile_pile_cc_val_loss,1.0,False
216,metric/the_pile_ubuntu_irc_val_loss,1.0,False
216,metric/the_pile_hackernews_val_loss,1.0,False
216,metric/the_pile_pubmed_abstracts_val_loss,1.0,False
216,metric/the_pile_uspto_backgrounds_val_loss,1.0,False
217,metric/the_pile_arxiv_val_loss,1.0,False
217,metric/the_pile_freelaw_val_loss,1.0,False
217,metric/the_pile_pubmed_central_val_loss,1.0,False
217,metric/the_pile_wikipedia_en_val_loss,1.0,False
217,metric/the_pile_dm_mathematics_val_loss,1.0,False
217,metric/the_pile_github_val_loss,1.0,False
217,metric/the_pile_stackexchange_val_loss,1.0,False
217,metric/the_pile_gutenberg_pg_19_val_loss,1.0,False
217,metric/the_pile_pile_cc_val_loss,1.0,False
217,metric/the_pile_ubuntu_irc_val_loss,1.0,False
217,metric/the_pile_hackernews_val_loss,1.0,False
217,metric/the_pile_pubmed_abstracts_val_loss,1.0,False
217,metric/the_pile_uspto_backgrounds_val_loss,1.0,False
218,metric/the_pile_arxiv_val_loss,1.0,False
218,metric/the_pile_freelaw_val_loss,1.0,False
218,metric/the_pile_pubmed_central_val_loss,1.0,False
218,metric/the_pile_wikipedia_en_val_loss,1.0,False
218,metric/the_pile_dm_mathematics_val_loss,1.0,False
218,metric/the_pile_github_val_loss,1.0,False
218,metric/the_pile_stackexchange_val_loss,1.0,False
218,metric/the_pile_gutenberg_pg_19_val_loss,1.0,False
218,metric/the_pile_pile_cc_val_loss,1.0,False
218,metric/the_pile_ubuntu_irc_val_loss,1.0,False
218,metric/the_pile_hackernews_val_loss,1.0,False
218,metric/the_pile_pubmed_abstracts_val_loss,1.0,False
218,metric/the_pile_uspto_backgrounds_val_loss,1.0,False
219,metric/the_pile_arxiv_val_loss,1.0,False
219,metric/the_pile_freelaw_val_loss,1.0,False
219,metric/the_pile_pubmed_central_val_loss,1.0,False
219,metric/the_pile_wikipedia_en_val_loss,1.0,False
219,metric/the_pile_dm_mathematics_val_loss,1.0,False
219,metric/the_pile_github_val_loss,1.0,False
219,metric/the_pile_stackexchange_val_loss,1.0,False
219,metric/the_pile_gutenberg_pg_19_val_loss,1.0,False
219,metric/the_pile_pile_cc_val_loss,1.0,False
219,metric/the_pile_ubuntu_irc_val_loss,1.0,False
219,metric/the_pile_hackernews_val_loss,1.0,False
219,metric/the_pile_pubmed_abstracts_val_loss,1.0,False
219,metric/the_pile_uspto_backgrounds_val_loss,1.0,False
220,metric/the_pile_arxiv_val_loss,1.0,False
220,metric/the_pile_freelaw_val_loss,1.0,False
220,metric/the_pile_pubmed_central_val_loss,1.0,False
220,metric/the_pile_wikipedia_en_val_loss,1.0,False
220,metric/the_pile_dm_mathematics_val_loss,1.0,False
220,metric/the_pile_github_val_loss,1.0,False
220,metric/the_pile_stackexchange_val_loss,1.0,False
220,metric/the_pile_gutenberg_pg_19_val_loss,1.0,False
220,metric/the_pile_pile_cc_val_loss,1.0,False
220,metric/the_pile_ubuntu_irc_val_loss,1.0,False
220,metric/the_pile_hackernews_val_loss,1.0,False
220,metric/the_pile_pubmed_abstracts_val_loss,1.0,False
220,metric/the_pile_uspto_backgrounds_val_loss,1.0,False
221,metric/the_pile_arxiv_val_loss,1.0,False
221,metric/the_pile_freelaw_val_loss,1.0,False
221,metric/the_pile_pubmed_central_val_loss,1.0,False
221,metric/the_pile_wikipedia_en_val_loss,1.0,False
221,metric/the_pile_dm_mathematics_val_loss,1.0,False
221,metric/the_pile_github_val_loss,1.0,False
221,metric/the_pile_stackexchange_val_loss,1.0,False
221,metric/the_pile_gutenberg_pg_19_val_loss,1.0,False
221,metric/the_pile_pile_cc_val_loss,1.0,False
221,metric/the_pile_ubuntu_irc_val_loss,1.0,False
221,metric/the_pile_hackernews_val_loss,1.0,False
221,metric/the_pile_pubmed_abstracts_val_loss,1.0,False
221,metric/the_pile_uspto_backgrounds_val_loss,1.0,False
222,metric/the_pile_arxiv_val_loss,1.0,False
222,metric/the_pile_freelaw_val_loss,1.0,False
222,metric/the_pile_pubmed_central_val_loss,1.0,False
222,metric/the_pile_wikipedia_en_val_loss,1.0,False
222,metric/the_pile_dm_mathematics_val_loss,1.0,False
222,metric/the_pile_github_val_loss,1.0,False
222,metric/the_pile_stackexchange_val_loss,1.0,False
222,metric/the_pile_gutenberg_pg_19_val_loss,1.0,False
222,metric/the_pile_pile_cc_val_loss,1.0,False
222,metric/the_pile_ubuntu_irc_val_loss,1.0,False
222,metric/the_pile_hackernews_val_loss,1.0,False
222,metric/the_pile_pubmed_abstracts_val_loss,1.0,False
222,metric/the_pile_uspto_backgrounds_val_loss,1.0,False
223,metric/the_pile_arxiv_val_loss,1.0,False
223,metric/the_pile_freelaw_val_loss,1.0,False
223,metric/the_pile_pubmed_central_val_loss,1.0,False
223,metric/the_pile_wikipedia_en_val_loss,1.0,False
223,metric/the_pile_dm_mathematics_val_loss,1.0,False
223,metric/the_pile_github_val_loss,1.0,False
223,metric/the_pile_stackexchange_val_loss,1.0,False
223,metric/the_pile_gutenberg_pg_19_val_loss,1.0,False
223,metric/the_pile_pile_cc_val_loss,1.0,False
223,metric/the_pile_ubuntu_irc_val_loss,1.0,False
223,metric/the_pile_hackernews_val_loss,1.0,False
223,metric/the_pile_pubmed_abstracts_val_loss,1.0,False
223,metric/the_pile_uspto_backgrounds_val_loss,1.0,False
224,metric/the_pile_arxiv_val_loss,1.0,False
224,metric/the_pile_freelaw_val_loss,1.0,False
224,metric/the_pile_pubmed_central_val_loss,1.0,False
224,metric/the_pile_wikipedia_en_val_loss,1.0,False
224,metric/the_pile_dm_mathematics_val_loss,1.0,False
224,metric/the_pile_github_val_loss,1.0,False
224,metric/the_pile_stackexchange_val_loss,1.0,False
224,metric/the_pile_gutenberg_pg_19_val_loss,1.0,False
224,metric/the_pile_pile_cc_val_loss,1.0,False
224,metric/the_pile_ubuntu_irc_val_loss,1.0,False
224,metric/the_pile_hackernews_val_loss,1.0,False
224,metric/the_pile_pubmed_abstracts_val_loss,1.0,False
224,metric/the_pile_uspto_backgrounds_val_loss,1.0,False
225,metric/the_pile_arxiv_val_loss,1.0,False
225,metric/the_pile_freelaw_val_loss,1.0,False
225,metric/the_pile_pubmed_central_val_loss,1.0,False
225,metric/the_pile_wikipedia_en_val_loss,1.0,False
225,metric/the_pile_dm_mathematics_val_loss,1.0,False
225,metric/the_pile_github_val_loss,1.0,False
225,metric/the_pile_stackexchange_val_loss,1.0,False
225,metric/the_pile_gutenberg_pg_19_val_loss,1.0,False
225,metric/the_pile_pile_cc_val_loss,1.0,False
225,metric/the_pile_ubuntu_irc_val_loss,1.0,False
225,metric/the_pile_hackernews_val_loss,1.0,False
225,metric/the_pile_pubmed_abstracts_val_loss,1.0,False
225,metric/the_pile_uspto_backgrounds_val_loss,1.0,False
226,metric/the_pile_arxiv_val_loss,1.0,False
226,metric/the_pile_freelaw_val_loss,1.0,False
226,metric/the_pile_pubmed_central_val_loss,1.0,False
226,metric/the_pile_wikipedia_en_val_loss,1.0,False
226,metric/the_pile_dm_mathematics_val_loss,1.0,False
226,metric/the_pile_github_val_loss,1.0,False
226,metric/the_pile_stackexchange_val_loss,1.0,False
226,metric/the_pile_gutenberg_pg_19_val_loss,1.0,False
226,metric/the_pile_pile_cc_val_loss,1.0,False
226,metric/the_pile_ubuntu_irc_val_loss,1.0,False
226,metric/the_pile_hackernews_val_loss,1.0,False
226,metric/the_pile_pubmed_abstracts_val_loss,1.0,False
226,metric/the_pile_uspto_backgrounds_val_loss,1.0,False
227,metric/the_pile_arxiv_val_loss,1.0,False
227,metric/the_pile_freelaw_val_loss,1.0,False
227,metric/the_pile_pubmed_central_val_loss,1.0,False
227,metric/the_pile_wikipedia_en_val_loss,1.0,False
227,metric/the_pile_dm_mathematics_val_loss,1.0,False
227,metric/the_pile_github_val_loss,1.0,False
227,metric/the_pile_stackexchange_val_loss,1.0,False
227,metric/the_pile_gutenberg_pg_19_val_loss,1.0,False
227,metric/the_pile_pile_cc_val_loss,1.0,False
227,metric/the_pile_ubuntu_irc_val_loss,1.0,False
227,metric/the_pile_hackernews_val_loss,1.0,False
227,metric/the_pile_pubmed_abstracts_val_loss,1.0,False
227,metric/the_pile_uspto_backgrounds_val_loss,1.0,False
228,metric/the_pile_arxiv_val_loss,1.0,False
228,metric/the_pile_freelaw_val_loss,1.0,False
228,metric/the_pile_pubmed_central_val_loss,1.0,False
228,metric/the_pile_wikipedia_en_val_loss,1.0,False
228,metric/the_pile_dm_mathematics_val_loss,1.0,False
228,metric/the_pile_github_val_loss,1.0,False
228,metric/the_pile_stackexchange_val_loss,1.0,False
228,metric/the_pile_gutenberg_pg_19_val_loss,1.0,False
228,metric/the_pile_pile_cc_val_loss,1.0,False
228,metric/the_pile_ubuntu_irc_val_loss,1.0,False
228,metric/the_pile_hackernews_val_loss,1.0,False
228,metric/the_pile_pubmed_abstracts_val_loss,1.0,False
228,metric/the_pile_uspto_backgrounds_val_loss,1.0,False
229,metric/the_pile_arxiv_val_loss,1.0,False
229,metric/the_pile_freelaw_val_loss,1.0,False
229,metric/the_pile_pubmed_central_val_loss,1.0,False
229,metric/the_pile_wikipedia_en_val_loss,1.0,False
229,metric/the_pile_dm_mathematics_val_loss,1.0,False
229,metric/the_pile_github_val_loss,1.0,False
229,metric/the_pile_stackexchange_val_loss,1.0,False
229,metric/the_pile_gutenberg_pg_19_val_loss,1.0,False
229,metric/the_pile_pile_cc_val_loss,1.0,False
229,metric/the_pile_ubuntu_irc_val_loss,1.0,False
229,metric/the_pile_hackernews_val_loss,1.0,False
229,metric/the_pile_pubmed_abstracts_val_loss,1.0,False
229,metric/the_pile_uspto_backgrounds_val_loss,1.0,False
230,metric/the_pile_arxiv_val_loss,1.0,False
230,metric/the_pile_freelaw_val_loss,1.0,False
230,metric/the_pile_pubmed_central_val_loss,1.0,False
230,metric/the_pile_wikipedia_en_val_loss,1.0,False
230,metric/the_pile_dm_mathematics_val_loss,1.0,False
230,metric/the_pile_github_val_loss,1.0,False
230,metric/the_pile_stackexchange_val_loss,1.0,False
230,metric/the_pile_gutenberg_pg_19_val_loss,1.0,False
230,metric/the_pile_pile_cc_val_loss,1.0,False
230,metric/the_pile_ubuntu_irc_val_loss,0.9670919868072987,True
230,metric/the_pile_hackernews_val_loss,1.0,False
230,metric/the_pile_pubmed_abstracts_val_loss,1.0,False
230,metric/the_pile_uspto_backgrounds_val_loss,1.0,False
231,metric/the_pile_arxiv_val_loss,0.9183552115573939,True
231,metric/the_pile_freelaw_val_loss,1.0,False
231,metric/the_pile_pubmed_central_val_loss,1.0,False
231,metric/the_pile_wikipedia_en_val_loss,1.0,False
231,metric/the_pile_dm_mathematics_val_loss,1.0,False
231,metric/the_pile_github_val_loss,1.0,False
231,metric/the_pile_stackexchange_val_loss,1.0,False
231,metric/the_pile_gutenberg_pg_19_val_loss,1.0,False
231,metric/the_pile_pile_cc_val_loss,1.0,False
231,metric/the_pile_ubuntu_irc_val_loss,1.0,False
231,metric/the_pile_hackernews_val_loss,1.0,False
231,metric/the_pile_pubmed_abstracts_val_loss,1.0,False
231,metric/the_pile_uspto_backgrounds_val_loss,1.0,False
232,metric/the_pile_arxiv_val_loss,1.0,False
232,metric/the_pile_freelaw_val_loss,1.0,False
232,metric/the_pile_pubmed_central_val_loss,1.0,False
232,metric/the_pile_wikipedia_en_val_loss,1.0,False
232,metric/the_pile_dm_mathematics_val_loss,1.0,False
232,metric/the_pile_github_val_loss,1.0,False
232,metric/the_pile_stackexchange_val_loss,1.0,False
232,metric/the_pile_gutenberg_pg_19_val_loss,1.0,False
232,metric/the_pile_pile_cc_val_loss,1.0,False
232,metric/the_pile_ubuntu_irc_val_loss,1.0,False
232,metric/the_pile_hackernews_val_loss,1.0,False
232,metric/the_pile_pubmed_abstracts_val_loss,1.0,False
232,metric/the_pile_uspto_backgrounds_val_loss,1.0,False
233,metric/the_pile_arxiv_val_loss,1.0,False
233,metric/the_pile_freelaw_val_loss,1.0,False
233,metric/the_pile_pubmed_central_val_loss,1.0,False
233,metric/the_pile_wikipedia_en_val_loss,1.0,False
233,metric/the_pile_dm_mathematics_val_loss,1.0,False
233,metric/the_pile_github_val_loss,1.0,False
233,metric/the_pile_stackexchange_val_loss,1.0,False
233,metric/the_pile_gutenberg_pg_19_val_loss,1.0,False
233,metric/the_pile_pile_cc_val_loss,1.0,False
233,metric/the_pile_ubuntu_irc_val_loss,1.0,False
233,metric/the_pile_hackernews_val_loss,1.0,False
233,metric/the_pile_pubmed_abstracts_val_loss,1.0,False
233,metric/the_pile_uspto_backgrounds_val_loss,1.0,False
234,metric/the_pile_arxiv_val_loss,1.0,False
234,metric/the_pile_freelaw_val_loss,1.0,False
234,metric/the_pile_pubmed_central_val_loss,1.0,False
234,metric/the_pile_wikipedia_en_val_loss,1.0,False
234,metric/the_pile_dm_mathematics_val_loss,1.0,False
234,metric/the_pile_github_val_loss,1.0,False
234,metric/the_pile_stackexchange_val_loss,1.0,False
234,metric/the_pile_gutenberg_pg_19_val_loss,1.0,False
234,metric/the_pile_pile_cc_val_loss,1.0,False
234,metric/the_pile_ubuntu_irc_val_loss,1.0,False
234,metric/the_pile_hackernews_val_loss,1.0,False
234,metric/the_pile_pubmed_abstracts_val_loss,1.0,False
234,metric/the_pile_uspto_backgrounds_val_loss,1.0,False
235,metric/the_pile_arxiv_val_loss,1.0,False
235,metric/the_pile_freelaw_val_loss,1.0,False
235,metric/the_pile_pubmed_central_val_loss,1.0,False
235,metric/the_pile_wikipedia_en_val_loss,1.0,False
235,metric/the_pile_dm_mathematics_val_loss,1.0,False
235,metric/the_pile_github_val_loss,1.0,False
235,metric/the_pile_stackexchange_val_loss,1.0,False
235,metric/the_pile_gutenberg_pg_19_val_loss,1.0,False
235,metric/the_pile_pile_cc_val_loss,1.0,False
235,metric/the_pile_ubuntu_irc_val_loss,1.0,False
235,metric/the_pile_hackernews_val_loss,1.0,False
235,metric/the_pile_pubmed_abstracts_val_loss,1.0,False
235,metric/the_pile_uspto_backgrounds_val_loss,1.0,False
236,metric/the_pile_arxiv_val_loss,1.0,False
236,metric/the_pile_freelaw_val_loss,1.0,False
236,metric/the_pile_pubmed_central_val_loss,1.0,False
236,metric/the_pile_wikipedia_en_val_loss,1.0,False
236,metric/the_pile_dm_mathematics_val_loss,1.0,False
236,metric/the_pile_github_val_loss,1.0,False
236,metric/the_pile_stackexchange_val_loss,1.0,False
236,metric/the_pile_gutenberg_pg_19_val_loss,1.0,False
236,metric/the_pile_pile_cc_val_loss,1.0,False
236,metric/the_pile_ubuntu_irc_val_loss,1.0,False
236,metric/the_pile_hackernews_val_loss,1.0,False
236,metric/the_pile_pubmed_abstracts_val_loss,1.0,False
236,metric/the_pile_uspto_backgrounds_val_loss,1.0,False
237,metric/the_pile_arxiv_val_loss,1.0,False
237,metric/the_pile_freelaw_val_loss,1.0,False
237,metric/the_pile_pubmed_central_val_loss,1.0,False
237,metric/the_pile_wikipedia_en_val_loss,1.0,False
237,metric/the_pile_dm_mathematics_val_loss,1.0,False
237,metric/the_pile_github_val_loss,1.0,False
237,metric/the_pile_stackexchange_val_loss,1.0,False
237,metric/the_pile_gutenberg_pg_19_val_loss,1.0,False
237,metric/the_pile_pile_cc_val_loss,1.0,False
237,metric/the_pile_ubuntu_irc_val_loss,1.0,False
237,metric/the_pile_hackernews_val_loss,1.0,False
237,metric/the_pile_pubmed_abstracts_val_loss,1.0,False
237,metric/the_pile_uspto_backgrounds_val_loss,1.0,False
238,metric/the_pile_arxiv_val_loss,1.0,False
238,metric/the_pile_freelaw_val_loss,1.0,False
238,metric/the_pile_pubmed_central_val_loss,1.0,False
238,metric/the_pile_wikipedia_en_val_loss,1.0,False
238,metric/the_pile_dm_mathematics_val_loss,1.0,False
238,metric/the_pile_github_val_loss,1.0,False
238,metric/the_pile_stackexchange_val_loss,1.0,False
238,metric/the_pile_gutenberg_pg_19_val_loss,1.0,False
238,metric/the_pile_pile_cc_val_loss,1.0,False
238,metric/the_pile_ubuntu_irc_val_loss,1.0,False
238,metric/the_pile_hackernews_val_loss,1.0,False
238,metric/the_pile_pubmed_abstracts_val_loss,1.0,False
238,metric/the_pile_uspto_backgrounds_val_loss,1.0,False
239,metric/the_pile_arxiv_val_loss,1.0,False
239,metric/the_pile_freelaw_val_loss,1.0,False
239,metric/the_pile_pubmed_central_val_loss,1.0,False
239,metric/the_pile_wikipedia_en_val_loss,1.0,False
239,metric/the_pile_dm_mathematics_val_loss,1.0,False
239,metric/the_pile_github_val_loss,1.0,False
239,metric/the_pile_stackexchange_val_loss,1.0,False
239,metric/the_pile_gutenberg_pg_19_val_loss,1.0,False
239,metric/the_pile_pile_cc_val_loss,1.0,False
239,metric/the_pile_ubuntu_irc_val_loss,1.0,False
239,metric/the_pile_hackernews_val_loss,1.0,False
239,metric/the_pile_pubmed_abstracts_val_loss,1.0,False
239,metric/the_pile_uspto_backgrounds_val_loss,1.0,False
240,metric/the_pile_arxiv_val_loss,1.0,False
240,metric/the_pile_freelaw_val_loss,1.0,False
240,metric/the_pile_pubmed_central_val_loss,1.0,False
240,metric/the_pile_wikipedia_en_val_loss,1.0,False
240,metric/the_pile_dm_mathematics_val_loss,1.0,False
240,metric/the_pile_github_val_loss,1.0,False
240,metric/the_pile_stackexchange_val_loss,1.0,False
240,metric/the_pile_gutenberg_pg_19_val_loss,1.0,False
240,metric/the_pile_pile_cc_val_loss,1.0,False
240,metric/the_pile_ubuntu_irc_val_loss,1.0,False
240,metric/the_pile_hackernews_val_loss,1.0,False
240,metric/the_pile_pubmed_abstracts_val_loss,1.0,False
240,metric/the_pile_uspto_backgrounds_val_loss,1.0,False
241,metric/the_pile_arxiv_val_loss,1.0,False
241,metric/the_pile_freelaw_val_loss,1.0,False
241,metric/the_pile_pubmed_central_val_loss,1.0,False
241,metric/the_pile_wikipedia_en_val_loss,1.0,False
241,metric/the_pile_dm_mathematics_val_loss,1.0,False
241,metric/the_pile_github_val_loss,1.0,False
241,metric/the_pile_stackexchange_val_loss,1.0,False
241,metric/the_pile_gutenberg_pg_19_val_loss,1.0,False
241,metric/the_pile_pile_cc_val_loss,1.0,False
241,metric/the_pile_ubuntu_irc_val_loss,1.0,False
241,metric/the_pile_hackernews_val_loss,1.0,False
241,metric/the_pile_pubmed_abstracts_val_loss,1.0,False
241,metric/the_pile_uspto_backgrounds_val_loss,1.0,False
242,metric/the_pile_arxiv_val_loss,1.0,False
242,metric/the_pile_freelaw_val_loss,1.0,False
242,metric/the_pile_pubmed_central_val_loss,1.0,False
242,metric/the_pile_wikipedia_en_val_loss,1.0,False
242,metric/the_pile_dm_mathematics_val_loss,1.0,False
242,metric/the_pile_github_val_loss,1.0,False
242,metric/the_pile_stackexchange_val_loss,1.0,False
242,metric/the_pile_gutenberg_pg_19_val_loss,1.0,False
242,metric/the_pile_pile_cc_val_loss,1.0,False
242,metric/the_pile_ubuntu_irc_val_loss,1.0,False
242,metric/the_pile_hackernews_val_loss,1.0,False
242,metric/the_pile_pubmed_abstracts_val_loss,1.0,False
242,metric/the_pile_uspto_backgrounds_val_loss,1.0,False
243,metric/the_pile_arxiv_val_loss,1.0,False
243,metric/the_pile_freelaw_val_loss,1.0,False
243,metric/the_pile_pubmed_central_val_loss,1.0,False
243,metric/the_pile_wikipedia_en_val_loss,1.0,False
243,metric/the_pile_dm_mathematics_val_loss,1.0,False
243,metric/the_pile_github_val_loss,1.0,False
243,metric/the_pile_stackexchange_val_loss,1.0,False
243,metric/the_pile_gutenberg_pg_19_val_loss,1.0,False
243,metric/the_pile_pile_cc_val_loss,1.0,False
243,metric/the_pile_ubuntu_irc_val_loss,1.0,False
243,metric/the_pile_hackernews_val_loss,1.0,False
243,metric/the_pile_pubmed_abstracts_val_loss,1.0,False
243,metric/the_pile_uspto_backgrounds_val_loss,1.0,False
244,metric/the_pile_arxiv_val_loss,1.0,False
244,metric/the_pile_freelaw_val_loss,1.0,False
244,metric/the_pile_pubmed_central_val_loss,1.0,False
244,metric/the_pile_wikipedia_en_val_loss,1.0,False
244,metric/the_pile_dm_mathematics_val_loss,1.0,False
244,metric/the_pile_github_val_loss,1.0,False
244,metric/the_pile_stackexchange_val_loss,1.0,False
244,metric/the_pile_gutenberg_pg_19_val_loss,1.0,False
244,metric/the_pile_pile_cc_val_loss,1.0,False
244,metric/the_pile_ubuntu_irc_val_loss,1.0,False
244,metric/the_pile_hackernews_val_loss,1.0,False
244,metric/the_pile_pubmed_abstracts_val_loss,1.0,False
244,metric/the_pile_uspto_backgrounds_val_loss,1.0,False
245,metric/the_pile_arxiv_val_loss,1.0,False
245,metric/the_pile_freelaw_val_loss,1.0,False
245,metric/the_pile_pubmed_central_val_loss,1.0,False
245,metric/the_pile_wikipedia_en_val_loss,1.0,False
245,metric/the_pile_dm_mathematics_val_loss,1.0,False
245,metric/the_pile_github_val_loss,1.0,False
245,metric/the_pile_stackexchange_val_loss,1.0,False
245,metric/the_pile_gutenberg_pg_19_val_loss,1.0,False
245,metric/the_pile_pile_cc_val_loss,1.0,False
245,metric/the_pile_ubuntu_irc_val_loss,1.0,False
245,metric/the_pile_hackernews_val_loss,1.0,False
245,metric/the_pile_pubmed_abstracts_val_loss,1.0,False
245,metric/the_pile_uspto_backgrounds_val_loss,1.0,False
246,metric/the_pile_arxiv_val_loss,1.0,False
246,metric/the_pile_freelaw_val_loss,1.0,False
246,metric/the_pile_pubmed_central_val_loss,1.0,False
246,metric/the_pile_wikipedia_en_val_loss,1.0,False
246,metric/the_pile_dm_mathematics_val_loss,1.0,False
246,metric/the_pile_github_val_loss,1.0,False
246,metric/the_pile_stackexchange_val_loss,1.0,False
246,metric/the_pile_gutenberg_pg_19_val_loss,1.0,False
246,metric/the_pile_pile_cc_val_loss,1.0,False
246,metric/the_pile_ubuntu_irc_val_loss,1.0,False
246,metric/the_pile_hackernews_val_loss,1.0,False
246,metric/the_pile_pubmed_abstracts_val_loss,1.0,False
246,metric/the_pile_uspto_backgrounds_val_loss,1.0,False
247,metric/the_pile_arxiv_val_loss,1.0,False
247,metric/the_pile_freelaw_val_loss,1.0,False
247,metric/the_pile_pubmed_central_val_loss,1.0,False
247,metric/the_pile_wikipedia_en_val_loss,1.0,False
247,metric/the_pile_dm_mathematics_val_loss,1.0,False
247,metric/the_pile_github_val_loss,1.0,False
247,metric/the_pile_stackexchange_val_loss,1.0,False
247,metric/the_pile_gutenberg_pg_19_val_loss,1.0,False
247,metric/the_pile_pile_cc_val_loss,1.0,False
247,metric/the_pile_ubuntu_irc_val_loss,1.0,False
247,metric/the_pile_hackernews_val_loss,1.0,False
247,metric/the_pile_pubmed_abstracts_val_loss,1.0,False
247,metric/the_pile_uspto_backgrounds_val_loss,1.0,False
248,metric/the_pile_arxiv_val_loss,1.0,False
248,metric/the_pile_freelaw_val_loss,1.0,False
248,metric/the_pile_pubmed_central_val_loss,1.0,False
248,metric/the_pile_wikipedia_en_val_loss,1.0,False
248,metric/the_pile_dm_mathematics_val_loss,1.0,False
248,metric/the_pile_github_val_loss,1.0,False
248,metric/the_pile_stackexchange_val_loss,1.0,False
248,metric/the_pile_gutenberg_pg_19_val_loss,1.0,False
248,metric/the_pile_pile_cc_val_loss,1.0,False
248,metric/the_pile_ubuntu_irc_val_loss,1.0,False
248,metric/the_pile_hackernews_val_loss,1.0,False
248,metric/the_pile_pubmed_abstracts_val_loss,1.0,False
248,metric/the_pile_uspto_backgrounds_val_loss,1.0,False
249,metric/the_pile_arxiv_val_loss,0.7389078539897957,True
249,metric/the_pile_freelaw_val_loss,1.0,False
249,metric/the_pile_pubmed_central_val_loss,1.0,False
249,metric/the_pile_wikipedia_en_val_loss,1.0,False
249,metric/the_pile_dm_mathematics_val_loss,1.0,False
249,metric/the_pile_github_val_loss,1.0,False
249,metric/the_pile_stackexchange_val_loss,1.0,False
249,metric/the_pile_gutenberg_pg_19_val_loss,1.0,False
249,metric/the_pile_pile_cc_val_loss,1.0,False
249,metric/the_pile_ubuntu_irc_val_loss,1.0,False
249,metric/the_pile_hackernews_val_loss,1.0,False
249,metric/the_pile_pubmed_abstracts_val_loss,1.0,False
249,metric/the_pile_uspto_backgrounds_val_loss,1.0,False
250,metric/the_pile_arxiv_val_loss,1.0,False
250,metric/the_pile_freelaw_val_loss,1.0,False
250,metric/the_pile_pubmed_central_val_loss,1.0,False
250,metric/the_pile_wikipedia_en_val_loss,1.0,False
250,metric/the_pile_dm_mathematics_val_loss,1.0,False
250,metric/the_pile_github_val_loss,1.0,False
250,metric/the_pile_stackexchange_val_loss,1.0,False
250,metric/the_pile_gutenberg_pg_19_val_loss,1.0,False
250,metric/the_pile_pile_cc_val_loss,1.0,False
250,metric/the_pile_ubuntu_irc_val_loss,1.0,False
250,metric/the_pile_hackernews_val_loss,1.0,False
250,metric/the_pile_pubmed_abstracts_val_loss,1.0,False
250,metric/the_pile_uspto_backgrounds_val_loss,1.0,False
251,metric/the_pile_arxiv_val_loss,1.0,False
251,metric/the_pile_freelaw_val_loss,1.0,False
251,metric/the_pile_pubmed_central_val_loss,1.0,False
251,metric/the_pile_wikipedia_en_val_loss,1.0,False
251,metric/the_pile_dm_mathematics_val_loss,1.0,False
251,metric/the_pile_github_val_loss,1.0,False
251,metric/the_pile_stackexchange_val_loss,1.0,False
251,metric/the_pile_gutenberg_pg_19_val_loss,1.0,False
251,metric/the_pile_pile_cc_val_loss,1.0,False
251,metric/the_pile_ubuntu_irc_val_loss,1.0,False
251,metric/the_pile_hackernews_val_loss,1.0,False
251,metric/the_pile_pubmed_abstracts_val_loss,1.0,False
251,metric/the_pile_uspto_backgrounds_val_loss,1.0,False
252,metric/the_pile_arxiv_val_loss,1.0,False
252,metric/the_pile_freelaw_val_loss,1.0,False
252,metric/the_pile_pubmed_central_val_loss,1.0,False
252,metric/the_pile_wikipedia_en_val_loss,1.0,False
252,metric/the_pile_dm_mathematics_val_loss,1.0,False
252,metric/the_pile_github_val_loss,1.0,False
252,metric/the_pile_stackexchange_val_loss,1.0,False
252,metric/the_pile_gutenberg_pg_19_val_loss,1.0,False
252,metric/the_pile_pile_cc_val_loss,1.0,False
252,metric/the_pile_ubuntu_irc_val_loss,1.0,False
252,metric/the_pile_hackernews_val_loss,1.0,False
252,metric/the_pile_pubmed_abstracts_val_loss,1.0,False
252,metric/the_pile_uspto_backgrounds_val_loss,1.0,False
253,metric/the_pile_arxiv_val_loss,1.0,False
253,metric/the_pile_freelaw_val_loss,1.0,False
253,metric/the_pile_pubmed_central_val_loss,1.0,False
253,metric/the_pile_wikipedia_en_val_loss,1.0,False
253,metric/the_pile_dm_mathematics_val_loss,1.0,False
253,metric/the_pile_github_val_loss,1.0,False
253,metric/the_pile_stackexchange_val_loss,1.0,False
253,metric/the_pile_gutenberg_pg_19_val_loss,1.0,False
253,metric/the_pile_pile_cc_val_loss,1.0,False
253,metric/the_pile_ubuntu_irc_val_loss,1.0,False
253,metric/the_pile_hackernews_val_loss,1.0,False
253,metric/the_pile_pubmed_abstracts_val_loss,1.0,False
253,metric/the_pile_uspto_backgrounds_val_loss,1.0,False
254,metric/the_pile_arxiv_val_loss,1.0,False
254,metric/the_pile_freelaw_val_loss,1.0,False
254,metric/the_pile_pubmed_central_val_loss,1.0,False
254,metric/the_pile_wikipedia_en_val_loss,1.0,False
254,metric/the_pile_dm_mathematics_val_loss,1.0,False
254,metric/the_pile_github_val_loss,1.0,False
254,metric/the_pile_stackexchange_val_loss,1.0,False
254,metric/the_pile_gutenberg_pg_19_val_loss,1.0,False
254,metric/the_pile_pile_cc_val_loss,1.0,False
254,metric/the_pile_ubuntu_irc_val_loss,1.0,False
254,metric/the_pile_hackernews_val_loss,1.0,False
254,metric/the_pile_pubmed_abstracts_val_loss,1.0,False
254,metric/the_pile_uspto_backgrounds_val_loss,1.0,False
255,metric/the_pile_arxiv_val_loss,1.0,False
255,metric/the_pile_freelaw_val_loss,1.0,False
255,metric/the_pile_pubmed_central_val_loss,1.0,False
255,metric/the_pile_wikipedia_en_val_loss,1.0,False
255,metric/the_pile_dm_mathematics_val_loss,1.0,False
255,metric/the_pile_github_val_loss,1.0,False
255,metric/the_pile_stackexchange_val_loss,1.0,False
255,metric/the_pile_gutenberg_pg_19_val_loss,1.0,False
255,metric/the_pile_pile_cc_val_loss,1.0,False
255,metric/the_pile_ubuntu_irc_val_loss,1.0,False
255,metric/the_pile_hackernews_val_loss,1.0,False
255,metric/the_pile_pubmed_abstracts_val_loss,1.0,False
255,metric/the_pile_uspto_backgrounds_val_loss,1.0,False
256,metric/the_pile_arxiv_val_loss,1.0,False
256,metric/the_pile_freelaw_val_loss,1.0,False
256,metric/the_pile_pubmed_central_val_loss,1.0,False
256,metric/the_pile_wikipedia_en_val_loss,1.0,False
256,metric/the_pile_dm_mathematics_val_loss,1.0,False
256,metric/the_pile_github_val_loss,1.0,False
256,metric/the_pile_stackexchange_val_loss,1.0,False
256,metric/the_pile_gutenberg_pg_19_val_loss,1.0,False
256,metric/the_pile_pile_cc_val_loss,1.0,False
256,metric/the_pile_ubuntu_irc_val_loss,1.0,False
256,metric/the_pile_hackernews_val_loss,1.0,False
256,metric/the_pile_pubmed_abstracts_val_loss,1.0,False
256,metric/the_pile_uspto_backgrounds_val_loss,1.0,False
257,metric/the_pile_arxiv_val_loss,1.0,False
257,metric/the_pile_freelaw_val_loss,1.0,False
257,metric/the_pile_pubmed_central_val_loss,1.0,False
257,metric/the_pile_wikipedia_en_val_loss,1.0,False
257,metric/the_pile_dm_mathematics_val_loss,1.0,False
257,metric/the_pile_github_val_loss,1.0,False
257,metric/the_pile_stackexchange_val_loss,1.0,False
257,metric/the_pile_gutenberg_pg_19_val_loss,1.0,False
257,metric/the_pile_pile_cc_val_loss,1.0,False
257,metric/the_pile_ubuntu_irc_val_loss,1.0,False
257,metric/the_pile_hackernews_val_loss,1.0,False
257,metric/the_pile_pubmed_abstracts_val_loss,1.0,False
257,metric/the_pile_uspto_backgrounds_val_loss,1.0,False
258,metric/the_pile_arxiv_val_loss,1.0,False
258,metric/the_pile_freelaw_val_loss,1.0,False
258,metric/the_pile_pubmed_central_val_loss,1.0,False
258,metric/the_pile_wikipedia_en_val_loss,1.0,False
258,metric/the_pile_dm_mathematics_val_loss,1.0,False
258,metric/the_pile_github_val_loss,1.0,False
258,metric/the_pile_stackexchange_val_loss,1.0,False
258,metric/the_pile_gutenberg_pg_19_val_loss,1.0,False
258,metric/the_pile_pile_cc_val_loss,1.0,False
258,metric/the_pile_ubuntu_irc_val_loss,1.0,False
258,metric/the_pile_hackernews_val_loss,1.0,False
258,metric/the_pile_pubmed_abstracts_val_loss,1.0,False
258,metric/the_pile_uspto_backgrounds_val_loss,1.0,False
259,metric/the_pile_arxiv_val_loss,1.0,False
259,metric/the_pile_freelaw_val_loss,1.0,False
259,metric/the_pile_pubmed_central_val_loss,1.0,False
259,metric/the_pile_wikipedia_en_val_loss,1.0,False
259,metric/the_pile_dm_mathematics_val_loss,1.0,False
259,metric/the_pile_github_val_loss,1.0,False
259,metric/the_pile_stackexchange_val_loss,1.0,False
259,metric/the_pile_gutenberg_pg_19_val_loss,1.0,False
259,metric/the_pile_pile_cc_val_loss,1.0,False
259,metric/the_pile_ubuntu_irc_val_loss,1.0,False
259,metric/the_pile_hackernews_val_loss,1.0,False
259,metric/the_pile_pubmed_abstracts_val_loss,1.0,False
259,metric/the_pile_uspto_backgrounds_val_loss,1.0,False
260,metric/the_pile_arxiv_val_loss,1.0,False
260,metric/the_pile_freelaw_val_loss,1.0,False
260,metric/the_pile_pubmed_central_val_loss,1.0,False
260,metric/the_pile_wikipedia_en_val_loss,1.0,False
260,metric/the_pile_dm_mathematics_val_loss,1.0,False
260,metric/the_pile_github_val_loss,1.0,False
260,metric/the_pile_stackexchange_val_loss,1.0,False
260,metric/the_pile_gutenberg_pg_19_val_loss,1.0,False
260,metric/the_pile_pile_cc_val_loss,1.0,False
260,metric/the_pile_ubuntu_irc_val_loss,1.0,False
260,metric/the_pile_hackernews_val_loss,1.0,False
260,metric/the_pile_pubmed_abstracts_val_loss,1.0,False
260,metric/the_pile_uspto_backgrounds_val_loss,1.0,False
261,metric/the_pile_arxiv_val_loss,1.0,False
261,metric/the_pile_freelaw_val_loss,1.0,False
261,metric/the_pile_pubmed_central_val_loss,1.0,False
261,metric/the_pile_wikipedia_en_val_loss,1.0,False
261,metric/the_pile_dm_mathematics_val_loss,1.0,False
261,metric/the_pile_github_val_loss,1.0,False
261,metric/the_pile_stackexchange_val_loss,1.0,False
261,metric/the_pile_gutenberg_pg_19_val_loss,1.0,False
261,metric/the_pile_pile_cc_val_loss,1.0,False
261,metric/the_pile_ubuntu_irc_val_loss,1.0,False
261,metric/the_pile_hackernews_val_loss,1.0,False
261,metric/the_pile_pubmed_abstracts_val_loss,1.0,False
261,metric/the_pile_uspto_backgrounds_val_loss,1.0,False
262,metric/the_pile_arxiv_val_loss,1.0,False
262,metric/the_pile_freelaw_val_loss,1.0,False
262,metric/the_pile_pubmed_central_val_loss,1.0,False
262,metric/the_pile_wikipedia_en_val_loss,1.0,False
262,metric/the_pile_dm_mathematics_val_loss,1.0,False
262,metric/the_pile_github_val_loss,1.0,False
262,metric/the_pile_stackexchange_val_loss,1.0,False
262,metric/the_pile_gutenberg_pg_19_val_loss,1.0,False
262,metric/the_pile_pile_cc_val_loss,1.0,False
262,metric/the_pile_ubuntu_irc_val_loss,1.0,False
262,metric/the_pile_hackernews_val_loss,1.0,False
262,metric/the_pile_pubmed_abstracts_val_loss,1.0,False
262,metric/the_pile_uspto_backgrounds_val_loss,1.0,False
263,metric/the_pile_arxiv_val_loss,1.0,False
263,metric/the_pile_freelaw_val_loss,1.0,False
263,metric/the_pile_pubmed_central_val_loss,1.0,False
263,metric/the_pile_wikipedia_en_val_loss,1.0,False
263,metric/the_pile_dm_mathematics_val_loss,1.0,False
263,metric/the_pile_github_val_loss,1.0,False
263,metric/the_pile_stackexchange_val_loss,1.0,False
263,metric/the_pile_gutenberg_pg_19_val_loss,1.0,False
263,metric/the_pile_pile_cc_val_loss,1.0,False
263,metric/the_pile_ubuntu_irc_val_loss,1.0,False
263,metric/the_pile_hackernews_val_loss,1.0,False
263,metric/the_pile_pubmed_abstracts_val_loss,1.0,False
263,metric/the_pile_uspto_backgrounds_val_loss,1.0,False
264,metric/the_pile_arxiv_val_loss,1.0,False
264,metric/the_pile_freelaw_val_loss,1.0,False
264,metric/the_pile_pubmed_central_val_loss,1.0,False
264,metric/the_pile_wikipedia_en_val_loss,1.0,False
264,metric/the_pile_dm_mathematics_val_loss,1.0,False
264,metric/the_pile_github_val_loss,1.0,False
264,metric/the_pile_stackexchange_val_loss,1.0,False
264,metric/the_pile_gutenberg_pg_19_val_loss,1.0,False
264,metric/the_pile_pile_cc_val_loss,1.0,False
264,metric/the_pile_ubuntu_irc_val_loss,1.0,False
264,metric/the_pile_hackernews_val_loss,1.0,False
264,metric/the_pile_pubmed_abstracts_val_loss,1.0,False
264,metric/the_pile_uspto_backgrounds_val_loss,1.0,False
265,metric/the_pile_arxiv_val_loss,1.0,False
265,metric/the_pile_freelaw_val_loss,1.0,False
265,metric/the_pile_pubmed_central_val_loss,1.0,False
265,metric/the_pile_wikipedia_en_val_loss,1.0,False
265,metric/the_pile_dm_mathematics_val_loss,1.0,False
265,metric/the_pile_github_val_loss,1.0,False
265,metric/the_pile_stackexchange_val_loss,1.0,False
265,metric/the_pile_gutenberg_pg_19_val_loss,1.0,False
265,metric/the_pile_pile_cc_val_loss,1.0,False
265,metric/the_pile_ubuntu_irc_val_loss,1.0,False
265,metric/the_pile_hackernews_val_loss,1.0,False
265,metric/the_pile_pubmed_abstracts_val_loss,1.0,False
265,metric/the_pile_uspto_backgrounds_val_loss,1.0,False
266,metric/the_pile_arxiv_val_loss,1.0,False
266,metric/the_pile_freelaw_val_loss,1.0,False
266,metric/the_pile_pubmed_central_val_loss,1.0,False
266,metric/the_pile_wikipedia_en_val_loss,1.0,False
266,metric/the_pile_dm_mathematics_val_loss,1.0,False
266,metric/the_pile_github_val_loss,1.0,False
266,metric/the_pile_stackexchange_val_loss,1.0,False
266,metric/the_pile_gutenberg_pg_19_val_loss,1.0,False
266,metric/the_pile_pile_cc_val_loss,1.0,False
266,metric/the_pile_ubuntu_irc_val_loss,1.0,False
266,metric/the_pile_hackernews_val_loss,1.0,False
266,metric/the_pile_pubmed_abstracts_val_loss,1.0,False
266,metric/the_pile_uspto_backgrounds_val_loss,1.0,False
267,metric/the_pile_arxiv_val_loss,1.0,False
267,metric/the_pile_freelaw_val_loss,1.0,False
267,metric/the_pile_pubmed_central_val_loss,1.0,False
267,metric/the_pile_wikipedia_en_val_loss,1.0,False
267,metric/the_pile_dm_mathematics_val_loss,1.0,False
267,metric/the_pile_github_val_loss,1.0,False
267,metric/the_pile_stackexchange_val_loss,1.0,False
267,metric/the_pile_gutenberg_pg_19_val_loss,1.0,False
267,metric/the_pile_pile_cc_val_loss,1.0,False
267,metric/the_pile_ubuntu_irc_val_loss,1.0,False
267,metric/the_pile_hackernews_val_loss,1.0,False
267,metric/the_pile_pubmed_abstracts_val_loss,1.0,False
267,metric/the_pile_uspto_backgrounds_val_loss,1.0,False
268,metric/the_pile_arxiv_val_loss,1.0,False
268,metric/the_pile_freelaw_val_loss,1.0,False
268,metric/the_pile_pubmed_central_val_loss,1.0,False
268,metric/the_pile_wikipedia_en_val_loss,1.0,False
268,metric/the_pile_dm_mathematics_val_loss,1.0,False
268,metric/the_pile_github_val_loss,1.0,False
268,metric/the_pile_stackexchange_val_loss,1.0,False
268,metric/the_pile_gutenberg_pg_19_val_loss,1.0,False
268,metric/the_pile_pile_cc_val_loss,1.0,False
268,metric/the_pile_ubuntu_irc_val_loss,1.0,False
268,metric/the_pile_hackernews_val_loss,1.0,False
268,metric/the_pile_pubmed_abstracts_val_loss,1.0,False
268,metric/the_pile_uspto_backgrounds_val_loss,1.0,False
269,metric/the_pile_arxiv_val_loss,0.992150538275021,True
269,metric/the_pile_freelaw_val_loss,1.0,False
269,metric/the_pile_pubmed_central_val_loss,1.0,False
269,metric/the_pile_wikipedia_en_val_loss,1.0,False
269,metric/the_pile_dm_mathematics_val_loss,1.0,False
269,metric/the_pile_github_val_loss,0.9517090504118302,True
269,metric/the_pile_stackexchange_val_loss,0.9509220043269555,True
269,metric/the_pile_gutenberg_pg_19_val_loss,1.0,False
269,metric/the_pile_pile_cc_val_loss,1.0,False
269,metric/the_pile_ubuntu_irc_val_loss,1.0,False
269,metric/the_pile_hackernews_val_loss,1.0,False
269,metric/the_pile_pubmed_abstracts_val_loss,1.0,False
269,metric/the_pile_uspto_backgrounds_val_loss,1.0,False
270,metric/the_pile_arxiv_val_loss,1.0,False
270,metric/the_pile_freelaw_val_loss,1.0,False
270,metric/the_pile_pubmed_central_val_loss,1.0,False
270,metric/the_pile_wikipedia_en_val_loss,1.0,False
270,metric/the_pile_dm_mathematics_val_loss,1.0,False
270,metric/the_pile_github_val_loss,1.0,False
270,metric/the_pile_stackexchange_val_loss,1.0,False
270,metric/the_pile_gutenberg_pg_19_val_loss,1.0,False
270,metric/the_pile_pile_cc_val_loss,1.0,False
270,metric/the_pile_ubuntu_irc_val_loss,1.0,False
270,metric/the_pile_hackernews_val_loss,1.0,False
270,metric/the_pile_pubmed_abstracts_val_loss,1.0,False
270,metric/the_pile_uspto_backgrounds_val_loss,1.0,False
271,metric/the_pile_arxiv_val_loss,1.0,False
271,metric/the_pile_freelaw_val_loss,1.0,False
271,metric/the_pile_pubmed_central_val_loss,1.0,False
271,metric/the_pile_wikipedia_en_val_loss,1.0,False
271,metric/the_pile_dm_mathematics_val_loss,1.0,False
271,metric/the_pile_github_val_loss,1.0,False
271,metric/the_pile_stackexchange_val_loss,1.0,False
271,metric/the_pile_gutenberg_pg_19_val_loss,1.0,False
271,metric/the_pile_pile_cc_val_loss,1.0,False
271,metric/the_pile_ubuntu_irc_val_loss,1.0,False
271,metric/the_pile_hackernews_val_loss,1.0,False
271,metric/the_pile_pubmed_abstracts_val_loss,1.0,False
271,metric/the_pile_uspto_backgrounds_val_loss,1.0,False
272,metric/the_pile_arxiv_val_loss,1.0,False
272,metric/the_pile_freelaw_val_loss,1.0,False
272,metric/the_pile_pubmed_central_val_loss,1.0,False
272,metric/the_pile_wikipedia_en_val_loss,1.0,False
272,metric/the_pile_dm_mathematics_val_loss,1.0,False
272,metric/the_pile_github_val_loss,1.0,False
272,metric/the_pile_stackexchange_val_loss,1.0,False
272,metric/the_pile_gutenberg_pg_19_val_loss,1.0,False
272,metric/the_pile_pile_cc_val_loss,1.0,False
272,metric/the_pile_ubuntu_irc_val_loss,1.0,False
272,metric/the_pile_hackernews_val_loss,1.0,False
272,metric/the_pile_pubmed_abstracts_val_loss,1.0,False
272,metric/the_pile_uspto_backgrounds_val_loss,1.0,False
273,metric/the_pile_arxiv_val_loss,1.0,False
273,metric/the_pile_freelaw_val_loss,1.0,False
273,metric/the_pile_pubmed_central_val_loss,1.0,False
273,metric/the_pile_wikipedia_en_val_loss,1.0,False
273,metric/the_pile_dm_mathematics_val_loss,1.0,False
273,metric/the_pile_github_val_loss,1.0,False
273,metric/the_pile_stackexchange_val_loss,1.0,False
273,metric/the_pile_gutenberg_pg_19_val_loss,1.0,False
273,metric/the_pile_pile_cc_val_loss,1.0,False
273,metric/the_pile_ubuntu_irc_val_loss,1.0,False
273,metric/the_pile_hackernews_val_loss,1.0,False
273,metric/the_pile_pubmed_abstracts_val_loss,1.0,False
273,metric/the_pile_uspto_backgrounds_val_loss,1.0,False
274,metric/the_pile_arxiv_val_loss,1.0,False
274,metric/the_pile_freelaw_val_loss,1.0,False
274,metric/the_pile_pubmed_central_val_loss,1.0,False
274,metric/the_pile_wikipedia_en_val_loss,1.0,False
274,metric/the_pile_dm_mathematics_val_loss,1.0,False
274,metric/the_pile_github_val_loss,0.8885374275565238,True
274,metric/the_pile_stackexchange_val_loss,1.0,False
274,metric/the_pile_gutenberg_pg_19_val_loss,1.0,False
274,metric/the_pile_pile_cc_val_loss,1.0,False
274,metric/the_pile_ubuntu_irc_val_loss,1.0,False
274,metric/the_pile_hackernews_val_loss,1.0,False
274,metric/the_pile_pubmed_abstracts_val_loss,1.0,False
274,metric/the_pile_uspto_backgrounds_val_loss,1.0,False
275,metric/the_pile_arxiv_val_loss,1.0,False
275,metric/the_pile_freelaw_val_loss,1.0,False
275,metric/the_pile_pubmed_central_val_loss,1.0,False
275,metric/the_pile_wikipedia_en_val_loss,1.0,False
275,metric/the_pile_dm_mathematics_val_loss,1.0,False
275,metric/the_pile_github_val_loss,1.0,False
275,metric/the_pile_stackexchange_val_loss,1.0,False
275,metric/the_pile_gutenberg_pg_19_val_loss,1.0,False
275,metric/the_pile_pile_cc_val_loss,1.0,False
275,metric/the_pile_ubuntu_irc_val_loss,1.0,False
275,metric/the_pile_hackernews_val_loss,1.0,False
275,metric/the_pile_pubmed_abstracts_val_loss,1.0,False
275,metric/the_pile_uspto_backgrounds_val_loss,1.0,False
276,metric/the_pile_arxiv_val_loss,1.0,False
276,metric/the_pile_freelaw_val_loss,1.0,False
276,metric/the_pile_pubmed_central_val_loss,1.0,False
276,metric/the_pile_wikipedia_en_val_loss,1.0,False
276,metric/the_pile_dm_mathematics_val_loss,1.0,False
276,metric/the_pile_github_val_loss,1.0,False
276,metric/the_pile_stackexchange_val_loss,1.0,False
276,metric/the_pile_gutenberg_pg_19_val_loss,1.0,False
276,metric/the_pile_pile_cc_val_loss,1.0,False
276,metric/the_pile_ubuntu_irc_val_loss,1.0,False
276,metric/the_pile_hackernews_val_loss,1.0,False
276,metric/the_pile_pubmed_abstracts_val_loss,1.0,False
276,metric/the_pile_uspto_backgrounds_val_loss,1.0,False
277,metric/the_pile_arxiv_val_loss,1.0,False
277,metric/the_pile_freelaw_val_loss,1.0,False
277,metric/the_pile_pubmed_central_val_loss,1.0,False
277,metric/the_pile_wikipedia_en_val_loss,1.0,False
277,metric/the_pile_dm_mathematics_val_loss,1.0,False
277,metric/the_pile_github_val_loss,1.0,False
277,metric/the_pile_stackexchange_val_loss,1.0,False
277,metric/the_pile_gutenberg_pg_19_val_loss,1.0,False
277,metric/the_pile_pile_cc_val_loss,1.0,False
277,metric/the_pile_ubuntu_irc_val_loss,1.0,False
277,metric/the_pile_hackernews_val_loss,1.0,False
277,metric/the_pile_pubmed_abstracts_val_loss,1.0,False
277,metric/the_pile_uspto_backgrounds_val_loss,1.0,False
278,metric/the_pile_arxiv_val_loss,1.0,False
278,metric/the_pile_freelaw_val_loss,1.0,False
278,metric/the_pile_pubmed_central_val_loss,1.0,False
278,metric/the_pile_wikipedia_en_val_loss,1.0,False
278,metric/the_pile_dm_mathematics_val_loss,1.0,False
278,metric/the_pile_github_val_loss,1.0,False
278,metric/the_pile_stackexchange_val_loss,1.0,False
278,metric/the_pile_gutenberg_pg_19_val_loss,1.0,False
278,metric/the_pile_pile_cc_val_loss,1.0,False
278,metric/the_pile_ubuntu_irc_val_loss,1.0,False
278,metric/the_pile_hackernews_val_loss,1.0,False
278,metric/the_pile_pubmed_abstracts_val_loss,0.8380517361043274,True
278,metric/the_pile_uspto_backgrounds_val_loss,1.0,False
279,metric/the_pile_arxiv_val_loss,1.0,False
279,metric/the_pile_freelaw_val_loss,1.0,False
279,metric/the_pile_pubmed_central_val_loss,1.0,False
279,metric/the_pile_wikipedia_en_val_loss,1.0,False
279,metric/the_pile_dm_mathematics_val_loss,1.0,False
279,metric/the_pile_github_val_loss,1.0,False
279,metric/the_pile_stackexchange_val_loss,1.0,False
279,metric/the_pile_gutenberg_pg_19_val_loss,1.0,False
279,metric/the_pile_pile_cc_val_loss,1.0,False
279,metric/the_pile_ubuntu_irc_val_loss,1.0,False
279,metric/the_pile_hackernews_val_loss,1.0,False
279,metric/the_pile_pubmed_abstracts_val_loss,1.0,False
279,metric/the_pile_uspto_backgrounds_val_loss,1.0,False
280,metric/the_pile_arxiv_val_loss,0.9023591807551816,True
280,metric/the_pile_freelaw_val_loss,1.0,False
280,metric/the_pile_pubmed_central_val_loss,1.0,False
280,metric/the_pile_wikipedia_en_val_loss,1.0,False
280,metric/the_pile_dm_mathematics_val_loss,1.0,False
280,metric/the_pile_github_val_loss,1.0,False
280,metric/the_pile_stackexchange_val_loss,1.0,False
280,metric/the_pile_gutenberg_pg_19_val_loss,1.0,False
280,metric/the_pile_pile_cc_val_loss,1.0,False
280,metric/the_pile_ubuntu_irc_val_loss,1.0,False
280,metric/the_pile_hackernews_val_loss,1.0,False
280,metric/the_pile_pubmed_abstracts_val_loss,1.0,False
280,metric/the_pile_uspto_backgrounds_val_loss,1.0,False
281,metric/the_pile_arxiv_val_loss,1.0,False
281,metric/the_pile_freelaw_val_loss,1.0,False
281,metric/the_pile_pubmed_central_val_loss,1.0,False
281,metric/the_pile_wikipedia_en_val_loss,1.0,False
281,metric/the_pile_dm_mathematics_val_loss,1.0,False
281,metric/the_pile_github_val_loss,1.0,False
281,metric/the_pile_stackexchange_val_loss,1.0,False
281,metric/the_pile_gutenberg_pg_19_val_loss,1.0,False
281,metric/the_pile_pile_cc_val_loss,1.0,False
281,metric/the_pile_ubuntu_irc_val_loss,1.0,False
281,metric/the_pile_hackernews_val_loss,1.0,False
281,metric/the_pile_pubmed_abstracts_val_loss,1.0,False
281,metric/the_pile_uspto_backgrounds_val_loss,1.0,False
282,metric/the_pile_arxiv_val_loss,1.0,False
282,metric/the_pile_freelaw_val_loss,1.0,False
282,metric/the_pile_pubmed_central_val_loss,1.0,False
282,metric/the_pile_wikipedia_en_val_loss,1.0,False
282,metric/the_pile_dm_mathematics_val_loss,1.0,False
282,metric/the_pile_github_val_loss,1.0,False
282,metric/the_pile_stackexchange_val_loss,1.0,False
282,metric/the_pile_gutenberg_pg_19_val_loss,1.0,False
282,metric/the_pile_pile_cc_val_loss,1.0,False
282,metric/the_pile_ubuntu_irc_val_loss,1.0,False
282,metric/the_pile_hackernews_val_loss,1.0,False
282,metric/the_pile_pubmed_abstracts_val_loss,1.0,False
282,metric/the_pile_uspto_backgrounds_val_loss,1.0,False
283,metric/the_pile_arxiv_val_loss,1.0,False
283,metric/the_pile_freelaw_val_loss,1.0,False
283,metric/the_pile_pubmed_central_val_loss,1.0,False
283,metric/the_pile_wikipedia_en_val_loss,1.0,False
283,metric/the_pile_dm_mathematics_val_loss,1.0,False
283,metric/the_pile_github_val_loss,1.0,False
283,metric/the_pile_stackexchange_val_loss,1.0,False
283,metric/the_pile_gutenberg_pg_19_val_loss,1.0,False
283,metric/the_pile_pile_cc_val_loss,1.0,False
283,metric/the_pile_ubuntu_irc_val_loss,1.0,False
283,metric/the_pile_hackernews_val_loss,1.0,False
283,metric/the_pile_pubmed_abstracts_val_loss,1.0,False
283,metric/the_pile_uspto_backgrounds_val_loss,1.0,False
284,metric/the_pile_arxiv_val_loss,1.0,False
284,metric/the_pile_freelaw_val_loss,1.0,False
284,metric/the_pile_pubmed_central_val_loss,1.0,False
284,metric/the_pile_wikipedia_en_val_loss,1.0,False
284,metric/the_pile_dm_mathematics_val_loss,1.0,False
284,metric/the_pile_github_val_loss,1.0,False
284,metric/the_pile_stackexchange_val_loss,1.0,False
284,metric/the_pile_gutenberg_pg_19_val_loss,1.0,False
284,metric/the_pile_pile_cc_val_loss,1.0,False
284,metric/the_pile_ubuntu_irc_val_loss,1.0,False
284,metric/the_pile_hackernews_val_loss,1.0,False
284,metric/the_pile_pubmed_abstracts_val_loss,1.0,False
284,metric/the_pile_uspto_backgrounds_val_loss,1.0,False
285,metric/the_pile_arxiv_val_loss,1.0,False
285,metric/the_pile_freelaw_val_loss,1.0,False
285,metric/the_pile_pubmed_central_val_loss,1.0,False
285,metric/the_pile_wikipedia_en_val_loss,1.0,False
285,metric/the_pile_dm_mathematics_val_loss,1.0,False
285,metric/the_pile_github_val_loss,1.0,False
285,metric/the_pile_stackexchange_val_loss,1.0,False
285,metric/the_pile_gutenberg_pg_19_val_loss,1.0,False
285,metric/the_pile_pile_cc_val_loss,1.0,False
285,metric/the_pile_ubuntu_irc_val_loss,1.0,False
285,metric/the_pile_hackernews_val_loss,1.0,False
285,metric/the_pile_pubmed_abstracts_val_loss,1.0,False
285,metric/the_pile_uspto_backgrounds_val_loss,1.0,False
286,metric/the_pile_arxiv_val_loss,1.0,False
286,metric/the_pile_freelaw_val_loss,1.0,False
286,metric/the_pile_pubmed_central_val_loss,1.0,False
286,metric/the_pile_wikipedia_en_val_loss,1.0,False
286,metric/the_pile_dm_mathematics_val_loss,1.0,False
286,metric/the_pile_github_val_loss,1.0,False
286,metric/the_pile_stackexchange_val_loss,1.0,False
286,metric/the_pile_gutenberg_pg_19_val_loss,1.0,False
286,metric/the_pile_pile_cc_val_loss,1.0,False
286,metric/the_pile_ubuntu_irc_val_loss,1.0,False
286,metric/the_pile_hackernews_val_loss,1.0,False
286,metric/the_pile_pubmed_abstracts_val_loss,1.0,False
286,metric/the_pile_uspto_backgrounds_val_loss,1.0,False
287,metric/the_pile_arxiv_val_loss,1.0,False
287,metric/the_pile_freelaw_val_loss,1.0,False
287,metric/the_pile_pubmed_central_val_loss,1.0,False
287,metric/the_pile_wikipedia_en_val_loss,1.0,False
287,metric/the_pile_dm_mathematics_val_loss,1.0,False
287,metric/the_pile_github_val_loss,1.0,False
287,metric/the_pile_stackexchange_val_loss,1.0,False
287,metric/the_pile_gutenberg_pg_19_val_loss,1.0,False
287,metric/the_pile_pile_cc_val_loss,1.0,False
287,metric/the_pile_ubuntu_irc_val_loss,1.0,False
287,metric/the_pile_hackernews_val_loss,1.0,False
287,metric/the_pile_pubmed_abstracts_val_loss,1.0,False
287,metric/the_pile_uspto_backgrounds_val_loss,1.0,False
288,metric/the_pile_arxiv_val_loss,0.9742398507152704,True
288,metric/the_pile_freelaw_val_loss,1.0,False
288,metric/the_pile_pubmed_central_val_loss,1.0,False
288,metric/the_pile_wikipedia_en_val_loss,1.0,False
288,metric/the_pile_dm_mathematics_val_loss,1.0,False
288,metric/the_pile_github_val_loss,1.0,False
288,metric/the_pile_stackexchange_val_loss,1.0,False
288,metric/the_pile_gutenberg_pg_19_val_loss,1.0,False
288,metric/the_pile_pile_cc_val_loss,1.0,False
288,metric/the_pile_ubuntu_irc_val_loss,1.0,False
288,metric/the_pile_hackernews_val_loss,1.0,False
288,metric/the_pile_pubmed_abstracts_val_loss,1.0,False
288,metric/the_pile_uspto_backgrounds_val_loss,1.0,False
289,metric/the_pile_arxiv_val_loss,1.0,False
289,metric/the_pile_freelaw_val_loss,1.0,False
289,metric/the_pile_pubmed_central_val_loss,1.0,False
289,metric/the_pile_wikipedia_en_val_loss,1.0,False
289,metric/the_pile_dm_mathematics_val_loss,1.0,False
289,metric/the_pile_github_val_loss,1.0,False
289,metric/the_pile_stackexchange_val_loss,1.0,False
289,metric/the_pile_gutenberg_pg_19_val_loss,1.0,False
289,metric/the_pile_pile_cc_val_loss,1.0,False
289,metric/the_pile_ubuntu_irc_val_loss,1.0,False
289,metric/the_pile_hackernews_val_loss,1.0,False
289,metric/the_pile_pubmed_abstracts_val_loss,1.0,False
289,metric/the_pile_uspto_backgrounds_val_loss,1.0,False
290,metric/the_pile_arxiv_val_loss,1.0,False
290,metric/the_pile_freelaw_val_loss,1.0,False
290,metric/the_pile_pubmed_central_val_loss,1.0,False
290,metric/the_pile_wikipedia_en_val_loss,1.0,False
290,metric/the_pile_dm_mathematics_val_loss,1.0,False
290,metric/the_pile_github_val_loss,1.0,False
290,metric/the_pile_stackexchange_val_loss,1.0,False
290,metric/the_pile_gutenberg_pg_19_val_loss,1.0,False
290,metric/the_pile_pile_cc_val_loss,1.0,False
290,metric/the_pile_ubuntu_irc_val_loss,1.0,False
290,metric/the_pile_hackernews_val_loss,1.0,False
290,metric/the_pile_pubmed_abstracts_val_loss,1.0,False
290,metric/the_pile_uspto_backgrounds_val_loss,1.0,False
291,metric/the_pile_arxiv_val_loss,1.0,False
291,metric/the_pile_freelaw_val_loss,1.0,False
291,metric/the_pile_pubmed_central_val_loss,1.0,False
291,metric/the_pile_wikipedia_en_val_loss,1.0,False
291,metric/the_pile_dm_mathematics_val_loss,1.0,False
291,metric/the_pile_github_val_loss,1.0,False
291,metric/the_pile_stackexchange_val_loss,1.0,False
291,metric/the_pile_gutenberg_pg_19_val_loss,1.0,False
291,metric/the_pile_pile_cc_val_loss,1.0,False
291,metric/the_pile_ubuntu_irc_val_loss,1.0,False
291,metric/the_pile_hackernews_val_loss,1.0,False
291,metric/the_pile_pubmed_abstracts_val_loss,1.0,False
291,metric/the_pile_uspto_backgrounds_val_loss,1.0,False
292,metric/the_pile_arxiv_val_loss,1.0,False
292,metric/the_pile_freelaw_val_loss,1.0,False
292,metric/the_pile_pubmed_central_val_loss,1.0,False
292,metric/the_pile_wikipedia_en_val_loss,0.9809237931889296,True
292,metric/the_pile_dm_mathematics_val_loss,1.0,False
292,metric/the_pile_github_val_loss,1.0,False
292,metric/the_pile_stackexchange_val_loss,1.0,False
292,metric/the_pile_gutenberg_pg_19_val_loss,1.0,False
292,metric/the_pile_pile_cc_val_loss,0.9021362419952665,True
292,metric/the_pile_ubuntu_irc_val_loss,1.0,False
292,metric/the_pile_hackernews_val_loss,1.0,False
292,metric/the_pile_pubmed_abstracts_val_loss,1.0,False
292,metric/the_pile_uspto_backgrounds_val_loss,1.0,False
293,metric/the_pile_arxiv_val_loss,1.0,False
293,metric/the_pile_freelaw_val_loss,1.0,False
293,metric/the_pile_pubmed_central_val_loss,1.0,False
293,metric/the_pile_wikipedia_en_val_loss,1.0,False
293,metric/the_pile_dm_mathematics_val_loss,1.0,False
293,metric/the_pile_github_val_loss,1.0,False
293,metric/the_pile_stackexchange_val_loss,1.0,False
293,metric/the_pile_gutenberg_pg_19_val_loss,1.0,False
293,metric/the_pile_pile_cc_val_loss,1.0,False
293,metric/the_pile_ubuntu_irc_val_loss,1.0,False
293,metric/the_pile_hackernews_val_loss,1.0,False
293,metric/the_pile_pubmed_abstracts_val_loss,1.0,False
293,metric/the_pile_uspto_backgrounds_val_loss,1.0,False
294,metric/the_pile_arxiv_val_loss,1.0,False
294,metric/the_pile_freelaw_val_loss,1.0,False
294,metric/the_pile_pubmed_central_val_loss,1.0,False
294,metric/the_pile_wikipedia_en_val_loss,1.0,False
294,metric/the_pile_dm_mathematics_val_loss,1.0,False
294,metric/the_pile_github_val_loss,0.5907677655949467,True
294,metric/the_pile_stackexchange_val_loss,0.6535513941676321,True
294,metric/the_pile_gutenberg_pg_19_val_loss,0.8825697421596953,True
294,metric/the_pile_pile_cc_val_loss,1.0,False
294,metric/the_pile_ubuntu_irc_val_loss,1.0,False
294,metric/the_pile_hackernews_val_loss,1.0,False
294,metric/the_pile_pubmed_abstracts_val_loss,1.0,False
294,metric/the_pile_uspto_backgrounds_val_loss,1.0,False
295,metric/the_pile_arxiv_val_loss,1.0,False
295,metric/the_pile_freelaw_val_loss,1.0,False
295,metric/the_pile_pubmed_central_val_loss,1.0,False
295,metric/the_pile_wikipedia_en_val_loss,1.0,False
295,metric/the_pile_dm_mathematics_val_loss,1.0,False
295,metric/the_pile_github_val_loss,1.0,False
295,metric/the_pile_stackexchange_val_loss,1.0,False
295,metric/the_pile_gutenberg_pg_19_val_loss,1.0,False
295,metric/the_pile_pile_cc_val_loss,1.0,False
295,metric/the_pile_ubuntu_irc_val_loss,1.0,False
295,metric/the_pile_hackernews_val_loss,1.0,False
295,metric/the_pile_pubmed_abstracts_val_loss,1.0,False
295,metric/the_pile_uspto_backgrounds_val_loss,1.0,False
296,metric/the_pile_arxiv_val_loss,1.0,False
296,metric/the_pile_freelaw_val_loss,1.0,False
296,metric/the_pile_pubmed_central_val_loss,1.0,False
296,metric/the_pile_wikipedia_en_val_loss,1.0,False
296,metric/the_pile_dm_mathematics_val_loss,1.0,False
296,metric/the_pile_github_val_loss,1.0,False
296,metric/the_pile_stackexchange_val_loss,1.0,False
296,metric/the_pile_gutenberg_pg_19_val_loss,1.0,False
296,metric/the_pile_pile_cc_val_loss,1.0,False
296,metric/the_pile_ubuntu_irc_val_loss,1.0,False
296,metric/the_pile_hackernews_val_loss,1.0,False
296,metric/the_pile_pubmed_abstracts_val_loss,1.0,False
296,metric/the_pile_uspto_backgrounds_val_loss,1.0,False
297,metric/the_pile_arxiv_val_loss,1.0,False
297,metric/the_pile_freelaw_val_loss,1.0,False
297,metric/the_pile_pubmed_central_val_loss,1.0,False
297,metric/the_pile_wikipedia_en_val_loss,1.0,False
297,metric/the_pile_dm_mathematics_val_loss,1.0,False
297,metric/the_pile_github_val_loss,1.0,False
297,metric/the_pile_stackexchange_val_loss,1.0,False
297,metric/the_pile_gutenberg_pg_19_val_loss,1.0,False
297,metric/the_pile_pile_cc_val_loss,1.0,False
297,metric/the_pile_ubuntu_irc_val_loss,1.0,False
297,metric/the_pile_hackernews_val_loss,1.0,False
297,metric/the_pile_pubmed_abstracts_val_loss,1.0,False
297,metric/the_pile_uspto_backgrounds_val_loss,1.0,False
298,metric/the_pile_arxiv_val_loss,1.0,False
298,metric/the_pile_freelaw_val_loss,1.0,False
298,metric/the_pile_pubmed_central_val_loss,1.0,False
298,metric/the_pile_wikipedia_en_val_loss,1.0,False
298,metric/the_pile_dm_mathematics_val_loss,1.0,False
298,metric/the_pile_github_val_loss,1.0,False
298,metric/the_pile_stackexchange_val_loss,1.0,False
298,metric/the_pile_gutenberg_pg_19_val_loss,1.0,False
298,metric/the_pile_pile_cc_val_loss,1.0,False
298,metric/the_pile_ubuntu_irc_val_loss,1.0,False
298,metric/the_pile_hackernews_val_loss,1.0,False
298,metric/the_pile_pubmed_abstracts_val_loss,1.0,False
298,metric/the_pile_uspto_backgrounds_val_loss,1.0,False
299,metric/the_pile_arxiv_val_loss,1.0,False
299,metric/the_pile_freelaw_val_loss,1.0,False
299,metric/the_pile_pubmed_central_val_loss,1.0,False
299,metric/the_pile_wikipedia_en_val_loss,1.0,False
299,metric/the_pile_dm_mathematics_val_loss,1.0,False
299,metric/the_pile_github_val_loss,1.0,False
299,metric/the_pile_stackexchange_val_loss,1.0,False
299,metric/the_pile_gutenberg_pg_19_val_loss,1.0,False
299,metric/the_pile_pile_cc_val_loss,1.0,False
299,metric/the_pile_ubuntu_irc_val_loss,1.0,False
299,metric/the_pile_hackernews_val_loss,1.0,False
299,metric/the_pile_pubmed_abstracts_val_loss,1.0,False
299,metric/the_pile_uspto_backgrounds_val_loss,1.0,False
300,metric/the_pile_arxiv_val_loss,1.0,False
300,metric/the_pile_freelaw_val_loss,1.0,False
300,metric/the_pile_pubmed_central_val_loss,1.0,False
300,metric/the_pile_wikipedia_en_val_loss,1.0,False
300,metric/the_pile_dm_mathematics_val_loss,1.0,False
300,metric/the_pile_github_val_loss,0.817486648497669,True
300,metric/the_pile_stackexchange_val_loss,0.8878627066944823,True
300,metric/the_pile_gutenberg_pg_19_val_loss,0.732494081424403,True
300,metric/the_pile_pile_cc_val_loss,1.0,False
300,metric/the_pile_ubuntu_irc_val_loss,1.0,False
300,metric/the_pile_hackernews_val_loss,1.0,False
300,metric/the_pile_pubmed_abstracts_val_loss,1.0,False
300,metric/the_pile_uspto_backgrounds_val_loss,1.0,False
301,metric/the_pile_arxiv_val_loss,1.0,False
301,metric/the_pile_freelaw_val_loss,1.0,False
301,metric/the_pile_pubmed_central_val_loss,1.0,False
301,metric/the_pile_wikipedia_en_val_loss,1.0,False
301,metric/the_pile_dm_mathematics_val_loss,1.0,False
301,metric/the_pile_github_val_loss,1.0,False
301,metric/the_pile_stackexchange_val_loss,1.0,False
301,metric/the_pile_gutenberg_pg_19_val_loss,1.0,False
301,metric/the_pile_pile_cc_val_loss,1.0,False
301,metric/the_pile_ubuntu_irc_val_loss,1.0,False
301,metric/the_pile_hackernews_val_loss,1.0,False
301,metric/the_pile_pubmed_abstracts_val_loss,1.0,False
301,metric/the_pile_uspto_backgrounds_val_loss,1.0,False
302,metric/the_pile_arxiv_val_loss,1.0,False
302,metric/the_pile_freelaw_val_loss,1.0,False
302,metric/the_pile_pubmed_central_val_loss,1.0,False
302,metric/the_pile_wikipedia_en_val_loss,1.0,False
302,metric/the_pile_dm_mathematics_val_loss,1.0,False
302,metric/the_pile_github_val_loss,1.0,False
302,metric/the_pile_stackexchange_val_loss,1.0,False
302,metric/the_pile_gutenberg_pg_19_val_loss,1.0,False
302,metric/the_pile_pile_cc_val_loss,1.0,False
302,metric/the_pile_ubuntu_irc_val_loss,1.0,False
302,metric/the_pile_hackernews_val_loss,1.0,False
302,metric/the_pile_pubmed_abstracts_val_loss,1.0,False
302,metric/the_pile_uspto_backgrounds_val_loss,1.0,False
303,metric/the_pile_arxiv_val_loss,1.0,False
303,metric/the_pile_freelaw_val_loss,1.0,False
303,metric/the_pile_pubmed_central_val_loss,1.0,False
303,metric/the_pile_wikipedia_en_val_loss,1.0,False
303,metric/the_pile_dm_mathematics_val_loss,1.0,False
303,metric/the_pile_github_val_loss,1.0,False
303,metric/the_pile_stackexchange_val_loss,1.0,False
303,metric/the_pile_gutenberg_pg_19_val_loss,1.0,False
303,metric/the_pile_pile_cc_val_loss,1.0,False
303,metric/the_pile_ubuntu_irc_val_loss,1.0,False
303,metric/the_pile_hackernews_val_loss,1.0,False
303,metric/the_pile_pubmed_abstracts_val_loss,1.0,False
303,metric/the_pile_uspto_backgrounds_val_loss,1.0,False
304,metric/the_pile_arxiv_val_loss,1.0,False
304,metric/the_pile_freelaw_val_loss,1.0,False
304,metric/the_pile_pubmed_central_val_loss,1.0,False
304,metric/the_pile_wikipedia_en_val_loss,1.0,False
304,metric/the_pile_dm_mathematics_val_loss,1.0,False
304,metric/the_pile_github_val_loss,1.0,False
304,metric/the_pile_stackexchange_val_loss,1.0,False
304,metric/the_pile_gutenberg_pg_19_val_loss,1.0,False
304,metric/the_pile_pile_cc_val_loss,1.0,False
304,metric/the_pile_ubuntu_irc_val_loss,1.0,False
304,metric/the_pile_hackernews_val_loss,1.0,False
304,metric/the_pile_pubmed_abstracts_val_loss,1.0,False
304,metric/the_pile_uspto_backgrounds_val_loss,1.0,False
305,metric/the_pile_arxiv_val_loss,0.6517354965354508,True
305,metric/the_pile_freelaw_val_loss,1.0,False
305,metric/the_pile_pubmed_central_val_loss,0.9594269087579866,True
305,metric/the_pile_wikipedia_en_val_loss,1.0,False
305,metric/the_pile_dm_mathematics_val_loss,1.0,False
305,metric/the_pile_github_val_loss,1.0,False
305,metric/the_pile_stackexchange_val_loss,1.0,False
305,metric/the_pile_gutenberg_pg_19_val_loss,1.0,False
305,metric/the_pile_pile_cc_val_loss,1.0,False
305,metric/the_pile_ubuntu_irc_val_loss,1.0,False
305,metric/the_pile_hackernews_val_loss,1.0,False
305,metric/the_pile_pubmed_abstracts_val_loss,1.0,False
305,metric/the_pile_uspto_backgrounds_val_loss,1.0,False
306,metric/the_pile_arxiv_val_loss,1.0,False
306,metric/the_pile_freelaw_val_loss,1.0,False
306,metric/the_pile_pubmed_central_val_loss,1.0,False
306,metric/the_pile_wikipedia_en_val_loss,1.0,False
306,metric/the_pile_dm_mathematics_val_loss,1.0,False
306,metric/the_pile_github_val_loss,1.0,False
306,metric/the_pile_stackexchange_val_loss,1.0,False
306,metric/the_pile_gutenberg_pg_19_val_loss,1.0,False
306,metric/the_pile_pile_cc_val_loss,1.0,False
306,metric/the_pile_ubuntu_irc_val_loss,1.0,False
306,metric/the_pile_hackernews_val_loss,1.0,False
306,metric/the_pile_pubmed_abstracts_val_loss,1.0,False
306,metric/the_pile_uspto_backgrounds_val_loss,1.0,False
307,metric/the_pile_arxiv_val_loss,1.0,False
307,metric/the_pile_freelaw_val_loss,1.0,False
307,metric/the_pile_pubmed_central_val_loss,1.0,False
307,metric/the_pile_wikipedia_en_val_loss,1.0,False
307,metric/the_pile_dm_mathematics_val_loss,1.0,False
307,metric/the_pile_github_val_loss,1.0,False
307,metric/the_pile_stackexchange_val_loss,1.0,False
307,metric/the_pile_gutenberg_pg_19_val_loss,1.0,False
307,metric/the_pile_pile_cc_val_loss,1.0,False
307,metric/the_pile_ubuntu_irc_val_loss,1.0,False
307,metric/the_pile_hackernews_val_loss,1.0,False
307,metric/the_pile_pubmed_abstracts_val_loss,1.0,False
307,metric/the_pile_uspto_backgrounds_val_loss,1.0,False
308,metric/the_pile_arxiv_val_loss,1.0,False
308,metric/the_pile_freelaw_val_loss,1.0,False
308,metric/the_pile_pubmed_central_val_loss,1.0,False
308,metric/the_pile_wikipedia_en_val_loss,1.0,False
308,metric/the_pile_dm_mathematics_val_loss,1.0,False
308,metric/the_pile_github_val_loss,1.0,False
308,metric/the_pile_stackexchange_val_loss,1.0,False
308,metric/the_pile_gutenberg_pg_19_val_loss,1.0,False
308,metric/the_pile_pile_cc_val_loss,1.0,False
308,metric/the_pile_ubuntu_irc_val_loss,1.0,False
308,metric/the_pile_hackernews_val_loss,1.0,False
308,metric/the_pile_pubmed_abstracts_val_loss,1.0,False
308,metric/the_pile_uspto_backgrounds_val_loss,1.0,False
309,metric/the_pile_arxiv_val_loss,1.0,False
309,metric/the_pile_freelaw_val_loss,1.0,False
309,metric/the_pile_pubmed_central_val_loss,1.0,False
309,metric/the_pile_wikipedia_en_val_loss,1.0,False
309,metric/the_pile_dm_mathematics_val_loss,1.0,False
309,metric/the_pile_github_val_loss,1.0,False
309,metric/the_pile_stackexchange_val_loss,1.0,False
309,metric/the_pile_gutenberg_pg_19_val_loss,1.0,False
309,metric/the_pile_pile_cc_val_loss,1.0,False
309,metric/the_pile_ubuntu_irc_val_loss,1.0,False
309,metric/the_pile_hackernews_val_loss,1.0,False
309,metric/the_pile_pubmed_abstracts_val_loss,1.0,False
309,metric/the_pile_uspto_backgrounds_val_loss,1.0,False
310,metric/the_pile_arxiv_val_loss,1.0,False
310,metric/the_pile_freelaw_val_loss,1.0,False
310,metric/the_pile_pubmed_central_val_loss,1.0,False
310,metric/the_pile_wikipedia_en_val_loss,1.0,False
310,metric/the_pile_dm_mathematics_val_loss,1.0,False
310,metric/the_pile_github_val_loss,1.0,False
310,metric/the_pile_stackexchange_val_loss,1.0,False
310,metric/the_pile_gutenberg_pg_19_val_loss,1.0,False
310,metric/the_pile_pile_cc_val_loss,1.0,False
310,metric/the_pile_ubuntu_irc_val_loss,1.0,False
310,metric/the_pile_hackernews_val_loss,1.0,False
310,metric/the_pile_pubmed_abstracts_val_loss,1.0,False
310,metric/the_pile_uspto_backgrounds_val_loss,1.0,False
311,metric/the_pile_arxiv_val_loss,1.0,False
311,metric/the_pile_freelaw_val_loss,1.0,False
311,metric/the_pile_pubmed_central_val_loss,1.0,False
311,metric/the_pile_wikipedia_en_val_loss,1.0,False
311,metric/the_pile_dm_mathematics_val_loss,1.0,False
311,metric/the_pile_github_val_loss,1.0,False
311,metric/the_pile_stackexchange_val_loss,1.0,False
311,metric/the_pile_gutenberg_pg_19_val_loss,1.0,False
311,metric/the_pile_pile_cc_val_loss,1.0,False
311,metric/the_pile_ubuntu_irc_val_loss,1.0,False
311,metric/the_pile_hackernews_val_loss,1.0,False
311,metric/the_pile_pubmed_abstracts_val_loss,1.0,False
311,metric/the_pile_uspto_backgrounds_val_loss,1.0,False
312,metric/the_pile_arxiv_val_loss,1.0,False
312,metric/the_pile_freelaw_val_loss,1.0,False
312,metric/the_pile_pubmed_central_val_loss,1.0,False
312,metric/the_pile_wikipedia_en_val_loss,1.0,False
312,metric/the_pile_dm_mathematics_val_loss,1.0,False
312,metric/the_pile_github_val_loss,1.0,False
312,metric/the_pile_stackexchange_val_loss,1.0,False
312,metric/the_pile_gutenberg_pg_19_val_loss,1.0,False
312,metric/the_pile_pile_cc_val_loss,1.0,False
312,metric/the_pile_ubuntu_irc_val_loss,1.0,False
312,metric/the_pile_hackernews_val_loss,1.0,False
312,metric/the_pile_pubmed_abstracts_val_loss,1.0,False
312,metric/the_pile_uspto_backgrounds_val_loss,1.0,False
313,metric/the_pile_arxiv_val_loss,1.0,False
313,metric/the_pile_freelaw_val_loss,1.0,False
313,metric/the_pile_pubmed_central_val_loss,1.0,False
313,metric/the_pile_wikipedia_en_val_loss,1.0,False
313,metric/the_pile_dm_mathematics_val_loss,1.0,False
313,metric/the_pile_github_val_loss,1.0,False
313,metric/the_pile_stackexchange_val_loss,1.0,False
313,metric/the_pile_gutenberg_pg_19_val_loss,1.0,False
313,metric/the_pile_pile_cc_val_loss,1.0,False
313,metric/the_pile_ubuntu_irc_val_loss,1.0,False
313,metric/the_pile_hackernews_val_loss,1.0,False
313,metric/the_pile_pubmed_abstracts_val_loss,1.0,False
313,metric/the_pile_uspto_backgrounds_val_loss,1.0,False
314,metric/the_pile_arxiv_val_loss,1.0,False
314,metric/the_pile_freelaw_val_loss,1.0,False
314,metric/the_pile_pubmed_central_val_loss,1.0,False
314,metric/the_pile_wikipedia_en_val_loss,1.0,False
314,metric/the_pile_dm_mathematics_val_loss,1.0,False
314,metric/the_pile_github_val_loss,1.0,False
314,metric/the_pile_stackexchange_val_loss,1.0,False
314,metric/the_pile_gutenberg_pg_19_val_loss,1.0,False
314,metric/the_pile_pile_cc_val_loss,1.0,False
314,metric/the_pile_ubuntu_irc_val_loss,1.0,False
314,metric/the_pile_hackernews_val_loss,1.0,False
314,metric/the_pile_pubmed_abstracts_val_loss,1.0,False
314,metric/the_pile_uspto_backgrounds_val_loss,1.0,False
315,metric/the_pile_arxiv_val_loss,1.0,False
315,metric/the_pile_freelaw_val_loss,1.0,False
315,metric/the_pile_pubmed_central_val_loss,1.0,False
315,metric/the_pile_wikipedia_en_val_loss,1.0,False
315,metric/the_pile_dm_mathematics_val_loss,1.0,False
315,metric/the_pile_github_val_loss,0.8504354268376844,True
315,metric/the_pile_stackexchange_val_loss,0.8708451234380143,True
315,metric/the_pile_gutenberg_pg_19_val_loss,1.0,False
315,metric/the_pile_pile_cc_val_loss,1.0,False
315,metric/the_pile_ubuntu_irc_val_loss,1.0,False
315,metric/the_pile_hackernews_val_loss,1.0,False
315,metric/the_pile_pubmed_abstracts_val_loss,1.0,False
315,metric/the_pile_uspto_backgrounds_val_loss,1.0,False
316,metric/the_pile_arxiv_val_loss,1.0,False
316,metric/the_pile_freelaw_val_loss,1.0,False
316,metric/the_pile_pubmed_central_val_loss,1.0,False
316,metric/the_pile_wikipedia_en_val_loss,1.0,False
316,metric/the_pile_dm_mathematics_val_loss,1.0,False
316,metric/the_pile_github_val_loss,1.0,False
316,metric/the_pile_stackexchange_val_loss,1.0,False
316,metric/the_pile_gutenberg_pg_19_val_loss,1.0,False
316,metric/the_pile_pile_cc_val_loss,1.0,False
316,metric/the_pile_ubuntu_irc_val_loss,1.0,False
316,metric/the_pile_hackernews_val_loss,1.0,False
316,metric/the_pile_pubmed_abstracts_val_loss,1.0,False
316,metric/the_pile_uspto_backgrounds_val_loss,1.0,False
317,metric/the_pile_arxiv_val_loss,1.0,False
317,metric/the_pile_freelaw_val_loss,1.0,False
317,metric/the_pile_pubmed_central_val_loss,1.0,False
317,metric/the_pile_wikipedia_en_val_loss,1.0,False
317,metric/the_pile_dm_mathematics_val_loss,1.0,False
317,metric/the_pile_github_val_loss,1.0,False
317,metric/the_pile_stackexchange_val_loss,1.0,False
317,metric/the_pile_gutenberg_pg_19_val_loss,1.0,False
317,metric/the_pile_pile_cc_val_loss,1.0,False
317,metric/the_pile_ubuntu_irc_val_loss,1.0,False
317,metric/the_pile_hackernews_val_loss,1.0,False
317,metric/the_pile_pubmed_abstracts_val_loss,1.0,False
317,metric/the_pile_uspto_backgrounds_val_loss,1.0,False
318,metric/the_pile_arxiv_val_loss,1.0,False
318,metric/the_pile_freelaw_val_loss,1.0,False
318,metric/the_pile_pubmed_central_val_loss,1.0,False
318,metric/the_pile_wikipedia_en_val_loss,1.0,False
318,metric/the_pile_dm_mathematics_val_loss,1.0,False
318,metric/the_pile_github_val_loss,0.7056377069230839,True
318,metric/the_pile_stackexchange_val_loss,0.8879990823170542,True
318,metric/the_pile_gutenberg_pg_19_val_loss,1.0,False
318,metric/the_pile_pile_cc_val_loss,1.0,False
318,metric/the_pile_ubuntu_irc_val_loss,1.0,False
318,metric/the_pile_hackernews_val_loss,1.0,False
318,metric/the_pile_pubmed_abstracts_val_loss,1.0,False
318,metric/the_pile_uspto_backgrounds_val_loss,1.0,False
319,metric/the_pile_arxiv_val_loss,1.0,False
319,metric/the_pile_freelaw_val_loss,1.0,False
319,metric/the_pile_pubmed_central_val_loss,1.0,False
319,metric/the_pile_wikipedia_en_val_loss,1.0,False
319,metric/the_pile_dm_mathematics_val_loss,1.0,False
319,metric/the_pile_github_val_loss,1.0,False
319,metric/the_pile_stackexchange_val_loss,1.0,False
319,metric/the_pile_gutenberg_pg_19_val_loss,1.0,False
319,metric/the_pile_pile_cc_val_loss,1.0,False
319,metric/the_pile_ubuntu_irc_val_loss,1.0,False
319,metric/the_pile_hackernews_val_loss,1.0,False
319,metric/the_pile_pubmed_abstracts_val_loss,1.0,False
319,metric/the_pile_uspto_backgrounds_val_loss,1.0,False
320,metric/the_pile_arxiv_val_loss,1.0,False
320,metric/the_pile_freelaw_val_loss,1.0,False
320,metric/the_pile_pubmed_central_val_loss,1.0,False
320,metric/the_pile_wikipedia_en_val_loss,1.0,False
320,metric/the_pile_dm_mathematics_val_loss,1.0,False
320,metric/the_pile_github_val_loss,1.0,False
320,metric/the_pile_stackexchange_val_loss,1.0,False
320,metric/the_pile_gutenberg_pg_19_val_loss,1.0,False
320,metric/the_pile_pile_cc_val_loss,1.0,False
320,metric/the_pile_ubuntu_irc_val_loss,1.0,False
320,metric/the_pile_hackernews_val_loss,1.0,False
320,metric/the_pile_pubmed_abstracts_val_loss,1.0,False
320,metric/the_pile_uspto_backgrounds_val_loss,1.0,False
321,metric/the_pile_arxiv_val_loss,1.0,False
321,metric/the_pile_freelaw_val_loss,1.0,False
321,metric/the_pile_pubmed_central_val_loss,1.0,False
321,metric/the_pile_wikipedia_en_val_loss,1.0,False
321,metric/the_pile_dm_mathematics_val_loss,1.0,False
321,metric/the_pile_github_val_loss,1.0,False
321,metric/the_pile_stackexchange_val_loss,1.0,False
321,metric/the_pile_gutenberg_pg_19_val_loss,1.0,False
321,metric/the_pile_pile_cc_val_loss,1.0,False
321,metric/the_pile_ubuntu_irc_val_loss,1.0,False
321,metric/the_pile_hackernews_val_loss,1.0,False
321,metric/the_pile_pubmed_abstracts_val_loss,1.0,False
321,metric/the_pile_uspto_backgrounds_val_loss,1.0,False
322,metric/the_pile_arxiv_val_loss,1.0,False
322,metric/the_pile_freelaw_val_loss,1.0,False
322,metric/the_pile_pubmed_central_val_loss,1.0,False
322,metric/the_pile_wikipedia_en_val_loss,1.0,False
322,metric/the_pile_dm_mathematics_val_loss,1.0,False
322,metric/the_pile_github_val_loss,1.0,False
322,metric/the_pile_stackexchange_val_loss,1.0,False
322,metric/the_pile_gutenberg_pg_19_val_loss,0.796516773055412,True
322,metric/the_pile_pile_cc_val_loss,1.0,False
322,metric/the_pile_ubuntu_irc_val_loss,1.0,False
322,metric/the_pile_hackernews_val_loss,1.0,False
322,metric/the_pile_pubmed_abstracts_val_loss,1.0,False
322,metric/the_pile_uspto_backgrounds_val_loss,1.0,False
323,metric/the_pile_arxiv_val_loss,1.0,False
323,metric/the_pile_freelaw_val_loss,1.0,False
323,metric/the_pile_pubmed_central_val_loss,1.0,False
323,metric/the_pile_wikipedia_en_val_loss,1.0,False
323,metric/the_pile_dm_mathematics_val_loss,1.0,False
323,metric/the_pile_github_val_loss,1.0,False
323,metric/the_pile_stackexchange_val_loss,1.0,False
323,metric/the_pile_gutenberg_pg_19_val_loss,1.0,False
323,metric/the_pile_pile_cc_val_loss,1.0,False
323,metric/the_pile_ubuntu_irc_val_loss,1.0,False
323,metric/the_pile_hackernews_val_loss,1.0,False
323,metric/the_pile_pubmed_abstracts_val_loss,1.0,False
323,metric/the_pile_uspto_backgrounds_val_loss,1.0,False
324,metric/the_pile_arxiv_val_loss,1.0,False
324,metric/the_pile_freelaw_val_loss,1.0,False
324,metric/the_pile_pubmed_central_val_loss,1.0,False
324,metric/the_pile_wikipedia_en_val_loss,1.0,False
324,metric/the_pile_dm_mathematics_val_loss,1.0,False
324,metric/the_pile_github_val_loss,1.0,False
324,metric/the_pile_stackexchange_val_loss,1.0,False
324,metric/the_pile_gutenberg_pg_19_val_loss,1.0,False
324,metric/the_pile_pile_cc_val_loss,1.0,False
324,metric/the_pile_ubuntu_irc_val_loss,1.0,False
324,metric/the_pile_hackernews_val_loss,1.0,False
324,metric/the_pile_pubmed_abstracts_val_loss,1.0,False
324,metric/the_pile_uspto_backgrounds_val_loss,1.0,False
325,metric/the_pile_arxiv_val_loss,1.0,False
325,metric/the_pile_freelaw_val_loss,1.0,False
325,metric/the_pile_pubmed_central_val_loss,1.0,False
325,metric/the_pile_wikipedia_en_val_loss,1.0,False
325,metric/the_pile_dm_mathematics_val_loss,1.0,False
325,metric/the_pile_github_val_loss,1.0,False
325,metric/the_pile_stackexchange_val_loss,1.0,False
325,metric/the_pile_gutenberg_pg_19_val_loss,1.0,False
325,metric/the_pile_pile_cc_val_loss,1.0,False
325,metric/the_pile_ubuntu_irc_val_loss,1.0,False
325,metric/the_pile_hackernews_val_loss,1.0,False
325,metric/the_pile_pubmed_abstracts_val_loss,1.0,False
325,metric/the_pile_uspto_backgrounds_val_loss,1.0,False
326,metric/the_pile_arxiv_val_loss,1.0,False
326,metric/the_pile_freelaw_val_loss,1.0,False
326,metric/the_pile_pubmed_central_val_loss,1.0,False
326,metric/the_pile_wikipedia_en_val_loss,1.0,False
326,metric/the_pile_dm_mathematics_val_loss,1.0,False
326,metric/the_pile_github_val_loss,1.0,False
326,metric/the_pile_stackexchange_val_loss,1.0,False
326,metric/the_pile_gutenberg_pg_19_val_loss,1.0,False
326,metric/the_pile_pile_cc_val_loss,1.0,False
326,metric/the_pile_ubuntu_irc_val_loss,1.0,False
326,metric/the_pile_hackernews_val_loss,1.0,False
326,metric/the_pile_pubmed_abstracts_val_loss,1.0,False
326,metric/the_pile_uspto_backgrounds_val_loss,1.0,False
327,metric/the_pile_arxiv_val_loss,1.0,False
327,metric/the_pile_freelaw_val_loss,1.0,False
327,metric/the_pile_pubmed_central_val_loss,1.0,False
327,metric/the_pile_wikipedia_en_val_loss,1.0,False
327,metric/the_pile_dm_mathematics_val_loss,1.0,False
327,metric/the_pile_github_val_loss,1.0,False
327,metric/the_pile_stackexchange_val_loss,1.0,False
327,metric/the_pile_gutenberg_pg_19_val_loss,1.0,False
327,metric/the_pile_pile_cc_val_loss,1.0,False
327,metric/the_pile_ubuntu_irc_val_loss,1.0,False
327,metric/the_pile_hackernews_val_loss,1.0,False
327,metric/the_pile_pubmed_abstracts_val_loss,1.0,False
327,metric/the_pile_uspto_backgrounds_val_loss,1.0,False
328,metric/the_pile_arxiv_val_loss,0.5413349169975774,True
328,metric/the_pile_freelaw_val_loss,0.8767753595048926,True
328,metric/the_pile_pubmed_central_val_loss,0.7588097822906645,True
328,metric/the_pile_wikipedia_en_val_loss,1.0,False
328,metric/the_pile_dm_mathematics_val_loss,1.0,False
328,metric/the_pile_github_val_loss,0.8196363922423691,True
328,metric/the_pile_stackexchange_val_loss,0.697136284601606,True
328,metric/the_pile_gutenberg_pg_19_val_loss,1.0,False
328,metric/the_pile_pile_cc_val_loss,1.0,False
328,metric/the_pile_ubuntu_irc_val_loss,1.0,False
328,metric/the_pile_hackernews_val_loss,0.7803264902556877,True
328,metric/the_pile_pubmed_abstracts_val_loss,0.9093631579509979,True
328,metric/the_pile_uspto_backgrounds_val_loss,1.0,False
329,metric/the_pile_arxiv_val_loss,1.0,False
329,metric/the_pile_freelaw_val_loss,1.0,False
329,metric/the_pile_pubmed_central_val_loss,1.0,False
329,metric/the_pile_wikipedia_en_val_loss,1.0,False
329,metric/the_pile_dm_mathematics_val_loss,1.0,False
329,metric/the_pile_github_val_loss,1.0,False
329,metric/the_pile_stackexchange_val_loss,1.0,False
329,metric/the_pile_gutenberg_pg_19_val_loss,1.0,False
329,metric/the_pile_pile_cc_val_loss,1.0,False
329,metric/the_pile_ubuntu_irc_val_loss,1.0,False
329,metric/the_pile_hackernews_val_loss,1.0,False
329,metric/the_pile_pubmed_abstracts_val_loss,1.0,False
329,metric/the_pile_uspto_backgrounds_val_loss,1.0,False
330,metric/the_pile_arxiv_val_loss,1.0,False
330,metric/the_pile_freelaw_val_loss,1.0,False
330,metric/the_pile_pubmed_central_val_loss,1.0,False
330,metric/the_pile_wikipedia_en_val_loss,1.0,False
330,metric/the_pile_dm_mathematics_val_loss,1.0,False
330,metric/the_pile_github_val_loss,1.0,False
330,metric/the_pile_stackexchange_val_loss,1.0,False
330,metric/the_pile_gutenberg_pg_19_val_loss,1.0,False
330,metric/the_pile_pile_cc_val_loss,1.0,False
330,metric/the_pile_ubuntu_irc_val_loss,1.0,False
330,metric/the_pile_hackernews_val_loss,1.0,False
330,metric/the_pile_pubmed_abstracts_val_loss,1.0,False
330,metric/the_pile_uspto_backgrounds_val_loss,1.0,False
331,metric/the_pile_arxiv_val_loss,1.0,False
331,metric/the_pile_freelaw_val_loss,1.0,False
331,metric/the_pile_pubmed_central_val_loss,1.0,False
331,metric/the_pile_wikipedia_en_val_loss,1.0,False
331,metric/the_pile_dm_mathematics_val_loss,1.0,False
331,metric/the_pile_github_val_loss,1.0,False
331,metric/the_pile_stackexchange_val_loss,1.0,False
331,metric/the_pile_gutenberg_pg_19_val_loss,1.0,False
331,metric/the_pile_pile_cc_val_loss,1.0,False
331,metric/the_pile_ubuntu_irc_val_loss,1.0,False
331,metric/the_pile_hackernews_val_loss,1.0,False
331,metric/the_pile_pubmed_abstracts_val_loss,1.0,False
331,metric/the_pile_uspto_backgrounds_val_loss,1.0,False
332,metric/the_pile_arxiv_val_loss,1.0,False
332,metric/the_pile_freelaw_val_loss,1.0,False
332,metric/the_pile_pubmed_central_val_loss,1.0,False
332,metric/the_pile_wikipedia_en_val_loss,1.0,False
332,metric/the_pile_dm_mathematics_val_loss,1.0,False
332,metric/the_pile_github_val_loss,1.0,False
332,metric/the_pile_stackexchange_val_loss,1.0,False
332,metric/the_pile_gutenberg_pg_19_val_loss,1.0,False
332,metric/the_pile_pile_cc_val_loss,1.0,False
332,metric/the_pile_ubuntu_irc_val_loss,1.0,False
332,metric/the_pile_hackernews_val_loss,1.0,False
332,metric/the_pile_pubmed_abstracts_val_loss,1.0,False
332,metric/the_pile_uspto_backgrounds_val_loss,1.0,False
333,metric/the_pile_arxiv_val_loss,1.0,False
333,metric/the_pile_freelaw_val_loss,1.0,False
333,metric/the_pile_pubmed_central_val_loss,1.0,False
333,metric/the_pile_wikipedia_en_val_loss,1.0,False
333,metric/the_pile_dm_mathematics_val_loss,1.0,False
333,metric/the_pile_github_val_loss,1.0,False
333,metric/the_pile_stackexchange_val_loss,1.0,False
333,metric/the_pile_gutenberg_pg_19_val_loss,1.0,False
333,metric/the_pile_pile_cc_val_loss,1.0,False
333,metric/the_pile_ubuntu_irc_val_loss,0.9983950759382962,True
333,metric/the_pile_hackernews_val_loss,1.0,False
333,metric/the_pile_pubmed_abstracts_val_loss,1.0,False
333,metric/the_pile_uspto_backgrounds_val_loss,1.0,False
334,metric/the_pile_arxiv_val_loss,1.0,False
334,metric/the_pile_freelaw_val_loss,1.0,False
334,metric/the_pile_pubmed_central_val_loss,1.0,False
334,metric/the_pile_wikipedia_en_val_loss,1.0,False
334,metric/the_pile_dm_mathematics_val_loss,1.0,False
334,metric/the_pile_github_val_loss,1.0,False
334,metric/the_pile_stackexchange_val_loss,1.0,False
334,metric/the_pile_gutenberg_pg_19_val_loss,1.0,False
334,metric/the_pile_pile_cc_val_loss,1.0,False
334,metric/the_pile_ubuntu_irc_val_loss,1.0,False
334,metric/the_pile_hackernews_val_loss,1.0,False
334,metric/the_pile_pubmed_abstracts_val_loss,1.0,False
334,metric/the_pile_uspto_backgrounds_val_loss,1.0,False
335,metric/the_pile_arxiv_val_loss,1.0,False
335,metric/the_pile_freelaw_val_loss,1.0,False
335,metric/the_pile_pubmed_central_val_loss,0.988666544363181,True
335,metric/the_pile_wikipedia_en_val_loss,1.0,False
335,metric/the_pile_dm_mathematics_val_loss,1.0,False
335,metric/the_pile_github_val_loss,1.0,False
335,metric/the_pile_stackexchange_val_loss,1.0,False
335,metric/the_pile_gutenberg_pg_19_val_loss,1.0,False
335,metric/the_pile_pile_cc_val_loss,1.0,False
335,metric/the_pile_ubuntu_irc_val_loss,1.0,False
335,metric/the_pile_hackernews_val_loss,1.0,False
335,metric/the_pile_pubmed_abstracts_val_loss,0.86859091006981,True
335,metric/the_pile_uspto_backgrounds_val_loss,1.0,False
336,metric/the_pile_arxiv_val_loss,1.0,False
336,metric/the_pile_freelaw_val_loss,1.0,False
336,metric/the_pile_pubmed_central_val_loss,1.0,False
336,metric/the_pile_wikipedia_en_val_loss,1.0,False
336,metric/the_pile_dm_mathematics_val_loss,1.0,False
336,metric/the_pile_github_val_loss,1.0,False
336,metric/the_pile_stackexchange_val_loss,1.0,False
336,metric/the_pile_gutenberg_pg_19_val_loss,1.0,False
336,metric/the_pile_pile_cc_val_loss,1.0,False
336,metric/the_pile_ubuntu_irc_val_loss,1.0,False
336,metric/the_pile_hackernews_val_loss,1.0,False
336,metric/the_pile_pubmed_abstracts_val_loss,1.0,False
336,metric/the_pile_uspto_backgrounds_val_loss,1.0,False
337,metric/the_pile_arxiv_val_loss,1.0,False
337,metric/the_pile_freelaw_val_loss,1.0,False
337,metric/the_pile_pubmed_central_val_loss,1.0,False
337,metric/the_pile_wikipedia_en_val_loss,1.0,False
337,metric/the_pile_dm_mathematics_val_loss,1.0,False
337,metric/the_pile_github_val_loss,1.0,False
337,metric/the_pile_stackexchange_val_loss,1.0,False
337,metric/the_pile_gutenberg_pg_19_val_loss,1.0,False
337,metric/the_pile_pile_cc_val_loss,1.0,False
337,metric/the_pile_ubuntu_irc_val_loss,1.0,False
337,metric/the_pile_hackernews_val_loss,1.0,False
337,metric/the_pile_pubmed_abstracts_val_loss,1.0,False
337,metric/the_pile_uspto_backgrounds_val_loss,1.0,False
338,metric/the_pile_arxiv_val_loss,1.0,False
338,metric/the_pile_freelaw_val_loss,1.0,False
338,metric/the_pile_pubmed_central_val_loss,1.0,False
338,metric/the_pile_wikipedia_en_val_loss,1.0,False
338,metric/the_pile_dm_mathematics_val_loss,1.0,False
338,metric/the_pile_github_val_loss,1.0,False
338,metric/the_pile_stackexchange_val_loss,1.0,False
338,metric/the_pile_gutenberg_pg_19_val_loss,1.0,False
338,metric/the_pile_pile_cc_val_loss,1.0,False
338,metric/the_pile_ubuntu_irc_val_loss,1.0,False
338,metric/the_pile_hackernews_val_loss,1.0,False
338,metric/the_pile_pubmed_abstracts_val_loss,1.0,False
338,metric/the_pile_uspto_backgrounds_val_loss,1.0,False
339,metric/the_pile_arxiv_val_loss,1.0,False
339,metric/the_pile_freelaw_val_loss,1.0,False
339,metric/the_pile_pubmed_central_val_loss,1.0,False
339,metric/the_pile_wikipedia_en_val_loss,1.0,False
339,metric/the_pile_dm_mathematics_val_loss,1.0,False
339,metric/the_pile_github_val_loss,1.0,False
339,metric/the_pile_stackexchange_val_loss,1.0,False
339,metric/the_pile_gutenberg_pg_19_val_loss,1.0,False
339,metric/the_pile_pile_cc_val_loss,1.0,False
339,metric/the_pile_ubuntu_irc_val_loss,1.0,False
339,metric/the_pile_hackernews_val_loss,1.0,False
339,metric/the_pile_pubmed_abstracts_val_loss,1.0,False
339,metric/the_pile_uspto_backgrounds_val_loss,1.0,False
340,metric/the_pile_arxiv_val_loss,1.0,False
340,metric/the_pile_freelaw_val_loss,1.0,False
340,metric/the_pile_pubmed_central_val_loss,1.0,False
340,metric/the_pile_wikipedia_en_val_loss,1.0,False
340,metric/the_pile_dm_mathematics_val_loss,1.0,False
340,metric/the_pile_github_val_loss,1.0,False
340,metric/the_pile_stackexchange_val_loss,1.0,False
340,metric/the_pile_gutenberg_pg_19_val_loss,1.0,False
340,metric/the_pile_pile_cc_val_loss,1.0,False
340,metric/the_pile_ubuntu_irc_val_loss,1.0,False
340,metric/the_pile_hackernews_val_loss,1.0,False
340,metric/the_pile_pubmed_abstracts_val_loss,1.0,False
340,metric/the_pile_uspto_backgrounds_val_loss,1.0,False
341,metric/the_pile_arxiv_val_loss,1.0,False
341,metric/the_pile_freelaw_val_loss,1.0,False
341,metric/the_pile_pubmed_central_val_loss,1.0,False
341,metric/the_pile_wikipedia_en_val_loss,1.0,False
341,metric/the_pile_dm_mathematics_val_loss,1.0,False
341,metric/the_pile_github_val_loss,1.0,False
341,metric/the_pile_stackexchange_val_loss,1.0,False
341,metric/the_pile_gutenberg_pg_19_val_loss,1.0,False
341,metric/the_pile_pile_cc_val_loss,1.0,False
341,metric/the_pile_ubuntu_irc_val_loss,1.0,False
341,metric/the_pile_hackernews_val_loss,1.0,False
341,metric/the_pile_pubmed_abstracts_val_loss,1.0,False
341,metric/the_pile_uspto_backgrounds_val_loss,1.0,False
342,metric/the_pile_arxiv_val_loss,1.0,False
342,metric/the_pile_freelaw_val_loss,1.0,False
342,metric/the_pile_pubmed_central_val_loss,1.0,False
342,metric/the_pile_wikipedia_en_val_loss,1.0,False
342,metric/the_pile_dm_mathematics_val_loss,1.0,False
342,metric/the_pile_github_val_loss,1.0,False
342,metric/the_pile_stackexchange_val_loss,1.0,False
342,metric/the_pile_gutenberg_pg_19_val_loss,1.0,False
342,metric/the_pile_pile_cc_val_loss,1.0,False
342,metric/the_pile_ubuntu_irc_val_loss,1.0,False
342,metric/the_pile_hackernews_val_loss,1.0,False
342,metric/the_pile_pubmed_abstracts_val_loss,1.0,False
342,metric/the_pile_uspto_backgrounds_val_loss,1.0,False
343,metric/the_pile_arxiv_val_loss,1.0,False
343,metric/the_pile_freelaw_val_loss,1.0,False
343,metric/the_pile_pubmed_central_val_loss,1.0,False
343,metric/the_pile_wikipedia_en_val_loss,1.0,False
343,metric/the_pile_dm_mathematics_val_loss,1.0,False
343,metric/the_pile_github_val_loss,1.0,False
343,metric/the_pile_stackexchange_val_loss,1.0,False
343,metric/the_pile_gutenberg_pg_19_val_loss,1.0,False
343,metric/the_pile_pile_cc_val_loss,1.0,False
343,metric/the_pile_ubuntu_irc_val_loss,1.0,False
343,metric/the_pile_hackernews_val_loss,1.0,False
343,metric/the_pile_pubmed_abstracts_val_loss,1.0,False
343,metric/the_pile_uspto_backgrounds_val_loss,1.0,False
344,metric/the_pile_arxiv_val_loss,1.0,False
344,metric/the_pile_freelaw_val_loss,1.0,False
344,metric/the_pile_pubmed_central_val_loss,1.0,False
344,metric/the_pile_wikipedia_en_val_loss,1.0,False
344,metric/the_pile_dm_mathematics_val_loss,1.0,False
344,metric/the_pile_github_val_loss,1.0,False
344,metric/the_pile_stackexchange_val_loss,1.0,False
344,metric/the_pile_gutenberg_pg_19_val_loss,1.0,False
344,metric/the_pile_pile_cc_val_loss,1.0,False
344,metric/the_pile_ubuntu_irc_val_loss,1.0,False
344,metric/the_pile_hackernews_val_loss,1.0,False
344,metric/the_pile_pubmed_abstracts_val_loss,1.0,False
344,metric/the_pile_uspto_backgrounds_val_loss,1.0,False
345,metric/the_pile_arxiv_val_loss,1.0,False
345,metric/the_pile_freelaw_val_loss,1.0,False
345,metric/the_pile_pubmed_central_val_loss,1.0,False
345,metric/the_pile_wikipedia_en_val_loss,1.0,False
345,metric/the_pile_dm_mathematics_val_loss,1.0,False
345,metric/the_pile_github_val_loss,1.0,False
345,metric/the_pile_stackexchange_val_loss,1.0,False
345,metric/the_pile_gutenberg_pg_19_val_loss,1.0,False
345,metric/the_pile_pile_cc_val_loss,1.0,False
345,metric/the_pile_ubuntu_irc_val_loss,1.0,False
345,metric/the_pile_hackernews_val_loss,1.0,False
345,metric/the_pile_pubmed_abstracts_val_loss,1.0,False
345,metric/the_pile_uspto_backgrounds_val_loss,1.0,False
346,metric/the_pile_arxiv_val_loss,1.0,False
346,metric/the_pile_freelaw_val_loss,1.0,False
346,metric/the_pile_pubmed_central_val_loss,1.0,False
346,metric/the_pile_wikipedia_en_val_loss,1.0,False
346,metric/the_pile_dm_mathematics_val_loss,1.0,False
346,metric/the_pile_github_val_loss,1.0,False
346,metric/the_pile_stackexchange_val_loss,1.0,False
346,metric/the_pile_gutenberg_pg_19_val_loss,1.0,False
346,metric/the_pile_pile_cc_val_loss,1.0,False
346,metric/the_pile_ubuntu_irc_val_loss,1.0,False
346,metric/the_pile_hackernews_val_loss,1.0,False
346,metric/the_pile_pubmed_abstracts_val_loss,1.0,False
346,metric/the_pile_uspto_backgrounds_val_loss,1.0,False
347,metric/the_pile_arxiv_val_loss,1.0,False
347,metric/the_pile_freelaw_val_loss,1.0,False
347,metric/the_pile_pubmed_central_val_loss,1.0,False
347,metric/the_pile_wikipedia_en_val_loss,1.0,False
347,metric/the_pile_dm_mathematics_val_loss,1.0,False
347,metric/the_pile_github_val_loss,1.0,False
347,metric/the_pile_stackexchange_val_loss,1.0,False
347,metric/the_pile_gutenberg_pg_19_val_loss,1.0,False
347,metric/the_pile_pile_cc_val_loss,1.0,False
347,metric/the_pile_ubuntu_irc_val_loss,1.0,False
347,metric/the_pile_hackernews_val_loss,1.0,False
347,metric/the_pile_pubmed_abstracts_val_loss,1.0,False
347,metric/the_pile_uspto_backgrounds_val_loss,1.0,False
348,metric/the_pile_arxiv_val_loss,1.0,False
348,metric/the_pile_freelaw_val_loss,1.0,False
348,metric/the_pile_pubmed_central_val_loss,1.0,False
348,metric/the_pile_wikipedia_en_val_loss,1.0,False
348,metric/the_pile_dm_mathematics_val_loss,1.0,False
348,metric/the_pile_github_val_loss,1.0,False
348,metric/the_pile_stackexchange_val_loss,1.0,False
348,metric/the_pile_gutenberg_pg_19_val_loss,1.0,False
348,metric/the_pile_pile_cc_val_loss,1.0,False
348,metric/the_pile_ubuntu_irc_val_loss,1.0,False
348,metric/the_pile_hackernews_val_loss,1.0,False
348,metric/the_pile_pubmed_abstracts_val_loss,1.0,False
348,metric/the_pile_uspto_backgrounds_val_loss,1.0,False
349,metric/the_pile_arxiv_val_loss,1.0,False
349,metric/the_pile_freelaw_val_loss,1.0,False
349,metric/the_pile_pubmed_central_val_loss,1.0,False
349,metric/the_pile_wikipedia_en_val_loss,1.0,False
349,metric/the_pile_dm_mathematics_val_loss,1.0,False
349,metric/the_pile_github_val_loss,1.0,False
349,metric/the_pile_stackexchange_val_loss,1.0,False
349,metric/the_pile_gutenberg_pg_19_val_loss,1.0,False
349,metric/the_pile_pile_cc_val_loss,1.0,False
349,metric/the_pile_ubuntu_irc_val_loss,1.0,False
349,metric/the_pile_hackernews_val_loss,1.0,False
349,metric/the_pile_pubmed_abstracts_val_loss,1.0,False
349,metric/the_pile_uspto_backgrounds_val_loss,1.0,False
350,metric/the_pile_arxiv_val_loss,1.0,False
350,metric/the_pile_freelaw_val_loss,1.0,False
350,metric/the_pile_pubmed_central_val_loss,1.0,False
350,metric/the_pile_wikipedia_en_val_loss,1.0,False
350,metric/the_pile_dm_mathematics_val_loss,1.0,False
350,metric/the_pile_github_val_loss,1.0,False
350,metric/the_pile_stackexchange_val_loss,1.0,False
350,metric/the_pile_gutenberg_pg_19_val_loss,1.0,False
350,metric/the_pile_pile_cc_val_loss,1.0,False
350,metric/the_pile_ubuntu_irc_val_loss,1.0,False
350,metric/the_pile_hackernews_val_loss,1.0,False
350,metric/the_pile_pubmed_abstracts_val_loss,1.0,False
350,metric/the_pile_uspto_backgrounds_val_loss,1.0,False
351,metric/the_pile_arxiv_val_loss,1.0,False
351,metric/the_pile_freelaw_val_loss,1.0,False
351,metric/the_pile_pubmed_central_val_loss,1.0,False
351,metric/the_pile_wikipedia_en_val_loss,1.0,False
351,metric/the_pile_dm_mathematics_val_loss,1.0,False
351,metric/the_pile_github_val_loss,1.0,False
351,metric/the_pile_stackexchange_val_loss,1.0,False
351,metric/the_pile_gutenberg_pg_19_val_loss,1.0,False
351,metric/the_pile_pile_cc_val_loss,1.0,False
351,metric/the_pile_ubuntu_irc_val_loss,1.0,False
351,metric/the_pile_hackernews_val_loss,1.0,False
351,metric/the_pile_pubmed_abstracts_val_loss,1.0,False
351,metric/the_pile_uspto_backgrounds_val_loss,1.0,False
352,metric/the_pile_arxiv_val_loss,0.5493865890427165,True
352,metric/the_pile_freelaw_val_loss,1.0,False
352,metric/the_pile_pubmed_central_val_loss,0.8802745796009952,True
352,metric/the_pile_wikipedia_en_val_loss,1.0,False
352,metric/the_pile_dm_mathematics_val_loss,1.0,False
352,metric/the_pile_github_val_loss,0.9122876646501661,True
352,metric/the_pile_stackexchange_val_loss,0.7821655458908787,True
352,metric/the_pile_gutenberg_pg_19_val_loss,1.0,False
352,metric/the_pile_pile_cc_val_loss,1.0,False
352,metric/the_pile_ubuntu_irc_val_loss,1.0,False
352,metric/the_pile_hackernews_val_loss,1.0,False
352,metric/the_pile_pubmed_abstracts_val_loss,1.0,False
352,metric/the_pile_uspto_backgrounds_val_loss,1.0,False
353,metric/the_pile_arxiv_val_loss,1.0,False
353,metric/the_pile_freelaw_val_loss,1.0,False
353,metric/the_pile_pubmed_central_val_loss,1.0,False
353,metric/the_pile_wikipedia_en_val_loss,1.0,False
353,metric/the_pile_dm_mathematics_val_loss,1.0,False
353,metric/the_pile_github_val_loss,1.0,False
353,metric/the_pile_stackexchange_val_loss,1.0,False
353,metric/the_pile_gutenberg_pg_19_val_loss,1.0,False
353,metric/the_pile_pile_cc_val_loss,1.0,False
353,metric/the_pile_ubuntu_irc_val_loss,1.0,False
353,metric/the_pile_hackernews_val_loss,1.0,False
353,metric/the_pile_pubmed_abstracts_val_loss,1.0,False
353,metric/the_pile_uspto_backgrounds_val_loss,1.0,False
354,metric/the_pile_arxiv_val_loss,1.0,False
354,metric/the_pile_freelaw_val_loss,1.0,False
354,metric/the_pile_pubmed_central_val_loss,1.0,False
354,metric/the_pile_wikipedia_en_val_loss,1.0,False
354,metric/the_pile_dm_mathematics_val_loss,1.0,False
354,metric/the_pile_github_val_loss,1.0,False
354,metric/the_pile_stackexchange_val_loss,1.0,False
354,metric/the_pile_gutenberg_pg_19_val_loss,1.0,False
354,metric/the_pile_pile_cc_val_loss,1.0,False
354,metric/the_pile_ubuntu_irc_val_loss,1.0,False
354,metric/the_pile_hackernews_val_loss,1.0,False
354,metric/the_pile_pubmed_abstracts_val_loss,1.0,False
354,metric/the_pile_uspto_backgrounds_val_loss,1.0,False
355,metric/the_pile_arxiv_val_loss,1.0,False
355,metric/the_pile_freelaw_val_loss,1.0,False
355,metric/the_pile_pubmed_central_val_loss,1.0,False
355,metric/the_pile_wikipedia_en_val_loss,1.0,False
355,metric/the_pile_dm_mathematics_val_loss,1.0,False
355,metric/the_pile_github_val_loss,1.0,False
355,metric/the_pile_stackexchange_val_loss,1.0,False
355,metric/the_pile_gutenberg_pg_19_val_loss,1.0,False
355,metric/the_pile_pile_cc_val_loss,1.0,False
355,metric/the_pile_ubuntu_irc_val_loss,1.0,False
355,metric/the_pile_hackernews_val_loss,1.0,False
355,metric/the_pile_pubmed_abstracts_val_loss,1.0,False
355,metric/the_pile_uspto_backgrounds_val_loss,1.0,False
356,metric/the_pile_arxiv_val_loss,1.0,False
356,metric/the_pile_freelaw_val_loss,1.0,False
356,metric/the_pile_pubmed_central_val_loss,1.0,False
356,metric/the_pile_wikipedia_en_val_loss,1.0,False
356,metric/the_pile_dm_mathematics_val_loss,1.0,False
356,metric/the_pile_github_val_loss,1.0,False
356,metric/the_pile_stackexchange_val_loss,1.0,False
356,metric/the_pile_gutenberg_pg_19_val_loss,1.0,False
356,metric/the_pile_pile_cc_val_loss,1.0,False
356,metric/the_pile_ubuntu_irc_val_loss,1.0,False
356,metric/the_pile_hackernews_val_loss,1.0,False
356,metric/the_pile_pubmed_abstracts_val_loss,1.0,False
356,metric/the_pile_uspto_backgrounds_val_loss,1.0,False
357,metric/the_pile_arxiv_val_loss,1.0,False
357,metric/the_pile_freelaw_val_loss,1.0,False
357,metric/the_pile_pubmed_central_val_loss,1.0,False
357,metric/the_pile_wikipedia_en_val_loss,1.0,False
357,metric/the_pile_dm_mathematics_val_loss,1.0,False
357,metric/the_pile_github_val_loss,1.0,False
357,metric/the_pile_stackexchange_val_loss,1.0,False
357,metric/the_pile_gutenberg_pg_19_val_loss,1.0,False
357,metric/the_pile_pile_cc_val_loss,1.0,False
357,metric/the_pile_ubuntu_irc_val_loss,1.0,False
357,metric/the_pile_hackernews_val_loss,1.0,False
357,metric/the_pile_pubmed_abstracts_val_loss,1.0,False
357,metric/the_pile_uspto_backgrounds_val_loss,1.0,False
358,metric/the_pile_arxiv_val_loss,1.0,False
358,metric/the_pile_freelaw_val_loss,1.0,False
358,metric/the_pile_pubmed_central_val_loss,1.0,False
358,metric/the_pile_wikipedia_en_val_loss,1.0,False
358,metric/the_pile_dm_mathematics_val_loss,1.0,False
358,metric/the_pile_github_val_loss,1.0,False
358,metric/the_pile_stackexchange_val_loss,1.0,False
358,metric/the_pile_gutenberg_pg_19_val_loss,1.0,False
358,metric/the_pile_pile_cc_val_loss,1.0,False
358,metric/the_pile_ubuntu_irc_val_loss,1.0,False
358,metric/the_pile_hackernews_val_loss,1.0,False
358,metric/the_pile_pubmed_abstracts_val_loss,1.0,False
358,metric/the_pile_uspto_backgrounds_val_loss,1.0,False
359,metric/the_pile_arxiv_val_loss,1.0,False
359,metric/the_pile_freelaw_val_loss,1.0,False
359,metric/the_pile_pubmed_central_val_loss,1.0,False
359,metric/the_pile_wikipedia_en_val_loss,1.0,False
359,metric/the_pile_dm_mathematics_val_loss,1.0,False
359,metric/the_pile_github_val_loss,1.0,False
359,metric/the_pile_stackexchange_val_loss,1.0,False
359,metric/the_pile_gutenberg_pg_19_val_loss,1.0,False
359,metric/the_pile_pile_cc_val_loss,1.0,False
359,metric/the_pile_ubuntu_irc_val_loss,1.0,False
359,metric/the_pile_hackernews_val_loss,1.0,False
359,metric/the_pile_pubmed_abstracts_val_loss,1.0,False
359,metric/the_pile_uspto_backgrounds_val_loss,1.0,False
360,metric/the_pile_arxiv_val_loss,1.0,False
360,metric/the_pile_freelaw_val_loss,1.0,False
360,metric/the_pile_pubmed_central_val_loss,1.0,False
360,metric/the_pile_wikipedia_en_val_loss,1.0,False
360,metric/the_pile_dm_mathematics_val_loss,1.0,False
360,metric/the_pile_github_val_loss,1.0,False
360,metric/the_pile_stackexchange_val_loss,1.0,False
360,metric/the_pile_gutenberg_pg_19_val_loss,1.0,False
360,metric/the_pile_pile_cc_val_loss,1.0,False
360,metric/the_pile_ubuntu_irc_val_loss,1.0,False
360,metric/the_pile_hackernews_val_loss,1.0,False
360,metric/the_pile_pubmed_abstracts_val_loss,1.0,False
360,metric/the_pile_uspto_backgrounds_val_loss,1.0,False
361,metric/the_pile_arxiv_val_loss,1.0,False
361,metric/the_pile_freelaw_val_loss,1.0,False
361,metric/the_pile_pubmed_central_val_loss,1.0,False
361,metric/the_pile_wikipedia_en_val_loss,1.0,False
361,metric/the_pile_dm_mathematics_val_loss,1.0,False
361,metric/the_pile_github_val_loss,1.0,False
361,metric/the_pile_stackexchange_val_loss,1.0,False
361,metric/the_pile_gutenberg_pg_19_val_loss,1.0,False
361,metric/the_pile_pile_cc_val_loss,1.0,False
361,metric/the_pile_ubuntu_irc_val_loss,1.0,False
361,metric/the_pile_hackernews_val_loss,1.0,False
361,metric/the_pile_pubmed_abstracts_val_loss,1.0,False
361,metric/the_pile_uspto_backgrounds_val_loss,1.0,False
362,metric/the_pile_arxiv_val_loss,1.0,False
362,metric/the_pile_freelaw_val_loss,1.0,False
362,metric/the_pile_pubmed_central_val_loss,1.0,False
362,metric/the_pile_wikipedia_en_val_loss,1.0,False
362,metric/the_pile_dm_mathematics_val_loss,1.0,False
362,metric/the_pile_github_val_loss,1.0,False
362,metric/the_pile_stackexchange_val_loss,1.0,False
362,metric/the_pile_gutenberg_pg_19_val_loss,1.0,False
362,metric/the_pile_pile_cc_val_loss,1.0,False
362,metric/the_pile_ubuntu_irc_val_loss,1.0,False
362,metric/the_pile_hackernews_val_loss,1.0,False
362,metric/the_pile_pubmed_abstracts_val_loss,1.0,False
362,metric/the_pile_uspto_backgrounds_val_loss,1.0,False
363,metric/the_pile_arxiv_val_loss,1.0,False
363,metric/the_pile_freelaw_val_loss,1.0,False
363,metric/the_pile_pubmed_central_val_loss,1.0,False
363,metric/the_pile_wikipedia_en_val_loss,1.0,False
363,metric/the_pile_dm_mathematics_val_loss,1.0,False
363,metric/the_pile_github_val_loss,1.0,False
363,metric/the_pile_stackexchange_val_loss,1.0,False
363,metric/the_pile_gutenberg_pg_19_val_loss,1.0,False
363,metric/the_pile_pile_cc_val_loss,1.0,False
363,metric/the_pile_ubuntu_irc_val_loss,1.0,False
363,metric/the_pile_hackernews_val_loss,1.0,False
363,metric/the_pile_pubmed_abstracts_val_loss,1.0,False
363,metric/the_pile_uspto_backgrounds_val_loss,1.0,False
364,metric/the_pile_arxiv_val_loss,1.0,False
364,metric/the_pile_freelaw_val_loss,1.0,False
364,metric/the_pile_pubmed_central_val_loss,1.0,False
364,metric/the_pile_wikipedia_en_val_loss,1.0,False
364,metric/the_pile_dm_mathematics_val_loss,1.0,False
364,metric/the_pile_github_val_loss,1.0,False
364,metric/the_pile_stackexchange_val_loss,1.0,False
364,metric/the_pile_gutenberg_pg_19_val_loss,1.0,False
364,metric/the_pile_pile_cc_val_loss,1.0,False
364,metric/the_pile_ubuntu_irc_val_loss,1.0,False
364,metric/the_pile_hackernews_val_loss,1.0,False
364,metric/the_pile_pubmed_abstracts_val_loss,1.0,False
364,metric/the_pile_uspto_backgrounds_val_loss,1.0,False
365,metric/the_pile_arxiv_val_loss,1.0,False
365,metric/the_pile_freelaw_val_loss,1.0,False
365,metric/the_pile_pubmed_central_val_loss,1.0,False
365,metric/the_pile_wikipedia_en_val_loss,1.0,False
365,metric/the_pile_dm_mathematics_val_loss,1.0,False
365,metric/the_pile_github_val_loss,1.0,False
365,metric/the_pile_stackexchange_val_loss,1.0,False
365,metric/the_pile_gutenberg_pg_19_val_loss,1.0,False
365,metric/the_pile_pile_cc_val_loss,1.0,False
365,metric/the_pile_ubuntu_irc_val_loss,1.0,False
365,metric/the_pile_hackernews_val_loss,1.0,False
365,metric/the_pile_pubmed_abstracts_val_loss,1.0,False
365,metric/the_pile_uspto_backgrounds_val_loss,1.0,False
366,metric/the_pile_arxiv_val_loss,1.0,False
366,metric/the_pile_freelaw_val_loss,1.0,False
366,metric/the_pile_pubmed_central_val_loss,1.0,False
366,metric/the_pile_wikipedia_en_val_loss,1.0,False
366,metric/the_pile_dm_mathematics_val_loss,1.0,False
366,metric/the_pile_github_val_loss,1.0,False
366,metric/the_pile_stackexchange_val_loss,1.0,False
366,metric/the_pile_gutenberg_pg_19_val_loss,1.0,False
366,metric/the_pile_pile_cc_val_loss,1.0,False
366,metric/the_pile_ubuntu_irc_val_loss,1.0,False
366,metric/the_pile_hackernews_val_loss,1.0,False
366,metric/the_pile_pubmed_abstracts_val_loss,1.0,False
366,metric/the_pile_uspto_backgrounds_val_loss,1.0,False
367,metric/the_pile_arxiv_val_loss,1.0,False
367,metric/the_pile_freelaw_val_loss,1.0,False
367,metric/the_pile_pubmed_central_val_loss,1.0,False
367,metric/the_pile_wikipedia_en_val_loss,1.0,False
367,metric/the_pile_dm_mathematics_val_loss,1.0,False
367,metric/the_pile_github_val_loss,1.0,False
367,metric/the_pile_stackexchange_val_loss,1.0,False
367,metric/the_pile_gutenberg_pg_19_val_loss,1.0,False
367,metric/the_pile_pile_cc_val_loss,1.0,False
367,metric/the_pile_ubuntu_irc_val_loss,1.0,False
367,metric/the_pile_hackernews_val_loss,1.0,False
367,metric/the_pile_pubmed_abstracts_val_loss,1.0,False
367,metric/the_pile_uspto_backgrounds_val_loss,1.0,False
368,metric/the_pile_arxiv_val_loss,1.0,False
368,metric/the_pile_freelaw_val_loss,1.0,False
368,metric/the_pile_pubmed_central_val_loss,1.0,False
368,metric/the_pile_wikipedia_en_val_loss,1.0,False
368,metric/the_pile_dm_mathematics_val_loss,1.0,False
368,metric/the_pile_github_val_loss,1.0,False
368,metric/the_pile_stackexchange_val_loss,1.0,False
368,metric/the_pile_gutenberg_pg_19_val_loss,1.0,False
368,metric/the_pile_pile_cc_val_loss,1.0,False
368,metric/the_pile_ubuntu_irc_val_loss,1.0,False
368,metric/the_pile_hackernews_val_loss,1.0,False
368,metric/the_pile_pubmed_abstracts_val_loss,1.0,False
368,metric/the_pile_uspto_backgrounds_val_loss,1.0,False
369,metric/the_pile_arxiv_val_loss,1.0,False
369,metric/the_pile_freelaw_val_loss,1.0,False
369,metric/the_pile_pubmed_central_val_loss,1.0,False
369,metric/the_pile_wikipedia_en_val_loss,1.0,False
369,metric/the_pile_dm_mathematics_val_loss,1.0,False
369,metric/the_pile_github_val_loss,1.0,False
369,metric/the_pile_stackexchange_val_loss,1.0,False
369,metric/the_pile_gutenberg_pg_19_val_loss,1.0,False
369,metric/the_pile_pile_cc_val_loss,1.0,False
369,metric/the_pile_ubuntu_irc_val_loss,1.0,False
369,metric/the_pile_hackernews_val_loss,1.0,False
369,metric/the_pile_pubmed_abstracts_val_loss,1.0,False
369,metric/the_pile_uspto_backgrounds_val_loss,1.0,False
370,metric/the_pile_arxiv_val_loss,1.0,False
370,metric/the_pile_freelaw_val_loss,1.0,False
370,metric/the_pile_pubmed_central_val_loss,1.0,False
370,metric/the_pile_wikipedia_en_val_loss,1.0,False
370,metric/the_pile_dm_mathematics_val_loss,1.0,False
370,metric/the_pile_github_val_loss,1.0,False
370,metric/the_pile_stackexchange_val_loss,1.0,False
370,metric/the_pile_gutenberg_pg_19_val_loss,1.0,False
370,metric/the_pile_pile_cc_val_loss,1.0,False
370,metric/the_pile_ubuntu_irc_val_loss,1.0,False
370,metric/the_pile_hackernews_val_loss,1.0,False
370,metric/the_pile_pubmed_abstracts_val_loss,1.0,False
370,metric/the_pile_uspto_backgrounds_val_loss,1.0,False
371,metric/the_pile_arxiv_val_loss,1.0,False
371,metric/the_pile_freelaw_val_loss,1.0,False
371,metric/the_pile_pubmed_central_val_loss,1.0,False
371,metric/the_pile_wikipedia_en_val_loss,1.0,False
371,metric/the_pile_dm_mathematics_val_loss,1.0,False
371,metric/the_pile_github_val_loss,1.0,False
371,metric/the_pile_stackexchange_val_loss,1.0,False
371,metric/the_pile_gutenberg_pg_19_val_loss,1.0,False
371,metric/the_pile_pile_cc_val_loss,1.0,False
371,metric/the_pile_ubuntu_irc_val_loss,1.0,False
371,metric/the_pile_hackernews_val_loss,0.9687269009322591,True
371,metric/the_pile_pubmed_abstracts_val_loss,1.0,False
371,metric/the_pile_uspto_backgrounds_val_loss,1.0,False
372,metric/the_pile_arxiv_val_loss,1.0,False
372,metric/the_pile_freelaw_val_loss,1.0,False
372,metric/the_pile_pubmed_central_val_loss,1.0,False
372,metric/the_pile_wikipedia_en_val_loss,1.0,False
372,metric/the_pile_dm_mathematics_val_loss,1.0,False
372,metric/the_pile_github_val_loss,1.0,False
372,metric/the_pile_stackexchange_val_loss,1.0,False
372,metric/the_pile_gutenberg_pg_19_val_loss,1.0,False
372,metric/the_pile_pile_cc_val_loss,1.0,False
372,metric/the_pile_ubuntu_irc_val_loss,1.0,False
372,metric/the_pile_hackernews_val_loss,1.0,False
372,metric/the_pile_pubmed_abstracts_val_loss,1.0,False
372,metric/the_pile_uspto_backgrounds_val_loss,1.0,False
373,metric/the_pile_arxiv_val_loss,0.7155836847478954,True
373,metric/the_pile_freelaw_val_loss,1.0,False
373,metric/the_pile_pubmed_central_val_loss,1.0,False
373,metric/the_pile_wikipedia_en_val_loss,1.0,False
373,metric/the_pile_dm_mathematics_val_loss,1.0,False
373,metric/the_pile_github_val_loss,1.0,False
373,metric/the_pile_stackexchange_val_loss,1.0,False
373,metric/the_pile_gutenberg_pg_19_val_loss,1.0,False
373,metric/the_pile_pile_cc_val_loss,1.0,False
373,metric/the_pile_ubuntu_irc_val_loss,1.0,False
373,metric/the_pile_hackernews_val_loss,1.0,False
373,metric/the_pile_pubmed_abstracts_val_loss,1.0,False
373,metric/the_pile_uspto_backgrounds_val_loss,1.0,False
374,metric/the_pile_arxiv_val_loss,1.0,False
374,metric/the_pile_freelaw_val_loss,1.0,False
374,metric/the_pile_pubmed_central_val_loss,1.0,False
374,metric/the_pile_wikipedia_en_val_loss,1.0,False
374,metric/the_pile_dm_mathematics_val_loss,1.0,False
374,metric/the_pile_github_val_loss,1.0,False
374,metric/the_pile_stackexchange_val_loss,1.0,False
374,metric/the_pile_gutenberg_pg_19_val_loss,1.0,False
374,metric/the_pile_pile_cc_val_loss,1.0,False
374,metric/the_pile_ubuntu_irc_val_loss,1.0,False
374,metric/the_pile_hackernews_val_loss,1.0,False
374,metric/the_pile_pubmed_abstracts_val_loss,1.0,False
374,metric/the_pile_uspto_backgrounds_val_loss,1.0,False
375,metric/the_pile_arxiv_val_loss,1.0,False
375,metric/the_pile_freelaw_val_loss,1.0,False
375,metric/the_pile_pubmed_central_val_loss,1.0,False
375,metric/the_pile_wikipedia_en_val_loss,1.0,False
375,metric/the_pile_dm_mathematics_val_loss,1.0,False
375,metric/the_pile_github_val_loss,1.0,False
375,metric/the_pile_stackexchange_val_loss,1.0,False
375,metric/the_pile_gutenberg_pg_19_val_loss,1.0,False
375,metric/the_pile_pile_cc_val_loss,1.0,False
375,metric/the_pile_ubuntu_irc_val_loss,1.0,False
375,metric/the_pile_hackernews_val_loss,1.0,False
375,metric/the_pile_pubmed_abstracts_val_loss,1.0,False
375,metric/the_pile_uspto_backgrounds_val_loss,1.0,False
376,metric/the_pile_arxiv_val_loss,1.0,False
376,metric/the_pile_freelaw_val_loss,1.0,False
376,metric/the_pile_pubmed_central_val_loss,1.0,False
376,metric/the_pile_wikipedia_en_val_loss,1.0,False
376,metric/the_pile_dm_mathematics_val_loss,1.0,False
376,metric/the_pile_github_val_loss,1.0,False
376,metric/the_pile_stackexchange_val_loss,1.0,False
376,metric/the_pile_gutenberg_pg_19_val_loss,1.0,False
376,metric/the_pile_pile_cc_val_loss,1.0,False
376,metric/the_pile_ubuntu_irc_val_loss,1.0,False
376,metric/the_pile_hackernews_val_loss,1.0,False
376,metric/the_pile_pubmed_abstracts_val_loss,1.0,False
376,metric/the_pile_uspto_backgrounds_val_loss,1.0,False
377,metric/the_pile_arxiv_val_loss,1.0,False
377,metric/the_pile_freelaw_val_loss,1.0,False
377,metric/the_pile_pubmed_central_val_loss,1.0,False
377,metric/the_pile_wikipedia_en_val_loss,1.0,False
377,metric/the_pile_dm_mathematics_val_loss,1.0,False
377,metric/the_pile_github_val_loss,1.0,False
377,metric/the_pile_stackexchange_val_loss,1.0,False
377,metric/the_pile_gutenberg_pg_19_val_loss,1.0,False
377,metric/the_pile_pile_cc_val_loss,1.0,False
377,metric/the_pile_ubuntu_irc_val_loss,1.0,False
377,metric/the_pile_hackernews_val_loss,1.0,False
377,metric/the_pile_pubmed_abstracts_val_loss,1.0,False
377,metric/the_pile_uspto_backgrounds_val_loss,1.0,False
378,metric/the_pile_arxiv_val_loss,1.0,False
378,metric/the_pile_freelaw_val_loss,1.0,False
378,metric/the_pile_pubmed_central_val_loss,1.0,False
378,metric/the_pile_wikipedia_en_val_loss,1.0,False
378,metric/the_pile_dm_mathematics_val_loss,1.0,False
378,metric/the_pile_github_val_loss,1.0,False
378,metric/the_pile_stackexchange_val_loss,1.0,False
378,metric/the_pile_gutenberg_pg_19_val_loss,1.0,False
378,metric/the_pile_pile_cc_val_loss,1.0,False
378,metric/the_pile_ubuntu_irc_val_loss,1.0,False
378,metric/the_pile_hackernews_val_loss,1.0,False
378,metric/the_pile_pubmed_abstracts_val_loss,1.0,False
378,metric/the_pile_uspto_backgrounds_val_loss,1.0,False
379,metric/the_pile_arxiv_val_loss,1.0,False
379,metric/the_pile_freelaw_val_loss,1.0,False
379,metric/the_pile_pubmed_central_val_loss,1.0,False
379,metric/the_pile_wikipedia_en_val_loss,1.0,False
379,metric/the_pile_dm_mathematics_val_loss,1.0,False
379,metric/the_pile_github_val_loss,1.0,False
379,metric/the_pile_stackexchange_val_loss,1.0,False
379,metric/the_pile_gutenberg_pg_19_val_loss,1.0,False
379,metric/the_pile_pile_cc_val_loss,1.0,False
379,metric/the_pile_ubuntu_irc_val_loss,1.0,False
379,metric/the_pile_hackernews_val_loss,1.0,False
379,metric/the_pile_pubmed_abstracts_val_loss,1.0,False
379,metric/the_pile_uspto_backgrounds_val_loss,1.0,False
380,metric/the_pile_arxiv_val_loss,0.6167496764883642,True
380,metric/the_pile_freelaw_val_loss,1.0,False
380,metric/the_pile_pubmed_central_val_loss,0.905566618267767,True
380,metric/the_pile_wikipedia_en_val_loss,1.0,False
380,metric/the_pile_dm_mathematics_val_loss,1.0,False
380,metric/the_pile_github_val_loss,1.0,False
380,metric/the_pile_stackexchange_val_loss,1.0,False
380,metric/the_pile_gutenberg_pg_19_val_loss,1.0,False
380,metric/the_pile_pile_cc_val_loss,1.0,False
380,metric/the_pile_ubuntu_irc_val_loss,1.0,False
380,metric/the_pile_hackernews_val_loss,1.0,False
380,metric/the_pile_pubmed_abstracts_val_loss,1.0,False
380,metric/the_pile_uspto_backgrounds_val_loss,1.0,False
381,metric/the_pile_arxiv_val_loss,1.0,False
381,metric/the_pile_freelaw_val_loss,1.0,False
381,metric/the_pile_pubmed_central_val_loss,1.0,False
381,metric/the_pile_wikipedia_en_val_loss,1.0,False
381,metric/the_pile_dm_mathematics_val_loss,1.0,False
381,metric/the_pile_github_val_loss,1.0,False
381,metric/the_pile_stackexchange_val_loss,1.0,False
381,metric/the_pile_gutenberg_pg_19_val_loss,1.0,False
381,metric/the_pile_pile_cc_val_loss,1.0,False
381,metric/the_pile_ubuntu_irc_val_loss,1.0,False
381,metric/the_pile_hackernews_val_loss,1.0,False
381,metric/the_pile_pubmed_abstracts_val_loss,1.0,False
381,metric/the_pile_uspto_backgrounds_val_loss,1.0,False
382,metric/the_pile_arxiv_val_loss,1.0,False
382,metric/the_pile_freelaw_val_loss,1.0,False
382,metric/the_pile_pubmed_central_val_loss,1.0,False
382,metric/the_pile_wikipedia_en_val_loss,1.0,False
382,metric/the_pile_dm_mathematics_val_loss,1.0,False
382,metric/the_pile_github_val_loss,0.8444716125400634,True
382,metric/the_pile_stackexchange_val_loss,0.8153233695904895,True
382,metric/the_pile_gutenberg_pg_19_val_loss,1.0,False
382,metric/the_pile_pile_cc_val_loss,1.0,False
382,metric/the_pile_ubuntu_irc_val_loss,1.0,False
382,metric/the_pile_hackernews_val_loss,1.0,False
382,metric/the_pile_pubmed_abstracts_val_loss,1.0,False
382,metric/the_pile_uspto_backgrounds_val_loss,1.0,False
383,metric/the_pile_arxiv_val_loss,0.9565300720044497,True
383,metric/the_pile_freelaw_val_loss,0.8899962132020328,True
383,metric/the_pile_pubmed_central_val_loss,0.5959425795296396,True
383,metric/the_pile_wikipedia_en_val_loss,0.6653931367020546,True
383,metric/the_pile_dm_mathematics_val_loss,1.0,False
383,metric/the_pile_github_val_loss,1.0,False
383,metric/the_pile_stackexchange_val_loss,1.0,False
383,metric/the_pile_gutenberg_pg_19_val_loss,0.6537808769692518,True
383,metric/the_pile_pile_cc_val_loss,0.8148594060573071,True
383,metric/the_pile_ubuntu_irc_val_loss,1.0,False
383,metric/the_pile_hackernews_val_loss,0.8829175939454834,True
383,metric/the_pile_pubmed_abstracts_val_loss,0.5101940830283296,True
383,metric/the_pile_uspto_backgrounds_val_loss,0.6594557512559049,True
384,metric/the_pile_arxiv_val_loss,1.0,False
384,metric/the_pile_freelaw_val_loss,1.0,False
384,metric/the_pile_pubmed_central_val_loss,1.0,False
384,metric/the_pile_wikipedia_en_val_loss,1.0,False
384,metric/the_pile_dm_mathematics_val_loss,1.0,False
384,metric/the_pile_github_val_loss,1.0,False
384,metric/the_pile_stackexchange_val_loss,1.0,False
384,metric/the_pile_gutenberg_pg_19_val_loss,1.0,False
384,metric/the_pile_pile_cc_val_loss,1.0,False
384,metric/the_pile_ubuntu_irc_val_loss,0.7573027149321383,True
384,metric/the_pile_hackernews_val_loss,1.0,False
384,metric/the_pile_pubmed_abstracts_val_loss,1.0,False
384,metric/the_pile_uspto_backgrounds_val_loss,1.0,False
385,metric/the_pile_arxiv_val_loss,1.0,False
385,metric/the_pile_freelaw_val_loss,1.0,False
385,metric/the_pile_pubmed_central_val_loss,1.0,False
385,metric/the_pile_wikipedia_en_val_loss,1.0,False
385,metric/the_pile_dm_mathematics_val_loss,1.0,False
385,metric/the_pile_github_val_loss,1.0,False
385,metric/the_pile_stackexchange_val_loss,1.0,False
385,metric/the_pile_gutenberg_pg_19_val_loss,1.0,False
385,metric/the_pile_pile_cc_val_loss,1.0,False
385,metric/the_pile_ubuntu_irc_val_loss,1.0,False
385,metric/the_pile_hackernews_val_loss,1.0,False
385,metric/the_pile_pubmed_abstracts_val_loss,1.0,False
385,metric/the_pile_uspto_backgrounds_val_loss,1.0,False
386,metric/the_pile_arxiv_val_loss,1.0,False
386,metric/the_pile_freelaw_val_loss,1.0,False
386,metric/the_pile_pubmed_central_val_loss,1.0,False
386,metric/the_pile_wikipedia_en_val_loss,1.0,False
386,metric/the_pile_dm_mathematics_val_loss,1.0,False
386,metric/the_pile_github_val_loss,0.6593906792953877,True
386,metric/the_pile_stackexchange_val_loss,0.6816741435723679,True
386,metric/the_pile_gutenberg_pg_19_val_loss,0.7630576918500829,True
386,metric/the_pile_pile_cc_val_loss,0.8321894869510141,True
386,metric/the_pile_ubuntu_irc_val_loss,1.0,False
386,metric/the_pile_hackernews_val_loss,0.6020658617718917,True
386,metric/the_pile_pubmed_abstracts_val_loss,1.0,False
386,metric/the_pile_uspto_backgrounds_val_loss,1.0,False
387,metric/the_pile_arxiv_val_loss,0.6778849574274235,True
387,metric/the_pile_freelaw_val_loss,0.8624497758538354,True
387,metric/the_pile_pubmed_central_val_loss,1.0,False
387,metric/the_pile_wikipedia_en_val_loss,1.0,False
387,metric/the_pile_dm_mathematics_val_loss,1.0,False
387,metric/the_pile_github_val_loss,0.8247699207511183,True
387,metric/the_pile_stackexchange_val_loss,0.9354731105889212,True
387,metric/the_pile_gutenberg_pg_19_val_loss,0.8809072036373957,True
387,metric/the_pile_pile_cc_val_loss,1.0,False
387,metric/the_pile_ubuntu_irc_val_loss,1.0,False
387,metric/the_pile_hackernews_val_loss,1.0,False
387,metric/the_pile_pubmed_abstracts_val_loss,1.0,False
387,metric/the_pile_uspto_backgrounds_val_loss,1.0,False
388,metric/the_pile_arxiv_val_loss,1.0,False
388,metric/the_pile_freelaw_val_loss,1.0,False
388,metric/the_pile_pubmed_central_val_loss,1.0,False
388,metric/the_pile_wikipedia_en_val_loss,1.0,False
388,metric/the_pile_dm_mathematics_val_loss,1.0,False
388,metric/the_pile_github_val_loss,1.0,False
388,metric/the_pile_stackexchange_val_loss,1.0,False
388,metric/the_pile_gutenberg_pg_19_val_loss,1.0,False
388,metric/the_pile_pile_cc_val_loss,1.0,False
388,metric/the_pile_ubuntu_irc_val_loss,1.0,False
388,metric/the_pile_hackernews_val_loss,1.0,False
388,metric/the_pile_pubmed_abstracts_val_loss,1.0,False
388,metric/the_pile_uspto_backgrounds_val_loss,1.0,False
389,metric/the_pile_arxiv_val_loss,1.0,False
389,metric/the_pile_freelaw_val_loss,1.0,False
389,metric/the_pile_pubmed_central_val_loss,1.0,False
389,metric/the_pile_wikipedia_en_val_loss,1.0,False
389,metric/the_pile_dm_mathematics_val_loss,1.0,False
389,metric/the_pile_github_val_loss,1.0,False
389,metric/the_pile_stackexchange_val_loss,1.0,False
389,metric/the_pile_gutenberg_pg_19_val_loss,1.0,False
389,metric/the_pile_pile_cc_val_loss,1.0,False
389,metric/the_pile_ubuntu_irc_val_loss,1.0,False
389,metric/the_pile_hackernews_val_loss,1.0,False
389,metric/the_pile_pubmed_abstracts_val_loss,1.0,False
389,metric/the_pile_uspto_backgrounds_val_loss,1.0,False
390,metric/the_pile_arxiv_val_loss,1.0,False
390,metric/the_pile_freelaw_val_loss,1.0,False
390,metric/the_pile_pubmed_central_val_loss,1.0,False
390,metric/the_pile_wikipedia_en_val_loss,1.0,False
390,metric/the_pile_dm_mathematics_val_loss,1.0,False
390,metric/the_pile_github_val_loss,1.0,False
390,metric/the_pile_stackexchange_val_loss,1.0,False
390,metric/the_pile_gutenberg_pg_19_val_loss,1.0,False
390,metric/the_pile_pile_cc_val_loss,1.0,False
390,metric/the_pile_ubuntu_irc_val_loss,1.0,False
390,metric/the_pile_hackernews_val_loss,1.0,False
390,metric/the_pile_pubmed_abstracts_val_loss,1.0,False
390,metric/the_pile_uspto_backgrounds_val_loss,1.0,False
391,metric/the_pile_arxiv_val_loss,1.0,False
391,metric/the_pile_freelaw_val_loss,1.0,False
391,metric/the_pile_pubmed_central_val_loss,1.0,False
391,metric/the_pile_wikipedia_en_val_loss,1.0,False
391,metric/the_pile_dm_mathematics_val_loss,1.0,False
391,metric/the_pile_github_val_loss,1.0,False
391,metric/the_pile_stackexchange_val_loss,1.0,False
391,metric/the_pile_gutenberg_pg_19_val_loss,1.0,False
391,metric/the_pile_pile_cc_val_loss,1.0,False
391,metric/the_pile_ubuntu_irc_val_loss,1.0,False
391,metric/the_pile_hackernews_val_loss,1.0,False
391,metric/the_pile_pubmed_abstracts_val_loss,1.0,False
391,metric/the_pile_uspto_backgrounds_val_loss,1.0,False
392,metric/the_pile_arxiv_val_loss,1.0,False
392,metric/the_pile_freelaw_val_loss,1.0,False
392,metric/the_pile_pubmed_central_val_loss,1.0,False
392,metric/the_pile_wikipedia_en_val_loss,1.0,False
392,metric/the_pile_dm_mathematics_val_loss,1.0,False
392,metric/the_pile_github_val_loss,1.0,False
392,metric/the_pile_stackexchange_val_loss,1.0,False
392,metric/the_pile_gutenberg_pg_19_val_loss,1.0,False
392,metric/the_pile_pile_cc_val_loss,1.0,False
392,metric/the_pile_ubuntu_irc_val_loss,1.0,False
392,metric/the_pile_hackernews_val_loss,1.0,False
392,metric/the_pile_pubmed_abstracts_val_loss,1.0,False
392,metric/the_pile_uspto_backgrounds_val_loss,1.0,False
393,metric/the_pile_arxiv_val_loss,1.0,False
393,metric/the_pile_freelaw_val_loss,1.0,False
393,metric/the_pile_pubmed_central_val_loss,1.0,False
393,metric/the_pile_wikipedia_en_val_loss,1.0,False
393,metric/the_pile_dm_mathematics_val_loss,1.0,False
393,metric/the_pile_github_val_loss,1.0,False
393,metric/the_pile_stackexchange_val_loss,1.0,False
393,metric/the_pile_gutenberg_pg_19_val_loss,1.0,False
393,metric/the_pile_pile_cc_val_loss,1.0,False
393,metric/the_pile_ubuntu_irc_val_loss,1.0,False
393,metric/the_pile_hackernews_val_loss,1.0,False
393,metric/the_pile_pubmed_abstracts_val_loss,1.0,False
393,metric/the_pile_uspto_backgrounds_val_loss,1.0,False
394,metric/the_pile_arxiv_val_loss,1.0,False
394,metric/the_pile_freelaw_val_loss,1.0,False
394,metric/the_pile_pubmed_central_val_loss,1.0,False
394,metric/the_pile_wikipedia_en_val_loss,1.0,False
394,metric/the_pile_dm_mathematics_val_loss,1.0,False
394,metric/the_pile_github_val_loss,1.0,False
394,metric/the_pile_stackexchange_val_loss,1.0,False
394,metric/the_pile_gutenberg_pg_19_val_loss,1.0,False
394,metric/the_pile_pile_cc_val_loss,1.0,False
394,metric/the_pile_ubuntu_irc_val_loss,1.0,False
394,metric/the_pile_hackernews_val_loss,1.0,False
394,metric/the_pile_pubmed_abstracts_val_loss,1.0,False
394,metric/the_pile_uspto_backgrounds_val_loss,1.0,False
395,metric/the_pile_arxiv_val_loss,1.0,False
395,metric/the_pile_freelaw_val_loss,1.0,False
395,metric/the_pile_pubmed_central_val_loss,1.0,False
395,metric/the_pile_wikipedia_en_val_loss,1.0,False
395,metric/the_pile_dm_mathematics_val_loss,1.0,False
395,metric/the_pile_github_val_loss,1.0,False
395,metric/the_pile_stackexchange_val_loss,1.0,False
395,metric/the_pile_gutenberg_pg_19_val_loss,1.0,False
395,metric/the_pile_pile_cc_val_loss,1.0,False
395,metric/the_pile_ubuntu_irc_val_loss,1.0,False
395,metric/the_pile_hackernews_val_loss,1.0,False
395,metric/the_pile_pubmed_abstracts_val_loss,1.0,False
395,metric/the_pile_uspto_backgrounds_val_loss,1.0,False
396,metric/the_pile_arxiv_val_loss,1.0,False
396,metric/the_pile_freelaw_val_loss,1.0,False
396,metric/the_pile_pubmed_central_val_loss,1.0,False
396,metric/the_pile_wikipedia_en_val_loss,1.0,False
396,metric/the_pile_dm_mathematics_val_loss,1.0,False
396,metric/the_pile_github_val_loss,1.0,False
396,metric/the_pile_stackexchange_val_loss,1.0,False
396,metric/the_pile_gutenberg_pg_19_val_loss,1.0,False
396,metric/the_pile_pile_cc_val_loss,1.0,False
396,metric/the_pile_ubuntu_irc_val_loss,1.0,False
396,metric/the_pile_hackernews_val_loss,1.0,False
396,metric/the_pile_pubmed_abstracts_val_loss,1.0,False
396,metric/the_pile_uspto_backgrounds_val_loss,1.0,False
397,metric/the_pile_arxiv_val_loss,1.0,False
397,metric/the_pile_freelaw_val_loss,1.0,False
397,metric/the_pile_pubmed_central_val_loss,1.0,False
397,metric/the_pile_wikipedia_en_val_loss,1.0,False
397,metric/the_pile_dm_mathematics_val_loss,1.0,False
397,metric/the_pile_github_val_loss,1.0,False
397,metric/the_pile_stackexchange_val_loss,1.0,False
397,metric/the_pile_gutenberg_pg_19_val_loss,1.0,False
397,metric/the_pile_pile_cc_val_loss,1.0,False
397,metric/the_pile_ubuntu_irc_val_loss,1.0,False
397,metric/the_pile_hackernews_val_loss,1.0,False
397,metric/the_pile_pubmed_abstracts_val_loss,1.0,False
397,metric/the_pile_uspto_backgrounds_val_loss,1.0,False
398,metric/the_pile_arxiv_val_loss,1.0,False
398,metric/the_pile_freelaw_val_loss,1.0,False
398,metric/the_pile_pubmed_central_val_loss,1.0,False
398,metric/the_pile_wikipedia_en_val_loss,1.0,False
398,metric/the_pile_dm_mathematics_val_loss,1.0,False
398,metric/the_pile_github_val_loss,1.0,False
398,metric/the_pile_stackexchange_val_loss,1.0,False
398,metric/the_pile_gutenberg_pg_19_val_loss,1.0,False
398,metric/the_pile_pile_cc_val_loss,1.0,False
398,metric/the_pile_ubuntu_irc_val_loss,1.0,False
398,metric/the_pile_hackernews_val_loss,1.0,False
398,metric/the_pile_pubmed_abstracts_val_loss,1.0,False
398,metric/the_pile_uspto_backgrounds_val_loss,1.0,False
399,metric/the_pile_arxiv_val_loss,1.0,False
399,metric/the_pile_freelaw_val_loss,1.0,False
399,metric/the_pile_pubmed_central_val_loss,1.0,False
399,metric/the_pile_wikipedia_en_val_loss,1.0,False
399,metric/the_pile_dm_mathematics_val_loss,1.0,False
399,metric/the_pile_github_val_loss,1.0,False
399,metric/the_pile_stackexchange_val_loss,1.0,False
399,metric/the_pile_gutenberg_pg_19_val_loss,1.0,False
399,metric/the_pile_pile_cc_val_loss,1.0,False
399,metric/the_pile_ubuntu_irc_val_loss,1.0,False
399,metric/the_pile_hackernews_val_loss,1.0,False
399,metric/the_pile_pubmed_abstracts_val_loss,1.0,False
399,metric/the_pile_uspto_backgrounds_val_loss,1.0,False
400,metric/the_pile_arxiv_val_loss,1.0,False
400,metric/the_pile_freelaw_val_loss,1.0,False
400,metric/the_pile_pubmed_central_val_loss,1.0,False
400,metric/the_pile_wikipedia_en_val_loss,1.0,False
400,metric/the_pile_dm_mathematics_val_loss,1.0,False
400,metric/the_pile_github_val_loss,1.0,False
400,metric/the_pile_stackexchange_val_loss,1.0,False
400,metric/the_pile_gutenberg_pg_19_val_loss,1.0,False
400,metric/the_pile_pile_cc_val_loss,1.0,False
400,metric/the_pile_ubuntu_irc_val_loss,1.0,False
400,metric/the_pile_hackernews_val_loss,1.0,False
400,metric/the_pile_pubmed_abstracts_val_loss,1.0,False
400,metric/the_pile_uspto_backgrounds_val_loss,1.0,False
401,metric/the_pile_arxiv_val_loss,1.0,False
401,metric/the_pile_freelaw_val_loss,1.0,False
401,metric/the_pile_pubmed_central_val_loss,1.0,False
401,metric/the_pile_wikipedia_en_val_loss,1.0,False
401,metric/the_pile_dm_mathematics_val_loss,1.0,False
401,metric/the_pile_github_val_loss,1.0,False
401,metric/the_pile_stackexchange_val_loss,1.0,False
401,metric/the_pile_gutenberg_pg_19_val_loss,1.0,False
401,metric/the_pile_pile_cc_val_loss,1.0,False
401,metric/the_pile_ubuntu_irc_val_loss,1.0,False
401,metric/the_pile_hackernews_val_loss,1.0,False
401,metric/the_pile_pubmed_abstracts_val_loss,1.0,False
401,metric/the_pile_uspto_backgrounds_val_loss,1.0,False
402,metric/the_pile_arxiv_val_loss,1.0,False
402,metric/the_pile_freelaw_val_loss,1.0,False
402,metric/the_pile_pubmed_central_val_loss,1.0,False
402,metric/the_pile_wikipedia_en_val_loss,1.0,False
402,metric/the_pile_dm_mathematics_val_loss,1.0,False
402,metric/the_pile_github_val_loss,1.0,False
402,metric/the_pile_stackexchange_val_loss,1.0,False
402,metric/the_pile_gutenberg_pg_19_val_loss,1.0,False
402,metric/the_pile_pile_cc_val_loss,1.0,False
402,metric/the_pile_ubuntu_irc_val_loss,1.0,False
402,metric/the_pile_hackernews_val_loss,1.0,False
402,metric/the_pile_pubmed_abstracts_val_loss,1.0,False
402,metric/the_pile_uspto_backgrounds_val_loss,1.0,False
403,metric/the_pile_arxiv_val_loss,1.0,False
403,metric/the_pile_freelaw_val_loss,1.0,False
403,metric/the_pile_pubmed_central_val_loss,1.0,False
403,metric/the_pile_wikipedia_en_val_loss,1.0,False
403,metric/the_pile_dm_mathematics_val_loss,1.0,False
403,metric/the_pile_github_val_loss,1.0,False
403,metric/the_pile_stackexchange_val_loss,1.0,False
403,metric/the_pile_gutenberg_pg_19_val_loss,1.0,False
403,metric/the_pile_pile_cc_val_loss,1.0,False
403,metric/the_pile_ubuntu_irc_val_loss,1.0,False
403,metric/the_pile_hackernews_val_loss,1.0,False
403,metric/the_pile_pubmed_abstracts_val_loss,1.0,False
403,metric/the_pile_uspto_backgrounds_val_loss,1.0,False
404,metric/the_pile_arxiv_val_loss,1.0,False
404,metric/the_pile_freelaw_val_loss,1.0,False
404,metric/the_pile_pubmed_central_val_loss,1.0,False
404,metric/the_pile_wikipedia_en_val_loss,1.0,False
404,metric/the_pile_dm_mathematics_val_loss,1.0,False
404,metric/the_pile_github_val_loss,1.0,False
404,metric/the_pile_stackexchange_val_loss,1.0,False
404,metric/the_pile_gutenberg_pg_19_val_loss,1.0,False
404,metric/the_pile_pile_cc_val_loss,1.0,False
404,metric/the_pile_ubuntu_irc_val_loss,1.0,False
404,metric/the_pile_hackernews_val_loss,1.0,False
404,metric/the_pile_pubmed_abstracts_val_loss,1.0,False
404,metric/the_pile_uspto_backgrounds_val_loss,1.0,False
405,metric/the_pile_arxiv_val_loss,1.0,False
405,metric/the_pile_freelaw_val_loss,1.0,False
405,metric/the_pile_pubmed_central_val_loss,1.0,False
405,metric/the_pile_wikipedia_en_val_loss,1.0,False
405,metric/the_pile_dm_mathematics_val_loss,1.0,False
405,metric/the_pile_github_val_loss,0.8252874215899253,True
405,metric/the_pile_stackexchange_val_loss,0.8727226774517601,True
405,metric/the_pile_gutenberg_pg_19_val_loss,1.0,False
405,metric/the_pile_pile_cc_val_loss,1.0,False
405,metric/the_pile_ubuntu_irc_val_loss,1.0,False
405,metric/the_pile_hackernews_val_loss,1.0,False
405,metric/the_pile_pubmed_abstracts_val_loss,1.0,False
405,metric/the_pile_uspto_backgrounds_val_loss,1.0,False
406,metric/the_pile_arxiv_val_loss,1.0,False
406,metric/the_pile_freelaw_val_loss,1.0,False
406,metric/the_pile_pubmed_central_val_loss,1.0,False
406,metric/the_pile_wikipedia_en_val_loss,1.0,False
406,metric/the_pile_dm_mathematics_val_loss,1.0,False
406,metric/the_pile_github_val_loss,1.0,False
406,metric/the_pile_stackexchange_val_loss,1.0,False
406,metric/the_pile_gutenberg_pg_19_val_loss,1.0,False
406,metric/the_pile_pile_cc_val_loss,1.0,False
406,metric/the_pile_ubuntu_irc_val_loss,1.0,False
406,metric/the_pile_hackernews_val_loss,1.0,False
406,metric/the_pile_pubmed_abstracts_val_loss,1.0,False
406,metric/the_pile_uspto_backgrounds_val_loss,1.0,False
407,metric/the_pile_arxiv_val_loss,1.0,False
407,metric/the_pile_freelaw_val_loss,1.0,False
407,metric/the_pile_pubmed_central_val_loss,1.0,False
407,metric/the_pile_wikipedia_en_val_loss,1.0,False
407,metric/the_pile_dm_mathematics_val_loss,1.0,False
407,metric/the_pile_github_val_loss,1.0,False
407,metric/the_pile_stackexchange_val_loss,1.0,False
407,metric/the_pile_gutenberg_pg_19_val_loss,1.0,False
407,metric/the_pile_pile_cc_val_loss,1.0,False
407,metric/the_pile_ubuntu_irc_val_loss,1.0,False
407,metric/the_pile_hackernews_val_loss,1.0,False
407,metric/the_pile_pubmed_abstracts_val_loss,1.0,False
407,metric/the_pile_uspto_backgrounds_val_loss,1.0,False
408,metric/the_pile_arxiv_val_loss,1.0,False
408,metric/the_pile_freelaw_val_loss,1.0,False
408,metric/the_pile_pubmed_central_val_loss,1.0,False
408,metric/the_pile_wikipedia_en_val_loss,1.0,False
408,metric/the_pile_dm_mathematics_val_loss,1.0,False
408,metric/the_pile_github_val_loss,1.0,False
408,metric/the_pile_stackexchange_val_loss,1.0,False
408,metric/the_pile_gutenberg_pg_19_val_loss,1.0,False
408,metric/the_pile_pile_cc_val_loss,1.0,False
408,metric/the_pile_ubuntu_irc_val_loss,1.0,False
408,metric/the_pile_hackernews_val_loss,1.0,False
408,metric/the_pile_pubmed_abstracts_val_loss,1.0,False
408,metric/the_pile_uspto_backgrounds_val_loss,1.0,False
409,metric/the_pile_arxiv_val_loss,1.0,False
409,metric/the_pile_freelaw_val_loss,1.0,False
409,metric/the_pile_pubmed_central_val_loss,1.0,False
409,metric/the_pile_wikipedia_en_val_loss,1.0,False
409,metric/the_pile_dm_mathematics_val_loss,1.0,False
409,metric/the_pile_github_val_loss,1.0,False
409,metric/the_pile_stackexchange_val_loss,1.0,False
409,metric/the_pile_gutenberg_pg_19_val_loss,1.0,False
409,metric/the_pile_pile_cc_val_loss,1.0,False
409,metric/the_pile_ubuntu_irc_val_loss,1.0,False
409,metric/the_pile_hackernews_val_loss,1.0,False
409,metric/the_pile_pubmed_abstracts_val_loss,1.0,False
409,metric/the_pile_uspto_backgrounds_val_loss,1.0,False
410,metric/the_pile_arxiv_val_loss,1.0,False
410,metric/the_pile_freelaw_val_loss,1.0,False
410,metric/the_pile_pubmed_central_val_loss,1.0,False
410,metric/the_pile_wikipedia_en_val_loss,1.0,False
410,metric/the_pile_dm_mathematics_val_loss,1.0,False
410,metric/the_pile_github_val_loss,1.0,False
410,metric/the_pile_stackexchange_val_loss,1.0,False
410,metric/the_pile_gutenberg_pg_19_val_loss,1.0,False
410,metric/the_pile_pile_cc_val_loss,1.0,False
410,metric/the_pile_ubuntu_irc_val_loss,1.0,False
410,metric/the_pile_hackernews_val_loss,1.0,False
410,metric/the_pile_pubmed_abstracts_val_loss,1.0,False
410,metric/the_pile_uspto_backgrounds_val_loss,1.0,False
411,metric/the_pile_arxiv_val_loss,1.0,False
411,metric/the_pile_freelaw_val_loss,1.0,False
411,metric/the_pile_pubmed_central_val_loss,1.0,False
411,metric/the_pile_wikipedia_en_val_loss,1.0,False
411,metric/the_pile_dm_mathematics_val_loss,1.0,False
411,metric/the_pile_github_val_loss,1.0,False
411,metric/the_pile_stackexchange_val_loss,1.0,False
411,metric/the_pile_gutenberg_pg_19_val_loss,1.0,False
411,metric/the_pile_pile_cc_val_loss,1.0,False
411,metric/the_pile_ubuntu_irc_val_loss,1.0,False
411,metric/the_pile_hackernews_val_loss,1.0,False
411,metric/the_pile_pubmed_abstracts_val_loss,1.0,False
411,metric/the_pile_uspto_backgrounds_val_loss,1.0,False
412,metric/the_pile_arxiv_val_loss,1.0,False
412,metric/the_pile_freelaw_val_loss,1.0,False
412,metric/the_pile_pubmed_central_val_loss,1.0,False
412,metric/the_pile_wikipedia_en_val_loss,1.0,False
412,metric/the_pile_dm_mathematics_val_loss,1.0,False
412,metric/the_pile_github_val_loss,1.0,False
412,metric/the_pile_stackexchange_val_loss,1.0,False
412,metric/the_pile_gutenberg_pg_19_val_loss,1.0,False
412,metric/the_pile_pile_cc_val_loss,1.0,False
412,metric/the_pile_ubuntu_irc_val_loss,1.0,False
412,metric/the_pile_hackernews_val_loss,1.0,False
412,metric/the_pile_pubmed_abstracts_val_loss,1.0,False
412,metric/the_pile_uspto_backgrounds_val_loss,1.0,False
413,metric/the_pile_arxiv_val_loss,1.0,False
413,metric/the_pile_freelaw_val_loss,1.0,False
413,metric/the_pile_pubmed_central_val_loss,1.0,False
413,metric/the_pile_wikipedia_en_val_loss,1.0,False
413,metric/the_pile_dm_mathematics_val_loss,1.0,False
413,metric/the_pile_github_val_loss,1.0,False
413,metric/the_pile_stackexchange_val_loss,1.0,False
413,metric/the_pile_gutenberg_pg_19_val_loss,1.0,False
413,metric/the_pile_pile_cc_val_loss,1.0,False
413,metric/the_pile_ubuntu_irc_val_loss,1.0,False
413,metric/the_pile_hackernews_val_loss,1.0,False
413,metric/the_pile_pubmed_abstracts_val_loss,1.0,False
413,metric/the_pile_uspto_backgrounds_val_loss,1.0,False
414,metric/the_pile_arxiv_val_loss,1.0,False
414,metric/the_pile_freelaw_val_loss,1.0,False
414,metric/the_pile_pubmed_central_val_loss,1.0,False
414,metric/the_pile_wikipedia_en_val_loss,1.0,False
414,metric/the_pile_dm_mathematics_val_loss,1.0,False
414,metric/the_pile_github_val_loss,1.0,False
414,metric/the_pile_stackexchange_val_loss,1.0,False
414,metric/the_pile_gutenberg_pg_19_val_loss,1.0,False
414,metric/the_pile_pile_cc_val_loss,1.0,False
414,metric/the_pile_ubuntu_irc_val_loss,1.0,False
414,metric/the_pile_hackernews_val_loss,1.0,False
414,metric/the_pile_pubmed_abstracts_val_loss,1.0,False
414,metric/the_pile_uspto_backgrounds_val_loss,1.0,False
415,metric/the_pile_arxiv_val_loss,1.0,False
415,metric/the_pile_freelaw_val_loss,1.0,False
415,metric/the_pile_pubmed_central_val_loss,1.0,False
415,metric/the_pile_wikipedia_en_val_loss,1.0,False
415,metric/the_pile_dm_mathematics_val_loss,1.0,False
415,metric/the_pile_github_val_loss,1.0,False
415,metric/the_pile_stackexchange_val_loss,1.0,False
415,metric/the_pile_gutenberg_pg_19_val_loss,1.0,False
415,metric/the_pile_pile_cc_val_loss,1.0,False
415,metric/the_pile_ubuntu_irc_val_loss,1.0,False
415,metric/the_pile_hackernews_val_loss,1.0,False
415,metric/the_pile_pubmed_abstracts_val_loss,1.0,False
415,metric/the_pile_uspto_backgrounds_val_loss,1.0,False
416,metric/the_pile_arxiv_val_loss,1.0,False
416,metric/the_pile_freelaw_val_loss,1.0,False
416,metric/the_pile_pubmed_central_val_loss,1.0,False
416,metric/the_pile_wikipedia_en_val_loss,1.0,False
416,metric/the_pile_dm_mathematics_val_loss,1.0,False
416,metric/the_pile_github_val_loss,1.0,False
416,metric/the_pile_stackexchange_val_loss,1.0,False
416,metric/the_pile_gutenberg_pg_19_val_loss,1.0,False
416,metric/the_pile_pile_cc_val_loss,1.0,False
416,metric/the_pile_ubuntu_irc_val_loss,1.0,False
416,metric/the_pile_hackernews_val_loss,1.0,False
416,metric/the_pile_pubmed_abstracts_val_loss,1.0,False
416,metric/the_pile_uspto_backgrounds_val_loss,1.0,False
417,metric/the_pile_arxiv_val_loss,1.0,False
417,metric/the_pile_freelaw_val_loss,1.0,False
417,metric/the_pile_pubmed_central_val_loss,1.0,False
417,metric/the_pile_wikipedia_en_val_loss,1.0,False
417,metric/the_pile_dm_mathematics_val_loss,1.0,False
417,metric/the_pile_github_val_loss,1.0,False
417,metric/the_pile_stackexchange_val_loss,1.0,False
417,metric/the_pile_gutenberg_pg_19_val_loss,1.0,False
417,metric/the_pile_pile_cc_val_loss,1.0,False
417,metric/the_pile_ubuntu_irc_val_loss,1.0,False
417,metric/the_pile_hackernews_val_loss,1.0,False
417,metric/the_pile_pubmed_abstracts_val_loss,1.0,False
417,metric/the_pile_uspto_backgrounds_val_loss,1.0,False
418,metric/the_pile_arxiv_val_loss,1.0,False
418,metric/the_pile_freelaw_val_loss,1.0,False
418,metric/the_pile_pubmed_central_val_loss,1.0,False
418,metric/the_pile_wikipedia_en_val_loss,1.0,False
418,metric/the_pile_dm_mathematics_val_loss,1.0,False
418,metric/the_pile_github_val_loss,1.0,False
418,metric/the_pile_stackexchange_val_loss,1.0,False
418,metric/the_pile_gutenberg_pg_19_val_loss,1.0,False
418,metric/the_pile_pile_cc_val_loss,1.0,False
418,metric/the_pile_ubuntu_irc_val_loss,1.0,False
418,metric/the_pile_hackernews_val_loss,1.0,False
418,metric/the_pile_pubmed_abstracts_val_loss,1.0,False
418,metric/the_pile_uspto_backgrounds_val_loss,1.0,False
419,metric/the_pile_arxiv_val_loss,1.0,False
419,metric/the_pile_freelaw_val_loss,1.0,False
419,metric/the_pile_pubmed_central_val_loss,1.0,False
419,metric/the_pile_wikipedia_en_val_loss,1.0,False
419,metric/the_pile_dm_mathematics_val_loss,1.0,False
419,metric/the_pile_github_val_loss,1.0,False
419,metric/the_pile_stackexchange_val_loss,1.0,False
419,metric/the_pile_gutenberg_pg_19_val_loss,1.0,False
419,metric/the_pile_pile_cc_val_loss,1.0,False
419,metric/the_pile_ubuntu_irc_val_loss,1.0,False
419,metric/the_pile_hackernews_val_loss,1.0,False
419,metric/the_pile_pubmed_abstracts_val_loss,1.0,False
419,metric/the_pile_uspto_backgrounds_val_loss,1.0,False
420,metric/the_pile_arxiv_val_loss,1.0,False
420,metric/the_pile_freelaw_val_loss,1.0,False
420,metric/the_pile_pubmed_central_val_loss,1.0,False
420,metric/the_pile_wikipedia_en_val_loss,1.0,False
420,metric/the_pile_dm_mathematics_val_loss,1.0,False
420,metric/the_pile_github_val_loss,1.0,False
420,metric/the_pile_stackexchange_val_loss,1.0,False
420,metric/the_pile_gutenberg_pg_19_val_loss,1.0,False
420,metric/the_pile_pile_cc_val_loss,1.0,False
420,metric/the_pile_ubuntu_irc_val_loss,1.0,False
420,metric/the_pile_hackernews_val_loss,1.0,False
420,metric/the_pile_pubmed_abstracts_val_loss,1.0,False
420,metric/the_pile_uspto_backgrounds_val_loss,1.0,False
421,metric/the_pile_arxiv_val_loss,1.0,False
421,metric/the_pile_freelaw_val_loss,1.0,False
421,metric/the_pile_pubmed_central_val_loss,1.0,False
421,metric/the_pile_wikipedia_en_val_loss,1.0,False
421,metric/the_pile_dm_mathematics_val_loss,1.0,False
421,metric/the_pile_github_val_loss,1.0,False
421,metric/the_pile_stackexchange_val_loss,1.0,False
421,metric/the_pile_gutenberg_pg_19_val_loss,1.0,False
421,metric/the_pile_pile_cc_val_loss,1.0,False
421,metric/the_pile_ubuntu_irc_val_loss,1.0,False
421,metric/the_pile_hackernews_val_loss,1.0,False
421,metric/the_pile_pubmed_abstracts_val_loss,1.0,False
421,metric/the_pile_uspto_backgrounds_val_loss,1.0,False
422,metric/the_pile_arxiv_val_loss,1.0,False
422,metric/the_pile_freelaw_val_loss,1.0,False
422,metric/the_pile_pubmed_central_val_loss,1.0,False
422,metric/the_pile_wikipedia_en_val_loss,1.0,False
422,metric/the_pile_dm_mathematics_val_loss,1.0,False
422,metric/the_pile_github_val_loss,1.0,False
422,metric/the_pile_stackexchange_val_loss,1.0,False
422,metric/the_pile_gutenberg_pg_19_val_loss,1.0,False
422,metric/the_pile_pile_cc_val_loss,1.0,False
422,metric/the_pile_ubuntu_irc_val_loss,1.0,False
422,metric/the_pile_hackernews_val_loss,1.0,False
422,metric/the_pile_pubmed_abstracts_val_loss,1.0,False
422,metric/the_pile_uspto_backgrounds_val_loss,1.0,False
423,metric/the_pile_arxiv_val_loss,1.0,False
423,metric/the_pile_freelaw_val_loss,1.0,False
423,metric/the_pile_pubmed_central_val_loss,1.0,False
423,metric/the_pile_wikipedia_en_val_loss,1.0,False
423,metric/the_pile_dm_mathematics_val_loss,1.0,False
423,metric/the_pile_github_val_loss,1.0,False
423,metric/the_pile_stackexchange_val_loss,1.0,False
423,metric/the_pile_gutenberg_pg_19_val_loss,1.0,False
423,metric/the_pile_pile_cc_val_loss,1.0,False
423,metric/the_pile_ubuntu_irc_val_loss,1.0,False
423,metric/the_pile_hackernews_val_loss,1.0,False
423,metric/the_pile_pubmed_abstracts_val_loss,1.0,False
423,metric/the_pile_uspto_backgrounds_val_loss,1.0,False
424,metric/the_pile_arxiv_val_loss,1.0,False
424,metric/the_pile_freelaw_val_loss,1.0,False
424,metric/the_pile_pubmed_central_val_loss,1.0,False
424,metric/the_pile_wikipedia_en_val_loss,1.0,False
424,metric/the_pile_dm_mathematics_val_loss,1.0,False
424,metric/the_pile_github_val_loss,1.0,False
424,metric/the_pile_stackexchange_val_loss,1.0,False
424,metric/the_pile_gutenberg_pg_19_val_loss,1.0,False
424,metric/the_pile_pile_cc_val_loss,1.0,False
424,metric/the_pile_ubuntu_irc_val_loss,1.0,False
424,metric/the_pile_hackernews_val_loss,1.0,False
424,metric/the_pile_pubmed_abstracts_val_loss,1.0,False
424,metric/the_pile_uspto_backgrounds_val_loss,1.0,False
425,metric/the_pile_arxiv_val_loss,1.0,False
425,metric/the_pile_freelaw_val_loss,1.0,False
425,metric/the_pile_pubmed_central_val_loss,1.0,False
425,metric/the_pile_wikipedia_en_val_loss,1.0,False
425,metric/the_pile_dm_mathematics_val_loss,1.0,False
425,metric/the_pile_github_val_loss,1.0,False
425,metric/the_pile_stackexchange_val_loss,1.0,False
425,metric/the_pile_gutenberg_pg_19_val_loss,1.0,False
425,metric/the_pile_pile_cc_val_loss,1.0,False
425,metric/the_pile_ubuntu_irc_val_loss,1.0,False
425,metric/the_pile_hackernews_val_loss,1.0,False
425,metric/the_pile_pubmed_abstracts_val_loss,1.0,False
425,metric/the_pile_uspto_backgrounds_val_loss,1.0,False
426,metric/the_pile_arxiv_val_loss,1.0,False
426,metric/the_pile_freelaw_val_loss,1.0,False
426,metric/the_pile_pubmed_central_val_loss,1.0,False
426,metric/the_pile_wikipedia_en_val_loss,1.0,False
426,metric/the_pile_dm_mathematics_val_loss,1.0,False
426,metric/the_pile_github_val_loss,1.0,False
426,metric/the_pile_stackexchange_val_loss,1.0,False
426,metric/the_pile_gutenberg_pg_19_val_loss,1.0,False
426,metric/the_pile_pile_cc_val_loss,1.0,False
426,metric/the_pile_ubuntu_irc_val_loss,1.0,False
426,metric/the_pile_hackernews_val_loss,1.0,False
426,metric/the_pile_pubmed_abstracts_val_loss,1.0,False
426,metric/the_pile_uspto_backgrounds_val_loss,1.0,False
427,metric/the_pile_arxiv_val_loss,1.0,False
427,metric/the_pile_freelaw_val_loss,1.0,False
427,metric/the_pile_pubmed_central_val_loss,1.0,False
427,metric/the_pile_wikipedia_en_val_loss,1.0,False
427,metric/the_pile_dm_mathematics_val_loss,1.0,False
427,metric/the_pile_github_val_loss,1.0,False
427,metric/the_pile_stackexchange_val_loss,1.0,False
427,metric/the_pile_gutenberg_pg_19_val_loss,1.0,False
427,metric/the_pile_pile_cc_val_loss,1.0,False
427,metric/the_pile_ubuntu_irc_val_loss,1.0,False
427,metric/the_pile_hackernews_val_loss,1.0,False
427,metric/the_pile_pubmed_abstracts_val_loss,1.0,False
427,metric/the_pile_uspto_backgrounds_val_loss,1.0,False
428,metric/the_pile_arxiv_val_loss,1.0,False
428,metric/the_pile_freelaw_val_loss,1.0,False
428,metric/the_pile_pubmed_central_val_loss,1.0,False
428,metric/the_pile_wikipedia_en_val_loss,1.0,False
428,metric/the_pile_dm_mathematics_val_loss,1.0,False
428,metric/the_pile_github_val_loss,1.0,False
428,metric/the_pile_stackexchange_val_loss,1.0,False
428,metric/the_pile_gutenberg_pg_19_val_loss,1.0,False
428,metric/the_pile_pile_cc_val_loss,1.0,False
428,metric/the_pile_ubuntu_irc_val_loss,1.0,False
428,metric/the_pile_hackernews_val_loss,1.0,False
428,metric/the_pile_pubmed_abstracts_val_loss,1.0,False
428,metric/the_pile_uspto_backgrounds_val_loss,1.0,False
429,metric/the_pile_arxiv_val_loss,1.0,False
429,metric/the_pile_freelaw_val_loss,1.0,False
429,metric/the_pile_pubmed_central_val_loss,1.0,False
429,metric/the_pile_wikipedia_en_val_loss,1.0,False
429,metric/the_pile_dm_mathematics_val_loss,1.0,False
429,metric/the_pile_github_val_loss,1.0,False
429,metric/the_pile_stackexchange_val_loss,1.0,False
429,metric/the_pile_gutenberg_pg_19_val_loss,1.0,False
429,metric/the_pile_pile_cc_val_loss,1.0,False
429,metric/the_pile_ubuntu_irc_val_loss,1.0,False
429,metric/the_pile_hackernews_val_loss,1.0,False
429,metric/the_pile_pubmed_abstracts_val_loss,0.9273713283553175,True
429,metric/the_pile_uspto_backgrounds_val_loss,1.0,False
430,metric/the_pile_arxiv_val_loss,1.0,False
430,metric/the_pile_freelaw_val_loss,1.0,False
430,metric/the_pile_pubmed_central_val_loss,1.0,False
430,metric/the_pile_wikipedia_en_val_loss,1.0,False
430,metric/the_pile_dm_mathematics_val_loss,1.0,False
430,metric/the_pile_github_val_loss,1.0,False
430,metric/the_pile_stackexchange_val_loss,1.0,False
430,metric/the_pile_gutenberg_pg_19_val_loss,1.0,False
430,metric/the_pile_pile_cc_val_loss,1.0,False
430,metric/the_pile_ubuntu_irc_val_loss,1.0,False
430,metric/the_pile_hackernews_val_loss,1.0,False
430,metric/the_pile_pubmed_abstracts_val_loss,1.0,False
430,metric/the_pile_uspto_backgrounds_val_loss,1.0,False
431,metric/the_pile_arxiv_val_loss,1.0,False
431,metric/the_pile_freelaw_val_loss,1.0,False
431,metric/the_pile_pubmed_central_val_loss,1.0,False
431,metric/the_pile_wikipedia_en_val_loss,1.0,False
431,metric/the_pile_dm_mathematics_val_loss,1.0,False
431,metric/the_pile_github_val_loss,1.0,False
431,metric/the_pile_stackexchange_val_loss,1.0,False
431,metric/the_pile_gutenberg_pg_19_val_loss,1.0,False
431,metric/the_pile_pile_cc_val_loss,1.0,False
431,metric/the_pile_ubuntu_irc_val_loss,1.0,False
431,metric/the_pile_hackernews_val_loss,1.0,False
431,metric/the_pile_pubmed_abstracts_val_loss,1.0,False
431,metric/the_pile_uspto_backgrounds_val_loss,1.0,False
432,metric/the_pile_arxiv_val_loss,1.0,False
432,metric/the_pile_freelaw_val_loss,1.0,False
432,metric/the_pile_pubmed_central_val_loss,1.0,False
432,metric/the_pile_wikipedia_en_val_loss,1.0,False
432,metric/the_pile_dm_mathematics_val_loss,1.0,False
432,metric/the_pile_github_val_loss,1.0,False
432,metric/the_pile_stackexchange_val_loss,1.0,False
432,metric/the_pile_gutenberg_pg_19_val_loss,1.0,False
432,metric/the_pile_pile_cc_val_loss,1.0,False
432,metric/the_pile_ubuntu_irc_val_loss,1.0,False
432,metric/the_pile_hackernews_val_loss,1.0,False
432,metric/the_pile_pubmed_abstracts_val_loss,1.0,False
432,metric/the_pile_uspto_backgrounds_val_loss,1.0,False
433,metric/the_pile_arxiv_val_loss,1.0,False
433,metric/the_pile_freelaw_val_loss,1.0,False
433,metric/the_pile_pubmed_central_val_loss,1.0,False
433,metric/the_pile_wikipedia_en_val_loss,1.0,False
433,metric/the_pile_dm_mathematics_val_loss,1.0,False
433,metric/the_pile_github_val_loss,1.0,False
433,metric/the_pile_stackexchange_val_loss,1.0,False
433,metric/the_pile_gutenberg_pg_19_val_loss,1.0,False
433,metric/the_pile_pile_cc_val_loss,1.0,False
433,metric/the_pile_ubuntu_irc_val_loss,1.0,False
433,metric/the_pile_hackernews_val_loss,1.0,False
433,metric/the_pile_pubmed_abstracts_val_loss,1.0,False
433,metric/the_pile_uspto_backgrounds_val_loss,1.0,False
434,metric/the_pile_arxiv_val_loss,1.0,False
434,metric/the_pile_freelaw_val_loss,1.0,False
434,metric/the_pile_pubmed_central_val_loss,1.0,False
434,metric/the_pile_wikipedia_en_val_loss,1.0,False
434,metric/the_pile_dm_mathematics_val_loss,1.0,False
434,metric/the_pile_github_val_loss,1.0,False
434,metric/the_pile_stackexchange_val_loss,1.0,False
434,metric/the_pile_gutenberg_pg_19_val_loss,1.0,False
434,metric/the_pile_pile_cc_val_loss,1.0,False
434,metric/the_pile_ubuntu_irc_val_loss,1.0,False
434,metric/the_pile_hackernews_val_loss,1.0,False
434,metric/the_pile_pubmed_abstracts_val_loss,1.0,False
434,metric/the_pile_uspto_backgrounds_val_loss,1.0,False
435,metric/the_pile_arxiv_val_loss,1.0,False
435,metric/the_pile_freelaw_val_loss,1.0,False
435,metric/the_pile_pubmed_central_val_loss,1.0,False
435,metric/the_pile_wikipedia_en_val_loss,1.0,False
435,metric/the_pile_dm_mathematics_val_loss,1.0,False
435,metric/the_pile_github_val_loss,0.7333233692932675,True
435,metric/the_pile_stackexchange_val_loss,0.7787133271533401,True
435,metric/the_pile_gutenberg_pg_19_val_loss,1.0,False
435,metric/the_pile_pile_cc_val_loss,1.0,False
435,metric/the_pile_ubuntu_irc_val_loss,1.0,False
435,metric/the_pile_hackernews_val_loss,0.9646521609043883,True
435,metric/the_pile_pubmed_abstracts_val_loss,1.0,False
435,metric/the_pile_uspto_backgrounds_val_loss,1.0,False
436,metric/the_pile_arxiv_val_loss,1.0,False
436,metric/the_pile_freelaw_val_loss,1.0,False
436,metric/the_pile_pubmed_central_val_loss,1.0,False
436,metric/the_pile_wikipedia_en_val_loss,1.0,False
436,metric/the_pile_dm_mathematics_val_loss,1.0,False
436,metric/the_pile_github_val_loss,1.0,False
436,metric/the_pile_stackexchange_val_loss,1.0,False
436,metric/the_pile_gutenberg_pg_19_val_loss,1.0,False
436,metric/the_pile_pile_cc_val_loss,1.0,False
436,metric/the_pile_ubuntu_irc_val_loss,1.0,False
436,metric/the_pile_hackernews_val_loss,1.0,False
436,metric/the_pile_pubmed_abstracts_val_loss,1.0,False
436,metric/the_pile_uspto_backgrounds_val_loss,1.0,False
437,metric/the_pile_arxiv_val_loss,1.0,False
437,metric/the_pile_freelaw_val_loss,1.0,False
437,metric/the_pile_pubmed_central_val_loss,1.0,False
437,metric/the_pile_wikipedia_en_val_loss,1.0,False
437,metric/the_pile_dm_mathematics_val_loss,1.0,False
437,metric/the_pile_github_val_loss,1.0,False
437,metric/the_pile_stackexchange_val_loss,1.0,False
437,metric/the_pile_gutenberg_pg_19_val_loss,1.0,False
437,metric/the_pile_pile_cc_val_loss,1.0,False
437,metric/the_pile_ubuntu_irc_val_loss,1.0,False
437,metric/the_pile_hackernews_val_loss,1.0,False
437,metric/the_pile_pubmed_abstracts_val_loss,1.0,False
437,metric/the_pile_uspto_backgrounds_val_loss,1.0,False
438,metric/the_pile_arxiv_val_loss,1.0,False
438,metric/the_pile_freelaw_val_loss,1.0,False
438,metric/the_pile_pubmed_central_val_loss,1.0,False
438,metric/the_pile_wikipedia_en_val_loss,1.0,False
438,metric/the_pile_dm_mathematics_val_loss,1.0,False
438,metric/the_pile_github_val_loss,1.0,False
438,metric/the_pile_stackexchange_val_loss,1.0,False
438,metric/the_pile_gutenberg_pg_19_val_loss,1.0,False
438,metric/the_pile_pile_cc_val_loss,1.0,False
438,metric/the_pile_ubuntu_irc_val_loss,1.0,False
438,metric/the_pile_hackernews_val_loss,1.0,False
438,metric/the_pile_pubmed_abstracts_val_loss,1.0,False
438,metric/the_pile_uspto_backgrounds_val_loss,1.0,False
439,metric/the_pile_arxiv_val_loss,1.0,False
439,metric/the_pile_freelaw_val_loss,1.0,False
439,metric/the_pile_pubmed_central_val_loss,1.0,False
439,metric/the_pile_wikipedia_en_val_loss,1.0,False
439,metric/the_pile_dm_mathematics_val_loss,1.0,False
439,metric/the_pile_github_val_loss,1.0,False
439,metric/the_pile_stackexchange_val_loss,1.0,False
439,metric/the_pile_gutenberg_pg_19_val_loss,1.0,False
439,metric/the_pile_pile_cc_val_loss,1.0,False
439,metric/the_pile_ubuntu_irc_val_loss,1.0,False
439,metric/the_pile_hackernews_val_loss,1.0,False
439,metric/the_pile_pubmed_abstracts_val_loss,1.0,False
439,metric/the_pile_uspto_backgrounds_val_loss,1.0,False
440,metric/the_pile_arxiv_val_loss,1.0,False
440,metric/the_pile_freelaw_val_loss,1.0,False
440,metric/the_pile_pubmed_central_val_loss,1.0,False
440,metric/the_pile_wikipedia_en_val_loss,1.0,False
440,metric/the_pile_dm_mathematics_val_loss,1.0,False
440,metric/the_pile_github_val_loss,1.0,False
440,metric/the_pile_stackexchange_val_loss,1.0,False
440,metric/the_pile_gutenberg_pg_19_val_loss,1.0,False
440,metric/the_pile_pile_cc_val_loss,1.0,False
440,metric/the_pile_ubuntu_irc_val_loss,1.0,False
440,metric/the_pile_hackernews_val_loss,1.0,False
440,metric/the_pile_pubmed_abstracts_val_loss,1.0,False
440,metric/the_pile_uspto_backgrounds_val_loss,1.0,False
441,metric/the_pile_arxiv_val_loss,1.0,False
441,metric/the_pile_freelaw_val_loss,1.0,False
441,metric/the_pile_pubmed_central_val_loss,1.0,False
441,metric/the_pile_wikipedia_en_val_loss,1.0,False
441,metric/the_pile_dm_mathematics_val_loss,1.0,False
441,metric/the_pile_github_val_loss,1.0,False
441,metric/the_pile_stackexchange_val_loss,1.0,False
441,metric/the_pile_gutenberg_pg_19_val_loss,1.0,False
441,metric/the_pile_pile_cc_val_loss,1.0,False
441,metric/the_pile_ubuntu_irc_val_loss,1.0,False
441,metric/the_pile_hackernews_val_loss,1.0,False
441,metric/the_pile_pubmed_abstracts_val_loss,1.0,False
441,metric/the_pile_uspto_backgrounds_val_loss,1.0,False
442,metric/the_pile_arxiv_val_loss,1.0,False
442,metric/the_pile_freelaw_val_loss,1.0,False
442,metric/the_pile_pubmed_central_val_loss,1.0,False
442,metric/the_pile_wikipedia_en_val_loss,1.0,False
442,metric/the_pile_dm_mathematics_val_loss,1.0,False
442,metric/the_pile_github_val_loss,1.0,False
442,metric/the_pile_stackexchange_val_loss,1.0,False
442,metric/the_pile_gutenberg_pg_19_val_loss,1.0,False
442,metric/the_pile_pile_cc_val_loss,1.0,False
442,metric/the_pile_ubuntu_irc_val_loss,1.0,False
442,metric/the_pile_hackernews_val_loss,1.0,False
442,metric/the_pile_pubmed_abstracts_val_loss,1.0,False
442,metric/the_pile_uspto_backgrounds_val_loss,1.0,False
443,metric/the_pile_arxiv_val_loss,1.0,False
443,metric/the_pile_freelaw_val_loss,1.0,False
443,metric/the_pile_pubmed_central_val_loss,1.0,False
443,metric/the_pile_wikipedia_en_val_loss,1.0,False
443,metric/the_pile_dm_mathematics_val_loss,1.0,False
443,metric/the_pile_github_val_loss,1.0,False
443,metric/the_pile_stackexchange_val_loss,1.0,False
443,metric/the_pile_gutenberg_pg_19_val_loss,1.0,False
443,metric/the_pile_pile_cc_val_loss,1.0,False
443,metric/the_pile_ubuntu_irc_val_loss,1.0,False
443,metric/the_pile_hackernews_val_loss,1.0,False
443,metric/the_pile_pubmed_abstracts_val_loss,1.0,False
443,metric/the_pile_uspto_backgrounds_val_loss,1.0,False
444,metric/the_pile_arxiv_val_loss,1.0,False
444,metric/the_pile_freelaw_val_loss,1.0,False
444,metric/the_pile_pubmed_central_val_loss,1.0,False
444,metric/the_pile_wikipedia_en_val_loss,1.0,False
444,metric/the_pile_dm_mathematics_val_loss,1.0,False
444,metric/the_pile_github_val_loss,1.0,False
444,metric/the_pile_stackexchange_val_loss,1.0,False
444,metric/the_pile_gutenberg_pg_19_val_loss,1.0,False
444,metric/the_pile_pile_cc_val_loss,1.0,False
444,metric/the_pile_ubuntu_irc_val_loss,1.0,False
444,metric/the_pile_hackernews_val_loss,1.0,False
444,metric/the_pile_pubmed_abstracts_val_loss,1.0,False
444,metric/the_pile_uspto_backgrounds_val_loss,1.0,False
445,metric/the_pile_arxiv_val_loss,1.0,False
445,metric/the_pile_freelaw_val_loss,1.0,False
445,metric/the_pile_pubmed_central_val_loss,1.0,False
445,metric/the_pile_wikipedia_en_val_loss,1.0,False
445,metric/the_pile_dm_mathematics_val_loss,1.0,False
445,metric/the_pile_github_val_loss,1.0,False
445,metric/the_pile_stackexchange_val_loss,1.0,False
445,metric/the_pile_gutenberg_pg_19_val_loss,1.0,False
445,metric/the_pile_pile_cc_val_loss,1.0,False
445,metric/the_pile_ubuntu_irc_val_loss,1.0,False
445,metric/the_pile_hackernews_val_loss,1.0,False
445,metric/the_pile_pubmed_abstracts_val_loss,1.0,False
445,metric/the_pile_uspto_backgrounds_val_loss,1.0,False
446,metric/the_pile_arxiv_val_loss,1.0,False
446,metric/the_pile_freelaw_val_loss,1.0,False
446,metric/the_pile_pubmed_central_val_loss,1.0,False
446,metric/the_pile_wikipedia_en_val_loss,1.0,False
446,metric/the_pile_dm_mathematics_val_loss,1.0,False
446,metric/the_pile_github_val_loss,1.0,False
446,metric/the_pile_stackexchange_val_loss,1.0,False
446,metric/the_pile_gutenberg_pg_19_val_loss,1.0,False
446,metric/the_pile_pile_cc_val_loss,1.0,False
446,metric/the_pile_ubuntu_irc_val_loss,1.0,False
446,metric/the_pile_hackernews_val_loss,1.0,False
446,metric/the_pile_pubmed_abstracts_val_loss,1.0,False
446,metric/the_pile_uspto_backgrounds_val_loss,1.0,False
447,metric/the_pile_arxiv_val_loss,1.0,False
447,metric/the_pile_freelaw_val_loss,1.0,False
447,metric/the_pile_pubmed_central_val_loss,1.0,False
447,metric/the_pile_wikipedia_en_val_loss,1.0,False
447,metric/the_pile_dm_mathematics_val_loss,1.0,False
447,metric/the_pile_github_val_loss,1.0,False
447,metric/the_pile_stackexchange_val_loss,1.0,False
447,metric/the_pile_gutenberg_pg_19_val_loss,1.0,False
447,metric/the_pile_pile_cc_val_loss,1.0,False
447,metric/the_pile_ubuntu_irc_val_loss,1.0,False
447,metric/the_pile_hackernews_val_loss,1.0,False
447,metric/the_pile_pubmed_abstracts_val_loss,1.0,False
447,metric/the_pile_uspto_backgrounds_val_loss,1.0,False
448,metric/the_pile_arxiv_val_loss,1.0,False
448,metric/the_pile_freelaw_val_loss,1.0,False
448,metric/the_pile_pubmed_central_val_loss,1.0,False
448,metric/the_pile_wikipedia_en_val_loss,1.0,False
448,metric/the_pile_dm_mathematics_val_loss,1.0,False
448,metric/the_pile_github_val_loss,1.0,False
448,metric/the_pile_stackexchange_val_loss,1.0,False
448,metric/the_pile_gutenberg_pg_19_val_loss,1.0,False
448,metric/the_pile_pile_cc_val_loss,1.0,False
448,metric/the_pile_ubuntu_irc_val_loss,1.0,False
448,metric/the_pile_hackernews_val_loss,1.0,False
448,metric/the_pile_pubmed_abstracts_val_loss,1.0,False
448,metric/the_pile_uspto_backgrounds_val_loss,1.0,False
449,metric/the_pile_arxiv_val_loss,1.0,False
449,metric/the_pile_freelaw_val_loss,1.0,False
449,metric/the_pile_pubmed_central_val_loss,1.0,False
449,metric/the_pile_wikipedia_en_val_loss,1.0,False
449,metric/the_pile_dm_mathematics_val_loss,1.0,False
449,metric/the_pile_github_val_loss,1.0,False
449,metric/the_pile_stackexchange_val_loss,1.0,False
449,metric/the_pile_gutenberg_pg_19_val_loss,1.0,False
449,metric/the_pile_pile_cc_val_loss,1.0,False
449,metric/the_pile_ubuntu_irc_val_loss,1.0,False
449,metric/the_pile_hackernews_val_loss,1.0,False
449,metric/the_pile_pubmed_abstracts_val_loss,1.0,False
449,metric/the_pile_uspto_backgrounds_val_loss,1.0,False
450,metric/the_pile_arxiv_val_loss,1.0,False
450,metric/the_pile_freelaw_val_loss,1.0,False
450,metric/the_pile_pubmed_central_val_loss,1.0,False
450,metric/the_pile_wikipedia_en_val_loss,1.0,False
450,metric/the_pile_dm_mathematics_val_loss,1.0,False
450,metric/the_pile_github_val_loss,1.0,False
450,metric/the_pile_stackexchange_val_loss,1.0,False
450,metric/the_pile_gutenberg_pg_19_val_loss,1.0,False
450,metric/the_pile_pile_cc_val_loss,1.0,False
450,metric/the_pile_ubuntu_irc_val_loss,1.0,False
450,metric/the_pile_hackernews_val_loss,1.0,False
450,metric/the_pile_pubmed_abstracts_val_loss,1.0,False
450,metric/the_pile_uspto_backgrounds_val_loss,1.0,False
451,metric/the_pile_arxiv_val_loss,1.0,False
451,metric/the_pile_freelaw_val_loss,1.0,False
451,metric/the_pile_pubmed_central_val_loss,1.0,False
451,metric/the_pile_wikipedia_en_val_loss,1.0,False
451,metric/the_pile_dm_mathematics_val_loss,1.0,False
451,metric/the_pile_github_val_loss,1.0,False
451,metric/the_pile_stackexchange_val_loss,1.0,False
451,metric/the_pile_gutenberg_pg_19_val_loss,1.0,False
451,metric/the_pile_pile_cc_val_loss,1.0,False
451,metric/the_pile_ubuntu_irc_val_loss,1.0,False
451,metric/the_pile_hackernews_val_loss,1.0,False
451,metric/the_pile_pubmed_abstracts_val_loss,1.0,False
451,metric/the_pile_uspto_backgrounds_val_loss,1.0,False
452,metric/the_pile_arxiv_val_loss,1.0,False
452,metric/the_pile_freelaw_val_loss,1.0,False
452,metric/the_pile_pubmed_central_val_loss,1.0,False
452,metric/the_pile_wikipedia_en_val_loss,1.0,False
452,metric/the_pile_dm_mathematics_val_loss,1.0,False
452,metric/the_pile_github_val_loss,1.0,False
452,metric/the_pile_stackexchange_val_loss,1.0,False
452,metric/the_pile_gutenberg_pg_19_val_loss,1.0,False
452,metric/the_pile_pile_cc_val_loss,1.0,False
452,metric/the_pile_ubuntu_irc_val_loss,1.0,False
452,metric/the_pile_hackernews_val_loss,1.0,False
452,metric/the_pile_pubmed_abstracts_val_loss,1.0,False
452,metric/the_pile_uspto_backgrounds_val_loss,1.0,False
453,metric/the_pile_arxiv_val_loss,1.0,False
453,metric/the_pile_freelaw_val_loss,1.0,False
453,metric/the_pile_pubmed_central_val_loss,1.0,False
453,metric/the_pile_wikipedia_en_val_loss,1.0,False
453,metric/the_pile_dm_mathematics_val_loss,1.0,False
453,metric/the_pile_github_val_loss,1.0,False
453,metric/the_pile_stackexchange_val_loss,1.0,False
453,metric/the_pile_gutenberg_pg_19_val_loss,1.0,False
453,metric/the_pile_pile_cc_val_loss,1.0,False
453,metric/the_pile_ubuntu_irc_val_loss,1.0,False
453,metric/the_pile_hackernews_val_loss,1.0,False
453,metric/the_pile_pubmed_abstracts_val_loss,1.0,False
453,metric/the_pile_uspto_backgrounds_val_loss,1.0,False
454,metric/the_pile_arxiv_val_loss,1.0,False
454,metric/the_pile_freelaw_val_loss,1.0,False
454,metric/the_pile_pubmed_central_val_loss,1.0,False
454,metric/the_pile_wikipedia_en_val_loss,1.0,False
454,metric/the_pile_dm_mathematics_val_loss,1.0,False
454,metric/the_pile_github_val_loss,1.0,False
454,metric/the_pile_stackexchange_val_loss,1.0,False
454,metric/the_pile_gutenberg_pg_19_val_loss,1.0,False
454,metric/the_pile_pile_cc_val_loss,1.0,False
454,metric/the_pile_ubuntu_irc_val_loss,1.0,False
454,metric/the_pile_hackernews_val_loss,1.0,False
454,metric/the_pile_pubmed_abstracts_val_loss,1.0,False
454,metric/the_pile_uspto_backgrounds_val_loss,1.0,False
455,metric/the_pile_arxiv_val_loss,1.0,False
455,metric/the_pile_freelaw_val_loss,1.0,False
455,metric/the_pile_pubmed_central_val_loss,1.0,False
455,metric/the_pile_wikipedia_en_val_loss,1.0,False
455,metric/the_pile_dm_mathematics_val_loss,1.0,False
455,metric/the_pile_github_val_loss,1.0,False
455,metric/the_pile_stackexchange_val_loss,1.0,False
455,metric/the_pile_gutenberg_pg_19_val_loss,1.0,False
455,metric/the_pile_pile_cc_val_loss,1.0,False
455,metric/the_pile_ubuntu_irc_val_loss,1.0,False
455,metric/the_pile_hackernews_val_loss,1.0,False
455,metric/the_pile_pubmed_abstracts_val_loss,1.0,False
455,metric/the_pile_uspto_backgrounds_val_loss,1.0,False
456,metric/the_pile_arxiv_val_loss,1.0,False
456,metric/the_pile_freelaw_val_loss,1.0,False
456,metric/the_pile_pubmed_central_val_loss,1.0,False
456,metric/the_pile_wikipedia_en_val_loss,1.0,False
456,metric/the_pile_dm_mathematics_val_loss,1.0,False
456,metric/the_pile_github_val_loss,1.0,False
456,metric/the_pile_stackexchange_val_loss,1.0,False
456,metric/the_pile_gutenberg_pg_19_val_loss,1.0,False
456,metric/the_pile_pile_cc_val_loss,1.0,False
456,metric/the_pile_ubuntu_irc_val_loss,1.0,False
456,metric/the_pile_hackernews_val_loss,1.0,False
456,metric/the_pile_pubmed_abstracts_val_loss,1.0,False
456,metric/the_pile_uspto_backgrounds_val_loss,1.0,False
457,metric/the_pile_arxiv_val_loss,1.0,False
457,metric/the_pile_freelaw_val_loss,1.0,False
457,metric/the_pile_pubmed_central_val_loss,1.0,False
457,metric/the_pile_wikipedia_en_val_loss,1.0,False
457,metric/the_pile_dm_mathematics_val_loss,1.0,False
457,metric/the_pile_github_val_loss,1.0,False
457,metric/the_pile_stackexchange_val_loss,1.0,False
457,metric/the_pile_gutenberg_pg_19_val_loss,1.0,False
457,metric/the_pile_pile_cc_val_loss,1.0,False
457,metric/the_pile_ubuntu_irc_val_loss,1.0,False
457,metric/the_pile_hackernews_val_loss,1.0,False
457,metric/the_pile_pubmed_abstracts_val_loss,1.0,False
457,metric/the_pile_uspto_backgrounds_val_loss,1.0,False
458,metric/the_pile_arxiv_val_loss,1.0,False
458,metric/the_pile_freelaw_val_loss,1.0,False
458,metric/the_pile_pubmed_central_val_loss,1.0,False
458,metric/the_pile_wikipedia_en_val_loss,1.0,False
458,metric/the_pile_dm_mathematics_val_loss,1.0,False
458,metric/the_pile_github_val_loss,1.0,False
458,metric/the_pile_stackexchange_val_loss,1.0,False
458,metric/the_pile_gutenberg_pg_19_val_loss,1.0,False
458,metric/the_pile_pile_cc_val_loss,1.0,False
458,metric/the_pile_ubuntu_irc_val_loss,1.0,False
458,metric/the_pile_hackernews_val_loss,1.0,False
458,metric/the_pile_pubmed_abstracts_val_loss,1.0,False
458,metric/the_pile_uspto_backgrounds_val_loss,1.0,False
459,metric/the_pile_arxiv_val_loss,1.0,False
459,metric/the_pile_freelaw_val_loss,1.0,False
459,metric/the_pile_pubmed_central_val_loss,1.0,False
459,metric/the_pile_wikipedia_en_val_loss,1.0,False
459,metric/the_pile_dm_mathematics_val_loss,1.0,False
459,metric/the_pile_github_val_loss,1.0,False
459,metric/the_pile_stackexchange_val_loss,1.0,False
459,metric/the_pile_gutenberg_pg_19_val_loss,1.0,False
459,metric/the_pile_pile_cc_val_loss,1.0,False
459,metric/the_pile_ubuntu_irc_val_loss,1.0,False
459,metric/the_pile_hackernews_val_loss,1.0,False
459,metric/the_pile_pubmed_abstracts_val_loss,1.0,False
459,metric/the_pile_uspto_backgrounds_val_loss,1.0,False
460,metric/the_pile_arxiv_val_loss,1.0,False
460,metric/the_pile_freelaw_val_loss,1.0,False
460,metric/the_pile_pubmed_central_val_loss,1.0,False
460,metric/the_pile_wikipedia_en_val_loss,1.0,False
460,metric/the_pile_dm_mathematics_val_loss,1.0,False
460,metric/the_pile_github_val_loss,1.0,False
460,metric/the_pile_stackexchange_val_loss,1.0,False
460,metric/the_pile_gutenberg_pg_19_val_loss,1.0,False
460,metric/the_pile_pile_cc_val_loss,1.0,False
460,metric/the_pile_ubuntu_irc_val_loss,1.0,False
460,metric/the_pile_hackernews_val_loss,1.0,False
460,metric/the_pile_pubmed_abstracts_val_loss,1.0,False
460,metric/the_pile_uspto_backgrounds_val_loss,1.0,False
461,metric/the_pile_arxiv_val_loss,1.0,False
461,metric/the_pile_freelaw_val_loss,1.0,False
461,metric/the_pile_pubmed_central_val_loss,1.0,False
461,metric/the_pile_wikipedia_en_val_loss,1.0,False
461,metric/the_pile_dm_mathematics_val_loss,1.0,False
461,metric/the_pile_github_val_loss,1.0,False
461,metric/the_pile_stackexchange_val_loss,1.0,False
461,metric/the_pile_gutenberg_pg_19_val_loss,1.0,False
461,metric/the_pile_pile_cc_val_loss,1.0,False
461,metric/the_pile_ubuntu_irc_val_loss,1.0,False
461,metric/the_pile_hackernews_val_loss,1.0,False
461,metric/the_pile_pubmed_abstracts_val_loss,1.0,False
461,metric/the_pile_uspto_backgrounds_val_loss,1.0,False
462,metric/the_pile_arxiv_val_loss,1.0,False
462,metric/the_pile_freelaw_val_loss,1.0,False
462,metric/the_pile_pubmed_central_val_loss,1.0,False
462,metric/the_pile_wikipedia_en_val_loss,1.0,False
462,metric/the_pile_dm_mathematics_val_loss,1.0,False
462,metric/the_pile_github_val_loss,1.0,False
462,metric/the_pile_stackexchange_val_loss,1.0,False
462,metric/the_pile_gutenberg_pg_19_val_loss,1.0,False
462,metric/the_pile_pile_cc_val_loss,1.0,False
462,metric/the_pile_ubuntu_irc_val_loss,1.0,False
462,metric/the_pile_hackernews_val_loss,1.0,False
462,metric/the_pile_pubmed_abstracts_val_loss,1.0,False
462,metric/the_pile_uspto_backgrounds_val_loss,1.0,False
463,metric/the_pile_arxiv_val_loss,1.0,False
463,metric/the_pile_freelaw_val_loss,1.0,False
463,metric/the_pile_pubmed_central_val_loss,1.0,False
463,metric/the_pile_wikipedia_en_val_loss,1.0,False
463,metric/the_pile_dm_mathematics_val_loss,1.0,False
463,metric/the_pile_github_val_loss,1.0,False
463,metric/the_pile_stackexchange_val_loss,1.0,False
463,metric/the_pile_gutenberg_pg_19_val_loss,1.0,False
463,metric/the_pile_pile_cc_val_loss,1.0,False
463,metric/the_pile_ubuntu_irc_val_loss,1.0,False
463,metric/the_pile_hackernews_val_loss,1.0,False
463,metric/the_pile_pubmed_abstracts_val_loss,1.0,False
463,metric/the_pile_uspto_backgrounds_val_loss,1.0,False
464,metric/the_pile_arxiv_val_loss,1.0,False
464,metric/the_pile_freelaw_val_loss,1.0,False
464,metric/the_pile_pubmed_central_val_loss,1.0,False
464,metric/the_pile_wikipedia_en_val_loss,1.0,False
464,metric/the_pile_dm_mathematics_val_loss,1.0,False
464,metric/the_pile_github_val_loss,1.0,False
464,metric/the_pile_stackexchange_val_loss,1.0,False
464,metric/the_pile_gutenberg_pg_19_val_loss,1.0,False
464,metric/the_pile_pile_cc_val_loss,1.0,False
464,metric/the_pile_ubuntu_irc_val_loss,1.0,False
464,metric/the_pile_hackernews_val_loss,1.0,False
464,metric/the_pile_pubmed_abstracts_val_loss,1.0,False
464,metric/the_pile_uspto_backgrounds_val_loss,1.0,False
465,metric/the_pile_arxiv_val_loss,1.0,False
465,metric/the_pile_freelaw_val_loss,1.0,False
465,metric/the_pile_pubmed_central_val_loss,1.0,False
465,metric/the_pile_wikipedia_en_val_loss,1.0,False
465,metric/the_pile_dm_mathematics_val_loss,1.0,False
465,metric/the_pile_github_val_loss,1.0,False
465,metric/the_pile_stackexchange_val_loss,1.0,False
465,metric/the_pile_gutenberg_pg_19_val_loss,1.0,False
465,metric/the_pile_pile_cc_val_loss,1.0,False
465,metric/the_pile_ubuntu_irc_val_loss,1.0,False
465,metric/the_pile_hackernews_val_loss,1.0,False
465,metric/the_pile_pubmed_abstracts_val_loss,0.7274471810701159,True
465,metric/the_pile_uspto_backgrounds_val_loss,1.0,False
466,metric/the_pile_arxiv_val_loss,1.0,False
466,metric/the_pile_freelaw_val_loss,1.0,False
466,metric/the_pile_pubmed_central_val_loss,1.0,False
466,metric/the_pile_wikipedia_en_val_loss,1.0,False
466,metric/the_pile_dm_mathematics_val_loss,1.0,False
466,metric/the_pile_github_val_loss,1.0,False
466,metric/the_pile_stackexchange_val_loss,1.0,False
466,metric/the_pile_gutenberg_pg_19_val_loss,1.0,False
466,metric/the_pile_pile_cc_val_loss,1.0,False
466,metric/the_pile_ubuntu_irc_val_loss,1.0,False
466,metric/the_pile_hackernews_val_loss,1.0,False
466,metric/the_pile_pubmed_abstracts_val_loss,1.0,False
466,metric/the_pile_uspto_backgrounds_val_loss,1.0,False
467,metric/the_pile_arxiv_val_loss,1.0,False
467,metric/the_pile_freelaw_val_loss,1.0,False
467,metric/the_pile_pubmed_central_val_loss,1.0,False
467,metric/the_pile_wikipedia_en_val_loss,1.0,False
467,metric/the_pile_dm_mathematics_val_loss,1.0,False
467,metric/the_pile_github_val_loss,1.0,False
467,metric/the_pile_stackexchange_val_loss,1.0,False
467,metric/the_pile_gutenberg_pg_19_val_loss,1.0,False
467,metric/the_pile_pile_cc_val_loss,1.0,False
467,metric/the_pile_ubuntu_irc_val_loss,1.0,False
467,metric/the_pile_hackernews_val_loss,1.0,False
467,metric/the_pile_pubmed_abstracts_val_loss,1.0,False
467,metric/the_pile_uspto_backgrounds_val_loss,1.0,False
468,metric/the_pile_arxiv_val_loss,1.0,False
468,metric/the_pile_freelaw_val_loss,1.0,False
468,metric/the_pile_pubmed_central_val_loss,1.0,False
468,metric/the_pile_wikipedia_en_val_loss,1.0,False
468,metric/the_pile_dm_mathematics_val_loss,1.0,False
468,metric/the_pile_github_val_loss,1.0,False
468,metric/the_pile_stackexchange_val_loss,1.0,False
468,metric/the_pile_gutenberg_pg_19_val_loss,1.0,False
468,metric/the_pile_pile_cc_val_loss,1.0,False
468,metric/the_pile_ubuntu_irc_val_loss,1.0,False
468,metric/the_pile_hackernews_val_loss,1.0,False
468,metric/the_pile_pubmed_abstracts_val_loss,1.0,False
468,metric/the_pile_uspto_backgrounds_val_loss,1.0,False
469,metric/the_pile_arxiv_val_loss,1.0,False
469,metric/the_pile_freelaw_val_loss,1.0,False
469,metric/the_pile_pubmed_central_val_loss,1.0,False
469,metric/the_pile_wikipedia_en_val_loss,1.0,False
469,metric/the_pile_dm_mathematics_val_loss,1.0,False
469,metric/the_pile_github_val_loss,1.0,False
469,metric/the_pile_stackexchange_val_loss,1.0,False
469,metric/the_pile_gutenberg_pg_19_val_loss,1.0,False
469,metric/the_pile_pile_cc_val_loss,1.0,False
469,metric/the_pile_ubuntu_irc_val_loss,1.0,False
469,metric/the_pile_hackernews_val_loss,1.0,False
469,metric/the_pile_pubmed_abstracts_val_loss,1.0,False
469,metric/the_pile_uspto_backgrounds_val_loss,1.0,False
470,metric/the_pile_arxiv_val_loss,1.0,False
470,metric/the_pile_freelaw_val_loss,1.0,False
470,metric/the_pile_pubmed_central_val_loss,1.0,False
470,metric/the_pile_wikipedia_en_val_loss,1.0,False
470,metric/the_pile_dm_mathematics_val_loss,1.0,False
470,metric/the_pile_github_val_loss,1.0,False
470,metric/the_pile_stackexchange_val_loss,1.0,False
470,metric/the_pile_gutenberg_pg_19_val_loss,1.0,False
470,metric/the_pile_pile_cc_val_loss,1.0,False
470,metric/the_pile_ubuntu_irc_val_loss,1.0,False
470,metric/the_pile_hackernews_val_loss,1.0,False
470,metric/the_pile_pubmed_abstracts_val_loss,1.0,False
470,metric/the_pile_uspto_backgrounds_val_loss,1.0,False
471,metric/the_pile_arxiv_val_loss,1.0,False
471,metric/the_pile_freelaw_val_loss,1.0,False
471,metric/the_pile_pubmed_central_val_loss,1.0,False
471,metric/the_pile_wikipedia_en_val_loss,1.0,False
471,metric/the_pile_dm_mathematics_val_loss,1.0,False
471,metric/the_pile_github_val_loss,1.0,False
471,metric/the_pile_stackexchange_val_loss,1.0,False
471,metric/the_pile_gutenberg_pg_19_val_loss,1.0,False
471,metric/the_pile_pile_cc_val_loss,1.0,False
471,metric/the_pile_ubuntu_irc_val_loss,1.0,False
471,metric/the_pile_hackernews_val_loss,1.0,False
471,metric/the_pile_pubmed_abstracts_val_loss,1.0,False
471,metric/the_pile_uspto_backgrounds_val_loss,1.0,False
472,metric/the_pile_arxiv_val_loss,1.0,False
472,metric/the_pile_freelaw_val_loss,1.0,False
472,metric/the_pile_pubmed_central_val_loss,1.0,False
472,metric/the_pile_wikipedia_en_val_loss,1.0,False
472,metric/the_pile_dm_mathematics_val_loss,1.0,False
472,metric/the_pile_github_val_loss,0.9779571107271016,True
472,metric/the_pile_stackexchange_val_loss,1.0,False
472,metric/the_pile_gutenberg_pg_19_val_loss,0.9356864365091346,True
472,metric/the_pile_pile_cc_val_loss,1.0,False
472,metric/the_pile_ubuntu_irc_val_loss,1.0,False
472,metric/the_pile_hackernews_val_loss,1.0,False
472,metric/the_pile_pubmed_abstracts_val_loss,1.0,False
472,metric/the_pile_uspto_backgrounds_val_loss,1.0,False
473,metric/the_pile_arxiv_val_loss,1.0,False
473,metric/the_pile_freelaw_val_loss,1.0,False
473,metric/the_pile_pubmed_central_val_loss,1.0,False
473,metric/the_pile_wikipedia_en_val_loss,1.0,False
473,metric/the_pile_dm_mathematics_val_loss,1.0,False
473,metric/the_pile_github_val_loss,1.0,False
473,metric/the_pile_stackexchange_val_loss,1.0,False
473,metric/the_pile_gutenberg_pg_19_val_loss,1.0,False
473,metric/the_pile_pile_cc_val_loss,1.0,False
473,metric/the_pile_ubuntu_irc_val_loss,1.0,False
473,metric/the_pile_hackernews_val_loss,1.0,False
473,metric/the_pile_pubmed_abstracts_val_loss,1.0,False
473,metric/the_pile_uspto_backgrounds_val_loss,1.0,False
474,metric/the_pile_arxiv_val_loss,1.0,False
474,metric/the_pile_freelaw_val_loss,1.0,False
474,metric/the_pile_pubmed_central_val_loss,1.0,False
474,metric/the_pile_wikipedia_en_val_loss,1.0,False
474,metric/the_pile_dm_mathematics_val_loss,1.0,False
474,metric/the_pile_github_val_loss,1.0,False
474,metric/the_pile_stackexchange_val_loss,1.0,False
474,metric/the_pile_gutenberg_pg_19_val_loss,1.0,False
474,metric/the_pile_pile_cc_val_loss,1.0,False
474,metric/the_pile_ubuntu_irc_val_loss,1.0,False
474,metric/the_pile_hackernews_val_loss,1.0,False
474,metric/the_pile_pubmed_abstracts_val_loss,1.0,False
474,metric/the_pile_uspto_backgrounds_val_loss,1.0,False
475,metric/the_pile_arxiv_val_loss,1.0,False
475,metric/the_pile_freelaw_val_loss,1.0,False
475,metric/the_pile_pubmed_central_val_loss,1.0,False
475,metric/the_pile_wikipedia_en_val_loss,1.0,False
475,metric/the_pile_dm_mathematics_val_loss,1.0,False
475,metric/the_pile_github_val_loss,1.0,False
475,metric/the_pile_stackexchange_val_loss,1.0,False
475,metric/the_pile_gutenberg_pg_19_val_loss,1.0,False
475,metric/the_pile_pile_cc_val_loss,1.0,False
475,metric/the_pile_ubuntu_irc_val_loss,1.0,False
475,metric/the_pile_hackernews_val_loss,1.0,False
475,metric/the_pile_pubmed_abstracts_val_loss,1.0,False
475,metric/the_pile_uspto_backgrounds_val_loss,1.0,False
476,metric/the_pile_arxiv_val_loss,1.0,False
476,metric/the_pile_freelaw_val_loss,1.0,False
476,metric/the_pile_pubmed_central_val_loss,1.0,False
476,metric/the_pile_wikipedia_en_val_loss,1.0,False
476,metric/the_pile_dm_mathematics_val_loss,1.0,False
476,metric/the_pile_github_val_loss,1.0,False
476,metric/the_pile_stackexchange_val_loss,1.0,False
476,metric/the_pile_gutenberg_pg_19_val_loss,1.0,False
476,metric/the_pile_pile_cc_val_loss,1.0,False
476,metric/the_pile_ubuntu_irc_val_loss,1.0,False
476,metric/the_pile_hackernews_val_loss,1.0,False
476,metric/the_pile_pubmed_abstracts_val_loss,1.0,False
476,metric/the_pile_uspto_backgrounds_val_loss,1.0,False
477,metric/the_pile_arxiv_val_loss,1.0,False
477,metric/the_pile_freelaw_val_loss,1.0,False
477,metric/the_pile_pubmed_central_val_loss,1.0,False
477,metric/the_pile_wikipedia_en_val_loss,1.0,False
477,metric/the_pile_dm_mathematics_val_loss,1.0,False
477,metric/the_pile_github_val_loss,1.0,False
477,metric/the_pile_stackexchange_val_loss,1.0,False
477,metric/the_pile_gutenberg_pg_19_val_loss,1.0,False
477,metric/the_pile_pile_cc_val_loss,1.0,False
477,metric/the_pile_ubuntu_irc_val_loss,1.0,False
477,metric/the_pile_hackernews_val_loss,1.0,False
477,metric/the_pile_pubmed_abstracts_val_loss,1.0,False
477,metric/the_pile_uspto_backgrounds_val_loss,1.0,False
478,metric/the_pile_arxiv_val_loss,1.0,False
478,metric/the_pile_freelaw_val_loss,1.0,False
478,metric/the_pile_pubmed_central_val_loss,1.0,False
478,metric/the_pile_wikipedia_en_val_loss,1.0,False
478,metric/the_pile_dm_mathematics_val_loss,1.0,False
478,metric/the_pile_github_val_loss,1.0,False
478,metric/the_pile_stackexchange_val_loss,1.0,False
478,metric/the_pile_gutenberg_pg_19_val_loss,1.0,False
478,metric/the_pile_pile_cc_val_loss,1.0,False
478,metric/the_pile_ubuntu_irc_val_loss,1.0,False
478,metric/the_pile_hackernews_val_loss,1.0,False
478,metric/the_pile_pubmed_abstracts_val_loss,1.0,False
478,metric/the_pile_uspto_backgrounds_val_loss,1.0,False
479,metric/the_pile_arxiv_val_loss,1.0,False
479,metric/the_pile_freelaw_val_loss,1.0,False
479,metric/the_pile_pubmed_central_val_loss,1.0,False
479,metric/the_pile_wikipedia_en_val_loss,1.0,False
479,metric/the_pile_dm_mathematics_val_loss,1.0,False
479,metric/the_pile_github_val_loss,1.0,False
479,metric/the_pile_stackexchange_val_loss,1.0,False
479,metric/the_pile_gutenberg_pg_19_val_loss,1.0,False
479,metric/the_pile_pile_cc_val_loss,1.0,False
479,metric/the_pile_ubuntu_irc_val_loss,1.0,False
479,metric/the_pile_hackernews_val_loss,1.0,False
479,metric/the_pile_pubmed_abstracts_val_loss,1.0,False
479,metric/the_pile_uspto_backgrounds_val_loss,1.0,False
480,metric/the_pile_arxiv_val_loss,1.0,False
480,metric/the_pile_freelaw_val_loss,1.0,False
480,metric/the_pile_pubmed_central_val_loss,1.0,False
480,metric/the_pile_wikipedia_en_val_loss,1.0,False
480,metric/the_pile_dm_mathematics_val_loss,1.0,False
480,metric/the_pile_github_val_loss,0.9533763042654462,True
480,metric/the_pile_stackexchange_val_loss,1.0,False
480,metric/the_pile_gutenberg_pg_19_val_loss,0.7907979050619688,True
480,metric/the_pile_pile_cc_val_loss,1.0,False
480,metric/the_pile_ubuntu_irc_val_loss,1.0,False
480,metric/the_pile_hackernews_val_loss,1.0,False
480,metric/the_pile_pubmed_abstracts_val_loss,1.0,False
480,metric/the_pile_uspto_backgrounds_val_loss,1.0,False
481,metric/the_pile_arxiv_val_loss,1.0,False
481,metric/the_pile_freelaw_val_loss,1.0,False
481,metric/the_pile_pubmed_central_val_loss,1.0,False
481,metric/the_pile_wikipedia_en_val_loss,1.0,False
481,metric/the_pile_dm_mathematics_val_loss,1.0,False
481,metric/the_pile_github_val_loss,1.0,False
481,metric/the_pile_stackexchange_val_loss,1.0,False
481,metric/the_pile_gutenberg_pg_19_val_loss,0.8138456947758735,True
481,metric/the_pile_pile_cc_val_loss,1.0,False
481,metric/the_pile_ubuntu_irc_val_loss,1.0,False
481,metric/the_pile_hackernews_val_loss,0.9974435055476492,True
481,metric/the_pile_pubmed_abstracts_val_loss,1.0,False
481,metric/the_pile_uspto_backgrounds_val_loss,1.0,False
482,metric/the_pile_arxiv_val_loss,1.0,False
482,metric/the_pile_freelaw_val_loss,1.0,False
482,metric/the_pile_pubmed_central_val_loss,1.0,False
482,metric/the_pile_wikipedia_en_val_loss,1.0,False
482,metric/the_pile_dm_mathematics_val_loss,1.0,False
482,metric/the_pile_github_val_loss,1.0,False
482,metric/the_pile_stackexchange_val_loss,1.0,False
482,metric/the_pile_gutenberg_pg_19_val_loss,1.0,False
482,metric/the_pile_pile_cc_val_loss,1.0,False
482,metric/the_pile_ubuntu_irc_val_loss,1.0,False
482,metric/the_pile_hackernews_val_loss,1.0,False
482,metric/the_pile_pubmed_abstracts_val_loss,1.0,False
482,metric/the_pile_uspto_backgrounds_val_loss,1.0,False
483,metric/the_pile_arxiv_val_loss,1.0,False
483,metric/the_pile_freelaw_val_loss,1.0,False
483,metric/the_pile_pubmed_central_val_loss,1.0,False
483,metric/the_pile_wikipedia_en_val_loss,1.0,False
483,metric/the_pile_dm_mathematics_val_loss,1.0,False
483,metric/the_pile_github_val_loss,1.0,False
483,metric/the_pile_stackexchange_val_loss,1.0,False
483,metric/the_pile_gutenberg_pg_19_val_loss,1.0,False
483,metric/the_pile_pile_cc_val_loss,1.0,False
483,metric/the_pile_ubuntu_irc_val_loss,1.0,False
483,metric/the_pile_hackernews_val_loss,1.0,False
483,metric/the_pile_pubmed_abstracts_val_loss,1.0,False
483,metric/the_pile_uspto_backgrounds_val_loss,1.0,False
484,metric/the_pile_arxiv_val_loss,1.0,False
484,metric/the_pile_freelaw_val_loss,1.0,False
484,metric/the_pile_pubmed_central_val_loss,1.0,False
484,metric/the_pile_wikipedia_en_val_loss,1.0,False
484,metric/the_pile_dm_mathematics_val_loss,1.0,False
484,metric/the_pile_github_val_loss,1.0,False
484,metric/the_pile_stackexchange_val_loss,1.0,False
484,metric/the_pile_gutenberg_pg_19_val_loss,1.0,False
484,metric/the_pile_pile_cc_val_loss,1.0,False
484,metric/the_pile_ubuntu_irc_val_loss,1.0,False
484,metric/the_pile_hackernews_val_loss,1.0,False
484,metric/the_pile_pubmed_abstracts_val_loss,1.0,False
484,metric/the_pile_uspto_backgrounds_val_loss,1.0,False
485,metric/the_pile_arxiv_val_loss,1.0,False
485,metric/the_pile_freelaw_val_loss,1.0,False
485,metric/the_pile_pubmed_central_val_loss,1.0,False
485,metric/the_pile_wikipedia_en_val_loss,1.0,False
485,metric/the_pile_dm_mathematics_val_loss,1.0,False
485,metric/the_pile_github_val_loss,1.0,False
485,metric/the_pile_stackexchange_val_loss,1.0,False
485,metric/the_pile_gutenberg_pg_19_val_loss,1.0,False
485,metric/the_pile_pile_cc_val_loss,1.0,False
485,metric/the_pile_ubuntu_irc_val_loss,1.0,False
485,metric/the_pile_hackernews_val_loss,1.0,False
485,metric/the_pile_pubmed_abstracts_val_loss,1.0,False
485,metric/the_pile_uspto_backgrounds_val_loss,1.0,False
486,metric/the_pile_arxiv_val_loss,1.0,False
486,metric/the_pile_freelaw_val_loss,1.0,False
486,metric/the_pile_pubmed_central_val_loss,1.0,False
486,metric/the_pile_wikipedia_en_val_loss,1.0,False
486,metric/the_pile_dm_mathematics_val_loss,1.0,False
486,metric/the_pile_github_val_loss,1.0,False
486,metric/the_pile_stackexchange_val_loss,1.0,False
486,metric/the_pile_gutenberg_pg_19_val_loss,1.0,False
486,metric/the_pile_pile_cc_val_loss,1.0,False
486,metric/the_pile_ubuntu_irc_val_loss,1.0,False
486,metric/the_pile_hackernews_val_loss,1.0,False
486,metric/the_pile_pubmed_abstracts_val_loss,1.0,False
486,metric/the_pile_uspto_backgrounds_val_loss,1.0,False
487,metric/the_pile_arxiv_val_loss,1.0,False
487,metric/the_pile_freelaw_val_loss,1.0,False
487,metric/the_pile_pubmed_central_val_loss,1.0,False
487,metric/the_pile_wikipedia_en_val_loss,1.0,False
487,metric/the_pile_dm_mathematics_val_loss,1.0,False
487,metric/the_pile_github_val_loss,1.0,False
487,metric/the_pile_stackexchange_val_loss,1.0,False
487,metric/the_pile_gutenberg_pg_19_val_loss,1.0,False
487,metric/the_pile_pile_cc_val_loss,1.0,False
487,metric/the_pile_ubuntu_irc_val_loss,1.0,False
487,metric/the_pile_hackernews_val_loss,1.0,False
487,metric/the_pile_pubmed_abstracts_val_loss,1.0,False
487,metric/the_pile_uspto_backgrounds_val_loss,1.0,False
488,metric/the_pile_arxiv_val_loss,1.0,False
488,metric/the_pile_freelaw_val_loss,1.0,False
488,metric/the_pile_pubmed_central_val_loss,1.0,False
488,metric/the_pile_wikipedia_en_val_loss,1.0,False
488,metric/the_pile_dm_mathematics_val_loss,1.0,False
488,metric/the_pile_github_val_loss,1.0,False
488,metric/the_pile_stackexchange_val_loss,1.0,False
488,metric/the_pile_gutenberg_pg_19_val_loss,1.0,False
488,metric/the_pile_pile_cc_val_loss,1.0,False
488,metric/the_pile_ubuntu_irc_val_loss,1.0,False
488,metric/the_pile_hackernews_val_loss,1.0,False
488,metric/the_pile_pubmed_abstracts_val_loss,1.0,False
488,metric/the_pile_uspto_backgrounds_val_loss,1.0,False
489,metric/the_pile_arxiv_val_loss,1.0,False
489,metric/the_pile_freelaw_val_loss,1.0,False
489,metric/the_pile_pubmed_central_val_loss,1.0,False
489,metric/the_pile_wikipedia_en_val_loss,1.0,False
489,metric/the_pile_dm_mathematics_val_loss,1.0,False
489,metric/the_pile_github_val_loss,1.0,False
489,metric/the_pile_stackexchange_val_loss,1.0,False
489,metric/the_pile_gutenberg_pg_19_val_loss,1.0,False
489,metric/the_pile_pile_cc_val_loss,1.0,False
489,metric/the_pile_ubuntu_irc_val_loss,1.0,False
489,metric/the_pile_hackernews_val_loss,1.0,False
489,metric/the_pile_pubmed_abstracts_val_loss,1.0,False
489,metric/the_pile_uspto_backgrounds_val_loss,1.0,False
490,metric/the_pile_arxiv_val_loss,1.0,False
490,metric/the_pile_freelaw_val_loss,1.0,False
490,metric/the_pile_pubmed_central_val_loss,1.0,False
490,metric/the_pile_wikipedia_en_val_loss,1.0,False
490,metric/the_pile_dm_mathematics_val_loss,1.0,False
490,metric/the_pile_github_val_loss,1.0,False
490,metric/the_pile_stackexchange_val_loss,1.0,False
490,metric/the_pile_gutenberg_pg_19_val_loss,1.0,False
490,metric/the_pile_pile_cc_val_loss,1.0,False
490,metric/the_pile_ubuntu_irc_val_loss,1.0,False
490,metric/the_pile_hackernews_val_loss,1.0,False
490,metric/the_pile_pubmed_abstracts_val_loss,1.0,False
490,metric/the_pile_uspto_backgrounds_val_loss,1.0,False
491,metric/the_pile_arxiv_val_loss,1.0,False
491,metric/the_pile_freelaw_val_loss,1.0,False
491,metric/the_pile_pubmed_central_val_loss,1.0,False
491,metric/the_pile_wikipedia_en_val_loss,1.0,False
491,metric/the_pile_dm_mathematics_val_loss,1.0,False
491,metric/the_pile_github_val_loss,1.0,False
491,metric/the_pile_stackexchange_val_loss,1.0,False
491,metric/the_pile_gutenberg_pg_19_val_loss,1.0,False
491,metric/the_pile_pile_cc_val_loss,1.0,False
491,metric/the_pile_ubuntu_irc_val_loss,1.0,False
491,metric/the_pile_hackernews_val_loss,1.0,False
491,metric/the_pile_pubmed_abstracts_val_loss,1.0,False
491,metric/the_pile_uspto_backgrounds_val_loss,1.0,False
492,metric/the_pile_arxiv_val_loss,1.0,False
492,metric/the_pile_freelaw_val_loss,1.0,False
492,metric/the_pile_pubmed_central_val_loss,1.0,False
492,metric/the_pile_wikipedia_en_val_loss,1.0,False
492,metric/the_pile_dm_mathematics_val_loss,1.0,False
492,metric/the_pile_github_val_loss,1.0,False
492,metric/the_pile_stackexchange_val_loss,1.0,False
492,metric/the_pile_gutenberg_pg_19_val_loss,1.0,False
492,metric/the_pile_pile_cc_val_loss,1.0,False
492,metric/the_pile_ubuntu_irc_val_loss,1.0,False
492,metric/the_pile_hackernews_val_loss,1.0,False
492,metric/the_pile_pubmed_abstracts_val_loss,1.0,False
492,metric/the_pile_uspto_backgrounds_val_loss,1.0,False
493,metric/the_pile_arxiv_val_loss,1.0,False
493,metric/the_pile_freelaw_val_loss,1.0,False
493,metric/the_pile_pubmed_central_val_loss,1.0,False
493,metric/the_pile_wikipedia_en_val_loss,1.0,False
493,metric/the_pile_dm_mathematics_val_loss,1.0,False
493,metric/the_pile_github_val_loss,0.7335899722900472,True
493,metric/the_pile_stackexchange_val_loss,0.7604646169093242,True
493,metric/the_pile_gutenberg_pg_19_val_loss,1.0,False
493,metric/the_pile_pile_cc_val_loss,1.0,False
493,metric/the_pile_ubuntu_irc_val_loss,1.0,False
493,metric/the_pile_hackernews_val_loss,1.0,False
493,metric/the_pile_pubmed_abstracts_val_loss,1.0,False
493,metric/the_pile_uspto_backgrounds_val_loss,1.0,False
494,metric/the_pile_arxiv_val_loss,1.0,False
494,metric/the_pile_freelaw_val_loss,1.0,False
494,metric/the_pile_pubmed_central_val_loss,1.0,False
494,metric/the_pile_wikipedia_en_val_loss,1.0,False
494,metric/the_pile_dm_mathematics_val_loss,1.0,False
494,metric/the_pile_github_val_loss,1.0,False
494,metric/the_pile_stackexchange_val_loss,1.0,False
494,metric/the_pile_gutenberg_pg_19_val_loss,1.0,False
494,metric/the_pile_pile_cc_val_loss,1.0,False
494,metric/the_pile_ubuntu_irc_val_loss,1.0,False
494,metric/the_pile_hackernews_val_loss,1.0,False
494,metric/the_pile_pubmed_abstracts_val_loss,1.0,False
494,metric/the_pile_uspto_backgrounds_val_loss,1.0,False
495,metric/the_pile_arxiv_val_loss,1.0,False
495,metric/the_pile_freelaw_val_loss,1.0,False
495,metric/the_pile_pubmed_central_val_loss,1.0,False
495,metric/the_pile_wikipedia_en_val_loss,1.0,False
495,metric/the_pile_dm_mathematics_val_loss,1.0,False
495,metric/the_pile_github_val_loss,1.0,False
495,metric/the_pile_stackexchange_val_loss,1.0,False
495,metric/the_pile_gutenberg_pg_19_val_loss,1.0,False
495,metric/the_pile_pile_cc_val_loss,1.0,False
495,metric/the_pile_ubuntu_irc_val_loss,1.0,False
495,metric/the_pile_hackernews_val_loss,1.0,False
495,metric/the_pile_pubmed_abstracts_val_loss,1.0,False
495,metric/the_pile_uspto_backgrounds_val_loss,1.0,False
496,metric/the_pile_arxiv_val_loss,1.0,False
496,metric/the_pile_freelaw_val_loss,1.0,False
496,metric/the_pile_pubmed_central_val_loss,1.0,False
496,metric/the_pile_wikipedia_en_val_loss,1.0,False
496,metric/the_pile_dm_mathematics_val_loss,1.0,False
496,metric/the_pile_github_val_loss,1.0,False
496,metric/the_pile_stackexchange_val_loss,1.0,False
496,metric/the_pile_gutenberg_pg_19_val_loss,1.0,False
496,metric/the_pile_pile_cc_val_loss,1.0,False
496,metric/the_pile_ubuntu_irc_val_loss,1.0,False
496,metric/the_pile_hackernews_val_loss,1.0,False
496,metric/the_pile_pubmed_abstracts_val_loss,1.0,False
496,metric/the_pile_uspto_backgrounds_val_loss,1.0,False
497,metric/the_pile_arxiv_val_loss,1.0,False
497,metric/the_pile_freelaw_val_loss,1.0,False
497,metric/the_pile_pubmed_central_val_loss,1.0,False
497,metric/the_pile_wikipedia_en_val_loss,1.0,False
497,metric/the_pile_dm_mathematics_val_loss,1.0,False
497,metric/the_pile_github_val_loss,1.0,False
497,metric/the_pile_stackexchange_val_loss,1.0,False
497,metric/the_pile_gutenberg_pg_19_val_loss,1.0,False
497,metric/the_pile_pile_cc_val_loss,1.0,False
497,metric/the_pile_ubuntu_irc_val_loss,1.0,False
497,metric/the_pile_hackernews_val_loss,1.0,False
497,metric/the_pile_pubmed_abstracts_val_loss,1.0,False
497,metric/the_pile_uspto_backgrounds_val_loss,1.0,False
498,metric/the_pile_arxiv_val_loss,1.0,False
498,metric/the_pile_freelaw_val_loss,1.0,False
498,metric/the_pile_pubmed_central_val_loss,1.0,False
498,metric/the_pile_wikipedia_en_val_loss,1.0,False
498,metric/the_pile_dm_mathematics_val_loss,1.0,False
498,metric/the_pile_github_val_loss,1.0,False
498,metric/the_pile_stackexchange_val_loss,1.0,False
498,metric/the_pile_gutenberg_pg_19_val_loss,1.0,False
498,metric/the_pile_pile_cc_val_loss,1.0,False
498,metric/the_pile_ubuntu_irc_val_loss,1.0,False
498,metric/the_pile_hackernews_val_loss,1.0,False
498,metric/the_pile_pubmed_abstracts_val_loss,1.0,False
498,metric/the_pile_uspto_backgrounds_val_loss,1.0,False
499,metric/the_pile_arxiv_val_loss,1.0,False
499,metric/the_pile_freelaw_val_loss,1.0,False
499,metric/the_pile_pubmed_central_val_loss,1.0,False
499,metric/the_pile_wikipedia_en_val_loss,1.0,False
499,metric/the_pile_dm_mathematics_val_loss,1.0,False
499,metric/the_pile_github_val_loss,1.0,False
499,metric/the_pile_stackexchange_val_loss,1.0,False
499,metric/the_pile_gutenberg_pg_19_val_loss,1.0,False
499,metric/the_pile_pile_cc_val_loss,1.0,False
499,metric/the_pile_ubuntu_irc_val_loss,1.0,False
499,metric/the_pile_hackernews_val_loss,1.0,False
499,metric/the_pile_pubmed_abstracts_val_loss,1.0,False
499,metric/the_pile_uspto_backgrounds_val_loss,1.0,False
500,metric/the_pile_arxiv_val_loss,1.0,False
500,metric/the_pile_freelaw_val_loss,1.0,False
500,metric/the_pile_pubmed_central_val_loss,1.0,False
500,metric/the_pile_wikipedia_en_val_loss,1.0,False
500,metric/the_pile_dm_mathematics_val_loss,1.0,False
500,metric/the_pile_github_val_loss,1.0,False
500,metric/the_pile_stackexchange_val_loss,1.0,False
500,metric/the_pile_gutenberg_pg_19_val_loss,1.0,False
500,metric/the_pile_pile_cc_val_loss,1.0,False
500,metric/the_pile_ubuntu_irc_val_loss,1.0,False
500,metric/the_pile_hackernews_val_loss,1.0,False
500,metric/the_pile_pubmed_abstracts_val_loss,1.0,False
500,metric/the_pile_uspto_backgrounds_val_loss,1.0,False
501,metric/the_pile_arxiv_val_loss,0.5716253471465299,True
501,metric/the_pile_freelaw_val_loss,1.0,False
501,metric/the_pile_pubmed_central_val_loss,0.8731134388969912,True
501,metric/the_pile_wikipedia_en_val_loss,1.0,False
501,metric/the_pile_dm_mathematics_val_loss,1.0,False
501,metric/the_pile_github_val_loss,1.0,False
501,metric/the_pile_stackexchange_val_loss,0.9006365993780364,True
501,metric/the_pile_gutenberg_pg_19_val_loss,1.0,False
501,metric/the_pile_pile_cc_val_loss,1.0,False
501,metric/the_pile_ubuntu_irc_val_loss,1.0,False
501,metric/the_pile_hackernews_val_loss,1.0,False
501,metric/the_pile_pubmed_abstracts_val_loss,1.0,False
501,metric/the_pile_uspto_backgrounds_val_loss,1.0,False
502,metric/the_pile_arxiv_val_loss,1.0,False
502,metric/the_pile_freelaw_val_loss,1.0,False
502,metric/the_pile_pubmed_central_val_loss,1.0,False
502,metric/the_pile_wikipedia_en_val_loss,1.0,False
502,metric/the_pile_dm_mathematics_val_loss,1.0,False
502,metric/the_pile_github_val_loss,0.8893373484042737,True
502,metric/the_pile_stackexchange_val_loss,1.0,False
502,metric/the_pile_gutenberg_pg_19_val_loss,1.0,False
502,metric/the_pile_pile_cc_val_loss,1.0,False
502,metric/the_pile_ubuntu_irc_val_loss,1.0,False
502,metric/the_pile_hackernews_val_loss,1.0,False
502,metric/the_pile_pubmed_abstracts_val_loss,1.0,False
502,metric/the_pile_uspto_backgrounds_val_loss,1.0,False
503,metric/the_pile_arxiv_val_loss,1.0,False
503,metric/the_pile_freelaw_val_loss,1.0,False
503,metric/the_pile_pubmed_central_val_loss,1.0,False
503,metric/the_pile_wikipedia_en_val_loss,1.0,False
503,metric/the_pile_dm_mathematics_val_loss,1.0,False
503,metric/the_pile_github_val_loss,1.0,False
503,metric/the_pile_stackexchange_val_loss,1.0,False
503,metric/the_pile_gutenberg_pg_19_val_loss,1.0,False
503,metric/the_pile_pile_cc_val_loss,1.0,False
503,metric/the_pile_ubuntu_irc_val_loss,1.0,False
503,metric/the_pile_hackernews_val_loss,1.0,False
503,metric/the_pile_pubmed_abstracts_val_loss,1.0,False
503,metric/the_pile_uspto_backgrounds_val_loss,1.0,False
504,metric/the_pile_arxiv_val_loss,1.0,False
504,metric/the_pile_freelaw_val_loss,1.0,False
504,metric/the_pile_pubmed_central_val_loss,1.0,False
504,metric/the_pile_wikipedia_en_val_loss,1.0,False
504,metric/the_pile_dm_mathematics_val_loss,1.0,False
504,metric/the_pile_github_val_loss,1.0,False
504,metric/the_pile_stackexchange_val_loss,1.0,False
504,metric/the_pile_gutenberg_pg_19_val_loss,1.0,False
504,metric/the_pile_pile_cc_val_loss,1.0,False
504,metric/the_pile_ubuntu_irc_val_loss,1.0,False
504,metric/the_pile_hackernews_val_loss,1.0,False
504,metric/the_pile_pubmed_abstracts_val_loss,1.0,False
504,metric/the_pile_uspto_backgrounds_val_loss,1.0,False
505,metric/the_pile_arxiv_val_loss,0.8048483262620773,True
505,metric/the_pile_freelaw_val_loss,1.0,False
505,metric/the_pile_pubmed_central_val_loss,1.0,False
505,metric/the_pile_wikipedia_en_val_loss,1.0,False
505,metric/the_pile_dm_mathematics_val_loss,1.0,False
505,metric/the_pile_github_val_loss,1.0,False
505,metric/the_pile_stackexchange_val_loss,1.0,False
505,metric/the_pile_gutenberg_pg_19_val_loss,1.0,False
505,metric/the_pile_pile_cc_val_loss,1.0,False
505,metric/the_pile_ubuntu_irc_val_loss,1.0,False
505,metric/the_pile_hackernews_val_loss,1.0,False
505,metric/the_pile_pubmed_abstracts_val_loss,1.0,False
505,metric/the_pile_uspto_backgrounds_val_loss,1.0,False
506,metric/the_pile_arxiv_val_loss,1.0,False
506,metric/the_pile_freelaw_val_loss,1.0,False
506,metric/the_pile_pubmed_central_val_loss,1.0,False
506,metric/the_pile_wikipedia_en_val_loss,1.0,False
506,metric/the_pile_dm_mathematics_val_loss,1.0,False
506,metric/the_pile_github_val_loss,1.0,False
506,metric/the_pile_stackexchange_val_loss,1.0,False
506,metric/the_pile_gutenberg_pg_19_val_loss,1.0,False
506,metric/the_pile_pile_cc_val_loss,1.0,False
506,metric/the_pile_ubuntu_irc_val_loss,1.0,False
506,metric/the_pile_hackernews_val_loss,1.0,False
506,metric/the_pile_pubmed_abstracts_val_loss,1.0,False
506,metric/the_pile_uspto_backgrounds_val_loss,1.0,False
507,metric/the_pile_arxiv_val_loss,1.0,False
507,metric/the_pile_freelaw_val_loss,1.0,False
507,metric/the_pile_pubmed_central_val_loss,1.0,False
507,metric/the_pile_wikipedia_en_val_loss,1.0,False
507,metric/the_pile_dm_mathematics_val_loss,1.0,False
507,metric/the_pile_github_val_loss,1.0,False
507,metric/the_pile_stackexchange_val_loss,1.0,False
507,metric/the_pile_gutenberg_pg_19_val_loss,1.0,False
507,metric/the_pile_pile_cc_val_loss,1.0,False
507,metric/the_pile_ubuntu_irc_val_loss,1.0,False
507,metric/the_pile_hackernews_val_loss,1.0,False
507,metric/the_pile_pubmed_abstracts_val_loss,1.0,False
507,metric/the_pile_uspto_backgrounds_val_loss,1.0,False
508,metric/the_pile_arxiv_val_loss,1.0,False
508,metric/the_pile_freelaw_val_loss,1.0,False
508,metric/the_pile_pubmed_central_val_loss,1.0,False
508,metric/the_pile_wikipedia_en_val_loss,1.0,False
508,metric/the_pile_dm_mathematics_val_loss,1.0,False
508,metric/the_pile_github_val_loss,1.0,False
508,metric/the_pile_stackexchange_val_loss,1.0,False
508,metric/the_pile_gutenberg_pg_19_val_loss,1.0,False
508,metric/the_pile_pile_cc_val_loss,1.0,False
508,metric/the_pile_ubuntu_irc_val_loss,1.0,False
508,metric/the_pile_hackernews_val_loss,1.0,False
508,metric/the_pile_pubmed_abstracts_val_loss,1.0,False
508,metric/the_pile_uspto_backgrounds_val_loss,1.0,False
509,metric/the_pile_arxiv_val_loss,1.0,False
509,metric/the_pile_freelaw_val_loss,1.0,False
509,metric/the_pile_pubmed_central_val_loss,1.0,False
509,metric/the_pile_wikipedia_en_val_loss,1.0,False
509,metric/the_pile_dm_mathematics_val_loss,1.0,False
509,metric/the_pile_github_val_loss,1.0,False
509,metric/the_pile_stackexchange_val_loss,1.0,False
509,metric/the_pile_gutenberg_pg_19_val_loss,1.0,False
509,metric/the_pile_pile_cc_val_loss,1.0,False
509,metric/the_pile_ubuntu_irc_val_loss,1.0,False
509,metric/the_pile_hackernews_val_loss,1.0,False
509,metric/the_pile_pubmed_abstracts_val_loss,1.0,False
509,metric/the_pile_uspto_backgrounds_val_loss,1.0,False
510,metric/the_pile_arxiv_val_loss,1.0,False
510,metric/the_pile_freelaw_val_loss,1.0,False
510,metric/the_pile_pubmed_central_val_loss,1.0,False
510,metric/the_pile_wikipedia_en_val_loss,1.0,False
510,metric/the_pile_dm_mathematics_val_loss,1.0,False
510,metric/the_pile_github_val_loss,1.0,False
510,metric/the_pile_stackexchange_val_loss,1.0,False
510,metric/the_pile_gutenberg_pg_19_val_loss,1.0,False
510,metric/the_pile_pile_cc_val_loss,1.0,False
510,metric/the_pile_ubuntu_irc_val_loss,1.0,False
510,metric/the_pile_hackernews_val_loss,1.0,False
510,metric/the_pile_pubmed_abstracts_val_loss,1.0,False
510,metric/the_pile_uspto_backgrounds_val_loss,1.0,False
511,metric/the_pile_arxiv_val_loss,1.0,False
511,metric/the_pile_freelaw_val_loss,1.0,False
511,metric/the_pile_pubmed_central_val_loss,1.0,False
511,metric/the_pile_wikipedia_en_val_loss,1.0,False
511,metric/the_pile_dm_mathematics_val_loss,1.0,False
511,metric/the_pile_github_val_loss,1.0,False
511,metric/the_pile_stackexchange_val_loss,1.0,False
511,metric/the_pile_gutenberg_pg_19_val_loss,1.0,False
511,metric/the_pile_pile_cc_val_loss,1.0,False
511,metric/the_pile_ubuntu_irc_val_loss,1.0,False
511,metric/the_pile_hackernews_val_loss,1.0,False
511,metric/the_pile_pubmed_abstracts_val_loss,1.0,False
511,metric/the_pile_uspto_backgrounds_val_loss,1.0,False
512,metric/the_pile_arxiv_val_loss,1.0,False
512,metric/the_pile_freelaw_val_loss,1.0,False
512,metric/the_pile_pubmed_central_val_loss,1.0,False
512,metric/the_pile_wikipedia_en_val_loss,1.0,False
512,metric/the_pile_dm_mathematics_val_loss,1.0,False
512,metric/the_pile_github_val_loss,1.0,False
512,metric/the_pile_stackexchange_val_loss,1.0,False
512,metric/the_pile_gutenberg_pg_19_val_loss,0.923320731527177,True
512,metric/the_pile_pile_cc_val_loss,1.0,False
512,metric/the_pile_ubuntu_irc_val_loss,1.0,False
512,metric/the_pile_hackernews_val_loss,1.0,False
512,metric/the_pile_pubmed_abstracts_val_loss,1.0,False
512,metric/the_pile_uspto_backgrounds_val_loss,1.0,False
