c1_normalized_row_sha256,c1_row_numbers,c2_row_numbers,c1_count,c2_count,one_to_one_full_row_match_with_numeric_tolerance,max_numeric_difference
80cd5b8fb59083ac7a4727560f2cd71f3472fcef0c40ba5885e6729121c8cdd8,[2],[2],1,1,True,1.7763568394002505e-15
f329a3820e2dcb4a21e6fdb98487d2b66c5547da6f7c631ea152e8e07bc9d172,[3],[3],1,1,True,1.7763568394002505e-15
b17ba7bbc21b34aed7fafff2d0200307c45794ba1bd82a65beeb77a5a1a26188,[4],[4],1,1,True,3.552713678800501e-15
250d9beda40552de9b1060486f4ab14228250a20576b9fe4409b49d6e079d61a,[5],[5],1,1,True,3.552713678800501e-15
a7d4ef6355eaa5a2aa26485cf56a13ab59d279fa974d80fbbd4a6efe51a005d7,[6],[6],1,1,True,7.105427357601002e-15
d79e7c7db928f7c8051c508a3b07b15d468c2935fb358883122f604b4d228bc4,[7],[7],1,1,True,1.7763568394002505e-15
396e53aeeee0a78b6f70ed0edb91a06941e613e6b4cd65f32376f6e3bf8938e7,[8],[8],1,1,True,7.105427357601002e-15
f51a4c17a1d10c07d146edc5ef5ae413f2817ee94cafed5a05b4166d329a199c,[9],[9],1,1,True,3.552713678800501e-15
a7948a9b9f04f82ccba92c9713c38d5cb6b2cdbf86462bcf37f793fc4d4b4069,[10],[10],1,1,True,3.552713678800501e-15
1645a9ce51a5959c3c598925fa88786cecb0ef19f6acda3d5626316be2a9ebf0,[11],[11],1,1,True,3.552713678800501e-15
c309cb7c360ead2deebe8e343e5abdd77e9148e4177bdb236a2dbbd46f5cfc73,[12],[12],1,1,True,3.552713678800501e-15
2c5e34c0619243eaf8dfcd2a3527f7a8be79d98a112caa20211d9d5d91c91d9a,[13],[13],1,1,True,0.0
3030cd1d37619bad48a4bf1420cc116fe767d3da63767a587917e63ec8fdbf3e,[14],[14],1,1,True,7.105427357601002e-15
717588f1743300b900cb6c72bda807c974128ff14b43f1774ac2873ba26eb506,[15],[15],1,1,True,0.0
c194a9494be4f9654ab763490faf36af0bf0508f322c5779f5264f267bf78c8c,[16],[16],1,1,True,0.0
7fdc3c365f7ebdab67ecab4b3de489c4ee076e8d6ef8bb2ade68fca8a129d11e,[17],[17],1,1,True,1.7763568394002505e-15
e7246445069353c0ca8971c037f80095c48dd55608def6fc9173d5324ea5f76e,[18],[18],1,1,True,0.0
5440524e580519bf8d6fb0a130deebdd031be4d1cadcc004006575156aa1624f,[19],[19],1,1,True,3.552713678800501e-15
9938d2c6f9def9017c592f5bcee871781cf2e070b543899f2459a2eaf18eab17,[20],[20],1,1,True,0.0
c8b9d3894b0e88833822b5a3f43da1ab4f4c77179c4df51b0f013a5e5e5ed893,[21],[21],1,1,True,0.0
e335a14b7ad9c5029dee7a9c5fa76af3e2768c2316552aafd9fe695e6347c464,[22],[22],1,1,True,7.105427357601002e-15
4d1bd318ff75a326f0e110df2d6739c5eb49fcb9702de5d59e934ed28630cd3c,[23],[23],1,1,True,7.105427357601002e-15
1c0e876522dff6cab04ae378dc8eff43ce04422774b15ce3a30ea4d496b9fb61,[24],[24],1,1,True,3.552713678800501e-15
96f535d2b982e5c08bee78cfc28cf68c305ea58a4c687e383923c7e6bba72c7f,[25],[25],1,1,True,1.7763568394002505e-15
b805258ac67c629a68fcf84854254caf6a904df557431d512a30a20437d32ed6,[26],[26],1,1,True,0.0
51ee8eb12bdc99e7505bd78c7cd0c20fa8b9ce725be5683a5f873a076df7d853,[27],[27],1,1,True,3.552713678800501e-15
bdaff08b511063f1ca8a33de72699e8d0477a8b914645c9b5f57c3c6eb1c91a7,[28],[28],1,1,True,3.552713678800501e-15
dfe03c465ac2fa05258b839c0d53b34f74d531dc3b45dfba73420c147d4220dd,[29],[29],1,1,True,0.0
13d90f97330657804f9d5964c8c8207864430af48ae1a42b805c5776fa2badfa,[30],[30],1,1,True,3.552713678800501e-15
e10009540b7cd9e6988c4c269647a89dced2ab5312ff31888c0155eb840a278b,[31],[31],1,1,True,3.552713678800501e-15
b8fae04860fde15f9f5d427b2e3cca4090a3b633e35ce32b694e4de0b7e79df2,[32],[32],1,1,True,4.440892098500626e-16
efbdac68f4a828fb64c9be15d28dde12b8d8ab82035e3c0c897177c14e0b8a04,[33],[33],1,1,True,3.552713678800501e-15
89e88ba641afd4f13cd373c4204933e2369f9be3fd789e151b22b50285376693,[34],[34],1,1,True,0.0
b556378f7f614f13c52a42c4ebd9ac6185e32cf77ab5b18d60515af09dcf448a,[35],[35],1,1,True,3.552713678800501e-15
32d51c8c94b5e12fea22dc0261abdd04d15d0d2f3c18ad89a359f42c5a2f86db,[36],[36],1,1,True,1.7763568394002505e-15
eaec1810671a08aa71e384d3aeb14b469686c224ba41db3dd4f97bb6d1daada2,[37],[37],1,1,True,1.7763568394002505e-15
4d5f038835ea5fee5e64f27ff51cf25c2328fa11ef930a18ce6a54d7e9f371cd,[38],[38],1,1,True,0.0
961e1ca35eee100b2d590ef2c5f4890b8a27ae35dc67032fdd45efeab9fc7a96,[39],[39],1,1,True,0.0
30c3e8f96287cf78992ce8a782a194a42ac89bcece807226fba255be773b8e7e,[40],[40],1,1,True,3.552713678800501e-15
0aec32e8f2edeeb2700d230f2975274c723277cbe840adcfc4718f54660a9fed,[41],[41],1,1,True,1.7763568394002505e-15
89deeea2c19e4f35fb868792a5912bcbf5ca1fc07f4a94d7ea570ed1ecb0bb49,[42],[42],1,1,True,3.552713678800501e-15
fdfe604a4fb8607f975979d6b982fe4ac4dd47826b4a550f5af090a526aed0bc,[43],[43],1,1,True,3.552713678800501e-15
54e698f1dfeb928a545b4db636fbd079028a46dfe85e457cf490be280c998519,[44],[44],1,1,True,3.552713678800501e-15
4aa1443df812c2474c93d59154e83d2b81b25e28d2cd6a6b88009f7a9cfb5216,[45],[45],1,1,True,3.552713678800501e-15
063d64042d6765d8959601c166e993cb1a7f09d51ef9fc3befa124ac00a2c30a,[46],[46],1,1,True,1.7763568394002505e-15
65f5c2e95cae3d4d29d21657aeaf39d86bd8cd9e2d6e4b444d669c935e276068,[47],[47],1,1,True,5.551115123125783e-17
68649fb2443788e7ffdd3d04df1779967e0dcf96b620f7b9707c35773d7ceb77,[48],[48],1,1,True,3.552713678800501e-15
9ef1361a341be1a15e1b172c0c93d6105b3a7d79891bbdc9d811981e62e2d00d,[49],[49],1,1,True,0.0
fcdb9ce4b036035fa2b2a8889493b4c9e5b26226e39989b00323bd2bfbc555d4,[50],[50],1,1,True,7.105427357601002e-15
9daf2458924ead18d976f9f49ee7b9de756eff073b4cc19c87d0797f269c097f,[51],[51],1,1,True,3.552713678800501e-15
c535a378235b061ab0acdd2b2a48e371b6c181c531cd383d6bb93d97a6d4a014,[52],[52],1,1,True,3.552713678800501e-15
77a9c580e874f952b5edb532fae134391cef377e7806355a269684f380a17a2e,[53],[53],1,1,True,7.105427357601002e-15
33061ee2ebedef9d177da93a3cc54708be99f4fa9d31e5eff06b50a3cd80454d,[54],[54],1,1,True,3.552713678800501e-15
e35828c99239ccb300d55a5312ed53382e2633e7a9e9294175d3708dc8b8dcf7,[55],[55],1,1,True,3.552713678800501e-15
4252054a7da27fd2f79b26d02afb3bcb192f60a013c15a409e1c2e8271523d10,[56],[56],1,1,True,0.0
4de5b6c10c12a9606e75ab94f58089095fd64f394d7db2c05a50860d51e434e4,[57],[57],1,1,True,1.7763568394002505e-15
72c7c27a9f8a5756b57c9c8a3a7aebecf8859fb3efffbdad61a0dfa045adc07f,[58],[58],1,1,True,1.7763568394002505e-15
6017ea3a38d68b32f75d8c5b8624756152ee2375409ae6e6388d2dfa3cea21fe,[59],[59],1,1,True,2.220446049250313e-16
f4504a7dbc788738543fcf2adad3dfc3f0e4a41f298e1c950725e6c765bbf716,[60],[60],1,1,True,3.552713678800501e-15
3da64b0c0fac0c31a3180f6f3ee39f1e6d752c089d6a035c4d033645fe55e901,[61],[61],1,1,True,3.552713678800501e-15
5fdef186095d01ddb7926ce06c2ebf86d98f5e2301282599369dd92699414e61,[62],[62],1,1,True,0.0
5692e94411dc5eec5628a60eef0baea6d2cd0bf852e3694c6809054fa2e8d9a5,[63],[63],1,1,True,4.440892098500626e-16
9bfa7588f86f3b33f096938b1e23dcc67342231eedef6e947dfddf77c70c3d94,[64],[64],1,1,True,0.0
d15758c4ba861148766a75e48e07a07cbb2953f304daadaf295b2888f8fe277b,[65],[65],1,1,True,3.552713678800501e-15
9be3de74397dbad7e0e8d01767d885e1c32766aceee0717b6a99c419997ed90e,[66],[66],1,1,True,4.440892098500626e-16
a2e0d17b61fa07d16ad74cb211b4e840de6bd5c7e91ae4ff6439d26086da4776,[67],[67],1,1,True,2.220446049250313e-16
443ca7a252fc9c0ca6d109802f77c746873a698fe24b2bad358c8a7318426873,[68],[68],1,1,True,1.7763568394002505e-15
bdb7fdd0221939e6aecc2dc3a3b37d61eb2de9a6e39f0dae617491b19ebf417a,[69],[69],1,1,True,4.440892098500626e-16
80287a4235dcffb9eb93ca26c934121e6ffe9d054977ce62172ea02556766d4e,[70],[70],1,1,True,1.7763568394002505e-15
1bff131d981953c7d2c44293d7500bc39bab10b81c2328f124939bad644b4784,[71],[71],1,1,True,1.7763568394002505e-15
3759c0db8c4d1507846ec06ab15f9cb6574894284807e4566be61dad7588827a,[72],[72],1,1,True,3.552713678800501e-15
cfc254875d8e5ccf60f745fe835bc3034425acd3e306260913dc95e937da875d,[73],[73],1,1,True,0.0
60cf9fbe209a89e1f2acf472cd56ee3501727d6923b3194c3354ec34c83bb80e,[74],[74],1,1,True,0.0
12dd50230ca77f364a0bdc36223d190be4314da804df8adfeeaafc0a324a8d66,[75],[75],1,1,True,3.552713678800501e-15
d25cac629e2251dfad7524f44662c2a8072f35c57138d06b4a9d8b4b3769b8cf,[76],[76],1,1,True,3.552713678800501e-15
6921441ac8ad1f1bedb323d682cc7d5b9ac3f08d30e008b63fa46ca7f02c1435,[77],[77],1,1,True,0.0
03c2f194b66d2966b2ac753cbdc00a8b4547e43ea2e0f2d09685f8418919d968,[78],[78],1,1,True,0.0
349881a6d11f42c2a97bee5a5141dd763820e17f36f594e10c83cefd77352624,[79],[79],1,1,True,1.7763568394002505e-15
91b30c74d73208e5d3bf51fb8373beb99d86187c060057af405433c18292c8ad,[80],[80],1,1,True,4.440892098500626e-16
c01d9130522dad3adb44d13df0ed2fb1dc51d26210d895d64cc5309454ba0eaa,[81],[81],1,1,True,3.552713678800501e-15
e0d9e202bbf3811c6f75b26bacb97a7cd090802c5320d2d000cd96778203b016,[82],[82],1,1,True,1.7763568394002505e-15
1976d27549fc99ca665b0be6bfb9d9ce41253cb1657cfb6b4ab59ab306a07f60,[83],[83],1,1,True,1.7763568394002505e-15
4d99d4ea23fac9b660a2b9d43481bd56dd43579145351a9eb90a295c2b659b50,[84],[84],1,1,True,0.0
0616ae526cf2b8c3a9eb3276e3d55d2666593a7f4c0329db54579855d4288d98,[85],[85],1,1,True,8.881784197001252e-16
c16f96861dc0c7356bcdec85b177e123e4172c30f15a14afd1fb57dc3da0adfb,[86],[86],1,1,True,3.552713678800501e-15
bb40a9097994f4fd19d5b11d726099c17c0542b0fc15cfe1cc4bc6fa5d71297f,[87],[87],1,1,True,1.7763568394002505e-15
70aa4b7f2a1d0ec2dd8db385208711b87fd4fbe0b19c6480026e912ee2a26489,[88],[88],1,1,True,0.0
38c3d7613942661ef119eefffe0f99d0b72e0bd11b200cc26d495db65c6c514d,[89],[89],1,1,True,0.0
44b880f5553e58d6693a0721e63faa1d1f12352f452f44bfaacb83769c0dc2f2,[90],[90],1,1,True,1.7763568394002505e-15
c2f1b3879b14d63a62d0206279a2d8e1321406d427d102d5c920f97fc95fa950,[91],[91],1,1,True,2.220446049250313e-16
6b6c1ca7ed9a584630fc005033d62835201ed31f2bb0ea4db2bf1d2f5f3249dc,[92],[92],1,1,True,1.7763568394002505e-15
0737f1509957b03c55ec03db8579c8e7c53b58ad3d76058f9083e772b68ef83b,[93],[93],1,1,True,0.0
545ec33034fabea57f4d0fc76fa46f68a8466d636791364fe482c9ba0b2d8ace,[94],[94],1,1,True,0.0
07b8a9c7cf82f81f19729363d67df9abbfe9d7b07ea9471233537b8a31d9d82f,[95],[95],1,1,True,7.105427357601002e-15
3e5cc6f0d2b08dfc5681e8d464f4eb1e3f687413dda73b04eda26baeb53bb4d2,[96],[96],1,1,True,0.0
22362daa369a15a63029ea2afbbe2ff7ec6d15892ba910fe890d047c64493aad,[97],[97],1,1,True,0.0
4f4f9984bfea8ea5fdebe5c24112fdbd75fefc1943ffb2fd06af5507839175a2,[98],[98],1,1,True,7.105427357601002e-15
c82ed233b653dfa1984eeb4b0089f4d7b53998c6e845f4beab207586b3fefb1d,[99],[99],1,1,True,1.7763568394002505e-15
a7a66dedfeb4f42cf4507d40bab322fdd525965b1ef2dd841d910fda14ddccfa,[100],[100],1,1,True,0.0
726973332190669bae65b52e0870ce2966c621b1afca903f77980859af2c4751,[101],[101],1,1,True,3.552713678800501e-15
e1f97d171ac48600092f83441432c1cb1c43224c68b30c534ed838a96e32f4f0,[102],[102],1,1,True,0.0
f13a2efc0b5e0dcb97347fac078399d2509e7bb5c409e21cbd5b2b0b8c7d6873,[103],[103],1,1,True,0.0
8e2d51446dfc205a592da1b98c6a6edd44b8308b190ec841381ce467d3ba5784,[104],[104],1,1,True,0.0
3492daac1253fe88c922014d05f5cdf9128985ce2ff9f47baae57f2d24cb30e8,[105],[105],1,1,True,3.552713678800501e-15
3145b53803ab80cbbc704eef43f2453be2e5db281b2441bb42aeb9a9254e020e,[106],[106],1,1,True,0.0
cbd7c16f476fab5532beafbfb009250bedb7f143971af31cea2a22d97b3200b6,[107],[107],1,1,True,7.105427357601002e-15
f7045b2ce32298ca9226f014d74d3aea2bb42e5d59a7f3da125a6747c2c46ea4,[108],[108],1,1,True,3.552713678800501e-15
1c8e62e9eab60dbec643ee4d8ed878ef8c9b98309f85743f76e5066198409e1a,[109],[109],1,1,True,0.0
dd7d588f103e3959ed9b9c26722cff6fdca931996668f2e55b7b1eb82e33f8be,[110],[110],1,1,True,1.7763568394002505e-15
183dfec21409fc6456f5efb4bf6f6a3fa4ccc7b1e87b9edcdfd43e1592542d8d,[111],[111],1,1,True,0.0
854654e9131e5331dbcaf3c15fa31ead7219e8bcd237d35715c8f1bff38b9271,[112],[112],1,1,True,1.7763568394002505e-15
c9ffd2a46d46dd8baf9a3b4c0c389ffc0f8a41fe8299a10ccde72f47476ac141,[113],[113],1,1,True,0.0
31cc54c6980341e80a2c49e09a30b9bec3cec911fe2c4bb34873965b6f7c8465,[114],[114],1,1,True,0.0
e1210242475a89da409c2c6f56a9bda570e77dba79428f0800375ad70805251a,[115],[115],1,1,True,0.0
98d7dee90e9951463cfac8870e2f1e37e38ce217b5af192a0e1be4cd20c30012,[116],[116],1,1,True,4.440892098500626e-16
0772fe16e93091b4f784f013942e2e62e27bb384a4982b02e4296a93b7021d6e,[117],[117],1,1,True,1.7763568394002505e-15
b16d423f1ec0ecb5557bf096cfed21b96b690edb49cf7598c21cc9192c3adddf,[118],[118],1,1,True,0.0
6517eebf614f47691216e673059ef02b3c7b2ccc2651eb0c2658028ac57e63b2,[119],[119],1,1,True,1.7763568394002505e-15
dd040c202815d999b8995f2a8138edc88efeb4582aea4fe3536544977ed48cab,[120],[120],1,1,True,4.440892098500626e-16
99af5c7acd3d0bfb5ecbe9426573fe8a3f23a20543555f4dc1d26ff53c32e68e,[121],[121],1,1,True,1.7763568394002505e-15
f8b7cfa27e1abf9974a9cac457dfa3a6869c60d3355dde02a8600685cb65c154,[122],[122],1,1,True,3.552713678800501e-15
4159721f7925deea58d0a499f9b1e3bf2985bf31f827e32df57bd5ce0607f6a1,[123],[123],1,1,True,0.0
5d213e69f4316c6485664c5f2e36ee10899fbb108a8c07b1ddac8d5e9bff1f2f,[124],[124],1,1,True,1.7763568394002505e-15
82aa9ea376553b2a5d0bb89519bef925b2ee623053d4d279a6c4cd3af94a41ba,[125],[125],1,1,True,3.552713678800501e-15
cb855afedf35c7e07a89d02012de8a3da68e8f60c2815c64ab4f6e638aeed2bc,[126],[126],1,1,True,7.105427357601002e-15
57f734bb6406edccc761df8e0b020b2970fe08c1c7b25649fac294c528aa50aa,[127],[127],1,1,True,0.0
7f0470d5b1b244a0729ff9eb785469873949d46bdfbbf2cc491a0dd7db537c8c,[128],[128],1,1,True,4.440892098500626e-16
9b872bd4229a4a1457e050a8a5323912ae9a6719a052e0bf8d9aef49ddcf27f1,[129],[129],1,1,True,0.0
00fe4092b3e441392131381a3bba8b8a5b0d70bbd8f749a4f547fbe574da379b,[130],[130],1,1,True,3.552713678800501e-15
792706cd7d180638223eed9ef56197824333d68ccc671d6308581252e113ed55,[131],[131],1,1,True,4.440892098500626e-16
cf605df60e1458cd5fc258404c7e459359c780ab21d6e934cd37549618cda826,[132],[132],1,1,True,3.552713678800501e-15
3564b57892ba0734364d31fb575ebeb27ccc84de1cd2224418d8da86020065cd,[133],[133],1,1,True,3.552713678800501e-15
9a4ca7a704542fe520fff98f96b5ba507a2ce5dc01db9db30e168efde88fafee,[134],[134],1,1,True,3.552713678800501e-15
c763a3e844773d470003b232fa314a5038708983fbb12f2666dccbceb31d0cc4,[135],[135],1,1,True,3.552713678800501e-15
5aac887d69342772246cb87cc0b01af8097c5308f3a0374a42109002819de40f,[136],[136],1,1,True,0.0
4f4c42d7fb1dfd8c239a8d91346c2652a0b033dc425c722a98113fad6c47e176,[137],[137],1,1,True,1.7763568394002505e-15
3dfd1c1d9ec9ad5337d67b257674d9fc09436570f7b49141a5401b28e339c10e,[138],[138],1,1,True,3.552713678800501e-15
d9ed31a7582c66cc73fc19c5b26175b7bb868138169f2eba833b340eef49a91c,[139],[139],1,1,True,0.0
335c74b07f239665c6cc6826d04e2c9ea9a3222e8873002a620584033907cc4b,[140],[140],1,1,True,0.0
cd575b01fde841bb07afb583ed9b2343d72394bf9baf7442fa888aa8f932cb4a,[141],[141],1,1,True,7.105427357601002e-15
257385e78c7fc4f3288f39469f9ea38832774afa13f0730af9c0330a90e84ece,[142],[142],1,1,True,0.0
5a9e5e8c6a52cc0027ea8edab37932da8fb87229499420fbd21d4d70620b71a7,[143],[143],1,1,True,2.220446049250313e-16
b8f36f15a3fb457a1fff27d6ebe5a37381c65317bdb7ed29debd0a11f2f70e9e,[144],[144],1,1,True,4.440892098500626e-16
19c793b6d4f8ea385f71c6979b72f65abb1aa9a9b6435251e9856d32b6809483,[145],[145],1,1,True,3.552713678800501e-15
76e1a1746d58cf6dbcaf73f9361649c27c75c407ee44d884390c8ebf5a2792f9,[146],[146],1,1,True,2.220446049250313e-16
fa36cd45b97e1d74ee066e0b6c69aeb6379318f3af740a1c0f14ce9cc43da42c,[147],[147],1,1,True,1.7763568394002505e-15
818f24c1d7e448b93fff7ecc7b7e81be8a6f14450c702d5aa7a572f57bbc282f,[148],[148],1,1,True,1.7763568394002505e-15
9c3e1aa810cefaa6d951af2e5bcc9e590dd91c09b5a1f515e6ef17d7597e7aa0,[149],[149],1,1,True,3.552713678800501e-15
1cce203005ebb33718ebe64683e69cd39d1d6e4608ac140a67e0183a9da9652c,[150],[150],1,1,True,3.552713678800501e-15
0cec030b97fe0f706653e1123ecb503095195edff22185d14f2a5438e7dbd496,[151],[151],1,1,True,8.881784197001252e-16
189efb9244b84406c831d5ee1c0a5a4ee6312eacfec6f58cd3ba1a092d4d3050,[152],[152],1,1,True,3.552713678800501e-15
a6066cd3d5b6c784083bbf330e86cd80b530527a31963150365042bce83bb890,[153],[153],1,1,True,0.0
4d750a4330088e15cb241091eaf8c6f8831a4b0818549d1b407cec5918a4323c,[154],[154],1,1,True,3.552713678800501e-15
7a25d772862c6c723422aae00cd6d1df6a36e61d2a76cf015a73dc3f4ec33b41,[155],[155],1,1,True,1.7763568394002505e-15
c0588082cf3c3fbdfb4639229a107ac4a0e281d7bc6707106c8c61860cef1dd5,[156],[156],1,1,True,0.0
525031dc0d5ddf941420affafdf90bd8887a88d0cc0289b9fe0c390f81d2bcfb,[157],[157],1,1,True,1.7763568394002505e-15
233e1bedf56b4410640151c3a7121420e992c9bf99f1c3e1f81ebcdfec9448fd,[158],[158],1,1,True,3.552713678800501e-15
a09e0e4ec551514a7c52f5a5b42e3c5cdf86cdd3c01699f605f62879014a4d90,[159],[159],1,1,True,4.440892098500626e-16
12b43177df7fedd31ab8922a8c3eb22feb55679e753a56775e35349ba5897687,[160],[160],1,1,True,0.0
a8d994735caed6eaf75ca84ca64e44496f62de6b1989e15dbab2c69d02ede63e,[161],[161],1,1,True,0.0
56fd8f667dd5aed78949b51f42ac44eccfe86228feee8bd77b32e60209d94510,[162],[162],1,1,True,7.105427357601002e-15
7d9bb103cbb5c99f99e41214c6a7b4d62cbd1a8681e6b77db8487b07d038a363,[163],[163],1,1,True,3.552713678800501e-15
3bd608ce6b113863138494766aaecf53628bb0cab84b4d4f147e1241a06b871e,[164],[164],1,1,True,3.552713678800501e-15
e82d60dadac2a9e9337a4035236b837f3752a7d6a1f843ea1db84e68e91177bd,[165],[165],1,1,True,3.552713678800501e-15
81f5c09e1642f8d57d8d31cdf209ec0b7d9e25a348eba9a845d0be379aedc118,[166],[166],1,1,True,0.0
2f35cde96e8e9ca20f542633fe75c7ba22d357696637555051358855fb88e1d4,[167],[167],1,1,True,0.0
f61a6533b14c91d28cab3aea135febc70cedc46cfa554adbd13a21298da8e21a,[168],[168],1,1,True,3.552713678800501e-15
c6c3d087bcce33e9e8b87c557337601b60bbca23dc87a9c5d624565b32f77ad1,[169],[169],1,1,True,3.552713678800501e-15
cdc9a4059701825527e82f13dc8e8fdb240e2bc765e6090979882f03b952d9e3,[170],[170],1,1,True,0.0
4c1a9ada0ccaf07b64e1fe071e15a2be22398bb7f788846df9d9702ea0a59622,[171],[171],1,1,True,0.0
fa8c3ffaa8b4aa3699bd48326a36ad59b8ce69f4a3b58c7d6b8385a51945b6e4,[172],[172],1,1,True,5.551115123125783e-17
ade52e107b13e8685064ef371298c726a1cf4a51649d8d0176d99182c146543c,[173],[173],1,1,True,1.7763568394002505e-15
79c9b569d8c3b163023da29a6a85c9233d75ad191b019f7ea97c26167a27463f,[174],[174],1,1,True,0.0
f452d9fdd10e88e66dbb643b97bad260dc52d1a3b4276167594274246c7bdad4,[175],[175],1,1,True,0.0
9eb4658d03bd8cc5ea0bc9dfd7f11f4d0f80a196c5d08f684f26014edadd78e7,[176],[176],1,1,True,1.7763568394002505e-15
481455555cf9f61d0bfc97388f3ac87bb7204aa7a680b98d60aa2d9364e68b1c,[177],[177],1,1,True,3.552713678800501e-15
14bb493fdbfff96524f597338c57e8783c35e0095723a4383fdfad359817e4ea,[178],[178],1,1,True,1.7763568394002505e-15
b5d05fec6dae00ed57e0253299a0c1c91c279750992043d977de54ad8f60d0ef,[179],[179],1,1,True,0.0
d7fcc847151449cd5a7814dc7544d31a57e067e71d0cd7def7217d00a8eba5d7,[180],[180],1,1,True,7.105427357601002e-15
1823b7f0958f0a83f09be960315ccfc46bf1cbe4b4383aa009c1a799e821b766,[181],[181],1,1,True,1.7763568394002505e-15
21ad35a38d40f69f620907bd5db5794b42b5af8e319e72897d6fee5c92e193c4,[182],[182],1,1,True,1.7763568394002505e-15
ef8c01db1f4e9dfd1cfd3b724a7bae7c68ed783024951cc8729965ff173503f5,[183],[183],1,1,True,0.0
c4b971336ea03e848f2551fbe72ebcbe449028caac641ccf775e0ac543b7fe92,[184],[184],1,1,True,7.105427357601002e-15
40e556d45e3f8def81deed64f3115b1d92e7946d596498d34fd016fae1bcc761,[185],[185],1,1,True,7.105427357601002e-15
86e98bc0247155d576fce6b1c09794cf65266bbc0eb3f5705a2af5b040ab398c,[186],[186],1,1,True,5.551115123125783e-17
95e0893cc6f3b755eb7c3130355404673cf8662221704d9f70a6927b11bdef7a,[187],[187],1,1,True,4.440892098500626e-16
d0ad304d3909feded1c34a985bc34113ba7398104efdb8906ca6c0bd80bfedb0,[188],[188],1,1,True,2.220446049250313e-16
703fee76bf91e983ebc6832b8723f7ed70b58cec956d9912a82f5ffc6a7e35e5,[189],[189],1,1,True,3.552713678800501e-15
a948040491442dce536800666a9731a0acd3d2bb36b9a1677bfaa36f569454d9,[190],[190],1,1,True,0.0
a461cc1b6a7044f7ea579e8dad0a57c953b481d023311f599218cc88460edcac,[191],[191],1,1,True,3.552713678800501e-15
19c9d43619836ce94868a73b15e9b023b91ac8e4d2fc4b19f352c2553598e224,[192],[192],1,1,True,5.551115123125783e-17
24b7ad26698ed2ec0d3ab2f4460d7b1719d1f2cd161c1b082039bb0fbfbc911a,[193],[193],1,1,True,7.105427357601002e-15
ea0074dafe27030b80e8264cba092d427674bfd41d4d301f661b4ae8cda158b1,[194],[194],1,1,True,7.105427357601002e-15
c0dc55f2f2aa041c8450a3e19c8752b4e2c43f488bae127875e46396dca96b5f,[195],[195],1,1,True,7.105427357601002e-15
2fba8166bb6e60eaf47db53fa28637cc43409fcf3c49e63fc1e829449ad164da,[196],[196],1,1,True,7.105427357601002e-15
fba6b99545f830ab444af6dc8040cd41aefa80cff68c3e73acd67e0cabd53e70,[197],[197],1,1,True,7.105427357601002e-15
1cb7d90ccd7f7ab870864f2187ed67ea193b067eb2c4f65503e78fdceeaac740,[198],[198],1,1,True,0.0
5c2f1112651dac5de71e1db8bd898bb099623ab80bb2827ad74f2d3cd5ef3fe7,[199],[199],1,1,True,1.7763568394002505e-15
9e3772cd03bdc7c2f3498828433a3e19de4c71b8bece218e33cbd3119060ca47,[200],[200],1,1,True,0.0
d47d951144545aae6098467c9b0dfb1adc94fb792322ddf71ca3671a77da66ad,[201],[201],1,1,True,0.0
1cfc513f7685788ac8eeba09b05a6d5ec3af4f2146b3c51d9b97af88f24be396,[202],[202],1,1,True,7.105427357601002e-15
a42d02a2bb50faf6cbe1f1cdc991b27bc89b09a9b8ee10f238dd2bcc3605d31c,[203],[203],1,1,True,3.552713678800501e-15
3d61156aa611290af8f6a6d58fc31288401262e612fb47ca471e33d261b5e6e9,[204],[204],1,1,True,0.0
aebfde5c7a43da410528fb405604073c8fab254f97157ac4bcfb15daac286373,[205],[205],1,1,True,7.105427357601002e-15
20988fa935adc0a10f4e1d7126614b8d74dc97ff2ca077741325cab06a09fad3,[206],[206],1,1,True,0.0
f08c675ef1ca69fe9bb85d4e609fb687ee98178aebbe4ff7e62632e8e0e8003d,[207],[207],1,1,True,7.105427357601002e-15
4659883062ab75b35a8cca601ef484825426f725c4b460b2a8f61f9e6fd00b4d,[208],[208],1,1,True,7.105427357601002e-15
476b5932d706df16787cf7aef3a5fc5a26ca7c5a14f01a84344e3b3630722a8a,[209],[209],1,1,True,7.105427357601002e-15
9a2154c626b003b2529e1ff389cb7a66b20708831ef0e388d2622e433b4d302b,[210],[210],1,1,True,0.0
35abf1fd6eea229c4c857032a00e6ccdda0c7d4c7539532fcb15bbdd0d8c7622,[211],[211],1,1,True,3.552713678800501e-15
b3813ea314c87bbf2fb07453535bb4b476fb5ff851db7f969f832394dfee3d27,[212],[212],1,1,True,7.105427357601002e-15
fcdad83fc886379ee5499ab8b1b401dd49540ec38b41328e4e1090c92e0e9db5,[213],[213],1,1,True,7.105427357601002e-15
a1af1b3a0cea303e9d37e614e3e93158ad8847c84d42c6d40785b86ff7a3c9cf,[214],[214],1,1,True,7.105427357601002e-15
5800d2b1280bc46301671f2d2603126b42d0f00ed9ea4a0dafa0bb1910a12a7a,[215],[215],1,1,True,0.0
cb7a53bd0ed6f8beb53c3bbfd60268cf9530df55f22d34d9f491988e218b6291,[216],[216],1,1,True,7.105427357601002e-15
0353eb3cd737908e19e7b7e2602590a6078b3c2d960e4a33c16a36b2c05b4a9c,[217],[217],1,1,True,7.105427357601002e-15
161453c134282b1e0ccbc69af2462ae7ac31e48fc09d02f4ec659b256f6986d6,[218],[218],1,1,True,0.0
3c6b62382be493a1c72eddce9adce08e9f8f083fbe698c38d3aa72a4fafb3d55,[219],[219],1,1,True,7.105427357601002e-15
65b2a8f3205aa588557894ca17d4cb352c5c2d9499ca26773e662d07f11c7a16,[220],[220],1,1,True,0.0
dbccd562e5b4a40df81624c6992af1d7c6fe33b4cff6cc1d63be774077b4d8f0,[221],[221],1,1,True,0.0
89fb940424010b86d6b908d4edc65ab8475582f308f3ee951a6bebaba8f9d3d9,[222],[222],1,1,True,7.105427357601002e-15
f8d95562bf15a719278a110cc326d5708e15f572df06380d84957bc2ecb14e7e,[223],[223],1,1,True,7.105427357601002e-15
7212558521f833a03148fd8e9ed6eb1b8157734c829b1d556741d0b931bb1b21,[224],[224],1,1,True,0.0
f3d58c0339c0b5628be1f158bb35646ee8d259fe57320dd050c2a30732755889,[225],[225],1,1,True,7.105427357601002e-15
96991ccccd48e2cbf8209b4c20ff94d09fa3ee96a653855ab6ce975043ca855f,[226],[226],1,1,True,3.552713678800501e-15
b1743adf648418f8b98760ad8941e8b4f3d60f249bd69ead325e9c36af86b2df,[227],[227],1,1,True,0.0
451d1d9ec048a2011ac07b3d97c4224d79efc9101dded1c8a2fb8174ba6c50ec,[228],[228],1,1,True,0.0
020d7cf80decb223743890aeac44d7e5f1d483f158237e2365f521feae5ef616,[229],[229],1,1,True,3.552713678800501e-15
bb6edbcfee8731ce05c1131cdd931503f96fd3a75b7233ac98df87a78e64d08a,[230],[230],1,1,True,7.105427357601002e-15
ef267fb2c0e3fbef0c0339ecd6e23a88fc8b25590542520080c6931f1fb966f2,[231],[231],1,1,True,7.105427357601002e-15
0d69a53ccedde626bf474b163ed15d85775b51cdeb0267902f02b395f27ba0dd,[232],[232],1,1,True,0.0
ed7655a68a22d783d82b0424704e7d4b9dacebe1b16eb5cd60e4a07e085a7b10,[233],[233],1,1,True,2.220446049250313e-16
08b17d1de9e9fc48d6df7e4e26396ad2c6af8a36bec7c74f31258b7fd9e26a2a,[234],[234],1,1,True,1.7763568394002505e-15
7ed7566319c0865f872a34eefd5248a0193f5c32d7a800f9b840a4544d4689dc,[235],[235],1,1,True,3.552713678800501e-15
6b9295af5d9c71b4a94c5f37d335c8731ae514bab1a71b2c86f481a10bb54a9c,[236],[236],1,1,True,3.552713678800501e-15
6160a312338b1c9ceaf4f4591ed69536c0522780aa57da096e1abc8151e31368,[237],[237],1,1,True,3.552713678800501e-15
d6006b61b4d4b0a87bb21faa2deb183bd5348b2d392bc293c28211cf5877f891,[238],[238],1,1,True,0.0
b7fda8ff11dedf2ef14a3be7ffab291f93e847420a2db3916ed02dd40c13f8dc,[239],[239],1,1,True,3.552713678800501e-15
a506da40c2b3aaeba50694d970333fa28829e4d931eba5c239ec21eed78e6366,[240],[240],1,1,True,3.552713678800501e-15
5dab6efd2f6d2e66c7a2db0b6c8004eb53f5f6edd74e8c7878be9326f3a06f1b,[241],[241],1,1,True,3.552713678800501e-15
4674b8ccda867d494b2cb37e9d1d1e49ac1f0654b811585528a11cc05c2a396b,[242],[242],1,1,True,0.0
f455303192227898873f6fc4aaba2a6b5b60978a5501d69616b1bfce8c2232aa,[243],[243],1,1,True,7.105427357601002e-15
2bd8d47f509ddccc573642229ef12d23d4bee239f971d10af2efb8236f84b2c2,[244],[244],1,1,True,7.105427357601002e-15
2dbecf04520b36edbfbb9d260577df8c8e60ec1f820de080cd24bfb472b79368,[245],[245],1,1,True,0.0
3ad8194ea7e42da140e1aae4fc9cda7b645f2a65377b8cb447643fc6c2ed40bf,[246],[246],1,1,True,0.0
ee10d807c6a838bc81fa9c85f3da91c4a881360f4f2d02ed4127fd9eb454d7f8,[247],[247],1,1,True,3.552713678800501e-15
a15e92503baea79d8f8949da8422009bed221d673bcfe3d64f6e8d7288089f60,[248],[248],1,1,True,3.552713678800501e-15
d4507f79ce2175cdef927f738501047431c32c1a07de70011a6cf58a19000f89,[249],[249],1,1,True,3.552713678800501e-15
3e5a72eda59368b2c1cd8fd68d0d38a12b92ecc60466e20e81c10e30c107c4f4,[250],[250],1,1,True,3.552713678800501e-15
c000b4d685cc780026ae58f69426d6217ed35bb3a32f224333700662efe45bfb,[251],[251],1,1,True,7.105427357601002e-15
b3e17a95f4b9d42b224e736eeda76080445eb99d9c39a553970607830b1c4350,[252],[252],1,1,True,1.7763568394002505e-15
249872ed12f0b2b3fbb7831dc4f0f1b9b24a5ed7af861e7974eef91011019484,[253],[253],1,1,True,7.105427357601002e-15
305f568aa643fbe563de4f555dceceb34a3f1adee391b54fb572f0f4c23e9476,[254],[254],1,1,True,7.105427357601002e-15
04b48e4fb698b5ae4de1adbb1ede5d0a06615d6e93a004659bcfa144740deefb,[255],[255],1,1,True,7.105427357601002e-15
9c590e534906e4484065a6541f0ba3bcd6a77a8944e39035b64c53b0c2f51412,[256],[256],1,1,True,0.0
fb2f026023f6954abcc762801d54f2805fe2fd4485966baacb1beadf847c7f8b,[257],[257],1,1,True,0.0
c1fdbd569792deeb791f6c27eb0ad7079caef440e9bc286847140ea32a56a3c4,[258],[258],1,1,True,3.552713678800501e-15
364c20c20e2dbe9ba502662dcca700e0b4ef906dc7abfa76a5b06e04eb0be5f2,[259],[259],1,1,True,7.105427357601002e-15
efe0571541311f2250b126bd6d4eae0a6c56f1a124c889512a3029fa041595af,[260],[260],1,1,True,3.552713678800501e-15
e73af41e233ec412cac600abc82345db513c2189bfc85c7acdbba26776b8205f,[261],[261],1,1,True,7.105427357601002e-15
afe16bfd9b3f623666be0ecee53f828c6ea61ca1e4664074fa3ec93b3db1f64c,[262],[262],1,1,True,7.105427357601002e-15
63436c140c15646757fb606f16441968f43746aea776acb13e04c6be48e1ec01,[263],[263],1,1,True,2.220446049250313e-16
c8d59ebf3123bda28ee3829ce8324985ba5d807c85a9a21b79fb0c67a6dcd865,[264],[264],1,1,True,3.552713678800501e-15
411d57bc57d83903f4d8660f386cf977c4e6cb39232addfdd7bb7c888288d158,[265],[265],1,1,True,1.7763568394002505e-15
03347b161bf0c71ee2e92e3fca5fb17a8b7f8fda9fca5391e65e915c811add3a,[266],[266],1,1,True,0.0
73ace6ab78bba2c93ec36ddbf0ed1c3d3bbad9374aaa05efc3eea222ebed0538,[267],[267],1,1,True,3.552713678800501e-15
f2ffbe26dfffd16ecb8a7a8e4424ecceba589f55cf8e23a260798a6c8b0fc914,[268],[268],1,1,True,3.552713678800501e-15
896b3bbb9bdfbcc09efe44447cde280d6e083a6c608da34efe93559f646219dd,[269],[269],1,1,True,1.7763568394002505e-15
30f4165d19cf30a9893cb549ffd238f165869845f07075f0ae7f36e39fad0bbb,[270],[270],1,1,True,1.7763568394002505e-15
0651b63961e6aba584f1545f707382240ef65baabd555543598a18e47430bc53,[271],[271],1,1,True,7.105427357601002e-15
33151f498383c48d3cbe277eb81bae22c209ef6756103d038ebe2823fb3422ac,[272],[272],1,1,True,3.552713678800501e-15
dce6605aa4377ae23c002c4d918afc3dc0796a025ff93562750ab5b40df909be,[273],[273],1,1,True,3.552713678800501e-15
1ac87e7308a6f83f1fecd5223ebab86ec80eae6cc5a665155ecfad5bfce9f2f6,[274],[274],1,1,True,3.552713678800501e-15
2498f30ba2721a5d8969814f562a6903085c6340927de455c43fd8eaccf90297,[275],[275],1,1,True,0.0
feb2f0860cb5b2d8dda453003d6192cbd3b1a3bb2b6df6de98dd9544e9ebeec7,[276],[276],1,1,True,0.0
5d79849bbcd3fed338c5d72f16261948d8a03e51b16714cd357a049bc6300b27,[277],[277],1,1,True,3.552713678800501e-15
88bce6f8ffc5574e200173676581b6256e3cb28eb3965e5abcaf9c189646dcb0,[278],[278],1,1,True,0.0
b71d257b628fd3d3c16fe883493e7572ad0b595e9239866609e5c8acb1beb536,[279],[279],1,1,True,3.552713678800501e-15
a9292d73c2aa54ec5153528cafbec92cfbb769df1ec3515e6c8a3cbb5e721c46,[280],[280],1,1,True,0.0
16cf2802b2a0250ea73bd6663b3a746d3ccede964ac8e21eec7dd449716a99c7,[281],[281],1,1,True,0.0
e306fb56326c74fdefc64b4ba25dfcb334401ecfb2267a77fc879d8001dfe867,[282],[282],1,1,True,0.0
786c9125c3238c3cb79f5a0aba1072368082a00930e7f285bca277a4c205f6ce,[283],[283],1,1,True,3.552713678800501e-15
7135b5296491b9a8357396b89ee28057ad2f1044a91102e5d012b63acb023941,[284],[284],1,1,True,1.7763568394002505e-15
f2d366fb4252db23fa4680ec80df5be72a465341fd99751b114b781d7209a9d3,[285],[285],1,1,True,1.7763568394002505e-15
e94dde3d86f1c609322da3878de7d23738f36296672c1f286475138673773bf0,[286],[286],1,1,True,3.552713678800501e-15
7edfbd58bed72a5a587a0dbbc5a97788d7930c026dacb18d2928ee862f45501b,[287],[287],1,1,True,7.105427357601002e-15
5d73a502545fed30852751d798f40412ca467c10ce214309de032d85a3115879,[288],[288],1,1,True,3.552713678800501e-15
29762efa955f6c74cbca5c57d01a65354e0052b6d02c29c72d9d082444ee5179,[289],[289],1,1,True,3.552713678800501e-15
a10721fde64bcdcd20c6b0dad840354d2d64c692b28a0368d7edebdc3e2b8473,[290],[290],1,1,True,3.552713678800501e-15
e513a2944ab516037a645b8d78d65adffb0e639229489d8eb594ab8babfd09f1,[291],[291],1,1,True,3.552713678800501e-15
80d415ddaeb3735af778b8cd92c125786f1987363f034edf6c9b233d52cdd02f,[292],[292],1,1,True,0.0
bc2fa5cc993c53e05f3a47c3096944e182360aac90ab8da14d9bbf9922ac6104,[293],[293],1,1,True,3.552713678800501e-15
1f8843e129025dd1348c74926cd8d2493aaa4eff3c5797cff6e1daa0d7c6a84f,[294],[294],1,1,True,1.7763568394002505e-15
fb7a501aac98aa432c3dd09df91d3183d4574a0654a20c6a6bd10f7faf4f68ee,[295],[295],1,1,True,3.552713678800501e-15
0bc5f4dc16e8eeb9d1e5bde768268ee3f14490f22ac0dab9ef561296da29df10,[296],[296],1,1,True,3.552713678800501e-15
c2931d5433ca98b1374b9a259e03265981df50c2e1a944f85338db7e641c1361,[297],[297],1,1,True,3.552713678800501e-15
19e176e68493c91956298f09f27071f452b9dc4e7d40c1e3912a90cc20045755,[298],[298],1,1,True,0.0
ae5b4b12b5ab185b602f4d80d6a763cd2eaff793c29b32f194f83fc550bd62e4,[299],[299],1,1,True,1.7763568394002505e-15
f60c71f30bd7679b3859b2b243e19067ecdd8f3c325f7eee014361f3ebc8da3e,[300],[300],1,1,True,7.105427357601002e-15
b7b97a438ca94e4086a5f505b6d232aabee8c950bdf13e654707fe8557aef6fb,[301],[301],1,1,True,3.552713678800501e-15
bc6f0d98f68b07e2b513139918bc9987382951fa16d0e557458adf3abcccbf94,[302],[302],1,1,True,7.105427357601002e-15
2454770b0cf0fd1100654f159800eaa0b8d6b119f13beb3015eab761cdfdd0f2,[303],[303],1,1,True,0.0
965a80bb7b19cc848147a146fe180a7be8a038a716848ffa4818e9ec68283e2f,[304],[304],1,1,True,3.552713678800501e-15
df68205a5cd94b6c4439c200f85f57f8818b00e55b76238afbdf5cb404d1981d,[305],[305],1,1,True,7.105427357601002e-15
a54c4762f5002b24b0cdff3ad1f6a44914589ca7242df420e3df0c1ac3dab8bf,[306],[306],1,1,True,3.552713678800501e-15
a4afbf57220789b84c27a412674a3b1666bcc56ba3342e8a96c8c7c041b93b40,[307],[307],1,1,True,3.552713678800501e-15
8838ebf549bc04e5f7819cc5cadd41534d300962d6ba939e1d1d9a9d2d26af64,[308],[308],1,1,True,7.105427357601002e-15
7f9b00d1343c8ca68768fd85b625c623c6c61cf6e4f38e8bb8b9f6410bb0a154,[309],[309],1,1,True,1.7763568394002505e-15
c5018be628f0fbffeb63174e70f61bc7513f4ed1d0ae815126aaea89368472a7,[310],[310],1,1,True,0.0
c677a0cded37248d81ef1797c78ca0effe3fb7d6a0295a862cd8e6850184fc78,[311],[311],1,1,True,3.552713678800501e-15
563fef6fac088e7ec21c55d077bbc193a99e874930ed202b3cadc74aaf7eba86,[312],[312],1,1,True,0.0
43fcf0650669333e6f90cd1e4477dc80e2822bdcf684d8ae1c384bce11e4b5a4,[313],[313],1,1,True,8.881784197001252e-16
3a1244a6d3db1ab3d9d6dd936d2e6076a5202c81f1a63a35d9684eefff54bb49,[314],[314],1,1,True,4.440892098500626e-16
6a4d78c9e0ba566706866f0ba1a9742c066872b9dec196ef0d4e07b4df351b76,[315],[315],1,1,True,2.220446049250313e-16
1e3fd5d1219e5b89f6e8fa67955cee4904fedfdf26457bd66ded2e3fd60c84a1,[316],[316],1,1,True,4.440892098500626e-16
5512eacb21a76a92801f42cd0e38e647d118e00e729782cfc563e301fded1788,[317],[317],1,1,True,1.7763568394002505e-15
511e95af01efdd5f08ff94d8df7184da708137df5db0a886ac976ee2ef5474a8,[318],[318],1,1,True,5.551115123125783e-17
c37ea7adf0e62e7c2fa978cf2bd39d2bb36710def0d026ae49c36ff6ddf5b64c,[319],[319],1,1,True,0.0
71b8dae747662cb87ed7983ce90f850caa695b9fd5429ef1c3ff272127bc2520,[320],[320],1,1,True,5.551115123125783e-17
96eb8cfef14a4e635518c632b085073ceb47f0ba49440ffa105628f9a43dca7e,[321],[321],1,1,True,2.220446049250313e-16
9d5b8c7fea1189ffed98706ed0c70bedc650f9a068c9f26eca1b6db8f946875f,[322],[322],1,1,True,4.440892098500626e-16
b4e97ba6075920bf3ad1c5a99b47e6e24398a96af4a9a643bca65caa5be6e6db,[323],[323],1,1,True,0.0
b502a63d3359ec798c6634a3321dae0168ebcb3b21a5f4f889bf4ad39602c64c,[324],[324],1,1,True,3.552713678800501e-15
86baf00d1bbd25602d65368bf64b0b82b2712af55cffee963e712ac104cc5ce3,[325],[325],1,1,True,3.552713678800501e-15
4658b11dd13ebd405e80c9febe37427d29190eea950dd43c03c828da857f8c1e,[326],[326],1,1,True,3.552713678800501e-15
5bda98bbca40cb374fa3a185149df28bf4a3f22038ce32dba94497464d821341,[327],[327],1,1,True,0.0
afca6b44121699fe761df7461f754b2120bfe7c77f085a892b25b559b65e2306,[328],[328],1,1,True,2.220446049250313e-16
3ac5d8ec2530aa85ffa32c91124ea705dbcd2a3bc120b20a72ef8cb0746217b3,[329],[329],1,1,True,8.881784197001252e-16
be250b4f83fe7e0f82db16340caedf82682ac0fbf87be0787fa498daeb7aa9c8,[330],[330],1,1,True,2.220446049250313e-16
762b1ee36cc4195ccfbe004ba30e3d9bbaaf7d8fc7ef8427ef3dbb89d1e7761a,[331],[331],1,1,True,0.0
4c959d9025761be6c82789665b90af14a5178860d69122cce808083c10f6ae10,[332],[332],1,1,True,3.552713678800501e-15
c7f190aa2438ce4e61999381f8db2aba577117b28ddfb5219097e18e14d34fe1,[333],[333],1,1,True,0.0
a8a0f116310291d995b91395555100af98cd1601a749fd686c0a31e10400a654,[334],[334],1,1,True,3.552713678800501e-15
a5b647ade4c04d145ca247bc8070a4a2cc4bed93bf8536739390f121047873d9,[335],[335],1,1,True,0.0
ee3605c621adb9447a3572073c8052f76937ff5a5cde9225ee50b3b3db6b355b,[336],[336],1,1,True,3.552713678800501e-15
12b5ed75e885cc113999d78bfa85fa3306afa00994dd921c5ed55303c23238fc,[337],[337],1,1,True,3.552713678800501e-15
43fc44cbab72dd5387cf3dbbf7b3cba5bd74eb1c9eefe1e40c7784e4bb043b8b,[338],[338],1,1,True,7.105427357601002e-15
bb6e5ac3528640d53bd9ad1791a657962234e8202e5c432af7f63e8589d9fa80,[339],[339],1,1,True,3.552713678800501e-15
7a5e9329d0addac26dcfc73d1d0fd297449a5516fe46105c28b443192d34fa31,[340],[340],1,1,True,1.7763568394002505e-15
6d732e6f4d08d2833d77bb9012504902a281cedfea7a4bc48aa72d8f3030a5c4,[341],[341],1,1,True,0.0
ee02abad222f32a85d9e7ec1d3845054710c93d32a8649fb737c460138131d5a,[342],[342],1,1,True,0.0
445d563148cbe563a8712d2a61013edd6821d6ef462f86dd12c8bc52f864b408,[343],[343],1,1,True,1.7763568394002505e-15
da85af7ef9af095087ab7e750a2cbd6061dbe23b416d584085081c635e950dc3,[344],[344],1,1,True,0.0
92c806ef6db5a4ee1f8b56e357d9f34611288885edcbb2ddb8f44c05a0b65429,[345],[345],1,1,True,1.7763568394002505e-15
134b7cbcafe9739bc310678ed82703cb16f13b2bc1d4406adef03b4067ca4e2e,[346],[346],1,1,True,3.552713678800501e-15
651a067e70de5036fb612b467091c6c8cddb84572a9dcfab50b50bea476682fb,[347],[347],1,1,True,3.552713678800501e-15
5081719a7b22046d4a5310ec4f293c3d36ddc037a7218945782ab066e05e2236,[348],[348],1,1,True,1.7763568394002505e-15
f458c19bdb5083729effdbc3dc529b0c83d179c29f44d2ec82d450d4c04e441a,[349],[349],1,1,True,1.7763568394002505e-15
0277d2e307f464a054250ff5a19c407dc2faaee208119548871890940767c0e9,[350],[350],1,1,True,2.220446049250313e-16
18ee8130fd5d9ea0cc80ccfabb3f477c89e747383f4da5a3dfc498c68e13e940,[351],[351],1,1,True,2.220446049250313e-16
bc81ffbd9839743903ec5b862e7b7a52df7b9f548d4ce1f0cddffec7f849b592,[352],[352],1,1,True,1.7763568394002505e-15
fd9bc1cc50451543ff58a54449c4dbc46fcfa9ef029ad6816a9d81d4c116758f,[353],[353],1,1,True,0.0
420548640805381e3df3f4a1788fe55a686c74c8f8f33fc0f890f2efa43e4429,[354],[354],1,1,True,3.552713678800501e-15
3251f1392a8e18acb6aa8aaa61c1f7d0cbc586169aa0c4732564f260e50378b2,[355],[355],1,1,True,3.552713678800501e-15
35d79316be4f3e21901e1aae1f0778d3c21f3c289d7eb97c996e0d60cf87714a,[356],[356],1,1,True,7.105427357601002e-15
1f3fa11cded04afb0ca46304f859aa8a24c4f67d672e67fa37ca7ae5964fec46,[357],[357],1,1,True,0.0
fcd2561bf03a37ab7742e3e469a00644cfa0bb8207ab47a44757e0fcba75c6f6,[358],[358],1,1,True,0.0
d0cdbb017761a3f56c066a5014e12d0790556e520f92e69e147b3d051193a56f,[359],[359],1,1,True,3.552713678800501e-15
ed467b25d704b6272962616b9f4ef87ee2d818bbdf9dc3b6e98f040ff4287f3c,[360],[360],1,1,True,1.7763568394002505e-15
eb4cd608ce786d87ae3704a254bbfb8985c00be755853e6f9582ada7cb58276d,[361],[361],1,1,True,1.7763568394002505e-15
cbb9879ab19df3f402c1c2389de348bcc22ae108dd549afbc3c05a65b3c56e8d,[362],[362],1,1,True,3.552713678800501e-15
d39501b64106fc5cbf9c01f577a15f003fee32e06a1511ffd52c3acc09860c13,[363],[363],1,1,True,7.105427357601002e-15
95e543d8b67ecd6fe101b21711be3faff3c892f41524a2e01face47ff3176fb8,[364],[364],1,1,True,3.552713678800501e-15
144096ece4cc0ea601a7609d2d3c6a77e4e79098b80be64dc3ef24886701ba3d,[365],[365],1,1,True,1.7763568394002505e-15
2b7451bdf265b9443606c73a443539feb883222852a8b1b7a006900b0411b9bd,[366],[366],1,1,True,0.0
920fd66bd15377629be953014b440e3201d1c3e1edc870ec8ecc8d80b81e80e4,[367],[367],1,1,True,1.7763568394002505e-15
9b3089b7dbc427343a0479d4168461b1f4d6da18d2a29e207fbbcf770816e82e,[368],[368],1,1,True,3.552713678800501e-15
2764f90c563825d74e4f471f96b794f94b7555d8ca50c906c630c454dee583fa,[369],[369],1,1,True,7.105427357601002e-15
96fc66a9bde08fd61d511ad7fc466527a880fef942a8b0d700b69652411fbf4f,[370],[370],1,1,True,3.552713678800501e-15
66fc6ce0a2f3db2d09e8475134aafc545d3c282e291ff27e7439d8aeadef0318,[371],[371],1,1,True,3.552713678800501e-15
b7249f0e9b694de49d7b213fbe7758019b3112d7600aa09fdf71b7daa154540b,[372],[372],1,1,True,3.552713678800501e-15
b0b4455266c13a09d82b74aa74bea8bec4c3ea96b30ffaa9c4fc69f9db0a992c,[373],[373],1,1,True,1.7763568394002505e-15
32c5e20e0c39300d6251f75a79d37af9cd579ecb905f60e004e8650c574470d4,[374],[374],1,1,True,3.552713678800501e-15
c3642e4eef7d7b38be23c3b9d02b40f5f64b5f0b5bf5f3e6a91b21d6d89e0f7a,[375],[375],1,1,True,3.552713678800501e-15
e743763734ffd6fbb8bfba5c7867cd9059a19deed46d16c70cd5df258b971d14,[376],[376],1,1,True,3.552713678800501e-15
3966387ace978305a7d0c79ada47b4f884e3de62ae926812da5e95c24733d393,[377],[377],1,1,True,7.105427357601002e-15
35a0ea5ad2fad326fcfa9611a7b991d19d438507a0f22c3d4de503c99e524eee,[378],[378],1,1,True,0.0
efad30b45d968b4cf6a8e4d42340ad8e5b2269138bc497edf8c540225ffe88d5,[379],[379],1,1,True,7.105427357601002e-15
a335917550319a45a57eba7becd91b43d98f03ed00c3e6ee99458e78a0e58e87,[380],[380],1,1,True,7.105427357601002e-15
7877c8cdb5e3f09fca94407424e5b942ed1d8c1cadfb7e87e5beb3f9184b1d3a,[381],[381],1,1,True,3.552713678800501e-15
047157802aacb5c4ddefa2654d5985e6ac2693e36844ce2a3d23b66cf1696954,[382],[382],1,1,True,3.552713678800501e-15
466a972f5ec8a46085a9b66aea102d401067a62f96188b27940405165da4f7c5,[383],[383],1,1,True,3.552713678800501e-15
719057a7d3886acda78c96a6114cb678737145a440cd7df67b0334ecb61838e7,[384],[384],1,1,True,1.7763568394002505e-15
a6c7570c7dea42164cb7efc2800e5dba79f310381c94c7f93116d0111ba0f17c,[385],[385],1,1,True,3.552713678800501e-15
fb82be7d97fcc434a71e06f5a52c833e2947e86f8059bfef173709f0693639c3,[386],[386],1,1,True,1.7763568394002505e-15
b6a68469c1fdf0936d7fd2f2060d9a2b5627a2d0c10266018a3f32956e30344e,[387],[387],1,1,True,1.7763568394002505e-15
49f643094de998b87a840d9ca4271f2daf39aab3afcfea56f79ebb1c78f09245,[388],[388],1,1,True,0.0
639344c72bc2b151233606d1c8c4fa5012f71f3668b4e0189579ad24e0b4761c,[389],[389],1,1,True,0.0
ede3b5f8c7c21816911a0c908a5cb085ed92712cd244d2b5261cdd1a2f2fd19f,[390],[390],1,1,True,7.105427357601002e-15
f00f783116b4dd148b3cf3fabcd3eed1afc1993bf16cd9559d9e3e47265f42b2,[391],[391],1,1,True,7.105427357601002e-15
02a6aafcf01a83de1791369377f265127e8dba9cf7e179e83dbdc1269181f3af,[392],[392],1,1,True,0.0
32e312acc998827cbcbcdb04b70a21f81b81cc30ba7ec3146f4d7831a8a0171d,[393],[393],1,1,True,0.0
30abc94cae3afd98ecf3239b05151595b98a815d86257884a3f4c359dbe0f57b,[394],[394],1,1,True,3.552713678800501e-15
3810e06b55ca628d5339fd63af82131d51024721f0355d4bc9246edab03c0b3e,[395],[395],1,1,True,0.0
5374e410d124b3394da8f38511bfc495d7fcf90de8a6c209a1657d6791b41ef7,[396],[396],1,1,True,3.552713678800501e-15
f4971e1a04104d1ce73bc5ab65d6748e4f9cf89e2a5bccf5082990837e65f934,[397],[397],1,1,True,0.0
50d588d224b7fce7e437b5739debf7837ce1f1b61a29669cbabea96e3e6321f7,[398],[398],1,1,True,3.552713678800501e-15
23a64a6f7e97576e40994018e1e2deab4b57ce1da44032e5ccf27997097291e8,[399],[399],1,1,True,3.552713678800501e-15
91820c3cff9bf67d80229e6b433d80a192a8b61ba69c0d6faea2cea081c9f5fc,[400],[400],1,1,True,3.552713678800501e-15
dc39e55076b53f401c186ef89bcbde40ba437168380f1820a4a67e443cf14051,[401],[401],1,1,True,0.0
bc4ebc35290c43c69ea26b8a60d0c8b16c64a805728913cf0805ce984f1f46e3,[402],[402],1,1,True,1.7763568394002505e-15
8d61149569c70d3855bdf84ea7f4ccda339d620d4711bb5971d7c0a6ea248514,[403],[403],1,1,True,3.552713678800501e-15
b7f803ef661fa3c29f8b66bbe0c27117f69b921b4028a6646ae7e6f607c56239,[404],[404],1,1,True,1.7763568394002505e-15
96e994e452cc3d31c078bf287c79d71e6540f60c5ff35a9dde2ced07d5069230,[405],[405],1,1,True,1.7763568394002505e-15
2c7e500a36f9a44f2a20c52d8e8295c8bef2268d3e6d3f052df72aa9f4032de7,[406],[406],1,1,True,1.7763568394002505e-15
0915fbbfdfd3a7065a3fe7798ebf17f909cc23c84bbbe20c1c32c0f5ea9c2866,[407],[407],1,1,True,8.881784197001252e-16
8276c3c132920314fbb193b7094f7ae85e0ae0acf1f43fc31f6fa4580da4beeb,[408],[408],1,1,True,3.552713678800501e-15
31a7a2588656a167a86ecb379e826b932313ff8c4480d19b78c6d388e9cd6c47,[409],[409],1,1,True,1.7763568394002505e-15
ba4799a00b5e476f6cb2fc9978a48bb087a726408ae1f7ac3ee1c09434272c19,[410],[410],1,1,True,0.0
f26f4afb9d2ecb394ffe231e3008d73c315d3830741efddda0e3b504594c23eb,[411],[411],1,1,True,0.0
e6060b57d00ec552d9f13616b3b71032fc1c0ce67e341c8f5b60bee526810f22,[412],[412],1,1,True,3.552713678800501e-15
9713a4f9d810d2f7e17791ce5c97678aca7f201f1b945a1c622f19d53008d0d2,[413],[413],1,1,True,3.552713678800501e-15
1e7536c2fea66a9bea3956c4cefb32c7ea17701328dd9b40ca5ccd1fc9bf693e,[414],[414],1,1,True,2.220446049250313e-16
7a4747395dd04cf6541b3d748e8d9669bb89bcdbbdadc00185fa65ef60610aa1,[415],[415],1,1,True,1.7763568394002505e-15
6fd2c72624b5f96e73340e8d946077b8a551cf47310dbe0be36e96cb22c363d2,[416],[416],1,1,True,3.552713678800501e-15
e7b4b47c8328f849831a90f5dfa3a0e00a5555cd2449817fdbe13eab60312765,[417],[417],1,1,True,1.7763568394002505e-15
94827841d876fd374427ce2ae25c0d51a2a22c9b5e04c01a93dae6ebc28240e6,[418],[418],1,1,True,1.7763568394002505e-15
aeed9beb749eae4db9287cf39498a3e1e3d85f1cdc44014670e18952cfd4ca1f,[419],[419],1,1,True,3.552713678800501e-15
4266babd2bdbef7dd7bc2e6824d7862d9e435d1958d5d35219c8b81a41715aa1,[420],[420],1,1,True,0.0
c94d3f8d70c915fbaa4e4573266e130593a219f4223de57b5093a4903c543172,[421],[421],1,1,True,0.0
cf068f28bac03365df434235c672c552cb8e14e2a99d62f5efb665ea3d78c0a2,[422],[422],1,1,True,3.552713678800501e-15
c037cc6d909550a73476889325a65a933f4e19281da436b3ff1c06b1317e7284,[423],[423],1,1,True,0.0
1f513d1d0a02f8354acf8dc4749fb76731ca6b091d7ffd41d3b9dfdd416764db,[424],[424],1,1,True,0.0
fa083f9051bdefbaaf3ca97107400f0a09430cbea6c579612cda7fd652d31f17,[425],[425],1,1,True,3.552713678800501e-15
977be25353beb0f2f48f97efb68c2026d8318d45f97890c232ba50be3c2cafd2,[426],[426],1,1,True,3.552713678800501e-15
3308dfcc442bc6bddead37243502212ea08a39e9bb5117d0592ff1afa64f8228,[427],[427],1,1,True,1.7763568394002505e-15
79d45f1dc1888155320f1660c3fa6ffbe2310c9675c75a08fc09c30609e07f79,[428],[428],1,1,True,3.552713678800501e-15
64d7bbf96ed933ea258eaff8301275f3fd79d78966e9a64315952a263884e143,[429],[429],1,1,True,3.552713678800501e-15
bbebebb0edfe48dabccc2e378f6010caeea32973dd0b75142bf2c1b70f194e95,[430],[430],1,1,True,3.552713678800501e-15
d1bbe0cf10bdb442e18fe9338f273edcb9644102a0bff063f6b0c2d6a7a6dc44,[431],[431],1,1,True,3.552713678800501e-15
2b199241d0ca55e85b69af41a2b703f6752de8addb872a19bb2aa003198a04cd,[432],[432],1,1,True,0.0
ca8b87a6348d336483569f524cc3d61323a982b7dc0dfd900b0697ab743d4118,[433],[433],1,1,True,0.0
2621195e98ef565b1649d1f47cba7007797b883fb0e5d49604d051ec09cb968f,[434],[434],1,1,True,3.552713678800501e-15
56fdf36b4a235abe411961bef62ff838a709ffdcf32d31587fc188dd5cc9fe1f,[435],[435],1,1,True,1.7763568394002505e-15
ed8a44aa8d65d7a53544813074418ab03dd70e84dcf0054a0ad0c51a8a5e2488,[436],[436],1,1,True,3.552713678800501e-15
b469ab2bfac4cf218fbf2d740a96394d3051ac381a6c9552362875f023fdb3de,[437],[437],1,1,True,1.7763568394002505e-15
e0e03ee5bbf772c9bf8e8bbbb7bfed1ce86817f5fd9924a1552398b2c07137dd,[438],[438],1,1,True,3.552713678800501e-15
06f5ba33b4962fcf3f65e5bc76bc2d377a656c2e6765de42a3123d8a00498096,[439],[439],1,1,True,8.881784197001252e-16
4b9e39563f330514db18049fd8002e7dff85c1695949a4b7a9a796393c721012,[440],[440],1,1,True,0.0
6e965588cf0540b91bb16f9fbf29c259741fb80052ba659be76b85a49da1635f,[441],[441],1,1,True,0.0
e8d715e4dbd5fd7aac4dfe0f09bfcd8056bf042294d890e26ff92601d7c1fd1c,[442],[442],1,1,True,3.552713678800501e-15
ebbabd2908d1932f172a91da83b96e48d0fbf7935ae0413970fcfbef775f19c9,[443],[443],1,1,True,3.552713678800501e-15
1271410ae766b8089844eae934df3a94e71378fd755df2c424a9cc2a12f795b1,[444],[444],1,1,True,0.0
a0cacab882776a68a4300c2884200405731661ac03b4677fe697307518317aef,[445],[445],1,1,True,0.0
b0cf081666f5adb6612cdda6756ae153f89675b315bbf992669006027081f09e,[446],[446],1,1,True,1.7763568394002505e-15
80da2fd1afed07e57fc8a3566722e2af2e270c6f8b574104442d97e9655353ea,[447],[447],1,1,True,0.0
30c1ca3f148613d7908aa51a700709b5fb4a30826ae822d48c39bd8a7805f3b2,[448],[448],1,1,True,7.105427357601002e-15
9637c6a5e766e849d6707a02f3ebffd6708162c4f2360ee933aa865f0d518abe,[449],[449],1,1,True,0.0
40f0a554c21d5a0e915d8e0d13f09bd062d789ae655eb2b7c3b1a63c31b494f0,[450],[450],1,1,True,1.7763568394002505e-15
270ac97c5e0399d036a3c7c72f447819c5ba89af7ef3489154b47d92995ac9d6,[451],[451],1,1,True,0.0
75c75d7c312a54aea8d11caed52c5450ec4a070c16dfb0403518be6ac60407e4,[452],[452],1,1,True,8.881784197001252e-16
8f76c24bcec98d9f8c4bb98044048b131afd279488203d5b69e74b9944ca6a83,[453],[453],1,1,True,0.0
f8e9f980f9cfbea68dec865e348233c3ba1eacc704904c49efca5a636bdaf4d7,[454],[454],1,1,True,3.552713678800501e-15
91e0e3204da3d25b790e583964aa0d88e4c04662add70b543d9cb70de2e206cb,[455],[455],1,1,True,3.552713678800501e-15
d7967ee623772366a469af9c5a70aa73c97fbdb1cc7817899d53165f349a1fc3,[456],[456],1,1,True,3.552713678800501e-15
b20bc9730caa9bad6b4e6f48baa0c11dbe7217a29beb0222832c27d2b08c6566,[457],[457],1,1,True,0.0
88e1f7af3695e1a5f0774f2fe5c6597302102cda0d1386eeec1d2fd045b031b6,[458],[458],1,1,True,1.7763568394002505e-15
4138c207744c2d558a87f306b539beffbaa41ca5c8f28db890c548a196b190db,[459],[459],1,1,True,0.0
f58fa047cf6b9ff45a1bd41ea7e1504fc5e38e1f08e1f07a5c0980e77d033938,[460],[460],1,1,True,1.7763568394002505e-15
cc84f4d6f922437a29b7efdcb7c2e8e58e053a1c9eee145c679a621cfae34f9b,[461],[461],1,1,True,0.0
2df1d3889214a426649dcc13a6d64131b95a5f7cbc9fd8d3cd4abc50bb87345c,[462],[462],1,1,True,0.0
dd4a734be8e513d94535228acf76573a368fc8aa23801060c483222d7c0ca306,[463],[463],1,1,True,3.552713678800501e-15
6b862fd663818ce29ed5626cf5c291945460f088338b60caa88804870342bc60,[464],[464],1,1,True,3.552713678800501e-15
fc96c403f2ef219a395cd42ffd9630efc29596cd4d3219ca5f928233a2afe22d,[465],[465],1,1,True,3.552713678800501e-15
a8954a94ee9c555103f96a71745b99f1603c0d5664d8d0fc84536989099f7043,[466],[466],1,1,True,0.0
1ad7e3b62f7a4221680ec739e34a08952c0e584316bc8d6b39a2fc837c89418d,[467],[467],1,1,True,7.105427357601002e-15
c48d40805f78feff59b55531dbc77281932725cb9c3ffa73cdd6935b31695c76,[468],[468],1,1,True,1.7763568394002505e-15
cbd29e1cfbf9227d976ee0dba0acbb40827761f1015f8f455ed30cd9ee737403,[469],[469],1,1,True,1.7763568394002505e-15
7799eb05c0c124c7554f5e9fcfea3a702dcb05dca3596f9903e470410b79fbfb,[470],[470],1,1,True,0.0
618ba7a81d6db4842d7d19b286a7a2c45fabcc15bfd85658ac65512496f0f5a2,[471],[471],1,1,True,3.552713678800501e-15
7b0b858e7e1f03d616b32192a50e847bfe6e53e2113fd69f0655750262ed3272,[472],[472],1,1,True,0.0
5509c8e46cf23a73944ff562d2776eea235238c03e6aa1a89f32cf4081317116,[473],[473],1,1,True,0.0
1ea97185b86d699b8f9190e46dfea8128c2053358e39fb05a49478dd8e4142cf,[474],[474],1,1,True,0.0
2a41f9deb75a12e95da219d11ac27fdf772c852ff50ce2da50eb76cd65365c2b,[475],[475],1,1,True,3.552713678800501e-15
26463928c1d8270adc0d9151bd749efb1ce46fa89956d633b671847d19c01478,[476],[476],1,1,True,3.552713678800501e-15
b1aa7b312b64cb5d63f286d43edfe3e7e9284e2a3e017dca838d76d981086bc4,[477],[477],1,1,True,1.7763568394002505e-15
2137aa0e6cd1f79d6c5ea6fba3c1f2b215c499f3f8ed17115d7f278f992cc40f,[478],[478],1,1,True,0.0
dda853336b39a8a64ee2ecb4c3fb8b5d02f5b947589d43f082ef4351d861b9ad,[479],[479],1,1,True,1.7763568394002505e-15
48d1c4ef14e02e5a04fd3dec3baf27cc24ec59a068498bada226c97b4a402d7e,[480],[480],1,1,True,1.7763568394002505e-15
e0360e91d599d41a09789987eddc20347340da1f5c116d8702bbacd6a940c7b5,[481],[481],1,1,True,3.552713678800501e-15
cf625996081ab6b119841a97e1f30bb17afb24fcdfbd042886a0c8dae760e244,[482],[482],1,1,True,1.7763568394002505e-15
8cd0e8b60c25a564d39c533cf9f89ed47770f1b91e29d0f9b856968fdd9ba263,[483],[483],1,1,True,7.105427357601002e-15
55bd3476878f71f132867cc6d8c88a897bcc8d73fc4af211f8f204b2d0d53b53,[484],[484],1,1,True,3.552713678800501e-15
3c802f69f117af3cbcd746b86c1cdea6ee1eb8cb27aad575b03fe342f92f58ad,[485],[485],1,1,True,0.0
75ecc862736ce926b48bd166928b640fda52a94ae2c8e682e5ef7424c4832185,[486],[486],1,1,True,1.7763568394002505e-15
3ff2a3187c251aa19fc62427b13e43a2b24cdd6b2039d38881324bbf6b50f674,[487],[487],1,1,True,3.552713678800501e-15
13c3cb1a5ff0873319dc5925c6836539a65ccbdc5180cb3f1660d764e37c9f1a,[488],[488],1,1,True,3.552713678800501e-15
2a51e060779e922919c805446bc2c2221aa697633d6226a6edc76a99ba913cb5,[489],[489],1,1,True,3.552713678800501e-15
49a9bb786b0dfd2d47ada75a03a45b656164cead968468889b4ac6a36a98af58,[490],[490],1,1,True,3.552713678800501e-15
b5d615630f7cbeb75495eede8b0d209087baceefe6dc76f0e5ebaaa346c1bc9b,[491],[491],1,1,True,3.552713678800501e-15
fe3743c19354a1a9a9e835621a4edc50175cf0b2be07636005857dff53ac5bbf,[492],[492],1,1,True,0.0
bb097d9f51839e801313e4bf89d5abab235140b2d170d83cfc762c9ac31ecdea,[493],[493],1,1,True,1.7763568394002505e-15
654e98358d74e17af0900319f2f7007715117703884ee77c30f3014ef921f3af,[494],[494],1,1,True,3.552713678800501e-15
f01d8fb9a4b4d2ffd41ba38b0057dc9b87e6f6d0d214ff30247234de6953b8b3,[495],[495],1,1,True,3.552713678800501e-15
b01288a38d39564f00e270ee81284c6da48de772a46a7f353828df3a8e2a82a0,[496],[496],1,1,True,1.7763568394002505e-15
7936db6b9156ccf8359c467c4e240ea798d458fccc47c0147cbbfc738a74461d,[497],[497],1,1,True,0.0
48c342a31de975031a79e0c5c6fca2f6d6c5aaf752167edb58c308ec98b3da06,[498],[498],1,1,True,3.552713678800501e-15
e719bca1098962e19f7d8b61c3e7a76d5563ef4e590874c9145b0718fd17293f,[499],[499],1,1,True,1.7763568394002505e-15
41d3ad357ec16e55ebe60c67098313ec6f8b5412c815e2b4b94d0b5e25fd35a3,[500],[500],1,1,True,3.552713678800501e-15
1b16b96cc5f761f02c14fdfd15a70e6227a199a6cf992125e512d72f20af9c4b,[501],[501],1,1,True,0.0
78796ac4126397eb3be7010f072e9eec92ee7e422a4f0831a16190525a332c48,[502],[502],1,1,True,3.552713678800501e-15
54a9bae64cd53827808c5b24ea4a6a285763565ba30d02d2738c5450ce5f6cd5,[503],[503],1,1,True,3.552713678800501e-15
3b8d5eff345dd059858edbb74e8c031b7fade304489b7d34d6b9d6e80c327a6f,[504],[504],1,1,True,0.0
c375d20fed327ae25eba73bdc6ac2ed89ace3cae925b809232d1d46ffaeac5ab,[505],[505],1,1,True,3.552713678800501e-15
f63935e7745b6fa37f082525df9ed746459c65ed2c23ac16356e16009a64967c,[506],[506],1,1,True,1.7763568394002505e-15
ed62192d00d3128036c2b729a4b7ec5318bd9ddb241cc1919becad4304ec04f8,[507],[507],1,1,True,3.552713678800501e-15
994c154a7ec7fe7ef3385b1aa7dbe84afc120e88a709924362fa60c7a1f69d98,[508],[508],1,1,True,3.552713678800501e-15
2737e3a9f9dfa056fec272092a7c8af8ce95a9177d56044e69fb733c2ff571a2,[509],[509],1,1,True,3.552713678800501e-15
0a4816af20ffb363c33d19752f2f17692cec2c6f945c6b51680e82dbf07d4903,[510],[510],1,1,True,0.0
d7e3bfa2f273f1866732f04da1b75b80d65f77e111a4bff52f7f203c82f67965,[511],[511],1,1,True,0.0
bb8b2e79c56651cdab7837f2ea72edf42fe74babe45e7238a737ea1c0eddddf2,[512],[512],1,1,True,7.105427357601002e-15
6456d5848479de8177d7607d416ec18ea12db18c1c28c78dfc56656deb857737,[513],[513],1,1,True,3.552713678800501e-15
15295422e97f4357da4f553592d2f9d13b0f0997bc33e9ec40ea2d37ff9517fe,[514],[514],1,1,True,0.0
43f5b7db091d26a70ddd524bb92ef4b07fa672fc0d69c051d67ef8ca7d31ebc3,[515],[515],1,1,True,2.220446049250313e-16
6ca6139c40910f70b07e8edc8547b69716629cbf8c90e3d6990560814af72ce6,[516],[516],1,1,True,3.552713678800501e-15
9b6d51ad25bcdc2eaf86dea153a8270c9d44368411485261c9b1e329d12e7111,[517],[517],1,1,True,8.881784197001252e-16
f53dfb3c8d11e099a332c1aba0e852e44e899498e78d55d2d2a5afb9289d3099,[518],[518],1,1,True,0.0
46698fa58b06ca7800dcab33cc1f9789bdfa440f21679879810d76ad2618fcf3,[519],[519],1,1,True,0.0
5c0013164a76e98fbe1a40a2879a6fbf8b9dd3f92af35e7fd1da8f88fa38c0c0,[520],[520],1,1,True,4.440892098500626e-16
b1d270d24bfd876c33d26620f3b173e462bc719a403affde6329b4bdde637b27,[521],[521],1,1,True,3.552713678800501e-15
227459aab9d4998f324791e7ab82a3700c84e0613063c46264d00759a3dbaf1e,[522],[522],1,1,True,4.440892098500626e-16
5497f03d7bb61fc5ce84a729b531cde4f598874f4e761c48ab0b023a677dc9bf,[523],[523],1,1,True,4.440892098500626e-16
4ba07018874ea827928040b4c54e46e8874e9d22247f5cd2e9478c26ac19e09b,[524],[524],1,1,True,4.440892098500626e-16
764a0b3461a07ed38c4d53e497ccb1385e70110ead7d058be7569865510c4fa7,[525],[525],1,1,True,4.440892098500626e-16
96eafdd738f78f801957bc2e1a243b4371e4ba8198ee3586b2f08415cfd8676a,[526],[526],1,1,True,1.7763568394002505e-15
9caac47335395e3a21f7758729abc3f05fe8d804207e91e62caa1cf4d9f55fc4,[527],[527],1,1,True,0.0
7336c1c26e5b0901ae2c4059d2256e019737243c8de0b9b29ef5f8853941d11a,[528],[528],1,1,True,3.552713678800501e-15
ca0b6bdddfc0c7d45097b477b1e587a78596db863581c346c9b988bc944f1b07,[529],[529],1,1,True,1.7763568394002505e-15
faf6e30eff9c3c22028c1e5eb1b0a4c659358ba63c7151b26261244ae846865e,[530],[530],1,1,True,0.0
d900a94d4e3904f322b0278368249eb9d13d38bc1475e845f9a02f9c13ae764f,[531],[531],1,1,True,4.440892098500626e-16
43f493e47a3ecd88e3373240c1b1564e6ca0e0534579bb6e9a581d4fc5d64410,[532],[532],1,1,True,2.220446049250313e-16
a3aa7118255b9effe3268a4f009d50b5fcfe6dedb6039740a4bc611898755601,[533],[533],1,1,True,3.552713678800501e-15
05f609fd41a4d575d6db2ca8211ab10f6104863945cabc938d5d7f755b2492c5,[534],[534],1,1,True,3.552713678800501e-15
037557dc21623a54b9c539209110ba9e7333da5740384570efee159390abb4dc,[535],[535],1,1,True,1.7763568394002505e-15
7e38532abb0b1cfca43016f0b5bdb6bb0b27d0ddd595dc66156b2dce7e1f3af1,[536],[536],1,1,True,1.7763568394002505e-15
66afb977c25ce0cae1c7a92f3280a4c94d54618712f333d8c40e5599685f3fe4,[537],[537],1,1,True,3.552713678800501e-15
b47350bb67d3c01e9201bfa3d9bc445830099229e18b45fc053522fb46d86a15,[538],[538],1,1,True,1.7763568394002505e-15
52523351ad786ce7b6e230f281a22ed7dfcb2777a85cbea50851950a4df21bb9,[539],[539],1,1,True,0.0
3e7903b5d3e4009d145c5fd0d93e66bdca8d3987eb12cfbaedff0dbb890b4f68,[540],[540],1,1,True,2.220446049250313e-16
9bb9373f9e240edeec5c95c75190331fa7ac3255c126173583688335a9a44b06,[541],[541],1,1,True,7.105427357601002e-15
1f7bed98b94254466a5cf9aa030d17f6e4646ec878f715a4312cf4d2c96242a1,[542],[542],1,1,True,3.552713678800501e-15
a9daefb7c2f1a5f81e9796aa315b49f140a009a3c997afaeef8bc55a884bff92,[543],[543],1,1,True,3.552713678800501e-15
b7fa889a63fe338cd060f32220e1c2bb7bf1a5ee801cbc2077924895fe48aae3,[544],[544],1,1,True,3.552713678800501e-15
a33074af2c6c2019c17c2ecdfe6b58278852dfd4dc0fae6c4ad5ec8423341841,[545],[545],1,1,True,3.552713678800501e-15
535ec6e89147ab1374fc75a36e11db3bf022f00277716f63eba032eb49547e60,[546],[546],1,1,True,0.0
c9793d875221cf62cfa13cf7485227f44df58c154d4808f3d888a81614725948,[547],[547],1,1,True,0.0
c4d53d7b580e77b5522b19256048964fe7c0a2506ac763f623da5a2e8361f59e,[548],[548],1,1,True,0.0
d637ea77d5688872f4005b70a7f0c22d9db109bdcfc7d09214da1f2bb2726d06,[549],[549],1,1,True,7.105427357601002e-15
b2e1d557edd3a29ac1858bfdc4283a3fc63316fb5b283c1cb2db45c2e4d8bf93,[550],[550],1,1,True,3.552713678800501e-15
da7056a60b5e6d60953640fbffc41a6e1c5786a46c82a897aa9efa2358df96ee,[551],[551],1,1,True,3.552713678800501e-15
6f6670965f7447eab102c5b93a8d9be84fc9d2ac944d164795001dedd9477917,[552],[552],1,1,True,1.7763568394002505e-15
cf84604288d4e1e6a1bb264d16f844905bb2f14c5f4bfba1c4b2735dd4d989c1,[553],[553],1,1,True,8.881784197001252e-16
413b3e5b101f4ab6dc70ed88cbda9a630d742d027b58d3f74c4c82f7867e6f29,[554],[554],1,1,True,3.552713678800501e-15
a750432144ef5f48e5e661920226a4a6adb280331a3e7addd8809bc094443b3c,[555],[555],1,1,True,3.552713678800501e-15
29dd5808c1896c47582ac999075d427121e2fc3e647be6867a3eefb92c0c681f,[556],[556],1,1,True,3.552713678800501e-15
e6753fb353b4c46e791cdfee09f09bb4d7d2659b49278a001e8cf2c9c0f820ae,[557],[557],1,1,True,3.552713678800501e-15
2b70465d92838a3cb347a08f431afdca88b6c12904eef858d2907c236e20c94f,[558],[558],1,1,True,3.552713678800501e-15
caca79509e8d9697ccb54336bec7b1dfa3ae3c611e2f61aa4573eddebe586e00,[559],[559],1,1,True,1.7763568394002505e-15
f8bb6ab89533b63d787442faad65e7fab8296949fe295ae8a371e29f86715403,[560],[560],1,1,True,0.0
ad57ec5b3b618b9ab6b7c40c7466faf7ba3a62df870077811e304e8e5f7641eb,[561],[561],1,1,True,5.551115123125783e-17
aef36a7d5bb35724069327f24f21892b481ed6c546b8107d65c57f0173df57b7,[562],[562],1,1,True,0.0
130594a7750d789a4c1dae4dee1127c8d06e306ca8b703f7a5fd4b366f0da0ae,[563],[563],1,1,True,1.7763568394002505e-15
6d4f8ed345972426edcea38ec08bcb120aea9be88ea0b5aab8b9b9240fa487c5,[564],[564],1,1,True,3.552713678800501e-15
f0892f722f4f1577dccfbdfa49ad5095d633e917acae4088e8bc947697260853,[565],[565],1,1,True,1.7763568394002505e-15
09edeadae7a937ee9c413a09eaf1ebc735101a864eb5083999c7b2c8cef623c5,[566],[566],1,1,True,8.881784197001252e-16
fa0815d34fde14b7b13bc2eb3418a349c91e9dd5c283b2ad59544c39bc71c853,[567],[567],1,1,True,0.0
d8286bbee9664fca2400b9624c548594f8329a236aaeb03c54352fffa2a71e4a,[568],[568],1,1,True,3.552713678800501e-15
e48bc3ebf1b95b8615575004749641aa99afa542dc27280bb8513e233eaaa87b,[569],[569],1,1,True,0.0
e9740530f9137ddc9305b2a0bd7be5c73211c457b177a0486851f08178933c0c,[570],[570],1,1,True,7.105427357601002e-15
b9e4e5bee63d5c658d48bf22fc86ce9afee3a2240ca8366a4938f09ef51f68e1,[571],[571],1,1,True,8.881784197001252e-16
d18562e51af99b1706b88da1c98e86f64786e2dad2d324d9e530ab6034e03a82,[572],[572],1,1,True,2.220446049250313e-16
a9db33355692d9d6d83f51ee391b8e4c438bbc077c2d40833f3c4ce010b5a7bc,[573],[573],1,1,True,3.552713678800501e-15
3beaaf130259484cf4c086fac49861253f9098c5f15f5f1884ae9ce1b7f89e75,[574],[574],1,1,True,3.552713678800501e-15
e7b950b0c76c4ecea2dc77b4cffb11d463dd81df620be5771d1f2acd900a43bd,[575],[575],1,1,True,0.0
637c69e1d0f4018aab6fce045e466c3bdfa80bc7b0a6dc9be443c148957691d8,[576],[576],1,1,True,1.7763568394002505e-15
d83ba610d11c06f2b606a49af5defeb6da7dede845513b82834c4e300ec7d0ce,[577],[577],1,1,True,2.220446049250313e-16
ed0f01f811ee786ad4077166af07145917901d9abc9c531591df2e5868cad0a3,[578],[578],1,1,True,3.552713678800501e-15
efa70336f6896fac3a8fae0c44601cebe5584464305ddc4776b7dd7819fe57ca,[579],[579],1,1,True,3.552713678800501e-15
cb034698e973ec3e17c9f22a5c7c9410e5a096d0f39cfe765a6cd81549b3d8da,[580],[580],1,1,True,3.552713678800501e-15
2ca8174c59e5a64ed1b421a2101f10dc015ee1bd70cbd6715cb8a739550698aa,[581],[581],1,1,True,2.220446049250313e-16
96ba372a2595fc3fb5d1d1bc3be85bb80bde6cd972d6afb0c2fe6f7625190337,[582],[582],1,1,True,0.0
b160f222f8b4ed45ff190ea95082596ec916de17fd3ad95bb31de63157aaa30d,[583],[583],1,1,True,3.552713678800501e-15
4b153255a057e7f232a8b7f6590269f3273bc7bbf26b9e2866d4538d278c7c70,[584],[584],1,1,True,1.7763568394002505e-15
8a49fa229fad0d52bf16c5da8119f1d235db06fdb5bbd25a8ae68b5bdfeb6069,[585],[585],1,1,True,1.7763568394002505e-15
90a2c54180293aeb39198d6890ce092e831717ff4cb3fe137a38b7e174160022,[586],[586],1,1,True,0.0
df0960446e00d3d8d616cfb2e93f97d9e24d7326033536b56e4cba40bdd884c5,[587],[587],1,1,True,3.552713678800501e-15
01c4f03ff336f13fe85f8a12774ded9ce415f6023ef2594cd2f26ed73b9cd715,[588],[588],1,1,True,7.105427357601002e-15
2ad7d64e560e3dea50f658f3bfd98cb1e2cd214dd77c7718c4e5ac72e34a026f,[589],[589],1,1,True,0.0
1aee561ff62417cbc21d7938996e169735be2c37919a6d28d23796bf73fcb794,[590],[590],1,1,True,7.105427357601002e-15
8d6a56b48da2ffe62edb0f8d1079e2fff690b8ce811ad266cf8b6d0842a9171d,[591],[591],1,1,True,0.0
924c5213e5f5182ca625f7f19dcd9f204156fcae0fc7832fbf930c504622dd11,[592],[592],1,1,True,3.552713678800501e-15
143544f48f84994bdee670ab13c0fffa1febb9469351eb1fa9b8407f9daa857a,[593],[593],1,1,True,3.552713678800501e-15
60f7af1fdf67cda3012645676038a18f5f2a586cc47b1613bb060a97d148c4e8,[594],[594],1,1,True,0.0
168797639b785e9da0c327222144bc607cfc08413d877ab95e37f417978713d9,[595],[595],1,1,True,3.552713678800501e-15
4599f7221a93232669e15dde5ee6fa9f72a3c942e1e6c8120d0daf3a3b3e6463,[596],[596],1,1,True,3.552713678800501e-15
2bd71003202fc8b49f6032102ea2a478e8dbf7a5409e22cfb4f613550ffb63c8,[597],[597],1,1,True,7.105427357601002e-15
5141aa3ffc5b79da695c549efb1750cfb3823e4d1ada47fb828ebfa668aaf54f,[598],[598],1,1,True,7.105427357601002e-15
36f3d074506ad0a95c41e755b0c13605a75ce53d409458e24c74efdf4fcc83c4,[599],[599],1,1,True,0.0
476d7639109918989e515e99e5a35964b9adadde4c68591582992078f511bc6d,[600],[600],1,1,True,0.0
a41dede8c3823b3364b3cd75cd19fa30a7e0406092c6fe41ffff1701491aef51,[601],[601],1,1,True,3.552713678800501e-15
a98f3042b8eba718fb6f6d522ca7bf3de9fd5e843a1b1f7a3f62bf1a93085c07,[602],[602],1,1,True,7.105427357601002e-15
3cfe5205eac48b23557bbb0a5fda807b05a83fadb1b824d10d36993a18655345,[603],[603],1,1,True,8.881784197001252e-16
f6ed39e3d22025c8e616cf228dbde551011077e438a1de717b592e0a93e112d2,[604],[604],1,1,True,0.0
7b4029d013052bf92a565e29ea85779c9e3a2d873083ac793710eb7e52e63e73,[605],[605],1,1,True,0.0
395dbfc676514850681d71cef7a63c10851412f35e846d625b1a873017274b69,[606],[606],1,1,True,0.0
69b2de7bafef59b811d11352cf939b8efcc33e395cb7d1193e1f2e6fadf7290e,[607],[607],1,1,True,3.552713678800501e-15
785424f6f67c0f0749733c8bfde21ce02dbf6e3f8457a5e159f0de086806ec07,[608],[608],1,1,True,7.105427357601002e-15
5ba5582deb065e3fba88fe71724af07a7a8665351b0abf03fe1818cd0660b983,[609],[609],1,1,True,0.0
02f4031f9039e6eb4a837a45c889c064762656b4154c05a3d1ec86291f8f8140,[610],[610],1,1,True,3.552713678800501e-15
a34a71c2411d018b526618718c13b6eaf05d0c76ab6d24e4539e708537482258,[611],[611],1,1,True,0.0
84d75557383650da5e3e44f4c2502dbc96c19d713af8a7e1b613120df451ba55,[612],[612],1,1,True,0.0
ffaeb32ca73cbfc055d4c8b146c81dd0af6a63d37bf7a3dd404c333c32e7a2c5,[613],[613],1,1,True,3.552713678800501e-15
9ce5ea3415248bf62b779be710466612dce4c0a12e273719ab55ae0548c5aee9,[614],[614],1,1,True,0.0
a57c64c6ff8b6203b3e3a03e3a3300fda1488b41000d57cd894f3819a04e9bcb,[615],[615],1,1,True,0.0
7e88fdd0010740757d7c0aa87822716f4423d75f47b9c073569bc292a667681c,[616],[616],1,1,True,3.552713678800501e-15
d21afbd6c23ac264df3c875f1569264d4477ce060faa4b80f40db45557ed9df2,[617],[617],1,1,True,0.0
728b9cd04cc410bd18d79e70825dc03846a41585b73b25119643588fd15d98fd,[618],[618],1,1,True,3.552713678800501e-15
b07894a711e6dfcbb044836370d328ccf7bdd34339422a9a17b1c4becdb30d23,[619],[619],1,1,True,0.0
2c65b23511e24f79be0c561934ec415a432d37d07cfcac05e922f67af07c5a91,[620],[620],1,1,True,4.440892098500626e-16
bf0732e4420a06bc4a04eee0ac8c128aa23d511a582a4a25c294f3f6ce84f04f,[621],[621],1,1,True,8.881784197001252e-16
f276fe345835496f7daa4e43c4dca2cf4a39a3cf04dc3c435b041cd836c9b659,[622],[622],1,1,True,3.552713678800501e-15
87f8143b6ff20b55483eec10277d0ed6547156bf611e3c681b849acb7e7b2b49,[623],[623],1,1,True,3.552713678800501e-15
c5c7ede06a2b8a7cf80ce01a5191c24e7b741f0ddc0869011efadd33c6d10241,[624],[624],1,1,True,0.0
f62b3566533ae0609d86235c686c39dc6fda5417f95f096f45848a5c4b97dc2e,[625],[625],1,1,True,3.552713678800501e-15
c1de49276aadba394397b127a6ba01be40c67f436d6450cc74cd61fc9d005baf,[626],[626],1,1,True,2.220446049250313e-16
5983a0f61a5eb405c4e3df6a400e27ae7556ae4032db3fed108608fe7225aaa9,[627],[627],1,1,True,2.7755575615628914e-17
f50aed5a10e1c887e4899bf0a00fffaf1584be0d9d00b47e1c566564da6e2b81,[628],[628],1,1,True,1.7763568394002505e-15
a196dfeaddfd4dae4e7f5915c64aa2b59a7407e2cb25514fbd8f7ddebbae8c09,[629],[629],1,1,True,2.220446049250313e-16
4af1d45925fd6879fc546d962a3a7627a3043b81dd9329e13a84dd312124de1e,[630],[630],1,1,True,4.440892098500626e-16
a145b38d8ced147df4012f047069193f583daad529c9a8f45edca98865cdadbf,[631],[631],1,1,True,2.220446049250313e-16
926f7bbbadeeaf07c1bc20cd832848c8ff0eefe149d7235990c6e75c54d96a58,[632],[632],1,1,True,0.0
0daac9f35150e0dc819cb6b93f0d5092d7f4664e01c7c6ed1c9e9835fba29f23,[633],[633],1,1,True,2.220446049250313e-16
3139444dd25969b27be616888b234806059dd45a63367498d8c6e2b27deeccde,[634],[634],1,1,True,8.881784197001252e-16
04ada43946f021952678fc8ff52ef5f322142e7b7bf736d1d39dcacdbc03924d,[635],[635],1,1,True,0.0
ffbd0b64c035a8e9d73564980beac4df4b60660ceb1bdb09374e9362d45333c0,[636],[636],1,1,True,2.7755575615628914e-17
bab028d608a75f9ec5d8f992fc5d797ef6c570b7566956f0acef8105664cb60e,[637],[637],1,1,True,4.440892098500626e-16
af74022eb54b910ee9add5be4938b8023d0b9fb6cf38ff5455de8147562a6dc7,[638],[638],1,1,True,1.7763568394002505e-15
cc80b573e50c41949f880f283fe9a67447fc97567cf8a21500cb36431acc9f48,[639],[639],1,1,True,0.0
9cadec3eb006c513b7d0f0ee93a1084c882e8d17e8831a5470ce0aa3ef174637,[640],[640],1,1,True,0.0
f83f89e3f322cfeeb002ea01425bee00744e40c0b118044851746c837239af9c,[641],[641],1,1,True,2.220446049250313e-16
6a3dd6a154793c8efe6710ade23e2f8b7b7a3340cddfdda9721c8afa293633d1,[642],[642],1,1,True,4.440892098500626e-16
760663e0e4c604ee0589af6ad0261d54a4d9d690e1e088edeeaabed174146794,[643],[643],1,1,True,0.0
0cf264f809dbbf8d26ef68cfe9e5d91c6e074f4e44b040b4c8ee0b4e7efdb8de,[644],[644],1,1,True,5.551115123125783e-17
777e0b9098a91bf39fbd3e88a3c93a2b1d7c822b8bd58d8f7fe35ef17136541c,[645],[645],1,1,True,0.0
58a0659b06f05d2a795993f46400fe3083767e4a9e96beb49ce5c762f6a4ec85,[646],[646],1,1,True,4.440892098500626e-16
4d695cd47aa8c3f7541240d632e0e897f36fa22779285382e3caf392f75052a0,[647],[647],1,1,True,3.552713678800501e-15
4b0c03fcdb66ab7587ffbe0b74a0bc9cf632bd17fc2dc91c4e0f2bda2d6f06f0,[648],[648],1,1,True,3.552713678800501e-15
f7e180939a51acf2a9377804607738937c0f76e87a5f26f71d80a4e95d72189a,[649],[649],1,1,True,3.552713678800501e-15
28e29094d7e16d180db9028e4068e64dab84ebd0c4d47e55f3376d9543c5d91b,[650],[650],1,1,True,8.881784197001252e-16
6444a9eecaf2f636ab905f37fb123b259b1c05a5c9d1e41329a40e51099a18f7,[651],[651],1,1,True,3.552713678800501e-15
92cbf25e1b077281a88ce31e5164bb67be235c742642605f4f263f31155887a2,[652],[652],1,1,True,0.0
b13408eef85dbca8853a77d75bb7a9243cfc6a372df2bd0ad2dcf1b9b0e2047e,[653],[653],1,1,True,3.552713678800501e-15
bec028bf3afbac8cdbde5004b66f7af5dbd8c633899edf0be587c4f21927823b,[654],[654],1,1,True,3.552713678800501e-15
bcc4e6a8ea779db672af0640752d86167296552c970eec31e63bfb3d6e62cde8,[655],[655],1,1,True,0.0
500eb6fd47d5065fb47e900b12dd61d49b0b678d97552324469f3b8d1365dc3a,[656],[656],1,1,True,3.552713678800501e-15
7f55b2a977a113d68b80ea2dfe7e9e91dd84e0c9fd282a9265a4313c243d9ab6,[657],[657],1,1,True,1.7763568394002505e-15
2aee5e0aeca843c0a6423a164bd34d53850d74d60f51d19a4014c469fd4ae7b8,[658],[658],1,1,True,1.7763568394002505e-15
7737b8c2dcf930842736dc2c697c8724e89eee1a220999aefccf8ec4f34a73bd,[659],[659],1,1,True,0.0
0747f1d81c1c754bf2f6169b5047b276986bc21c67779887bccbd6e2ae82d2eb,[660],[660],1,1,True,0.0
166d2742daa5a6af0ed13f2972efdbe589f40cc1ae6c5b410b259afd4a5aba59,[661],[661],1,1,True,3.552713678800501e-15
62cb8642e0042e17f4f92925bf7d41aeeea6db6b0419ab1117ea465cc965a730,[662],[662],1,1,True,3.552713678800501e-15
2b928ae45ef16281a2550ab89b9ebb38fd33a05e65fa8d6cedbc42363c3ad557,[663],[663],1,1,True,3.552713678800501e-15
721573c457d2de5c3237d0762eec3069fbeb387b939208cc3e544d1d93f1f1ad,[664],[664],1,1,True,5.551115123125783e-17
5fc9d6c852d871a688e315e8849781f1b0c1bececa8eeabf9b24d7e87833d395,[665],[665],1,1,True,8.881784197001252e-16
7e9a002dc98e0ab1f1acd52c1956d1147bfd58a832b7a7bef60a85010f024f7e,[666],[666],1,1,True,3.552713678800501e-15
e7f975633f719f2e8ceeb7075198225ac287d86d0d01d89255757304bf59ba5c,[667],[667],1,1,True,1.7763568394002505e-15
f7c67bc5109fa66ae4fc78f7f3b5f64981a4e3be8bef96ee4fe20a035187d984,[668],[668],1,1,True,0.0
f7ffb3714809d15c5d9cd6630402dc1959227830eff1c1e4669e5b4883869f7a,[669],[669],1,1,True,1.7763568394002505e-15
6401481f1f7f45c6542e8bb0ad99a6ddefb6d2ecdf654db739ea574728e55b3f,[670],[670],1,1,True,1.7763568394002505e-15
058496e35123d0649ece1c17b5686bb69f1787768484cdc2a31913e230750564,[671],[671],1,1,True,2.220446049250313e-16
1fb13a4810f8564bde163fac7d9557507739d818570c397a413d2269ab422cb7,[672],[672],1,1,True,0.0
4b2c8cde3cf400e8b4db976eaf52e88b837a3c65f08544059f582cbca3ae5b01,[673],[673],1,1,True,1.7763568394002505e-15
9f20aefeedd6e5a1e366ac2bdf74689848a05496fc85b9bbdc0aeb8e367d2810,[674],[674],1,1,True,0.0
3e892dd2c74bb5572d61cd3739aec63e700b7104eba57763815bad33ae9e490b,[675],[675],1,1,True,3.552713678800501e-15
f4ff4d03b682c12e4b3172438394c1f47aa0626157420fa67362e119b615ad1c,[676],[676],1,1,True,1.7763568394002505e-15
9e1f0ac5633a8663f20a17aa80107aa33f9de584ac8f5633dbfaa00e4e3f69ec,[677],[677],1,1,True,3.552713678800501e-15
71cce0b4dcad08c1a53bbd3e312d354d6dcfdbeefbfc215890b5cdd35c3bc1ae,[678],[678],1,1,True,0.0
a7e69fdcd574ed685ed810893da80bf32dba2ffb352128136a9883cec4fa50f0,[679],[679],1,1,True,8.881784197001252e-16
cc4823bcc5a8b6d48dae958a4d32ffdbba9f8bc36c70329e47cbdacc8284c561,[680],[680],1,1,True,3.552713678800501e-15
a8601225e27135337271017212ae4215ffe1bb469b14c6e290a3099aa7fd6f5c,[681],[681],1,1,True,0.0
72abf67234e296f9e4c11be0fda0101b9b321d977a7f191f22243bafd8384081,[682],[682],1,1,True,3.552713678800501e-15
99f946ea112aa15283ad1f8f994b020b4ef6b430fcffd6ec43e965f10d288be8,[683],[683],1,1,True,0.0
6b5daaee2d2a9e83f18285ff7b67d4d46416bc5160afd2c2f528433b007fe9a1,[684],[684],1,1,True,3.552713678800501e-15
d2179692159e58674dc08332f16d654167b6d8e9d69e9c42fc3f52cf194103e6,[685],[685],1,1,True,7.105427357601002e-15
7776abcf79c4f30cd6a923fd580123c12bd3a3cf72cd5ea69b6fbb153f1a07a9,[686],[686],1,1,True,1.7763568394002505e-15
01105ffa50ba722d23bcb86d7874bfd03bff2ff4b52700394d81df7cfcdecf85,[687],[687],1,1,True,3.552713678800501e-15
df7ddf04135dc5613180cccff71e3f15f1e8e977a08cf66aa9600f14c44a16ed,[688],[688],1,1,True,1.7763568394002505e-15
f3f655118f8b856dc4b60290d79f0080a4f30024fc4bf5b8ece1d60605df3df1,[689],[689],1,1,True,7.105427357601002e-15
824829c19af1bbc2afb8b832aa18338c6f214bfe90d6bbb077db2a27f2e34e1e,[690],[690],1,1,True,3.552713678800501e-15
25f090c07590a705fe79fdc8944dc87fc778e89fcdfe9779e78d9036a9cfa30b,[691],[691],1,1,True,3.552713678800501e-15
dbbc60e147039836c01414f1e1ad4f7ac35e581b752e9b58c65f77642cf035b3,[692],[692],1,1,True,0.0
f253fb57f22487fe2cd164ea1d0efc74d9535465d08cc9252edca9a1c3c61d7b,[693],[693],1,1,True,3.552713678800501e-15
894bb5d9068d4b55309b1f8a00d193148f323bfbb82359639283fb9bc4b01799,[694],[694],1,1,True,1.7763568394002505e-15
b125db6adbf139a286390b73dd82dd78b62af07815541211a5624b773f799851,[695],[695],1,1,True,0.0
0e3e2971ed63fbfb5987e3777964864be5dac43e32b6a17e54b57afa7b74d307,[696],[696],1,1,True,1.7763568394002505e-15
65f0db8bdff3764dabf0ec34c6d2e3d01d5faf44301d633e1decc35e8b59c351,[697],[697],1,1,True,7.105427357601002e-15
a02f9245ac2354b57ce71ef1b29e2406ec143d495179c0ba8dcd6db77ff9bbbb,[698],[698],1,1,True,3.552713678800501e-15
8482173587388531ffa437bf2e2f7e56b162d62d5a9b5473c37981b303a98d8a,[699],[699],1,1,True,0.0
48cef80d7871f1e878c75dfcd20e262d7ac412135c8c3c7625172da63a71644f,[700],[700],1,1,True,2.220446049250313e-16
fcd448d34f52c0263b6f294a85cb611f8f9a6a5fd4b781cf7036bb8258f123ef,[701],[701],1,1,True,1.7763568394002505e-15
c3cd68f892125c8233a2b9d8ec02130a763c0fe75e4cfaaf1bce11d6be28351c,[702],[702],1,1,True,0.0
ad51635d09ce4570220f069b6dfaaded4296d10adea41a31e91b994017125118,[703],[703],1,1,True,2.220446049250313e-16
33a93c7274f9736d45b2dbd6f190115c657284a0ce4b3c4ab46497c4501c042e,[704],[704],1,1,True,8.881784197001252e-16
c414e443449dd9994f52f52a465579decc159ebdd07e43b4e2d0110fda83b153,[705],[705],1,1,True,1.7763568394002505e-15
30b6d1f4cbf648d2bc74c388e390f9ea78a08714580a54b5c35d596cda829efc,[706],[706],1,1,True,3.552713678800501e-15
a2e515d8e1428d046d87774e548154fb630f956aa11a37b237a7d96b1e212865,[707],[707],1,1,True,1.7763568394002505e-15
00e3efe6e5eab6b3032d483a06d16b9f869ba8f8a99eda04aea9102a3d64e5c9,[708],[708],1,1,True,7.105427357601002e-15
151b7baee9592768aa14b3060d9e639e94d43f828db9908da7836ec163b2d508,[709],[709],1,1,True,3.552713678800501e-15
da249d83137f6f8e41523319fee08d754e6172dae5923d018aef5cd6aead20b7,[710],[710],1,1,True,0.0
cf30b826cfc77d0b6daf5c5cb02930284f269728b305be117911601b1d5e9fea,[711],[711],1,1,True,7.105427357601002e-15
983ea6e580f99dadca726d2f18ef49ec0884c986c8482cf67739de250f2a6d6c,[712],[712],1,1,True,3.552713678800501e-15
68be0a4b56d6437a3ddd7455e0d340e87a32257d03b647e467912b4515a6a551,[713],[713],1,1,True,4.440892098500626e-16
2804ca2457a913445e0535d77a30a987bb5d54ed9405795b8e21a0e3c75f111c,[714],[714],1,1,True,3.552713678800501e-15
969ab707230c93fc318e5b00a62dc28cc59915c9b8ea19ac3fc047ee94bf908d,[715],[715],1,1,True,4.440892098500626e-16
5edfae0e43fee44eae34dcde37c663d5fa3620cc81b0c3b798b6e67f4cf75a47,[716],[716],1,1,True,0.0
732be3def7f17de1933dc256bbd643c2e036c4fcbe515f03f89055e5b8b13774,[717],[717],1,1,True,3.552713678800501e-15
d8937aef4541b3a72d31fe869fc9dc58805cc742ddefbaf9068391ea7c87bcba,[718],[718],1,1,True,1.7763568394002505e-15
e1f2c2455ce249ccba85cd8b36273851786fb9eb1b9d3a3778788dae572553f9,[719],[719],1,1,True,7.105427357601002e-15
12ee0260936d538129c9b5c7912909fac3e95a384160660f5fe12dc6e642e343,[720],[720],1,1,True,1.7763568394002505e-15
321bfca7fcc2b52cb6d57dcc8a52fd8c5634d9e4a355f231591742df3ad9f719,[721],[721],1,1,True,4.440892098500626e-16
ed81610b868a36a4149ea79cad16b8e6feec837ef6629793ced2afef592d1510,[722],[722],1,1,True,2.220446049250313e-16
a9e158eef4779cd54d68d34943ad81f734f9be1b13c47bfe41bb5b9b1f7b5dbc,[723],[723],1,1,True,2.220446049250313e-16
a61c12ad9b09c590e200cd88bc04bad2bc9dde12b51cf1f2798fc2ffb2e6252c,[724],[724],1,1,True,0.0
392462b6db4021b7e515ffbc58c50878bee5672ec67d6f50fb5796893af54b30,[725],[725],1,1,True,0.0
273216e3babee62ea7b5de1b5566661d18c16fcf489df437fd36f317d20f5f7e,[726],[726],1,1,True,0.0
eea69a4cb90389ffd251e17c8796291ef5a4958ff8d8f0d38dbe79edf8d3961e,[727],[727],1,1,True,1.7763568394002505e-15
4aa1795e3261824934b35936b76ce99ec8ca0ebbd12d7b8219fc61da55c96b38,[728],[728],1,1,True,0.0
48ecbb4e3a9ee5b2fcdae200da79744e37610bdd9480478364f483a05bac051b,[729],[729],1,1,True,8.881784197001252e-16
0b4781c7b7fcec7cabf538bc8f11d01549e9646b5ab0be0c5a6ef88333084df8,[730],[730],1,1,True,0.0
8838a4f99b78e103757b4950de405deeea2d1ee11d3d7a3e3c8ee110adfefbbd,[731],[731],1,1,True,0.0
0c29c67ccd79d26543a555fe1f0811a5a361078a9b7bd90616927ae5e8253865,[732],[732],1,1,True,0.0
8c7aa4f781c3e2516b048fdc4827c2455bc806c5ea04180264481f71fa047ee7,[733],[733],1,1,True,0.0
179a6a69cce4267497663da34c70d21d6749d161a599e236f4e634f25327cadb,[734],[734],1,1,True,3.552713678800501e-15
58e4f56ae1e062cc71dcdcb37146a5bba9f6f5c42498437de5bd7a25b9c334fa,[735],[735],1,1,True,7.105427357601002e-15
37d918cdf1c3ca8bdfb3d64feac68c7cf48b169ec95f5a3f8830b7c287648944,[736],[736],1,1,True,7.105427357601002e-15
12ce775c4b4d982dc2f7574ce7ab07d06bdb76c97d920c8a3d4ebbca33f9f558,[737],[737],1,1,True,3.552713678800501e-15
93b93ea337a05636f25df4ebf0be78bf99821c0a79f994d02487316a22a4a1b3,[738],[738],1,1,True,0.0
be8bc4ffca13452a723bcf96c6197a2285d8edcb31088adb8ef6ace1cb62017c,[739],[739],1,1,True,1.7763568394002505e-15
92badea93e59b64e88d30d690b108b44a3cec6fa802fb16e95d9932b8691db95,[740],[740],1,1,True,8.881784197001252e-16
5285bcd7102817ce48f276a4f3959c901217f00e0de7f29b167f2be1c993f253,[741],[741],1,1,True,8.881784197001252e-16
9fbd17d1e296dcde8b5fa5bbb91f278d61bd2271324ff64f938a85e245d56b81,[742],[742],1,1,True,3.552713678800501e-15
f4b10a37795eef15197e7259d1c4f4b158367aa19b39cc13cbe632f4790101ef,[743],[743],1,1,True,7.105427357601002e-15
ee533dd66869c1ddec46460745b3488a77f93b2cc4e65ec3b1acc397a7aa145b,[744],[744],1,1,True,7.105427357601002e-15
cf59fe925ff39a740350627db0c8a431827dcdab1da0afefe4e12647995973f9,[745],[745],1,1,True,1.7763568394002505e-15
7bcbe029944ccdc23416a7fe1eaed5b87ca780420ad67521e66be539c728d0d7,[746],[746],1,1,True,8.881784197001252e-16
58da188c5365a7d9a8d50e712e490993217b9a91e0e887d0c37bbf802e4ac950,[747],[747],1,1,True,0.0
bbf954d778c205c77c53f6fc0acc83078dc7f859030df8decb8130ef615c0e15,[748],[748],1,1,True,1.7763568394002505e-15
8cc10baca91d23d23398a662987dabea92832b62197fc01ca5779ba11d856a2d,[749],[749],1,1,True,3.552713678800501e-15
2b7fcd037f69b694b56832f4462a4838bff7711ac7d6ecbd9efd603033376d4e,[750],[750],1,1,True,0.0
3d06d1cac1148108585bb0c844f831837097a2eda1979faf05ea0f3a747599b4,[751],[751],1,1,True,0.0
d8f7de67eab6f986cfa5f8043cfc51b83f3bb2333170f9002cf428526d1a4107,[752],[752],1,1,True,0.0
680f4bad5ed3d5130997a5f61250ec44f38ee33dd2a02ee23132c2a920a9dbc0,[753],[753],1,1,True,3.552713678800501e-15
a74254453c313356907a28cae2dfcc10fd6f59aad93df37335ffdd81559a1549,[754],[754],1,1,True,0.0
741211f8c466bea5eb00387f5b24a648b44115052d179a8c8f18ea21cbcf2162,[755],[755],1,1,True,5.551115123125783e-17
5d76570378b7781b2ea1bf3c5d4686c2eb9400b69e7a8d4cdd152368decd1bc7,[756],[756],1,1,True,0.0
21342186063f8e66185b76da49e9c123b9b5ff8aa2b12e79bad2c06fd0f73392,[757],[757],1,1,True,4.440892098500626e-16
925f3ec664d94485d8fb54bfce46cbe6948fa696809c1e8ad7ad97ba6ed6f29f,[758],[758],1,1,True,8.881784197001252e-16
469f72a7a297c4e2b578a4c9e904fbc479149b03ef110f40f988002b47e08c26,[759],[759],1,1,True,0.0
b8f86cd493e89e6ae3a240a02be9015cdeeea0cfd1df475f9dac816b062171b2,[760],[760],1,1,True,8.881784197001252e-16
ccf1c012042edd1424589f1e1a77e3f26edf761bb8e1781d4d1925aee8000a0d,[761],[761],1,1,True,0.0
da78fd6b6074c77b05b32a0585cd79fa46d0fb74c8da2301e13d6bbb73e5d23e,[762],[762],1,1,True,3.552713678800501e-15
63b895a1ec071c9b87e948a3e65ac48981cd3520a10fd238901e8c62adbba521,[763],[763],1,1,True,0.0
077a3872f68beacec69bc9eef635a6ee030994047dcb0286114aeee68c0feba7,[764],[764],1,1,True,8.881784197001252e-16
f059ab6015a29879e43d55d7c7fd06da6c0784f36019d2b1799b2459b910a8c2,[765],[765],1,1,True,8.881784197001252e-16
2140c9d7c22416d0fe93e495d7346fe6cff39173f94f5b6a664fd6abbee66fa3,[766],[766],1,1,True,4.440892098500626e-16
e53bf5da1fef7743d201b8485807e080d0bbc95c2908360b0a9f1d40026f87fc,[767],[767],1,1,True,0.0
cc2675ffa7154b93b4327739e010223e3e2965e8b286b69cf50cdf8bd8ef7b3d,[768],[768],1,1,True,0.0
44bec9c18506aaf3b98a7dca5e95f3f0be7a94175774ce3b5664b0f6b39c63ee,[769],[769],1,1,True,2.220446049250313e-16
01cbec59ea9dcfa0844e93e7c5d463f685ca3d9821c106430ef7f79f2ab69e62,[770],[770],1,1,True,4.440892098500626e-16
3fe0ebd92f2b364331f022b4a2861733e7b3b8f62a7f32002e01a8bfc6933e76,[771],[771],1,1,True,3.552713678800501e-15
d05764528b3297d59cbb00e2709f38f93a17e1fe1d1ac17b6debda598f99be66,[772],[772],1,1,True,0.0
22c16a366cd5e6315ed11a99992d474cf849816f30cd6ee639c6bb278f59828f,[773],[773],1,1,True,0.0
bd01525e477a33c51e055a09320662e541376d58e13916556bee98534a6f51b7,[774],[774],1,1,True,3.552713678800501e-15
ae5e7e28fa8dc038fe7dc7ebe619f021c38355c31c2b34af0d5594167eafef93,[775],[775],1,1,True,8.881784197001252e-16
dc35c5ffebd716e69b6f1308dce64f1cdfbb764dff97d9eaa6cee81a71c12d29,[776],[776],1,1,True,2.220446049250313e-16
d171a5c7f00d6066da990eb76bce3f2cb49998a0bc561108123801345529d2cf,[777],[777],1,1,True,0.0
d6c609a2c4784efb2c8efa29b09d6fb12dcfc4ff42b0eec75413668a13ecaaf9,[778],[778],1,1,True,4.440892098500626e-16
1030dd91551db52269270107584334943c7ef85f438c7a299399cfd09cedaacb,[779],[779],1,1,True,4.440892098500626e-16
abe8ff48dfecaa68181194d56a2fc4ef5953389b3b226e0c55ddf000258dffde,[780],[780],1,1,True,0.0
cce320b4b6404b65de92b0501d11a9dafb98d90745329f214d7253f41123a5c0,[781],[781],1,1,True,3.552713678800501e-15
b2342c3344b2ead8936769d6912d6158b14ca0fdbfeba4698e29a84c290e7249,[782],[782],1,1,True,0.0
552b8b25949946a3c42d438d20b45ed8d38a0cc6101642640036f089515fdfd4,[783],[783],1,1,True,0.0
a69996a3c7ae021a9aff8a2107131f393697b310bee71a34155a80c730ef3cf0,[784],[784],1,1,True,0.0
90f2273eadd6f69265c1c48a2496e8a8b8b5ed11a1002988e5f3ef930f07ae94,[785],[785],1,1,True,3.552713678800501e-15
ea31542f154c4782c7352ca1c27e55689fd990c65f085d298098780f7139546a,[786],[786],1,1,True,0.0
0656f2a98641bda80de710ea2e6da02a14ceb64bc045b0746b150cb2fb8c1f63,[787],[787],1,1,True,4.440892098500626e-16
42d450231fd0ae8d65d959fb5d0004b3c86866ae65e55a2ac0557b237fd6a14c,[788],[788],1,1,True,0.0
736dccd1d1b4bb8d70ebbe51e361fb42ada8df03b2213025f2d5e9cc460fea5d,[789],[789],1,1,True,3.552713678800501e-15
798abe42ba5ae4c123eea3c17159fb915776b2fb4553c045b6eec215d112bc7c,[790],[790],1,1,True,3.552713678800501e-15
bac7ef6719eb5e59c4dc2f6e7570f21be7189514a0c4344d88accf89288a70d0,[791],[791],1,1,True,3.552713678800501e-15
95b86c7086fa88c3cc5318412afc902e9b79034af169d9a0c0f2196e319f84fc,[792],[792],1,1,True,0.0
e1d964ff469806edb1dd0a3b4c8c305f4a765bd4d73557ea3e7f8f28939505cb,[793],[793],1,1,True,3.552713678800501e-15
0256d46a7ce94c69fe8c307373516623504f4b499c48c88550f5ce410eb3f6a7,[794],[794],1,1,True,3.552713678800501e-15
fc9166c234a07d84d2b2d6b0eec54299a943b1c6622a457d1174765e2521b677,[795],[795],1,1,True,0.0
c7036ce6ccd6aa15a06b23cd10ce49af33d7dc333e4188634772a990a639a8e6,[796],[796],1,1,True,8.881784197001252e-16
d834a6d71fa88944c410fd47660a987820c296934f87b68d93d19b955768321b,[797],[797],1,1,True,0.0
ef8f0f4927dd2d50a8cf0cc38d8812414753f1d74326eed0f95a9c3bc5f9de90,[798],[798],1,1,True,8.881784197001252e-16
24f312dee7718e90ccba8448c281074e4c56ecf5e5f1d72b4994b5b1772afd54,[799],[799],1,1,True,0.0
5dc81797375028a5d495f67902f0c292ab5b7e1abeabc690d6e67076dabf3df3,[800],[800],1,1,True,0.0
26c1c94dbeea2701b87e2bfd6cbbfdece8433a239d67dd083c83981e5b188627,[801],[801],1,1,True,0.0
67ea8b7f88981144acd9fffaf4bd2ddd7e61ebc6a75fc9aff5f16f690ba4ec70,[802],[802],1,1,True,0.0
960929b9ddc1630939ec8972a94cf7201aeb077d4f97beb7fcf6b92e54213b55,[803],[803],1,1,True,3.552713678800501e-15
c2960b3e4928872ca55b89b69d11d686adccaec6c3a5880133fe7ca351e2c563,[804],[804],1,1,True,0.0
b684ce66a408f56012e41404e5d5da6aaca318fb85c7adfee3a7a58e4ed9b313,[805],[805],1,1,True,0.0
984a3d3e07228b2e4b04776b4910dab9dfe567f505dd5e33dd6c24fcf804f230,[806],[806],1,1,True,3.552713678800501e-15
36bef5da530627af77d2fc67d81b0719675bbdb1deff3742a1c98cecdc183e2f,[807],[807],1,1,True,4.440892098500626e-16
f2f115bdafde61702db616b093fdad7fb30631da3ce9cc1d8f89c45123f4a2a4,[808],[808],1,1,True,0.0
6236dcb203d3dbd74d6cab56c6f62e851ecf0e199cd422df9064b57a5a0fd9ba,[809],[809],1,1,True,0.0
fa5b4f03e5a445517df65f645157f349e81418d9c4cc153b170c52d53fefc41b,[810],[810],1,1,True,0.0
c4b34f965faca8a5c7741f3465d8cbd083af1c30637b6328fee206b66bcc7fdf,[811],[811],1,1,True,3.552713678800501e-15
1ad3c3bde7375522f72572afdc852b72be8dc908e395575754c21f8e73c89c17,[812],[812],1,1,True,0.0
27ee6be6cc9ac4ca435f78a5d70556007c2bc34bd0831059734515f3b4d17aaa,[813],[813],1,1,True,8.881784197001252e-16
75168da5c5afe5d66d175ebe2d3ed9b3202edbaee114b63db41e5f4b914b0907,[814],[814],1,1,True,0.0
327fcbf71f413117f0f08c3d7f641243256e93cd9f3378cda62ef0f50276cfad,[815],[815],1,1,True,3.552713678800501e-15
2afd32ad2d582a40a58b81241188b2605beaacee4f9741455c052daf00ac9bd4,[816],[816],1,1,True,8.881784197001252e-16
d2660368d5d9ba16a4a54d1d1614ad7b8639cb4a53b46c020d6c80ea86437ee6,[817],[817],1,1,True,8.881784197001252e-16
208361781b43f67bf2813223ae26e317ead5cc88085757be25c20e7eabfa6b9d,[818],[818],1,1,True,4.440892098500626e-16
76b2b3b215fd82aace8935e3e2cb626105dfb36b83361318c9b16213ffea50c6,[819],[819],1,1,True,0.0
484291d971426bca3b6bb8c18f8669704ea9bdd9defd4bc5ab5d57c66bb90808,[820],[820],1,1,True,8.881784197001252e-16
a9c6b7a734b360abb77fb89182fcb00f4bbc629bbec4eb8506a82504c0efe722,[821],[821],1,1,True,0.0
ac3456185d38040a4520ddd3e09ffeac1d18047b916ae98140fa8cfe7abe18fa,[822],[822],1,1,True,0.0
6a189d9d0ba65c248ce696adfc9166230d3fac7cba39d03987cf8b508e41d40f,[823],[823],1,1,True,4.440892098500626e-16
2456d8816a96e924bf9eadc53ef0db4810346226ef924a20a8600bd36a756c87,[824],[824],1,1,True,0.0
bbbf01cbef0eaba85b7af4dc172f83aed602c35a3fcf87112d00f9a42c85e811,[825],[825],1,1,True,3.552713678800501e-15
09bad4d0e991987d4d6892018b5c1454b9c13fb56dd5475c389f85e72dcb0b29,[826],[826],1,1,True,4.440892098500626e-16
bb512a24b28f374105efd3c86fc8936235a3cfe4be73f00cfd58e7caa0a13503,[827],[827],1,1,True,3.552713678800501e-15
1dc055204ec22c517a764c7a2582d23ad0e557b3fb7e6f51e3960debb7cff5f8,[828],[828],1,1,True,3.552713678800501e-15
b298f79fcd362e194c3b3528868b6cb0152f184837a1ed0176ce81732cf5d59d,[829],[829],1,1,True,3.552713678800501e-15
4d1fa720342bcca2e0447a69c8c230303253e5480b267754880a435111b40c8a,[830],[830],1,1,True,3.552713678800501e-15
c72b361a5a07a4dd361793fcfab56a698aa4bf05a18afecc9eabdb43c6d8c79c,[831],[831],1,1,True,0.0
5c219a448586917854eab3800b5ee68e3a898aea90668a3095c6181f49a3a04a,[832],[832],1,1,True,3.552713678800501e-15
f7877c1dd060ba0efa075ac78c20c9ee794364ec2eca03c655d5c4bc757732c7,[833],[833],1,1,True,3.552713678800501e-15
96f0bf2b2ee8429d73f68a10a28948ce3db0e3996966b4e89cd088ebaa1b8ecf,[834],[834],1,1,True,4.440892098500626e-16
9baee401061f99b3e510a64f2b989a8f1414b060ae9cadc786cd95e688f86154,[835],[835],1,1,True,3.552713678800501e-15
1a3001141cde4c7704c2d40889fa6177709879741aed350b729ca6168003029b,[836],[836],1,1,True,0.0
0bf4e8466692b6b18b03df51d4d4840bd309d0cf978303ada3df408a45f41c19,[837],[837],1,1,True,2.220446049250313e-16
eade6c4faaa1c4abf203c360ad6254018cd4d0734110b2ee1d327520f3ee3d48,[838],[838],1,1,True,0.0
5301856f48061ab74d40499caccf1ae4a768bba8a4388a7086d0c283d8d4bafc,[839],[839],1,1,True,3.552713678800501e-15
d57965952492906f67fb9009c363721fcbd9fc406dac372cf6d700ddeb423d1b,[840],[840],1,1,True,8.881784197001252e-16
8eccd9114f0d9baf04165a0d3ea00b8b2e2f4a34c1f5190117c5e0882b68cfa9,[841],[841],1,1,True,0.0
97250e23a584d874279a7a4adb7638d8f978edf124d1de8605ecc5bdd5f0a625,[842],[842],1,1,True,2.220446049250313e-16
0f210a36e477b7806f313dbbae8959ff3e76586628d1e3fe4fc4ca41dc0ec773,[843],[843],1,1,True,0.0
27aa173a4469ec61f333d1c68b8b88441d8a9c21c0d93b98bfe0036607ccbbf7,[844],[844],1,1,True,3.552713678800501e-15
7547669a8f143adffb297cd9a39b38d9a903a4f23c521e5b1b18eda307c29dd0,[845],[845],1,1,True,0.0
3e434e0cb11bfbf96dcf0c11d8a11131cd577f5a6100ae2be243f21e58129d42,[846],[846],1,1,True,8.881784197001252e-16
6a1c59b47b869e1baafec999d39edafd60edd114455346b1962bc9b599555d08,[847],[847],1,1,True,3.552713678800501e-15
ea6217f47abc83a5958f66de949b3b8d165d20b83190d2a0a4034a3ea2f431dc,[848],[848],1,1,True,4.440892098500626e-16
76ac117f256d708d23c08570be8d5c64fd262e1db16177c1d709eafe02d43fbe,[849],[849],1,1,True,3.552713678800501e-15
0cd182cb8aacecfe4b282570559061b4361dea7591a681432c25f98d66f32aec,[850],[850],1,1,True,0.0
03628221361052c42154e9bf03f2eaa9dda5dffdea56b78493599497594f2acd,[851],[851],1,1,True,4.440892098500626e-16
06a600fda891bea177e18197d47b77a7b8cd5ab986002749ab22a6d447516642,[852],[852],1,1,True,2.220446049250313e-16
d77e41668972756cb5c710856b0d5e5500a7671d90f02cd13bf9453b24783a5f,[853],[853],1,1,True,4.440892098500626e-16
f39ca25cad32b1a36902c1fc51e36dd84363826a76f4395701edcb9af78200f6,[854],[854],1,1,True,4.440892098500626e-16
b891efb52fec8d1cadeabd0d22c8bf1bc01436e522f54d6f4729dc60b8c5bad5,[855],[855],1,1,True,3.552713678800501e-15
ca677925036974f41fafb0553e6b61fc0a6ac5e15d3ad5790b4374ddbaf8dcb0,[856],[856],1,1,True,8.881784197001252e-16
cef71d1192dc509633880a4cd73f20f4db36f1dc68fa6ead3f31496e1f14c02c,[857],[857],1,1,True,0.0
acd033892d95d81c68faf17b4bdecf19cfc9a521a672724574f26be51a4f7a37,[858],[858],1,1,True,0.0
9c7eefee04622f0a90b947b3911e73dc22f000b5f40626c7f576bc14a6d49464,[859],[859],1,1,True,0.0
62e978da4c5f807f86b1af4beb72907d3cf9918b28547dcbecc4a838cc7f2785,[860],[860],1,1,True,0.0
7aa52d2ce8f5ccb8e4a505e17211e727b8bf9c5369a5953a694737758aab2ff9,[861],[861],1,1,True,0.0
3bcb5c0ec6fb73586ab72ac3598503f75eb231daac8c3656cce04542eb15930f,[862],[862],1,1,True,3.552713678800501e-15
c613289787e9de8c91f9e3f9dac2877f70d48749f6667e84351fa2e954928588,[863],[863],1,1,True,0.0
eb84631fd5fcf9db72897031da0d616893c8ccb260c1216fad078aaa2331d114,[864],[864],1,1,True,3.552713678800501e-15
a97cd1965b1de7e0e1305632227bc6da35cde17d30c260327bb55bc558381aa7,[865],[865],1,1,True,3.552713678800501e-15
354f1a8a36a7ce4556f8d94a65c33d759a3199e687f90a08326076e7ac76ee81,[866],[866],1,1,True,0.0
759296197232d23de24ebb2a5531ebdb3e8c1b922acf57648699243519224370,[867],[867],1,1,True,3.552713678800501e-15
3a95f61361520bb65d314b97e56b3476abe7f1f32bb78b0792d9442ab8887eac,[868],[868],1,1,True,3.552713678800501e-15
836b7bb282a8009bce48c8d4972982f1ac9b2e6f269f0b949d64997664b9f30a,[869],[869],1,1,True,0.0
b6edcb752056438557cfd55889dbe7ed27045af5c7d7fc80981da4158608bfb2,[870],[870],1,1,True,2.220446049250313e-16
c9c0eba6354618f84b497f34a1bb7f4b0a430f9495088555af395ba17f64147a,[871],[871],1,1,True,4.440892098500626e-16
6aaa6998c098e629ad931c028380707f26568cf94c2b731dc4a78319869981d2,[872],[872],1,1,True,3.552713678800501e-15
42101b0e4c132eadce97214a61911858e2314e68d9c9b7bf7beb61bdb881836a,[873],[873],1,1,True,0.0
0d44152ec20500ea24c67f5be7457382223c4712e2a6b8934a2a56fc6ca8705f,[874],[874],1,1,True,3.552713678800501e-15
7c1cdf746362bdebc13b9fe6fbc9358ef80b260fa8aa38bab3214e4b18842693,[875],[875],1,1,True,0.0
78e3a2c5423c99bb5c23c5ec0c08fb629df7513e0116e988fcbdc15000863dd6,[876],[876],1,1,True,0.0
2dca137da08ceb0fe2915cd13ef0ff4521deea21071c4fbe62efe94a8d39959a,[877],[877],1,1,True,0.0
cc839addbe8ab75237c9801450f52906fff65ec5a84b70dc1b46701a583d254a,[878],[878],1,1,True,0.0
9fdc38757a86ff07a18a182115637715a8e0c302199122e0139b946bde607bd9,[879],[879],1,1,True,0.0
56257ccc2f5b78e4b34c55207aa6c78fcd205d0d07a02a4ebc2df1dbd4b04e08,[880],[880],1,1,True,5.551115123125783e-17
5a5b290d7a6e8d9e033984c75ec3c324368862b386611be59057bde0a3c5358f,[881],[881],1,1,True,0.0
03b688fb2e5f293fda07d228e8dece64e5ffe33d01437a89180054f0f0114831,[882],[882],1,1,True,0.0
a80fca8fd2845e27ca05c40745f3b001c195edb651e146bfd97c7db6b1541e74,[883],[883],1,1,True,4.440892098500626e-16
242da90be6495083a5c51a8bf7d3872d2abcc7b9629e18f53595c1ba64911330,[884],[884],1,1,True,5.551115123125783e-17
a59530f28e66c78175fd74db918524a370d9abe9f1f72464141efbdd60b0fb49,[885],[885],1,1,True,3.552713678800501e-15
58012d1cf70cb372a0941fdece92b26b584f9ac519fed2eb66aa02bd97117c34,[886],[886],1,1,True,4.440892098500626e-16
48453cc88151ca44c571b3853e39c300bd3663de5a7adbf504f534b13f9742a7,[887],[887],1,1,True,0.0
5adf85b153ddf6e9ab94c0a8e621bf39c827579b5f2b11c48511f4ccac96257d,[888],[888],1,1,True,0.0
96fc7ecbb810d616b9df4091b345b0f9e6fb56ecfe1a9227137f35c33300263e,[889],[889],1,1,True,0.0
0b8f90074e853a76a6047f435917b150de4a1a9f726700c94bb69490a6755dbd,[890],[890],1,1,True,4.440892098500626e-16
3780945c33e3af514c67e2329e77dcbe2ba801061198652eb0be66fc7e12e0f1,[891],[891],1,1,True,0.0
2c59764965ebb9012d78148b722aa65467a60d3bcc38931248e51884370f33f6,[892],[892],1,1,True,2.220446049250313e-16
6da28d560b21cb6b4f3c124abbcba36992feac65dbba7f381d12cc4b9474130c,[893],[893],1,1,True,8.881784197001252e-16
e7abc3de4a00fd508baaaae7f916265b82ea560c1ab8c19ad1713504543cca93,[894],[894],1,1,True,3.552713678800501e-15
ed4901edc7c0ecdc838bb69c9fff5985764b71a36fc79574d696ea547bff4626,[895],[895],1,1,True,3.552713678800501e-15
d77d01b1ae4fbc85a7a6df27ff56eae75f9984d3568e1838e434db1c026fdd14,[896],[896],1,1,True,2.220446049250313e-16
94c792d22ba53aab96786b0ac21e330daa38c28b5d2483875d1ea1662670c6d1,[897],[897],1,1,True,8.881784197001252e-16
2a806e3552d32abb588677cbd85baff922aa9f9eb2ea18cfc8ad4b35171663a6,[898],[898],1,1,True,2.220446049250313e-16
ea079d20b7ecbb483de233d7819552666db0e6ce7db6fb9aa72fb90fb88f0a4d,[899],[899],1,1,True,4.440892098500626e-16
5e7811a7cbc6f060655677336c7eaad6315f6f2903b2ad81e835e0706ca525ad,[900],[900],1,1,True,3.552713678800501e-15
51462e93586d089a8f686a1b9df3365c15cbc9463cff84ba4024633eebac548d,[901],[901],1,1,True,4.440892098500626e-16
6cfb724c97523d61063755a128521598f7c242d685bc90a8263a1437488ec16d,[902],[902],1,1,True,3.552713678800501e-15
db76e15ff9824827cf3a30f7163a32927273600bf4887bb483d146fe19d871e3,[903],[903],1,1,True,0.0
4e4cf4ce61d1559b60277769bc5299567517d0b4ece192e13a1e292db83f02f4,[904],[904],1,1,True,0.0
75da8548721ec11c6effbf1928e9dff6cbd51544222d9483b6adca624521f197,[905],[905],1,1,True,0.0
e1ec7c70fa3eb08a608edf47ea7af591b802d0da9d8a3e22f70475096a613520,[906],[906],1,1,True,3.552713678800501e-15
6221de9f0f0587ea4992312c8e3e4313e5d1d8bf1eddacec3c5212cd474ea5d1,[907],[907],1,1,True,4.440892098500626e-16
ce5b443fbe5c87a25a6d0db1c937c8cacce2740c40a6502a7c709e122bb36e9b,[908],[908],1,1,True,0.0
a537a91b8eec30ff0178ee2c7c21de1773ab66f4b9eafaa0587e7eaf0064ca95,[909],[909],1,1,True,3.552713678800501e-15
74af7ea3d24b8ba6f2dcaad3a2642af10f5a616bbf32ea989a89bbf1e25d021b,[910],[910],1,1,True,3.552713678800501e-15
1fbd7d8ca96c47e77a694e5d7c3914d0f6a3a6715b5a2a156033c537ed3d0633,[911],[911],1,1,True,3.552713678800501e-15
a89a6768ded625e5cefb5a7fa6b8b861e1a36651cb98a288cc0a1751600e225d,[912],[912],1,1,True,0.0
5fdd25847eb9a3a745cd9835fc2e4b19b729a3bbfb0347e199e10bc37ac4cc2b,[913],[913],1,1,True,3.552713678800501e-15
c6d3dd11fb8cc2de8c3d6c255e2ecdc03e740d18c04d2260372ddddef7904ab1,[914],[914],1,1,True,0.0
5c1297920d878c0b31930c08152d3e9bd130152c8870e48e4def848a8205fa35,[915],[915],1,1,True,0.0
e10f89db5c66a9a45107c74fd9635066f0a2c749be64b2d8a8f93b03a88dec3e,[916],[916],1,1,True,3.552713678800501e-15
104eb40cae89d84fcc84fd7aa1c6a53563064e4530cea3510307d2cec113d789,[917],[917],1,1,True,0.0
d4f5674d36b26e19ed18095673eee3bcbec5ac5fd6f71c08e5b522ce01759452,[918],[918],1,1,True,0.0
4bcb6b5889c8321fc5a7f7c744c0c2dd7ad4d413aa3868c2730c33bcb025dee1,[919],[919],1,1,True,0.0
cd28201df6f4791d4465695a5bde92ecfc69f3365c68f56416bdbdf598d85ede,[920],[920],1,1,True,0.0
d0793cf43eb2ca7b857a7baf4ef223c718230f83afdffaa8bfd17bc3463a51ec,[921],[921],1,1,True,0.0
4150741234a61a499ff58b966e7963d0c5909543b84d0a25e47dd4ff44941a64,[922],[922],1,1,True,0.0
c509466f9452239df0a67306da8c18753e618c89c08f84659b6fa59925e748ec,[923],[923],1,1,True,0.0
e79547ff7cb8498bf114a85970f7fa41c1008b17e90fd75f6de40fb55f536547,[924],[924],1,1,True,4.440892098500626e-16
693738e0f91305f7656afa5bccf53a17793d7979319ff1d2329b6418713993e3,[925],[925],1,1,True,0.0
a42f73b98fe8f44fd89ddeadb552c0b950d22fd1560389c85b7f0c04d7fcb1c2,[926],[926],1,1,True,3.552713678800501e-15
080b9da389efd76741a577308a10555a9c39598824eabca7871190ec85dcc998,[927],[927],1,1,True,0.0
b66cc5bdd3b4d235a70db846678ef01e4ba0c5fa3980130eed39288ce3ca7882,[928],[928],1,1,True,8.881784197001252e-16
e8085c715ef8ea2253758682f5d7d76aa9729d9a0ce4428b93c2e56e3a28b8bd,[929],[929],1,1,True,3.552713678800501e-15
70bc68019c491521d65b56e3e42887e5a5402a66705c1e30498409a452c7294a,[930],[930],1,1,True,3.552713678800501e-15
20cc48e182cde5462718d5212d131dc4157d6f4b08cd314a130c16dd2925d3e4,[931],[931],1,1,True,0.0
4e26e1dfc154ccfca78d9eb217b374892f7c3113e1406ac01a3cf1030cdbe487,[932],[932],1,1,True,0.0
325e1640f9aafe0eba2fdd9ef2f1c57bd529fb76589eef75f6f806da781b48e6,[933],[933],1,1,True,3.552713678800501e-15
b2202b176f75ea8a001feff312e6508ed7a5a78c7917e6b701219aff72d8bf74,[934],[934],1,1,True,0.0
fa39911a38333b3b417fbaea4b5dafdc202d2320c2a3484cd605c27360b7d8e5,[935],[935],1,1,True,3.552713678800501e-15
aa0ba6b935de896b737848a80d7187a2c971e8c8f918cd5df9009426fa0fa0c4,[936],[936],1,1,True,0.0
8fe346a04eeabaa8e9973b43f6ae27dfe6b6ab63a553f624531e9b8bcaba9cca,[937],[937],1,1,True,3.552713678800501e-15
b7b00654a334569f33289e700808ce54af7fbb067334121403e2765b429363b6,[938],[938],1,1,True,0.0
543272d85b13f707f52b589b39574db61d0f33700535b74a02cd03a4f481d499,[939],[939],1,1,True,1.7763568394002505e-15
198b3f05c910924f8c2241a350b930d657d8bb920cb758079fc320a42b068987,[940],[940],1,1,True,2.7755575615628914e-17
de5a334e4c0da2bd818d41eff179f862a45df564955c57a476f46f3ffa5e56e3,[941],[941],1,1,True,2.220446049250313e-16
1fd7605a0e6c7b081c5d0a8b0d56960e69aeb705be7ed7604b4fcb5e010d8b44,[942],[942],1,1,True,4.440892098500626e-16
135a52bfe85ef323b018615a467cc8c40a50d4caec15d69818c4f00bd049c202,[943],[943],1,1,True,4.440892098500626e-16
cc02273d0739d147f62bf0b99a487928820ac9927bed763b45eaa9dff8b0b9a5,[944],[944],1,1,True,3.552713678800501e-15
a01134bb929dfc5f57f7ac5a18bfb5bd4941db5796aeed6edbb98c4f9eeb4ca1,[945],[945],1,1,True,2.220446049250313e-16
83b3ed658457e1b3c9a17a61a27afb92a0a8af0774b5051f830da985ae4782bc,[946],[946],1,1,True,7.105427357601002e-15
2ab0e30ea12c605302e3262c8df69d9f7705dc0e8981ff7bebe0a489d5f5a732,[947],[947],1,1,True,7.105427357601002e-15
c324f0b225855492f960d24745d9afbb0929b7cae97029f53db5cc7f2dcf6b81,[948],[948],1,1,True,0.0
5893111a740f7cc90a8f598d3bd5b49538720e5a0caf5404872be2915cca6e74,[949],[949],1,1,True,7.105427357601002e-15
e83fe6ebc560377783414c47e82d3d03531d748437578ce60a8a2c8efe6ffe77,[950],[950],1,1,True,0.0
96c34a52e90a77fcd4d9d55549fabfd5709b296374410dd1110fe5120cd188bc,[951],[951],1,1,True,0.0
1e4c3aea19d7ea54dbee7102a73c24fa7daf802365ebd41cf8af2fd0d558dde5,[952],[952],1,1,True,7.105427357601002e-15
9d24aec20391decaf9c9cd07a9c72a603b73807eb5464a20252db4f8b55563a2,[953],[953],1,1,True,7.105427357601002e-15
58897610ca413ae7fe1215668f3bf395889a12de0c1a80971e8f580e629c9a2d,[954],[954],1,1,True,0.0
993b9154525400069741e804ada49c383b721e5f0e59b9390237f6fbf81deab8,[955],[955],1,1,True,2.220446049250313e-16
0d58c145635ad818b9bfddf86aa08e14ff3ea1009fa43d2850ae3510122594a1,[956],[956],1,1,True,3.552713678800501e-15
da2f96cec4fbb74e17dec7ac0a10e3954bdf9296b2398bf48564febf3fa9c2cb,[957],[957],1,1,True,0.0
dfa0e874d7f206e6abaf309fec53e0f0d08df265b43d4bc78d6262544e7730b8,[958],[958],1,1,True,0.0
db50e9e5e894055184d1798a9cf7dcafe3cf2b84ab18aae9ae7579d83f460851,[959],[959],1,1,True,8.881784197001252e-16
28d1c78447ae0003fab993fc494ab2a39f0a8c1e06ae1d228c07cc2d60c76dcc,[960],[960],1,1,True,1.7763568394002505e-15
c0213a000a2a1ca52f3100ef11951b07ebdfb78c634ca4b91a59589c06d8f9ac,[961],[961],1,1,True,1.7763568394002505e-15
f23b96ee10fbc892a1460d35755ab7af3c089e7706184f238f73a4e5846dbe6d,[962],[962],1,1,True,4.440892098500626e-16
504977e1a68cfed082e93c2397c7c89746b65bdb593095e44286c969511967df,[963],[963],1,1,True,0.0
6423df2e4e6d3691064cd5c37edf33b1330dcd482b60ca706e564d0381b72bc4,[964],[964],1,1,True,3.552713678800501e-15
601e9f0a4c6ff4529a73bf78306510b450f47f5fd515f322aa7a1eea91538ada,[965],[965],1,1,True,1.7763568394002505e-15
bee4805a2504f6fb0eb17e212712783cd2e0af8c025e7013fc685f13431b1f9a,[966],[966],1,1,True,1.7763568394002505e-15
fbfe8c22df999369dff3bc2da5cbe0d2b9f3cbe1a0cf94f59da1f7b96cee6455,[967],[967],1,1,True,1.7763568394002505e-15
89cdb099a99bd5de72384493c7e6c9ea91309f545761ac99108aa2cf5f9ff1c8,[968],[968],1,1,True,0.0
1839859a90028a8840ba18d8c3b759f6e8e0ebbb1f87354c72e38f8d3282888f,[969],[969],1,1,True,3.552713678800501e-15
4ceb66cb25c8c7f0cf3078c6240b88af24717b6ea4176d2c3cefc685591a3ca2,[970],[970],1,1,True,3.552713678800501e-15
d3703d8d0d4873e5b7f0c9e585367d61dbe42884abb0cc09d09c2ab0680ecf91,[971],[971],1,1,True,3.552713678800501e-15
ccafd53b996fd3bc70660fbe3cdac70e2c4ee50353a885de08483f2561ada025,[972],[972],1,1,True,4.440892098500626e-16
deb295dc26836717c7f3d3620bd9055ec6acf2b39d2d11d36c10479c31f6a12b,[973],[973],1,1,True,3.552713678800501e-15
d0bcab07c82b15ec76992dedfd63ea1efb26796b30520f1280986667a6baf6e7,[974],[974],1,1,True,7.105427357601002e-15
9075c54b90b94486f1c36bd3592dc294e00f8ec47f116fe09049d3e0f23c419c,[975],[975],1,1,True,3.552713678800501e-15
ec62a3d24579c9394fb64c05153e2213ad53604da106ede3e40333a36b1fa075,[976],[976],1,1,True,3.552713678800501e-15
70acff94bd9841e697affc95683179eadabd99c48331d638bfde6a0337ac7a2b,[977],[977],1,1,True,0.0
9f6bbbf07a9d7dc64f10ffdd419d5b55270aaf4cf1f6e2525b92f69e66714608,[978],[978],1,1,True,0.0
cfde85fdc83528274a40f8d0e54cf9e7fcf9bae6b7904c9f31e4ee65d1c89d06,[979],[979],1,1,True,3.552713678800501e-15
1476e153eeda9dd316c3f171853a16b52923d8be655c14f2a988efa0622568f0,[980],[980],1,1,True,3.552713678800501e-15
6df77c96509da304ab33614746dd64c706062c4d9688c170b5dee1175e0f8728,[981],[981],1,1,True,0.0
aab89c585cc8280acc83ae7fb9e2fe8a2a96aefea14a91773bd22f7d3e864d8c,[982],[982],1,1,True,7.105427357601002e-15
9c8010532dffdfd0b9d94930641c7460bc563b261442c85af02a454d92d37b80,[983],[983],1,1,True,7.105427357601002e-15
de0ba773c30da1baf1c9cc6e32e67d518a12940ca3e0e884bdbba3fc1c9fa286,[984],[984],1,1,True,3.552713678800501e-15
d3d3e2bde5812846331b560fb67ae93f2c39b488f1d9c78272676a7459cb9af4,[985],[985],1,1,True,3.552713678800501e-15
41c505f42cb553945c8a786b6326a8e9321d55ce6729beac19fc13502b6bbfe6,[986],[986],1,1,True,1.7763568394002505e-15
243bed60a7356f4b438a492eb41b8947b9728cdef57e260511b4909ba28d624c,[987],[987],1,1,True,3.552713678800501e-15
af3b20d648c064b2fccabe0cf945f94fcf06ffc22de35bbeb5524d64344ee40a,[988],[988],1,1,True,3.552713678800501e-15
798aa132c1254e67d2bdc1c37ea1228561cbc48ec86a26a12f7cbd8ae2d482f4,[989],[989],1,1,True,1.1102230246251565e-16
cb50b47eb426f1c63f657badd0661e462cc88b8d5f062410fd4be0d8eb45183e,[990],[990],1,1,True,3.552713678800501e-15
43c01fdfb3bf0f00fc7c406609e4e93a1f119e85a0d7fad3a67cd583c50887c3,[991],[991],1,1,True,4.440892098500626e-16
31485c0cf849e0f1dd943d97a7bb0f712051a1e0423eafa60a27346b85b63b90,[992],[992],1,1,True,4.440892098500626e-16
a87502f81553c286dd409c4ea192b286a6871da2788215f855027ad9ee9b406e,[993],[993],1,1,True,4.440892098500626e-16
081720adc470dd35369934f36f457898c4c55ec5d4fe12a96a13282ff11ce7dd,[994],[994],1,1,True,3.552713678800501e-15
cc928186d3de481179601b22864baff8b874f4bc9fd060a1341f894915e73503,[995],[995],1,1,True,7.105427357601002e-15
fa34082f7ea482fe3b49f01a41f85a8dce58057d133806b7c263d01ec235d523,[996],[996],1,1,True,7.105427357601002e-15
93c76694db47004e4230372213c65601b05ef4109a827897afc6a39e9865ed46,[997],[997],1,1,True,7.105427357601002e-15
a04f6937806ce0e98fddd33810ed8ff08028dcf93fdfc738392ac0ece546e67e,[998],[998],1,1,True,4.440892098500626e-16
34d760c414baf2e9e2068bdede5d9977397533116f5b4b83763f10265b2dc224,[999],[999],1,1,True,3.552713678800501e-15
21bb6f38ac9ddc44f2510aa93964c21755d9fd10a4831d527dac3c90a0847c50,[1000],[1000],1,1,True,3.552713678800501e-15
c5615c978d289edea4e97df27214f3df036f696c7b6bd4d16c0cdb52bfd6edbe,[1001],[1001],1,1,True,0.0
cc77711c78639db23b3a757791a8ef142f3d763696d0cba0c537cacaf1d1ce14,[1002],[1002],1,1,True,3.552713678800501e-15
bf0ea81f8ec1b9144a415273277534c089e2a071ffc2b5720c23ccb5fb5385e0,[1003],[1003],1,1,True,3.552713678800501e-15
7f2dbfc16060a9e79d5803600678aba1aa3c64dbe7e22b636dcbfecc5c5cd40e,[1004],[1004],1,1,True,0.0
f64f0b5ac1812ecdf983178093c6a27d1873a542c431afa298b8556601c5ad2c,[1005],[1005],1,1,True,1.7763568394002505e-15
a55c08e493f79919e8123a125aafed02e7b7a244116abd6305c11e4a1855eec9,[1006],[1006],1,1,True,3.552713678800501e-15
e55a79a37605d4d5560366333d73f9303c142446ea915efd1b59d6d5341b3989,[1007],[1007],1,1,True,3.552713678800501e-15
d082bd8783be38c25cff61977c4f8dbc77f157681bd068c02ea43fcafdacbb5e,[1008],[1008],1,1,True,3.552713678800501e-15
93caab251fff4c011c7a96886508f4a595b7b63003a3f82ec7d6c9f42f9bec4d,[1009],[1009],1,1,True,0.0
c4aa593ef8f6fef2c98bf6252b327a4dee9e05191fc89f2bc9e2138723595883,[1010],[1010],1,1,True,2.220446049250313e-16
e6db82eceb352e9abf896cccfd11cf0539097a756b72db4b160006e465a2cec3,[1011],[1011],1,1,True,2.220446049250313e-16
4528f528ddab915cea8d3fe3c9691d45bc1e5c4ffb7e059f38ad2d584b2caf13,[1012],[1012],1,1,True,1.7763568394002505e-15
5b40394cf7e96dc23caa72bc0b1b83da88116227c97c09c67465719d7a7f5d92,[1013],[1013],1,1,True,3.552713678800501e-15
a0676240234ae71dc62d5db8f59707a1005bb8f437d610549972c2268cdc64f1,[1014],[1014],1,1,True,3.552713678800501e-15
fa38cf111716253567611c75d74e8f08a81a8c8ab78eab6506537e4989853eda,[1015],[1015],1,1,True,0.0
91c63238e6839f2f615639e8fabf41f50fdc4247d9578777d06463185b07121b,[1016],[1016],1,1,True,0.0
ed3abf75f63979912f1099703e245bc98033381f1d259203354a62daadfbf2f8,[1017],[1017],1,1,True,1.7763568394002505e-15
ee3377ba50bd6132e94224da0374efba52039516d090ab075ac3342b443288d8,[1018],[1018],1,1,True,0.0
faa62f8aaf499f8e8aeac7e8eb2b27e31395c8e3692c524245e000a942ad68b4,[1019],[1019],1,1,True,0.0
7357f439a472695c74577249fae1eda318015245fa2c20085a703fcfaff0aca8,[1020],[1020],1,1,True,2.220446049250313e-16
33477256fbfdbac5f9e8b1d08ccaf972ccdb7f9d77bd3d14cc2f6f43a67631dd,[1021],[1021],1,1,True,1.7763568394002505e-15
a01d2b4e3bbe63ba243c08b9ff69c07433f36aad9b357002007bff13d14c22e0,[1022],[1022],1,1,True,0.0
25806f5410a8d04d3ff50f3c4cc22727836ded6afdc6f0870d48c6ac4dd6649b,[1023],[1023],1,1,True,0.0
bc525d8f5198ba4480767df8319d51024d0db40d13e98d0a1a45ea69cdd4abcb,[1024],[1024],1,1,True,3.552713678800501e-15
80f63c08a0f8c699b258ec89fdf81b26c0e3301286a4637679e2a8dddf6a00f3,[1025],[1025],1,1,True,0.0
8e81411df4f1657938cd6bde73194f8b5c2bc6b82cb2bb9f7d4d920b65a93b50,[1026],[1026],1,1,True,1.7763568394002505e-15
59732d977642b2d851b1160a9040ee56113e6bd8f2041583fbf2669f6c9605f6,[1027],[1027],1,1,True,0.0
caa5e8485dbde3db781dd23944773dcd6fa7ad837311606e81d1dc0694ebb803,[1028],[1028],1,1,True,8.881784197001252e-16
4efa594a09de3dfef05d640bd89331021a3ae362565f85ef4534e9f6901705f3,[1029],[1029],1,1,True,2.220446049250313e-16
81982285b552ec9493f0dd38a66ed3d9dc68ceaae8f50e83d2af919b52896c13,[1030],[1030],1,1,True,0.0
784ded1946b6a8f3f1c82f7f036a8483baac1494f598fef6eab5d868e40854c0,[1031],[1031],1,1,True,1.7763568394002505e-15
c99652500f13821ae2220687481674e93641a888c0389e04a1816d19c7531a52,[1032],[1032],1,1,True,1.7763568394002505e-15
5dbb04eef82542b3bf2580a9d5a08b4fa9cf2c61d58992377d0a8d531283e5ea,[1033],[1033],1,1,True,0.0
bb16493ac42e5f2ebf10083a8cadd261e7358e5bc2ba8e97e175ef22e7d99cda,[1034],[1034],1,1,True,0.0
fb3573b7dc512bd4748ef66e4aec6d8129c847255ce4b4ed2204d278a5c98519,[1035],[1035],1,1,True,3.552713678800501e-15
1b66603bb1a562ae6068f1d7366addf02bef9f32faf36616fad05043c1259e59,[1036],[1036],1,1,True,0.0
6cefb7e0e5eaf4c0f2528fde0634ca240d40e38bd7070c1ff1d0fb90814f5076,[1037],[1037],1,1,True,3.552713678800501e-15
88e7c0835441540c2e0548b95c1aabcc071c80a84d72263f46a4f55c9a74b906,[1038],[1038],1,1,True,0.0
ac93541c5e30c042e816edcd41ede6531068dc14064319bb2cb28a406d6dd7f2,[1039],[1039],1,1,True,0.0
35eea34afc1a4beeff98a66086ab5028a66e7e67de72b64cf1dbb01111c47c30,[1040],[1040],1,1,True,1.7763568394002505e-15
1cb955b2e70840afe79f7c6febe3b801b2bfa642f1e2fe71bc3a287078a5c39a,[1041],[1041],1,1,True,3.552713678800501e-15
5486c18fcd440456b022052ee09ca81e66506f53ac30de6996f13c62babaac00,[1042],[1042],1,1,True,3.552713678800501e-15
d0caf694b1bc2406ca065eef6430bde0eb1dff2f7d3b9e8c53f55b54a295e9af,[1043],[1043],1,1,True,3.552713678800501e-15
5f943468f24633d139840c8ef77b2555a939f0a8913af8be7c010cdedac095ad,[1044],[1044],1,1,True,1.7763568394002505e-15
bc65a42d6933cf04643b52ccd392830b51b3d6f8c4bdc6b19b8e0f208735a416,[1045],[1045],1,1,True,3.552713678800501e-15
097c448f6c7f60a6d1bc8e03ea4c7d9aaa9d9e4ca7e001feb4b5f4d36c01d1ee,[1046],[1046],1,1,True,3.552713678800501e-15
0ac1feb005cb99510d9a5035b7ff40f16c5f4df08de76cb6b827e32167ab1cb9,[1047],[1047],1,1,True,0.0
482c5f54d1ffcd97cd5c9cc552552306bade554f3eefded4fc1fc0e511819ed6,[1048],[1048],1,1,True,7.105427357601002e-15
97e99f670122e344ef3287bdccdea02801657e9a6a431efc29a58b4a5566c3f7,[1049],[1049],1,1,True,3.552713678800501e-15
1c6f681544be2ee5e76ce16385c7663895a31968949dd299b1dddf4b011b178f,[1050],[1050],1,1,True,1.7763568394002505e-15
fba1196eadab2f24f20170e30a2b913a1990e4f3d0153e0453d6ce7bc47cfd2c,[1051],[1051],1,1,True,0.0
7220ff12bfb56da48b7ec2b35764b81b81217f82ae63172e566431b208c97540,[1052],[1052],1,1,True,0.0
b8bcd527943b742a4c551dd46a3a6e9bd5319f0cea4bf2f7a23d4bf77ee0c467,[1053],[1053],1,1,True,7.105427357601002e-15
b7d64633802957470663037e9d6b5078377b2212522634b2100cec78dce7661c,[1054],[1054],1,1,True,1.7763568394002505e-15
d4aca177909947fee3c8ad54fef9cacc4be1bc354bb9a2e651b932cde47ddfa6,[1055],[1055],1,1,True,3.552713678800501e-15
2e22bde52c56135be7564a03340ad021ee1259d63be2e699337c924897cc111c,[1056],[1056],1,1,True,0.0
4f9418b958cf73f307d53cd33497812133001ce31236c7c079b9e589d2b0acfb,[1057],[1057],1,1,True,1.1102230246251565e-16
33245c90a8c52445c0ddffca430dd81e6612704b4af178936e0516d3a2e7d140,[1058],[1058],1,1,True,0.0
a972188fb4581fdcb4b23e6bfe1eb9e0e4f55e6ff71013501e8ab07777c37fa6,[1059],[1059],1,1,True,3.552713678800501e-15
251c69f9546cde523e16bb7ddb5f0da8d092447ce35d4195939a26911c022ddf,[1060],[1060],1,1,True,1.7763568394002505e-15
94bdfcffe244a7de1d79b5b745e10e1b12d0ec8d64711b0cf10b9e517244267f,[1061],[1061],1,1,True,1.7763568394002505e-15
e6f68021d9bb27748ab483282c4d302910759e4293992a862c232db549055131,[1062],[1062],1,1,True,0.0
c6de83c679660fe13b6dd7024f53ad3c7037f3febe2f8cd90567155ce6507ce1,[1063],[1063],1,1,True,7.105427357601002e-15
fdf0319e48fee33b41723066cc8e2bd64528d97cd9191d024e68cda3dfde19de,[1064],[1064],1,1,True,0.0
d9738e1b9b0ec02a34bbd7b54d2592517d73a2f7822e28bcdf14e10c23c5ad61,[1065],[1065],1,1,True,3.552713678800501e-15
f6466f9be8b62b6997e8f81cec8e3ff36d5ee147dc5d8618b743f52fd8064cb2,[1066],[1066],1,1,True,7.105427357601002e-15
2437f8a32112d4ba6ede6bbd8a6b0955f641a36bfac52a07412839f9e344288d,[1067],[1067],1,1,True,1.7763568394002505e-15
cd19f20b157c017f5a9922764061f6c8e87b09cf679f24e043e890bc385cd528,[1068],[1068],1,1,True,1.7763568394002505e-15
de6ca65305ed451670db9f1cc554e5176e3c4d751188c0d0d123225d024990c9,[1069],[1069],1,1,True,1.7763568394002505e-15
b3b342fc50ef5c9845644069b2509cc14ac128b1c19dea3a84fdc598f2df79fd,[1070],[1070],1,1,True,3.552713678800501e-15
479f49bf1d24698e753e8217e8637840744d4dc586161aba9de7d5cded935f85,[1071],[1071],1,1,True,1.1102230246251565e-16
ff1d1a2413a63432d92a681e0391ab1fbd52c4f7f1a03abc26d8354f09f7e35a,[1072],[1072],1,1,True,1.7763568394002505e-15
cfb08ae0e48106f8058d33b8b2dc2d7208489537ec83a6f965783278425cb129,[1073],[1073],1,1,True,3.552713678800501e-15
67eae0d4611ba308608434d80af94a43a35ce80370fc4e7c032d731af2d164e5,[1074],[1074],1,1,True,0.0
58a1f36a4f5ca968b48644dcbe882a6639a12f67a56dddc7a7712626af720819,[1075],[1075],1,1,True,2.220446049250313e-16
f5269adcbee92d02d3eea3df468d5a0d1e6ff249ed2b152d1dc7e85d3b08c330,[1076],[1076],1,1,True,1.7763568394002505e-15
3e4be1f379109d03b563a7fa434367f4fa72eddfa92608f11102d719a279b016,[1077],[1077],1,1,True,4.440892098500626e-16
5123fb213ccab87b18c1c935a0b26c39c7a4957931a6db2cf05bf8ad02a74a09,[1078],[1078],1,1,True,4.440892098500626e-16
a63c9b40c3142bbce440bfa0dd6dea5c0b8a29dd60c6d7298d17268b7ae2b0a8,[1079],[1079],1,1,True,1.7763568394002505e-15
135333e9f5ef77297869d671ffd599e08537c668bd564be643d0194a82f5140a,[1080],[1080],1,1,True,4.440892098500626e-16
38a9caa00b613fa44849eda232a164281cdbe778298b57837e9ad6652618db81,[1081],[1081],1,1,True,3.552713678800501e-15
85237a70cc6c869fbe471ef392ff8f42ebabbe52ec4f6cbe0d2c0d79d6b895f3,[1082],[1082],1,1,True,3.552713678800501e-15
b99982ae023d45c5b2302f318eb4af2590a62923bb2b28b409a1420b4ef70004,[1083],[1083],1,1,True,0.0
ccbd4e46e1df8aee2d31ef9d76a987b7b2137e3e45c1ecab08b31278ac943a4f,[1084],[1084],1,1,True,0.0
c6ba8bf3b074345a47fc82ac1e9d954ef130949b57c33fc0724d4a01e2555e51,[1085],[1085],1,1,True,1.7763568394002505e-15
f014735f61eda7d6ccb7aa145f785c1c8cad79f1724138995013611148aa3205,[1086],[1086],1,1,True,2.220446049250313e-16
369596b6d512ebed03e87875fdcd6d319573ef4d52e0365ef6ec93606e5cd2bc,[1087],[1087],1,1,True,3.552713678800501e-15
87152355fc7ad3eabce9fc2ae4019afa2dbc35318805e161fefe57ff80c205ec,[1088],[1088],1,1,True,2.220446049250313e-16
136bf4181664268f4c31799b74a4235f54ad7a6ddd4451e23b05df053aba7714,[1089],[1089],1,1,True,2.220446049250313e-16
db801faef109626490a96e4281ffb63cde684bb3bdf1c41df4f79103e89ab035,[1090],[1090],1,1,True,0.0
f55839d423a4b88a3f52eb0be89192e0db98b07b714f909a01a4352930720816,[1091],[1091],1,1,True,2.220446049250313e-16
97a37f7c2aa4f0a668b8b75a3aed01efdda74fdd84432215a30ca839e8352dd6,[1092],[1092],1,1,True,1.1102230246251565e-16
c6214b4529f31f13814b5e9520948543822e792d1953babd9526aade8e4835a2,[1093],[1093],1,1,True,3.552713678800501e-15
d811f299f4ab5611025f14ef2195e02b9d1395bea00397cf73a570326bf8d322,[1094],[1094],1,1,True,3.552713678800501e-15
380864019da18a85db5dd99346e7b63571566ac564da8bcd87a51228e8f1d215,[1095],[1095],1,1,True,0.0
67c1f4e5459ce96bf3ca0c974913805a58618bfea786b028439d45245de71131,[1096],[1096],1,1,True,7.105427357601002e-15
dc8310a84529da166b24e448a39a5db1c638267b14639838844c416140b1cbbc,[1097],[1097],1,1,True,1.7763568394002505e-15
01aa4062351e30aac93d09eb3078b76fb54e222fc38324bda4ed33efe9e7c673,[1098],[1098],1,1,True,7.105427357601002e-15
b5ac5e149cfc00934adcecb614e77c87bd5d92f0c7eeee4285354350e26eb7df,[1099],[1099],1,1,True,7.105427357601002e-15
fb3c42ae4fd8e259c91f506caf13309d03fac727d7754ad96a9fa1f26e812702,[1100],[1100],1,1,True,0.0
d0f2956e1f1509757cbfe4c2bc6e4880e6b00a5ce353d53d908e04e77ac13f6f,[1101],[1101],1,1,True,0.0
e1d9871fc62e8a92df0d48038a20b8df8231a75df66b2d40b5c97f28edb5f0a8,[1102],[1102],1,1,True,7.105427357601002e-15
f2030294c0f63481891fccaae3aa51f2020bf8ee56d6e55072cde61251a93035,[1103],[1103],1,1,True,7.105427357601002e-15
7a5f5217db0d7dd6f1c84e1e2ae72a9150ec3732d6681e8b59b9f8feb5582247,[1104],[1104],1,1,True,3.552713678800501e-15
f89643f01d065b69f047159bd2bfb853a3a8f5598c95b2ea8bdddfd192ec6b2b,[1105],[1105],1,1,True,7.105427357601002e-15
d74d2dbfbcd6c756d8ea9b4f85e01c86403cdf6d203855bc192ac55e81231d06,[1106],[1106],1,1,True,0.0
10d417efc92729be025c87e92816d34629185e5434cd4afd3f18048cd2c8a58e,[1107],[1107],1,1,True,7.105427357601002e-15
41324708b8bd057679141e4a8affa9a7b328a0334807346155611710748125a1,[1108],[1108],1,1,True,7.105427357601002e-15
608e0225dc1e2f66255cff03eb089be46894d781bbb5fb99ffbb3aa6c62f1dee,[1109],[1109],1,1,True,0.0
60fa2bf343d385fcae2f3378822f885ead9b04c84f5623cf181fc1e4abb61360,[1110],[1110],1,1,True,0.0
79fc253e797f37ffcfc53b3843f219748fca397b137d6928fbc715b111d0406e,[1111],[1111],1,1,True,1.7763568394002505e-15
82b2e6abf7bdffd78e12b08ea6e61a12a6a4f7e65b5c3817abb119c9d9e773b0,[1112],[1112],1,1,True,7.105427357601002e-15
8962816f45c0e4a069010b3d98abdd8067e9dd04d29e4a05e8a15bdca0a2e3be,[1113],[1113],1,1,True,8.881784197001252e-16
d2a4ec56c34a7b8b8e38fd29ede3f0c905ba7312f3e07bd3f3bcc3c754d68c83,[1114],[1114],1,1,True,1.7763568394002505e-15
0a45644384b45483b27e9e2baca353e39d0d10f7ddee0eee691c219baf7eb9a4,[1115],[1115],1,1,True,3.552713678800501e-15
5877ce0b0c13b7394e5b76ea3b9f378cbbddde265873802e85342f39138670e4,[1116],[1116],1,1,True,0.0
66ca976ec690dc6a2d0b45e812cd5bb1801c753f68df2f08ebe65613cbb1842a,[1117],[1117],1,1,True,4.440892098500626e-16
fd2ce32521c4aceef2555c33a0cd731cd6f1b872a8e9bff2628ef1650c567a9e,[1118],[1118],1,1,True,4.440892098500626e-16
42ed5a8411d40d93c751603ac6d5509030fe993a18f129ff26854e9f37ee2ab2,[1119],[1119],1,1,True,7.105427357601002e-15
8a87a6629c227c3f745c102c9321cd2c7386f3b05b050d4fb1ff8afb388eb0ed,[1120],[1120],1,1,True,0.0
3351b9d204d851d0814a0dd199ac829ce3293ee30969ee86806ada3f3aebde4f,[1121],[1121],1,1,True,2.220446049250313e-16
f1ea3a7f39850d0289d7728c44bba0dacc6d6f5d7f7d66b5f16e63f79a9a61a6,[1122],[1122],1,1,True,7.105427357601002e-15
c51f69b4c2f3d9c8227cdb145a062e6549074deb2a4ec5b45db3dd2647028793,[1123],[1123],1,1,True,0.0
ff36c2c4c56be7c27ed2de7f018d0d4d53d394d2253239b5a7598bfc69f1c3a5,[1124],[1124],1,1,True,0.0
b372134708f327a2c63c4c778ebcdfeffdae9df4fa3ae11eadb257419219a3f0,[1125],[1125],1,1,True,3.552713678800501e-15
3abf4e52982602e9284f51504c05bc33c9b4031c5fb55c51b19c187032890233,[1126],[1126],1,1,True,2.220446049250313e-16
39789a61f74d014c973aa8f768162f339fff89f94c393fbbfea69fa488ccd506,[1127],[1127],1,1,True,3.552713678800501e-15
dfcfaa3601c0a1760c4f2b3a3af08821002410fcb7ab858911affb9ce9be057c,[1128],[1128],1,1,True,1.7763568394002505e-15
25ea6d70389985b4b04bdbe6601aced125bab9d930a0b0871425637082ca7aca,[1129],[1129],1,1,True,3.552713678800501e-15
cda3a37cfdd051a7d0ee89944fbb295bd724330611f0c2acc73605e7c9786609,[1130],[1130],1,1,True,3.552713678800501e-15
82c0b63bd7bb8dc777d54c400d871564adc32b0b65d434df5075713c121cae65,[1131],[1131],1,1,True,7.105427357601002e-15
2b10eb0b8aa10b6e95cbc6c6b080cb2e5e6b3a1a7518c2f7cc968a75ea11d1e3,[1132],[1132],1,1,True,3.552713678800501e-15
220481e063551d9c27c1b16f4809691a005da556a8e810bddf9863713fef3589,[1133],[1133],1,1,True,0.0
a9c9961582b48f52084904532aed370b2f4c932cf8355ab645468663cd5e5a6a,[1134],[1134],1,1,True,0.0
118d47a2e860a2b360fe716640044367172a69cece81edde2280c1765224f7aa,[1135],[1135],1,1,True,3.552713678800501e-15
a61aa9626a4c528abed6366157c0a09392677f4c9c1dfe399fc44a4ae56f601c,[1136],[1136],1,1,True,1.7763568394002505e-15
7ae4fa4df073cb3a079df9d4776801f71570a08d166132cd152253958fe6829a,[1137],[1137],1,1,True,1.7763568394002505e-15
2228651cd2ea74ed4a62c8c46541f8d376d18f2fbc470726cb7bb1f08a4b57f9,[1138],[1138],1,1,True,8.881784197001252e-16
d09d14874a333ea9f2e139b0e61984c387272d779196b51ae1c0c551bfde1eb2,[1139],[1139],1,1,True,3.552713678800501e-15
05241a7c15a50be97a6ae5ff4390149b86f7b2a754f3d314d37f064ece776d7e,[1140],[1140],1,1,True,0.0
548417ca39776946c7728349e3517b91713cea9955ede291dd8f413ba9850882,[1141],[1141],1,1,True,1.7763568394002505e-15
79cf60f51800976129684eedcce17a08bac90f24fa25b39732fb34d97351a00e,[1142],[1142],1,1,True,3.552713678800501e-15
bf407c58ccd2e598b9658bbee00f12c383a222b55d842d73e4fb74efbc2e0ebe,[1143],[1143],1,1,True,7.105427357601002e-15
221dad9dd250ca4462ea6acad2cab22872370f9036774001dea7d9ea88eba1de,[1144],[1144],1,1,True,3.552713678800501e-15
fbc8e4542305ea5d2d731a1c3750b8dd822bf6712bdf117da3d57c65615c3b81,[1145],[1145],1,1,True,7.105427357601002e-15
8943855771c164948fbc0c8aa4426bcf11ecf74b5c18211d0762f8077f42122c,[1146],[1146],1,1,True,8.881784197001252e-16
386d31a898d1e7630c5baecb662bee1ba8a08670a608992f57bda0356926a209,[1147],[1147],1,1,True,3.552713678800501e-15
2f59cf181c01f951259714f60b706756b1ba10d657e754e982db23071b189d9f,[1148],[1148],1,1,True,3.552713678800501e-15
42a33989618e520a1a5e140c39033d95fb8d3317a043a3864dc370036bc89bb1,[1149],[1149],1,1,True,3.552713678800501e-15
a50ab49e6392e5908256e3682b6c3079724c8c3b3f5dd602193d195867271b9c,[1150],[1150],1,1,True,1.7763568394002505e-15
95ee536cb45e6abb87132627baaff4e7cd9a561c5cb565bd783f645427c67b8c,[1151],[1151],1,1,True,3.552713678800501e-15
52d21d3780bcd30955e34131e78154de6ddb997519f16bc87e26fdecc61e8457,[1152],[1152],1,1,True,3.552713678800501e-15
39acb461c84c7bdfaadc58197b15b2d9736537579d504da237dd38921f66c8b3,[1153],[1153],1,1,True,7.105427357601002e-15
d51896b1816afe1edc1468fca883c4312b317005771110eaeab1b706b55423a2,[1154],[1154],1,1,True,1.7763568394002505e-15
c12f6cc1a646881e2c71feef05f290a2b809fbfe89c5bb80f19216943c2b6c81,[1155],[1155],1,1,True,7.105427357601002e-15
3084372fe6198ac7697b58621fcaa8aac12020d4062e9f7b984a595e4983bb17,[1156],[1156],1,1,True,0.0
081763189b22c0211ba42c33e3567d78d6d1c7da6cb42cb83bf2bbe865bb3384,[1157],[1157],1,1,True,3.552713678800501e-15
7b0085437b8e7f8f9439a9debe2b6e81eb48fa48cc63a20e0680afec3eeeef64,[1158],[1158],1,1,True,1.7763568394002505e-15
261e1731b750664f99ea8b3e1abd919e58f415d9c89631ad2fb2fac8c0861789,[1159],[1159],1,1,True,0.0
f745cc23edd14b3af34f18e1a580115cfdf0254bfc369da9c6566b6f31b4c298,[1160],[1160],1,1,True,0.0
c5f08678ceadcf2e88b7ac07596245bff4bf5333f07acfd9d76540969567c2fc,[1161],[1161],1,1,True,1.7763568394002505e-15
ae1a24e18f4ab679e21d5b0fe529f9ff6b38b9b14075aa8b376b5c9fdd5e0080,[1162],[1162],1,1,True,3.552713678800501e-15
52f405eb7b841e295cbd96e8fb2901a59fb4f873af6dfad994c1fa834db3639f,[1163],[1163],1,1,True,0.0
bf449d6a33e83b872df763f34ccd1f0daf6a28c7d9bb7966ee07ef2ef09bec48,[1164],[1164],1,1,True,0.0
ae089a52b44e259fccd92aadebb175221da0725d21d7e95e2c9d9db47eff39e9,[1165],[1165],1,1,True,1.7763568394002505e-15
f258f7d1744e8e437bd5134c628b6362be58ea4736bbf5b2f088d6fb36cc55f0,[1166],[1166],1,1,True,3.552713678800501e-15
5f3f4273e7550ccd7815d34a56051f7c65bb2083e55c35a7bc8546c93b0bee13,[1167],[1167],1,1,True,7.105427357601002e-15
dc3ac78ee471f10ff529dc3a90a1baed4f08c6afe8a66e7bb2e70df2095a37a0,[1168],[1168],1,1,True,7.105427357601002e-15
425ded28daa876650fffb399aa99401678d50d7b9abfa36bd4ed0d2aca9d1469,[1169],[1169],1,1,True,0.0
885efbe069102035d93c32ca8aac211374a2692f0d43fb7410938d5acc8bc8e9,[1170],[1170],1,1,True,7.105427357601002e-15
6179f858d9fcc61ba5353354946442a663767e256dab4f942f3af0c62412662d,[1171],[1171],1,1,True,0.0
962e30340806b7997c687ad39e3a91711df77079d2bb69bb0a04051cb0c9f721,[1172],[1172],1,1,True,7.105427357601002e-15
92a6a81a08e1e943a4d37e34f81300df00e1e75986e724ae0c306011bb9ebd54,[1173],[1173],1,1,True,7.105427357601002e-15
64277f1d1eb099c4d223dc38a70f96fdf996f7f3944ed3d726cda9687bf6385c,[1174],[1174],1,1,True,3.552713678800501e-15
209264432fd0154aa2ecd8a970d177f3d4681f6281c87fe329f296f88cddfede,[1175],[1175],1,1,True,0.0
b8de60020cec41842910c7cc58f562f8939b0f2a8aff41a18b46b278afa18ad9,[1176],[1176],1,1,True,3.552713678800501e-15
0f27f08c94e26bbd1fb09f8c53beabadc3987507f549541571afcde5a8b653ba,[1177],[1177],1,1,True,0.0
75dd4f0bd7b67891c8ece64ef494f89cd781efd86665c4c2becae4f453ebda47,[1178],[1178],1,1,True,3.552713678800501e-15
f5ae49a478fb8c1bd24da08873fe470a29e060a69e342275d005a9de48e6fe0a,[1179],[1179],1,1,True,7.105427357601002e-15
4b834b62887b8926f99b4938b4f003d249bc39b95e93ddd5ca90e2b4bcbafc72,[1180],[1180],1,1,True,3.552713678800501e-15
9b98700486cf03a7556a6d7718389718e88b7472295f92af9dede0097bf486df,[1181],[1181],1,1,True,7.105427357601002e-15
6c3074ba090266985718f44d4696be5327a698fa8d5894c44c5398383aaa5747,[1182],[1182],1,1,True,0.0
38db031fb168eeb46adb50da43f4f05204fb1fdc2a6ab6700367d945a9a465b9,[1183],[1183],1,1,True,3.552713678800501e-15
3ff39b0c67dba20bfe9cce60381e3b36e59802b5b8e88bf950317118cac569a9,[1184],[1184],1,1,True,0.0
c7c2fd77b05a3d88b100c120f1a0ca83cbc514a4897cfdc59720171adbf543f0,[1185],[1185],1,1,True,7.105427357601002e-15
2d6bbd93e5e447868402789e42cd9c86826eae3c9b5828cc4f8cce4b59ab98d5,[1186],[1186],1,1,True,7.105427357601002e-15
ebd691b5c2a64d8d9d9d31457b060e0b172e3b56734dc18b86267e2e88a808c5,[1187],[1187],1,1,True,1.7763568394002505e-15
728a7053a1e22d62392b9d37ff95da3a90633648cf5fd6a5d95fc7d912a6d002,[1188],[1188],1,1,True,8.881784197001252e-16
78e98e5fa245220e5542d3a05c79f800aefc9dce78e1c272be6aa655c4193bbd,[1189],[1189],1,1,True,2.220446049250313e-16
62355b7a817b796c80399712d9bdd86445167ea78688bfb476d2fd3a72ed89a4,[1190],[1190],1,1,True,1.7763568394002505e-15
2c3372155271dca8b6fda66e144ea6c6cca4a22f8c744a8488a17e412396196c,[1191],[1191],1,1,True,0.0
bacca641bd568030b8e4961b4466c138ca5516a11cb76424d14bb2f23ac64317,[1192],[1192],1,1,True,0.0
094c4c0ba5226e706ad82a3d9a92554bdce5e3bdea9e7888bd410868512c3563,[1193],[1193],1,1,True,5.551115123125783e-17
33b57def796538da367f314d9392f74007cf235a2fe45eb93dd4a683f2a26d7e,[1194],[1194],1,1,True,1.7763568394002505e-15
3c7748351b2a36b59a3a9c1ec0906a339af0f23e02c90d03e745ce62e0b2a870,[1195],[1195],1,1,True,3.552713678800501e-15
062e2890fe4dc64d7ed030c81408a593599ad2f96e37cc9d02e7174c8231d066,[1196],[1196],1,1,True,1.7763568394002505e-15
63e98f18b0f41796f543e23957003309ac890b9354799316973f23da2c32215e,[1197],[1197],1,1,True,3.552713678800501e-15
843256735ab030852237596a9eb7ab9110ac2e8e9b0424cd2e967f8d8f0106bd,[1198],[1198],1,1,True,3.552713678800501e-15
7a60decc37831939b26a4b9749c955b98f4e82745a5cd29c8d7f76684d5396b1,[1199],[1199],1,1,True,1.7763568394002505e-15
4df08b3c5cf32aae3dd4daf8c7be881f46f32e950968a7c10de820ff586178f8,[1200],[1200],1,1,True,3.552713678800501e-15
df829106d5a8f86363df112a04ae8ca167fc56fb09f9b0ab463203487078e26d,[1201],[1201],1,1,True,3.552713678800501e-15
9c72d432829c3316d6bf7fbf14935a099c1ed9f09e53b1a49519bb80c606de83,[1202],[1202],1,1,True,3.552713678800501e-15
fc873d35a9d52ed686171bf0c6cefa2d5d0188a3bd8d02d9206e5b4cd43c2610,[1203],[1203],1,1,True,4.440892098500626e-16
8e77c61ea386871c09807584a608a8365b5f618604a41b405d2d50bebe9a175e,[1204],[1204],1,1,True,4.440892098500626e-16
d883b950305923ba722350d7d9f62f580f02dca75decd5246304eb2ea323ec9a,[1205],[1205],1,1,True,0.0
890dfbb4638c45b28eea04b9c9238356ba52077abae4e28df028aad7a617b210,[1206],[1206],1,1,True,4.440892098500626e-16
71d02e4f9b61f05ff252528952e93ee5ce9590aea3e9585dc8ffd46c60f4f7f1,[1207],[1207],1,1,True,2.220446049250313e-16
c19cb86d356d266702729213a5ea404d0417196c73b95674d69879b3dcb350c6,[1208],[1208],1,1,True,3.552713678800501e-15
cd14f44092d5ae0a9e2fa2d36822db40bbc6e59600559831cedeba593e2467b0,[1209],[1209],1,1,True,0.0
8c55ff025b6ca02fabab14ad802c35c5281585a219b685371fb3b7e6a218fc21,[1210],[1210],1,1,True,0.0
5d8fd9d063ea60ce092a47b0903516c961f8b688e7f56bf6d2b0c84eb52dbe22,[1211],[1211],1,1,True,3.552713678800501e-15
e6dec7a6e797387eb7cd50891ffcf42950fe7c3aeabfc35ef4d08894b19d3519,[1212],[1212],1,1,True,0.0
8f4ab8b87fab80134bf90fef7b5c3b3a815d256d26137add8c2daa018e17dede,[1213],[1213],1,1,True,0.0
00434887a593f2c9283bb7579cc5d73f454d759b294b20c285d0f5db0e1ac336,[1214],[1214],1,1,True,0.0
08e783741a3f39180d8dde27df00a6e2dba2c297934b18bfcb38709ed87723b4,[1215],[1215],1,1,True,4.440892098500626e-16
d193ffde1df482150f6bd816a99c6bf4dda2d5da069f589d0f5be6992c3e2133,[1216],[1216],1,1,True,7.105427357601002e-15
4fbf323335cf222309376c1ba8552b0676c7b34485d39b1beaae1b758fd0dd25,[1217],[1217],1,1,True,3.552713678800501e-15
25ddc148b4b595b54394a3046d73680b97a69f4af7ef34989f945da7dd3ecfb7,[1218],[1218],1,1,True,1.7763568394002505e-15
8b25c1dd725043b38594ca01ba07015b41e3a97a96e7b2f536faeced58282eac,[1219],[1219],1,1,True,3.552713678800501e-15
dacf4e4c81d9946a502aad63ea77e72206b382355d94ee0ccbad5e932bfaf1ad,[1220],[1220],1,1,True,3.552713678800501e-15
a2b691484cddd494e4d78aa641a1ce840451c44fd64d094d4ddfac052de21e0b,[1221],[1221],1,1,True,3.552713678800501e-15
bae2a0156bc9fe4d6d59da8c607f61d82dc84466ae560763e8b989f50a003389,[1222],[1222],1,1,True,0.0
0398f43d69d1287e73c406bda65834f24f3aee8239dd7b5f72b7ee1ae5726f25,[1223],[1223],1,1,True,4.440892098500626e-16
dd0cbff6a54f314d5a639d540d86f63c2f490e3000e4c52f0772c9cb4c73e25a,[1224],[1224],1,1,True,5.551115123125783e-17
7aa78c70096764375d8b8e4baf3a314bb43a7762ae4ff8ab85b70e56ebc4297e,[1225],[1225],1,1,True,3.552713678800501e-15
be222a8e6c3d1b88755cbd072b7c385f72380308b300a5dffd81362ceb38464f,[1226],[1226],1,1,True,0.0
01d1e0afe22343e1688a96c58d38efd1bd8ac163bb5de61a41ab1da1459e25ad,[1227],[1227],1,1,True,2.220446049250313e-16
14a41db81bbbf83c38ee8e4cfc4b3d00090b08d77404584cb792c4bb839542d9,[1228],[1228],1,1,True,3.552713678800501e-15
2a07ad1749e22ba598f8474c6440a868d078e800369ef512ecaf0274288065d6,[1229],[1229],1,1,True,0.0
6a2275fe7793b9e5212a1c538f53e45ba659da870729a69880572b9d46dfa382,[1230],[1230],1,1,True,1.7763568394002505e-15
4632f6746cc193fc5852fe446cb352cdd5a5bf516e4b17e120d6954883af6fd6,[1231],[1231],1,1,True,1.7763568394002505e-15
920b0d459f51891448919ae6d4da30159d46e7a29056f9a60fb78e220814f6ac,[1232],[1232],1,1,True,3.552713678800501e-15
e0c5ef968c54ac6f132c93dbec5fecd752224f178e3a74769cd4ec000ba17fdf,[1233],[1233],1,1,True,3.552713678800501e-15
3b3ebaf7a25a1ebfcb598fa935b1e3cb0b9e966470c9bc1c63cbb11c3a457abe,[1234],[1234],1,1,True,1.7763568394002505e-15
ff07a76ae80104c014e32a93825be1da483f1f5a1b4a89e8f3ebcd6b572e421a,[1235],[1235],1,1,True,3.552713678800501e-15
56953f6c80f5e89489eb1660d4e6fdc78d3c1d5499a237f5f5eb24c43a385353,[1236],[1236],1,1,True,1.7763568394002505e-15
c7f67d110b286c8dba5e5295a08f56a95cdcca96d47a3aab188f9089c6b47a2d,[1237],[1237],1,1,True,0.0
5be47b7337aa520eb8112ea693022ee901b0d3be97f884a5330ec93a2a34e2b0,[1238],[1238],1,1,True,3.552713678800501e-15
c88d86a622dabdc1014acb5444d6709523b96bf965a613ab05e437cc6fcbb5ad,[1239],[1239],1,1,True,3.552713678800501e-15
3e96eb5d1ac5c2b411201f34bdcca28d2a542b6cf469a753de782da9b0e5789d,[1240],[1240],1,1,True,3.552713678800501e-15
db60313c9ca891cb83501c131ca97b68c7684739f6614245b99d651c2abfdc6a,[1241],[1241],1,1,True,3.552713678800501e-15
50eecff06ef816407c4a21289c0b41b1f2bd3b823a385a70cac1683b7d5d5a2d,[1242],[1242],1,1,True,3.552713678800501e-15
c540de1637dfc7d30afe4a34d02e0cbb8692d57bbafaa8c05457c7b8246f7b0e,[1243],[1243],1,1,True,0.0
55b5cfbed47cdcd72d4473ca806b85e36b115f3dfd10b6f1f3911c916b0e892f,[1244],[1244],1,1,True,3.552713678800501e-15
70db70287ff539fbe84d1642c0a99ddf9a42e1b68b2eff230771eb6157bc2a29,[1245],[1245],1,1,True,0.0
09266b86a98533b033e96578ebe214c8f9d03fba42059a683c8a5f143b656287,[1246],[1246],1,1,True,0.0
6a64450dfc2a41c643ae863e168fb32c519b2ca3e5b9abbe5f145695d103e1ff,[1247],[1247],1,1,True,3.552713678800501e-15
edfcb0af89e542baff8f28f63c9450569b791efac07cef51f5f4283f41cf6ca8,[1248],[1248],1,1,True,3.552713678800501e-15
2abd07af01d41c140e14937c7354c8956411af09c2a06b8ffacd5bd6a0acd859,[1249],[1249],1,1,True,3.552713678800501e-15
ff3ff502168c30d578e36078e4327424513d11f523aac0b9140bc166b399eb9f,[1250],[1250],1,1,True,3.552713678800501e-15
c1b95fc3cb855676892be0a92a2a2dab1b178cc9e0446077d289231b7c04a086,[1251],[1251],1,1,True,3.552713678800501e-15
8984d482da3a641a5d49855a3e163d11343a80f02b229e7e463efb5685a2e398,[1252],[1252],1,1,True,0.0
7e20a2cc76682784c16e8537dce2c60c02c9b16cdf924ec7cd8806b7b9964798,[1253],[1253],1,1,True,3.552713678800501e-15
ec1f46adbc070ae0ce1db78672722418c23344366ff28d2a2c3b0fe3160b237f,[1254],[1254],1,1,True,3.552713678800501e-15
48bc16e91dbd9bccb76780b96ef1557b28ab54df26ddb2876dfd1fc8332979b1,[1255],[1255],1,1,True,3.552713678800501e-15
f2d9e1e381f248ce747a42ffee5c8bab80db9ddd09de995ad60340138644abd2,[1256],[1256],1,1,True,3.552713678800501e-15
3b76204d911cb3c5bdc212bc46a73053908724cf7ef15cf333fb5e3c78904f83,[1257],[1257],1,1,True,0.0
9849863a371817beb994be2786c35075bd5dbd937aa3c8cce41cdf40699e122d,[1258],[1258],1,1,True,3.552713678800501e-15
6b7ea105c76a95222e4ae93f94069646b9d07b00d81d37ffb110d8d9156dba8f,[1259],[1259],1,1,True,0.0
d57d517fedf73b2dd67b92962e2fb7e9c6a5207d88457a3943a99220c5f7de84,[1260],[1260],1,1,True,2.220446049250313e-16
f750f8e7f0d7b183bac3dbd4fa992bd7c8364440abea98ddd31c341d13637c04,[1261],[1261],1,1,True,7.105427357601002e-15
a202e92ac8d3c7209c33e0184e31f24115b792e8117a82372f4e9098f0cbecbb,[1262],[1262],1,1,True,2.220446049250313e-16
0faa90df562aacc221e1643d0378f64f7351408918f38729bf2ffbebc8e0ee01,[1263],[1263],1,1,True,0.0
505bc0a8f8256686b9671862b057105fb5512cfeab3183d2b85175d4421fed53,[1264],[1264],1,1,True,7.105427357601002e-15
235aca8eb6a3cef29b2c6d850cfac4d3d8977b1c2c7b31b5d867dd602e7a2883,[1265],[1265],1,1,True,1.7763568394002505e-15
fb381e68d5c9088739d2557f1e9202cd2026fd991ee63bc8680715e59ebbeada,[1266],[1266],1,1,True,0.0
a0c972982feec92b85ff99177f85396970801b199b93c2e968d5b57cc3d7ea03,[1267],[1267],1,1,True,0.0
8d1974876143862c3b56adbd0a7289d92b141e7a9c85b5a2651108c9f3e71a8e,[1268],[1268],1,1,True,4.440892098500626e-16
a364ff494c1cbb5ac563de6be56fa7e964e0c89a61e7e53e7899d00f32456088,[1269],[1269],1,1,True,0.0
1b2a3c6513c396cf6cc8a7a403f80bd93449513c45cced29fa7ed2b350ea2ecf,[1270],[1270],1,1,True,0.0
d35325a48c50752bc21e57289134eb7b09c117ffd9789fc6a0e4c90ba1acb36a,[1271],[1271],1,1,True,2.220446049250313e-16
913b4fd54247a97ce4f29c99a38b4dcf17e64640192ed91fbee6808b2f223204,[1272],[1272],1,1,True,0.0
3546641869150a788c6b0a0c92f41ca07e2cd6c12d7b3e118edf34e244c7575e,[1273],[1273],1,1,True,3.552713678800501e-15
f1990d88999e3ded1c4fe3e3f3af17269197da671042187a832958a4f569e72a,[1274],[1274],1,1,True,3.552713678800501e-15
2927236de7074c9ddaccc3c22aee47fb49d1f96f33085a1643699b7d9cdf16a9,[1275],[1275],1,1,True,0.0
f05305d354f3c6de4abd65021acdec6adf0d2fac7c5cda4b01cd062ac366ede8,[1276],[1276],1,1,True,1.7763568394002505e-15
fa787bfb8178681073f043c007e2c2237f052e54d427ae063f5cce2e6bac6771,[1277],[1277],1,1,True,7.105427357601002e-15
8a4e7257598f86c197de8b29bd0d7c15b6fe824a6ec800087577eed439249a0f,[1278],[1278],1,1,True,1.7763568394002505e-15
0ac847cadb4d9cc385f73ac1470255e36c91805e6291379c5e2588b9b1341e6a,[1279],[1279],1,1,True,4.440892098500626e-16
e06662b4163ded806a908c09f692bd3fe96ffd2b6628f421a50b58f4fe7f11b0,[1280],[1280],1,1,True,4.440892098500626e-16
5e51b7e97cab5ed5bd0f3eaffc8bea88878d53537f8bc6cdce3c49ca8aaf1a06,[1281],[1281],1,1,True,0.0
d44f50506f2a4fcb42ce4776f7675a31c3743f78d90f68566a5e19ff2955ce10,[1282],[1282],1,1,True,4.440892098500626e-16
2771c427534785aad440593918e2ac114a1b6b7278ec50e469436b9343360097,[1283],[1283],1,1,True,4.440892098500626e-16
cacabf485eff8836dc8adfb802876591e9407a94eee225a04453062bc329c8f0,[1284],[1284],1,1,True,0.0
fe32de2263ed232c3b50fee1ac3e15807dcc8d77e76fef0345a753ea967a6e2b,[1285],[1285],1,1,True,0.0
1748fb01d599441abc5aebde86aeb7412e0f323141f1facbd87b9db2251eaecb,[1286],[1286],1,1,True,3.552713678800501e-15
d172de77dd52dd56e7c23722fe9723da7832292d0bf3ef9aa1b7c7511c8f9ffa,[1287],[1287],1,1,True,0.0
d62f57419dce9a722691e197f85076c4797e118add47988170d7449880fc4e7f,[1288],[1288],1,1,True,3.552713678800501e-15
afe62078f329738dc27c86223d5b52882f5de5d4cae0bddaf46d12ae7ec698e1,[1289],[1289],1,1,True,7.105427357601002e-15
85ef616abbb976e6eb6dd7f552b29eed9b47a8c5f1ee80c0f24c856aabc11527,[1290],[1290],1,1,True,3.552713678800501e-15
5d383a07b0312a027f949f0cfbad1d5985e715589863f31655ee1844f566b27b,[1291],[1291],1,1,True,1.7763568394002505e-15
43b714ea161ce9a68199400ce3d40118674e5a20d19337e94950d276e9a8583a,[1292],[1292],1,1,True,1.7763568394002505e-15
a4ebd1108ef7105c9f94a4be329598decb76be662c3c615f407be5795e89dd91,[1293],[1293],1,1,True,0.0
49fa9a995e68a3a58f162979b1b14889a9c16af837826d2f45196775db1cd141,[1294],[1294],1,1,True,3.552713678800501e-15
a4b4a88ba9540999c4ceaf0b7d0c4c15e4711fca1f76deb3a1ea92495fb155f8,[1295],[1295],1,1,True,7.105427357601002e-15
fd1494a8326c8fc6e9ed9e5bb58dc598020001cbece41ab30659085310025af5,[1296],[1296],1,1,True,7.105427357601002e-15
9a8ba386a3193b2cd5d1b2e2bfc242ce17b37c757b6b2061a72cdde32880f71d,[1297],[1297],1,1,True,3.552713678800501e-15
cc20592ce25c421bb7b6bc644ba3372462dd9e39a074030ea49ad85f3abbdbf3,[1298],[1298],1,1,True,1.7763568394002505e-15
2d02e1e602c7babee6e1c1354f0b47b2fb2ac788a306c08d6832c4bad50f4e48,[1299],[1299],1,1,True,3.552713678800501e-15
1f758fd52cebb3109f4ad2bcef1f6a9c1b9850dd65c6b32d624da646a749ea8b,[1300],[1300],1,1,True,2.220446049250313e-16
5878fb6415eece0b01bfe23ac5a68d8dcacfcd00906a55ec862e7b1cd2a45deb,[1301],[1301],1,1,True,3.552713678800501e-15
a73251c0fe7b9bd12a15a2cb23c269bf2102109a9368f9b6da67143ce05e672f,[1302],[1302],1,1,True,3.552713678800501e-15
ea55bc57d44e473f78a4dba3fc418cc1a23e226745cf7374e728f33b0176b627,[1303],[1303],1,1,True,1.7763568394002505e-15
663f0cc12378d3671022454db93dc5e26ee78386e7e14c612666419d0421e917,[1304],[1304],1,1,True,1.7763568394002505e-15
d1bb90573512c6ac39c9afb8972468e62a72a9fb0dc1db371e9c88971cdac1a1,[1305],[1305],1,1,True,0.0
40da1ac4d514d7c206c84693052598ccb31ee3385f7c5a2ca9d82e0e20461e89,[1306],[1306],1,1,True,2.7755575615628914e-17
2e7ef5ba3696ac2ef0b6911cb903b26feafe1766407ddf6779bf93932dbc6b53,[1307],[1307],1,1,True,7.105427357601002e-15
d929d3d0c12629e734813da148ddd12a165cf27f90ec831d3524cb637d77127f,[1308],[1308],1,1,True,7.105427357601002e-15
87aacb1deb3c995a278937467cedf713de7afa867eba17e475ccadf324766c04,[1309],[1309],1,1,True,0.0
3bdbab028b79ec7c5e7bdc20e6b2e44d23bc6f5ee894549848838a43420b5eac,[1310],[1310],1,1,True,3.552713678800501e-15
217b346a28ff4ea07d1dd77387ff9013e337c008e2249d8d10379856e53525b7,[1311],[1311],1,1,True,3.552713678800501e-15
b70b161c035532a6ade39946482b5740ef215acafcd55545bca47e07404008f0,[1312],[1312],1,1,True,0.0
920331a535a7b0c93cbd92c18b8aa0a179b572259715c64d6b34b4f61e99150c,[1313],[1313],1,1,True,3.552713678800501e-15
b28ed2f3e53f71cc959195667b55428849446430cb733337d3dce7bd761a410e,[1314],[1314],1,1,True,3.552713678800501e-15
1338d10db2114db34798f186aafca1e4425dc7d184b3c9cc111a329fe462a971,[1315],[1315],1,1,True,3.552713678800501e-15
e93e8f351e1c0219d651afa3da33d252b5cc189dd820d9defebb98957aebf81c,[1316],[1316],1,1,True,0.0
6d013227758eef2649c25bb3e779c08ed454f0757e552f79eee93c5d0ef6841f,[1317],[1317],1,1,True,3.552713678800501e-15
d1c7b27571c2e351bc561a9d6d0753f6d65d0d8dd43fe6c57ae1a5023a86ed32,[1318],[1318],1,1,True,4.440892098500626e-16
da579cf0455232869fcb3d28dec809a801993e55035291b5021e8d15d6ce52f6,[1319],[1319],1,1,True,1.7763568394002505e-15
2f2c39d497e88e7c9013d75f4866ef1d5f31e23f184c9fa5112d5152a8f43c70,[1320],[1320],1,1,True,1.7763568394002505e-15
cb2ee4ad2404319f6857b59a5f25c6952a414d5241551267ed7759bf1ebc069c,[1321],[1321],1,1,True,0.0
e50329b4cafbd4d7d2bbe3a9ea6318f73b6b90aff9c94a428b1e1c7b6369dbe4,[1322],[1322],1,1,True,0.0
34231a0595149821b117def4422490ef72777673cc6f070a89fbe1e24c859bc2,[1323],[1323],1,1,True,2.220446049250313e-16
8f21cabe85bed17b9699b5fcb582d13c9bdcc142aad23c2a3c2f758d814318bb,[1324],[1324],1,1,True,1.7763568394002505e-15
55018e368d6fe53acd1028ed352c544f3af02c61671b569b4e44e47920c1d6a6,[1325],[1325],1,1,True,3.552713678800501e-15
2be3dbfb581a76af843e0ecf8b8eeb81780318fe3a0b66d0e6237b74fba5e317,[1326],[1326],1,1,True,0.0
dd57e4f0de094ddb68604e12840033378b737255f8668ad4a1f61d09f186b6aa,[1327],[1327],1,1,True,3.552713678800501e-15
55feb1571c1900aa4b426b79fff415d41aad578f22a438d45c4d2bea939c3008,[1328],[1328],1,1,True,0.0
dd9ab012c319c6b0908c4f6a277be9fe39f7ac60a93f29b4caaa7b852c4b6292,[1329],[1329],1,1,True,1.7763568394002505e-15
b0931b0a5c8dedbb1a78761061b0fb03c89274110157f16a7d9a812148a0e5c9,[1330],[1330],1,1,True,0.0
de62fb4f1a34efda75687ddb1bad3fcc92fea68d596fb789f3212bc77519465d,[1331],[1331],1,1,True,2.220446049250313e-16
a725cc41c5803229417c74a80a30220362a621a5108de463685154127c337cb5,[1332],[1332],1,1,True,0.0
a2180c19cbb0f4edfa472a253a50abc07ab03a32ec46d94aa8ab78d7f16faa74,[1333],[1333],1,1,True,7.105427357601002e-15
a4bf541bc0846eda6b611e0bc3f5a31d6da9ec5d22fe0916d5f1e8923302077b,[1334],[1334],1,1,True,1.7763568394002505e-15
9f02e6faebb10b4cc7a6ffeda931f4c992adeba98d53cd451868b0dbedb86b99,[1335],[1335],1,1,True,4.440892098500626e-16
ca5fe5e8a6c3da6874348284b92a2009d3051b365352d029a7ea53f48fdce8b1,[1336],[1336],1,1,True,0.0
861ad1a6b92c17c2ce5147208beccc510dab353e64ded4019c5e63cc0f39abca,[1337],[1337],1,1,True,0.0
4f3541e06bbb6630f5da6bef49f67dc3a312d480d14745fbbfc8578ae0a503ab,[1338],[1338],1,1,True,7.105427357601002e-15
1010c34089abade8f1768a34675e2a8b8d3cd3d7ad40f4b5de4ea453291a9921,[1339],[1339],1,1,True,2.220446049250313e-16
ad75cfadd0ff743ebb41f4ad33201754e4f2358c7c79de82b453144d98862206,[1340],[1340],1,1,True,3.552713678800501e-15
b4381e41981e0ecb651fb7181a015ba1cff290f3ae0299d3bd9c5f2b7be69327,[1341],[1341],1,1,True,4.440892098500626e-16
b8696899c2a19d4be549a07117601a704e770c65ed8a5f5cbbbdf89c06bda9cc,[1342],[1342],1,1,True,4.440892098500626e-16
adc3d426eb3405573d359fd96696b9437edd47a6a4d97723e6d270f6b49e87d6,[1343],[1343],1,1,True,1.7763568394002505e-15
e989d395da7218a8529105a986badaf3153a2aebefe02f35b4e3b28293c28401,[1344],[1344],1,1,True,0.0
7e7689788f19d2c7d66626c8d00e1369c2256f451e83269b8a63b3f8fe06a147,[1345],[1345],1,1,True,4.440892098500626e-16
a6bce087999110b9e96c5dbeded9c2a18d7aeea7784877461dc6926e37c7e0c0,[1346],[1346],1,1,True,3.552713678800501e-15
92bc66e5384be90b560e5071248843876598c5918cc9545bd717edfaac00ab46,[1347],[1347],1,1,True,3.552713678800501e-15
3e115206c49d09aad2114e1551b6ae582a767390be0f21531a94b59c81d00819,[1348],[1348],1,1,True,2.220446049250313e-16
161a65909b9e40aa612649d29b9553bad2c33ca99f1d64aa4ea3e7feb4d942ba,[1349],[1349],1,1,True,4.440892098500626e-16
7578d4eb9bdf78b0ba7626e9c935c4e389006b803d73a800471fe230865cf589,[1350],[1350],1,1,True,0.0
ceff830ddbb389610fe9062d67fed3e0c5b19ec50ad4b231acdce3b2dd8cf430,[1351],[1351],1,1,True,4.440892098500626e-16
25e8a859a7a1a3541676a94776555cb303a26efc8975d262640345f60dfd5fb3,[1352],[1352],1,1,True,4.440892098500626e-16
61fa0f3e210248ad7decd5a7741bfb4628d4c01c8f637e8a3c4c87ec1705dc9b,[1353],[1353],1,1,True,0.0
da0bf74948956beb4fe04648dd06bd34cb9957ce9cbe073754194598fe0cc80c,[1354],[1354],1,1,True,1.7763568394002505e-15
83f7cf819d4b39b67e2a6ad4a704a88746fa6e719ce393f1fdf8a846e024ae1b,[1355],[1355],1,1,True,3.552713678800501e-15
33c9ec487a1e675fc903e0e82e9c3ddc375b67317fdca685c7b9ef3f8be0d5e5,[1356],[1356],1,1,True,3.552713678800501e-15
cafcb2e0d91325ec6cf662160c8cfeed7a01452bc9f148453b273809aed29a9b,[1357],[1357],1,1,True,0.0
a685df745e791e8901bfcfd2219d9bdab56962fb77ddb050a7831df5b5c04158,[1358],[1358],1,1,True,0.0
963bdd5145b46ff6a78eb3e7ed10adc4b748402fe41596de30553da63d27dd91,[1359],[1359],1,1,True,3.552713678800501e-15
7c2083ca496ee8be02e077b21bd946ee30ff060958aded8f2a100dbafd26801b,[1360],[1360],1,1,True,1.7763568394002505e-15
227f1c322e8ca18d509df402cf63ecd2b9ad824f275f676cb2120f0ca9a763d1,[1361],[1361],1,1,True,5.551115123125783e-17
bc7848dc30046528e2879b03425723aac766b68c4f1fed2aefc121ca0a7ed791,[1362],[1362],1,1,True,7.105427357601002e-15
d5c58edbdb9db2d1efd5ac2e3b6f990186a58d8d16d0550ba3d26da766d97565,[1363],[1363],1,1,True,3.552713678800501e-15
acd505b7aae61521cfb55de9894e798b4fdcece60e3d5e2de94817ea5d73e73d,[1364],[1364],1,1,True,0.0
1d0922f363ebcaca5dcd74960abffdc33b628b929d760d59baa4aa9ba6547821,[1365],[1365],1,1,True,3.552713678800501e-15
376140db9cb3ce87b323d6d312ad4246f134ca6fcbcf75fdf84e82931671b178,[1366],[1366],1,1,True,7.105427357601002e-15
83abe333296dbca64005e7f5e45d1866780aa81e4c6284e2c47cb355b764c039,[1367],[1367],1,1,True,1.7763568394002505e-15
9b4c8b2cfef75a15fabc3ef4f4a404afb969ca6125ec734206edf61e9c077cf0,[1368],[1368],1,1,True,7.105427357601002e-15
e96bc4420d991ff07a35d75846e91507aaefa616a1818334bc10a91d91631ac9,[1369],[1369],1,1,True,3.552713678800501e-15
ab387a6916428a4671198ebfbef6d54f46b5757490fb7ae8ea22952d1510e429,[1370],[1370],1,1,True,3.552713678800501e-15
52f39b996f63e57aadc943301e5f6f8a6e9dee609ccc580f6854e22e84f1ced2,[1371],[1371],1,1,True,0.0
f2b0fb0b4b9302edfdea64f21a0e39b78a4738113c1d1e8cd7604bae808c061c,[1372],[1372],1,1,True,1.7763568394002505e-15
7282da65034439a72e88045d101c6bb31acd16072807af41f808da904f3a9fbe,[1373],[1373],1,1,True,1.7763568394002505e-15
fa9c8d16246c12f9b8df8bc34efbadbffe4c5ba4ceb598e7078343f6a91565eb,[1374],[1374],1,1,True,7.105427357601002e-15
ebf3c5bad8ded7f5138ade4b0d4119474fa41aad0c779cf8230d071b90cd8a3f,[1375],[1375],1,1,True,1.7763568394002505e-15
edab94c1afea781d64f1b2dfa206f0718119e3d2472945044c1edf27c143f05d,[1376],[1376],1,1,True,7.105427357601002e-15
d34b2d0fbe415d82307104436d55291339d6be26f1c8c646f779dc731bc253c5,[1377],[1377],1,1,True,3.552713678800501e-15
32a5e74858af0a799deaae6999a1af78cbce5b63133046210ee63b4bb678a25c,[1378],[1378],1,1,True,0.0
fecab8026ffe88033482c090d1d110e369a58b5d84e54483ed8bb6650475c8f3,[1379],[1379],1,1,True,8.881784197001252e-16
45a9caa92abacb43a4b1c2343fb0f483c19d3e5f38c8e8e5213d5d1acf88b149,[1380],[1380],1,1,True,1.7763568394002505e-15
f895e3dc3f095609e1fb4ba24909f319ae3d84aaa3ec3424d55748ea987bc292,[1381],[1381],1,1,True,1.7763568394002505e-15
da5d5249c46e0e6db8eb03304663f22574841213a574b16377b1e2f474be14da,[1382],[1382],1,1,True,0.0
84b234e7f32cdad12109041757dfe74a90dd1be6f7cfba3eb6d1a050d8cff95b,[1383],[1383],1,1,True,3.552713678800501e-15
7adabd2aa3fe35ad307cf72288b442faace89bf82d0c32f9570aa8a363ef556e,[1384],[1384],1,1,True,0.0
2daf355685c602ffa15c1ff178be009bcce96302aa2d020bb3bbf2d14ccc753e,[1385],[1385],1,1,True,0.0
92aee48f00c75f6cf948ad4ddbaea083751bad35a2a90fa7224d4b8889c3cba6,[1386],[1386],1,1,True,3.552713678800501e-15
a8c30485400fd1346c69066526f7fcb47aa3308302cf65a8552fc030967ebe79,[1387],[1387],1,1,True,3.552713678800501e-15
41c7c755ad34b1c619ae6f93a8d461eca370934d1e2dc4f37a56b26de7a59d1e,[1388],[1388],1,1,True,3.552713678800501e-15
d9e8dbd3e3c45d11a9a94c5b8d885f7c19d94449280e97fb6ee8c063c14711ca,[1389],[1389],1,1,True,1.7763568394002505e-15
63d64950906b1c89dff6eb8623b06609d574b89753c127a4515b0bb55ca3b68d,[1390],[1390],1,1,True,0.0
69ee86f4a05ac00b964724bead864c438eb44d79233227b009720dd898ed5f1b,[1391],[1391],1,1,True,0.0
ec730f6798c8d99c299ce02c54dd815f3e7d347d3d9a25d913b93fe5f3418c85,[1392],[1392],1,1,True,0.0
449409a61f0b0c9b0edd5d807544935e9ade36be9b835bc2912cd2102f88dcb2,[1393],[1393],1,1,True,0.0
cf4b9178f1d920900f948c846da8771aeaabf87e343adc96b2edd16f51f34f40,[1394],[1394],1,1,True,3.552713678800501e-15
cf9e343f66b082e953fd4acb3e59facb2565f2fe48592550c8d4ec75d8e85d7c,[1395],[1395],1,1,True,3.552713678800501e-15
5955bca0f1d224d70d12d68f57e480345b40dbfd8f9adf0f2e5a27e385f62d4b,[1396],[1396],1,1,True,7.105427357601002e-15
fc9a43c7f8d1d48ec5356f369ac7835006fe3709fca0e1b1c37778bceca36f37,[1397],[1397],1,1,True,0.0
c9e56cec1fe182bd25f92854877208c8e47881e81fe926ffc64323f6bd7d176c,[1398],[1398],1,1,True,3.552713678800501e-15
1c7ea64af6439a01bf0ae2400888c775f26e2a7c0bed85c7e36fbfe7f944d7b3,[1399],[1399],1,1,True,1.7763568394002505e-15
eb02dcd4ac4123153861c5b424013371cbfb0020776dd53b30cb423062698d1f,[1400],[1400],1,1,True,0.0
040a4b699f610e2b024eebb1e2dd95a958fb251d7fa5c6572f6db019794d8a95,[1401],[1401],1,1,True,2.220446049250313e-16
31b01b3337cc5cb1aa1193e0994652cf49460115b734783246deedc73919d35f,[1402],[1402],1,1,True,4.440892098500626e-16
7f08bc6658dba937e65f3cbe5cc9df772ab7c57e5a36f535cbe6b44d08394a0b,[1403],[1403],1,1,True,3.552713678800501e-15
aa42e2cc5e414efb2e23a4514af1be853e550818a9b7dd3dc5bf158a4ef60035,[1404],[1404],1,1,True,3.552713678800501e-15
9f3ef4e71b2d6f67d637c78bea64f4a1ce50baf50e0c9bb89dce937574dc1e3c,[1405],[1405],1,1,True,3.552713678800501e-15
1b446097cb5e63466e0e0c535af41903158c0389f6efd02de4742d6755b8745a,[1406],[1406],1,1,True,4.440892098500626e-16
2edf3fec20c670847f0277cd3c15a9656d57b36aa72635d8f22769b66bede31d,[1407],[1407],1,1,True,8.881784197001252e-16
71106d8565a66aa3f422a12d9090ba1faf731daa346da267928a63f63c2908b2,[1408],[1408],1,1,True,3.552713678800501e-15
481627569eaa11b486ae43424a3454e187fa9b920e8d69cf3684142a0785cde9,[1409],[1409],1,1,True,8.881784197001252e-16
a4d8af44b60305e6acd36aca42dbb25ca3545291e5739b294e3144f3439d2231,[1410],[1410],1,1,True,7.105427357601002e-15
f5992de22713b9536ae07e8cd84b2e6f8a7d7b1347d7b6a654d7d3705f7e73a7,[1411],[1411],1,1,True,3.552713678800501e-15
567a59e9d51ccf47b99f986e935335f71c6883ca7e086c1a47333ca3ac81e4e8,[1412],[1412],1,1,True,3.552713678800501e-15
358387e8268e17159a0eaabc673cae425657d4c54534f3ad2b043d2cde00a2c5,[1413],[1413],1,1,True,1.7763568394002505e-15
fd8a1f4ed86756d33bd41c18d631d362bde93a4e139f35d7f24741eac8a15296,[1414],[1414],1,1,True,3.552713678800501e-15
7dd1385c29b00087fe3a285ec28222da01ae4421431e9049991a2f3f0bff22e6,[1415],[1415],1,1,True,3.552713678800501e-15
d7504462bc49ef45679b70cc3192bf1f8cc01d670a61fb8259636e6901314284,[1416],[1416],1,1,True,3.552713678800501e-15
ee4fbbea7f73c2917e9ca33206ed4c10078ab16beed4daf5ab8397ba58b68d0a,[1417],[1417],1,1,True,3.552713678800501e-15
b7af397bb743b3c90662dab21040002e001e0664f197d7621b71dc3818daed24,[1418],[1418],1,1,True,3.552713678800501e-15
0f36b59c70ec1a584dadbe75a00ac637f204e32eb69f05323f5991e75592a2e7,[1419],[1419],1,1,True,1.7763568394002505e-15
04ea87560fa7fb98ac11b2ae95f9e7c054941a1704fa57c6d2dc1e1ce599abc4,[1420],[1420],1,1,True,4.440892098500626e-16
3f3eee871efeb7e45b9af7d19051ab3b015e065ed71a8ed808e02fc16c40b934,[1421],[1421],1,1,True,8.881784197001252e-16
278c656a6602a143bd51b38ad97e6322a510ee90cada720bb5f612f11782bc2f,[1422],[1422],1,1,True,4.440892098500626e-16
dfa25ebe3d49d5048c3be79bee546a925f20434fad962ce0436ce2ee344d4dde,[1423],[1423],1,1,True,0.0
9a29752c2c18f973b3cc129fb4ce8ba8e64c673941034a7bd4bbd802eea2abcf,[1424],[1424],1,1,True,3.552713678800501e-15
0196f9bc3dbf4d6a9224ba318be95a2ea193e163e0d7d82d0129b24e80ff65e5,[1425],[1425],1,1,True,5.551115123125783e-17
04e4635dc25d25ad2e16519812eb3788cd01d098449ceef5f8e02306b055bfd0,[1426],[1426],1,1,True,1.7763568394002505e-15
268b0097fb2a083db3caff84cadefd445f3eec19379e7fcf7d82aaa0eea1cfef,[1427],[1427],1,1,True,7.105427357601002e-15
18ac519d2335337a55a2870994752d54b9db7ff660f5133bce0ddd0ba8977216,[1428],[1428],1,1,True,0.0
ab1c06883f8e829a4c8944962df991d39358d2d1d771853f1b30f99dcabdae51,[1429],[1429],1,1,True,7.105427357601002e-15
0c972605f4dc260c23f4360b456666e0e1e6ffec5fc055eeb91f02f29a3906f0,[1430],[1430],1,1,True,0.0
2e617ba63d80127fc24e3b191de64737efac1f509c31e003228c04cbc00f6049,[1431],[1431],1,1,True,1.7763568394002505e-15
78f7ce73a24f31c78893d623a4806e0755fe903e11e4c0cd9bc487a46d630f2a,[1432],[1432],1,1,True,1.7763568394002505e-15
edf2d0bf8da777d304976ac5d725b9d6dc35c03e726688f2a131e01febfb0131,[1433],[1433],1,1,True,3.552713678800501e-15
346b96474d609f41845dfe90c76facd1c794d8105c54e090078d36e10cb45590,[1434],[1434],1,1,True,3.552713678800501e-15
84e533925d2a7ecb238b60025f85c357b479ef6a8971a929dea24fda3c499d7a,[1435],[1435],1,1,True,7.105427357601002e-15
4fb1622821b6af8d71831070a874154ac69d55bd156886572c37ba8239ce1205,[1436],[1436],1,1,True,1.7763568394002505e-15
d532cfa7097f1f8676b7e2ec1fc65967ffcbf83f379bc01d06deadb8ddef01d3,[1437],[1437],1,1,True,1.7763568394002505e-15
d980f8d6ce32a6a472d5cafbd8b55283f4d5142f3ec06920652e6390602c3464,[1438],[1438],1,1,True,0.0
4b3f2bf1f32680c902905db77120f79f93de546db7b7accd9fbc5963e0da3ce9,[1439],[1439],1,1,True,1.7763568394002505e-15
87259acfcb368de099eca9cf8d99b0ba68c741636b6465b1a8b0cd88bf7a23b6,[1440],[1440],1,1,True,0.0
1971203ddc8844ed86c226325abf5e4205c3e7538059f0692e185862b64b3173,[1441],[1441],1,1,True,3.552713678800501e-15
f517aee664b9532b6e9a819d71e7bf2061fb0b9cbb804423f1bf76628e1335c8,[1442],[1442],1,1,True,7.105427357601002e-15
383c705a6a2b169909e54e342120c15a32360227ede19ccec5520de4d38be08c,[1443],[1443],1,1,True,7.105427357601002e-15
8f10ae2eecabe85f3e0f0b2780282f215056d1f9b10ca6db91e3b4d99ef924ca,[1444],[1444],1,1,True,0.0
883c1dc4c360af33a31f5c655688ac4bfa03ad8d61e22c464a07a0de37c95f5a,[1445],[1445],1,1,True,3.552713678800501e-15
2011ac444925cb154ac0346f62f711412b0a22428afcff521957c830f8252499,[1446],[1446],1,1,True,1.7763568394002505e-15
4f3777f3ca766c1345662e03358d4af27a8ff5680ac42d01b0ff065b6937824d,[1447],[1447],1,1,True,7.105427357601002e-15
6aed7c8ea42f3aa6282ce8ef510b0216bed41d7c81984cf6422be3b17c5c08de,[1448],[1448],1,1,True,1.7763568394002505e-15
9786f7952d060941c2e3d650a1fd3dd3f476e272dcfd51ab53da0d14a6630f7f,[1449],[1449],1,1,True,7.105427357601002e-15
ae046b7754e42f400590ee5624788e6baa0c91265d39a48e9002931c01b96c94,[1450],[1450],1,1,True,3.552713678800501e-15
2cb39b0fd9262449c3a270e0d810d8473ecd37dc49176ecf39f0e3d55b916f9e,[1451],[1451],1,1,True,7.105427357601002e-15
fb473b9a975bcff824b1f43082682df7178b6890353a8e4d64d3cd6e9d411413,[1452],[1452],1,1,True,1.7763568394002505e-15
75f80390234d4d57b01ec89e447dd6c1d9247cc7f2d002b42e34e9c2a14f8db1,[1453],[1453],1,1,True,8.881784197001252e-16
cc6adf44e883fda55cd4420ba66a41f8ebc190e07122ee96e5289448543bd496,[1454],[1454],1,1,True,7.105427357601002e-15
413b31a222151582f50f31d7b2bd825c24dc6c51a299e96d180df769f90ed359,[1455],[1455],1,1,True,7.105427357601002e-15
4314d9c7ce29473f85842782380ef51be3dba3942ff13f6a5bce2b9f0842cfff,[1456],[1456],1,1,True,0.0
257c879f382866894b71699b442b1afcb49d08429f102815f110aefb4622e9ae,[1457],[1457],1,1,True,1.7763568394002505e-15
df82f36d35aaf920531d4c454db5588cc84d2ef9153005bb1efda3276bdf528e,[1458],[1458],1,1,True,1.7763568394002505e-15
e97989f716da577c40491f397bc7969a79455d1b8877659007a7a41c201ac96d,[1459],[1459],1,1,True,0.0
84e4dfb31727a844235e92ae23c81bf1252123be17fc8e39f52b5004167998a6,[1460],[1460],1,1,True,0.0
0f2fcf8295b47d83a53c85578b8dc817109792e9a9ff1a25d1e3a9894a6dac26,[1461],[1461],1,1,True,0.0
97122d4594b644382df35f904e46f1418e9c2dc546cd2c769ab9b04069cbccd1,[1462],[1462],1,1,True,0.0
d639c2a72a3da0c29304c23cc46e1d3021f38c65f59f4a95411f1e98e6536bf3,[1463],[1463],1,1,True,0.0
6a596510d37de3f2d0d1d3ecd9cef083ad35fbae905d8ca6004e618efe6e8d4c,[1464],[1464],1,1,True,7.105427357601002e-15
3c9fb58c8c47405f28a2df2baea5b9e488bd46021047d6d12a979d6ec3cf5a1f,[1465],[1465],1,1,True,0.0
8c3aefd0629b07194d063a7434b64e8ee84a58d1cf54f65f3a7d220c3b62a223,[1466],[1466],1,1,True,0.0
889c29900d2cf144d224ec7dc39a38b2e4a0d504962ec50c17438faa831f51e0,[1467],[1467],1,1,True,1.7763568394002505e-15
a35976422f4af4c76fd98a947b941ea621b47d5ac0393d81f122b11c47a9dce1,[1468],[1468],1,1,True,0.0
18977a225980123df480daed377ebc8803e41be0d2b619b372060ac702b46666,[1469],[1469],1,1,True,3.552713678800501e-15
41e1a5af8a3e39c04841c936d623266832a53f13daf8832514d1725e9f5c6967,[1470],[1470],1,1,True,0.0
653da9e5700c452adae72227251d949a403013e814a11d0de5ce24e7b251ddd2,[1471],[1471],1,1,True,3.552713678800501e-15
5fcbd05426de4af409b1cfcbfe07fdf79b8c82c59a5e37b0d93b8d608ff1e789,[1472],[1472],1,1,True,7.105427357601002e-15
6ea40ecea12eb49e17558213d6c82bc94bc1db32257e47d44a3b765192e9ab8e,[1473],[1473],1,1,True,7.105427357601002e-15
a7287bd516b23d5a10a642c28253f2784a7290ecc1050a1e12093b0d20b584cd,[1474],[1474],1,1,True,7.105427357601002e-15
a5caeda9f65a490f56243b5a20f34d543be3aea49680ba19285a4aaa7f9a425a,[1475],[1475],1,1,True,0.0
9fc9b88f7dc258d29d4fe0f69c67999c6b3d5848ce64417a3a0762d1d2311485,[1476],[1476],1,1,True,0.0
e80f2f89f308edf3d6fd706387a3ea1bdf1ecb45437d45584917ba1e8c88af30,[1477],[1477],1,1,True,7.105427357601002e-15
7286840a6f2edbabe354064940515d2bb7d9561fdc8ec34eedf73eee59e23d6b,[1478],[1478],1,1,True,0.0
3b50fdc0a9a200df18256b89b4fb413293c3eaefda80432e5cbe6ad2a151e666,[1479],[1479],1,1,True,0.0
6b6f7615805c0f1864680169371cb44de8c24979b31db591a9d725c85eb1d787,[1480],[1480],1,1,True,0.0
c60a64f395e336124dbed6062f282cd5822d35ba4eb1d357374b0c29003695fd,[1481],[1481],1,1,True,1.7763568394002505e-15
d991e95ff7d7c0f5fad4b5f45de5ca575a6dc43e29fe756e4f537773f912bf43,[1482],[1482],1,1,True,1.7763568394002505e-15
b7f1e52e9801871dcb655a95bd01362052e796894867cfc739cc0cb8e3bd6f33,[1483],[1483],1,1,True,3.552713678800501e-15
5fe3e0a2b74301c861491d6859af3d84bff5a81f931711ddc5b6fcdb678325c7,[1484],[1484],1,1,True,3.552713678800501e-15
237a27d011853fec28a02979e4acc015096a3ca6268f74c8a930ddd49d02be15,[1485],[1485],1,1,True,7.105427357601002e-15
1df195cb11c90df72494c922333f9e4ca571ae50ef61378cf750730e8036df40,[1486],[1486],1,1,True,0.0
ad5732a3bb137f5b9cb28e38741dc842b9a3514de035a34ea5fb274475d76aa5,[1487],[1487],1,1,True,1.7763568394002505e-15
4037b6ff6410c5c2a34d441908cf0ae735f88d1c962c922bd35e41edcd3c487d,[1488],[1488],1,1,True,0.0
e54e8d564e944af98806b6039f82661e666e052bca0ca8b7ef8cbb74b5538e4b,[1489],[1489],1,1,True,1.7763568394002505e-15
15940bfa5be2bb854691721df05f58399dd411f8836690dd227b966060d5037a,[1490],[1490],1,1,True,0.0
9344e951cc82d858f87531081a2ad1e76a1e199808738f3cfa41899bd744bc00,[1491],[1491],1,1,True,7.105427357601002e-15
725b6039b9ca9e728526426367f434197c16b830a5916249c0858c774354a36b,[1492],[1492],1,1,True,3.552713678800501e-15
23922ad9910cbd5d3c4722f97c46290a0f34598391ada247055fcafcc01076dc,[1493],[1493],1,1,True,0.0
5666d951feee9908c36fa5bb048ca556ac5a6ce4ebcdf836f04b428acb0653a7,[1494],[1494],1,1,True,7.105427357601002e-15
9fe007a2492c0bd7779876a32b233edb8fe6c80eaead57b58259289e52190132,[1495],[1495],1,1,True,1.7763568394002505e-15
576835595bb8b47ecdc69a4cd20f7e2e65134b6ff438ce7f19ff7ed0ca9db252,[1496],[1496],1,1,True,0.0
c25e7e13589bdaef3fc607d070e5dbdab2c0d6340898ede84c99f2799da35837,[1497],[1497],1,1,True,1.7763568394002505e-15
acf651236686762fddbaf2a9a12c05fde52ce63418425143745c1694410b56dc,[1498],[1498],1,1,True,7.105427357601002e-15
569da69aa66864ca316c06fc3060ac5f2c60e9f62f7d4e2c83e56bf58ca98e4a,[1499],[1499],1,1,True,0.0
77d97589b6eed01ee562f3dda3b1ab58e90049d23bc3f6694277e9670f97e7f3,[1500],[1500],1,1,True,0.0
c1016feb08b34c01c840090aba3d3e21bc94032fbaadce0be8e4a2d7917cae9d,[1501],[1501],1,1,True,3.552713678800501e-15
e7483089e98737ce3b21140e997c58cb371453bcf43366f93a8fe166de849ef0,[1502],[1502],1,1,True,2.220446049250313e-16
b09a575e5fb9ac484ea4af4f5543c481b3fd3f16a4a1516dd71a104d53c565e0,[1503],[1503],1,1,True,1.7763568394002505e-15
787a1a48213879cbab2e8fc351f3bda6b21d1b9df7990cca83e822240611e416,[1504],[1504],1,1,True,7.105427357601002e-15
d620f8a55211010d9252834e803ba56176da8eb63a2022001f985c9301f3759b,[1505],[1505],1,1,True,3.552713678800501e-15
08200ca77317fde788cc801a4a711eaa8cef37d7731aa0036bed7c69c90ad4ea,[1506],[1506],1,1,True,3.552713678800501e-15
63c17194bb0ddb64f1016320ffb089810c7f35de4b6caaaa82670fdd20824f39,[1507],[1507],1,1,True,1.7763568394002505e-15
fca6a9d87168a0540ab10f2fa21b117a71bf7d1f4bc7b75463fde5481cb2b8c4,[1508],[1508],1,1,True,1.7763568394002505e-15
1045e71710453ec243c908d141e2579e787ed392262b60727b73bbe2cf84a080,[1509],[1509],1,1,True,0.0
67c1c4fc05a68af4cdff95c31e955f3a16fc8af1e823666c62ac8166ffe5421b,[1510],[1510],1,1,True,1.7763568394002505e-15
4187ea5734bcfaa8b28f81b642082ae864b5e762d19052f307b161ccdb49d9d8,[1511],[1511],1,1,True,3.552713678800501e-15
28673e1d24f1049ff769edeb77aa058da8c6c9348e13a62474b781eff05ded96,[1512],[1512],1,1,True,7.105427357601002e-15
bd73fc0bd4b9d8e43fb08d2dd9dcca256e523f10053f7180eee8836de40740ed,[1513],[1513],1,1,True,3.552713678800501e-15
3cc49d7cc1ba133c40d556e1b0c2057eb241bb8078c03a8a2e630e5e4c34f5b1,[1514],[1514],1,1,True,3.552713678800501e-15
cd581564cd14b93ad65f448b27077665f79ca94ade2a491bcac6adee789112e5,[1515],[1515],1,1,True,3.552713678800501e-15
f9ac19f5e80099944e8eacfa6f178cf3544688f8d7a37d9fc53f87e5279f38a2,[1516],[1516],1,1,True,0.0
8fc7d3b522207acf9cedc8b97f7d45558cc43e9dcee7fd119e92a13f339957f8,[1517],[1517],1,1,True,1.7763568394002505e-15
d2713a0af40607732fca4e7b10587a6f65d37db2b306ea1a51cffda9258b168f,[1518],[1518],1,1,True,1.7763568394002505e-15
6744c1e96bfe3990f9411c80333bcf5bfdd83217e388b8c19f09570ba1d76140,[1519],[1519],1,1,True,7.105427357601002e-15
b5ba0b6e68ca413fca1d82d1b15ebde4b355669d63c2d5fe2bbd16723994e53c,[1520],[1520],1,1,True,1.7763568394002505e-15
ef3b08bdfc89dc94329e4b42c6502e2c485e4a8a251023a40aa8551e35d5b798,[1521],[1521],1,1,True,0.0
bf87cb5690e610cc202d93cd8cd5636ec5ffe23ebd8813d89a7a6516b9d609d0,[1522],[1522],1,1,True,0.0
ac0e3794389fd201e3451710764855e196829ff7eeae9bd6ca5d11bee09f22c5,[1523],[1523],1,1,True,0.0
1d59cb71348ae87de1b6b360b58ab24c4024fa98b7b41b633cd9990dbaa8f41c,[1524],[1524],1,1,True,8.881784197001252e-16
ad552c99295ad4d2e78ac27e10bf457a7ee4a63dbc3d02fd021e2f480691a079,[1525],[1525],1,1,True,1.7763568394002505e-15
3f7c626beebe6be359c43991e06fc67923fbd1b436da2d194e5f0cfe0892b0b0,[1526],[1526],1,1,True,3.552713678800501e-15
ae092b86366491bc519ec8639139847418725200741754716864239bd6bdf8d8,[1527],[1527],1,1,True,1.7763568394002505e-15
c47f44d34068dc92539a0ed6bfef3c1357da40fbadd69a1a4e29460c18b9578f,[1528],[1528],1,1,True,1.7763568394002505e-15
5f035b6da6ae0481243d3f5a28fafa180c71ca54479a0098cc5f78c041ba25b3,[1529],[1529],1,1,True,0.0
ce4bde7e145f0810fba957a8872a669593c7871771ef4150b019aa9ef616b717,[1530],[1530],1,1,True,3.552713678800501e-15
c10d5b5738a296300a362eb41046cc49a679be451e9f17716f4d870d2ab2050e,[1531],[1531],1,1,True,3.552713678800501e-15
914f44aeb97d30aeb77097c064f6fb5218b8f5e0b4a5895e95dba8cfcef4013d,[1532],[1532],1,1,True,3.552713678800501e-15
4f2a0f75766d91a5435df149b4e24b9adc47c5e4f14685af58c21621e957bfeb,[1533],[1533],1,1,True,3.552713678800501e-15
cad94c12b85ac57cb6329c1cc82b6f12726c15c266405be98b4278a5f63d58fa,[1534],[1534],1,1,True,7.105427357601002e-15
b9b86c6962a54986edd34b266b4d721fed5aee3c8e208aaf3cee76289853b729,[1535],[1535],1,1,True,0.0
71cb2641b67d5c94c1d6b4ddf8831deae0135f9081f4379a5f0f2dc1de815b74,[1536],[1536],1,1,True,7.105427357601002e-15
5831ceb07232b13203e2103ce2abf95c3acfd5621a4d07c54333f1a5fb872da0,[1537],[1537],1,1,True,7.105427357601002e-15
88243247dfdec29667bdd3f72fe58b85ce15ac4246889300ca0fe8ecdf45687b,[1538],[1538],1,1,True,1.7763568394002505e-15
b999cf700b8d1268804eea793b63d1f38d4113f25ed323a299f616b8d9d54601,[1539],[1539],1,1,True,3.552713678800501e-15
b10c7f92829d7cbfd7a0e780078b8057fb33f9f24298ced4165a31c246b857b0,[1540],[1540],1,1,True,0.0
68d94443f45573e5d0688b24d05d0bf55a6d1647ded116a78d9e6665e61d7c03,[1541],[1541],1,1,True,3.552713678800501e-15
3fae277d151a0e80121ca0bba540c20e41d253a0d2d9d78de60af77c3bdcc482,[1542],[1542],1,1,True,7.105427357601002e-15
c56bc20662750cae480bd031ebebc10b9256656e6f19ffea01ec66f1a6b5dd01,[1543],[1543],1,1,True,1.7763568394002505e-15
b56fbd604f3f0be4acaaac81a349122f6acc2af2b24e4f7378eed017c581174c,[1544],[1544],1,1,True,0.0
8b4e22c1328f2a523a07c4bce1ccb8dde8b4b32f18f25016b4cda19794e481a3,[1545],[1545],1,1,True,0.0
15e3134642a53c77f11045de04d22fffb29e07b9fb0cfeb9874f939b9941dfeb,[1546],[1546],1,1,True,7.105427357601002e-15
09f8ecf38a6f2f42c35bdd49ad26e81aa4a467c82db3e80e8cf75878a250d0ad,[1547],[1547],1,1,True,0.0
f9514a2b3f7f340be5b87e0df676b4be3718f39097926cfb691b1d4d2804fc27,[1548],[1548],1,1,True,1.7763568394002505e-15
fbaede1a3d7d2e42470994e9077e3a74e5c0ac6110be66a22951bb230b044175,[1549],[1549],1,1,True,7.105427357601002e-15
6a0d2e9f37a3cd8e12a444aa22e26ea5fcae1217a96cc1ab204e2985d14a5962,[1550],[1550],1,1,True,3.552713678800501e-15
0c48ed91d9cd9a0c4a6951ca40c95edfc87e68ad7ad2269814b3edeb00fe8711,[1551],[1551],1,1,True,3.552713678800501e-15
94b7358a00ea83d1bb3d8a7c8082a2e94958f0b7d4f7c608f425727c4f77c087,[1552],[1552],1,1,True,1.7763568394002505e-15
5adb0d63903765f8f31ebcfca551bdd0713cda5f3ba5330577c017196e1107c2,[1553],[1553],1,1,True,3.552713678800501e-15
e5fb9dd4af2e87b736beedbd0006af6916f6e355c3fa42ba6a44693480e8f9f5,[1554],[1554],1,1,True,7.105427357601002e-15
791c6d6f95cb1996041fef685435af9e1182a3c546031357a8a86c2262a58cba,[1555],[1555],1,1,True,3.552713678800501e-15
92b561cf22c0509533deb88f8c553c32e91dfb656efefcb340edbfcdcf4a2643,[1556],[1556],1,1,True,0.0
692e8fa92d1dc8a23abaaa5827cf0e48bc8676e20e80d5efd8d95d1eea4ea642,[1557],[1557],1,1,True,7.105427357601002e-15
835a098c91464da64a290ff1cbe049ec945f410320a5fceeb4d10218d34bb564,[1558],[1558],1,1,True,3.552713678800501e-15
a9eaf6f561560db020b6786efe361cd8a1b7a0ca19b0ac2ac1b59b0d3fedc78a,[1559],[1559],1,1,True,4.440892098500626e-16
ac949931ef39e8889c7b864c87b92bb17eca75e82a2270f7efceb30dd31d4877,[1560],[1560],1,1,True,0.0
d77b36f1ca2df9a3bad0eab0221f2376e42c80c6bd63b09c6e51274752b28b64,[1561],[1561],1,1,True,3.552713678800501e-15
fa26668b43e0d86c959320f7876411d1efb82d51c81a4f31ac0471d82881f7c7,[1562],[1562],1,1,True,0.0
939ff20b609c343b1b5ea8bdb179daca27c8f67c664a0af217a12b8cef314049,[1563],[1563],1,1,True,0.0
ecbe777783da5a896418cca4a2141c3d05cbe34a3dafd9ad698595aa1bc5566c,[1564],[1564],1,1,True,3.552713678800501e-15
0c67b509f3ad20070a5e09de64c8450d60aaeabf540d7a59c2b1850c3e57c1f7,[1565],[1565],1,1,True,0.0
fa28f1e0098185d8059f17c5bb14fc42b509435d91ff3c183b69c3ecb3c25a39,[1566],[1566],1,1,True,1.7763568394002505e-15
34d732887884ab6e77f62fb877536a2ee3524180d131b524f27f0d75a3609006,[1567],[1567],1,1,True,3.552713678800501e-15
172cd6a16e43817f688b9eb9396f0a16ec406914b521ce63a00a1fc478e95be6,[1568],[1568],1,1,True,3.552713678800501e-15
b92e6b89c47e70ca9d4083809b23a542888da6b257c0b6d2a59febc3bd924dac,[1569],[1569],1,1,True,4.440892098500626e-16
eadf3f621a26640588a232c9dd72e4fe470e603b113db962a05c0d6f70fad39c,[1570],[1570],1,1,True,4.440892098500626e-16
8e5dc52316a6009df1470334787a50fb9dcc5c011566c7f312951fbf3f479872,[1571],[1571],1,1,True,0.0
d691c1ae81529e6911500fa24823cbd9b995938b710b7ce3848afaecf5b9ced8,[1572],[1572],1,1,True,5.551115123125783e-17
83287a228abbb22b3f1b078543a15bf3002362c6789b5ff6c4023a1ef872f592,[1573],[1573],1,1,True,1.7763568394002505e-15
5eb2ff93a9fca54bccecf0536fb60d4a6735c65bf02550bcf94aeeb4ce905a49,[1574],[1574],1,1,True,2.220446049250313e-16
1b7d36b7d23d0b04b61db6239f2ff8b3e17b6c2a5f3b65d5b75c30e86f7ae058,[1575],[1575],1,1,True,3.552713678800501e-15
551755ce4189dad2aee6dcaa2326f3679797b4d311b0e349304946a41d3ce1e2,[1576],[1576],1,1,True,3.552713678800501e-15
ebeb186cd41f90aedb204e184bcc082f64ff875121d608aeff26b960ad61a276,[1577],[1577],1,1,True,3.552713678800501e-15
3b9bd93424d09885d38402da83f2fae30c2d9245a4a734d4705601593f5b9ee5,[1578],[1578],1,1,True,3.552713678800501e-15
fb48672cb078a3502c1e7ffc3d3d156fcff616667955b7a4f3ab77ec4f31eb59,[1579],[1579],1,1,True,3.552713678800501e-15
32019ae0d4ee7af2ebb3b93ba0d1ba171f181a524cc18a7eeff5c80e946e2daf,[1580],[1580],1,1,True,3.552713678800501e-15
2db82222f688040fe6ec893bacacd34a57ff00f5d114c21f7caf2189de9d6b47,[1581],[1581],1,1,True,3.552713678800501e-15
152374fb8346d6de65d6358fd8bbbf0e859c89caafbe04dbb0123b2fddec2bf4,[1582],[1582],1,1,True,8.881784197001252e-16
99ed682a75981182ac3e29fe9931e6d291979bb08f2acbbf7dd7ec730990602b,[1583],[1583],1,1,True,3.552713678800501e-15
e42c1c55c3e3c3ad7fb8d2adc20296272e680bf63f76c071ec63d08402a4f348,[1584],[1584],1,1,True,3.552713678800501e-15
6e45a88bdcd1c30e513bcdbdd3d5f7a25c8259a3de74bdc2e5467f60a7e5d46e,[1585],[1585],1,1,True,3.552713678800501e-15
934566b7618d896085cee743d3b4fed3655d41d29359fe5e5202cc856a190c5e,[1586],[1586],1,1,True,0.0
37ecf6d24d7ab6c88cb2c48a1afa2f2cd6e2e18e4a2e4cd75ad59ed32111507e,[1587],[1587],1,1,True,7.105427357601002e-15
f6fce502ce1115ca9a12aae14d4a0d7699b99f684b0529e2bc501bec6581c8f3,[1588],[1588],1,1,True,0.0
663653bded080d86deede0f1b4bd11074ea780b71e01cc556e18527dfb659626,[1589],[1589],1,1,True,3.552713678800501e-15
6f1e9dec1584026f37e75d261663547e5e5a6fe2eb3f97591847d8170a6d24c9,[1590],[1590],1,1,True,3.552713678800501e-15
46aceebfc9dc5722534b570283c3e3ffba84436dd68c55aeaabad126aae1829c,[1591],[1591],1,1,True,1.7763568394002505e-15
ae215b6af8eff0776ee82c01f966eb4d018737308fe81c97bd84af9a2f638451,[1592],[1592],1,1,True,3.552713678800501e-15
360669469f5121ad5bdbb5610a9f4d8250014c867897b8c4c045d3bd1fb72f6d,[1593],[1593],1,1,True,3.552713678800501e-15
6a0c9dc5642e668feea59d5e9dfba3a90c0422c7a51a613cf543a36eac3df022,[1594],[1594],1,1,True,3.552713678800501e-15
d121008d630b0efccf09f897bd0db0ba3842e83887c42b194164c2d84849ee25,[1595],[1595],1,1,True,3.552713678800501e-15
49f3b2a1c6139bfe6248b5beadbbb7e2e7f0713a61808f3d0f31788fe0a5dd97,[1596],[1596],1,1,True,7.105427357601002e-15
ca1135cf83e8397b23aec4a1a79aa274ffad7e984bfbed05ef41afcb6c3ea956,[1597],[1597],1,1,True,0.0
11b36d4aeeb2c55971aaa25e7d3edcb3f2318ae76fb9a0d3ecb4178d3021d996,[1598],[1598],1,1,True,0.0
2d8d685aa5b1029a181a65773baba350f473297d19ed801ce70cf4faed2456e4,[1599],[1599],1,1,True,0.0
f8e3981223a5dfbd2ee7fdf04c81a7dbc6f106ec05fbee954b7de7118cd190db,[1600],[1600],1,1,True,4.440892098500626e-16
a5fa49a96eb3a9519cd98a48d71f01fcd82a0d88f40a9cfeaa0208707aa7bdb8,[1601],[1601],1,1,True,0.0
42d194a3803ea2286a4fe0c384826be4b5b1380d92de8eef4f5f82716c723075,[1602],[1602],1,1,True,1.7763568394002505e-15
5b5ec3755b44080eb89a2a2658fe4beefb77c534ba59680fa8bfca8aa9d642ce,[1603],[1603],1,1,True,0.0
e6bbaf634c2a99ad73002bf37d15f88f2650d3a9bb84d1935c82cc22e0bba49f,[1604],[1604],1,1,True,7.105427357601002e-15
0a23d0a1c65bc5bfab0e03fb457c7644fa17a56fab018e5bc1bbe5c61d684389,[1605],[1605],1,1,True,0.0
1616e2bfa2d6c442e8512379f912cc87d15ca7d00d9599d9cbb7ea05cee751de,[1606],[1606],1,1,True,0.0
9481bcb2244f04230a0f7175b246b680f266440a6a3fa0009badf9d433d86cd1,[1607],[1607],1,1,True,3.552713678800501e-15
d379891a06a857e6447209524581f6fbc78af68493ab0604ce3f8d0a025267fe,[1608],[1608],1,1,True,7.105427357601002e-15
62a47fc1066cd324152bcc1445faedbb2e7c970a7e9d21fe7c896c6a68bfcd67,[1609],[1609],1,1,True,8.881784197001252e-16
3b095e9a652a10db530650d6cd24f64963aa6a005bed427e177cb97ae08de795,[1610],[1610],1,1,True,3.552713678800501e-15
85f0077cf10b15fec51be75cdefbeaf341ccb68b62b30710619844f2333dee85,[1611],[1611],1,1,True,1.7763568394002505e-15
9ca81a45ef21b7cf3a0de97dface0ec3b6488d5c3b213858fcafbaaddf3b5502,[1612],[1612],1,1,True,0.0
2329b1c392d38bed88a30ca87b1edb06c18c4c9738c0c65b2cb77702082dd8e1,[1613],[1613],1,1,True,0.0
dff9a8982f4915c517a37eb842c6edd51d0854fbbe49e999e466fc828557d2e0,[1614],[1614],1,1,True,3.552713678800501e-15
d85ecd867cf40c425b20328400ae59279b5ce4136a09210b967736c3c7070a6a,[1615],[1615],1,1,True,0.0
176de8115ce4db0ab7a1a40d0ce9f78b5e60dc64215f4da25267af03d0a359af,[1616],[1616],1,1,True,3.552713678800501e-15
03fc568c6311eff4a806d78807c40f11a1aa1dc67a7171cfa3c7362cf4682365,[1617],[1617],1,1,True,1.7763568394002505e-15
a6c3d231ccb541075018b31b3d075e4c80bd2fb7029b6cbc380eb87b47371a7d,[1618],[1618],1,1,True,1.7763568394002505e-15
b6ed4d5628dbcc84af509448d31428ed15bdb73e196f95137d3470a23924e4da,[1619],[1619],1,1,True,5.551115123125783e-17
8a64ead5048addef714eddaea4f8ae373f7b8a06721609b6c9b31dc1c1a16223,[1620],[1620],1,1,True,0.0
3715ac16c157faf597c344458e4796ee50653dc87ba9649a2384878f421b15cf,[1621],[1621],1,1,True,2.220446049250313e-16
086992880783cb459883578f925e791c143606eab561aa14e4413cb1452c6682,[1622],[1622],1,1,True,1.7763568394002505e-15
32bd41d60da7dc6e75c0fa141eb3120983ee4b1446c95a0600e01bf3c041949e,[1623],[1623],1,1,True,7.105427357601002e-15
12beaed0243e6af97c05131b5b1428d44e1555b80b698d1a29041cdb6f61e937,[1624],[1624],1,1,True,1.7763568394002505e-15
ba8a1067f464f15c12aec5e1a753cdba5115981315dc83357ad4921f9e662d88,[1625],[1625],1,1,True,1.7763568394002505e-15
50f5e92910e143d267c24c513c1f0990759f92e66f45f26198c85bd23730af86,[1626],[1626],1,1,True,0.0
9bc92f47fbdf3d734446738b8acd677b51a46f72f80b91780f582877dba01376,[1627],[1627],1,1,True,4.440892098500626e-16
f0e89e9e9afec8f1a46547eef11a91f7fdb6c75f6cc595e201f3f5cc69aa105c,[1628],[1628],1,1,True,2.220446049250313e-16
917f13c2b4142139f64745f9f086d8f5fd3e1655961469f4aded7a8bdb0ee074,[1629],[1629],1,1,True,0.0
e785ddcd277262c7d286ec53b93082cfe36f30b416451c0b712fff53f64c75e2,[1630],[1630],1,1,True,0.0
9a3376d012c67f45425e35de8f7980618b4be7c1058772483467e8f9420da1f0,[1631],[1631],1,1,True,7.105427357601002e-15
b15dc2c5f71713a4b02f83bdf2aa24ee7ad512c460fdcdaa0fe91fa8e7730e92,[1632],[1632],1,1,True,4.440892098500626e-16
ed3469eb1a4f383e0eea0c802843ef09b544d41bba0c4e30da02ef2e72b331e0,[1633],[1633],1,1,True,7.105427357601002e-15
b0ea0b5aae392f72d06bbbef43d17f383c4b085d4f94c2ea576ec45df05f7235,[1634],[1634],1,1,True,0.0
5b4991b138d2213c6e415b68fe4c13ba11bd84286b3161c480ff2c8e52d53d99,[1635],[1635],1,1,True,0.0
dbb9577cdd2db884905e90dcfc3ac17db14530b914acbec233566337750f512c,[1636],[1636],1,1,True,1.1102230246251565e-16
5e6e17bebf019060a23179212d51f774818cd4881988522cb2cdd672f0fd2e69,[1637],[1637],1,1,True,3.552713678800501e-15
af6fc24468674b2c090644ca59ea2a02ba35c8e2e18c3aedf752068bd11ab33b,[1638],[1638],1,1,True,3.552713678800501e-15
a6411e7ffdedf0be141053d778d96aa78cdae2244efd87a6e2924a5a006b74ac,[1639],[1639],1,1,True,3.552713678800501e-15
b17050a81371ef2fbb1a179047a65de08ac4428d0817c34c1cc0700983e175c5,[1640],[1640],1,1,True,3.552713678800501e-15
ee83d840787e688bf6977bfbcef83934dbea5d5911fb00e2f482f12458dae3bc,[1641],[1641],1,1,True,1.7763568394002505e-15
f845ea52f5d61e89ddf9d5fe32ca5826ef32d165e7f5e80a0e71860317a01177,[1642],[1642],1,1,True,3.552713678800501e-15
f449ee342610e5d9f0d01968c5ae6da6d99f9938742d4da77cd59b8cca85a549,[1643],[1643],1,1,True,4.440892098500626e-16
9bb715c38a0903b414fe4c4f680c8e25d9f6379a53b2de415b239167bf8051f3,[1644],[1644],1,1,True,1.7763568394002505e-15
88241f6bc9d05d93cddef33bfc153d725702ffe84a179a5079b7d9bc42f0a5c7,[1645],[1645],1,1,True,2.220446049250313e-16
d5a40ee94c51c75cb803f18131625682de3bbc67083d1fbff5b4844e97457e79,[1646],[1646],1,1,True,7.105427357601002e-15
cffd2a07847fd77ca78cdaafe064c18a234785c61ec0c622eb7e453d0b44c95b,[1647],[1647],1,1,True,4.440892098500626e-16
f1dd338ec629c0cb9ac8db3b0bfc6c6789e0f689773ab101ee1b3a389574e97b,[1648],[1648],1,1,True,3.552713678800501e-15
8d739a1b29916d0b623abc27ecffbebb6eee344dbeaa358db572bea2d295cae4,[1649],[1649],1,1,True,3.552713678800501e-15
15c8feeb4a474d9d6c9014907ba9d01f2125723d04fa3ec49769a01a094c214c,[1650],[1650],1,1,True,3.552713678800501e-15
f5bdef5d10dcacd13a25976aa6bd84c87d3a287b08df4f3bd0b4dab7ac859215,[1651],[1651],1,1,True,0.0
accdf74bc201d8d7e29e982919e24170a15918fd8d8370f2a886e745048bf345,[1652],[1652],1,1,True,3.552713678800501e-15
1838f4fabcaf777e5ae267eca34edbf494927239861ed08bf301bb110a70e56c,[1653],[1653],1,1,True,3.552713678800501e-15
b81c04d5224857112ba190815e2dad732add2bb31df15365f2e8f2cdc3b11f22,[1654],[1654],1,1,True,7.105427357601002e-15
8de0072f1c14048949a7da4b99d084e5ed166113891ee489bdefc2245bd877e0,[1655],[1655],1,1,True,3.552713678800501e-15
168efcb61dcac739019a3494fbe58437435903cf1dc2f97eaf295f0c445e43e7,[1656],[1656],1,1,True,3.552713678800501e-15
53aeb2430d454f0e9e46b1ef45d2c39180b3261b18b0a64e1a3b3ffd16558fcd,[1657],[1657],1,1,True,0.0
5ef79142866ca82712acc3b9c88fd8bd02c96eba9b85c1b927c8526e373a6a40,[1658],[1658],1,1,True,7.105427357601002e-15
2a5e168e5439361d57c35810ac23b5310efee4ba45964efc8f25f2920ef35c99,[1659],[1659],1,1,True,7.105427357601002e-15
3adaa669c19f635f30171714719503548760232d02ad197d64674582ae87a862,[1660],[1660],1,1,True,7.105427357601002e-15
d1b2056b38b130803e0ce59e1599d8755dd7ece618bf464ddda1978ed8d56790,[1661],[1661],1,1,True,0.0
2634478738334a88c4200ecb8d29714a3ae125f335770878379e29730e3ca62f,[1662],[1662],1,1,True,0.0
4ea24ac3766c5498b6bb61ec385e014d8dbd0d444bdd9844a29f36010740522f,[1663],[1663],1,1,True,0.0
a1b8829d2d290c7f519200e50da17bd080696b6e5e2f34f37ea8e954716b84ab,[1664],[1664],1,1,True,0.0
1d7bff9d7fc199294dd7d4390156e0ba40d773513ac2aed657aed2aff56a1d75,[1665],[1665],1,1,True,3.552713678800501e-15
d7cc3a7737d68e7505debad66bf5e5cd0cbc04457f6e55913f3a925fc2fa0e7d,[1666],[1666],1,1,True,1.7763568394002505e-15
10b7b0f5233e61438ed92b9434e6fe456178fb0b66f61524b865a2e04f949b5e,[1667],[1667],1,1,True,1.7763568394002505e-15
6fadf4880321bb3f669a19d739a9084cfd8c96e6bbd2e18375706c7662aa305d,[1668],[1668],1,1,True,7.105427357601002e-15
20b557396b5c3cb49ed9861db625ccedb4e0e4f7d7f4289d9be358b6946f4bdd,[1669],[1669],1,1,True,7.105427357601002e-15
cbcf6ef401f4c4484ec8b9c703a7abc983f94302576cfb19cdca932f81bb73ab,[1670],[1670],1,1,True,7.105427357601002e-15
b96e48af4e21f67251489e2cb56122b94dd1c3e0f6e317dab5ec6c25193a53b6,[1671],[1671],1,1,True,1.7763568394002505e-15
2a9a34bb7ed5d6f4b25aa6da10282418c8c8c79eeeb7d5ae6d5c59908624ff23,[1672],[1672],1,1,True,7.105427357601002e-15
a0eb35bf072b97d3b16a68b24c6522124b8fd5326ddb7d032e78f494ee93cd47,[1673],[1673],1,1,True,7.105427357601002e-15
881499ca8fb697dc549d3329fa086ae4666b897804e34e3cd586ef7868b5f86a,[1674],[1674],1,1,True,7.105427357601002e-15
494da708090bf8429d7b974a7ef7fe231fa6e4b0608990cd61928b36094cc5dd,[1675],[1675],1,1,True,1.7763568394002505e-15
6487afe4a9953a914a2dc48c9154fa4939ca1af66cad07dd346bb5888684fda1,[1676],[1676],1,1,True,3.552713678800501e-15
59cee1c247e6006e0bea5beba494b12cd7c2c3f674e950bd2f040b3dcc9ee104,[1677],[1677],1,1,True,0.0
335c6a9bf06aa6c0a4c287ef8613c8ca163c3a9312c4caef82c0593e47c28954,[1678],[1678],1,1,True,7.105427357601002e-15
2bd8071d2db47084b274616e0b0d0f6f3e414c47fa9c90f728d8b90097803856,[1679],[1679],1,1,True,3.552713678800501e-15
84addd3308d6e0f9ef655ad314e59c27ddda2e284b8c2fbc0ea02eb3f6db4d4d,[1680],[1680],1,1,True,3.552713678800501e-15
9b2b0ecd2b2042af5bdc42830afebb59bed59e6d4f024973903d012a20ba3c19,[1681],[1681],1,1,True,3.552713678800501e-15
27bef49b876c96e6a50cbf08ce26e39dd2190a97dfca452c12b4dfaabfcdc616,[1682],[1682],1,1,True,7.105427357601002e-15
b93ab6d89fbbd61179ec3989a58fe05160c9ceea43c8d46147647898a0bb3276,[1683],[1683],1,1,True,5.551115123125783e-17
c21ed5e0bb6e514aa62a8539367fff7252f7ef7e2a4d61b3ce210c6db205b191,[1684],[1684],1,1,True,3.552713678800501e-15
7bbd7262c6c604b6139edb27ace6933e9e77abe53cfb7d62cea333f8e77e294e,[1685],[1685],1,1,True,1.7763568394002505e-15
bce696f1023004c57c107c63eec682f3afef6b4ff5e5fce967cb1b859b1e124b,[1686],[1686],1,1,True,1.7763568394002505e-15
71e215cfea97ac945746c18a029c13d76d865ca68d739068e600d02ee70d095e,[1687],[1687],1,1,True,1.7763568394002505e-15
99b93691e9bf98fbe407bc64f22796c825ba0a2c42c61be237d484e9ff17d13c,[1688],[1688],1,1,True,2.220446049250313e-16
7c242563c9eab98e0932cbbffc6b88098c95e87b58a6e5a3b017a4ea91983d9d,[1689],[1689],1,1,True,3.552713678800501e-15
1ab1d982fd59b90b14f143657a1467455c50da7ac8f30b16e9b05aa59e03efcd,[1690],[1690],1,1,True,1.7763568394002505e-15
6afb0ec8c986f0d3d968dc7f4f3dc153dd64bbfe0f8b20778feecd667f018f26,[1691],[1691],1,1,True,1.7763568394002505e-15
ba904b3b9afa8b03aed71ca67f08de166e7f505e398a91236fb77285fd927c82,[1692],[1692],1,1,True,0.0
7d5feb5a6a7adffabf34df5fac01cd742c1319c1784fa1d54c5dd101209559ae,[1693],[1693],1,1,True,8.881784197001252e-16
e74e8ebfd14dda741f8bd29d07791d3e94f5be774ff316a583ff070f44588b08,[1694],[1694],1,1,True,8.881784197001252e-16
b57c0e023c93822da6cbf7f5bf40c9896f46570a758714c38e5d526aa1203321,[1695],[1695],1,1,True,0.0
58ff948213953a73cf4384484d1c9ad71ba1bfeb336c92403737f74c2a3bac3c,[1696],[1696],1,1,True,3.552713678800501e-15
dd99bba3db2b5203ec685e8d5e122c592e088107cc9f0812c8a83ca81bd230ba,[1697],[1697],1,1,True,1.7763568394002505e-15
115127fe65c7244c075f7a8621fc5448323123a9f621bda95be712e518786361,[1698],[1698],1,1,True,3.552713678800501e-15
848f257c0b231b3c9a624682bc71bac42074be80c28914f5bad5e1f8a3ffd873,[1699],[1699],1,1,True,0.0
16d5dbc9c0821a01f778248c6c6b0af8833d87f67854598104c81857871ffe14,[1700],[1700],1,1,True,7.105427357601002e-15
6b69c909ebb9c554df003a68bc1e0e5bef6b165319b6a0cdc96b0d9320d5e680,[1701],[1701],1,1,True,0.0
077f7cac71ad8fd7639fd11ef448bb23ec5f1ba47fa7ae6777122f11496dd713,[1702],[1702],1,1,True,7.105427357601002e-15
16eed7bdc546a0bf995fbbdd33907c1b818465351d43305663bdee47dc79e250,[1703],[1703],1,1,True,0.0
62c5c7438778cc0e73cfb33403553c93c59bf4b77303eabb573409eab7088358,[1704],[1704],1,1,True,3.552713678800501e-15
50ec6c869c1519a44266782a48c289d0630b6913ce68687bbdc0e00fc2aca781,[1705],[1705],1,1,True,3.552713678800501e-15
d46543ce0f206a896b7b16aee22e5c7d682a3ce5b3145cad7a931f69acc3da16,[1706],[1706],1,1,True,3.552713678800501e-15
40a227a9862b6395666d078cd12fe04eb10b20112c8ec4a773f3e5f12827de0d,[1707],[1707],1,1,True,3.552713678800501e-15
e19c51bd0248f816526eea4963e3a51de3b0f652a61d8fb8cd525cae21e6b584,[1708],[1708],1,1,True,3.552713678800501e-15
79d4902863148886dca40ad39c63032580d695415690dec2bd780cb0c9f8762f,[1709],[1709],1,1,True,3.552713678800501e-15
5b010b1f980c860e4c3377af41d4b197b3f70c88cd13f98a9831efa80979218c,[1710],[1710],1,1,True,3.552713678800501e-15
2e963309564e1b8c301e1ce8bc21c085029d857897fc2bf6de3be5f169329c01,[1711],[1711],1,1,True,0.0
99d154c3c1d20ea85b0b23ab43dadaeec68baa21f9f66dad710cc68fa78abdd9,[1712],[1712],1,1,True,3.552713678800501e-15
efd9e533464d2c8376651ca7a0f3ca1dbbab98a5f7c6b5cc30dcaa32238cac07,[1713],[1713],1,1,True,3.552713678800501e-15
37fdace73c67fdd9fa1ba714f5c3f1bd1903d9a8f23c1c7e66014ba16df5b4b0,[1714],[1714],1,1,True,5.551115123125783e-17
f9c61b8411b807112e22a8ac00b9c059ad226280b99f0bab8580a0c7e7464865,[1715],[1715],1,1,True,7.105427357601002e-15
e383d5b0a9ee99a8f3ef879354dce07dce39e123f4c850b4213acff00957daed,[1716],[1716],1,1,True,7.105427357601002e-15
b80a2dd93bf80801abd9eb1aae2b254abe8de7ad9c33212f3b9630791840f7ab,[1717],[1717],1,1,True,1.7763568394002505e-15
91c31d61061bfbeeb95565b2ac8cd95697db124e8ff47777c7f0a7c65149e731,[1718],[1718],1,1,True,3.552713678800501e-15
5e3685109ccde188f6d44d311830c55e868614fa39c2718d637756302b9685e5,[1719],[1719],1,1,True,3.552713678800501e-15
2c4a993529ee7f8a5c9987d4e2f6ea3237c059925dbc2a1a92f72696cc7cdea6,[1720],[1720],1,1,True,3.552713678800501e-15
3e96f9ddc1eacbc1f62fdc31b13873e2190f97fe00ce0cab3a895317fe45080d,[1721],[1721],1,1,True,3.552713678800501e-15
07d84492417895dcca2777446d612f85a60353718963014c623b131e6e575279,[1722],[1722],1,1,True,3.552713678800501e-15
2cae32a6d18f3140c5725a62a5dc9ccc97747dd803a72db2571f5ce341d3ce67,[1723],[1723],1,1,True,3.552713678800501e-15
3fb2c241986445f8c877f42aa7d6ce682f6a46d9f0a8fa3199d4915d88195a0f,[1724],[1724],1,1,True,7.105427357601002e-15
12fdec37f545bba1df9e0b712d16ae5da7d9289e2c0ed6585b23c68c54cb565a,[1725],[1725],1,1,True,3.552713678800501e-15
fb3b8f53873d50d17359bffb770155c55efad596c341db2c86bd918b177607b0,[1726],[1726],1,1,True,2.220446049250313e-16
04006e96a632ad843a1cb87c9935f7715035880bae372b858ccb2c3dab2f4987,[1727],[1727],1,1,True,0.0
ec3f25c21dc67fea4792bd53469b34d96282c45f64507a3b49b38be0ebdc9f08,[1728],[1728],1,1,True,0.0
41a1fdcfd636e6d8f4f8a35281aa6885f092947d3a5097b5af1e7a52c56fd6f9,[1729],[1729],1,1,True,1.7763568394002505e-15
b590f8fe833a2bb1afc9e725371430fcc5b6a06cd4e6ca71dd270f0faeb2a02e,[1730],[1730],1,1,True,1.7763568394002505e-15
d03b9af193a228b990f99ce0e51a318db10be8b9f031c887445b24cc1b85d3ae,[1731],[1731],1,1,True,0.0
ea3b9d3d8d8715f0248146c140f5a0fdf13e8d848863d5ac812b11550c1623fc,[1732],[1732],1,1,True,3.552713678800501e-15
1273569bc9b7f25deb40371231bba6a1c24aee30a20f71c904775e2797393a7a,[1733],[1733],1,1,True,3.552713678800501e-15
46128bd794619a4c707f25af244d2140f2089bec388cf06f7ebf3d76333304e6,[1734],[1734],1,1,True,4.440892098500626e-16
a31f1ec4805ff8c8ae599d85108fd8a13dc980a188b949415346508e1219367d,[1735],[1735],1,1,True,1.7763568394002505e-15
a141bd287b6f93d42cb3a1ee316daa473d2ab5633a5888886f1e5a9299be3c1d,[1736],[1736],1,1,True,3.552713678800501e-15
2ea340c6a497a741bff2d2e025ed71806d5660e02d72363f35f345ee2fbde76d,[1737],[1737],1,1,True,3.552713678800501e-15
405800c5155cba4131a5777d3197e3249d414c446e1e657d57e96c572f28b67c,[1738],[1738],1,1,True,0.0
369e3f1d3ea21d8e6e7882d5805262a7883fa001627a1e075e39a5aa34516ec3,[1739],[1739],1,1,True,7.105427357601002e-15
fc44a7eee20e30a24c5efbb10d3f08bdc810e3422704733a24f939bf7282e35b,[1740],[1740],1,1,True,7.105427357601002e-15
96e09a13eb95c5546933a15a35d2c29761f5dfd1711c8474fe57bd8ffc167d62,[1741],[1741],1,1,True,3.552713678800501e-15
d74c997e9f94a682bc658c0f7003bec2569b58557370bb102f74cda221e2fa60,[1742],[1742],1,1,True,1.7763568394002505e-15
bac47a36009cf30dc2b75ba7ad64b41f95a4996e2e1bad0f3c0b12c48d9301c2,[1743],[1743],1,1,True,0.0
7495e9a46bf03d1c31434b267d29945769d08b669ee64137a295c1af113067b0,[1744],[1744],1,1,True,0.0
e1d6430312917287eb97bea0ac44c0d05b88ba2567e518f1fd04cd744fad89d2,[1745],[1745],1,1,True,0.0
cd3c2da59c1c6e52024ef6f5991b664814d99f06f1ace3a1cf2258efa022d2b7,[1746],[1746],1,1,True,0.0
4d898a6b2628ea44492ab969ec2ea4cd094a83af93109221b82d737309dada76,[1747],[1747],1,1,True,1.7763568394002505e-15
c9c1e1b03f7a63a77d74cbdb667f604b990fd169cc5ba9837f3b179d37a331e3,[1748],[1748],1,1,True,0.0
5093268220c1d155ba10c2023fe8ecc09c094020165b2041fa7d56cef88f40fe,[1749],[1749],1,1,True,0.0
d94e9640b4aad8835d15234529bfa022877fe8fd01d3bb538c3152c8ddb880aa,[1750],[1750],1,1,True,7.105427357601002e-15
981e61f2e36f46704d946484f67271747a55f23006b17ca3c9799d09f5ff6e03,[1751],[1751],1,1,True,1.7763568394002505e-15
a719d62df9751feb489f0927046b65f03e8b02fa5ea3b3f6412ec067982346be,[1752],[1752],1,1,True,7.105427357601002e-15
eefd63cf923c9c223b8fe2bfa9294b06d44e6343fbcaf5c92d384b28b61b7a90,[1753],[1753],1,1,True,4.440892098500626e-16
e62c588f686aad860f3cb011fb42e25a3808b0543f79431d3b306225287e7425,[1754],[1754],1,1,True,4.440892098500626e-16
a4dfedaa3234a2a434d28a7649826fd748d10b5fbf970ce4ab56a3663f505da0,[1755],[1755],1,1,True,2.220446049250313e-16
6ac4c35cd87668f3804b6a7a009b0ecb34eb47ab98c0827df4e15554db6e46f8,[1756],[1756],1,1,True,3.552713678800501e-15
2bee4cca223dafe3bf763467b2f28de17248a8e990a30f5cc5ed811d8347221e,[1757],[1757],1,1,True,3.552713678800501e-15
d49269b41211e6e5d9ee9f6566c16f169aa1c9ac0a4069ac79abf0a48fc22525,[1758],[1758],1,1,True,3.552713678800501e-15
5d4276a9586aee4b25c738d0303c065f7162129b602c0cc6351cb413b5e91b4c,[1759],[1759],1,1,True,0.0
c78841467ab693a51689a200548063942ed96d58e7e7a2460b28a0ef850fb40b,[1760],[1760],1,1,True,3.552713678800501e-15
c0d3bd51b0504f76b41c7e3268a736242e5b425facd45015f7d01a3f0a516516,[1761],[1761],1,1,True,0.0
339d73873940427d8cb7594cee7ae3d5b5207f39ebcbe895ff900a282c6a47af,[1762],[1762],1,1,True,3.552713678800501e-15
3dfb4eedf07c4a25dec6e8c3422b5879b82bdfac5c4802c1ed998c435dba95d4,[1763],[1763],1,1,True,3.552713678800501e-15
b4fc29162bb0eabb152b3c87ffb6863a3af4885efc885eaccdbdd4a2fd648500,[1764],[1764],1,1,True,3.552713678800501e-15
02b57294a26105bacbdbe6b90fa88e22b13bfa64d0dc7812595f94188b96897f,[1765],[1765],1,1,True,0.0
3424b6aa59adc59111711c4c0b3cde293549070a6c9c1a7f531e4fd88c7e5b39,[1766],[1766],1,1,True,3.552713678800501e-15
d8cce4747fd27f0d2e2400ed6fc10e8ee68750a5c10d788dcce915b4ac7a04ed,[1767],[1767],1,1,True,3.552713678800501e-15
db916befe5eb3658d3e0b1a0ad76411bd5f8f1629cec91937ff6a12bb6ec3740,[1768],[1768],1,1,True,3.552713678800501e-15
971ad72e8c3d79319c83b183b1e9dd1bcf9b6f7d7b3acf12264ed0f87b0b3a31,[1769],[1769],1,1,True,3.552713678800501e-15
c4afd7b5f64f2c4188bf918740b55d33feda91bec49ee3a305dcd97b24e62935,[1770],[1770],1,1,True,0.0
729822487d1d145f2a92ea1b23187488f3446d7425d052f458c07096822ba1e0,[1771],[1771],1,1,True,3.552713678800501e-15
718b685b21dbe4bf3d673f804c5819783acf17d1f6e9d5361cde4f4db2e51ea0,[1772],[1772],1,1,True,1.7763568394002505e-15
d9c76961987f05e1a6a801fe0c1e17cea3a4bb112934ffc42caf71d7e20bd06f,[1773],[1773],1,1,True,3.552713678800501e-15
e6f68c181efb56c6f6930e77746abe88ced3bed8f4328a4b411c7febc3fb7f46,[1774],[1774],1,1,True,1.7763568394002505e-15
d9f7d6183e074e62c1e3a1efe7c748e1d9ba318f18c305c854add79e49f2a9e8,[1775],[1775],1,1,True,0.0
af11f4eeaac49984b5436ee030816890a844125d1a571541e30dcd230dc98230,[1776],[1776],1,1,True,0.0
db78b382a0e298d15a95382c88f3b8e039d73f74610617f0af82cd88a9498bfe,[1777],[1777],1,1,True,3.552713678800501e-15
98e07c5e655fa0c99009ec0476a85464495f641cae1dcbb09e87b3e92137c41c,[1778],[1778],1,1,True,3.552713678800501e-15
c7da04ff1f59e5c7cc2f8113c6afd32174b935b862473e0580e205fa2e55844b,[1779],[1779],1,1,True,7.105427357601002e-15
81d2001ceaf68506990c0eaf3bde73533b9424c3001e73705f8a9beb5a5a304d,[1780],[1780],1,1,True,3.552713678800501e-15
43641eb83f1cdd927d0659cdd856e65ff249476f4763f1b6868e3980cb1e2b59,[1781],[1781],1,1,True,3.552713678800501e-15
e26a8dcd000a9e4afc5213f71f8737d6d678e159777ecc63918c8027d2b2e663,[1782],[1782],1,1,True,0.0
12df6c40f8f673f4ce3c110f84866a50294f0e2089cb30da124304db1e8603c8,[1783],[1783],1,1,True,3.552713678800501e-15
1b81bc6bedf270e2d76a1bb90878f607dfef08cc5315a3af968cc7a64dd5387b,[1784],[1784],1,1,True,3.552713678800501e-15
32a606dd887b67bc93f912498165d739d2e20aa8d99d7e57eeb26c30a91de76e,[1785],[1785],1,1,True,1.7763568394002505e-15
e4594a2e23bf130406615009adf2e9e1ed55bfc818f0b191519d7fd1b584e6cf,[1786],[1786],1,1,True,1.7763568394002505e-15
a7784226d7cc0cde7b92c8426cba5f119e86ec457af65ff2dc0547a1c69e300a,[1787],[1787],1,1,True,3.552713678800501e-15
812a3ce7bae695aa8d99e8fb3c917e22bb042b1cf867bc538b6177498f241b8c,[1788],[1788],1,1,True,0.0
a758d8a40c45f4ebe13b751a94e6ce4fdf18a028b175f660b1caf45715713858,[1789],[1789],1,1,True,1.7763568394002505e-15
283970686c4faf56f914e47044da926a047b0f59360da0e863f2874be0aab581,[1790],[1790],1,1,True,3.552713678800501e-15
722a7f00616e552ee0a10e028fdfdfba544ce57d2ae6f11a3ed9d5a5b322d8cc,[1791],[1791],1,1,True,0.0
4bd42d9dbb3fe1329f7838da0c96a53a1db4fb618275fd04ab23a166145261b4,[1792],[1792],1,1,True,2.220446049250313e-16
1a4d973b1534e02cab656baec1db531215dd629b1a15cf5dbf48b9a272239260,[1793],[1793],1,1,True,3.552713678800501e-15
7835a66cba007dcbeff8da694c243ea91a3b3cb796ce0eb6514b4ead95bcecb2,[1794],[1794],1,1,True,0.0
634584b997d5dbaacd20f689c9c75a2aca7c702d14208d00bf738dd25c3425e9,[1795],[1795],1,1,True,3.552713678800501e-15
dc1cbc707485d3717902d3a22b700344b38450af8ad8b17a08c662622a1dd76d,[1796],[1796],1,1,True,2.220446049250313e-16
4cad6e6992c9d90dbaa5b02744b361e5cbb9c811a352d7d38f8eb637d9eda06e,[1797],[1797],1,1,True,0.0
e922623655c54b988f587de9115228ad0c623e9bfca5f42f72bce6e6e83a5427,[1798],[1798],1,1,True,1.7763568394002505e-15
210353974f93c18e05718acd53d54de2e0ca638fc8d7a6524f331daff6667ec1,[1799],[1799],1,1,True,3.552713678800501e-15
e05ce4e478569fe01f4f5df2c13b27b440327683dfecb2b4369ddacae50afc21,[1800],[1800],1,1,True,0.0
6b8f21b798f6ae9a40da42ad97b2f09f2c154fffa967ca0820c7d88bd2937dae,[1801],[1801],1,1,True,0.0
423d3887d34bebe507183749ecbc325928d0d47e1dc710ff73fb2617d1b2d52b,[1802],[1802],1,1,True,0.0
95f85bb66df9bc7f08cd6c71a17eb7a4aa90c204e61e028cc605885d6761c2b7,[1803],[1803],1,1,True,3.552713678800501e-15
169e3e10cc11cbd5a77d6fc62aeb39362a6bcf0e31d9bf6cc6d1e10767f3c57e,[1804],[1804],1,1,True,0.0
6d89eba1b42c204e0ac7a254d16bc07712128bb352422b9847b9a322a718c5b0,[1805],[1805],1,1,True,3.552713678800501e-15
be359691ef5631146c91f7cb58f0dfe28c91e3223b3fcc3ec54306ceabc00cab,[1806],[1806],1,1,True,3.552713678800501e-15
7120a9c35867e669350ba132d4238fb8b68197837d673e87013b80aa7bab0ba9,[1807],[1807],1,1,True,1.7763568394002505e-15
4adad9f2f367c570159ec1886c3ae023bb00b5dc9b1ee23bbc4cb8ad402f4da4,[1808],[1808],1,1,True,0.0
8bf6eb934acd0e615be4bed05f1b7ad7dcfefc9a1e2dca94e32c832653717263,[1809],[1809],1,1,True,0.0
4f722a67fae4869079566fdb73672c4b8e6d94cb77c8302448a333ce321d12ec,[1810],[1810],1,1,True,3.552713678800501e-15
58a810536e0bfd6d7aea0479143e8a48e18923ada1e675f44bf2fd2cb2eee72a,[1811],[1811],1,1,True,1.7763568394002505e-15
71f0f5a6289e6a4e5923d442f6398a9c7d2e412a371f699b4d194f3f8b9c045c,[1812],[1812],1,1,True,0.0
3bc2f6ca3a5ac2e31a7b34ec66a6b9838446b26fd7b52f44cb8a595ec122d8c9,[1813],[1813],1,1,True,0.0
faf37b0382d7d47bc01f137720f9eb914e83298b7cbb957023816934531862dc,[1814],[1814],1,1,True,7.105427357601002e-15
dfcf970702f9720b47866421f8b5ac76b6075155cb3dc4b06c72a0e39de4725e,[1815],[1815],1,1,True,4.440892098500626e-16
772bc47b8e63c610e68a51161101107bebebc42ad5d9a364f4e40049a9f5b7aa,[1816],[1816],1,1,True,3.552713678800501e-15
02367c1bd0aeb5bc81594c7b7d3ef3a70e9cafe9530e3779838ca80cf2963488,[1817],[1817],1,1,True,0.0
8c36d41f21fecda0917dfa003d6d8b9656f1f00c457824302560a813eb8f5059,[1818],[1818],1,1,True,3.552713678800501e-15
54933311007d3feb5ca0609162e9d6081e674ad21f5f3b886a41f6846137cb66,[1819],[1819],1,1,True,3.552713678800501e-15
5cdca2b3e3db2bff6f487bddf7a4c4b87e33502d252ad854ce635f4f42d0428e,[1820],[1820],1,1,True,3.552713678800501e-15
4f8e2ae28af7ead9c3b8e029cba16544e093c3974a0059754b193a564a82dfdd,[1821],[1821],1,1,True,0.0
121a0efd362e5eff53b4102cf9db3398021a891e2ab7ebb618bb814c23811167,[1822],[1822],1,1,True,0.0
c12b194296c00b5590570238557f724b80e00705fb278490c92eac72db93b6d8,[1823],[1823],1,1,True,0.0
847e6cfe3c143c97e506a38eedb5a999b43dc4d672525596e093318de87e0a54,[1824],[1824],1,1,True,3.552713678800501e-15
2e67f14e65d881c01aba44d7de3aaf26962af196fffcaa50229a5971824af31d,[1825],[1825],1,1,True,1.1102230246251565e-16
ae11773d08fdddd655995088f9ce0192ee0b2406e8b1a0ddb042d02bbc0e1412,[1826],[1826],1,1,True,8.881784197001252e-16
6787e0963da1762a5d28c5595657991136989f5dbdb378e040291482a049a16f,[1827],[1827],1,1,True,1.7763568394002505e-15
8da9035d5ce21f3befe032f416ef2c3f1166d086a499f74b3ce37913b5e5e932,[1828],[1828],1,1,True,2.220446049250313e-16
f7d1dadfe91e5043fd1794ae2a801a865360d87dc7062fd1cacb12f7fd97d24b,[1829],[1829],1,1,True,1.7763568394002505e-15
85bafc7d42c94bbc23429c121eb6aad427b4869ef203a7634f7ec38289ea49bf,[1830],[1830],1,1,True,8.881784197001252e-16
a08c8009e61110b6da136c9c2ac21064662b945d823d0de1868ef81cd77b74a0,[1831],[1831],1,1,True,3.552713678800501e-15
eaf6d03398440e731efe5113bc4469c7ac888619c98ae57ceec41cc8eaa16589,[1832],[1832],1,1,True,0.0
9d13efd2f401f259521adebbe6f36e84b9a9a7efa7c951073a69bea46b9239c7,[1833],[1833],1,1,True,0.0
dacc0fd697797711961a747fd3c2416df94932ea2c06378700866cd97a728833,[1834],[1834],1,1,True,4.440892098500626e-16
d866aae616808d25716c5c3d31a110e13f08f5b5b2c63215580f838c04b2b6b7,[1835],[1835],1,1,True,3.552713678800501e-15
a36c17700059c9d00e37d253b84e58ad47a9a49c98fbb4b916b157586e17a68b,[1836],[1836],1,1,True,3.552713678800501e-15
dd58373702e06bc61634f78cdb8b0eb494833c85f60d1454d81aacf6ee034035,[1837],[1837],1,1,True,1.7763568394002505e-15
44970815cdc4056ebe6acd78f5b6966dfb12459857fcbab20fc7757aef46fb43,[1838],[1838],1,1,True,7.105427357601002e-15
0ee4b3c96ec7844570aeeb65bb5487806cacb10cb57a5182b114e5b4f6eb4229,[1839],[1839],1,1,True,0.0
631a1bd267fc7d6019c4486e288954d73b858740183d5c902f655983af1688fa,[1840],[1840],1,1,True,0.0
5a2543bce8d4e1038c754524eda715451863acb53cc6002692e1d51848b8ec47,[1841],[1841],1,1,True,3.552713678800501e-15
97a064a8759ee3bcd737a7ed6f455a2cc69b18a513b417044a09ab49239887bc,[1842],[1842],1,1,True,3.552713678800501e-15
45add6800682556140d47c4d57c21e669c758f8779bff85cc7b1acdaf866ea11,[1843],[1843],1,1,True,3.552713678800501e-15
47e43251bd68d15ddb998bea6d1e35b635583f67a05024883e1042fc1ca5444c,[1844],[1844],1,1,True,0.0
cb983595d0256f217ba474ff240496391b48174b0333dca6ed2ab3f8d1013c16,[1845],[1845],1,1,True,0.0
19c22ef25ba56011e0dd0e5b87829a6329248249aa08511b43ebff54aff92eb3,[1846],[1846],1,1,True,3.552713678800501e-15
fd2ee771b2646330e45d15c1872b024327ea6f8474f0022f6bb6c04640b28b10,[1847],[1847],1,1,True,3.552713678800501e-15
7312947deddde24b8deb4fb0d26a58634762eee099168d8d0754186a3750f7d9,[1848],[1848],1,1,True,3.552713678800501e-15
335285433251dd5388e87888aea5cd71a62a61321213da08f899c71783495f14,[1849],[1849],1,1,True,1.7763568394002505e-15
92c81f64e2ad3ba2ad6afb928ca8eb06e29cc8911b9f1324939b25fd30aa7bc6,[1850],[1850],1,1,True,3.552713678800501e-15
e1d378ea33676b2b41a49479f236912376ca65766feba293899c2c95fda24fd3,[1851],[1851],1,1,True,0.0
7c2c66aca048df4a61feb97c88548d437c2eb3956bc08cd768b64d8c0578b9af,[1852],[1852],1,1,True,1.7763568394002505e-15
1364f2504fea960fd2b5a24dcc4c9286d9135886836cb585ca6aa2a1917ad0b5,[1853],[1853],1,1,True,0.0
c4c2208bc3546c6dbf5f93727e9e57e8cecc4788b9588257a53722f054cb08b0,[1854],[1854],1,1,True,4.440892098500626e-16
cc6f0ec433321ed0f2e30d31cb3f43f0d9007e42260ba51b3b92169223566b27,[1855],[1855],1,1,True,1.7763568394002505e-15
5c94feadaa14f160af32319b6e156da0dfcf666e6659cdcbfe6f441e7be6cbb2,[1856],[1856],1,1,True,0.0
220ece01c5d60e6d009b652d3f06cf9fe06914b2db0faa94aa782de9b74954a8,[1857],[1857],1,1,True,5.551115123125783e-17
40e4367f6ca1dd14fdcf17b18fcc74191c3cca8eb7b1bdfff3ebbf942701915c,[1858],[1858],1,1,True,0.0
c0a0756c77066f55b2b32c04f23f868bc75f65a69654c8b04cb0deef275bb8c2,[1859],[1859],1,1,True,0.0
b826ab86889c107e288d705e0563557e5fcc98b9ae7313abbd51ad863ab0e516,[1860],[1860],1,1,True,3.552713678800501e-15
bc96edd43d2955f1dae010675bc4a580daf45d8062365c3d94b08321bce94d61,[1861],[1861],1,1,True,1.7763568394002505e-15
5d3914d5277771d43f726fdf332927b695d66c800c112c3e99dbdc1119cc9649,[1862],[1862],1,1,True,3.552713678800501e-15
18c5956d38346b91e6378519ce868309585e6a898d6a45d9b733e46b13247c9d,[1863],[1863],1,1,True,3.552713678800501e-15
cd83854909838856e7654e068fd45f3d83ee2afd25d23fd9e24b800ab3d4d34f,[1864],[1864],1,1,True,3.552713678800501e-15
949fc52c4f65ae695fec67049c1743c61a5628841a45e72f9249e5b420117c80,[1865],[1865],1,1,True,0.0
c04ef99eeea2c2ced88b6131b56b95d73798808b4ffa4dfd1757ccad9e9e4706,[1866],[1866],1,1,True,1.7763568394002505e-15
5656550654b1498a796f9cef7b4cdee8441a6b2945c9ddda304d1332ba56f1f8,[1867],[1867],1,1,True,7.105427357601002e-15
aae32d2be3708c4ed62a954213f451d61658d3d18a805c512b7cce08587a9b13,[1868],[1868],1,1,True,3.552713678800501e-15
91bb2e88996564abaa2b08b7e700100cbe39776addeb311ec736f2927d5fa0ff,[1869],[1869],1,1,True,1.7763568394002505e-15
9ed7f8373702ce469fe47f8594c3b3f5c14864df940c0fea80d833a3679d6031,[1870],[1870],1,1,True,4.440892098500626e-16
1ff01aa13710abd56f39ef7751713674ec184aae288ac30dd298f5be50205324,[1871],[1871],1,1,True,3.552713678800501e-15
0ef40617c383486d9891481592e7d23daac95783c8b027a7547d18128359304a,[1872],[1872],1,1,True,0.0
833ab31ff239da01769edc1343d44c2a290c1b5751f13e577cbf4f37ba330236,[1873],[1873],1,1,True,0.0
ecb49f587ee706aa19f1df4f2ad5bd47d2e580925569bb5c8fff649cac979671,[1874],[1874],1,1,True,3.552713678800501e-15
9893fb80ed9d5abd3d89a5aea4b186c73499d2254280f3087bc50122296d2495,[1875],[1875],1,1,True,3.552713678800501e-15
41d92e255d56fb7163ebe78ee4ee07f9b8a767345001e4b222476c337c89a398,[1876],[1876],1,1,True,3.552713678800501e-15
9775414cec89a584c3fe3beafcef8496c20cfc1538ab709169f9d38a1e204178,[1877],[1877],1,1,True,3.552713678800501e-15
874e28d913fd929097925e638e6c86d19f6b7e0515a9d3f90242771848cd781f,[1878],[1878],1,1,True,3.552713678800501e-15
4d296c6ac8a1c8b013af524c991689e84b2e4217a87e4c5a744b52d9209a221d,[1879],[1879],1,1,True,3.552713678800501e-15
d05a279aaac33d802abe66810a80f2e3b63a2a9e51a67aeaae5e716b289f8345,[1880],[1880],1,1,True,7.105427357601002e-15
2c43558d6b9addf97d5a4f3377fe243a23734c90f333e302c3278fa06f1076f6,[1881],[1881],1,1,True,7.105427357601002e-15
c7cb54e0a39005eab34803586016a3c015c723b4956aee821041138cb51f09a3,[1882],[1882],1,1,True,3.552713678800501e-15
d0e4fb4b23706219bd09a0bb8448543e6dee23346e5cffcdb315c1e3eea0873a,[1883],[1883],1,1,True,0.0
a2adfe3af2698fe28c8b9795321e60f71e837436030ea447fde5403334898c81,[1884],[1884],1,1,True,3.552713678800501e-15
0faa531eafc8703183f1faf390819a8819a163d08cefbd35ea1e36d7a9c07a91,[1885],[1885],1,1,True,7.105427357601002e-15
2f286bc4c2c56b7b50aee090f5331a41ae2e4426d964072e364b90f3643b1c6c,[1886],[1886],1,1,True,4.440892098500626e-16
0b504e4517e8a29e016048e56d6c489a087741530f6f8a062fa0ff5362d39f5f,[1887],[1887],1,1,True,3.552713678800501e-15
fcf0cf1fc75d2de33403327b5ccf0fbd98db9503ea77035385e021a98c025b95,[1888],[1888],1,1,True,3.552713678800501e-15
f24f588f89099eec75342fddd4c1df30fa8fc45e2f2dea2c82ede96b2981000b,[1889],[1889],1,1,True,3.552713678800501e-15
8db7928bd8cfb0259b939bd7650576bde09fc6b5f58d1d24b5901cf96b505c43,[1890],[1890],1,1,True,0.0
9eb7cc3c76ad0e8be06ff65f697f4c786d5b88b21de1db784326d6054ac69543,[1891],[1891],1,1,True,1.7763568394002505e-15
71ca05b893e32104af7644279b8d84505b90887213ae797d47a805a5dc0bea12,[1892],[1892],1,1,True,3.552713678800501e-15
d6849b90ca9d4362462bb9794b1f8ffbd71d0c7a2de99b8a22e3b8847779c4bf,[1893],[1893],1,1,True,1.7763568394002505e-15
d91e909a1e5ae5c65763af4df378860a8f957502ea7d21be77167988de451d81,[1894],[1894],1,1,True,3.552713678800501e-15
91d074a96539a7f0420ca1edea22615bafefccd6553ba2de72ac3023726342cc,[1895],[1895],1,1,True,0.0
1b04fcc9e3c306241ec8c60eb3f5081065dd106daf7237f6317ffdb4aac276ff,[1896],[1896],1,1,True,7.105427357601002e-15
79f7517f3ac9fd0d3320196b8205cbea0fa7f2f9c8f5d2e93d16ae913556b55a,[1897],[1897],1,1,True,1.7763568394002505e-15
fb20c6a4774fb77fb229d442408f4b9800b9fc7d350e466953af5174e8cf4d0e,[1898],[1898],1,1,True,3.552713678800501e-15
55a59eb2e85055654c65eecfcf967163a5716463beb29bdadaae2e708de97112,[1899],[1899],1,1,True,3.552713678800501e-15
7e8fe04249eed463de1abb594dc91812ec005cab9e612ac1b64f2f069103773d,[1900],[1900],1,1,True,7.105427357601002e-15
1caa2740a502840d61d5e7b5cc9f0948da4acc758f18a9b0501d8bac4b7cae22,[1901],[1901],1,1,True,7.105427357601002e-15
33780d9fba6994cfbc1e63a1a7be0747ac151c75a88846bcf1795289a9e43e2c,[1902],[1902],1,1,True,7.105427357601002e-15
6e76fadb70fde32fe0e2a3787d8fad262f85e87d25c4055ab323f4a2015a0beb,[1903],[1903],1,1,True,3.552713678800501e-15
e32bfa9d5f1f4ea8a1452b56acb65facbb4a64fe5a26c4026e09697c297a4a2d,[1904],[1904],1,1,True,3.552713678800501e-15
245c2b527dd2d035b58ff8c960e9cac543fb00611834ccb24fcbd9e050a656a4,[1905],[1905],1,1,True,7.105427357601002e-15
84799021b9e6251b851027e84c0051494b02b3c355e517e9e676d5138fcce392,[1906],[1906],1,1,True,3.552713678800501e-15
306d9202536a9d91595478ac1930339dd9d65b8584a6e03cc80dec30945588de,[1907],[1907],1,1,True,3.552713678800501e-15
6b9b81cb2fc5403b94e6c5ee1e1e903ddb8c4976ba8a7c2a7a6f3f740d3ec876,[1908],[1908],1,1,True,1.7763568394002505e-15
f5b5a5eaa2521efeaea82a1be7ff1d749153dd7d62e113e2c2c493cb3d43cf25,[1909],[1909],1,1,True,3.552713678800501e-15
b201a07f31e00111bb657e635384d08221b7c04da42b11f163a8054aa263aa31,[1910],[1910],1,1,True,1.7763568394002505e-15
df07f1d6de0ea7ce41b4ffa9ee9f4b6490a057fda6a14cf7066638a673bf51c4,[1911],[1911],1,1,True,1.7763568394002505e-15
c37b4d70b2ee5732832804d8d3cd0176f84b2e6d87fc0db9a4eaddbe632b1a83,[1912],[1912],1,1,True,3.552713678800501e-15
c7fe839859ac9d074f842cc32d0a3f840be1a34af541c68ba39798057fec3b4f,[1913],[1913],1,1,True,0.0
1b7fc8d7b5533316240ad2f90418116444660f76570196cf5fe3d0d003e7d8d3,[1914],[1914],1,1,True,0.0
2e1e96a4f5f79e04c18343e6bd374d7aa2b80138f7d7cd4e1100eccda3293242,[1915],[1915],1,1,True,3.552713678800501e-15
0ec0c07db4000aaf68deaedf75f1306a7f0675841258f1fa2d054e2092c8fde9,[1916],[1916],1,1,True,3.552713678800501e-15
2cdef845dd4bcac50d1be213717426b609d9748cfe96802ce1b875406a3968ce,[1917],[1917],1,1,True,4.440892098500626e-16
f31f9fb585e23e86208b27092671f7a9d55ee346026bc9287ee101b19b7af7a8,[1918],[1918],1,1,True,7.105427357601002e-15
aa874a86ba6003de2241e95697b840e729b5d519185dd9f9cfda65636ad27e53,[1919],[1919],1,1,True,3.552713678800501e-15
18706e272a8ca4e255252d56cc15e8180c880ca9c4c0fd36ae2efef13f444850,[1920],[1920],1,1,True,1.7763568394002505e-15
7d28c129fc9c065201c9d7da85b8abe8f03ee963ef296c98749db3f775063977,[1921],[1921],1,1,True,3.552713678800501e-15
b8725394a467100c6f7f6246726647122b07f1fc0f297ec5d926f5b9c3e47906,[1922],[1922],1,1,True,3.552713678800501e-15
ae96c1efcd9c52cc58723a600c15d6e92124f74e2d6348fded534f27048d07eb,[1923],[1923],1,1,True,0.0
fbd54d4236b858bfc808f3dfad48f165c0d4e545c65fa61b3854ca8a020e02dd,[1924],[1924],1,1,True,7.105427357601002e-15
5ac51cb0bed42eae3dda1a22a6506ba7d427a89baad3405ef1ab96cbca200a9c,[1925],[1925],1,1,True,0.0
6c662e329a43561b6ff5c4bac9f916745c01f56bf1e31d9ebff58a8fad868817,[1926],[1926],1,1,True,7.105427357601002e-15
cb2e2591771a623e67086102a9629840e8ad9ecd1e165f0d7f9cec3c7c7ad38f,[1927],[1927],1,1,True,0.0
9aaed50cc125bfd1e1cf51c399fcc3db0b4cc1a29b25d63cc13020b47bae028d,[1928],[1928],1,1,True,0.0
87e746f9b604078705cabe80b9cd05e8803876ae1a1bdd6b25188c8631eff45f,[1929],[1929],1,1,True,3.552713678800501e-15
a63d7b28ba6924de9587e791cdf8c05481a794b04b4932f336a84f87fc35ef1b,[1930],[1930],1,1,True,1.7763568394002505e-15
e6c09cf96cf163a87ab8bba0b22a6b267ca6aa10eefd58a207197076e0aef5a9,[1931],[1931],1,1,True,0.0
bad59d60e127dba32bebc707dba09fb20074271401da2ad43fad9af51e37a42c,[1932],[1932],1,1,True,3.552713678800501e-15
34b9391070efd2cc2946df1a7b2e48147eee0e441e268a9827e6d8d8ecadc614,[1933],[1933],1,1,True,3.552713678800501e-15
3f394c34380a108a740bd7e1fddcdead40a245c11ccbf71096b7ae704de510cb,[1934],[1934],1,1,True,0.0
09e7eeea3adcdbc9dc013bd40a10375cff811b70f5739c4f8e96b81e4d4861bb,[1935],[1935],1,1,True,7.105427357601002e-15
c4c1146c2498a5a0dde7ae26964d83085c2b9fe875c07416fdaea475bf6b53b9,[1936],[1936],1,1,True,3.552713678800501e-15
4d0e3dc5605bbf97cf3c923fb465cedd0aa3743809ee686940f8384797ac310d,[1937],[1937],1,1,True,3.552713678800501e-15
d104bfa31430b906729a1686da4e107dbc8f85540c92f553da56bbe7ebda2cbf,[1938],[1938],1,1,True,7.105427357601002e-15
ea89464f0505f173823063db0aa4148cadf55b36575827bbe0778390d4c9095a,[1939],[1939],1,1,True,3.552713678800501e-15
f0630d35674f4f1dc706b1f9cfc33188f8e6462080d53e5e6aaa2bd440fb2125,[1940],[1940],1,1,True,1.7763568394002505e-15
0310581cc283221a7709ae010d08ba3336fb3f292270b846846c20855748f5c2,[1941],[1941],1,1,True,3.552713678800501e-15
e9cce2410bcdaffd77e0c25a39a9e5523e3a9b9304b7736dfc5ddbbdb9f227f5,[1942],[1942],1,1,True,7.105427357601002e-15
fb35f06560b42b4ad1518b4c297253ddd59445f2cb90e3f7eb1480d274743751,[1943],[1943],1,1,True,4.440892098500626e-16
a3edb9c266fa6ae9579effb29b802d5b71b895c0b7b80a0ee8f7cbdeb0b6a239,[1944],[1944],1,1,True,7.105427357601002e-15
59e544bfff7680659a5fec4b24dcc166c3b1fb8e7d0c73ee0fd2eae28f6c9ad1,[1945],[1945],1,1,True,0.0
f2bdbde92946d3aa701c435b74a2347d806c129046fa9989ea2da34af9cc3d02,[1946],[1946],1,1,True,0.0
5e54e2691134a5763ed82703c6ebc2b88f18ee891c01847028ea5c8f264ee717,[1947],[1947],1,1,True,3.552713678800501e-15
5e78eca6372aaa8255b4dd0bdea694078fbdec2987f0e98524149c524a69e30c,[1948],[1948],1,1,True,1.7763568394002505e-15
db7ad5cda0530196aadff4d7f13c18be6394f8c1fd32b17e31da87b12b8144c3,[1949],[1949],1,1,True,3.552713678800501e-15
4dee690edc8f703d958ae63c8f5f214a34347125c0a8b33e548672fe6c0dc487,[1950],[1950],1,1,True,0.0
4ff0171f3d2b3cd54b49a7d408ff1c3e00b58baf4f17d3d859e8898682e9cd32,[1951],[1951],1,1,True,8.881784197001252e-16
df4361fd8ae54a00f56fa58fa6077e9ce7190e1b71d75b56d448b2dc8fada3b0,[1952],[1952],1,1,True,1.7763568394002505e-15
217570f68320d0747aa7d183b917b3dfff191833c478a9282dfd805952bf4747,[1953],[1953],1,1,True,3.552713678800501e-15
61243d2b3e4d85a7b98cf47d768f715e90dab271ea6aa025316ec3038ce917d3,[1954],[1954],1,1,True,7.105427357601002e-15
a69e701bd7a87e1474d8f554d37edcd83068d49e8057236002aeb745d7634e96,[1955],[1955],1,1,True,0.0
e1faf75585ccf730b0ca051fa6f5ec89874cf1d2c47ced800b5b52a50034fefd,[1956],[1956],1,1,True,0.0
f1e4d539104cc66e3afaa365633de5b72f791df5713609961cde45392262d27c,[1957],[1957],1,1,True,1.7763568394002505e-15
2063909fa838514d8d7d2e9163c80c09f5ccf054f160c23ba07faa2afa56df05,[1958],[1958],1,1,True,1.7763568394002505e-15
ca71b9975dbf9acdd26bd1864dc8d94a3dae139b1fda33c379ef34fc5bf32929,[1959],[1959],1,1,True,0.0
9d1c89acad0faac5b32ee59d1685d88c9e6e152ab4be9a6a7bb44953792f2315,[1960],[1960],1,1,True,0.0
6079445874ceb7afb10c8cdf7f9f940f831e8a0904efe1702093937b38bbe78c,[1961],[1961],1,1,True,0.0
aab09bc666143f9574cbfbdceae848f963ef67ff8d9d94616774c15406007cf7,[1962],[1962],1,1,True,3.552713678800501e-15
13071c3534150f1bf3311e76ebdec445ed0902d9ca60aa6fbc724f9287596317,[1963],[1963],1,1,True,0.0
37cd1fb0e16f99662c6ae946d8c0e44114fc21c7f7f2d93af8be62ab895a7ce6,[1964],[1964],1,1,True,1.7763568394002505e-15
55c0c49769fa5fb737589766c25393af82264b71dd7b8f269635a0d4d2808275,[1965],[1965],1,1,True,3.552713678800501e-15
351cfe0c3b1c6fe8cd488cac71cdb4fde6d3267567ea2aa0cee6926e0ef77ef8,[1966],[1966],1,1,True,7.105427357601002e-15
ead2bff14500a933cb901cdfaf2f6d2d84c2b8870fbbb54b19745815ef5f55cb,[1967],[1967],1,1,True,1.7763568394002505e-15
9d508cb73ca46793f8ed45eb203d718c31c0414457e32b6b955ae0e09d1bf114,[1968],[1968],1,1,True,3.552713678800501e-15
0b99d2a4a0a6e2d710f0b828a68fb5c7e96eaf31047dc3014bff8d779c03783a,[1969],[1969],1,1,True,3.552713678800501e-15
da32d338775b11061215902c4ab794c50a1ffc924b447b6a6ca078021afc6a0a,[1970],[1970],1,1,True,3.552713678800501e-15
bd039570468901f32b53232a6a7fcd6a686a7bdd49be0eaffffbc7936e6be51b,[1971],[1971],1,1,True,0.0
11d1e2605a73e68fdbd85a750f9a7f1ca27034c6a050e283afbccdef75065124,[1972],[1972],1,1,True,3.552713678800501e-15
4d4cc8db0ca8155b088c39c99d460ed0fba7e1a6f2d239e483763dc0da56532e,[1973],[1973],1,1,True,0.0
87efa9f77ee2afa612e36d03a7f07d022c29bf0b4ba3506fde70a7c7a92b9939,[1974],[1974],1,1,True,1.7763568394002505e-15
b1a08ad9e5cd5d872caf702c5ef48af526189c0b50f18e38cd29b32568d125d2,[1975],[1975],1,1,True,1.7763568394002505e-15
2b37a4595414d8930baca205ac0ba9ba30af0012281309a4a17fe2ee1fe2771f,[1976],[1976],1,1,True,1.7763568394002505e-15
ceaf018612c776cfe3d5c7ad4772067cd0c1e7f488800fe4598fb73df3e1cfcf,[1977],[1977],1,1,True,0.0
4d263670e720264c203d2da0b123a2e0f16c2c609d59fec8d991bfbb08e14dfd,[1978],[1978],1,1,True,0.0
ebc921e70a2e0744c93580354e2cecc74b6a6a780b801f35104005830a28c77a,[1979],[1979],1,1,True,1.7763568394002505e-15
d2f627d5f8000930f2395be1f34005c477c32ff2dd731ce94fdf3014926ebc27,[1980],[1980],1,1,True,3.552713678800501e-15
b48f75e79e82d486678829448ce4938addb25b8dc3973d7387dc50b37fed2a06,[1981],[1981],1,1,True,7.105427357601002e-15
c8454e6c6c12570aaa574a1a51dbfb8a3ba31f1cc996afb5ddfe9241c934cbed,[1982],[1982],1,1,True,3.552713678800501e-15
adb177e06ad988eb93ec5810e113c25c111ac5c1ffe0741400133dfc671d216a,[1983],[1983],1,1,True,0.0
e96e2be47f65bba85773e65ad437ee78ea533514ca9be7dc5bf2e2a74d38ad86,[1984],[1984],1,1,True,3.552713678800501e-15
e3380691c2cbf0b82041285899867b011fa53362886b72b2c6b63319ae291229,[1985],[1985],1,1,True,3.552713678800501e-15
b41c8f81d994ffc7d23fc46da577a35be0ab32960a8c684eb56306e475d3ccc4,[1986],[1986],1,1,True,4.440892098500626e-16
a3f18c9210043d18faee05746823a6562d4e4ef870c2a7ccddc6e4fdcc539338,[1987],[1987],1,1,True,3.552713678800501e-15
879336a46a36da2971640612db14e36a4e1e530ebd606e097af8122ee47d5d9c,[1988],[1988],1,1,True,3.552713678800501e-15
ed989bf01f27dc6ff90926bbbb5a5d97ba5a1b7bb0cc6b3dbbca923e906c3572,[1989],[1989],1,1,True,1.7763568394002505e-15
489cdf675afe70435935b264a0263baabc72fa385a791ab9a83d8d874a7e32f1,[1990],[1990],1,1,True,7.105427357601002e-15
4b5f39a66a397d5c9033fc333ff39ea5183bc318cbd0e6f235cab7479fc4223f,[1991],[1991],1,1,True,4.440892098500626e-16
f9a4ec28f6acef7958b86ca786d1c8410fec96148cf4b0e39cee9a32b2b3712c,[1992],[1992],1,1,True,0.0
a1affc6695a3d71d202377a070fe2bd38e8fbb414607ddb0ea7632d762ff48b9,[1993],[1993],1,1,True,3.552713678800501e-15
3242dd773b179cdce3cffb5f5c3b1853f53602bd7a1229a691472091437f8017,[1994],[1994],1,1,True,1.7763568394002505e-15
e0c36b13d47bf918da198a36e1308b072e2718eb20a9aabfe61c49fef827e652,[1995],[1995],1,1,True,3.552713678800501e-15
a0c20a57c1f3a446eb0a94918d6285ca2536fee7695b5be8787082aa0b5e14ee,[1996],[1996],1,1,True,1.7763568394002505e-15
3af542bc76d3de8a98c3706c63353492b33624be1787f6242ac5d9cb740cbecf,[1997],[1997],1,1,True,1.7763568394002505e-15
54e428cd8f97aeddf951d610ef66c34f0121b0ee66062532ef4c6c4567288fb9,[1998],[1998],1,1,True,7.105427357601002e-15
f91103d3a2629687f1841a60ee5e2ed0fd855336cf74037d90e9b0024a8a7305,[1999],[1999],1,1,True,1.7763568394002505e-15
a365bd02c5f03e0a433388cb2d988614827240d5028c8ee7a6f41ce9b20dcdb3,[2000],[2000],1,1,True,1.7763568394002505e-15
d91c2a2c13bd3e7cf6ca9fee36199973883409d402eec1828789a56a271693bd,[2001],[2001],1,1,True,1.7763568394002505e-15
e049b10ddbaf048eca17425c3148e0d21b80398457ea594ea9acebef5e6d23d9,[2002],[2002],1,1,True,7.105427357601002e-15
082efa394493ec64c57248b2585e76b1473250950d87471ebd5a34b645b13b95,[2003],[2003],1,1,True,0.0
6071d19708387b2279ae507fc6c6428e2477f9ec9eec4db8fd20eec70ce5f763,[2004],[2004],1,1,True,1.7763568394002505e-15
3e6485af203a1fb89f139022abebc19db89de67daa65f6bf2052f619af2cb28b,[2005],[2005],1,1,True,7.105427357601002e-15
cc53774a68276d994a9b3b97f2f910612a57b380d716b1137818f281ae1f04ac,[2006],[2006],1,1,True,0.0
b3a32d31ef669b6c31e436350352f50b09c681fe053034f55f441041407d8eff,[2007],[2007],1,1,True,3.552713678800501e-15
f2b2e399c6acb328cc9a6f06cd8c95aedb53a7b25c8cf3319dda39d09dc955f6,[2008],[2008],1,1,True,3.552713678800501e-15
c84bb5430605d858ca6b9e021f2c3720b19de9305ad56d0c0dbb26556c4a9565,[2009],[2009],1,1,True,1.7763568394002505e-15
3b58294e22b227c84c081a841fb898b757b9a7d904c1720b413c95c884b9ee21,[2010],[2010],1,1,True,0.0
f9af6233b07962c2d18b3520768a8a8aac190a1eda96d878d29a7df015844a6a,[2011],[2011],1,1,True,0.0
7872def3979d25c031043439a19fee46b28ba930b3895d4c3f0065ea925f724c,[2012],[2012],1,1,True,0.0
655d3d700630000e709df66996ba133ed6c12b989153ca1fe51b099625e3d4ec,[2013],[2013],1,1,True,7.105427357601002e-15
809cf1189585d61edd6362edce52af9cf659e5b50091d260bc235e32ea011c4c,[2014],[2014],1,1,True,0.0
e9480db909aa40decfa6f82fbdcfffbd254954d2abf686e0a81edb8569916007,[2015],[2015],1,1,True,7.105427357601002e-15
f87eeca23a7d21a484e023559f51a1b78a90703286cc81711f4ab6028fb0ff65,[2016],[2016],1,1,True,1.7763568394002505e-15
57ff6191ae230f980b45c6fb3eead413024a9d37126351304990530bab4dbe2e,[2017],[2017],1,1,True,0.0
491e5c0cf63a7525f1430ca983542931ff60520c318bf7ac2ae7fd6ab201a9bc,[2018],[2018],1,1,True,7.105427357601002e-15
0dae058e7a42012ca06ccd2252fa399ba4a776970bbdcf156d0a2cd9ba31e6e2,[2019],[2019],1,1,True,1.7763568394002505e-15
7d411e85d8a8e67cf42d5c01e8437b730f4dc40a5f4563123ccbf7584875b27d,[2020],[2020],1,1,True,0.0
ef147dc596835ed58183c0ede468763acee85c4705eea7443bc716a4f08e7d4c,[2021],[2021],1,1,True,7.105427357601002e-15
ff5381d36b1f89f2c54e1e7b959ccbe14876601dbb97416f75d35d2b33b32c9e,[2022],[2022],1,1,True,0.0
079a4af5e4bb92a18d803871ca10662dc6c36e7e097f70f48882510875e9f269,[2023],[2023],1,1,True,7.105427357601002e-15
be8c242d43b809ea2828f49d935d248189c252d73ad02fd5af05a1c227fbcbfc,[2024],[2024],1,1,True,1.7763568394002505e-15
e0712ea9b91c7bf155eaa1fe07eb99add672c4f168e351e8de71083acaaf19b5,[2025],[2025],1,1,True,0.0
a78ba60d473e9f61143cb247da32f1fedc9dd90c9d0f33de34999fe01c806785,[2026],[2026],1,1,True,1.7763568394002505e-15
c524243276ad055d5de7b4983032b4466bdcadb8dbe15881a2c5a1d8102c1f6f,[2027],[2027],1,1,True,7.105427357601002e-15
3fd2de2fa77624aaac0a26f26f49d0311b4f7a10c95997710c28245a64dd9698,[2028],[2028],1,1,True,7.105427357601002e-15
7fbcbf10848adea14ed502bb654b64f65e667965b6f0bee04980ff2e3ccf9548,[2029],[2029],1,1,True,0.0
23075b48accbcce41f6646f117803a73155fbef6fb21b47eb67d560f38e58787,[2030],[2030],1,1,True,0.0
286b8e5466d8f321ab1af3014477e460fd4532c124d013f03eacfd05a2d8a33a,[2031],[2031],1,1,True,4.440892098500626e-16
2c31ac60719b3219e211891ac090eb45c2189488ce105abe9bfa9d240ca88122,[2032],[2032],1,1,True,1.7763568394002505e-15
642271b014728664c2bd1d7277cf7d0aa0b02793ca70f2a6f239eb98e4ad1f75,[2033],[2033],1,1,True,3.552713678800501e-15
446f216956111a462c1497fdad14b644e86e535307dfe77408252ee66b01c0a5,[2034],[2034],1,1,True,3.552713678800501e-15
e465a59f26dabfbd01d28288cd85da3978f04d62a721c9e1c56aaefff58e7a1b,[2035],[2035],1,1,True,7.105427357601002e-15
3639dd179a75800849a5f93dad464435d1566feec71efad4195fd15c89057203,[2036],[2036],1,1,True,3.552713678800501e-15
174bfc3fe58ae70ae7975ace6801bc247733372f5b805da19a8c96e9a34006b4,[2037],[2037],1,1,True,3.552713678800501e-15
f42f156c6e20251f8937597ddf84aabe90b3cbcd7e0e5dfd424e826b39983ef7,[2038],[2038],1,1,True,4.440892098500626e-16
88a5ef26c40309be1cb861625f94ec6f66ae03e3c34b17496bbfc1b61fe6111a,[2039],[2039],1,1,True,0.0
d6d13c0c3b3680b465807ad637ff83cb147798e18b55322a0786395c61451f7a,[2040],[2040],1,1,True,1.7763568394002505e-15
ae54130e0468763308d4f09a34a99b1a930141c2fe38718fde1aaac51c1fa67d,[2041],[2041],1,1,True,2.220446049250313e-16
37fadff8156f727d0a8931124ffa8b2384a00fcd3ba4a56727eb144b6965187d,[2042],[2042],1,1,True,1.1102230246251565e-16
2f7505313022a1b5a6284f03d9b37224c51fe8cc755891816f6e6945dd28b756,[2043],[2043],1,1,True,0.0
91c472447dbdae69d2cb37178a4850886e674e7fdf980c155fd6dbb8de220efc,[2044],[2044],1,1,True,0.0
72ee32203f209126ec2573e036cfad2040e3feab6df93b9778c026b8a0a581f6,[2045],[2045],1,1,True,1.7763568394002505e-15
51c90e44a13a7375736117af59b02c793451429416160a8cc43106da74ffe625,[2046],[2046],1,1,True,0.0
be03a9da62f45eae4cc1a7a4b56f27832a2801e497c66c26b00eec89173f1f92,[2047],[2047],1,1,True,2.220446049250313e-16
b41f2d0afb53501f86111d55138603e1187261f6f43b5a3f33a396a20641749d,[2048],[2048],1,1,True,3.552713678800501e-15
e0b0f8d5d9b2f52f62d9ef111dfea360fe53cb7b6cf21493de6cfe914fb93f79,[2049],[2049],1,1,True,8.881784197001252e-16
e2258cf8d8ca7ad3907d6922780c0f4915d5b0ca1f6edc1b4ce4980407195f30,[2050],[2050],1,1,True,3.552713678800501e-15
87bed8354cf79758c3a8b8cf523c1275f16a1fe894832fc36f3afe1b3e93a1d5,[2051],[2051],1,1,True,4.440892098500626e-16
dd2bc7319d7676747af94af25c98f3fbfbf0b390a3b97556d42fb3f5a8acc73e,[2052],[2052],1,1,True,3.552713678800501e-15
c531409b388fd06c3b718104002f0e85613d9181df9ddf44e553056023f1e938,[2053],[2053],1,1,True,3.552713678800501e-15
5b44a2c012ef124ad36635b819429507c439b7a3a3d8fb7aeec3d8c81a217924,[2054],[2054],1,1,True,1.7763568394002505e-15
85e030fffdbdc1bc473f27d53dc9be44a676ca934bf0f6e672a25692123a2550,[2055],[2055],1,1,True,3.552713678800501e-15
f8df5c629f1553991b29c8d14551a82af1f93db8f2c1ebaacbdad6c6e6a2fa4e,[2056],[2056],1,1,True,1.7763568394002505e-15
334ea51001eb93387aa1efbeaa0d296985c5f6fc54c3706b879687f3105bd68d,[2057],[2057],1,1,True,3.552713678800501e-15
bbe0d319fd1081f3b2a7d752d0e701ed5e6a5c53c23ba5cc8805f95fd89441b7,[2058],[2058],1,1,True,1.7763568394002505e-15
308126a1f492ea40c20dd286d6217c2c8fd9154ec5afe879d2633a02169260af,[2059],[2059],1,1,True,3.552713678800501e-15
5c984958969d3ed0a5564cc2185cbc537ad934b6a931397ac665b0a8259f46b5,[2060],[2060],1,1,True,3.552713678800501e-15
904402f66b8b62d822edd74705ac5b8756a39826cbedc10a4135055f24397cac,[2061],[2061],1,1,True,3.552713678800501e-15
b03d2f07001e49708d8df7eb816707f6dc5287a8a07a0f4c31f4a006f8de60ab,[2062],[2062],1,1,True,3.552713678800501e-15
fcdb0218f59543983a0d31390f46558835d3feb8f379b5ece30a66193b0642d9,[2063],[2063],1,1,True,3.552713678800501e-15
79654de80141c7f9b300f73a46b7fcaf22cc079b965c4eeea029ab113d98fcdb,[2064],[2064],1,1,True,7.105427357601002e-15
4c7c8200eca1176af0564239347acf3baec7c27d2752f29d078757ea0ec3b0d4,[2065],[2065],1,1,True,0.0
5d0bc7a5bcae99d7658b2cc05d39c7733806eaa911f9126bd3c2bc642434c8e5,[2066],[2066],1,1,True,7.105427357601002e-15
2f3bd87f98d87c79fe13106fb05c0d40f8a77af706cc64f5a0f1a846164949fa,[2067],[2067],1,1,True,0.0
ffc44204cbd3173fd4b586daa0b28718042740c89d10d0f1d96988910764a973,[2068],[2068],1,1,True,3.552713678800501e-15
72c58e1eb48c9b86a7cf95c0b49a7f35c04be67de6c61abe20cbcb2a089df5b3,[2069],[2069],1,1,True,0.0
804dd9c5138039fcaace13e13d85e30c58c9200774bf3e4d7b88b6260939d021,[2070],[2070],1,1,True,0.0
b9c42693b6825194fc1dc7d099f9fe8eac10e9508c930b0966b202c9a8b05530,[2071],[2071],1,1,True,7.105427357601002e-15
a3169a209b41246009c1360d55e311e132478bf249c0812b17f0016bb7de3187,[2072],[2072],1,1,True,0.0
bd7061d9cd00dc67593b987d05b9179c82f554fc91d11ddee8ff7551f526e9da,[2073],[2073],1,1,True,0.0
f6ded4a8ffaee1be47b8ba6ec34d6233ab44905ab9de3746404f7220d6efcde3,[2074],[2074],1,1,True,3.552713678800501e-15
4b2ecc43dabbae82fdb8fceb389c39ac8985c2b7642b707c9ec174b8aedaefe5,[2075],[2075],1,1,True,7.105427357601002e-15
dc6340f257f76951bb8d91bf8dfbc517dd4fa1e699b0c78964d82d5e5247487d,[2076],[2076],1,1,True,3.552713678800501e-15
6e2fd4acb98cd4aae70c005fbd7ae1c192b8e2b9456c22a00ba3bce2cb90a878,[2077],[2077],1,1,True,1.7763568394002505e-15
b94c363551aaa336a3565cafc64267e82fa3f122bfc558394faac119d9fde5ab,[2078],[2078],1,1,True,1.7763568394002505e-15
e358371ac0b97dfe830cf963267f95650c6f0e08001ff06aba0b24ee37d56254,[2079],[2079],1,1,True,1.7763568394002505e-15
c42e3b38275050b0c28e34e3e0dc9af81f94bdb2bab2134f11086a6221645d09,[2080],[2080],1,1,True,1.7763568394002505e-15
90b574b252e3d3a158599b0960dba6bb12cd6d8107079ab2dfe52f568442f4ec,[2081],[2081],1,1,True,1.7763568394002505e-15
f5e421076ccc370587dfc33e437ae700ba23b2285feb318a54e7d897a126ea52,[2082],[2082],1,1,True,3.552713678800501e-15
ff4a289f49a44201c3e85ed7f2539bdfa445b27be6e45e299c67d8d36dd843b1,[2083],[2083],1,1,True,3.552713678800501e-15
68f111ca50e32eaf88740c68051bdda2ea2f1620ba63120d3c13d2e6a4292608,[2084],[2084],1,1,True,7.105427357601002e-15
16f9addb2ec1237ba477baa0b1afa7bcf36f54b595d2de259aca7498a85b99ab,[2085],[2085],1,1,True,1.7763568394002505e-15
ab1602783ed8f58654e7ffda127c5f3fb13b5270484de1f91e090c7ec03c550b,[2086],[2086],1,1,True,1.7763568394002505e-15
ae88bed6eb5f99ee55621cf85e4f6b010881aabfe047f4f9756136f66bca2ae8,[2087],[2087],1,1,True,1.7763568394002505e-15
909dd7c999eceef6889f7ce7ee39c1fde0cb26ada238b91ce766692c1cd607f9,[2088],[2088],1,1,True,3.552713678800501e-15
fd8222b40ce53670ee7d2e76030f929ac9f3cdef65ee426c3129a6c97e18858c,[2089],[2089],1,1,True,7.105427357601002e-15
f38c9a98cf506910808d6c8e7170da09505630eddf13e5c3cc35a4db8942179d,[2090],[2090],1,1,True,1.1102230246251565e-16
298185448585679146ad4c6a86416e575e10aa6560d0a3a2532e65fcf6cc5f81,[2091],[2091],1,1,True,0.0
9eda20ff8f3cf052fe4b3e7da59fc4e933c9f9987213267c856733800d88dc17,[2092],[2092],1,1,True,0.0
58d5ed425c6840499ff40f77bc2c2d6ccb0d10a661a95c9926e78d1399f86f90,[2093],[2093],1,1,True,3.552713678800501e-15
5fad994f041405f3db8ba13cbe748d77b56c38a4482974dd0f20db536be0e5ec,[2094],[2094],1,1,True,1.7763568394002505e-15
38832fafcc80892948afedc832e9ed7fb9aca51b72aaf96ee8d78da6a96f3729,[2095],[2095],1,1,True,3.552713678800501e-15
79d7063fe14e93898a494ba790cf64af641354461d5ff1714f4f3fc81e350a7a,[2096],[2096],1,1,True,3.552713678800501e-15
5e453c40c04a70d6b3ff1aff45dd81c717e78224fa5ac0d878c9ae982b3f0f04,[2097],[2097],1,1,True,0.0
617751f624a0fa412af68daf99b10178107ace602fe0a2c6496333ef5c7b1d8d,[2098],[2098],1,1,True,3.552713678800501e-15
5afab921d133b37f058449d07983a1b8bb6da6ce619318e802bd4d34b617f1f4,[2099],[2099],1,1,True,3.552713678800501e-15
b37c847aed647bf8bfc80a44d0724af5f64b72ae210908593c30646b24eca5b6,[2100],[2100],1,1,True,0.0
8f5bda24dbc5a7fefd5e7487e58e42e1b784c9cbc80b33b21922cb09ab42f990,[2101],[2101],1,1,True,2.220446049250313e-16
917804238b5269f438ee544eb24d1b68016aa21d9c82e4c350a905a354d5c31b,[2102],[2102],1,1,True,8.881784197001252e-16
a7d756d5a5bfe52772601d2929ad9f78c582098a1378b00e322edbc79e55f665,[2103],[2103],1,1,True,4.440892098500626e-16
8a45eaef40cde13fc0730784eaf6a0ec58db1f46d8413cc14dcd33a910cff882,[2104],[2104],1,1,True,0.0
01edb4586fa70a05acd5589be3647839c99b99023a9db2fbbb546a999d9e71e1,[2105],[2105],1,1,True,3.552713678800501e-15
afdbeb443463313a36a11f83763a57c36b04aa11ab6ed430b2d34b17e039678c,[2106],[2106],1,1,True,7.105427357601002e-15
e952cf4446a362111a1eb84f14e10bfd3734be21313e03e30bd6af566a055197,[2107],[2107],1,1,True,0.0
5350262f84e6b30e7c8e65a35a6ce2a374b9eb386d8c815cae0e5059de667bb4,[2108],[2108],1,1,True,2.220446049250313e-16
561b80651507faf6e7efd19d27b028e071adf1c52943b5e86676fcefd28339f6,[2109],[2109],1,1,True,4.440892098500626e-16
9939957bf38f5ad81689565acbe6c5aa7308d3e7782474cc1f4a95a622532441,[2110],[2110],1,1,True,4.440892098500626e-16
1a03c3ce4ce4ad506d00865899c2c215ea5dab3b9991b757aacc9f29e77b1ebc,[2111],[2111],1,1,True,4.440892098500626e-16
d2773843a111613b99ecad77e5971263135fa339f13f6e6d46298835513156b8,[2112],[2112],1,1,True,2.220446049250313e-16
a8c2970c33e27bcace429326cba942cc42cb67160ba436de8178c1c39a0906a3,[2113],[2113],1,1,True,3.552713678800501e-15
af78d445d9e1978031e2045196cf7727841267850a0e874be0884cf9e1d6308c,[2114],[2114],1,1,True,3.552713678800501e-15
ca992817cf78760f73fcfa6edba33f61302a9e795829f70a379b0bb17e0583bb,[2115],[2115],1,1,True,3.552713678800501e-15
90f69fd8ea9e37649d6f6d10f389e07fef3c4082c1f6c7d4e883965cb880ac8d,[2116],[2116],1,1,True,7.105427357601002e-15
836e5710a9648b9df234aaa39fd6d0c3e2f8fea1547e1c80ea69f11bb3b97221,[2117],[2117],1,1,True,0.0
3c9fc3d85f05ea7d35c383764a2390865998e5699e1b4384e3602cb82f03666d,[2118],[2118],1,1,True,7.105427357601002e-15
fe2f8651b4c618d1ffe8f1f69782faf4d829a72af1a1fc5439c5d0934f382eca,[2119],[2119],1,1,True,7.105427357601002e-15
ce81ba63cd01f11b21df6b958d94ceebfaa3492e6e2cb8ca20f00b99e7adcff0,[2120],[2120],1,1,True,0.0
d5281d1988d5d267c692d171477e15b5ed3f64044174d39c9247b33f2e89f7c1,[2121],[2121],1,1,True,0.0
d6b72f18bcc106c2ca6d087125531bc3adbea2f0cfe9a719ef24f4cbb91f44d1,[2122],[2122],1,1,True,8.881784197001252e-16
756bae6bd1adc10da9b2818244dead22c06b865fd40d72af7f860d84e1152b59,[2123],[2123],1,1,True,0.0
09669899f06c5595b47cc7b39c6fba55d3329c719a648e8c0eba6f5af51e8c68,[2124],[2124],1,1,True,1.7763568394002505e-15
6e6a5512b3882bd301a82b51f8c4b1c54303d5cca8d38f89b2d9f007941d0ac5,[2125],[2125],1,1,True,5.551115123125783e-17
ab496490f4b75b07d37188d5a17dac5565b114fac1ed5871b0bc5b2ac4417719,[2126],[2126],1,1,True,4.440892098500626e-16
8f22e8a4b77c1a41e2d6c8ba0bdb8229f938cdbf8e8c86d0af52f57dd812ab33,[2127],[2127],1,1,True,3.552713678800501e-15
2b3f9a35464ab58d28c0547f94afcd3af56c4051c6e350aa6f74d2865bfb99ca,[2128],[2128],1,1,True,0.0
f236c854b6c461302d45c90b38d308729e88dd180ea4c1ce50e131f6505e3122,[2129],[2129],1,1,True,2.220446049250313e-16
2f643bc26a31ee46d99a2c9c2589b07b66f00c4740cb4484939896e519abc1fa,[2130],[2130],1,1,True,0.0
4b1f264423055ee567a73bdce0a9c7447f0fe6ad1d25e32aad8a4ab4d077efba,[2131],[2131],1,1,True,0.0
62e5408d47d517993ec60a76c53e7eebe38b688aa48ff8c7a4d60d86e6a25ae2,[2132],[2132],1,1,True,1.7763568394002505e-15
0a9f32fbd54b30ac8db844ebb4dacd0351301fac24e1a56253c1d32a42d77343,[2133],[2133],1,1,True,0.0
784f1b3d2acaf245ae30719a4ccc93de0541823e4bab299dc5247a2f111b788a,[2134],[2134],1,1,True,3.552713678800501e-15
adf3607670217ce04d5cab6679c07de1f6f2b3f3ce6d9777bbb54da0dd399679,[2135],[2135],1,1,True,3.552713678800501e-15
70e5c52da6f1ed971e4b19da9d90fdb8fcd856b94f91369fcf64ae100e20e89e,[2136],[2136],1,1,True,0.0
ee7f09edf1699d34ac7306eb9e2c8787c4abeb0a62516fd861aea52520a2abc9,[2137],[2137],1,1,True,7.105427357601002e-15
93847923b019d69381d6c0c1c9227cc499d3829d1c004552663a35d2b13498fa,[2138],[2138],1,1,True,7.105427357601002e-15
ca8f1fa36d89594f7a36e2effb63f2f82b56e49b905295ee7439494e67d24cb9,[2139],[2139],1,1,True,0.0
eaa2a45dd52556aa14f61d0c007f0dd14040d7853c5303e3d6041771631a929d,[2140],[2140],1,1,True,7.105427357601002e-15
6d457e9472c29094421c7a3941c41e72cef968eefb0025c92875650c71111aae,[2141],[2141],1,1,True,1.7763568394002505e-15
8e0a508cc5e69f632387fcc5eda0d112c85704989442265f17f5cbbf66661a5a,[2142],[2142],1,1,True,0.0
921757e3825a27987482a034386d4694db992db7febf459e5182b974e27d820e,[2143],[2143],1,1,True,7.105427357601002e-15
2fa5b4316533c46e226f81b5ebd8ffa5f42e65ba9f195d9ebf2110d2f0ca3978,[2144],[2144],1,1,True,0.0
fc5607d3c563bcb39d3a41e2a657a91229861227b2e475be3ea0322dafc0f25b,[2145],[2145],1,1,True,7.105427357601002e-15
80ab35751f3b3309f8d0ced7fb7475809e5020c216296e8604fea4a942d563f9,[2146],[2146],1,1,True,7.105427357601002e-15
feeabca62eeff1a9b912af67d2963a9cd587f741e52983065b77405bbd0a22ec,[2147],[2147],1,1,True,7.105427357601002e-15
37cd4d78a04c059182868160d4c3c78478b44e78562882ae8995702fd57bebcb,[2148],[2148],1,1,True,0.0
4bcb9d5ca6a817132a87258eee6eeed11ecf5ead75d33d33c7508486ff645940,[2149],[2149],1,1,True,1.7763568394002505e-15
0bd6807df1776d0f26a75383a3bb174f45af05e3fc3d97bff690d70f92a2b9ae,[2150],[2150],1,1,True,1.7763568394002505e-15
b02ac5d161f9b71f60daf16a6800a8ea57d2d19e2e1228c2f58232bccf9ef9dd,[2151],[2151],1,1,True,3.552713678800501e-15
b02321e750a3b99d38e0f8d1d3a9e9b6622a31dc5f7f04d21ae9682a5240cd92,[2152],[2152],1,1,True,3.552713678800501e-15
50f0b8e9432b102bd32a5bc53338b8fc426de39941e6d59e0490c228d9cb4110,[2153],[2153],1,1,True,3.552713678800501e-15
4fc9eaffe2f50a5d4975ae585c33a16d6aa96c2649de50edb24001fc5555045f,[2154],[2154],1,1,True,0.0
1dfbf70dd1cf4097a0375e98a024af9bad249c2d732bb0f3aa19a93415900406,[2155],[2155],1,1,True,3.552713678800501e-15
dba4c8a668ef74e97bc135725ecf6c30a668e6ccdd8fd80177e93fa2031517c8,[2156],[2156],1,1,True,0.0
08cf984063bcd5b8f8a8f65367e02efa5c57c9f898d95ef1e18d798b26f05811,[2157],[2157],1,1,True,3.552713678800501e-15
887f0fb0253117d22d4f4418788cc722cc9a58707a562b2bb871c8531099f6fa,[2158],[2158],1,1,True,3.552713678800501e-15
0243b0b4e7e766fb407bddf7ad9f90771d02f6090fdcb904e01c774395ceff6b,[2159],[2159],1,1,True,0.0
e5446377ad28317bc6d7d44f4132a8bc50b82a5e9cc66a532fa933331f54cddf,[2160],[2160],1,1,True,3.552713678800501e-15
5fb28a5644366e2ba37cc0b871a373127364fa3eaa38b1a987c30f59ba83e8b7,[2161],[2161],1,1,True,0.0
ed9d92fb40d9a90c468f5626bab1d7fff931ec11161fc676f4e1022e5d9aa443,[2162],[2162],1,1,True,1.7763568394002505e-15
424fb9f7b25bd16a7cc92876149257a081309e97f04a1ce5a2c82fcf2b5d340a,[2163],[2163],1,1,True,0.0
52801d8660a5e4dd170d9ad19c5d11f427aec4c8b241f47ae945563852dd6b9c,[2164],[2164],1,1,True,7.105427357601002e-15
603de51ef14943e2236c5ee6c7e28f23d5357a0602b68c77c7300a5f9c874f89,[2165],[2165],1,1,True,3.552713678800501e-15
72881e6abca721a569cad6d5aa5d699b61a1718096d83e8eb451bebf6b7100db,[2166],[2166],1,1,True,3.552713678800501e-15
d2ca788ea1e97fd384d1f43a45df12ad99caf546a785d8a494ada2baad03c839,[2167],[2167],1,1,True,1.7763568394002505e-15
3b78a7fd5098f104db5ccbebaf1ebdfd01f14a0022dd0e27a772057436995feb,[2168],[2168],1,1,True,7.105427357601002e-15
2fd1fcf1c7764198f180a6325c3bee2aeb50f7a1ef662127703ca8f3e1764ef0,[2169],[2169],1,1,True,3.552713678800501e-15
3bffc0367409618e35ea17e39098a0d2392e56c853e50c17fa88e8af6a084461,[2170],[2170],1,1,True,0.0
2916dc7278f93838e90105a4f92403ea55f4a24b3cf58728aade1f0255b5dfd6,[2171],[2171],1,1,True,2.220446049250313e-16
90b3108688c6c8bb250b83fafc41b522a0351ec9aaa32cf8d0413b18643e6e34,[2172],[2172],1,1,True,3.552713678800501e-15
7ff6224ef56cd264580eac8a9836d3ccc11e05cfe7d85be27a16608c2e34d250,[2173],[2173],1,1,True,3.552713678800501e-15
d2988c7520e9031a37a8fdd218eea2e1d1808a91ec2a8b95f0374b4429ca0858,[2174],[2174],1,1,True,3.552713678800501e-15
75be947ed18ed6b6b796effabd7c145d8d81a93a135fbbbf241f838fa35c6466,[2175],[2175],1,1,True,3.552713678800501e-15
8d9429f0b20187d60b0cd4c17fc44b7fe023a96617f53b26fb433e7e036f4ccd,[2176],[2176],1,1,True,1.7763568394002505e-15
60ebe447e13d96b87f47693b0b1b4c2eb7cbb688606fe3d476bf1ddb2b54902d,[2177],[2177],1,1,True,1.7763568394002505e-15
e5b9a7cc6e80bc4d42081c6ccfd13e26219045cd4786391e2ff499cdb000d732,[2178],[2178],1,1,True,1.7763568394002505e-15
001da26f5681f4e0e98d9855669727dd723a2b6880e64a105cd4f5216989062d,[2179],[2179],1,1,True,0.0
315530ab3067b9da24bbdb1cf2cfbf2abbe4db9654d4ee0e7e9d037c48896d4e,[2180],[2180],1,1,True,0.0
1c74ff5499e9824a405bb8ecaac1ff39fcce54dcf2ca8c8732baf22847e97bce,[2181],[2181],1,1,True,0.0
84b9f3687936521b9cb0c7f703c8c56593d35cf7e58db65fe4f22f762f56866d,[2182],[2182],1,1,True,1.7763568394002505e-15
1bfbe1e50e83354b2d4f2e8603fcc55a29f519fe5713fcd53025e2d0c8c0ee58,[2183],[2183],1,1,True,1.7763568394002505e-15
57d4dac246198f97b4668b3e712de73d3015b45c8637758a61a02ea4eb552e3f,[2184],[2184],1,1,True,0.0
fbe419c485b3f7eb79179361aa69cf7d4cbd014a3601ca0ff5b2e347e1c1e5ca,[2185],[2185],1,1,True,2.220446049250313e-16
13c74396849625693731d922e0d17e4ee135626d4b5be510435fe09bacbffe36,[2186],[2186],1,1,True,0.0
92a6744dbf10548c533fbdf512b666a35a7c5d42df3efc60e77374a9e31424a4,[2187],[2187],1,1,True,3.552713678800501e-15
74af05212898a5bac548d5e99a9c5c0d45aee467ad8e518cc5156a08029e6934,[2188],[2188],1,1,True,0.0
29ccbf83cbeaec40f3b02d956dd24838e566be7da4a32d34d0a4d9f8923db8a7,[2189],[2189],1,1,True,7.105427357601002e-15
fa6e53f0259c5ef141f26b50905831ded814e9366ef2e78f8bb06e62929e2055,[2190],[2190],1,1,True,7.105427357601002e-15
2afa4fd2fff06e22e6be878365890cfd97566f5ce5bb68af481c3e986c11ba6f,[2191],[2191],1,1,True,1.7763568394002505e-15
e8747f2cc8f5b4a74097ff26d9c548ff3e5360badf46f5fa4bb9b55090ca4e26,[2192],[2192],1,1,True,7.105427357601002e-15
250753db59e1ee6249bc7a415f4390dfe3ccea6014c2d793e39121f8d1b45195,[2193],[2193],1,1,True,3.552713678800501e-15
204c799fceea397871e06e1b0269b0ce2885224889b07dda4750421562d23613,[2194],[2194],1,1,True,0.0
ef7298e2f2970a69e858489dcb1526a99f8d79b628f86f74b4b6859836715da2,[2195],[2195],1,1,True,0.0
52465e008e788afffedade2684bd3ff1b55230cfdaa5ca79013338e8b6cb4c9f,[2196],[2196],1,1,True,0.0
5d5e64a69bfcf1b497c265fc5ba2a0fadfdf336b57187f6620f4f24e37410a4d,[2197],[2197],1,1,True,0.0
9620325cce47b4286c6dd58dabe83b091dea38bbf844d9baafe6ed06667f3a60,[2198],[2198],1,1,True,0.0
31ff60221dc9b8fd027af7432ec96ca2fe9f6d51cefaffbcfd4ca098a5e5ab45,[2199],[2199],1,1,True,7.105427357601002e-15
1a7a7f3be5e6de71e97e8f460758c3b89e09408aa98f9de0e66fff6eb66aeb5b,[2200],[2200],1,1,True,7.105427357601002e-15
8b2a7baea94c55e1d284fc2a50a0138e14e77ba0dbc8394040ab9de146ce5752,[2201],[2201],1,1,True,7.105427357601002e-15
7f4b764c6f7d38db06a96d26ba8b02e64587c519123ed1ba44df08198f698118,[2202],[2202],1,1,True,7.105427357601002e-15
11679e488bf4d01ca363f4c670eb046b1dfe095769c616c50c62c07002f0716d,[2203],[2203],1,1,True,1.7763568394002505e-15
2f27ef979ad6433d91c34c8bc021f088b98552f5379c354b79deec48b363c575,[2204],[2204],1,1,True,0.0
e202ce212fe56fc1e49673644db7cced13fc26a76f36b52b0f35cb900a473e8f,[2205],[2205],1,1,True,3.552713678800501e-15
aaf3b8d9638d72bd32e37bdfe3a5ccc946ee91281b4020da3a73818d68a5e675,[2206],[2206],1,1,True,2.220446049250313e-16
2f147ec7dc9f7470f607292edb145ba423330f7ef8af0d59eb436b9be86eedf3,[2207],[2207],1,1,True,0.0
e238ee10ec3db58ef0a65e100d111c1d3718be5618ea96b82099494d7169bcd4,[2208],[2208],1,1,True,4.440892098500626e-16
cec5171eb2f9d24b0b0d6a4030c665c3e45722f4d8a852991cb1438773ad9f8f,[2209],[2209],1,1,True,0.0
b1415935092a32994ba72cd85217bd27e2f5c5333a6af4697f4af0263a54105e,[2210],[2210],1,1,True,0.0
7b515f9bbf7e1f4a87f71b87d73e099f418e76553eb4ae179519d45555243d04,[2211],[2211],1,1,True,8.881784197001252e-16
747d9e6cafc0f309684ff4e65d0eff982ee81f97d91e1b83a5622b217842cbae,[2212],[2212],1,1,True,0.0
ef18a672022e0b4586b3dfea0d228da4b009a8d65c46eb4100dc513fa07ae4c3,[2213],[2213],1,1,True,0.0
321eada21e09a10fbe85cf385e41225f0cee24676720eebfb6646a4f3184dcc1,[2214],[2214],1,1,True,2.220446049250313e-16
86280acb958f62337f036a6295fa97029cf0c4a7ee6d4d04b6bbab619deb2764,[2215],[2215],1,1,True,1.7763568394002505e-15
cc1e366ea9cf321cd238699aa8c80204e4c81500ba314a559d9eca970e38733f,[2216],[2216],1,1,True,7.105427357601002e-15
b83e90b647b0914bdf61b9e66c699c5b670c9359f71da81bcbf717092906243f,[2217],[2217],1,1,True,3.552713678800501e-15
1b8646caf3ba2994a1a182c2134b32c0ad97a83cf5cab011ed1cecabfb10f4c5,[2218],[2218],1,1,True,7.105427357601002e-15
acf7ade56016178cd499e72a286d3b1f3e80bb213249a13c06e5087f62c55d8d,[2219],[2219],1,1,True,1.1102230246251565e-16
da29aae6ea9653e9a04cb88f74d1948f70cce7b64ccb2aab46d75575721ef09c,[2220],[2220],1,1,True,0.0
8877707436bc7df2d68906bbed6f802b131564233976075c6fceda0d50674c64,[2221],[2221],1,1,True,1.7763568394002505e-15
9a699af74adb5551c688ece5fe19174ca89e5fc33040ca7cd44409acc2507fed,[2222],[2222],1,1,True,3.552713678800501e-15
59645194e222539d208ba9270845b5bf9eba4c0c7bc0efc540e2263aa3e0415e,[2223],[2223],1,1,True,3.552713678800501e-15
907ad24d3a44d59c6112070d771bf96feeac00e0cb7dba2ab7f13e9684da6355,[2224],[2224],1,1,True,3.552713678800501e-15
66cb2c3c014276affcf587d26fbaa0496a3f469d173e116b090083cf6391844a,[2225],[2225],1,1,True,2.220446049250313e-16
3c425140a3fe0876cb4a84cfb5d4769b6e9abb16d824b42b315c281aa5ac904c,[2226],[2226],1,1,True,8.881784197001252e-16
1adbcdd7c47f4179891caa823d7130e8276de2eda26a1b19c1f5af6db4c0550d,[2227],[2227],1,1,True,7.105427357601002e-15
375101838079de03ee8d0e7552a5ddd2095ad8d1bfd8333cd8ce41f1da5571a9,[2228],[2228],1,1,True,0.0
7314ee483970955601bffe55c4630e25df586e83cc50b2039ada779069c09cfa,[2229],[2229],1,1,True,3.552713678800501e-15
096bde38775da270d6fb5bb3cdd8d3c99a3d56772fd9c26275641c6c6cb4383f,[2230],[2230],1,1,True,3.552713678800501e-15
246479397b05b74a099e40c8114c83ac843e18a06bc38712ef37ad1b591772d3,[2231],[2231],1,1,True,2.220446049250313e-16
150079c64f76cb3d8b8dd5a23a8a569e9e4eb4299dc07e7c30b4c81807f9dd0d,[2232],[2232],1,1,True,0.0
8c530c8374898012f08f64501bc7883552f0e958305efcbe62d1f4553908b6cb,[2233],[2233],1,1,True,7.105427357601002e-15
9b6ce97e6df38ceda723c3ba94831358dde732f62f52b7580d8ac8087a77fe78,[2234],[2234],1,1,True,1.7763568394002505e-15
ad704ae6fd01b4db04799f3cd651a1658a7f2d5b55b73012d185ebd2cccbd63e,[2235],[2235],1,1,True,3.552713678800501e-15
fec4b2b3d3e426c7de0ed89ce756079781548fd56c18add50f3f76896cbb7534,[2236],[2236],1,1,True,2.220446049250313e-16
885a7c3b0cbba9956286731f05ba38882486f0704e21f1f5d6f60195907deefc,[2237],[2237],1,1,True,2.220446049250313e-16
f4391ccb2e96e3083ac438d28560ce5618b14dcdffd7eacde2511d1ddfde47a7,[2238],[2238],1,1,True,2.220446049250313e-16
f286ec70478eff3412dfbf6659cbaefffd0f3ff23f119a8d73a4365ee27715db,[2239],[2239],1,1,True,7.105427357601002e-15
f3a120180043b9e3e0d0c50a1778844a2c6d48931da45266ebf6a38eedcdf37e,[2240],[2240],1,1,True,3.552713678800501e-15
eec48cdeded11503174131e2493261f86a250f4be9b8732200c717a8561f75f7,[2241],[2241],1,1,True,3.552713678800501e-15
be58ca71d572f12abc68f2717cdbc3b67ae1d712f6f6d01249e5e64074c37c38,[2242],[2242],1,1,True,3.552713678800501e-15
909a646a85249b684ec9cfdd990b7283ddd387f0ccb6dba860b7c8aed6407b20,[2243],[2243],1,1,True,1.7763568394002505e-15
e712e029e71766139fe9f2cec9665e6c75457ee016e9f5a789a131f25c0ffae5,[2244],[2244],1,1,True,0.0
d3542b055c9b07d527fa7e699ddcdff9f030d8641e7cac6feff3abf218cd04d7,[2245],[2245],1,1,True,0.0
a529ee30ce8ee5210cc9f767e11adf87cc3b4d36a65f1ef914465c7a5758a3c5,[2246],[2246],1,1,True,1.7763568394002505e-15
22e78a7aaf655beefcee339e4fe492ce17758111aaa716dc89e0705a9791a058,[2247],[2247],1,1,True,3.552713678800501e-15
d3d5fc4fee2e3231bb07f5e1ed3cf24a1b19d29bfafa998bd71dc6d001b64c6d,[2248],[2248],1,1,True,0.0
b49d69894c4f8f841eaa1af96c978ce2114007d2e39d4b23e734987e8569288a,[2249],[2249],1,1,True,0.0
1d821096f63589609b4424ae830d0e4ddb630b1c0c58c52c41cad7f116d42016,[2250],[2250],1,1,True,0.0
06f18c3ccec7413914cc6c98209f0e83c922d3ea9e28ae1b24f2b6c52d25b6c0,[2251],[2251],1,1,True,3.552713678800501e-15
6f0a471f2c4bc288d139ddf8e8dd76f22240ecf00896bc8be56997e1594baede,[2252],[2252],1,1,True,2.220446049250313e-16
93d1a7acca33a2d4704380ed5ea54600e95958247e082ffe4371b940445fd0f5,[2253],[2253],1,1,True,3.552713678800501e-15
088191a5ca9dcee4930327918821b07cd2fcf1a94a016f0bbbec234ce8bf6346,[2254],[2254],1,1,True,0.0
bd110d47ee9fe7b42c24fa8585a52fdeb66fe727485e55838833a1592c2d5bb8,[2255],[2255],1,1,True,3.552713678800501e-15
713e81a299db913b7221418af60eb53ed5b09781d37798d862145da14f0f5a12,[2256],[2256],1,1,True,0.0
217d629fd07c252e503ae9bab84b8f7eb21f24c02023e24fc9bd4b13a4b66f6b,[2257],[2257],1,1,True,0.0
99a2a609ef745266a33286c4493c948da977380e79f512004de4182b1d02dc68,[2258],[2258],1,1,True,0.0
2d1baaf81004c7314f253efcb027d73dde18e189333b6b1e7d177552c0e00a0d,[2259],[2259],1,1,True,0.0
b9081cab20ee37b81509e3762dd710130e923729c9318353c8f5cc31446cc0ab,[2260],[2260],1,1,True,3.552713678800501e-15
5920703b534f11357a7aa82e06ec58a708ce0c5497f773fa817669423d22941f,[2261],[2261],1,1,True,7.105427357601002e-15
bca536e14bfcc99b5d92f37bc49b1b6cc5648fdc2878bfa17a52441e447beff2,[2262],[2262],1,1,True,0.0
2a0966c31985f8127582409910f1af37da2f25fecbc9a2c512d72305bb5885f4,[2263],[2263],1,1,True,0.0
b5587183f114352ff1906fac999e3548b6e9bb183136bbfdf591c8028e4b4ed0,[2264],[2264],1,1,True,0.0
8ee688fe265470336446d7e53658a6d46d1581bb248c1e1ffd7666e094220063,[2265],[2265],1,1,True,1.7763568394002505e-15
966f6069a752017df5c1b3541640430c46d4e6f8bf3de1a0125064fa23c58651,[2266],[2266],1,1,True,3.552713678800501e-15
1e34f45797f3405d134326c0666b428c7bed6facb55342b1675c980e1333b1e5,[2267],[2267],1,1,True,0.0
cf0dd062c619bd9904db1a99a09b9901afaa71202d6ffb317e969be149b7eba8,[2268],[2268],1,1,True,3.552713678800501e-15
2c07b15cc563922b6dd5e3b42da403cea211078b7b1d1bac1971e11cc540248f,[2269],[2269],1,1,True,3.552713678800501e-15
4b8204e53dc2c5582f49c1cf8997e88de36887beb062c0e65499c1367904a5c9,[2270],[2270],1,1,True,3.552713678800501e-15
5ceb38eab54791941c85cc1bb45d34a5c72983fcc438d14b13cf20d6e8d8ceec,[2271],[2271],1,1,True,3.552713678800501e-15
a174b1b2abf6f1a6bcd210f4f18110598c8780c833dcf9cda2a8bd16bf77e01e,[2272],[2272],1,1,True,0.0
f2501f3e967fe400bc0a1b42e0e34553a175d000c259ee1176a02a31f26f94e2,[2273],[2273],1,1,True,0.0
3ab70989d13ef32fce25749fc9920094d6c25366a36b59204cdcfa47175d4540,[2274],[2274],1,1,True,3.552713678800501e-15
b9e2dc4dbcf79bd305cf22d65abb906c4a9b286f497c0cc00bd180995e3c982f,[2275],[2275],1,1,True,3.552713678800501e-15
ef69702d185b860523c6959bce7bec59b613848d178f689bb5c55901208e080d,[2276],[2276],1,1,True,3.552713678800501e-15
35cac13bcbc8da2c76cfb96ad0d21ed8242343f614691d0aad775e35531a3bc1,[2277],[2277],1,1,True,5.551115123125783e-17
fc938928b8d91528f933f5b9b0f06ae642ed7fb150f0ca51d6229f34c22ad277,[2278],[2278],1,1,True,0.0
52d0cfa72c061ea8708e27ed37efe832a1f5cb5c32a4f772d6279c029d223835,[2279],[2279],1,1,True,0.0
8ab43cc00d264721f76a634bc7450ca339363b572f065821968598d7e28ee948,[2280],[2280],1,1,True,3.552713678800501e-15
74520b1d3ccb3adee8003780841f66c53e68d68b142bc8bf5b0179ab4418bd89,[2281],[2281],1,1,True,0.0
d4e56ba5899e2b39b53e526c877f62bcacc5881650fe9e22967e1b695ee63ccd,[2282],[2282],1,1,True,3.552713678800501e-15
92ea2419becbd888aae5b272bbc2c3f56b4c6c7ca0409e200aaa2c70544ef4d1,[2283],[2283],1,1,True,1.7763568394002505e-15
511f631a6b5f789eb53774ea6964775ebdc1b4ff680bc3c0b80eb459dda9a6e2,[2284],[2284],1,1,True,1.7763568394002505e-15
664a41261f895d852fdd142494197ae93db69bbc7f3d57f70800745f26740e04,[2285],[2285],1,1,True,1.7763568394002505e-15
905d53f1075f77b0d735869379ad090734e745a4f809e63457637b2d69d632ac,[2286],[2286],1,1,True,1.7763568394002505e-15
448499a4cfaab1077632f8072f8c0cca542430f7986a14e03dc61b572febe9b3,[2287],[2287],1,1,True,0.0
1f7ec55f4f8ce313f6299a022f6f9cde6445770c3f1ce0e787dc493d408400bc,[2288],[2288],1,1,True,7.105427357601002e-15
47472e9d1a9430498bec757afa2030fcbcee36f2765c70ef4fcad7c14a257feb,[2289],[2289],1,1,True,0.0
151e95ccb1b0e2847b950bbbefee0269f69adb9e6d7b51d1ad9708fa90264b8c,[2290],[2290],1,1,True,1.7763568394002505e-15
d21f33d92134dc52e01d741e71e95e971806f2d5dc672c1c405c73ff4aae3951,[2291],[2291],1,1,True,3.552713678800501e-15
48274ece3621e67f9ebbbfa0a85fdef7928d54dcc6fcd8157ce0c21174c3106d,[2292],[2292],1,1,True,1.7763568394002505e-15
407101c16eb282c449174e6d148bf5c07edc7b5fb14a44fe4db4fed7fb277623,[2293],[2293],1,1,True,1.7763568394002505e-15
fe72ee07bc319d67736556077d44d6029320f873578c9b94ef263900e2125060,[2294],[2294],1,1,True,3.552713678800501e-15
045732abb5806cf7634156347fbb9e0b6791d4f25215908a5239c6fbafc5f551,[2295],[2295],1,1,True,0.0
9f1fb872bc9c251c9649684c4ac04471b67091598ebab43a5c84ce9a41164e14,[2296],[2296],1,1,True,1.7763568394002505e-15
299c2d4cdedfe51b30253c2805ae962cb62b0e07e2160a778a3390dceba2fe41,[2297],[2297],1,1,True,0.0
f22d572584a85d0705fad766d6b326072b9c9b77a70f88be73493ee6f104e4e1,[2298],[2298],1,1,True,7.105427357601002e-15
63bf3a5e53469a35209c15db8a15008e15d06a1e8e2ea139a2b3dc58e60365d1,[2299],[2299],1,1,True,0.0
986789ff23e9156b54f5da6af81364dde9fb3ad8dd01ad6bed4d84a9e4796723,[2300],[2300],1,1,True,1.7763568394002505e-15
bec594888aa1bb260d7faec15f0d7dc69bc12d3f50d9a1ef41b256d1454bd8f8,[2301],[2301],1,1,True,3.552713678800501e-15
705bfc72f2b92e448b74fd7a69a41e1e1a4a60ef3f138f4d07760f9e357d2a07,[2302],[2302],1,1,True,0.0
39363f73beb74820c86c2cb1904da8db9dc8e27ae6a771c3b86ec8d117340672,[2303],[2303],1,1,True,3.552713678800501e-15
483c41f73c4a67728e4678fb8d1e86a34864c83d96b611cb85ebb830e7187164,[2304],[2304],1,1,True,1.7763568394002505e-15
49200f173ace9751f194f5cb7f339a691dc33fd6bb811cb9882b216d9501a8d6,[2305],[2305],1,1,True,3.552713678800501e-15
c7e70a87b2d0ba3dd21fede3e1d67eea07ec12491aeb9027e612b7a86ce7cb68,[2306],[2306],1,1,True,1.7763568394002505e-15
fecb7202a037ff03005d5357bd06cb8a902f6c041959c7cd685ff74ed0b80f52,[2307],[2307],1,1,True,3.552713678800501e-15
eb409e3ab4ed43b7d375e58d0fc06be911ab515985798f798d5e2b0224ff1d9a,[2308],[2308],1,1,True,3.552713678800501e-15
803961ac0fcd6734d3011acd501a75a36093550fb558e2612c327f63169831ae,[2309],[2309],1,1,True,0.0
b3039598601e01a741612dd9563342241ff9599fb61616db7339f408c2a0439a,[2310],[2310],1,1,True,3.552713678800501e-15
69d4dd02cee514375278789952ab5de65efcc508952b4c880ee9ab699da85a9a,[2311],[2311],1,1,True,3.552713678800501e-15
032238e2300cfe28335dcc6e195669b51a3087f72afdbe8139add32d79a91e0f,[2312],[2312],1,1,True,3.552713678800501e-15
dcb139c110d8d1d457fbe459c19d7ccc15085408b302de41052a709212ac50b3,[2313],[2313],1,1,True,0.0
b0509a33130e26c1f7398f8448e8d8d042c7a7b9fa0d00d625540035a88b6969,[2314],[2314],1,1,True,3.552713678800501e-15
397dbbe65044dfc5a1c4ef5a88c2152b0248fbf9ad45a57f52620fd7e8f0dd15,[2315],[2315],1,1,True,0.0
5af08cd2af263242233c6d7aa6e4ab89e86b80e0c70814afe8af204060529596,[2316],[2316],1,1,True,3.552713678800501e-15
4ef45158bf834d202d60d07ef2507ac4868ff460862db7e19e0eae7267fdfa96,[2317],[2317],1,1,True,3.552713678800501e-15
eb1d70a1d7a6a4a5eb21c1643f604c4cd6fcff9fc2f01d35dfcbc1b7db5d8b6e,[2318],[2318],1,1,True,0.0
3fac4a7085f4b9bf2429c50524cfee567ac275f49f4e1da5c0a89526b1fc34bd,[2319],[2319],1,1,True,3.552713678800501e-15
a3b69af227e979d220fb310793fdf34a5617e8ded005b4d7a1afaea0bd2fca8c,[2320],[2320],1,1,True,3.552713678800501e-15
54a5a705c92eff61aa60536e9e7b2241f0be8b0ab1868c1ccd50b027df6e998c,[2321],[2321],1,1,True,0.0
72757b3f984237aaacc2654664f1318eda2888eb182f725b03fffc38dc1a06e8,[2322],[2322],1,1,True,0.0
a2e4e6878ec8b8cc5240161fb3904cb2167a03a8ac835a9a55ea431d1e110469,[2323],[2323],1,1,True,3.552713678800501e-15
bdd23dc2715f915506718e061609515a9736689ddf8e6f91ff1c24fabdbc912a,[2324],[2324],1,1,True,0.0
6453d79983e7c1919a728ac935025c7221a5620aa5c66cc3eb2e9c27858369b6,[2325],[2325],1,1,True,4.440892098500626e-16
7885e7f984f765514111a14f650457b9d7b578da2388ad37aaae122f33f35270,[2326],[2326],1,1,True,2.220446049250313e-16
f981f33e734cb0abe8ed1de875c18ef3cfaa75bebb10ad94b12bad097b1a70d4,[2327],[2327],1,1,True,0.0
58531edaaeab743ce93656c49ae900220d889f1d25a1afe2bcacd89d580ef6e0,[2328],[2328],1,1,True,0.0
8d17d37571dcecd931f86562f8e5a363eb457b03b9d5084235787cdd11c0acb9,[2329],[2329],1,1,True,0.0
e1da6ca5d0a9b0b23aa9eb19e04a69895e67272842ca16eb37410200ea79affa,[2330],[2330],1,1,True,0.0
928872a374417da76056539fdb3210a1c1721b04326f5549ff09d7f7d35da6d5,[2331],[2331],1,1,True,1.7763568394002505e-15
df24347c33deba5f5790e382cb6b030a4e8e7d52a13f0ac4d1a55b73e4cc4659,[2332],[2332],1,1,True,3.552713678800501e-15
ad9777da16ac8046971c249bb99ddcba3edf596f7c1f908c71aaae0d762dd2ea,[2333],[2333],1,1,True,5.551115123125783e-17
290757da62084b625f3c4ae4ed65fceccba8df55493e22d33e12ef8eb5476032,[2334],[2334],1,1,True,2.220446049250313e-16
af2ed1eb56a2390558f8fe4107a21839ef4f4248c850333d9a2631b0c954b82c,[2335],[2335],1,1,True,1.7763568394002505e-15
3c4fcc7a829e54b70e29b4bd28fa138d2cefdb05bb40be2530857d84b2b31ff4,[2336],[2336],1,1,True,1.7763568394002505e-15
235db35e3c4ee4b299963cb63d99aff2bbff2b204a5b5a8af41bebc32b0de87b,[2337],[2337],1,1,True,2.220446049250313e-16
b17ade070f2ab2e4a84f43e1d32c254203c3aab0e5a104fff627b3948bec4f9b,[2338],[2338],1,1,True,1.7763568394002505e-15
c502ee37de9ef86152765e26d2cf53d340b8eb52a5c3d1c75b210da2e60c32a7,[2339],[2339],1,1,True,0.0
1547a22c820f48fb80ef2535acd78a4c88f1001853d83b3df7d359982ae1e837,[2340],[2340],1,1,True,7.105427357601002e-15
fca5595479a0ad254f844ca4d8aee7f22fec85d271e2f1774073233a1d654968,[2341],[2341],1,1,True,3.552713678800501e-15
1222e5b5464882389fcb4feebfb3e476a1d8400a0fcfda4a22c13e7b9de73903,[2342],[2342],1,1,True,4.440892098500626e-16
c7f9c4ef3d8f5e33b95fb0633a760feecac0abd3dd6c6d5b19f6a3b2c643cdf0,[2343],[2343],1,1,True,2.220446049250313e-16
b87045089c283092ad3758481fa188884e13600aed3ea871c0b3c2338767eb92,[2344],[2344],1,1,True,0.0
8269a20aea894b3f582063ebbb4f6c6c0a2f359f14ce9901a33e069950ff3fdf,[2345],[2345],1,1,True,1.7763568394002505e-15
60539cf48d849927f28518baabe6c71a7007d209a0120f70108b570e3d0d9b82,[2346],[2346],1,1,True,0.0
f4b550052979c6c18cbd45bd1e290fcedaf3ab67e6451770682a3a2e224d1856,[2347],[2347],1,1,True,0.0
f39862249ecf8dc418aa1440ffda7d90c6e05bfa14faf6a04d131d5981819735,[2348],[2348],1,1,True,4.440892098500626e-16
5791af3006fbbcb97f094710ea72d640a3e14471e80cc2f80fd7bde17f7b02e6,[2349],[2349],1,1,True,4.440892098500626e-16
d99e3edede9f893b6f2f125808c51029aa54d8878bfc86bdad87bd5a72189ab2,[2350],[2350],1,1,True,1.7763568394002505e-15
2ad83d7c219d41a655bc9b4a51d0db697026fc06b4bd133d710c6b8f93536ad5,[2351],[2351],1,1,True,3.552713678800501e-15
14ff85d9b99e3545423f8a8f98b07a49dc6301aabc311a9f132af761af633aaf,[2352],[2352],1,1,True,3.552713678800501e-15
87d22e64f532efbc76044de02db8a70e8a33dc9c28cd3aa4eab782d443243173,[2353],[2353],1,1,True,1.7763568394002505e-15
3a4b8c560cf78bdae837cfd6c6c55d6339fa2e6b1d3d99abc5ffdfa677b4a40e,[2354],[2354],1,1,True,5.551115123125783e-17
74b2b139b4bcc51817ae8556038cf87ff5c17acfe2822d6ba2b0f64b45217adb,[2355],[2355],1,1,True,3.552713678800501e-15
024e1ef4f7c276cd7bba42e8697b2d3da34a69b4ee480f103f3951504fbe97c7,[2356],[2356],1,1,True,0.0
f7216f6508084521e072fb3cbe70a44ab986099e2e8766a5209e380d20048a9b,[2357],[2357],1,1,True,7.105427357601002e-15
83ce96fb35ca5cc54de4fc8cc6b4a880c2cdb585dd3c9bcbcae566873a652c4e,[2358],[2358],1,1,True,4.440892098500626e-16
eedbeb455008d2b7f160526fe80bf881a7a30c217fe452e3a4558d2024003a09,[2359],[2359],1,1,True,1.7763568394002505e-15
bfe92f047ad3e2f141f16f6e4da9de864d7dbbb6630f410c723db30c4c7f87c7,[2360],[2360],1,1,True,0.0
1a059bd166be2fe44072513533d6d02479a891115015716592e5943b65f27e5a,[2361],[2361],1,1,True,3.552713678800501e-15
9ac086e7f6461a3dd6902b5446df9064204a5fa9d0a2b3bf17ce81859b7f0628,[2362],[2362],1,1,True,0.0
61b8feb0fbd7b447aedaa12e2be0b28da01cb8956e60924f57ae1041a8082247,[2363],[2363],1,1,True,5.551115123125783e-17
0ed8e7ff556391896b05527ecf6cabf3d5c4c0b7f7013739dc7fc6bfe965f876,[2364],[2364],1,1,True,5.551115123125783e-17
5c1dc9687c992e666f262114658dfd0b03f640162775d5392e0d0bebe31d236c,[2365],[2365],1,1,True,3.552713678800501e-15
9199010f8e4a30f16477e62154aea4b8f61e150e3db136ffa671f0aa9dfa70c2,[2366],[2366],1,1,True,7.105427357601002e-15
f5f41a2768c7e6013894b9f201f3f62851ee212825bb526c211c9782be596f4f,[2367],[2367],1,1,True,1.7763568394002505e-15
c50e71e1e79f7791f5e79955b0a1e538ffdf7afeaa88cb29140b365ee46018c7,[2368],[2368],1,1,True,7.105427357601002e-15
38fc269daea2455b19d086c057360351c03571a1850ee54e9348008cb83ff62d,[2369],[2369],1,1,True,2.220446049250313e-16
10eed64c140d0e2ca752b954d1c91e4c65d3ec996f039ab1b5d46c6c707f4472,[2370],[2370],1,1,True,4.440892098500626e-16
0667e964e30f5c75e5415a7f194145eaf9d0cb20b71357ca297e2480de59fd14,[2371],[2371],1,1,True,1.1102230246251565e-16
e7f1675a722dfce08eba7fa63525c10386b680cb29c0fe83945a1c22e8b0507c,[2372],[2372],1,1,True,0.0
042385a6deb0cfd0c7552efbc546283274ac49336828787c46210e35b31c0896,[2373],[2373],1,1,True,0.0
ec54dfb645a2d6cce7cb5e391db86dc56cac19a244d7e85abe78d9f426fc2f34,[2374],[2374],1,1,True,0.0
b2359bf44c349b7675a800b6b739ea62c45a7bda7dab817c26e85bbd9d965e1e,[2375],[2375],1,1,True,0.0
f3be62b07c2058e0e954fb3e20eb7f10f0b1f787f85788c4bd7c5b95a654ab4d,[2376],[2376],1,1,True,7.105427357601002e-15
f11866c92c78304fa1f0ed0f43a1e0d96dd94379071295377f6e44b28b612193,[2377],[2377],1,1,True,1.7763568394002505e-15
b4842b5aba5cc5f3234b631d523a3f0560f367c60fd393a51d0101a498fc7be1,[2378],[2378],1,1,True,3.552713678800501e-15
259be044e6763920cc6194024cc94fdcd555e33903c7eb410054c019ffe1f627,[2379],[2379],1,1,True,0.0
77908f62ec8798d02b5ade5f85660efd281830909e29375b9cf482ece76d2a68,[2380],[2380],1,1,True,7.105427357601002e-15
c113f7e9d14c2772ef938f48969ff06f1020a9cd9d54e30bf0820ddec5fb678e,[2381],[2381],1,1,True,0.0
a5b834ef75944b0a0f9094e4ce57d6957d3101da4908d2b7236a778205cc7fa1,[2382],[2382],1,1,True,3.552713678800501e-15
c53f9ec3f107cc9f8cda5e7e3bd0b8aef2e1a5cd4c350018e5319f7397e0f279,[2383],[2383],1,1,True,0.0
ec9c63ee641fc9147bc4207cc5fd6284fdcb54dd6cd05a7c86a84d7be6b99476,[2384],[2384],1,1,True,1.7763568394002505e-15
09c3419d627699d109ce35f07fd79a914e94c65740fbce731bd2fdc883985f60,[2385],[2385],1,1,True,5.551115123125783e-17
820a58d8b50c97aa10dec6fc87daa44cde095fadaa26c303962998657395f355,[2386],[2386],1,1,True,2.220446049250313e-16
ba75539d130d7a5a8b8e202e0ea4770e8e2e8cf6d8c7e2ddb275267b589d448b,[2387],[2387],1,1,True,1.7763568394002505e-15
4a6385edf691768d05e7c056f3e4c17d0d8877539f7ee426970baa0e0b936c98,[2388],[2388],1,1,True,3.552713678800501e-15
f7729c111086fc5af2d72a38804b49679698ebc6bf80dedb9023802b00b9406c,[2389],[2389],1,1,True,0.0
c6955b945c2f5a4c1207da81c0a01ed9caebbc2ba597c48f04266ba9ce3471be,[2390],[2390],1,1,True,3.552713678800501e-15
4e549082000df2d42ddf7f253b27f96b21f2b9ffd149c103e28e9995d4a6c6b8,[2391],[2391],1,1,True,5.551115123125783e-17
54f674a3d6c8bdc4a0a5b03fa0aaa9e66cbce90b90fe5c806e530846e79b70ff,[2392],[2392],1,1,True,0.0
b04dfeb851c36ad8323c412e659557254e4cd405808bfc92b9d8ce6a9f3ed472,[2393],[2393],1,1,True,3.552713678800501e-15
ed091ccbe9515092c0975f056ddc8f2321b4b7d65e36def1aaf4470451dfcbc2,[2394],[2394],1,1,True,3.552713678800501e-15
13137306b701efdbe06696b1b7c8cc932e278205dd728be37d73f72bd8d1d2fa,[2395],[2395],1,1,True,3.552713678800501e-15
f84ec58a3e23e9bf735a837bd09ac21dccfa0302af92cd46f8aec3303c83f9a7,[2396],[2396],1,1,True,2.220446049250313e-16
fe2f82a68ad18e68b7ca8ad6349a4a449057e45dbb085c4a40e9c373feade07b,[2397],[2397],1,1,True,7.105427357601002e-15
0b5d46e385363653ecef35f8afe7c9d1b5ae9acef6b042eddded0825e8096b21,[2398],[2398],1,1,True,1.7763568394002505e-15
83463573a69f593a81916c5fd591448af8a728f34b88808039718e99031c7fa7,[2399],[2399],1,1,True,0.0
0dec87a9caec1a2cb0b990d318f298875b720689883be5b6a29a3792a056ae88,[2400],[2400],1,1,True,1.7763568394002505e-15
2c77e3c81125c1cd81b82578dadedde7265d35235f9f145b04a6758ce3d07014,[2401],[2401],1,1,True,0.0
a0ec0036d5c0c2755d1347ba9e7bcf8d254678ba5a1f5a9576ce6a492fdb2e60,[2402],[2402],1,1,True,1.7763568394002505e-15
35afb9827b04f0d5573861c9c95c9bfdda31b545e2f7a4d5862ab2c342458172,[2403],[2403],1,1,True,1.7763568394002505e-15
6607977bc55db624761c3d9c789f202c114e05c8f6e9a75d189963e2e4c04c9a,[2404],[2404],1,1,True,7.105427357601002e-15
f4bf693dccdf64a78480edaaef23823ce98923153b13280b214a64aa5aa754fb,[2405],[2405],1,1,True,7.105427357601002e-15
0dd40e55b25146fb61755fa3ddaad997e1ec15a331752a769342eedeae756b04,[2406],[2406],1,1,True,0.0
9e4fe5aedd07e916b182278cff3842058bdbb165f869228d5469cac1599b187f,[2407],[2407],1,1,True,0.0
2c4200fdf3fc6c2ecd175aff54dc9c3e1813e2d987f1f7ea2e7aea8f45b962fa,[2408],[2408],1,1,True,1.7763568394002505e-15
ad692aeb878313eacf7eb0a4bca28d6a9509def6aad8bf4b20605383ac72dbd7,[2409],[2409],1,1,True,2.220446049250313e-16
3cdc2f0b1b72e0272e57c6b67672f2ddd7c8ddd51d7103ee390c3b1ce4f5e493,[2410],[2410],1,1,True,0.0
558dad8059e4e20f5ff2d71ea8eb57f92841a3edabd3777ade3ac02e7cd241ff,[2411],[2411],1,1,True,1.7763568394002505e-15
d18897ed4e3cc49329fae36983dadc2a818c5c8b2a538fef2c1d4ceb3a529bf3,[2412],[2412],1,1,True,0.0
343362055dc1d4ab4a9a7501bdfb5b28cd337c9dca1bb89565aa394d324ee648,[2413],[2413],1,1,True,3.552713678800501e-15
9ca83879257ed048828e90ee9258bdfed35665fa037de8cf616d90bfe5bf8ad2,[2414],[2414],1,1,True,7.105427357601002e-15
f4d4793ea67beb82d7125b346570c407134c19d949dad1dcf1c90003f8855fb9,[2415],[2415],1,1,True,3.552713678800501e-15
2e5a1c5b518c388caddb2bb90fb9712e53ee6013e7c8e6b69d33fc60e957210a,[2416],[2416],1,1,True,1.7763568394002505e-15
2bf6620e11abd1ad3d1f13cfbe5428a29e5be4c903c166dc38dc059d25f7d3e3,[2417],[2417],1,1,True,0.0
deb9018431eec49cbebfa5605cc154785ad0bca1ae873bf08911cb8b70436a8e,[2418],[2418],1,1,True,4.440892098500626e-16
7d8ec0963f74487d322c372e501458fc73ee6547f31143b1ca57a15b07f2bc81,[2419],[2419],1,1,True,1.7763568394002505e-15
776629c053786fc816664f01af3268b419e397648028e49825cd4967716d594c,[2420],[2420],1,1,True,0.0
4fe25bc5ed99b9285e44abfe92c226d1faa248bd3213b39b5c5f44189c5a6e40,[2421],[2421],1,1,True,7.105427357601002e-15
80d99f4c8ba6ffd74b7d09ce096597f14c04e1e283739ba3021eece98cdf815b,[2422],[2422],1,1,True,0.0
178f0641b967d1367399baeb36ad771c4b4436a9417bccf9bdf9d9a31379da16,[2423],[2423],1,1,True,0.0
3b8b6d3b682488df90bd124f285ae7b5c37d8a6dd8dabbd7d7493333afb99128,[2424],[2424],1,1,True,1.7763568394002505e-15
dcbef94f5652fce544556d915acbc8c95b0e5d029ab785c5f074f5ed942f002a,[2425],[2425],1,1,True,3.552713678800501e-15
0033407e0709d67e9406aeec11612b81df6db563be640611cfe741b2c9f5cbb1,[2426],[2426],1,1,True,7.105427357601002e-15
d10aab69c64237c7c5dfffa51372ad2d546d9dcab3558817a9c91fa847305fd7,[2427],[2427],1,1,True,3.552713678800501e-15
25c6a389b722e9510b39975e86be55d121ddad78ae9ad7f7429df57ceea31067,[2428],[2428],1,1,True,7.105427357601002e-15
906f933ba6ff2ba9b7e40687a8a883a580f987c344269fc5a2be3a6a09cd1c97,[2429],[2429],1,1,True,3.552713678800501e-15
cc23c0c25095b04ca5ae14191fab1218b02af236596e6f86a47309fd5872348f,[2430],[2430],1,1,True,7.105427357601002e-15
15a4fb1f8368d088c7afc7190e80b6d87fa0c68d2fa8f5552f72d12cdd179002,[2431],[2431],1,1,True,3.552713678800501e-15
fe58f3dc0c90f18edf07b706f6342e6a535f2186886cd589b7769d54c60cda25,[2432],[2432],1,1,True,3.552713678800501e-15
ce5c9ad4fadd939a0ebcf5cc62a2b587f9215ac02148cf158677d5e335f85579,[2433],[2433],1,1,True,3.552713678800501e-15
98156ced020ad0a880eb15463a5d3be59d6b18e3d122df3944e57a018f53f455,[2434],[2434],1,1,True,0.0
0be8161313ed11ad5d14c8f7c7e8bd96dc3222e448ae0fa4bf89d5a2a3d45e7e,[2435],[2435],1,1,True,3.552713678800501e-15
6c93152a86619e35d6604ae79af0fa885a3996dfd7b0a484d22c941aa5c2957b,[2436],[2436],1,1,True,0.0
2f6ab466d51bec864b580e842b2c1b1102290afc517a7957ee9748203dfddb4a,[2437],[2437],1,1,True,7.105427357601002e-15
4dfa48c028c94fae60f236441f7e5ef8a61e0257ca872e74559faa2ca86a1908,[2438],[2438],1,1,True,0.0
fc5fb534cbbcc23cd6b3e61f57436e8c56d5faba53782a423749ea0b9493919a,[2439],[2439],1,1,True,3.552713678800501e-15
7b7065b2c01513888bdc44f434e5b550f49738c16048bed298d9d75f621f6dd3,[2440],[2440],1,1,True,3.552713678800501e-15
22365f43c3b5b71e0d8f561bd133374241a59399879174223c06764989c30e79,[2441],[2441],1,1,True,5.551115123125783e-17
bd9183457b89f9f33fc87c85492ce6ae2d058b69d712bc797586435faae016ca,[2442],[2442],1,1,True,0.0
4144a01a1d1c0fe2dac10d134ef8e31182083d677dcb1186088f65f1fb82ad06,[2443],[2443],1,1,True,1.7763568394002505e-15
0316e66e6449d7956e5b1a24d1ed3034a531fea7756f74bc4d5fc41e634d6a1f,[2444],[2444],1,1,True,0.0
5134f9272a51dcef5b985c4ae522f8176c7df0bb38fbb25221e7996f2398aa49,[2445],[2445],1,1,True,0.0
4836c39c897905f8c29cd290f7e96dbc95eebf0bf27cba45e70004ff565d5f6f,[2446],[2446],1,1,True,2.220446049250313e-16
cd75e5020fca25ece1b57794affb7fffda15576fd2999c0760dae5391dba94db,[2447],[2447],1,1,True,0.0
abf4c08192946c0fd3900e71685b4f9676bbd4a4c1c93cc82593d7cea5b8e3d6,[2448],[2448],1,1,True,7.105427357601002e-15
c1d17291296eaae5af859cf458076a1ec20191587c2e49eb14a98d7b27c54fba,[2449],[2449],1,1,True,1.7763568394002505e-15
db4ca1a25a6d80519283e29e1c22cfef2336a561efbd9e92120d12d74ad79e39,[2450],[2450],1,1,True,3.552713678800501e-15
e5ecd8d5f2768dd5de8949fa4731ac578d44fcc016d2fad8fa38476774ff4e32,[2451],[2451],1,1,True,3.552713678800501e-15
29d1e6c010805305703180dea9fe5b34b69382c41ce70d7f4b375a361140e389,[2452],[2452],1,1,True,3.552713678800501e-15
e7db3cfed37133e4d6be8068333f8c0026be70dca0034c6519fa7c18302ed65c,[2453],[2453],1,1,True,1.7763568394002505e-15
32869b25d35575babda41c09b9c8b5a58f88eaf68375c594df888896b661ebb2,[2454],[2454],1,1,True,1.7763568394002505e-15
a3aa41d680e8b387fe1e9f4c7eb8e15b2fc2540f2c8ae72d8f3d7daa6a82c6f8,[2455],[2455],1,1,True,2.220446049250313e-16
f316ff5c5e40be1ba9b806c9e9a13bf826dc25db6c5ac7459e4eb7080c907ad7,[2456],[2456],1,1,True,0.0
268a2f32b527a1414ec8139e755d9bf79a67017e8463b7c3d382ef957605d452,[2457],[2457],1,1,True,1.7763568394002505e-15
de860aeb5b2291c785a9b033880d5ccbcf048eb696195f7502b7a74a6a73988a,[2458],[2458],1,1,True,1.7763568394002505e-15
2962304feba330db907a1167291e3a40bf9de41d7c0d266e4275c1fcb54701a3,[2459],[2459],1,1,True,0.0
4d62b38e6306f6a8d53a05944dc99eef5fedbd6fe9fb392d39c4778e60c7a44b,[2460],[2460],1,1,True,0.0
742c170f0393c6b47d11e94634d43e42ea28ae8a5139ef152b73f352e3cb5b35,[2461],[2461],1,1,True,0.0
a0ce267ba73c3352fd68f7f2c11301023e918b96cb87eb7a84e1797e78e3b38a,[2462],[2462],1,1,True,0.0
e275c0d86d95011eb3fb848bc65d7345ca749af80ff81c24a156c4d826068e40,[2463],[2463],1,1,True,0.0
4b32549ca9f3f074c77fd9a5334b9d652e1bf3b52b0bcf5510bcb0c897305c9d,[2464],[2464],1,1,True,7.105427357601002e-15
ca32624f1bb1479912383c999df3b21ad4215336c5f521e782f886a2715247a4,[2465],[2465],1,1,True,8.881784197001252e-16
cfa6282b7d4be7bf37c97d0bb0dbe630e0dec59b97d02a49cd87903f3645f44e,[2466],[2466],1,1,True,7.105427357601002e-15
ca6240ce261dc95c0d51f8f44ddb7cde6a93afbd5a4cb53b577248d8b490555d,[2467],[2467],1,1,True,3.552713678800501e-15
f8ccb56eacd21bb9699bf94248fef231156a6be98139e46da72897d37dd8dba7,[2468],[2468],1,1,True,0.0
e4d52341a3ce08bdf5b4e107931d54db0e52315f3a1d4a25825ff4c597437d06,[2469],[2469],1,1,True,7.105427357601002e-15
48065fc35f343d893f87e738e5d40aeb569283097c9821eedf255eb90044f4b3,[2470],[2470],1,1,True,3.552713678800501e-15
822313cadcf0bb263ad9223be68f9970d7e147f916e3c7120c348577435eb2e8,[2471],[2471],1,1,True,3.552713678800501e-15
ad1f9bb7d67e0cfa227f67432edd6f3eb5a6c1e9f33104e02187fb41c6a9af1f,[2472],[2472],1,1,True,1.7763568394002505e-15
a081b631ae1feba0f56f8afcbb2179ce30f2170ea3102919442acfc2b5680489,[2473],[2473],1,1,True,1.7763568394002505e-15
042fc023ba9ace704ec6fed1179530647316e4305cc5f697755c5e084e9f25b9,[2474],[2474],1,1,True,1.7763568394002505e-15
5849bbeacb071f70f43594082de2a44d1f191c7811bf40449a7428fbbf877260,[2475],[2475],1,1,True,1.7763568394002505e-15
96391cb6e0f909a886f2951d532799dca75ab8b3e0bae7bf2bb288ecbba58b4c,[2476],[2476],1,1,True,1.7763568394002505e-15
a382adb745150c69ab8287618380ce9ea7413ff65dd73e35088a8cd726df5b02,[2477],[2477],1,1,True,0.0
6641e0cdfd606818b830dcd7f46ec0b865d0ab39b232235e941978fa850a25cc,[2478],[2478],1,1,True,2.220446049250313e-16
f31efc7027b13ba5f3db86c520950c7fa4ef65d4bc308fe897877169ec19c8db,[2479],[2479],1,1,True,0.0
70329a906b15fd63acdcd1f3ce86343829d166606160f2f3d5b1438411bc5fac,[2480],[2480],1,1,True,0.0
14e83baee340a43fab080b908f3e40b3cff4bde2662c057824da6f10ab6c40d6,[2481],[2481],1,1,True,3.552713678800501e-15
9fc18d61f28ff464e5fa5b0d222fac8e3b0a6ef2f07cf7711df68bec6c48cbb2,[2482],[2482],1,1,True,0.0
1962fe7d77678b983fac96e01646e49f166ac60c1bf0597f5e46da8e2f663cab,[2483],[2483],1,1,True,3.552713678800501e-15
b565fdf8175b7a064eed90709740e81886f89955ecab87173e410c1c23396c18,[2484],[2484],1,1,True,1.7763568394002505e-15
ecb7d5639cae670b825f53078dcfa1e84b9211d0905b6a271fd15b87ade16c81,[2485],[2485],1,1,True,1.7763568394002505e-15
02152232bc533565dfe1b4d0172445abb8147cd76ace90d3d3a21c89f7edf666,[2486],[2486],1,1,True,7.105427357601002e-15
9e1b18e4260a8dc407c2664fc15deaf196d1afdea2d32e17e2eb9d1d14c0e7d1,[2487],[2487],1,1,True,0.0
122424e2a0a28648ca039354721be14001cdc9f628dc134948c552fc843d2145,[2488],[2488],1,1,True,3.552713678800501e-15
3fc613b77324372b9bfecfee9fa29b6ce667f7c82a6d476467af23537b599037,[2489],[2489],1,1,True,3.552713678800501e-15
b12749d160fdb8f864e233ab8fcd45acd7ef6c3f7f7d8e97253f9843bcb14abc,[2490],[2490],1,1,True,8.881784197001252e-16
a8d89b99017ca4d139bd2da383dcec17ba9e4dc5db3548403ef7aaca1ae1aa49,[2491],[2491],1,1,True,7.105427357601002e-15
bf412b66a90c869365c760f2225092fb6e76add1337ab331bfc8c13dbc47f365,[2492],[2492],1,1,True,1.7763568394002505e-15
a69ff7240ca96ef1ca384efab32c9bfa7bc2c73cf2575685e0772f31faf4e3ed,[2493],[2493],1,1,True,2.220446049250313e-16
78bcfa18067931965e15991b3ebff88d36c3658563d986a3b0dff0ecfb82a758,[2494],[2494],1,1,True,3.552713678800501e-15
c72e60c315be107b477d594dc06e1fb46635df533846047701ffae36d3571d2c,[2495],[2495],1,1,True,5.551115123125783e-17
c4f21bb4a15780b67dc7983f6bf84c34ab3cfd876d99b1861daf2efec2b314b7,[2496],[2496],1,1,True,4.440892098500626e-16
242541e52f2996f27a5cdcc6d9c14ce68a9b36157ac69e668c65597143ba7397,[2497],[2497],1,1,True,8.881784197001252e-16
f368e773c70e593a03bbda6d4d92f6c88a2165f8694ae02ca79cd008030c0b92,[2498],[2498],1,1,True,0.0
391d6801bc7ac34f63a80a593d5eb5b074dd77ebed04cea8c00c3a8b0b74b6f7,[2499],[2499],1,1,True,4.440892098500626e-16
5232846f1f1be1f0919afbb46d08b562b34a6d835c29cc8491430bd7730ab041,[2500],[2500],1,1,True,3.552713678800501e-15
8bdb64f631e3f678e2bc5e28b4e8488d404c7f0c504b1bcb99cc6a18f00134ee,[2501],[2501],1,1,True,3.552713678800501e-15
46f2f63cf2d080ab06707f84b5fe40fb8501e887b56bdb58eea76ab52f08ccd7,[2502],[2502],1,1,True,0.0
31abf70928f77f1ccbe7993cdb977929714407cf06a8cf8b1cee3bb5465c1921,[2503],[2503],1,1,True,0.0
83ee4581319b5a0f1d2ecac12b4ba529ce46086dd00f1422fc5f38b2afb05b74,[2504],[2504],1,1,True,0.0
3e7b1826fe235253f186d9e30b01a5d6af90c1b87d67a4f355441d370af7b28a,[2505],[2505],1,1,True,1.7763568394002505e-15
bd30a96ac67d7dd3a07d4546abe169d7b5ef5feedef5bbf3ee93967badbc59b6,[2506],[2506],1,1,True,3.552713678800501e-15
57bd8bf2b75b2b4bec6b9b31fc7a590c8099f730aae82a70b2e7bd7a8738ad1c,[2507],[2507],1,1,True,7.105427357601002e-15
d4389dc12d559b56dc6df1cb30605ca1e0ed4553030da98239691fe261ab89b2,[2508],[2508],1,1,True,2.220446049250313e-16
ff7c23b91c6b941d3824e6406c3fa2b3e24e8994a8a551d379f8de3bb977080d,[2509],[2509],1,1,True,3.552713678800501e-15
766a98eca226f8e2370c2cafdc8e6c2f06465ffa8f86c07bcb47c48872d3b95c,[2510],[2510],1,1,True,3.552713678800501e-15
55fb676383c58514f6aa7928fedfaf61ee67c51fc816864b292f17939b39c78b,[2511],[2511],1,1,True,3.552713678800501e-15
811201479060f9d9e236d37b04ce48c78fadd9ec6be64ae7176c1717fd2337b1,[2512],[2512],1,1,True,8.881784197001252e-16
c7b1a0a87d728200d4f9b478cab38580f294f96446aff5646a773f3b6d52ed3e,[2513],[2513],1,1,True,3.552713678800501e-15
b40e6b0170a5721edd4077eb4d472758b898dfe1b30d4bf7a17aa71ce849db0c,[2514],[2514],1,1,True,0.0
7fd64180734c6d10a92c1bf878e9a1214283828f5ba701eb996ec08a23a565d5,[2515],[2515],1,1,True,5.551115123125783e-17
4c1dab8af71715ca120bebb21e9f964ee5bf24223ec1c5d2e4273aa2ac670bd5,[2516],[2516],1,1,True,4.440892098500626e-16
22b9f1f9ad432f7f157029d522a77806646ac60be9d9c060377d9508fc6f554a,[2517],[2517],1,1,True,3.552713678800501e-15
1912afe2c9a42be4ebf684b0d7a1c9536218799c1c0ee47aa37bb04808587033,[2518],[2518],1,1,True,7.105427357601002e-15
be7e28cbe5016964fb3c9867be38ec85f88aeff33806ee429fedecb054f36ae7,[2519],[2519],1,1,True,0.0
35ed96ea74887364acf5198f3f94df822b726603aa7f887b32ecb9e7f491369e,[2520],[2520],1,1,True,3.552713678800501e-15
71ebd99eac7f1ad23b141d99ab1619f32b36f25fe21d4a9cefe7b01d4f356c18,[2521],[2521],1,1,True,2.220446049250313e-16
43b036855f56a9a81036c427e5333cdd65b7609a3c0ccf8293040d06f80829c0,[2522],[2522],1,1,True,1.7763568394002505e-15
7554040da1d34aa38fe5bf2832ecc32929ef3e1f0aa96ea0b307fa503ef7a63c,[2523],[2523],1,1,True,3.552713678800501e-15
58a5daaa196fb47d28f10526377efecc2369a357ceea015e51e2ff4a74b4bf5a,[2524],[2524],1,1,True,7.105427357601002e-15
4d5f566898e8ec1e418336fe3e63abb0c72dc9ee8fbee30b3bbb9fe1bb6af5cd,[2525],[2525],1,1,True,3.552713678800501e-15
97fe491adeea6c499fcc4c8239a5cb5384362e2e4ef6236f8b4963fc0d48c095,[2526],[2526],1,1,True,3.552713678800501e-15
dd03ecec2b5ae76169569d657faf9f2a90f1058f9010eee10f704f5aec023a38,[2527],[2527],1,1,True,1.7763568394002505e-15
d55666ec3487763dd3edd9cb5b3e4e5366b05536a447cab650cb2bc7c3edc8d4,[2528],[2528],1,1,True,3.552713678800501e-15
78cac986dedd7859fe905ed020a0d02053cf20995cd9a829908fff1ee736f505,[2529],[2529],1,1,True,7.105427357601002e-15
1b1d36514d4371269bf689948de5f523310882d20609f340b64e615d3a5944bb,[2530],[2530],1,1,True,0.0
d1b644796b4c5439581af3900bd61a76267335c333db94a21d62ba8cd06fe2e0,[2531],[2531],1,1,True,3.552713678800501e-15
c0b0e7f7af48ccd107f11cae58951ca126f75f4cdcae2ff3de5550e87427b823,[2532],[2532],1,1,True,0.0
a2d736c4ceca0ed7260bfb326d4fadad5d6279a6e1bf2a2b82c4174df6fecc92,[2533],[2533],1,1,True,1.7763568394002505e-15
958daa9862aa519d84a0577bae63f84f4bc85d7432e8ced6ec2c6241c5a70a70,[2534],[2534],1,1,True,7.105427357601002e-15
80368c1a7c01f79a31bf1d941ba1a4808442fb6ff8b3642032d9e40933848ed3,[2535],[2535],1,1,True,7.105427357601002e-15
ba789b2517450fff91da9e3b0e009bdd237361c594ffb9cae2961158d8c88b46,[2536],[2536],1,1,True,0.0
b50d5fa3b8c40eb24c22941aa40c79898c7b59cce93adde95156de820e95fbae,[2537],[2537],1,1,True,0.0
f60d7db3f5666a77c85323920cdf0bdc5e8db4a4410b6140118cb75ef3f99283,[2538],[2538],1,1,True,1.7763568394002505e-15
d35ce4629f62b5c5e85ae0e54d0a531a883648bc9707639338db583c20156a3c,[2539],[2539],1,1,True,0.0
b44630b7527705d671ba97cf5b161440abb633a45a7703049f1fe387c315e2d4,[2540],[2540],1,1,True,3.552713678800501e-15
4c9d2a3e259902d42e3bdb5d4c71a189901543c1bcdacc563d3ff37b2041b6a6,[2541],[2541],1,1,True,3.552713678800501e-15
ff6ca0aa85769e34306f005d99480089b63dcaab640a69cfbd52460679e2ace5,[2542],[2542],1,1,True,3.552713678800501e-15
e782b032ba0d3033d9e3d3c33cf71541a1f2aa763d807ec1038d6f1273e36ccf,[2543],[2543],1,1,True,3.552713678800501e-15
c4a1952c2bda938f3d870da80850782eb78c5e45777fa08e7948b7613582b934,[2544],[2544],1,1,True,3.552713678800501e-15
78e2e83393e12e7ce21381361ebc721c59306bedbdf83ba441f738088c4dc158,[2545],[2545],1,1,True,1.7763568394002505e-15
2a607427e4e83f63e4e4ed237299fd5603256c3e1e4dcc81b49b7523a97e5e36,[2546],[2546],1,1,True,0.0
61819ecd774128863db3af34627251f5ad9c85faefd088b05d58fe06b0c84069,[2547],[2547],1,1,True,1.7763568394002505e-15
584b0f91990241f0ce3d6ebdcdfc6fb9b70af9eae34456d3a85c961e7fc56bbd,[2548],[2548],1,1,True,7.105427357601002e-15
6003e263b11e723cc7417a29e35691e5455a9166573903426688c1205c9ace24,[2549],[2549],1,1,True,3.552713678800501e-15
941a07249672645acc07e05e79add9a1067dd551d1f1e153dd852b70a7f85f21,[2550],[2550],1,1,True,3.552713678800501e-15
54a4c6fcf1730e909d37f036740435cfd66a80208cf12ab8223c6b243ab2947a,[2551],[2551],1,1,True,7.105427357601002e-15
bc692a3552f0255184c0011dc7b6433a675d719c59cbb1e64b3e150f6f3ab366,[2552],[2552],1,1,True,3.552713678800501e-15
fa5b889da3256b8c9b87ec07a3ce1c293b4079256d6b532058a54e3f91a14b6a,[2553],[2553],1,1,True,3.552713678800501e-15
2b53938cc99c7d43af58dbf27bba905a0df8d61145c2594969a21ea3749346a0,[2554],[2554],1,1,True,7.105427357601002e-15
ae267d238de6bf88fe90175ff19fc4b6a2524e882f9cdce432ac7c9bfc045f37,[2555],[2555],1,1,True,3.552713678800501e-15
9f272626d3ef2a59393f75bbec184f7c77b48ca1bfec136e42654cb3e3da8eea,[2556],[2556],1,1,True,7.105427357601002e-15
651434ce686973a8e946684f8f3aac9e15ba5a5a8001914f1384affbdb43a542,[2557],[2557],1,1,True,1.7763568394002505e-15
28d6d0bd2edcb1a7b3f8eec2e5defb6080c22d07a87d9ed8d223d20389c99ad7,[2558],[2558],1,1,True,3.552713678800501e-15
d92458e9c1e90ea4b77c0c02dbf20faca786d577c2addc934bf5f171c21c3e0f,[2559],[2559],1,1,True,7.105427357601002e-15
4b3a8c237b713f1690ddaa296fb81757fb5e55446a7d6f42a57c1f0cf4d070e0,[2560],[2560],1,1,True,7.105427357601002e-15
0691683f91cf82683caea6a46345713b20544e6946be71ef13b1ab720a6d860e,[2561],[2561],1,1,True,0.0
ffb16c0f2b2e06fb7bdc4ef4fb0b6b50f7a3c8a84aed6820ea98a87008a84e98,[2562],[2562],1,1,True,3.552713678800501e-15
4a129e94406aaa754c32d738c281207b7c03c67d7e562659862e983be29f288b,[2563],[2563],1,1,True,7.105427357601002e-15
9a1199232d018ddc42c5ce0b3be1fe07a824684bfbe864289f6ec129b6675939,[2564],[2564],1,1,True,0.0
8285b2eb8e038564e96c040d5442234163a77279567e62a9f8d444fbc8275f51,[2565],[2565],1,1,True,7.105427357601002e-15
e8be606b3e15e27b9e3f947e776442e68a530f49257c639f41b3a66d333bf26e,[2566],[2566],1,1,True,3.552713678800501e-15
ed68f13599b1297bcc9ed93679ef98b4a1b2abd21b9ece96c075480e33fc2f40,[2567],[2567],1,1,True,3.552713678800501e-15
cd5c9c12e7709cf61707318f21fac5b8580aa14e6591b3f0529ca32a341453fb,[2568],[2568],1,1,True,7.105427357601002e-15
100c74d96d7c9d85eb825995d6ff77630e1226e5d0496e046036c33a1f9059de,[2569],[2569],1,1,True,0.0
86952feff3fe261d4ffcbc8967cf800933a78f127deebfb21d894cf584799a4b,[2570],[2570],1,1,True,2.220446049250313e-16
1afa71ba8dcb572c6b294e81431c8ba2cc34fe3fa48c3c8b16179fa2d09ce478,[2571],[2571],1,1,True,1.7763568394002505e-15
40bf318a0d10d6f7b2ebf2710dd723b7069152d5ff0a04cff888388df794588c,[2572],[2572],1,1,True,1.7763568394002505e-15
ade1c140baef9e3eb311d0b6999006b049dcf6ee67d3d3a6b7096cc919dd0334,[2573],[2573],1,1,True,1.7763568394002505e-15
af7f85599ba593487e94df899ce58ebd6cdd3c603776a57105757bace211d0db,[2574],[2574],1,1,True,7.105427357601002e-15
f1162baf11e862f063b1a35581f2daf5b0d52e368ad4862d13b62ead12169d17,[2575],[2575],1,1,True,0.0
e4f52fc0cd02217571b07d7b31e5c7c7f269194a2952fc5df0699bd591183361,[2576],[2576],1,1,True,0.0
d0953cdaf7407b8854be8b30c08a57dfbf1603bb039bce8b0c609c8470ccbf8b,[2577],[2577],1,1,True,3.552713678800501e-15
5fbf8a0e5e7052105586277589d7584038f8c119a304dd0480684614d34eca55,[2578],[2578],1,1,True,0.0
36629d24ab9b2f1de80a031ae313daf1467ee482cbe4fb99272dcf947535f980,[2579],[2579],1,1,True,0.0
13984f235fa7e0768a7ac003cea32cf7800d6bd36e5cc09941635c4493bad113,[2580],[2580],1,1,True,1.7763568394002505e-15
aed724459945825c43ba43fb5c9b3feb7cf65b745ac430bb775780cf6a2189db,[2581],[2581],1,1,True,3.552713678800501e-15
5ec77bb8110ab1840830ac08653e515455ede2f97ff4d143722729a85ace64e5,[2582],[2582],1,1,True,3.552713678800501e-15
a853a9871fdbaafa2e6c14d5f1359caf01fdc853e7df06f24edf9ce77577513c,[2583],[2583],1,1,True,0.0
02f79700f96bb89f7999fe89f89112df581f0e413a5bc007b5125b492f6600d0,[2584],[2584],1,1,True,0.0
7f8b77dae570fe7e4a89e071ad59f67c847ff805e49a8055acf3e72d1a051e14,[2585],[2585],1,1,True,1.7763568394002505e-15
3f2670f9edf678827766c8de2132c2b7908bebfaa363cf33ae7c3208cea1d18b,[2586],[2586],1,1,True,1.7763568394002505e-15
639bdc97955303e34fdc231777a53ccde998ffbd8bea5f6a123addca53225d6a,[2587],[2587],1,1,True,4.440892098500626e-16
8d907b00f09dcf86681cdb0c36a4fb21f18d8ce2b203931d05ecdb1654cad741,[2588],[2588],1,1,True,1.7763568394002505e-15
92539ca117a677abdbb6cb3441125a310869ab0e289ca70452bce51579396b0d,[2589],[2589],1,1,True,1.1102230246251565e-16
956d70d10c4f9cfd23c9edbd865d05d39a21c238d9aba4a918266a2ab03dbcb4,[2590],[2590],1,1,True,0.0
8a11a8f7eb63a92ba6ea5bff5c9592bcf9ecc3967f250d6e82d718cfc8703081,[2591],[2591],1,1,True,5.551115123125783e-17
4b771b6f7a638e15d5e030c5d6bdfc90488de1420c56f686baf56e41d725cf30,[2592],[2592],1,1,True,0.0
2a7a743b3478773b1e64b3d6d1476c08631c5ba51f0f37288036b852cb2cee1e,[2593],[2593],1,1,True,3.552713678800501e-15
fe23d86eba75edebe916811e8df8ef1bdad061e88114f31988f45fda3cdbc37b,[2594],[2594],1,1,True,7.105427357601002e-15
23e80b3370905a8ee1e62b84a51f93001f12c6260d4880138a164a4b24ac84f7,[2595],[2595],1,1,True,0.0
cc299e8f62ed4c529276670d87fc69a52a6320749b1f77c8fa6fd39f9458b776,[2596],[2596],1,1,True,0.0
0400f43d065b8efe0a0d48225d3d25b3ff0f487474ac5512546d86ca1408bd0f,[2597],[2597],1,1,True,7.105427357601002e-15
9f49bf4ee5d0f23085f83abd8e2f01df9553787950054be15d615c9b7ab44b15,[2598],[2598],1,1,True,1.7763568394002505e-15
5ec1fa9ef91abea13b75318685e14f4a5960486f7d62f8977fe34ecc82a06f66,[2599],[2599],1,1,True,3.552713678800501e-15
ed3233e8f55f903d93482002643ff1b0eb60fba2ea779df4dd9530a41637f97d,[2600],[2600],1,1,True,3.552713678800501e-15
51805e6368af2b746fb9d86b175e08c2f6fa8d0ebf30f734d09574b699647392,[2601],[2601],1,1,True,0.0
df988aabf9325622c83a3fc32a0df1fd546c425220463314831191de25662366,[2602],[2602],1,1,True,4.440892098500626e-16
e387b11834ab2e2d2b13c33f8bd7c6e1cfeacf53887294689d665313d513012c,[2603],[2603],1,1,True,0.0
ce59180cd165afa4adb14c343e42a993c44ff3dfc8c7d038b935ac593518d9ad,[2604],[2604],1,1,True,3.552713678800501e-15
45f974ae3a5e139f76abad58e78902dc289443960a65b7a378107b14f522504e,[2605],[2605],1,1,True,1.7763568394002505e-15
1ecded530a0ad955c43aa8b34967a139a6615c586059deb8a25226d24839c7bb,[2606],[2606],1,1,True,4.440892098500626e-16
d7ea7a9f1735c6b025fb206b55fc59dc568ce44b2a6832f4a580a65a3b20ea32,[2607],[2607],1,1,True,1.7763568394002505e-15
7c5b6431df6e98392383f901d266fd3746b8af4aad3be2f845627c0126958021,[2608],[2608],1,1,True,0.0
93e892e498c8bfac9cbec1fbd334f55664b0d56ac3ac65d247db5f392abc7fa5,[2609],[2609],1,1,True,8.881784197001252e-16
f086ecfced3fcf9d0906865e0eb24da7ab894ef66d8679cf17810ba05e174f91,[2610],[2610],1,1,True,4.440892098500626e-16
4070fe7852f04076f07f50edfe39768b1075e386766572bce32dae59a8772f49,[2611],[2611],1,1,True,3.552713678800501e-15
a2d64decbca874ec8c696d5a00003795082d9d36851e25fc5d3e08f2ecac70cc,[2612],[2612],1,1,True,2.220446049250313e-16
75a440fab5edd1660f9ef0a97e2700bb40ee0508202c9b1d78919167cfbb4f83,[2613],[2613],1,1,True,0.0
0e88250b879adaf68d9978794ebac128d143a280772a1fe96a8d4543c4f071b6,[2614],[2614],1,1,True,3.552713678800501e-15
b777c2125634f6b442cafef2b33fd42073db132578b567e80181ace1305ebf6c,[2615],[2615],1,1,True,3.552713678800501e-15
c8965c8b4bb2f98aae4a404ad29f5a1fccb15fd31be4cae3242bfe8ef4affd47,[2616],[2616],1,1,True,4.440892098500626e-16
9cb7537107a34406f793df3571b1077db8af6b841012ee494ce20ce78a7d7afb,[2617],[2617],1,1,True,1.7763568394002505e-15
5019d32996daccbab8a651afe171b3859e2760c3ed457eef29d07acb7c4daacd,[2618],[2618],1,1,True,3.552713678800501e-15
bb7faf5076129a8bc1402fc607daaafaa66c6a3082f57f5678f3bdf509a79de5,[2619],[2619],1,1,True,0.0
262405c12d0882866294b23997b2436e18e88c0a164e0c3a6e9afcc180fcdaa8,[2620],[2620],1,1,True,3.552713678800501e-15
34083af95785ada5ff5b20f0d6c902876daf9036b798c5245d1d95a5f0cb94b1,[2621],[2621],1,1,True,0.0
4ec5ef2fc1b390c7c3036d30183e477b24cb7fec3c9fc06c598cf0ca956008f3,[2622],[2622],1,1,True,7.105427357601002e-15
b1537c0f0ab65ad14703e1e4a0410e2d319495f305c55c7adc4c23352c8b6d96,[2623],[2623],1,1,True,8.881784197001252e-16
d0e1e09097ad2e7edad7be0958426c0b9d4976272f5423ed4c5aba806c32c560,[2624],[2624],1,1,True,2.220446049250313e-16
810517dea860c08a2969a00b3981041f43f87259404f5fba9972db5f147a7547,[2625],[2625],1,1,True,1.7763568394002505e-15
c7b6c5defdd708a8e0463d5e2898aff2b57b69f23ec2ffbca01b3da5d99ce06b,[2626],[2626],1,1,True,7.105427357601002e-15
40d8abb9967ff179a2b389f19728b3c409c39da09418e1bbb72370bd3133285f,[2627],[2627],1,1,True,0.0
7042bfda904feef89e5303be002ca09630ac5128ca838aac26abe23a8f915021,[2628],[2628],1,1,True,1.7763568394002505e-15
1f1131f0b5932332f28808a198c01220675e442a8c07c9e37960b10a029b58a8,[2629],[2629],1,1,True,3.552713678800501e-15
bb883dd1dbded287af3e2bf0fc22f7f0ab3960fff5c16b089345097e761a178f,[2630],[2630],1,1,True,1.7763568394002505e-15
19840f916be9ce1b063f00daf70e296e31b98904b43ba29d7bf82a9e6cc73855,[2631],[2631],1,1,True,7.105427357601002e-15
d1dd42bb048e5f9be923291261bc08268d4d90c05c30af90a9d8ee448695f243,[2632],[2632],1,1,True,7.105427357601002e-15
3ca7759818c49d51b4b63820e9382e9f4ea359f74714d9489f3f51d16323e75a,[2633],[2633],1,1,True,0.0
6c1b98a843c543fb16dd18d64d192d44f7db061a9195e0eaf4ce2a4f21b06b2b,[2634],[2634],1,1,True,3.552713678800501e-15
0c3f07efa52f528eb96b3760cabd735d532be80f200a2773924916414f76da1b,[2635],[2635],1,1,True,0.0
d4df908c98137f9dc81be1f1cae5caac80c93ecea8e3203207710a7eb56d479a,[2636],[2636],1,1,True,7.105427357601002e-15
68e7fb214a3faa75e60722d3fb4b4940065bc94fab76d1340330bc6523431065,[2637],[2637],1,1,True,0.0
eeb31e1e7a2746e9a3c0fe98332971800c6a6cb1f974ca221aec508d894bc540,[2638],[2638],1,1,True,3.552713678800501e-15
d7e72a9f4963669df954abe73cfdacc1cde27f64aec343d3d11acfa47873e921,[2639],[2639],1,1,True,0.0
9760af6ac2fff0c05e85067b7fdb62631bfc63b15b60598f6ffb0c5dd7c1037d,[2640],[2640],1,1,True,3.552713678800501e-15
5ca11d7b84168327260e4ed8c702ab2542f5a3a99ddaf5f349e17626d8503677,[2641],[2641],1,1,True,3.552713678800501e-15
32350fba316cdf8e97428f8c5c8733296184d18d3aaaa526b9c595d9fa0627ac,[2642],[2642],1,1,True,0.0
bb4cede6fd6724e35626ef772cd2ebd47fde06e1f7d33e19178ae03ea3be5e94,[2643],[2643],1,1,True,0.0
6a07092fad2bf301be937bec3165348e2a78aec0de752b80431ab608cea4ffa0,[2644],[2644],1,1,True,3.552713678800501e-15
6f2ede946b95f1f74e965b2cb55ff436480015fb70df1c72328446e4102e76ee,[2645],[2645],1,1,True,7.105427357601002e-15
6e2d83be08c684e36b5f0b7059d336c1c9444b24f56356440e07e3fca41f8e34,[2646],[2646],1,1,True,3.552713678800501e-15
d1ffbeb009850fc94ef0f49fb5de466cc782ce60099fb155d6b61d51f94cf80b,[2647],[2647],1,1,True,4.440892098500626e-16
8d5ed8ab6fb031d776754208f1b1b9dd4b30d61abc39826281631812a0bfdb0e,[2648],[2648],1,1,True,3.552713678800501e-15
c3e3925c427987eb4280cf8c34762e531d45350cbdc0c1b46a20f93389ac2c43,[2649],[2649],1,1,True,0.0
500280d7a26634f9df1bda85130391c914b8b99b6826cda7b8e6db71dd7134f5,[2650],[2650],1,1,True,3.552713678800501e-15
0bb5475ea7ccb34eb5e5771944bf2dbe36c490d5727616500681fccbec1ccf3e,[2651],[2651],1,1,True,7.105427357601002e-15
2b66bac5d0c2fe7ebee02acb74304d866917536397e35f1bfcee3ddedd20186c,[2652],[2652],1,1,True,3.552713678800501e-15
902f37c39682692edffa9639fcb98ed68ac7bd722dad094a59f83062c997a7c5,[2653],[2653],1,1,True,3.552713678800501e-15
95f543b8afaba9e98b3a0ae54e73ec9adb35059bfde15c93455e65234f24fd59,[2654],[2654],1,1,True,0.0
d8ec8a6b50aecc28514102124b204c62f16a5615c4723d45e27a00a2f8c14a25,[2655],[2655],1,1,True,0.0
6310cda73cb424e56767ce12e07ea2aa5ca1baa46e51429bd2491cbe44d79d93,[2656],[2656],1,1,True,4.440892098500626e-16
04ce5a1d0b4304ae2f8c4094406edf888b2b0a43f71604e3bfc7bb3cbfe9bbfb,[2657],[2657],1,1,True,2.220446049250313e-16
7437df68fc5f2f4ba6b2340d4bc0776e1959865ae633dfa8d637fff3f4968cb4,[2658],[2658],1,1,True,1.7763568394002505e-15
aa879b3d6a4ec85e22d93c0d24d6a1c7a022a6707d6564563e77cde81125957b,[2659],[2659],1,1,True,1.7763568394002505e-15
296f97167e508f3c4d0d7d57b525380464c2da47bdf0caa11167cf8f4c97ab91,[2660],[2660],1,1,True,5.551115123125783e-17
d96fbc37f36e1c11c11b7d12e9d45d8ca88f07f4b57db09d5e804af36ebf5a01,[2661],[2661],1,1,True,8.881784197001252e-16
2c6cb630145231990a817215c3ab56dd70e728182b552e5b7dfe08b97c9a58ec,[2662],[2662],1,1,True,4.440892098500626e-16
10c5aa13c10901a9da1526d97e366ac67118dbdfd6828baf4a65272b81539668,[2663],[2663],1,1,True,2.220446049250313e-16
9b062dbc31b36df457b8aed6580ea3cc7baf0c17d2ff5bcaebfe9ffa4a46fac1,[2664],[2664],1,1,True,0.0
9b3c97e3c470587e1520fc8fb78a9e7ef295f3aadf942baad9825540d55a4fef,[2665],[2665],1,1,True,0.0
cd8f492df8a5f5bb5c0c75775c5d8363668c71198a9c4533e0a269db5a5b1258,[2666],[2666],1,1,True,0.0
e9aaa1f58a968ab29df29f06d7a20b995e34a7130c8ad720012f340fdcee75c7,[2667],[2667],1,1,True,0.0
49b8067ffa70b43e534dc0c7f676f600782eb52d30ddb5e0d977a480770ca44b,[2668],[2668],1,1,True,3.552713678800501e-15
a5e56cfb786661cbbcb68393aef40edfc4e807e1403c0d8ec6a533d99855dc4a,[2669],[2669],1,1,True,3.552713678800501e-15
9ffc4ff70850a90f1faf01043c48cca7dd93add1ab63d19c5069dfa395cbeb15,[2670],[2670],1,1,True,0.0
e8ccf1c3c2d5603f967cf9b5f474808858731852f28aabc1a4780704d73454ab,[2671],[2671],1,1,True,3.552713678800501e-15
dd0b395844c8f4e306921a1f193904f48bf13c0280e4fd1ad6eb3f8bdff4caf5,[2672],[2672],1,1,True,3.552713678800501e-15
a74b31af49b8a7d5eb540734e0f9bb6b4bef518f78b47fbd3c04a28d049436e7,[2673],[2673],1,1,True,8.881784197001252e-16
2389fa1487d5a8069ee78ca721b651331b036d6128e3e0823b35aec785f8a010,[2674],[2674],1,1,True,0.0
6cef5aced252aacbf0e848c3819eea1bcd94b96e5760a84c920ddadee85e4e39,[2675],[2675],1,1,True,3.552713678800501e-15
b5ee57ecf28b49b72500997d51f0453abe1762177b60d63507229d7f901970e4,[2676],[2676],1,1,True,1.7763568394002505e-15
0c033bed942da7f699b6f111d86e6df2f333f405e53188232ea9f34ed7ba9532,[2677],[2677],1,1,True,3.552713678800501e-15
7f290ac5cb244f4a3019d4077fa5172942a03458e023c36428c4210364d94b46,[2678],[2678],1,1,True,0.0
56ee71d75980f0801c15b821816d1c57209f72700bae6645772221731ff637d6,[2679],[2679],1,1,True,3.552713678800501e-15
5b45fb6e7a60dd96643551e27691f2f610f237a9381148f505693be26530cc0e,[2680],[2680],1,1,True,3.552713678800501e-15
ab107b484b95e4ba6b05938f8f0bb06a7234dda1cf328f1b49305095207e09af,[2681],[2681],1,1,True,7.105427357601002e-15
ac6c8deff3865b50edad8fc3ea6f1692d172dad93d9a3f13459a3551b072f534,[2682],[2682],1,1,True,3.552713678800501e-15
9668d493c80fb9f8f0d38d334ab8cb66b37de9c9269020ef3b3a4af39a9a7ceb,[2683],[2683],1,1,True,0.0
d51b566e5d01b0fd0b5045237a941714939fa255b848c6839cd54d4f857bc00e,[2684],[2684],1,1,True,0.0
386f5b065220bc5e658129a889afffe1d038160b039ed198d811dca0d0f50a14,[2685],[2685],1,1,True,7.105427357601002e-15
992a84ba3c1bffae6795da0013bd03c06642ba31a08825341a68aeb5a8a407a3,[2686],[2686],1,1,True,3.552713678800501e-15
b0578719ddd2470c4f3331ab3a819e254789701714b215a0100e21dd2580d09c,[2687],[2687],1,1,True,3.552713678800501e-15
8806842f4c908d9539479f2312b3a887b7c4ea8e8d16acf3878b6583486843a3,[2688],[2688],1,1,True,3.552713678800501e-15
9fcf07931344c315ac19c21769a946b9fda813043de21808abbdec04c633d957,[2689],[2689],1,1,True,0.0
d80e77550f95d5b5cf6a9e37df38cc7da8fb86bfc45b6a5b1b01f2a80481a73e,[2690],[2690],1,1,True,0.0
1193b15a15c1759752af28a3ce03dc2e39e60d9776dc8ad8a012efd8d354499f,[2691],[2691],1,1,True,3.552713678800501e-15
5cacc3bf1351cb6318959a011875d3e9f6edfe87aa1b7f000c9f2c2071707afb,[2692],[2692],1,1,True,0.0
3ced4a17fb199e31a9e76afc7fd5f0bc665e611d9d3cb321619ac0823937bba4,[2693],[2693],1,1,True,3.552713678800501e-15
b2bf6890755c30c7f1482501d7d53dce3680fcaf9ed01ca3c965efb9df6b6775,[2694],[2694],1,1,True,1.7763568394002505e-15
76cefada6da596620fc5c24652bf13baa678ca1dc7aa734db201e19c6b507817,[2695],[2695],1,1,True,8.881784197001252e-16
0fbbb1c5e46dfbb3435690f5995042599f029b754fc1366ebe2013c7f2a161c1,[2696],[2696],1,1,True,8.881784197001252e-16
4851ec9b621064d08d34eb0571e2232ee7aeeb025e78a602708c44b2caab8a48,[2697],[2697],1,1,True,0.0
17ea6325699e4f02050f51fb3f6ae780f9be5d9ffbc76d92f9d84f34fd8314be,[2698],[2698],1,1,True,0.0
f150342ec5e8f271cd963fbfb1c6c382838e35947a6059d6cdee8a7da6e93eac,[2699],[2699],1,1,True,0.0
abdfcaa670435a811da6537175ee669f0f771c1ac8c94b7a60c75a0d1b66a9bc,[2700],[2700],1,1,True,0.0
f6e6b0f5c54e9e7bc8817424627823c65ebbfaddc9e4b28b6171a6deceefa5f6,[2701],[2701],1,1,True,0.0
6ca4d37ad79f6ee60669501b88cb86ecc18736641c721989c29b0bdcc89afb07,[2702],[2702],1,1,True,0.0
6038b41aa8adfa846a85344bfa0080717a1a8b88a5a4e0acfad1cb79a7aadcf0,[2703],[2703],1,1,True,1.7763568394002505e-15
7280816ec4842658ed6265012d0d2582ae03f908cba99eadf0ac57e3589eda57,[2704],[2704],1,1,True,0.0
4baa59f879e443a2830b7b581c6b72ffc89403c01420f5212d43cbc775610a93,[2705],[2705],1,1,True,3.552713678800501e-15
69a79563e74ad6b6d5da40dc1600834d5ad0e198ff4fad7bc1a75583d5dd3f26,[2706],[2706],1,1,True,1.7763568394002505e-15
ec44149bd17051d6c760441e6c26411d6b23c913c529a8e1532af2697a45464a,[2707],[2707],1,1,True,1.7763568394002505e-15
b6fe10ca4f7bfd460bc196d312ee6369505c0f4288f20270c56d0ea0af53b124,[2708],[2708],1,1,True,3.552713678800501e-15
95ef63c91af69817b4bd046ea3d1ed68f1547a1206b6dedf9330f466071f96a5,[2709],[2709],1,1,True,3.552713678800501e-15
407ada57f8916d8be7c916b6fe7e8e217af2506109919a3f3d778fedafe0c18b,[2710],[2710],1,1,True,0.0
9a8298c010d328f515cccadc9f013320386e8194d6c081f2b678e93d1d9a7417,[2711],[2711],1,1,True,1.7763568394002505e-15
fe7bff4608bb0ff0b9fd0e5bce137eabeb857c4a45e7d8c84d8e51b1a5e30c95,[2712],[2712],1,1,True,2.220446049250313e-16
58ad27b3c4b22e9196b81a93c55593d78293caa6091614088854ebcc5a26ad15,[2713],[2713],1,1,True,2.220446049250313e-16
72786387f42f072428c1d1eef1f826182ec2309816a1039a34135596fcac053a,[2714],[2714],1,1,True,3.552713678800501e-15
dfdafd3e55ce0891c18cce032ae978b9f2683811bf7ad340899dcadd52fe3433,[2715],[2715],1,1,True,1.7763568394002505e-15
45a8ccfcad037b875d14a6c44d4b0948f8aea67a10a7e0e23c79fa3492baf560,[2716],[2716],1,1,True,3.552713678800501e-15
8a6014e398d159553a50e50cde98a8dbcc333bdce041e4702a92ee4fb0267d12,[2717],[2717],1,1,True,1.7763568394002505e-15
2c0211a9ddb9ec82ccb6d767121b9156123f57d3845ad68a7c13394657886010,[2718],[2718],1,1,True,0.0
13738ecf3521668c27c0b636c0dc85f086d1788d265f3de8e00887ad6beb0a90,[2719],[2719],1,1,True,8.881784197001252e-16
e1bc89ac326c67446f520e4e565a465f2201923a993a8ece6d34596e67ac7aae,[2720],[2720],1,1,True,3.552713678800501e-15
7cd20964bfa9d765128ad0494c48fff75a9398687cb812fcd104000f334fddda,[2721],[2721],1,1,True,3.552713678800501e-15
31cc2058bc67f3b5e893ae71d308f9c359068051603d125b36f20e15813327ca,[2722],[2722],1,1,True,1.7763568394002505e-15
053e56d921921dbead1af49b7585f3008e32259af27ef0a5db5e4eac37488826,[2723],[2723],1,1,True,3.552713678800501e-15
cc69b2e42a80786da3f8972f918c679c455020d69dc90fe209ab8ec08c5c8cad,[2724],[2724],1,1,True,0.0
4d9dea0ef1ac653c688b2a178abd4c1c3fe4a0751fe95ef282972f5cfd416d71,[2725],[2725],1,1,True,7.105427357601002e-15
fbe52df4915d7be7572e709a06ddd5014722e7caca5cff97d83f6a3f13304161,[2726],[2726],1,1,True,0.0
eaec5a82945d11aa59e3b77f169abc8eac0f4586529426a74627b51b4aea20e9,[2727],[2727],1,1,True,3.552713678800501e-15
c17b2fc8cba12f4bdd84e0fe132f1e408aae37fbe3f3cc4764df6e43ea88637c,[2728],[2728],1,1,True,0.0
fcc6ee4bd84147c525445e8a939aef6e5ebcd2006b49f3de9bd9b3e51af04c20,[2729],[2729],1,1,True,0.0
26ebc39ca198131cf5705f342b76d2f579d55e465dd80a009935cd2d1b1243ce,[2730],[2730],1,1,True,3.552713678800501e-15
495b89e5506d3acee014b8e89cfeb915ae07faa9572bd3ee0f087e010a90b7d5,[2731],[2731],1,1,True,3.552713678800501e-15
dffbc326d21234cb9ac80eac95e02c7a4fa4d02b45309bdcf02d8adeee091f0d,[2732],[2732],1,1,True,8.881784197001252e-16
e9ce5bc671f4856b85a6577f9a8e96b8d7a3ad86633cf3f5886575d3561bdce5,[2733],[2733],1,1,True,4.440892098500626e-16
1140f9a6b3557eca50dfab36deec6295d12838abd927c3331928a67b57df5a31,[2734],[2734],1,1,True,8.881784197001252e-16
58fa3948daba0eb58261cf45bf955561ddb4297be8a28f65c07038f26e813fd7,[2735],[2735],1,1,True,2.220446049250313e-16
e435e6acd4fa5f79a44b60c2066dc01cc906ed05b4f9912b469bd7e657a8e32d,[2736],[2736],1,1,True,0.0
9ed9ae69f951c57c3b3010652f8bcff0a4890fbae6760f071029aa55eb629147,[2737],[2737],1,1,True,4.440892098500626e-16
0383548eb327d5b0f693954973066b331844c22c2b0b1225aadbf526a8acad04,[2738],[2738],1,1,True,4.440892098500626e-16
d16bbee875f36b12e704d4916de5c0fe8523a05825a040fdb8b410418366fe18,[2739],[2739],1,1,True,1.7763568394002505e-15
e375e643046d974260993c2f7bb54052799a31971bc381133f950a7a5cb9e35d,[2740],[2740],1,1,True,3.552713678800501e-15
ddbbd2bfadc5c61c72a54538b56b381e18dda7786fe254e309b40707d7d131be,[2741],[2741],1,1,True,0.0
56210e9f6884513fdfe047b8b1c2a378a2a47ec69666b3131b76b6249bdfad90,[2742],[2742],1,1,True,0.0
4409d4a15c93797ce20c0e308a5d0713935a5c86a8f6a939e6168d50c567f8e4,[2743],[2743],1,1,True,0.0
73def374757f53b617ccfc2a2f5e1bc0c0b4ab82ef9f52f9fe4fd6891c9284fc,[2744],[2744],1,1,True,4.440892098500626e-16
2ac90344f3cd0aa1234e67cff64cf6ea480e353719bc8ca8ddeb670cf5046ce1,[2745],[2745],1,1,True,3.552713678800501e-15
f21592427a665dc79623316ed2342f343f39a34dbf1d729d6befebe829b2a50e,[2746],[2746],1,1,True,1.7763568394002505e-15
7f1ec2be223719a2c0cdc162786f6e538be678ca9cb03e090bd23dbed3bb94c8,[2747],[2747],1,1,True,0.0
cdd1e01f1844937e2b366e52187c4700ef3f9884a486e01aa568e1966a687d1b,[2748],[2748],1,1,True,0.0
dd4eb5e9c9d8873cf53a71b03bcee93a6505cdbc9ea78098de43b4d03e5b1981,[2749],[2749],1,1,True,0.0
bc9f7430b7ec92948af8f3d37be4a5d4f34db920b8baf3e41f48ba7f18330b4c,[2750],[2750],1,1,True,3.552713678800501e-15
5f0ba514cdc1373ec26c39b7b331f523c3b43b54aeb36c77f4b8c9ece105d63f,[2751],[2751],1,1,True,3.552713678800501e-15
bab4fcb4f6b9b512f7cb2af04832ca730a853698cb8812c88c680107ca9d997b,[2752],[2752],1,1,True,3.552713678800501e-15
8f02574a375a7bc92c4956cc89f0c42aa36df763dfb74a631cf41b2ab253f252,[2753],[2753],1,1,True,3.552713678800501e-15
4644edd6fe145a4ffb58d948a8219cba879da0fe8c15f5184eef8b90eb630456,[2754],[2754],1,1,True,3.552713678800501e-15
b32a034cff26352d2edc9e196077a3245384f714a9476172d19d98b44a3b2159,[2755],[2755],1,1,True,7.105427357601002e-15
6d818dd24139e051f3550140ad083b8626928f6ae39fd015c923b83cac85fe2b,[2756],[2756],1,1,True,1.7763568394002505e-15
6a832a9afc14162e6382c1b4e7099a8fc4b2f6fb99375a7c088306b18a3b171f,[2757],[2757],1,1,True,3.552713678800501e-15
6bcf7a21288d6ae88e42d0f51671c384fb6d517081b4275d8e01fe03509d7776,[2758],[2758],1,1,True,0.0
da6dde87dbbb8b19a5513f7be9da5d9e7879c1ee76d4b7adbda0b71e4d8c634d,[2759],[2759],1,1,True,0.0
f3c0a678d8d5d7b4d51688cc42df35bac8ba4260a56702a5efe56e4778f276f9,[2760],[2760],1,1,True,1.7763568394002505e-15
d1f3bc4370104d57689f38a41d21095972f0c5d4d3b4caab253539ba2b8bb7f2,[2761],[2761],1,1,True,0.0
13b765d5b3a519468bfd9f9c5c0b185db81124022111cdd1f0b1743b142741af,[2762],[2762],1,1,True,7.105427357601002e-15
fdae4665c8a755bc5b8cec941f6995f311089cd6e63f19c0974b475f2e7cd355,[2763],[2763],1,1,True,3.552713678800501e-15
daca22744581ec2819fd6bb4c4c135a8ccb481cee436e7809d166125cefb62a2,[2764],[2764],1,1,True,1.7763568394002505e-15
2df4242106e29849d26efdc84de482cf2591b37cf5338033f0ad5d5900a06653,[2765],[2765],1,1,True,1.7763568394002505e-15
8c71ac79e3eed128420635ebbcfbcef05177145d1a4b26ff6708be509ec3cf52,[2766],[2766],1,1,True,7.105427357601002e-15
c7d012bc6e987e1ad20fb10a173deac50ef043b2b1908fd57d12eb8aac2f3703,[2767],[2767],1,1,True,1.7763568394002505e-15
e9a3de14b0e561c28a2e0945f6ac5b70993dae7bc1ebc6375a4b08170af6a694,[2768],[2768],1,1,True,7.105427357601002e-15
7eabd3bdc6e5eeebe6a0cf66c68c088a46f3bc233290fd5626b65ae32c011286,[2769],[2769],1,1,True,3.552713678800501e-15
c33fdbd123f338661b9167a32e4da69786d71fc0d71679bc67454f032d6bedef,[2770],[2770],1,1,True,3.552713678800501e-15
a4d163dff080af86179277061f6fc462ac4914f35c2198d4fde0c1c2b2748ea1,[2771],[2771],1,1,True,3.552713678800501e-15
3b549bb3f16984bde405354457a2fbbf8aab8c214943fe293cd2f5938365d1bd,[2772],[2772],1,1,True,3.552713678800501e-15
f23b9859cc27b6f3cbb92b5d0314d28d6eec0dade768ee91bc8accb95c56fad1,[2773],[2773],1,1,True,7.105427357601002e-15
f8f52aa2533f36f8a6e10f70241760e54b79c0ef2b87672375e456f4e09724c7,[2774],[2774],1,1,True,0.0
c215a6ad82782aa91ede84bee253f5b64f90399df75dc2eeedd56d78628a4239,[2775],[2775],1,1,True,0.0
02d3f6411f9411e3474b53afb8b494b7aeeab1c9bc2c0d7d7624def9f9634230,[2776],[2776],1,1,True,7.105427357601002e-15
25bd0f5e9ece9c369c9a948857b740979a902b17f5feaea99619fc435e5bcfc4,[2777],[2777],1,1,True,3.552713678800501e-15
8b42791969f65d08e98e77ef7fde6545071a321adf1ed1f8f5d19df29c928fff,[2778],[2778],1,1,True,0.0
816146935c8711a81e5257086439a332b9d29237f9b821144142bbe9dd703441,[2779],[2779],1,1,True,1.7763568394002505e-15
1f53190d58628ca1112aa694a5a491f2e328fe4c8ba8676a2be1d135619660b8,[2780],[2780],1,1,True,0.0
9a4d37511cabb586189bebfbca27dd7d41041b5b410967486381f3b0b1acc38c,[2781],[2781],1,1,True,3.552713678800501e-15
9fc242445a65249bb9bb859493a15718b890f06352ceaf344af60231ffcc785c,[2782],[2782],1,1,True,4.440892098500626e-16
b6e66473f605f2feb95ba6095c48e703a6bded9854b7fd8f545f303710778b83,[2783],[2783],1,1,True,3.552713678800501e-15
3a2574ad36a1357f740ad4a4f604909752a4a403bbfc84b33fdc2d7a66173e17,[2784],[2784],1,1,True,4.440892098500626e-16
a08a83403927d4795f097623359e96e78e1998517388e867fbe54bd6de74cd52,[2785],[2785],1,1,True,0.0
afb31db589fc5f2f133400fd8db0cdd1bb77704f849d42e3f19d09c5e4a5fcd8,[2786],[2786],1,1,True,8.881784197001252e-16
6b653b5821791d5aca77e9e125b71bd32c76cd41256749a9fea6d895876e2418,[2787],[2787],1,1,True,0.0
38b587ef7a5f28c56305354e8874a50726887ef78ea53ab864b377ce1845d198,[2788],[2788],1,1,True,7.105427357601002e-15
06616f40ce597778e4bf8a435a2f32b8117c26f9a0d24fa1133ed94656cecb7b,[2789],[2789],1,1,True,0.0
7bda4f6a8480553abd6cd6a0567b80d0fdb50e93ed5571a11f27250717cbaa46,[2790],[2790],1,1,True,7.105427357601002e-15
bafd6c57980ab236e7e0c6a850c5731df0be2d1e5acf024288ecc220d834f049,[2791],[2791],1,1,True,3.552713678800501e-15
0c2eef48184154bb5a4c8f5d276d65f7b1318ea70c38e0eb9c96e95df6668ae3,[2792],[2792],1,1,True,3.552713678800501e-15
d9ee32b11d348ffc641ce84add5b7b0453230b8c3a8468fb83568b64f6b5b7f4,[2793],[2793],1,1,True,3.552713678800501e-15
3b36a9a0d5a445dacb143a0a8ad0406d8d63048c098223af5571b68b0751c374,[2794],[2794],1,1,True,0.0
841cece0a846a4df2b31e431c4fa4ee55117fd61b6dde12d20e1c4f444403a74,[2795],[2795],1,1,True,1.7763568394002505e-15
d41e87ff676008dcfb6f4f0df0e117554a7f6fa18761994bf7ea228ed6c4b19f,[2796],[2796],1,1,True,7.105427357601002e-15
ecb7a8d599848c327658c0bf4ebd195a4a78d019e37888fa5e8172dedeaac822,[2797],[2797],1,1,True,7.105427357601002e-15
77895b14114a37d1c92a8175690b93f7b8d8d516b0170bbaa08e62c9dd698f51,[2798],[2798],1,1,True,3.552713678800501e-15
c8428098aa4a60d363aafcab397f069462144518cc24865bf5a411f4990b7f4d,[2799],[2799],1,1,True,3.552713678800501e-15
ebde07b8dae8c5971fa72651ff80708df5b915367d9857da9f6db5413de21f95,[2800],[2800],1,1,True,3.552713678800501e-15
81e1f28b9a2ef6dd32ceebf9aed7c66cc55d8768a1ff6c081cf4881aefd9586d,[2801],[2801],1,1,True,1.7763568394002505e-15
ef77a70d0da1bd55814bfaceb156230f40fe283a82d39f19f52a3207c3d2fa59,[2802],[2802],1,1,True,7.105427357601002e-15
b000e8ed38cdb065ed23ef75b6a9c9c6efcf3ecffd1334c782892423bdc9eabc,[2803],[2803],1,1,True,3.552713678800501e-15
58be0ac5467ccd0f372613ac3dbced9ec369c9365fa1155f4eab96a32254d450,[2804],[2804],1,1,True,8.881784197001252e-16
fa18eab89b7714453cd254263144251dfe476d0bc2adefdd4d367800057de877,[2805],[2805],1,1,True,1.7763568394002505e-15
85b51b9da30fb508311a9fefa67c2e4aa228bbd88668b6249d98a15427b13783,[2806],[2806],1,1,True,7.105427357601002e-15
7ce068b37902024cffeacf2712e77a2b73ba3ebe144f4d94176ebecf439f33e3,[2807],[2807],1,1,True,1.7763568394002505e-15
f6049ffbc1f1ea299b0192f2a394e20a13508ae4e929afdbc7eda5c7cad336d9,[2808],[2808],1,1,True,7.105427357601002e-15
f11a8a499a0edb1aa4e60b498e8aee1441ae5afefae7588981c172ef75830b07,[2809],[2809],1,1,True,3.552713678800501e-15
cf0c441f3a371dad59f60e483c54120c93fe54324fd7f7b22558e99380819896,[2810],[2810],1,1,True,0.0
6b1422f4874e5c791fabb1f33461b780a6798734e0077d866cc226b764a7db65,[2811],[2811],1,1,True,0.0
9d9aa6ccd12f8861496481f5dcf7ddf31ad2b280ba22df7ff67f19b30a477ad4,[2812],[2812],1,1,True,7.105427357601002e-15
30d21b813443c6e0b11a542beaa03dd86f307d63777d953d411b444b13b5a39e,[2813],[2813],1,1,True,3.552713678800501e-15
17d0cefff766547b885f42eed4cee809c67b555cf1280271a593e76d02864bd5,[2814],[2814],1,1,True,3.552713678800501e-15
2185ee513899e4d6bf64ebe9fd1bbabe56e8390fa833a530c656c0d8c68a1fa4,[2815],[2815],1,1,True,7.105427357601002e-15
5a6dcc05a7546238df527c692e3a02ecb977d22ecc2f12eaa0761df8164f243a,[2816],[2816],1,1,True,0.0
0936538aa2e90a22c9725511e26df5a7cee46fce549048eb450b9bffce49c594,[2817],[2817],1,1,True,7.105427357601002e-15
f46f8c4f72b9095a50f7233b7ac2436c3db96a217181aacdefe3580e32542eec,[2818],[2818],1,1,True,1.7763568394002505e-15
80cbf2eee98d82c54dca6e0ed27b7377d8bf0bf0fb54a64c31bea553b193adc3,[2819],[2819],1,1,True,0.0
3fd32067f9215336629f0d44855a1cd9a34df0ee0605987cef7554e44be5f286,[2820],[2820],1,1,True,0.0
41417605b19b0f83b2bf67f04d6747378625945e73dbe7011d06dca8aaef00d9,[2821],[2821],1,1,True,3.552713678800501e-15
9f1b685d72fbd85ac1e2444653c3bd7ab9c1b06bc4f54283fbd7d4a97c6acd9c,[2822],[2822],1,1,True,0.0
af7af8a853dcf4afd5519b74b874e3d3692c705cf94c7de05c3b23a21ec499a4,[2823],[2823],1,1,True,4.440892098500626e-16
15c5374b2de41f98cebbe6356d4e2971bdca92e4635bdda76903c5c7b444c0d4,[2824],[2824],1,1,True,2.220446049250313e-16
2f7f5730bf40d3e0a36ef32812fa4b0bd8b24d51e2d7b1334a459beb2e3536f8,[2825],[2825],1,1,True,8.881784197001252e-16
948da41532933d0850fec66e1e0c68a33bb74885057614273119c219b5363514,[2826],[2826],1,1,True,3.552713678800501e-15
5b632f2f5f0e3e72c5ff93fc279fa920388e77e59f5a26fd20821156e4a8dca5,[2827],[2827],1,1,True,3.552713678800501e-15
5a886ffc56d3c1b22835e0f707b90ae84b62ca44700489a664b4e6a99600bbf1,[2828],[2828],1,1,True,1.7763568394002505e-15
4256170fe26222d01378894743872a2f551be4772e92d2436fbdee29fa7b4ace,[2829],[2829],1,1,True,7.105427357601002e-15
c1b6d9f3c97284b47dda3743cedbd13b8a6c626c66c1d682055d591a61d08bb4,[2830],[2830],1,1,True,7.105427357601002e-15
64a1d0dd9705529ea88295507328c1d7e72226ba71ebb1cf27ccad03eeaab109,[2831],[2831],1,1,True,7.105427357601002e-15
ba52612531e858b3a7e0fd2b7cca969136e0f59a6e30eb4515a7edbafa178636,[2832],[2832],1,1,True,7.105427357601002e-15
c72841d664274deb292774069165b0bb62df9eef9697c5c9241baf745aaaaf52,[2833],[2833],1,1,True,0.0
7d2763476688442901104a960db21c5a82d2956afdccdbcff594e38a55a1dd5c,[2834],[2834],1,1,True,1.7763568394002505e-15
5e6bce1184eb0b2c1d8d947f8c5151a5c7d91acf0587be6fca1ceb82481602a4,[2835],[2835],1,1,True,3.552713678800501e-15
5aa6e0352d0dd58b603921a39c0c5c6507e3d72534fff8751b066b853fad51d9,[2836],[2836],1,1,True,4.440892098500626e-16
58b1ef73b7f9f2c75b800fd2e06fd611482e08f18f7f7c93a6ec1450a8e52967,[2837],[2837],1,1,True,4.440892098500626e-16
443d28f50a29a1f9b640006a0d0f68434cf762c8a6e177de6df7c6aee178e8fc,[2838],[2838],1,1,True,0.0
135c86f7616a3f8379f7b871cb75e109f13afceca2a70931116841a07a3706cc,[2839],[2839],1,1,True,3.552713678800501e-15
05a82dc62472f61e2340aefc32e9f8479e4336b12656cbb3de947914a3f2a890,[2840],[2840],1,1,True,3.552713678800501e-15
92cfc9a44beceadc2aa0e90898fc412ef4ccfaa49eb5a14894bfa3ae4226d640,[2841],[2841],1,1,True,3.552713678800501e-15
fa24d436719c4db8fb3b475259068c48d7461a3226eff539df75b3f3ac8a6228,[2842],[2842],1,1,True,3.552713678800501e-15
c9a3281344599693d218625b3e9fcf84e2b734dfff494ccaeb9163e61e56b180,[2843],[2843],1,1,True,3.552713678800501e-15
865b393a04b7467b88b80e51b6ca2689bca3da9e42246fec5240384c23b71f06,[2844],[2844],1,1,True,3.552713678800501e-15
35a202195d1e1bed92b853d63b5f8412f83b3d44002b64dfcd25007332636f48,[2845],[2845],1,1,True,7.105427357601002e-15
5c23cacf0989ca9c15a2b021c0cfa6a3b1ed8349b5d94bc398af7d3e1b3b5afb,[2846],[2846],1,1,True,3.552713678800501e-15
01ee89c8148efc68ef3d49b189e028893d3f07444c16ca2b9bf962e9ea172bdf,[2847],[2847],1,1,True,1.7763568394002505e-15
3dd1c7dc7491b8a23ac4347c4e693cfe35b5f1d760a96674aa3632938d1041c3,[2848],[2848],1,1,True,3.552713678800501e-15
889c9312d9f735e05e2253d1a881b83ccedf5e348c0b4043c428ef590bcb01e8,[2849],[2849],1,1,True,8.881784197001252e-16
0a19d660ce11142bcb48ddb1ca0745899e994644d7d6641ae6e6f852b192e696,[2850],[2850],1,1,True,2.220446049250313e-16
eac7dc4345c5ca5211f26902af0d5c1e6aaaa0ab04aa0017adbfb580b3bd69d6,[2851],[2851],1,1,True,1.7763568394002505e-15
7cce9c3b00e11eaa3d5ddb2f35fedae0237d612ddff6cf4c4731b4ade9a559ff,[2852],[2852],1,1,True,3.552713678800501e-15
52d2cbc59eef74fc990677222068aaa88ea2c57a12e92990dcf223317f77b526,[2853],[2853],1,1,True,5.551115123125783e-17
59a2f2e43ebee9248741d47408032fcd716570b46385fa39178a656b6173e8d7,[2854],[2854],1,1,True,7.105427357601002e-15
6587e59fd49b8a3feadd42639b0e35901f2282f3f25e318bda8e01db4006bc45,[2855],[2855],1,1,True,1.7763568394002505e-15
4360809aee90bf8cf2f8d6da4d3481a0e76fa39e40f770c2d99b1768e42fc913,[2856],[2856],1,1,True,0.0
5f62825ac56ae750cb5ff7bab7b39f39e69151e44c5ad43c26383240d120b292,[2857],[2857],1,1,True,2.220446049250313e-16
828b1596f0c4d07a83410e67be63f5617e4b7a093d48e7a5330fab5d0d415708,[2858],[2858],1,1,True,0.0
42ece954512c2687053ef336865851f99bac73ef3743ed4c7d2dfeb7ec7fd313,[2859],[2859],1,1,True,4.440892098500626e-16
d3345ca08f087d899ef7af1a32564d32345a9d03db50822c33d9cdf9a83a6697,[2860],[2860],1,1,True,3.552713678800501e-15
f1d4f238eb7db73ced2bb085636e69ae1975523399f1273f30d60fde57044ca5,[2861],[2861],1,1,True,4.440892098500626e-16
b8926de47ad3afb154503af9cb6814f9462efb73bf2fd08e5dcb0d1db851e1dc,[2862],[2862],1,1,True,1.7763568394002505e-15
3bdae0abc8873097f1326088d4c71467f3038bafbc2c47db2c3e763a73bdd95f,[2863],[2863],1,1,True,1.7763568394002505e-15
071a3782bc4a1949cb5e00ad21521f494f9e7dd17cdedf826fa7e71a6e787f2b,[2864],[2864],1,1,True,0.0
34b1601da422a426b85117d7343946c354d4175763268890f070fd0ffe40aae0,[2865],[2865],1,1,True,3.552713678800501e-15
0ab9c4f6b3af6bf1827a1edb5556d92c0e547f6064be8f5d23fe1b1ad0b5d02d,[2866],[2866],1,1,True,0.0
fe17d3b927897b64bcc9a48c393b945908fab0dcc29af4586c0f49ac06541218,[2867],[2867],1,1,True,4.440892098500626e-16
c06e061ec92ac85bee9d205d32190fbf4062a3d8143f9c230bfb19414783919a,[2868],[2868],1,1,True,4.440892098500626e-16
de7c6598bd5cbf69b5d1bf868ee38728288b00a487652577663ed3d4a2570777,[2869],[2869],1,1,True,1.7763568394002505e-15
349aed76abe3229593610636e91b64a86a92237538afb33ece00eeedcffdb9e8,[2870],[2870],1,1,True,1.7763568394002505e-15
3179f4c0bdf673602e0be1fa0f74f57eb56c4232cc06120bd6c88d1b52e691cb,[2871],[2871],1,1,True,7.105427357601002e-15
00975b97b33399d279a5b2b29df33315d0c0691e29cf4458eb7be303c8766694,[2872],[2872],1,1,True,0.0
6567abf8767d9ddca340f4bc4fc7d4249da48447eccf57e9f5e33d796576818c,[2873],[2873],1,1,True,3.552713678800501e-15
c0a20b098c6a4ff6bd690a92f6f4214aee0c893473ebd561f4d27044ca3c362a,[2874],[2874],1,1,True,0.0
42bc9a6bc2ba145052783ab3afa4ee00b724f7e43ca04c9f32053b28475a5dd5,[2875],[2875],1,1,True,1.7763568394002505e-15
437b309a3313aa662513db84891bbbdd5ff0e880e14e59f86c8d8a4c68e3773b,[2876],[2876],1,1,True,7.105427357601002e-15
35b8b8eda31e81e514bf03eee27aa51f817d1094f12ed5adb26924134f37bf6a,[2877],[2877],1,1,True,0.0
c8c634db834f8bef6e19c01c5d29247f2030f93ab94d1d74d572eb272fed47e1,[2878],[2878],1,1,True,3.552713678800501e-15
5a3c42de8ce9b7b2b6da7d26697c1196f2808ec71f431b61e5bcb1abe4b2b8c1,[2879],[2879],1,1,True,0.0
f47f81332e528db3a20b3d7f937e3acbe72cb6c5b10204b76412fc496f1bd62b,[2880],[2880],1,1,True,3.552713678800501e-15
270f5c00c7b30a10c05a2652ff5c27a10d54638ba8b240ec12738d91fb465ac7,[2881],[2881],1,1,True,0.0
a6e5701b65648428d8cdf6e380543e4e76c5d7630d6f59d4de344f4093ef14c6,[2882],[2882],1,1,True,0.0
1aa8d2a307c8a9f3f094467b405ff70654c924807f828422408c27829ca871a3,[2883],[2883],1,1,True,0.0
e3c2c5e64234b709fb0afe76a0ef6d286b7b0d1878ac2b2590274e776260af10,[2884],[2884],1,1,True,3.552713678800501e-15
217d711595a087e86c0d873211fc53d9327fd6f41f0760d9647ddd61924a9224,[2885],[2885],1,1,True,0.0
1bab578c83b280de913e8f73b6dd42de0308db024664501a22ec68205babbde5,[2886],[2886],1,1,True,3.552713678800501e-15
824e51d692e7986f5e1c7fe615b944275ac6f767fe8a4cfa0e6db0129f4d2e7e,[2887],[2887],1,1,True,7.105427357601002e-15
83917f3cd0af73e39f7289a6d618d7278e5a0af3d0f42c3c4841191921c4eae7,[2888],[2888],1,1,True,0.0
ba89db3c44fdf05d685fe3e2e8c6fde5052c21120a619c78f0cbd65cbbe55c70,[2889],[2889],1,1,True,3.552713678800501e-15
cef4648a0988798249b9ad68a9f85b14069aa698a2725f9f62ad9ffecc520882,[2890],[2890],1,1,True,0.0
a15b5905d051948058fd1fdc8f443795bf52db8c002bd9559c52f6e1edf6102b,[2891],[2891],1,1,True,3.552713678800501e-15
22900aef2c38ae084491499ea10aa3a246d4c37d49eae5e426be7bf0ae990935,[2892],[2892],1,1,True,0.0
8908a109565d58acbc2e8c9804c79867632e81a148622e386078de5083e861a8,[2893],[2893],1,1,True,0.0
2b6ebf74831b9955a97fc7ad2dd3d425694830e9ec2cb6810c5afea5227026f7,[2894],[2894],1,1,True,7.105427357601002e-15
dda0e88e47aea817d1283c37bddb245547339e0769cdcefa6b11ba3e864450c5,[2895],[2895],1,1,True,0.0
3c9b1b0e260ce257b63851b6cf3c82d23665aa7b817ca7d5377cf0793942eb75,[2896],[2896],1,1,True,0.0
577eed012bb9ac3c27f837d5e2ba63d44cd3c87f61e75ff9ffafb38ba8879919,[2897],[2897],1,1,True,3.552713678800501e-15
2c317a55ca99be668917edbc003e61074723470995571b9a19b1d2156a567435,[2898],[2898],1,1,True,0.0
689e2263b81f42a9edf9480512c85ed53e8521eb5734b2bf35b692afb11edaf3,[2899],[2899],1,1,True,0.0
1d87795a22a813a75ecc2a963c77525d0e6a5c7f111a2c17def213a1d2a23def,[2900],[2900],1,1,True,3.552713678800501e-15
0d12841da65365fad43d19ab727bb5ff079446d03c19de9f4fcf92432a3030ed,[2901],[2901],1,1,True,0.0
2533ab188ea3e0a4c42fbbdff0c3b16f3677a516f2ed4f9cb2a76f0fc558ece6,[2902],[2902],1,1,True,1.7763568394002505e-15
ceb7bd73b2bff3b704564e521bb9ab3172ada4569b897e6e22ccb23a01952194,[2903],[2903],1,1,True,0.0
81fe7f2b8ff66cf0ab0e4f390bdd773829bd72dfcff58312e57069c31df4b396,[2904],[2904],1,1,True,7.105427357601002e-15
ce2194c8be48af496e80076a1a03991e3fef17da1f0fbb2af08d3215783ca962,[2905],[2905],1,1,True,1.7763568394002505e-15
c4d7bc30fa46d65fbdfd5babe2a90816af8f1653b0e0a73d191cd79dc57b0718,[2906],[2906],1,1,True,0.0
e01dda712cb4118d31bb56a514abd6cb426ff65c31296f8d85d12ecc504db49c,[2907],[2907],1,1,True,3.552713678800501e-15
0406ccd106040dc4e59c1c3a195793c27e622cec80c5d3d6b8930affcfafc0c1,[2908],[2908],1,1,True,3.552713678800501e-15
0b67c5511f9ea9b233270219d2203285180987f91fee79612018c18a10cc6f65,[2909],[2909],1,1,True,0.0
e44085973fe371192dabef270860eeb98a2d6a80349271a3bc1baca22d5dbf1e,[2910],[2910],1,1,True,7.105427357601002e-15
00e30a3ff17b230c379d61b188c7fae4cedc446df3da0232ed10db67119a0c81,[2911],[2911],1,1,True,0.0
dedbd0b2ae464d5615a49137ff26f07d4e87d89e7ab857b4a672627c35f73cee,[2912],[2912],1,1,True,3.552713678800501e-15
5c9da45e09d50501603ebdea61d304ad921f26f5b64b727bc5eb3f1f3f3667b0,[2913],[2913],1,1,True,3.552713678800501e-15
dbb0dc3fbef1833e237018ae1aea7c0aed3b4065e777bd906f7b54dfc35183f9,[2914],[2914],1,1,True,0.0
edf3a1e4577f0636aba78c3458843b35c1419d264bfbb39ab1a66bd2ec16bcd7,[2915],[2915],1,1,True,0.0
0b77f9a2e21deaa565508e9a034aa4e9eccaaedb2def14e41d8969ad690b26b9,[2916],[2916],1,1,True,3.552713678800501e-15
26409897fd779841894443c77fdae20dc65c02f460ab011cc462607c380f0535,[2917],[2917],1,1,True,0.0
31aac68ace445ea8b88e22fe4f029e6dec14a2e0a76de241f0136fc27d22c8dd,[2918],[2918],1,1,True,3.552713678800501e-15
011536eb6ef484816b113a24ef6f383773b4fa935b8edbaaf9f675a1755889d4,[2919],[2919],1,1,True,3.552713678800501e-15
5c4db9214343300a8c42e7e8c3b6bd6703601482209858b928967467111c5761,[2920],[2920],1,1,True,0.0
be23aa7279e312e598f02ea5a78da6a0ed78ea3c1fc4dd2394de605e909cbf6c,[2921],[2921],1,1,True,3.552713678800501e-15
805df555ce0ad6c7b122da14769d369876ab2c40a5c27da518a559b7736c9dfc,[2922],[2922],1,1,True,3.552713678800501e-15
808210ed132590721041fa4fa2a138b4ff73962e5b2bfabafcb30d8a7584a038,[2923],[2923],1,1,True,3.552713678800501e-15
0783e072bba57f1502250e50feea3b8bb1b6eb9d473eb7b7faaf881910c01e27,[2924],[2924],1,1,True,0.0
82d5ade85dfb28b1be9e3ec5231775f523413d01a099a0ab7b7f327b74e4b057,[2925],[2925],1,1,True,7.105427357601002e-15
a0d1e5a20b62ceabcd7101c74eab413185743dec242de375b45b2adfed3c16af,[2926],[2926],1,1,True,1.7763568394002505e-15
fc63bcb1a95583cf2a2afdc929f9dc2f38e4a5340ae95caa8442f15192030081,[2927],[2927],1,1,True,0.0
4499bde59b04e754cdafc8ee859f363625091d975b1e94b3d5d953c800eabcb1,[2928],[2928],1,1,True,7.105427357601002e-15
bf8c741623406a3e7765866b815c8ad4a091a538e14d91c42b3d301b4bdd8603,[2929],[2929],1,1,True,3.552713678800501e-15
1aaa6c5f03f0fc3b17c0084b3ed6ad0e5f90b9352264d33712d93652f0a5440e,[2930],[2930],1,1,True,8.881784197001252e-16
e3bfb0bc65cc748b5096d13c4c4a3cc660c35721ceb3c244b6118a8fd2940b22,[2931],[2931],1,1,True,7.105427357601002e-15
39ae680f8c5d361ae7e8f0c5d35f598d09b2097ad1244b0f75aa219acc1ff094,[2932],[2932],1,1,True,1.7763568394002505e-15
735f76d498ded808284ec5690f15b015869739ea65a8fe722d069fd652bd8d05,[2933],[2933],1,1,True,0.0
3f5dd79ae541e32aacf75624a4489e17c647bee2bb4aa0d958dff2c91fc04934,[2934],[2934],1,1,True,3.552713678800501e-15
65d951b417347ee2d8f823240798dd7f03b4fdd9873a66d7b84af9ae44b5d53b,[2935],[2935],1,1,True,1.7763568394002505e-15
20f6b7303c73f59340414bf9792f74fc7744c46a49573ce9ccbfcf107a1c1b74,[2936],[2936],1,1,True,0.0
87bea9ecbd6da7bc039905aa6ec5e37f231a5c925bc391820fd8a3b7b1de3845,[2937],[2937],1,1,True,1.7763568394002505e-15
b0b084f40c3bd97b8f008355b513f00e55f974f95ce28e3428fa5f8aa81d382f,[2938],[2938],1,1,True,1.7763568394002505e-15
5bed5c81985a3c93529dc3ec57dace3204144015e5839b86621dc6d4ad8b5468,[2939],[2939],1,1,True,1.7763568394002505e-15
8189db86152dbb48bcfa0d7a1166cd43259db4e842321abdc93e4ad4de476cd5,[2940],[2940],1,1,True,7.105427357601002e-15
8d2a2ad075936d64dfe5408293934c61e8217e3a9fa1363f1d3665a0b76a5390,[2941],[2941],1,1,True,1.7763568394002505e-15
35e7b5c34b29efbb569bc2b3e1cc8113c146588f13e4d15da1bc0a8312b303e5,[2942],[2942],1,1,True,7.105427357601002e-15
abf8cef5e341e20bb0a76117f02f0be8c327c1e11d104567a3de2ffe48a25120,[2943],[2943],1,1,True,3.552713678800501e-15
24745e682b5309be599a7347859e9ecd12e3bdb7839bfede0fb2a4a9c561b8df,[2944],[2944],1,1,True,3.552713678800501e-15
c4008f4043279fab51d229235b478fbdf620f5da3bb132151452277cc7a3c0ab,[2945],[2945],1,1,True,3.552713678800501e-15
06fbb3b327313316bfc127f934c357d54d20b0a9f28c1c1bc102aae75c2c59dc,[2946],[2946],1,1,True,3.552713678800501e-15
c81c814680425adf2d0f9a8c6cd1d61487627c50edd9def1c6f3d0e88c719c71,[2947],[2947],1,1,True,0.0
eda4b3ac74aaa473ed36e9849c7abc74f14a4a321b5d0ed434c26a698ac55070,[2948],[2948],1,1,True,7.105427357601002e-15
cb4babd703f653fe8c6b319054c254f4f04be9341beae2c4fcfc642d4d39ad99,[2949],[2949],1,1,True,3.552713678800501e-15
10a269d4828d72225530ed0088b8c63bb934b5b55aa7975de36fd04a3c2af8da,[2950],[2950],1,1,True,0.0
22fe517dce639c4b4fd0f08cbe4e1ce2667ef48092b01493d593c302bc1bc415,[2951],[2951],1,1,True,2.220446049250313e-16
548fe96b0bf14d6216d55f8e86f959751ebc324bfb4f0defac0f07c91471ea27,[2952],[2952],1,1,True,7.105427357601002e-15
869ac7465b7b6b6d05013d813465d76da3f86caf4762f372e078a5519a962580,[2953],[2953],1,1,True,7.105427357601002e-15
9fbe1c55f3db07d82db01954cf4e3dac32c89f0fdaf0f47a3d9e646ae0ba1f42,[2954],[2954],1,1,True,1.7763568394002505e-15
e6ed9a2c04264ebcb335bbb074d74ea21767f98aef85e27f19af0727f4d152d4,[2955],[2955],1,1,True,0.0
1409a5c11da8134400e21033fcf79c7e27ca5149e9f73b426ebdf75893dc8743,[2956],[2956],1,1,True,1.7763568394002505e-15
1443a64c854dd9e4df7ae45c10c5e9afe4769961b2ab6e0752da3b83755f4078,[2957],[2957],1,1,True,1.7763568394002505e-15
ef90470fed3f5a706176f902d244819de5187870fa4785edbf99cfe368d61211,[2958],[2958],1,1,True,0.0
4b210733d99e9f757898e0b0bdc4d59c3c84db488e17a5ac5416dd896304614a,[2959],[2959],1,1,True,0.0
40525c4909281c21951f321f432b00da35b25ff1d8b573b9ac5a92bd329e3ce6,[2960],[2960],1,1,True,3.552713678800501e-15
fbd7c61a1feea1f5e5ca516220634b7d92b037f7e25c9705257489a4aa5dba45,[2961],[2961],1,1,True,0.0
61e4a19a840c9c07bb20e153c3cdf7b27a28e685abd56578628def1beebfaefa,[2962],[2962],1,1,True,3.552713678800501e-15
ac1c0d7d766ed6ed0386ad7da6c4e2c880818c5826f019e735a3c48c134638b2,[2963],[2963],1,1,True,1.7763568394002505e-15
3b1b91ac87259e54be2319b87f1cb204e8c5a9ce343c524975fcc2797b167b56,[2964],[2964],1,1,True,1.7763568394002505e-15
cdd50ccb1ac9ea1d0efe0b52b87b428d93793e17925107059812e8e0da74bc2f,[2965],[2965],1,1,True,1.7763568394002505e-15
cebbd1bbfc551ef3d9efbd489909ab7af7d1fac274af05919fc33c4e5b0459f2,[2966],[2966],1,1,True,3.552713678800501e-15
f4cc3599e1a6cddfabbf846d470806ca80a1d0f10df09dde07877f627279471f,[2967],[2967],1,1,True,3.552713678800501e-15
632e9745606ae87461d1432b4520d38c0660efcd1723834ba408cd378fc7c82c,[2968],[2968],1,1,True,3.552713678800501e-15
c3146809193186496d8338f1d0945417d8dbf2da793901a7c0112db51abd47ea,[2969],[2969],1,1,True,3.552713678800501e-15
26d27eeb961857f62f5a3555725e6af665b9adb3fdca92ce3f71e4c7ea4b08fe,[2970],[2970],1,1,True,3.552713678800501e-15
a29dec1e3cf22782152aee28628daf04b2b679d8124f48977d72403af42696a0,[2971],[2971],1,1,True,3.552713678800501e-15
b15f500a08facb1b0d1d8c8ad1d75639d9c3576b9ec37162fce2e6fad663e8d9,[2972],[2972],1,1,True,7.105427357601002e-15
05e2ac488fb40fceef5a559e409ab45527f2c19d40d37063df1c5d49527ee17a,[2973],[2973],1,1,True,3.552713678800501e-15
4d8b04805a140c1898c33699c86b38f8a3346e405600d460b3e4e97224dd2a3c,[2974],[2974],1,1,True,1.7763568394002505e-15
29a63a97fc820233e408cd8ddf6f3c6f9ba2d6fec82789fd0caecbe86bc49f2a,[2975],[2975],1,1,True,1.7763568394002505e-15
35d8849d65b2ef79f7b0738fc19ec0fc54f31be9b768512c93adb8f19db3ef59,[2976],[2976],1,1,True,1.7763568394002505e-15
5eec1a8650d89fdea49f0c99c79ce8b7f1953777950657f0e0f2998bcdf574da,[2977],[2977],1,1,True,3.552713678800501e-15
4b9b97eded0208f0d48b022814eb9d68487d910c1bd3f2929d5473349778eca5,[2978],[2978],1,1,True,1.7763568394002505e-15
14941209bb829b735a8e8c3a74be6ca65543561ad5cce0ab73384972b80f12c5,[2979],[2979],1,1,True,3.552713678800501e-15
05e11535ebb36b827e86ce450f00ab426e9ecec0fe3ca2dc9dc5d823299b14d4,[2980],[2980],1,1,True,7.105427357601002e-15
67c0f7789c68f24e6e7f7d31b068ff15c71401686967d766c755e0f84158bc23,[2981],[2981],1,1,True,0.0
77154b9e0b529a4c6aec155ca77bc45df4abff1b3d49ebc3b6bee77525734ac6,[2982],[2982],1,1,True,1.7763568394002505e-15
4957485c2e1358ec9b8467252981499739b9abc013fdf8b1a957cfe787ad1c69,[2983],[2983],1,1,True,3.552713678800501e-15
b70d94c3995c7b7d9ad83d4ca48d41a4fd7487933e5c97ca7c0219eb8e8a9eac,[2984],[2984],1,1,True,1.7763568394002505e-15
9b8d79fc74c94ddf6b85fda448f52f478ac8ffb13473134ad83c0044a04303c2,[2985],[2985],1,1,True,0.0
f0ce57198b41be70c83574e29e3bec80f4b0a3d68f4c2fae766e47cc9851c531,[2986],[2986],1,1,True,3.552713678800501e-15
1d3ce05477ed1db364819b21ba1cffb9f3f8ec7d7323e91e2149da2a6fb7e833,[2987],[2987],1,1,True,0.0
01ce9c511b13669b69fd9c9f20f61f3abc18334774fff0b072fe61f7a00315dc,[2988],[2988],1,1,True,1.7763568394002505e-15
d6d2dc7dc90a8beab0f060e006c4ef7550ad8a2d514c5867940e3cda7602e5b4,[2989],[2989],1,1,True,1.7763568394002505e-15
d615514c8cf43576b8404c52ed279ba771d26ef525e5d697a4145d2681923d6b,[2990],[2990],1,1,True,7.105427357601002e-15
981494024651b2c6055c2eb3d894fc3579a6c949dc34f45ea4647af3c5c9da5f,[2991],[2991],1,1,True,7.105427357601002e-15
7334ade7e1d612961de8d6f6aeaa34311a5238f2e299007f17472940ef9e68cb,[2992],[2992],1,1,True,3.552713678800501e-15
5075eb5e21ef481662aaf08fefc3e9962b96bf982a8dcbd0460c53d310c96651,[2993],[2993],1,1,True,7.105427357601002e-15
235eb3c0dd7a46744dbd0ee71561d09787010ecf46c0ef34eceeb21a3055addf,[2994],[2994],1,1,True,3.552713678800501e-15
159a574b6cce74412ce5b03cd4bf5d3f274924bf67e57390ebbd5d737dc6974e,[2995],[2995],1,1,True,0.0
908e371326b0dd1871363dfc15920e9853d17e69863de27af2d1a50115a7afa2,[2996],[2996],1,1,True,0.0
ae1f7c1c5fef944c4eae17e23eca9622c54910f135ee0411127b6bc845cfc2e8,[2997],[2997],1,1,True,0.0
2ca18d704a833b0d9f2f69531f66f6893b7549f259c4cb1b03b3dc1af6e01bc0,[2998],[2998],1,1,True,1.7763568394002505e-15
590d9c1a74bc139b6867b84ca199682eecc3eabff8d947eaeac3c35f9da8e5d8,[2999],[2999],1,1,True,1.7763568394002505e-15
6c57e0dd7f70fbf5ded5827cdf7e21128a90dfe970babe7c73463b7b3dff0ca3,[3000],[3000],1,1,True,3.552713678800501e-15
7e1de193b1a5804ce9e8f7b1a6fd1d2cd005c0f4384677de70408ee3f7b7deff,[3001],[3001],1,1,True,0.0
fc8f6e6a439141eece17af192897b21e2da726fdd37e04bb1c79cd0c07a06c9d,[3002],[3002],1,1,True,3.552713678800501e-15
8468527f240e36111cacf709857b8a26f5afa5bea8b754559ec4e17a0c0890a4,[3003],[3003],1,1,True,3.552713678800501e-15
e53a3b4c098ae4ee3602b1232c89ef687f5accea64b051d18bf09e2d9e5acd7b,[3004],[3004],1,1,True,3.552713678800501e-15
42378262f1956c4e22b3871eeaa797a34b1ccb9173cf232e04177470fde22ca9,[3005],[3005],1,1,True,3.552713678800501e-15
eb43cfbe3cbeab89dd3760ad09107e7ede8edeff3bb189839a9539d0f13ec8fa,[3006],[3006],1,1,True,3.552713678800501e-15
38ed63260c701792a426f76e8c6a08f4c4c8be03233b689eca860aff93b70d0a,[3007],[3007],1,1,True,3.552713678800501e-15
614c24127d989cade66632af512bc40044db4e82ccaa31f29df3355498bdf2a4,[3008],[3008],1,1,True,3.552713678800501e-15
0588230d447c39cf9c8d86420070bd42338694169b7a7f8e749c84125eebb77c,[3009],[3009],1,1,True,1.7763568394002505e-15
82aa4f1b32d104e7799a0d40aef159c2f3b587864735e1d9b896f49b4a595da5,[3010],[3010],1,1,True,1.7763568394002505e-15
373b4d6e867b03b8fdf2eb1952f57a513e31bc4785bde2b830baf42c4aff4666,[3011],[3011],1,1,True,3.552713678800501e-15
dd6b8543b2dbbb5e5112c0c0a0846d5f64186273586e88387b5b56476230504f,[3012],[3012],1,1,True,1.7763568394002505e-15
06bd6f9dde46d9b5af67f9b8f631e1d94bf4104f9cf84d8bd4fc86b23b748936,[3013],[3013],1,1,True,7.105427357601002e-15
66961f52ba92ae57f2111cfd5212703104880d6bb4bc3758bc442e2b199cfdd3,[3014],[3014],1,1,True,0.0
1c52b6f2fc451c353e8d4292d3baa1cb617020f599e0ac63e15a214fd9e59798,[3015],[3015],1,1,True,0.0
ce1680f7b4e3f646f4da25460c62b85dba588a9d5d0dea0db3893ed7322bd966,[3016],[3016],1,1,True,1.7763568394002505e-15
b1a8a1ce98151eab5928e24c04092532f37f32a4123ee9e849c9d8fcd9db149b,[3017],[3017],1,1,True,0.0
df6fe4ae32fa1920883d4c42d6ab69c1a536fa39f7304ee2eab459017851271d,[3018],[3018],1,1,True,3.552713678800501e-15
806f88b4e9c76e135dba4230cb38280c19d14f014d55a79ba1eaac7225cb7811,[3019],[3019],1,1,True,1.7763568394002505e-15
e44055e2d274e4e179064108fcf71a822141450db824597b9c87a8489cf3b69d,[3020],[3020],1,1,True,3.552713678800501e-15
f599e52aad96a2c8746ade41aed5e010fd6359c7227518ce2015f576f32fb1bc,[3021],[3021],1,1,True,7.105427357601002e-15
64a18b2a0f2df2abf0f49fafcb33888e5ba3588cb5d0a4f754b34c7f0ce22c5f,[3022],[3022],1,1,True,3.552713678800501e-15
f36eb168329b6f859e1e52de8ee1b931e33aaa058ef2e3340db7aafbfa0c4f4a,[3023],[3023],1,1,True,7.105427357601002e-15
e393d4295f4068fc04d0e1bc7467e5c9cf63cd3d5909096bcf7b2e7c5d32cece,[3024],[3024],1,1,True,3.552713678800501e-15
4af60bb73644d5c6dc6b266f0b65e4b06b6cdf9becc90fde5ced8ad304a47648,[3025],[3025],1,1,True,7.105427357601002e-15
4193210cd62f5a6a881100a73027af212974e1c60f3a48d6396105316ba5c847,[3026],[3026],1,1,True,7.105427357601002e-15
abae4cd787dea52336387a54a0e58a4aaaae7c05dd571bbcece8da5f59a7eb0d,[3027],[3027],1,1,True,3.552713678800501e-15
91b7220667d737cf52afe504301d8c91830239c0d125050c4d3d97324c24e3d1,[3028],[3028],1,1,True,7.105427357601002e-15
b171cc76a6d1a516b4a8ab12284728465c0b5b1f5d796589dc67cef8c87dfa42,[3029],[3029],1,1,True,3.552713678800501e-15
f322a151b280bcff66e7225a79f70d108dfba0929936ed483a431a7db6f1ba36,[3030],[3030],1,1,True,3.552713678800501e-15
2a9a2651375372fa1f04c8c07b3eda17970f714491afcf987b2866775704660c,[3031],[3031],1,1,True,3.552713678800501e-15
33bf29c36363902fc06d958f6f46176f3816ffb8371f4370afb17b4126779095,[3032],[3032],1,1,True,0.0
674128ee82c6a8b5deaa7754431144386f48fdf505559956c9cab0e82e5039a7,[3033],[3033],1,1,True,3.552713678800501e-15
d0530641b063f5c44a1eb434efbad5d38a79fbf3f46ffcb3877dc7904adb5a37,[3034],[3034],1,1,True,0.0
a9a430c6332fa6dd38bc64ddf2e669fd132fd458c9cd0164559d6ffd39940b47,[3035],[3035],1,1,True,3.552713678800501e-15
6e1aad3d9c4230d94490476631f6191767a8c3be64b1e246946191edc3c416f4,[3036],[3036],1,1,True,3.552713678800501e-15
4678c4609de08dd1b21686ba347ee6eb13d7e0a7dbaaf5e7b7d28399a9f4055e,[3037],[3037],1,1,True,1.7763568394002505e-15
e75906b663e49e69e802dfdbf36e99f088b2434cb71b54e53861eaef062842a2,[3038],[3038],1,1,True,0.0
287760963ccbd61488ca55420eacd9fb679543637e2965c757b6e66df33e7794,[3039],[3039],1,1,True,3.552713678800501e-15
90bfbdf22016950af911ef709600be0ac94192e03ecba1fbdc9477ce448f8a43,[3040],[3040],1,1,True,3.552713678800501e-15
9bbace1fc1de5e2aba5b62a500f7b42b02bd78811a3887ec336ebeab85c62fa8,[3041],[3041],1,1,True,1.7763568394002505e-15
268a5be3102f24583654c55d61f9e9c310b97309734c7013fd4a7d0069c70e21,[3042],[3042],1,1,True,7.105427357601002e-15
bcfc955e429d07ca5ba6e7c48bc175021d5e66644bac64d82acec9359857eb5d,[3043],[3043],1,1,True,7.105427357601002e-15
a93ba250ad364917542e4631d30335a9d5f5a34020ff283db8a939029e3a8200,[3044],[3044],1,1,True,1.7763568394002505e-15
b58a147bfc8af2eca9a2cc5dde9a05d25994186c59ce03eda003479f08b942f1,[3045],[3045],1,1,True,1.7763568394002505e-15
84cc8c0740a1af473c1f813eb547d2517f0adb8bc0d5e371860984739e114a40,[3046],[3046],1,1,True,0.0
58cd68095738df22ecfcd79a03981ad433b17302d58d59c7e2dd70d08466cac1,[3047],[3047],1,1,True,7.105427357601002e-15
f06149c254f3b3a74abd761110a5560f0941e98275f372d78672c5367f0c6346,[3048],[3048],1,1,True,3.552713678800501e-15
8f5a717338c3cee0222037b81077d17d92e99363c373818828c65539cae874f8,[3049],[3049],1,1,True,0.0
721880c271e17016c2ad8d8b3715dd17a8c3d7819d382d607671912a32c0ee41,[3050],[3050],1,1,True,7.105427357601002e-15
64034a9081cd815af933a60d09ac5ebd9984db9e11d123a2f4bfa5df338777a5,[3051],[3051],1,1,True,7.105427357601002e-15
4fd506dd7175a75db695a9a91351ba27710641ac1eeb92ed28f2ff26d6bbaa58,[3052],[3052],1,1,True,1.7763568394002505e-15
60c13898f72aa0685d10ee7574c4d8b4e4706ac88b890668d43358c5fe95a2eb,[3053],[3053],1,1,True,3.552713678800501e-15
3781d7256d45159b8764d233a632661c4007bb0bb0fa1d983fb1c72bac886ac7,[3054],[3054],1,1,True,0.0
933bb4dd45c01a6c91b2a4b7ab29885c01cc6d486b7c415a833e341856a73be1,[3055],[3055],1,1,True,3.552713678800501e-15
77a3e75e0126856df29efed1ed1fd70365e75764cc86aba3acf60c38c325eadc,[3056],[3056],1,1,True,1.7763568394002505e-15
6e89b2db5806498c608725abca88a5ac4a7a1155ca16e2ca80988be0f74d266b,[3057],[3057],1,1,True,1.7763568394002505e-15
f2d6db80da4dd370a88bae6410a5f971fa0ac5314d932d09d5a83dc480c48afb,[3058],[3058],1,1,True,1.7763568394002505e-15
6bd921a668c7d28b5e5b1a3d30fede7f822c2f00aea0dca822a6420cadb4a1c0,[3059],[3059],1,1,True,0.0
73b1cb4d439f08674385a55cd4dce8b5116ef8d670739c3306d6d5b841c9fb25,[3060],[3060],1,1,True,0.0
b5672a7da0423addd7f84fc5e9d7f0752fb53c40871e64091000359e2beeff5d,[3061],[3061],1,1,True,3.552713678800501e-15
b48e4a837d0a1b37707981bfa933afb39a0fe8a2a13f386439d706164bd9f2ad,[3062],[3062],1,1,True,3.552713678800501e-15
7890d63a3d3cf1749bbd520865fd0d5dc842208c3b79a00e67d184cf6d16fff4,[3063],[3063],1,1,True,3.552713678800501e-15
e455c86e944eb864f6301d8a449928f200564acf132fb6931d1b7cf660fa100d,[3064],[3064],1,1,True,0.0
9ea0d867fbb6b5dc5d47376bda6660f3319131ac20b86f83b465c4086e4605a4,[3065],[3065],1,1,True,7.105427357601002e-15
1d8f97501543c5be0194c7cd3386698c85a5bb031753c008fefefd02766a7eb4,[3066],[3066],1,1,True,3.552713678800501e-15
4f1b4cef0e6fa0c7e37d05a8ff2ca0aefb924a819755d787f5d7772d6c562afd,[3067],[3067],1,1,True,1.7763568394002505e-15
936e62188ce6bae43192a52e5e4b6b6313c2b838f0baf955abef78c3a49f9efe,[3068],[3068],1,1,True,3.552713678800501e-15
bacd877a4795f62afc536339ae6bab3d62ad56413f6fea25a359e346aa04f138,[3069],[3069],1,1,True,0.0
d03535f03b776b5220c2bf38c24827912f31a0c86b10a7d692147db0658ec11a,[3070],[3070],1,1,True,0.0
e9b232e1af9664cd3f6bf841bdd6d898e7c9b94cafd8dad3f00fdf6250556cd4,[3071],[3071],1,1,True,1.7763568394002505e-15
a62646209b9a24965d2feed0c323aa7c04aa5fe82569debf715f3ed3ee9756ad,[3072],[3072],1,1,True,3.552713678800501e-15
f57d7605bf32e9e2c8fffda57ca7d3ea6e23e160c31ebd5d8179527ce371b033,[3073],[3073],1,1,True,3.552713678800501e-15
4281fcc78f922f094d35f0d7b3de34b8fd74cf82ecdd3002f3065fdec9bcf940,[3074],[3074],1,1,True,1.7763568394002505e-15
b574cbbfcc98550241fe6285a8244bdeaad2486a5efdba46cece7423cd65ffc7,[3075],[3075],1,1,True,7.105427357601002e-15
bd0d9688a2adebfaed5eb55d78ea0e153ef8e8cba7b67b2201439562f8627f8e,[3076],[3076],1,1,True,3.552713678800501e-15
d67f07a64fb49bd4f54efe5fe32e669868fe3e5e29b9118f6077e62d5ffdb35a,[3077],[3077],1,1,True,0.0
363a3effee8bca56ad804f373a25c0fdc37403721dbd65a890a6cb9981816a5b,[3078],[3078],1,1,True,3.552713678800501e-15
a58a50ca743235a9738eaa08a30bb58d2d6a0f9203885765751f0226ce867d49,[3079],[3079],1,1,True,3.552713678800501e-15
4615268caf63ffa0a0f146ed6d299d94d2d9346de1c783369a22c4bbb5d59605,[3080],[3080],1,1,True,3.552713678800501e-15
bfa33219fd1cf71c82b19f39defadae3255917ea2fdd7537bc16080a530c17c9,[3081],[3081],1,1,True,7.105427357601002e-15
8da7cad62a969225a171ff504dc4edd9b61ac4c8ce8091c16151bb29f4e488bb,[3082],[3082],1,1,True,7.105427357601002e-15
d56d1a410ea7f0b0ee3f5cb3782732a3f47faaa9d2a6ad2a8eeb35933a2cedd0,[3083],[3083],1,1,True,3.552713678800501e-15
e1c3c0e4dd65a1ed94ff0c25e38b57bae9dd38740a73b062e352b1801898ea30,[3084],[3084],1,1,True,3.552713678800501e-15
a093970ad07d76f1800b9f5f745a33fdc47dda324948ba7eb7ecb8f8d025018d,[3085],[3085],1,1,True,0.0
ea209a5b576fda18ee16c366c4e8402f1108687a34835b2df6a75bcabb15b479,[3086],[3086],1,1,True,7.105427357601002e-15
a22801cf751693c6a632c9b1c51b8db66bb694a8fd463501b780522685d47d98,[3087],[3087],1,1,True,0.0
81d01ce6a314ec7877ad1b1fe5aa011df4351c5f77e1fb7d885abfb05126e9a9,[3088],[3088],1,1,True,3.552713678800501e-15
9b9d9011bb91b67f6c78a800e01e4592dacc2363bfa0006025daa7f92d84e10d,[3089],[3089],1,1,True,7.105427357601002e-15
a6a5636adde6f1e5814ccc6dba0d767df82f67ce5da94ebc0de94e730d79678d,[3090],[3090],1,1,True,1.7763568394002505e-15
acc3c7520c4d17b040e156c5bdc0f109970faf18ab1b86abbc4023d7949ebfcd,[3091],[3091],1,1,True,0.0
c2448ff1d8354c76c95aae5fcde9151ff55f84b8e6103d9095e16d86f7804ed4,[3092],[3092],1,1,True,0.0
74177b6b7960fb228b179a73d629ae764534308a3bb1945401c0a49e1b3ff231,[3093],[3093],1,1,True,7.105427357601002e-15
80c1aacb53dd4c53c8873244966bc1c69e69de701e54c596b3a19ce5bf89a20e,[3094],[3094],1,1,True,7.105427357601002e-15
26a0fb967748bbeeb70d66cf95ef4fabee16ef9164589a508af0adead67d71c5,[3095],[3095],1,1,True,1.7763568394002505e-15
03a3fe0992d3c4e86666b92f9d7e6eee17fbce8897cd55047f64f35dd2edb4d2,[3096],[3096],1,1,True,1.7763568394002505e-15
c160bef8f0cc2f7b8ff532a6691b4579cc194cf59e117e49b119b8016ea4a7c9,[3097],[3097],1,1,True,3.552713678800501e-15
40c74c23772d455e820e59792985714c52f20467e0ad0cd18d50a286538683fc,[3098],[3098],1,1,True,0.0
b375ac2d2bac29502320b8000e9de50b8fb06402c4995c9451339198a7955aa9,[3099],[3099],1,1,True,3.552713678800501e-15
838a1a2acbc7af9a6cc30308a8353024b4c2d66bde18e4737debd4145f90a125,[3100],[3100],1,1,True,1.7763568394002505e-15
c2c61856eda9dd9ba42f7751f70289fec07e5bbb13082f34db5fd847a7e58ebc,[3101],[3101],1,1,True,0.0
97412e2fc4b221403199e29761608e273678270111df1c1569d7a4541a224ed7,[3102],[3102],1,1,True,7.105427357601002e-15
b2cf67e217a650346c389513f7f58e57f4e049c9dad50aa3a753dd5f2969f3f0,[3103],[3103],1,1,True,0.0
c1d8efeb65d94866807b4025be857468cd35f5f1f264c75dec237409e4fea4d7,[3104],[3104],1,1,True,1.7763568394002505e-15
0563d14aead5a5b0ea0f21123ec0cc10ff55c1614d4079a01dc7dccf8a15a7af,[3105],[3105],1,1,True,7.105427357601002e-15
03d09a5ec087e911b24a46097af0c9a609a96f0f609f4903c6edc83a572c9927,[3106],[3106],1,1,True,3.552713678800501e-15
0fc4b320f39ef7b438129ef626da8c7bb4574c3cc7ed91e117960530ffea16d2,[3107],[3107],1,1,True,1.7763568394002505e-15
b65729e16b7830b7969f73dc9186fecd23b184e2257676e4241beae03da58a63,[3108],[3108],1,1,True,0.0
00fcc90e7721b6a88229c20c50553eb5ee248c886282e73d9e5126a37df0f193,[3109],[3109],1,1,True,3.552713678800501e-15
2dedbfceca69b12c843638c3e2ff300f199495900f2db9379647fb1714b2e14a,[3110],[3110],1,1,True,3.552713678800501e-15
78f355cbe5f1e03426c2b6e8f72fab0bc3ebc2a506f3a5d7358e53998c7707be,[3111],[3111],1,1,True,7.105427357601002e-15
52cdae179426ed37368d985ffa5243238bd63f848d586907fdee4dcfb20fff87,[3112],[3112],1,1,True,1.7763568394002505e-15
5110f1df7f7fbea1d1c2b354890270c94d207c100ea73a154c53efa05836dfaf,[3113],[3113],1,1,True,3.552713678800501e-15
8971b4d7a9360c176162958b12641f86a2cb5d6ddfa4d3b17c5329bb90f29d4c,[3114],[3114],1,1,True,7.105427357601002e-15
8d3096bbf501fe0fd8a010a90f02d521f2d58407cfdd4f882c03a0a868705045,[3115],[3115],1,1,True,7.105427357601002e-15
798c6072250144d1ae6e24b21ca533b66855258c2bbc2e725bf6c02df41530c5,[3116],[3116],1,1,True,0.0
aac087e6bf71795a82844cc3d99e63af45c5a1d8ab9f1f8ae8777a957f97c482,[3117],[3117],1,1,True,3.552713678800501e-15
f60589c30ff5035e044ace39cfaa486134425d64a636bef52dc63f8c04a34992,[3118],[3118],1,1,True,3.552713678800501e-15
c6f1f3292527aeb9bf9262113efef8be3f033d9f129e1674b6d02fbde1e08468,[3119],[3119],1,1,True,3.552713678800501e-15
8850cd89b6d150aaf9845d074ccc48d014f5cf355dd181b66f9b5445d78b06ef,[3120],[3120],1,1,True,3.552713678800501e-15
90ed897da3d5ad17baaf6e0b2cb2070182bc90d778568dbd0ad259f7c348ba45,[3121],[3121],1,1,True,0.0
6cfb17a271782a19d507b3d866ef1f0f2c1a600c1bd9ec755194489e18c7718c,[3122],[3122],1,1,True,3.552713678800501e-15
1974edfaa184bff4cff04dba67613b2183133dcd49391edfd8b0300c4f178fb9,[3123],[3123],1,1,True,0.0
dd36a84f0ba4dfc1d4602981b0426f0ba73dd7ec1fa59e770618e29f33a9815a,[3124],[3124],1,1,True,3.552713678800501e-15
423a7d2aa44da62f7450ab2ad18b01c2751fad38a614fcf5e51e542f886269c1,[3125],[3125],1,1,True,0.0
9c4abbaed2a3eb2755c7654a744f3d0b7b86a95efad0318d5ba5b91f5301e652,[3126],[3126],1,1,True,3.552713678800501e-15
de15feb9641edb5c826edc9beeee50ae091c8b9b5093de6149701249013d274c,[3127],[3127],1,1,True,7.105427357601002e-15
467a6fe1c639c3000a946dfe56841697c48c017dde59181d1cf6fe8ce2310bb1,[3128],[3128],1,1,True,7.105427357601002e-15
5c0baa61cca76ebaad4d8cedaeefe1de72befb1606c7becc5a8f7bccac5d8d7e,[3129],[3129],1,1,True,3.552713678800501e-15
978ee9b04f458d7da29e88f1742ae587717908960821f87512bdc97ed0499ae0,[3130],[3130],1,1,True,0.0
455f7e245185c404f58073897e347787f3279636e2b464a047e4edcfc3ebcac3,[3131],[3131],1,1,True,3.552713678800501e-15
22820b6e644c4941bf2132f98fb46f1d434991d698d568bfbbd6f84d148d0bec,[3132],[3132],1,1,True,0.0
623493fc4f957be425fdbd062e203512b40c58989e639381f256e8d99d0ada2c,[3133],[3133],1,1,True,3.552713678800501e-15
80971cebecc8be55e5cf20e996259e14c4cc9652e92f3bfe44316125414a6da9,[3134],[3134],1,1,True,7.105427357601002e-15
a5edc91d6e3372853566fe1704ae54e722f80707ca564cca559978105f8dfa47,[3135],[3135],1,1,True,0.0
b3b1973ec2c406821dcd3bbff0f7c5a437d8e0eed680e8921190d46fc206dceb,[3136],[3136],1,1,True,7.105427357601002e-15
77a1f6b68b725c07d5a541952efa476832cf2574d173865eeb99614a30a4de34,[3137],[3137],1,1,True,0.0
bc57624c026e014fab083760001c1c80e396078f5ad85c211c0f11f75a7a8156,[3138],[3138],1,1,True,1.7763568394002505e-15
b2e2940a57b9d8eb0f2b47abdcc12efb0949d4277446b49d7aeac1f8b2d00e48,[3139],[3139],1,1,True,3.552713678800501e-15
bf0c40a0def68360871d561a65eddb203e3f5c78a08c656b0d5535db5166bcd7,[3140],[3140],1,1,True,0.0
e4fbf873c55a0051789ce77e99327654004c3c43d4c586b8776a3e0f13972541,[3141],[3141],1,1,True,1.7763568394002505e-15
cd731a4b317f3843abb3a4590bbdbd5acaba780ca0bbc7a2832fe400409e9774,[3142],[3142],1,1,True,3.552713678800501e-15
f2ccfcf9775be27f5cc663202dd86b82b112de104b80bff8d46e47b1667852cc,[3143],[3143],1,1,True,0.0
e4d47b8e92d7c72e4fbbb9733d164c92e57facfb5c6b77d5338dbd5372484fb2,[3144],[3144],1,1,True,1.7763568394002505e-15
96a6f4caf5d78b9e43a23f930e522bce8751709830203a13734d4da34628ce3d,[3145],[3145],1,1,True,7.105427357601002e-15
08ad5cf23d7f863643801fad9d14b064d7e6aeb5a9415d6189fe2bbffa251642,[3146],[3146],1,1,True,0.0
617f12f045d6aaf50bdd96083c6ee9aa647b272a8adedc4bbee31f8d232e9b3e,[3147],[3147],1,1,True,1.7763568394002505e-15
f0eac9b0d21f5970d3820444eb52934ccf242f3f5ba4a5e546bdbacfad6b6eb9,[3148],[3148],1,1,True,0.0
7f996f29b999d49e38df0c4ce75141b6ca37cee1a5b83af538f78974ab5233d5,[3149],[3149],1,1,True,0.0
9e018da3c157bae5f5a960cbe405284a47678a452e996499f9f03cdf907f5f6b,[3150],[3150],1,1,True,7.105427357601002e-15
1781930fedfed9720479005f9a1866db7654546faeea3054caf5e9385a57562e,[3151],[3151],1,1,True,0.0
7c5c65d945c7ba1c0e18d472646d763932807924545d13972b67b15eeeaa2662,[3152],[3152],1,1,True,0.0
2f2abc79e6571a338a301032f6328c40f494a4109b47b638c0d4cd20b078f7fa,[3153],[3153],1,1,True,3.552713678800501e-15
81a70ad12bdc0e08b4882f725415be8b43774d2a024cda35fd9c65e342dc772c,[3154],[3154],1,1,True,1.7763568394002505e-15
9829f4a1de8397f123e2c7107faffb4568b31509b07ed8ed7282d1aa233e2e67,[3155],[3155],1,1,True,1.7763568394002505e-15
3ca291078c113aa9d7e8e9347a012517a28e1f3e943012eebe262ed8e90cfa94,[3156],[3156],1,1,True,7.105427357601002e-15
419bd2a4476ce56bb9309753712e08cd4e69be39ef31b972469e2b6b36322c37,[3157],[3157],1,1,True,0.0
17e64fa62e16492a024f864dec73d7136264ce52066c4f78e71a9ac955f53eed,[3158],[3158],1,1,True,3.552713678800501e-15
fba80db73fcd219a8b07a49fef9f5dfb1544198e8ace0c460dfc9f3b2e4e668b,[3159],[3159],1,1,True,0.0
c6318e7639878dac41ae2184e5e88154415ae3898d96384e272ce50fe10b2ccb,[3160],[3160],1,1,True,5.551115123125783e-17
0050f1e29f6f5fa720f371efbf8355b43963b5a12b425ba5d952aff39c6b403c,[3161],[3161],1,1,True,3.552713678800501e-15
1a9c2e5728f83b9b5c51455f38bf7b5d337e242cfb0fd749bafee91deb51bd4b,[3162],[3162],1,1,True,0.0
a963d451507082c82c4d0c8ba74fae7f2045c48e62ec0e989f63b313197e427d,[3163],[3163],1,1,True,0.0
c475f91f39b3afdc64b5d917baecbc9a3f36f1a0079ec6422848c47825bb3635,[3164],[3164],1,1,True,7.105427357601002e-15
2b04eed77880d0f47cce1826da79093179dd09f5d1b2a9be872cdf1bf9ed14e2,[3165],[3165],1,1,True,3.552713678800501e-15
128a27bae758e56733289a649b9d337193ea1263b84b798452d4df8033b9a064,[3166],[3166],1,1,True,3.552713678800501e-15
595c6b978fbef329433575e519fa6acdd0091959ae224be7e6f36fa49113dc54,[3167],[3167],1,1,True,1.7763568394002505e-15
ea8927a9ef7035c371ab7cf6a83a846c8ca0093a798788c768f1218eb821b4bb,[3168],[3168],1,1,True,0.0
26e7edfd0b337934098b286c1c579ee574034dfa5a7a692a0cdba1e3f5dabc25,[3169],[3169],1,1,True,1.7763568394002505e-15
f2dd965351e164a5a7ad5897bb28ca45928f5615fa20d6930e4e06791e6c6f16,[3170],[3170],1,1,True,0.0
6d6a430359b928b11ea923251279ff19653b96ccc030220f75c07831fd2ffb77,[3171],[3171],1,1,True,0.0
f5869baae83551fd1e935466e61df852a9df16c494201585079b7441b8ea7c56,[3172],[3172],1,1,True,7.105427357601002e-15
e8182197330688d8a23ec9eec1c598149c13bf9c21deb0bae9cf5e28ac7aaf84,[3173],[3173],1,1,True,0.0
97c65c54869b5c9d8eb07edf52128551c5ac920c9a9a0cb46b54104684b680a4,[3174],[3174],1,1,True,3.552713678800501e-15
13ca32df216fcefddf12b73d2eebfd0252b9295b95b1ae1d68df2a8434873f99,[3175],[3175],1,1,True,7.105427357601002e-15
e6277a4e476cacbae251bde4b384f90d0a7735f536d6750d37feb75eed8a75f4,[3176],[3176],1,1,True,7.105427357601002e-15
b9a724734af2969f3d306fdf8ce6757f002112bd1cb1b6bf7a7f5b7a0fb7e05e,[3177],[3177],1,1,True,0.0
24661f24bdcdbff35098e03607cbbfbd54f4ab506a33ecf73d6b91495194f937,[3178],[3178],1,1,True,7.105427357601002e-15
4de01cd4d3aa9c5f0fe3d07ee09388a0bbda628a380bdc80d00cdedb41d58ec3,[3179],[3179],1,1,True,3.552713678800501e-15
9ef73ebf3023b84435c21c97ac83b058cef6e6022b2bb8412b8016d640e063ae,[3180],[3180],1,1,True,7.105427357601002e-15
c69b92e36223493df52e714886a010d41481fcff1f8315087f657f0c32aa3def,[3181],[3181],1,1,True,3.552713678800501e-15
31419e7781ca8777060aa071166f32039adf505cf68c89db135187bc1952c966,[3182],[3182],1,1,True,0.0
c6dbc5ea17d3dfed7871b9ed4f7c57567877e5db502117c99008441b7e0ddedc,[3183],[3183],1,1,True,0.0
6ab09468c87f2666dae6cbd2879c32bf48f121dc8be0618dba88a7fa536ea119,[3184],[3184],1,1,True,3.552713678800501e-15
133a9832eb452a7b7a5c14c2b246895d61ae0cdc1ed0e4010e9a7feb83b6be44,[3185],[3185],1,1,True,3.552713678800501e-15
004c54faa8876683c703bdeb397094c13db9f139c2b9ca65c5384a294e1b44d0,[3186],[3186],1,1,True,3.552713678800501e-15
102f0b7c0cfdd22bc7ecff5c04f54489625404e0b103606dd4e813fb92e98972,[3187],[3187],1,1,True,0.0
aeb654c19792b9c862344f3f131874e582612839d6b234b810f258f33c97a4b5,[3188],[3188],1,1,True,3.552713678800501e-15
67df78ef7839cc00fbc7369b5a57c96fd2550ddcf8d16389e01fab05732339b1,[3189],[3189],1,1,True,3.552713678800501e-15
b873f0c60653da744e69c7cd0b6c90667cb07190be97fb5bafae83f2174df1ff,[3190],[3190],1,1,True,5.551115123125783e-17
e079f311af3dd4a9c22a036f955631de5a9a2e6e534f250d7635d92128a4097f,[3191],[3191],1,1,True,3.552713678800501e-15
bbff805115bcec1852489a9280350cd1e7fea28d3622ab174d2bad79c5890d3e,[3192],[3192],1,1,True,0.0
2840e3526b4cadaa137f7c0f29c78b5f82fbaa34a52552d98b1c652cb1db4826,[3193],[3193],1,1,True,0.0
bf3c25627a26db6870ca2efb72dd79002af2e4d66eeac8dcba2f689f0eee0099,[3194],[3194],1,1,True,3.552713678800501e-15
d0147071d0c5a3070baecf6de65ac58d7235b6b9c78be79748b93cbe52abc791,[3195],[3195],1,1,True,3.552713678800501e-15
7b0f407b9d84a490d38b5d0fb21b90c5248967f8aad9aa56ce617d4175f7fce8,[3196],[3196],1,1,True,0.0
7e3542c50a0a76eac93e9fbf5d6a57aab0157b84fbfcc9b05aadb61d0d8daf53,[3197],[3197],1,1,True,3.552713678800501e-15
36a44b505029803d6f34cd31a7e8c35d5477b81479eb56e4670fc14e17e41774,[3198],[3198],1,1,True,3.552713678800501e-15
41b6a6e935a220d94760cc507eb5c3d3841e6eda8192e35d1651bb55f60e2bd9,[3199],[3199],1,1,True,3.552713678800501e-15
a852181f3aaba9c273a4a34241de3e9c3f408fe5c2b7b42a4ccf2fb779e0f30f,[3200],[3200],1,1,True,3.552713678800501e-15
6f92e52d19dee90050a2e2107179052de701171269985247ecc4bcb52d331b3a,[3201],[3201],1,1,True,0.0
84794e651c4fa209845c4c52fe3b58aa95c1f0dcbce2072d43b19c33559a2533,[3202],[3202],1,1,True,3.552713678800501e-15
865e573433e34f7e9190d85d1972563c55b0a81263b224c363c0ee49d3efc87f,[3203],[3203],1,1,True,3.552713678800501e-15
284d5e188b93e1f66a004736715b92d6b1f97348c027c39c6a35e4e42567bbf7,[3204],[3204],1,1,True,3.552713678800501e-15
74e7c933ee117988d3cc3035a329f9613594b716a2e9b7d6f0b8991a3a556ece,[3205],[3205],1,1,True,4.440892098500626e-16
3fc74351ec9282f5df109b9887a1a19f5c05b18d815c43b687c4adde5e2c2ad8,[3206],[3206],1,1,True,3.552713678800501e-15
9612cc5e5fdcb5c9cfd3dfcbb02eff3a9ffda6ab660288d5b7dd54d11a8a80f4,[3207],[3207],1,1,True,3.552713678800501e-15
0393a1e50f1213a6d1e0bbc427154a480da08ef2b52a947a0a23425aa6e33cf9,[3208],[3208],1,1,True,3.552713678800501e-15
d5311e473ee3e3aa0cd090bd6e7bb69c93265ac4f284f0e2228781db7eaba65c,[3209],[3209],1,1,True,0.0
ae8d0ec16394e35df70bade795410f2eef223e128d1721a0d954c6495f434f49,[3210],[3210],1,1,True,3.552713678800501e-15
9b349cf49a4dd0947f26d0b7fd789d00f35c1beef18f685166b3f387bede2b5f,[3211],[3211],1,1,True,0.0
bed9ffd9a403b1afb942dc214d9186d3e4b3f0c111aae7bcb5296ae65453369f,[3212],[3212],1,1,True,0.0
1875162cd7cba806ac5be6438101ba3aef38c16f080948454e6ad34157eaaaba,[3213],[3213],1,1,True,0.0
c6a890f1ed98380f8427ab1b7421960f0907f1513628dbe3a79d87e979ca66ce,[3214],[3214],1,1,True,0.0
dc51b0cf3b6bc60544cdf9477140db59334c4bb3eb666a87d6537595cdb24bac,[3215],[3215],1,1,True,3.552713678800501e-15
507c308809873b6bbe88dd5315756f15d289ef41ab715946f0642a4b8a39d83b,[3216],[3216],1,1,True,7.105427357601002e-15
76bd712a87d0aee0d99ac1adbf319f274697f480cbe64efcf7f5d1ead1a36e14,[3217],[3217],1,1,True,1.7763568394002505e-15
c15462bf063c00560b98b67ef2a31302edc5a59e0b75e204da46a03a6f1517d8,[3218],[3218],1,1,True,1.7763568394002505e-15
f5cd37b1656cf4530427817fc9a1354ded334e79764c23dc26a29045330da5df,[3219],[3219],1,1,True,3.552713678800501e-15
ec29cd9ce818cc4d4d465dace465e0ac4eb67742d9cbb711c7b31e13a3bf53cd,[3220],[3220],1,1,True,0.0
0d4c68b9c49a3d312a5fa91edd39c32edccbc0a17999203d35b1527520621770,[3221],[3221],1,1,True,7.105427357601002e-15
6c8a77ce3cf83680c664302fa3268066ef65bba37a5b86648c944728ea51fe51,[3222],[3222],1,1,True,3.552713678800501e-15
a9dd919c4322f4af2bbaaa34be1bddc85f79be673f6c6d716d8a7df765949791,[3223],[3223],1,1,True,0.0
a9db517e7703d9071646c1303014d08dd2615b78284e2153235b4718a5a0a7b1,[3224],[3224],1,1,True,7.105427357601002e-15
51b832bce2750eb1995af1bc927274c5b9ae702732f4f470f985cd695db37a30,[3225],[3225],1,1,True,7.105427357601002e-15
dfd0c9c0484cf2380626b1b6e255cbeea10d27865e260c284c37ddf1a09728f6,[3226],[3226],1,1,True,3.552713678800501e-15
d523ecca3a7e946cb557ade408b1da88cd1aa4731717cb7b53b7ab3f049b27b6,[3227],[3227],1,1,True,3.552713678800501e-15
e75cdc54339d49c41f6198e2a107e8ba4cfd139440741a3f4b13f966e46ca8ab,[3228],[3228],1,1,True,1.7763568394002505e-15
bbc7bd28fa05fa78803638dd2546be94c7d8a5c233b91b9ba8203f61e65c789d,[3229],[3229],1,1,True,3.552713678800501e-15
71709e545982aa9dbd9a5a699de91d0c9753838ba07f4a1172604b9351bcf1a9,[3230],[3230],1,1,True,0.0
e183de6b669e9e3233ce37fc18a6a2f7dfc76128a27f6cd213eefa70c9d75567,[3231],[3231],1,1,True,4.440892098500626e-16
27b6f88dd0b3d667353458c5277109832b07b17ef44154d35c8981f78179ef25,[3232],[3232],1,1,True,0.0
a08f10f839e591859d48953e5427cf85d0cc485fede1188b18438307b0302819,[3233],[3233],1,1,True,0.0
3d97d6b4510f220e6a3b92d757d262b2acbe8b7ced65df6c3f2e05fc6770c1a5,[3234],[3234],1,1,True,3.552713678800501e-15
f2a682bbb57f203fccc896de208b68b999b6c1abada939277b6ab3ef12fa5724,[3235],[3235],1,1,True,1.7763568394002505e-15
1109a5f03c6b9de571e9296302d3a7e9840f166c0d5ef31664b3bb84ee004b70,[3236],[3236],1,1,True,0.0
5609218981bca61a9d76ceb8e5b46a7ca924ad7cdb72560299605e6a7e511307,[3237],[3237],1,1,True,8.881784197001252e-16
0a87ccd4a6d520a5f3bace13dc9c58763d3662d0d3db71ba539876c899f14324,[3238],[3238],1,1,True,4.440892098500626e-16
e185a5141bd458a41637bf10b91f0eb67c7140ddea2ead96c8ea2dc664453caf,[3239],[3239],1,1,True,0.0
ddf60bcf9e355f6878cbdddf28702a2b35d549e1ce2ef058e3aa0b5a304d36ed,[3240],[3240],1,1,True,2.220446049250313e-16
79b1a5de1d9ca2b7b7bee27b7b0bda368b91f713d8e997d368fb05d0843a6ed1,[3241],[3241],1,1,True,7.105427357601002e-15
a2e281360e5472ea066179f6a2216166ee697f8fa9022c23f3bd2e688ae06030,[3242],[3242],1,1,True,1.7763568394002505e-15
2c0e69d2d03a223bfbea86b2660130d73c5d52a2c295a4930aa31c6649bd1306,[3243],[3243],1,1,True,7.105427357601002e-15
84062e25464e0b75e9dabd83961df63318eebea3beb2e210ace52f2abd854ea2,[3244],[3244],1,1,True,7.105427357601002e-15
4f5467520d0d1835342215415e7c2cb80f7de6ee89c61cf1b54caab1f464f228,[3245],[3245],1,1,True,2.220446049250313e-16
217e7e0b25fad5c37f58a766b9c01c9b79a888c315941197f60e441683725616,[3246],[3246],1,1,True,0.0
f1f1f30fe2596c8d5555cb59602c1262cc7af5412f05606b530137a139078129,[3247],[3247],1,1,True,3.552713678800501e-15
98e60e51a7c56e1af2ffbde51208ad622d695ae38e2322b0ebca4f31303ce8fd,[3248],[3248],1,1,True,3.552713678800501e-15
c1ba25ef2c64da2af097d4046b2601f77af831c6c9f2e90ae3bd0d99caad2000,[3249],[3249],1,1,True,3.552713678800501e-15
6c9091f9c92a35a49cd6589535cd232e360296360b5cb66bad87a372e152a653,[3250],[3250],1,1,True,1.7763568394002505e-15
3881d59d51185b1f72dee5eed8040240988ac629617259ed40a5b7e963c007ec,[3251],[3251],1,1,True,3.552713678800501e-15
fc0642fc6131309d84cb33a278cc24cb63a6e5434c3d8af8c591be6ba7348026,[3252],[3252],1,1,True,0.0
6fbbe5c9c14afa3dd30360117ae5f8da7ae4ab1b6386a8c2031b177006c550af,[3253],[3253],1,1,True,1.7763568394002505e-15
09f87e89c133f828aa313f2ceb1e86af7ba948f913a17b51a60c2327bcb02889,[3254],[3254],1,1,True,1.7763568394002505e-15
53b86afca027ea94f1fcc8a2cc9e3014953164b5a61d546ccdac99d5b3305464,[3255],[3255],1,1,True,7.105427357601002e-15
00ea1dec942e51951e7f433dc08af88ee637a9833507cf793d694ebabcd38718,[3256],[3256],1,1,True,0.0
d1022ab63555761bb408f62edd574711e8ddddc663421c3ede20438f58df8438,[3257],[3257],1,1,True,7.105427357601002e-15
f083151918bf68df2a9d5ee9fd8caac6ff7efee6eb1f58996e8d3d35cfb7e9b1,[3258],[3258],1,1,True,0.0
f39e916cc1c800facc1c5df3bb550caa6b545ce992a9eaf1ccb9726849db1cad,[3259],[3259],1,1,True,3.552713678800501e-15
45172cae12b27d51b18c336f44eb5ba9b00641cba80802c083d9a24dc6ba19ab,[3260],[3260],1,1,True,1.7763568394002505e-15
08c8eb6984cfd5244bf245965276ba19dc2c674b8398b74f97aaa523b86e6af5,[3261],[3261],1,1,True,3.552713678800501e-15
36d02b3a4380f4f2e39da7f3b4bbe18ef7562c0c28aa5480ceb4d134e4ef1b4c,[3262],[3262],1,1,True,4.440892098500626e-16
8b942c619ec340057fd7710744a49fb332af3d5450f60636a86e9397e747a25f,[3263],[3263],1,1,True,1.7763568394002505e-15
fdecf3e7fbc59d0c6119ab758a980cdf5c6e8c32766ce2cff0d09e9c696eb688,[3264],[3264],1,1,True,4.440892098500626e-16
f2838d9fef1f93285013878b2312336efc7d2494cc44defb16ec334c385b427c,[3265],[3265],1,1,True,2.220446049250313e-16
e5362b04b942b0a63c9aa7605d7ae39878d2303927644beb1d20556cd3406f74,[3266],[3266],1,1,True,0.0
28a626feb7ae29d768cfc7799828022d07e938e8982ba57cf6ddb8fc0422f2a5,[3267],[3267],1,1,True,4.440892098500626e-16
0e39679912e38347ded7d1ada938fe83b8f5c658dc6a84ef35138f7c04f0e9f1,[3268],[3268],1,1,True,0.0
676cb760f6586784f2a7b8c0e450e7ba1154df5a74b047c06514ebdde0a6842d,[3269],[3269],1,1,True,1.7763568394002505e-15
4e72adf9a4950ac144afa53a6f9d773899d7e13e99e81ff3594745c369a4d557,[3270],[3270],1,1,True,4.440892098500626e-16
d10e3afca3f760587b0758f6e8d8a565e26e95868aad0f399dab927b4948ac22,[3271],[3271],1,1,True,0.0
aa86acd051a5bd9d42efef78a574e19cc66c8a527a8a2e0f24f113f3e5645abb,[3272],[3272],1,1,True,0.0
4cde97711d8a1b0edcd4125a54023bcaa7eef3692e5d6fc220876faa4df47f27,[3273],[3273],1,1,True,1.7763568394002505e-15
be68a7e84ce5fbb9c066c07677d554da294edd993167d4ac91e6a1cf43571f32,[3274],[3274],1,1,True,1.7763568394002505e-15
cd9cf24135a6dea2e13e11fc80179a9fab6efe73c4f9b6598e1041624c0f9d7b,[3275],[3275],1,1,True,4.440892098500626e-16
abf0c73dbac3c51044e2fd494914c2a8d008272bc3988fed7699c320d098975f,[3276],[3276],1,1,True,0.0
a5fdc3c8a38cf2f13d35f1c9afaee9aa4cb4441b428de4f7cfa99163ce9fab25,[3277],[3277],1,1,True,7.105427357601002e-15
6f99bf5c28aa38c48c5a325ce343e9f237e8c3e4e7221c7051f5d2d964476db5,[3278],[3278],1,1,True,3.552713678800501e-15
f1ab14ae9c5133bc4c2fc1601beac9b2414adfbeeb1ef918459b9e6c950ac098,[3279],[3279],1,1,True,0.0
255e4ac7d9f8c6d0ad196384562154082228854d21fb62c4c5ccf3b809f42feb,[3280],[3280],1,1,True,3.552713678800501e-15
2497575e0e07283fda54af2ab464ad294485c091136932cfd9120c0c0770b847,[3281],[3281],1,1,True,1.7763568394002505e-15
4122dbb8279b69e5b64fdafe5e229210a91c17c3c707bbdadc79cf3342192f47,[3282],[3282],1,1,True,1.7763568394002505e-15
cac8aba2165a365e3e472b89482a1d10227ee1e07bcc20a75e60e47421a5f25f,[3283],[3283],1,1,True,0.0
73ee5dc95b8b0b262c5c44b5c1cdd86d6a4158e4624bb1daacc1b05c6eee54a4,[3284],[3284],1,1,True,3.552713678800501e-15
3752755e630ac43437231e77f25bf554adbce9fc13b28a3ffd7ba97019fa1134,[3285],[3285],1,1,True,3.552713678800501e-15
80e6093d5bd49467b4918a6ca5f122fcfb0ab4d2e752924cc42ab4b920f85141,[3286],[3286],1,1,True,3.552713678800501e-15
3f8679366bf0cfa5fa9b8d706f002e5015bca4628e226558b2696d3a72204d31,[3287],[3287],1,1,True,3.552713678800501e-15
038106ffefce654d3ede57320cced7bb80074be8e8a9734331e28471c833ad74,[3288],[3288],1,1,True,3.552713678800501e-15
0af68ba975053d9d7d9820043ba6246a559eba4907c36455c597fd9709d82e59,[3289],[3289],1,1,True,3.552713678800501e-15
ffb0f97d275bd47a6a99cc4c4af3d097892f887158c8434cd8ba45ea104bfc72,[3290],[3290],1,1,True,1.7763568394002505e-15
206560ececcbfc61a51547da610344d8b2d353befad6d382f8612e0619aca30c,[3291],[3291],1,1,True,3.552713678800501e-15
3a60b41aba8881624d92c50c166c413f792425f30731acf304e17f5fc8d8f1d8,[3292],[3292],1,1,True,0.0
1d7d9a502617af690e3048219f84daca2cfd3f793c820bacab23b4032a59d29e,[3293],[3293],1,1,True,7.105427357601002e-15
7ddbc5305e080276f5356b730da81283ab3c5c01bb8fb21b463b6c10de559b7b,[3294],[3294],1,1,True,3.552713678800501e-15
3fc1f639edb981c3e8c01530f700dca9502434277b4078bd1d25c7441af3235f,[3295],[3295],1,1,True,7.105427357601002e-15
a213f32f14437f1eaa29e4059e6ce8743d610fe73a3664fa337752eb179932c4,[3296],[3296],1,1,True,0.0
033bd2d26b699d9556ecf8f43d628fcbaddf90a2f5bdd4a5c85487b9a047a5e2,[3297],[3297],1,1,True,0.0
5690b08894d550cb9ff5a7ec10c79f73e2a8b1e13d279cc2c678203ea3bdc641,[3298],[3298],1,1,True,1.7763568394002505e-15
16765747c0b3b6671ed73e8407f01ba99dfb605a900e59c5799dc4dd831d49ab,[3299],[3299],1,1,True,0.0
71a12969d5475b988866b87253a95cd1384e5b4c854835b68919a4d3287666fa,[3300],[3300],1,1,True,0.0
3d419840b406295f7d1208b2c1dacccf3dbf03bfa09ffa0a691461b19b0bfe89,[3301],[3301],1,1,True,1.7763568394002505e-15
40e438766c81db8ff8e3670e8beba94cf854945e3cfa6eb91e71c79bd82972fb,[3302],[3302],1,1,True,1.7763568394002505e-15
7fcceafc2208471501fdea3ff108e56d63bc509e64b13df44b837970e263d48c,[3303],[3303],1,1,True,3.552713678800501e-15
9577c1d94d545ce550c6c67feddc6d5d749bad770fa1782f331cdbeda436ad74,[3304],[3304],1,1,True,3.552713678800501e-15
5ac7743db24d4a4b4fb10dd99f209a5a2300f473aa166607112d1cb8f7babfc0,[3305],[3305],1,1,True,3.552713678800501e-15
0a75dc016195f1c4f651cd69006ce9fec11d710f9649c70d77dab1117ab8d450,[3306],[3306],1,1,True,3.552713678800501e-15
f6228117898c2acadf2d40420cefb6bd88f95953012b48a820ae8f62dc1c1995,[3307],[3307],1,1,True,3.552713678800501e-15
f940facd17fdb8c2b444f082c99dde3082e948fee8e1c5a39267ee1bc406ba42,[3308],[3308],1,1,True,3.552713678800501e-15
06cb5b0ebe66e48f6957fbbba8b1d16f33bbddf25df9f61909bd30dd278462a3,[3309],[3309],1,1,True,3.552713678800501e-15
5f63011e5f985639ec3ccfd5ca0462ed84fb2a6f3018af27bf068611fc0f7b5a,[3310],[3310],1,1,True,0.0
14e91b48ddc2674d13d893430a2696b9efc53d63eff317fe62a1dfc9634e7b7a,[3311],[3311],1,1,True,3.552713678800501e-15
d026459d5e3413c1fe00c491e4c9e4afba61a630d1df7b43ff6441183bc7a28e,[3312],[3312],1,1,True,0.0
ca5894deb37129c2af6625fff6e381358294ce42833c33e1f186a3a214da283b,[3313],[3313],1,1,True,7.105427357601002e-15
965319a0bffc9111ab5b30cc5a7545805635d84cb564a88dcb0aa24fc766cd50,[3314],[3314],1,1,True,7.105427357601002e-15
d3ac72cdc7267b4c38a9a24106936cfc0bb855c9ae3f61e01dffbbdee118c874,[3315],[3315],1,1,True,7.105427357601002e-15
5812f111320157f6eeb1015a8d3b2fbeb63667e544411c4dafbad8720a0caed5,[3316],[3316],1,1,True,0.0
53b40ac89976e68a903516c6142167587748487b0a2e1a5111301d8e297ee3b8,[3317],[3317],1,1,True,0.0
598ccbec2a6958c42897e61082532448485381a2a4a38342ba04cd68a89bd481,[3318],[3318],1,1,True,7.105427357601002e-15
0e1034b734d63e4454d216a70e47d2dda40c90e808d877c55c896b9b745d7bdb,[3319],[3319],1,1,True,3.552713678800501e-15
1ef5251b70d4ce9fe8ad9ab071592a0998a59942afb8d20962992aef048d2caf,[3320],[3320],1,1,True,1.7763568394002505e-15
bcf5921e196cccd76021a68ac0ff1205dd4a5ebb678b7c30e5f5fdcd41e541a9,[3321],[3321],1,1,True,1.7763568394002505e-15
d7e30ff31c9a367e01ff38b0289e03d6f0f7fea7216dfe32e5dd09f7b2d9d30b,[3322],[3322],1,1,True,0.0
0ebc215fedd51d7bad1bd38dd424a2495d03929cd45b8e1b444e1c1f6ba627d1,[3323],[3323],1,1,True,1.7763568394002505e-15
b6049b763eb17f69c3ff12a0e2f39b64455c2619883762fff28645fb356600d1,[3324],[3324],1,1,True,3.552713678800501e-15
3e9837451875b1785dedbc0d45765c0494f352de14d488b9df42349324603f57,[3325],[3325],1,1,True,0.0
67adf0a95bdf65d015f1d2d387b465ee0a03e573174d3c3ce16fb3e7e72851ed,[3326],[3326],1,1,True,0.0
425708547e52c892cf95680751fbfd0654a410ae7e94ed97df099b1b004d0ec1,[3327],[3327],1,1,True,1.7763568394002505e-15
a162395882e8acf417f7d3ea4a29cca777360357315ac72782f1d9cffca9c189,[3328],[3328],1,1,True,1.7763568394002505e-15
6ea7f70feefdb1d042f89fdd3d537388b796a72241f5f95de4c5f2d3e3841fd8,[3329],[3329],1,1,True,1.7763568394002505e-15
8bb89c75d11e227ea36471cbb417bca48e15a062ab7e6b7cf0b55a27525cc407,[3330],[3330],1,1,True,0.0
b08ed9461110de56608de51696e3efbf7108252e0ebeddf02b7259356a950be6,[3331],[3331],1,1,True,8.881784197001252e-16
324af779ad108b3a87b444250bc5d3e08cf4ba6f7d9bb30e324222f4db0b2320,[3332],[3332],1,1,True,0.0
530c72427746d826ae98080b38a3c95263571b25552f403140e8fc4f268648cd,[3333],[3333],1,1,True,4.440892098500626e-16
30d6d9d01e3bfd50beaefcbbd4ef8c5d937f9ac94623f929a0e0e6b438a4f16d,[3334],[3334],1,1,True,0.0
637e4598bcf7acb6d69729680bf966bf3566c4cd4424dc81b70b06577f6fb47a,[3335],[3335],1,1,True,2.220446049250313e-16
46a45afd0b9405c6357b6ffa3a8f71f276a31bd26491b3c5e49de4ba76cacb8a,[3336],[3336],1,1,True,0.0
1f3a806f9f7e06d33265a0b92f7a592a65d0fb6771f26185f32259001fda09d7,[3337],[3337],1,1,True,0.0
5e8f07f073fedb8253a50cdbeb46847b2778400e6ee192c273f08cf241a8bb34,[3338],[3338],1,1,True,2.220446049250313e-16
67b9b2b09fd00a48a2eed5394784881837f139d81b6e0817e5b47dbc685205d3,[3339],[3339],1,1,True,2.220446049250313e-16
376568954b8a6acfc8a2e39012c8efce23bcde423faa8bafd727db1eda854fdf,[3340],[3340],1,1,True,2.220446049250313e-16
12d287f3215a4a452216bf533cf029527ef5f1680d772664c46b0d5aa3988cdd,[3341],[3341],1,1,True,7.105427357601002e-15
182cc42207ed871c79c0bd4d8db1d7602108b913c1b94c2bebb9df695dc1ffc4,[3342],[3342],1,1,True,0.0
2499b43b5cc3125f7034c4b61d6ed74ac48ea9c5aa301653a844640d512c12ff,[3343],[3343],1,1,True,7.105427357601002e-15
c3349e202144e7ced7a186b7e5c86a98cac8dc1e32dbd2180fcaf08126a9557d,[3344],[3344],1,1,True,0.0
ab6b67152c82dbfdbb1a41c86d861b726d833327fb5d2107cf27f914aed20183,[3345],[3345],1,1,True,7.105427357601002e-15
8cf36a96441e06ddbbd02a58dc78f0bb739d7bc008a83421ef68eb96b339e723,[3346],[3346],1,1,True,0.0
b28f798a14f672cc30180de44ef26d8d919c0989aebbc66bb0729bbb02316afc,[3347],[3347],1,1,True,3.552713678800501e-15
45de984f84a2b7eb1e7dc966545147eeb9b6a7486207f8cf3fa073fb25a47a48,[3348],[3348],1,1,True,1.7763568394002505e-15
996aae3ab3ccacec83fb7dd1fadcdfcd65ccc93d384a6775828779f1f69b9cea,[3349],[3349],1,1,True,0.0
091572e331454d518c6a7c4fd8b2abb8ef2861792eac938c895398faac69d44d,[3350],[3350],1,1,True,7.105427357601002e-15
08f1e8fb66f2a95674502206fadf6e01523b96231325befc6ac4696537adea32,[3351],[3351],1,1,True,0.0
129281005865d904d71d403fda972abb37004e3f079cc40a72abf178b67d31cb,[3352],[3352],1,1,True,0.0
0494d85837756ba2366d0e77a0ae9247c51bc9bb33584c5271d9115522248094,[3353],[3353],1,1,True,1.7763568394002505e-15
82c742002cc068f84661331d0b74ac8c45dc45a405d6630a22b438431157b21a,[3354],[3354],1,1,True,0.0
b5c7c820a58467061ea7bfcb9a327235980182b707947add98cf31bed42af9cd,[3355],[3355],1,1,True,1.7763568394002505e-15
d311d4faf916fbbbec87b61449a2be909b7d760fe27dda704abb42c7a5c70c6a,[3356],[3356],1,1,True,0.0
39d8eca9b1a7c003819c5bfbd6d8f142bb253735beb8f30f78b07e4e0a98bcab,[3357],[3357],1,1,True,1.7763568394002505e-15
116ffc9d32378ccfc383060346163c10e961b9b51a6316bae42f850eae0bf023,[3358],[3358],1,1,True,7.105427357601002e-15
efda2bec041893f540625d2a470a9f66e5590655a8d7a25f12a7eb7bc5d2399c,[3359],[3359],1,1,True,1.7763568394002505e-15
d03069bbf8bbf3b8651624e9f960be63cba45d16aaf1d61aa7bb95ab27768c3e,[3360],[3360],1,1,True,0.0
dd72c19e0ff8623cd162d4413869db5614a0ca268db0d44ff11e7ad02504cb78,[3361],[3361],1,1,True,3.552713678800501e-15
98ae0987d6546da5b0af90897f6e485152e525bb61a5dd9fdc1cdbb6fbf9acb4,[3362],[3362],1,1,True,3.552713678800501e-15
ff915fa2224fb67361fbf502009f1cc6754aff0810b456b920defd4c571c2e08,[3363],[3363],1,1,True,7.105427357601002e-15
f4283353177ff5bfda573828dc60717c8f32e6318ecbccd393ef0d9b8e7aebb1,[3364],[3364],1,1,True,0.0
c28676a9022117610f3caa318815064f9ba8fede3bf13a2afd9277a5a1a38b6f,[3365],[3365],1,1,True,7.105427357601002e-15
dfb89b3e9c3e308b7eb738178ca4cda5536909fce87abe29cd0cab138b758580,[3366],[3366],1,1,True,7.105427357601002e-15
516c92579b273ecb0787d025275d9774f85941f5998782d4f55cdda8b1e86947,[3367],[3367],1,1,True,0.0
1c4f27b32febedccd6747e2f590358e1f0c043c2d3b94e5fde15c29312f72c62,[3368],[3368],1,1,True,3.552713678800501e-15
041e59a27609a9d450f7e594f7285f5a64ec42f5e277a5450a6f7e56e9165f7d,[3369],[3369],1,1,True,0.0
d9d6ac733bd63d9c67d53f0f2fbb707cc5589676e26151245aade270644e0e50,[3370],[3370],1,1,True,4.440892098500626e-16
2852a4cbb4b71d5ce65fc018b16e162312ff45fbbd398d8dfe3837b595c0ae8e,[3371],[3371],1,1,True,2.220446049250313e-16
a7342ec52c38a087283a503458b5ca7891a6db041dd0ada6844487303d475042,[3372],[3372],1,1,True,0.0
97713ec95cd387053bb56ee34561903f29dcb1af5f21b2e30e1e6bf930466868,[3373],[3373],1,1,True,7.105427357601002e-15
066798e69003db95ad1e18d2f6ef2f3ebf88e2bfd5d08e8d46f6dc5737730fe4,[3374],[3374],1,1,True,3.552713678800501e-15
0b90004418ace9948f384748371d40041fba1b52fbf7fc7ba7c69783017712ef,[3375],[3375],1,1,True,0.0
ff1f9c2012aae1a65494ef9b0d158b551e0b17b758d1e3a10dd23e79cd121950,[3376],[3376],1,1,True,1.7763568394002505e-15
7ff1affe7a87176f1398fb8cb8a2b21d3f499523805eefaa830081c09ce17e9b,[3377],[3377],1,1,True,7.105427357601002e-15
caca15ba9e401a9e40d7cb2d005f52b9fec59baae53f035877a814f0ff554ede,[3378],[3378],1,1,True,0.0
b72a23d08ae1d5dfde9b7d9858cacca35ec7fe99776ee14bd0964fb748bb8be7,[3379],[3379],1,1,True,1.7763568394002505e-15
9942a99644ccc3e50ed319f23a8b09826831bc51aa26295e7aa1c1807e76398e,[3380],[3380],1,1,True,0.0
6f6d63a5349e134d56e90d5993faf2737d1e499ab8191de14564803c0e8981f3,[3381],[3381],1,1,True,7.105427357601002e-15
2348f5442f506af46b948855b28c5cc59d34232cd8bbe11b1eb4a40e92761e3a,[3382],[3382],1,1,True,7.105427357601002e-15
cd53e50741996a553ec3bcd5107abe1d88b0f88b00d5eb3d22107ea6936ae684,[3383],[3383],1,1,True,7.105427357601002e-15
7ae2a31a802401efb5987f18cd1925cd2ae2b38bd4092f61e82f7aed820d4b9c,[3384],[3384],1,1,True,0.0
5433419d29d95f6821b4024f3c3db98ef8d2ee028d9d1330b7a6c11b7e47e575,[3385],[3385],1,1,True,7.105427357601002e-15
979d7faea7410d1c865a3095897d0a86cb34670bcb46072664bd508bf44b46ae,[3386],[3386],1,1,True,7.105427357601002e-15
2be0c46db83594d56255a420562dc0fed438e5335c5163824d2c29add16d24bb,[3387],[3387],1,1,True,1.7763568394002505e-15
80490595ef10538c9ef3227f5ff5f22f52a7c1d4513dc190dd9035601ac3b6d1,[3388],[3388],1,1,True,3.552713678800501e-15
f98f929f1f1b55cd55d53635ed3f085ffd755013828e79ad297a07104df3720f,[3389],[3389],1,1,True,3.552713678800501e-15
393b04677227fe7a97eae61a1c2ea34a1436180f2bd313b5bc563dc9b25aedf9,[3390],[3390],1,1,True,3.552713678800501e-15
ec4386acec30bd7a7e86c06bc306871b312aff4c471458ec713c024d93abf3b6,[3391],[3391],1,1,True,2.220446049250313e-16
388594945d614e63513238e01ca4e3941d550c45485d508dfe5675e2e4204902,[3392],[3392],1,1,True,4.440892098500626e-16
5ad49e827534623d07a2649527c6f00aa72ed4755336f3925ec3b01fa7e8b784,[3393],[3393],1,1,True,5.551115123125783e-17
d5318d2b37224d1f30c06b6a5d06eb663ad82a65f7ca23ac344836bb14afa871,[3394],[3394],1,1,True,7.105427357601002e-15
136518db568c73d0b913b76556932d0fbc05fc00b0b4510c855f873cfd65748e,[3395],[3395],1,1,True,0.0
c09ef9c97e5d1d4b86a3af74026326b874fea38921e1af3c145273f4713c2d6e,[3396],[3396],1,1,True,0.0
94f159328e1cde8252e22f6515c2052c11b8ee96fa34f6bd5992b8d18ea3851e,[3397],[3397],1,1,True,1.7763568394002505e-15
c66e03c30c99c8efdf3c8538455d21c21805b654a001853352030498b7eda675,[3398],[3398],1,1,True,1.7763568394002505e-15
0b51027fe55e4a4e604634077b3815b92e61cdd17f1144eb33d10cb59d973dc3,[3399],[3399],1,1,True,4.440892098500626e-16
7e934baf2dbf350a888ef6a87547aa5584abb41e47e9462fdafd888449e6e6d3,[3400],[3400],1,1,True,4.440892098500626e-16
7b5178975986b3555ce9237e8e49bb21f5fc8851024f308a3ff5c8fee845f8bb,[3401],[3401],1,1,True,0.0
e59b3dac76b1daa7c7c532232ccdfb5a2d2a60585fb3e1ef79dd4be52f089d5e,[3402],[3402],1,1,True,1.7763568394002505e-15
eb0ee8b97f408edad58bce0f884ac6ab2dc7fd2e74f5630a81c346b452de1b8d,[3403],[3403],1,1,True,4.440892098500626e-16
3a59a4248752f6dc123ca7407e8f1c7e32db413552fdbbaf5f88add3d439781a,[3404],[3404],1,1,True,0.0
db8b36c7904702fc0b8855a083930e5fcfb989afc518286585ff4c9755573ad7,[3405],[3405],1,1,True,3.552713678800501e-15
ceb8b910935b74bda5c0830f12d8bb4b4b8b213bafa2e5291940c30398652b6e,[3406],[3406],1,1,True,0.0
3e7acd97a076b022598a6fb8c0dbad9c2857c62bba359fe363a1c7333c272353,[3407],[3407],1,1,True,4.440892098500626e-16
7f801199e520645bab12ac4d8af386cf43c6695af8d852afdc66932a66c62aee,[3408],[3408],1,1,True,8.881784197001252e-16
bdcc0c2748d3c9a08ffa15d86b76fb83eac72c20a228d69e32b0db3de9c63065,[3409],[3409],1,1,True,0.0
40cb9280c4195866d9c2f9dcdec435707cd4afdc335a529a3feb3ee8995317f6,[3410],[3410],1,1,True,3.552713678800501e-15
4680a803d9091e0d3d78c6645f7614a041cbf4c0795b791124a947a27d81cef8,[3411],[3411],1,1,True,2.220446049250313e-16
61a8653d3118644eff5dee9593ddac42c4b2c83742a6856e5469e5be623a9d94,[3412],[3412],1,1,True,0.0
b49afd4159e5fd0baccf4320d25eb02155cbf7bbbb09274f4ce54986421ac7eb,[3413],[3413],1,1,True,2.220446049250313e-16
49660009b8076cc1229a89647d72ad1750dd9e1d28d0a2e548228899c9fb4a86,[3414],[3414],1,1,True,4.440892098500626e-16
1f8f8ea4eac6935cdab67bf2527ef331dba0f72663b38d91cba0bce31beb6ee6,[3415],[3415],1,1,True,7.105427357601002e-15
8151734e48c8e6434a1b330bfc0473ea6f05cc82a0c336b0c8625c4163b9aa59,[3416],[3416],1,1,True,0.0
4262694ebb5405cd203848df70b464d9d9bb2fee8b8451be1375ce3c93aef7ab,[3417],[3417],1,1,True,3.552713678800501e-15
65ab34352671a3692d6e2c5ef17e764504f64263f248e5cf8a58e91349117596,[3418],[3418],1,1,True,1.7763568394002505e-15
154b627c943191795d31252552a0a1c8d78bc2a4a15c27f7f98fa08916e55f43,[3419],[3419],1,1,True,3.552713678800501e-15
58bdbbca8359b3fc3d2fdb31d20e4542784731e56d477be20c52b6a5f86b595d,[3420],[3420],1,1,True,0.0
ec8e1cfe697a614c4ada4cb5771b1e6519bf80c3694886e0265b35d3bc9851b4,[3421],[3421],1,1,True,0.0
7aff02c6ec2f114527b0530a8c7e4ec7d2bbaa0cc6d3f5de92a5fd2c61597394,[3422],[3422],1,1,True,3.552713678800501e-15
cd438fd993f500ad14816ee69480c02b6db64d59e1ce27fabcb05e685ec54c9e,[3423],[3423],1,1,True,4.440892098500626e-16
d5f93aa4fc68db231eb6f0589d86a2992bab58e6ae4fffeea1c9b18c849f73f5,[3424],[3424],1,1,True,0.0
c3400cc46e6f8f09a253006adc5a33698d34169fe13db1ab84ff499426cd41d2,[3425],[3425],1,1,True,1.7763568394002505e-15
89363858279d59b1221480c5edbb7692eaa5a03a76abc7a6d9f8659ed2fd0471,[3426],[3426],1,1,True,0.0
d8e7e19e608bb97e6753ad3f4052052fa88387b91176abd08546dc1847b8fed6,[3427],[3427],1,1,True,3.552713678800501e-15
74443a02d54aab01c916ddaec4a3515dd0aee38d6bfc89d37d087a5fdee40393,[3428],[3428],1,1,True,7.105427357601002e-15
cbf62935013df224224a2d283dd40796ec19a934ffcb7dfa0d67fd6f1270e557,[3429],[3429],1,1,True,1.7763568394002505e-15
f8de48ad0e37a8e0cdf3b51cc6223091516637013a842fd73ff342b10ea7b065,[3430],[3430],1,1,True,0.0
05c93f955f8c1d7e0f4c1adbef81d11d986bf46255699b6612c272547629f077,[3431],[3431],1,1,True,1.7763568394002505e-15
630574d769713c968074ee19d008c9e5f6dee25f11fc7813d638c41f9704f596,[3432],[3432],1,1,True,1.7763568394002505e-15
59e3ec15d6b1ec4091090eafd09a2762ea1a49d223560ba88e8a571f89ead288,[3433],[3433],1,1,True,1.7763568394002505e-15
657a60812c9907f41e05b44ea84fe88ee4cda38109fdc28b85e40cee501c58df,[3434],[3434],1,1,True,3.552713678800501e-15
e116ba97555f0cdd2afa5d95becb11e4092b4d6f7eef6da30cfe0042724a0a33,[3435],[3435],1,1,True,1.7763568394002505e-15
d167cdc6724ce2670975c3126eae4f6e72db53a786b69d93a018fa86f694e333,[3436],[3436],1,1,True,0.0
98f42021ab2327c2e807b07b1bb2a8d491178f73d7c63ec13b95eb8f91e5303e,[3437],[3437],1,1,True,0.0
5deff4cd95a6ba2682bfe0fbb414822c5ee745f8633cc9aa78d2f0d4bcc12ed9,[3438],[3438],1,1,True,1.7763568394002505e-15
cd8559c5eb79c9148e29fd7f040991d91401bf22514121d3516bbb1bb0edfcc6,[3439],[3439],1,1,True,3.552713678800501e-15
62b079294fac57c09c9e12c4124cf07276799e52b7cf323a25f252c24ed23d74,[3440],[3440],1,1,True,3.552713678800501e-15
71f0193b54fdad597acd6ee24bc5bfcd21f73b0d7dd0925e19b4c9b858c7fef8,[3441],[3441],1,1,True,8.881784197001252e-16
88fd851829f30270f696003ea72d5c095b294a0e0729bc5e4f038d5fe304d2a8,[3442],[3442],1,1,True,1.7763568394002505e-15
e44e22e82a29ff6704c05af9cede1ddaeb43bf45fcf5974ed3c6442f27091289,[3443],[3443],1,1,True,3.552713678800501e-15
98f0dc71aaad869f59db400911409cade0a568ab1b23809dfebaed4231fc9bc9,[3444],[3444],1,1,True,2.220446049250313e-16
bdd51767b3ae7ba47cee434b852c726aa223ffc062bb3d98f0a299fa48e3e218,[3445],[3445],1,1,True,3.552713678800501e-15
486e0427df4f5ace7441dc649b0fa9be74e44e71da582d3bc7491c24c3b19bc3,[3446],[3446],1,1,True,0.0
85bd419fe9232a355046ba950f712fd387525f54e5614672cd86cfd498e74050,[3447],[3447],1,1,True,3.552713678800501e-15
c6af552050cad8729f07d74604a9bccc481b52d0b997ed89ba52fe5a7a68ad26,[3448],[3448],1,1,True,0.0
8312e927ff105b45564352c21b745a7d950162629385ebecab1e5b5628f57b08,[3449],[3449],1,1,True,3.552713678800501e-15
b260978cd72855404520dc54fba7cdbd57ef4e445384eec7e229896f1027251f,[3450],[3450],1,1,True,0.0
db64b4cd29477430b28f32eef88b1c27c169fa58fd2cc0fdade25f9060a914d2,[3451],[3451],1,1,True,7.105427357601002e-15
d48bc9e5b867ebdd850eb0bb1578f4ae5fcf36dda734d4544772d678abe1f85e,[3452],[3452],1,1,True,0.0
c8c294846754459af9a92605811edea6822a6825ea152408690571ad3d2d23df,[3453],[3453],1,1,True,0.0
71471d4aa5d87284253e2ba9038feccdc9b17be162ace2534a5e67437bfaedb5,[3454],[3454],1,1,True,0.0
af610044b070d29d72b92def7a402bf58f0e05554352b2653a20d3c1ee79de6b,[3455],[3455],1,1,True,1.1102230246251565e-16
fc240ea178c6b904a5a581815ffd5ddfc0eddd3b4e7798a0eb172309f810b9dd,[3456],[3456],1,1,True,8.881784197001252e-16
0e81cd361ef349fd29a1d3a81e6a28f9dd5be7a7fe1fded099d1152803508677,[3457],[3457],1,1,True,1.7763568394002505e-15
f5591317f6da0a3b959c6ce3dcc1fc6aacd56058ae2a0d4f8f9a3f614d3f2122,[3458],[3458],1,1,True,3.552713678800501e-15
8fc8e5efd972825a6d322cf186d36c76b2a779be565e98ee80097a5834499971,[3459],[3459],1,1,True,0.0
1e1555b908f78928c2d3c412308b0d3ccda0386495e217d10c09e5250b532042,[3460],[3460],1,1,True,0.0
ac7bb40c026b01528621c1992497b403aeef6c0ff62c821f6771641f7032e572,[3461],[3461],1,1,True,3.552713678800501e-15
3fac4bbff72dcbbd95c4f96a0bdbfd5024f1f5f44388f9f3b68d65c941327e26,[3462],[3462],1,1,True,3.552713678800501e-15
f017713e1c124021010afc612a1878b2550a74ff7041d8862bdea8c09287809f,[3463],[3463],1,1,True,1.7763568394002505e-15
c144acd9a1c15347e9e74ff6f9ae5ca30418352ca06788b68c770da1b38adf10,[3464],[3464],1,1,True,1.7763568394002505e-15
0dbe971720d8d9bc0d6be2aff331705fc5600be1b31511a5d6bd0b69460e0953,[3465],[3465],1,1,True,1.7763568394002505e-15
9bdbe5eeae961769e17982cdf95b5d65b8ce31736e7a8c36587141a9d9ced2ef,[3466],[3466],1,1,True,7.105427357601002e-15
15a424ca0d99aaaa7c731580145128f8901fb2164b4f77f07084ef9969d5389c,[3467],[3467],1,1,True,1.7763568394002505e-15
d666ca881233ae045a5d3ac6210fe154d137f79a0475ddb6ebecf857dcd89232,[3468],[3468],1,1,True,7.105427357601002e-15
ff66870e17cd77461e1f4e2ba4e69c796a930f3bec1b8dfe0963806245a56f6c,[3469],[3469],1,1,True,2.7755575615628914e-17
4aa41536b7cff6ea4f1ecf704961ebe41a7a552ff5f1fe3ba497222bdf92a6f2,[3470],[3470],1,1,True,3.552713678800501e-15
d876869d1777b51bf74e1c3801d23707e2a15a7e68e85cd629770332a975ff86,[3471],[3471],1,1,True,5.551115123125783e-17
8979e37240f0b6923ecaebd04685b4f91fcade5ccade217fc6fed4032580ab02,[3472],[3472],1,1,True,3.552713678800501e-15
8702044b85abff09ea7a41bdf0cb9ff47db8891d85db19ca04828ea8b46216cb,[3473],[3473],1,1,True,1.7763568394002505e-15
10c84b64cdcf9598eae00bc6f5437a3c16274b953ffabcfc1f5f790e4536d626,[3474],[3474],1,1,True,3.552713678800501e-15
63f7814c9524b520d041ef3ee0ee76295bfe286a99f5241e01a7509029a94484,[3475],[3475],1,1,True,7.105427357601002e-15
d97f91a9b94a0c6dda9843236956954397e857208afeae17fc940396af40bade,[3476],[3476],1,1,True,1.7763568394002505e-15
30b484ba0cbf276dbbb1bd85eb7671c7dbb6b683b09069f565a7c63478364e30,[3477],[3477],1,1,True,0.0
555a25220ac85c34b19dda45fc2d9e04acc38d12f5a332cd247a2dc1e449a922,[3478],[3478],1,1,True,3.552713678800501e-15
c20fbf30f523dc1d9cc66b90ba540b93ecda2c01152b889273603293768e3d88,[3479],[3479],1,1,True,7.105427357601002e-15
ce036753b2a55099bb008292a87bedf815de62bf3aa784ba7da15e5b1c2878aa,[3480],[3480],1,1,True,3.552713678800501e-15
850e2b3c215dab915236b106b4ca0bf44599e37df20594f27712d84dcda54c62,[3481],[3481],1,1,True,0.0
00cc0ae0861623cee68c42fdabf06e62b6a492f6bb4ae7896806573d4cdebf99,[3482],[3482],1,1,True,0.0
7f42ceff23958481c0ad0672187b4d17a0a509dd5a43cdfa969b49211e5f179e,[3483],[3483],1,1,True,3.552713678800501e-15
e76fc17fc27a941a358e33cd5bb5b0531714959b87fb1e6b2468b635d969b5e6,[3484],[3484],1,1,True,3.552713678800501e-15
4b550e688fc5bab442ee547bbd5c5500e1f40da49d8abcbc14bcfff4a2b55333,[3485],[3485],1,1,True,0.0
a982032c95af7216536b39c5967b32a99c9144df09ddf514f71a5f4827b6f58c,[3486],[3486],1,1,True,3.552713678800501e-15
3760d6236d33c121051699faf05fee768e6abd4313341f9fd8f9b69986b41594,[3487],[3487],1,1,True,7.105427357601002e-15
7aa40dea3bbdf2c485a0f7a487dc013ce4e8d9a15749677f29b8680fe963fac4,[3488],[3488],1,1,True,0.0
193e367341d41b48390dbacaf9e8170f8c284017c2df6278f616f6d76799cb06,[3489],[3489],1,1,True,3.552713678800501e-15
d32f50ae9ca56c41cb4aa7f4d2e84329026ecc6598c10414a128cf3375d2f0af,[3490],[3490],1,1,True,3.552713678800501e-15
b21b1c877f70caddf01243ad0d9f41d3694bfe6337cc0d8f4aa0adb420b9c3a4,[3491],[3491],1,1,True,3.552713678800501e-15
7e9e6ccd8916a0942c7b4ec61c94afbc744f7229b43b99d46753962d7861a378,[3492],[3492],1,1,True,1.7763568394002505e-15
6e0214912789d13b359046b7f85292b2260c6aca87b498def1f383e78e9c6afb,[3493],[3493],1,1,True,8.881784197001252e-16
05c93ad5bc5039cb5cf1c6d4e7903a3b18f51e9005bdabb68f8a19220396a6a1,[3494],[3494],1,1,True,3.552713678800501e-15
9e8036012b58c7698f4bd247c3c2b7920499d73eb461d7fce872dbc7153d7cad,[3495],[3495],1,1,True,7.105427357601002e-15
d3dc2124848d78119fc8bba5b7598da4cd4334c222e489626c7e6458704c7b94,[3496],[3496],1,1,True,0.0
33e34721abee08204fd4fa8f5b1cfe7a15a8fe958acb3dfeebf6411bed622ab3,[3497],[3497],1,1,True,3.552713678800501e-15
414431cc0e64690d4b1657fbfa81857236e099cc37fccc1017f27bada6e64aa7,[3498],[3498],1,1,True,3.552713678800501e-15
3f022c7b10a724648990da2c500e91496f38cc548de00d9346bf61fc904d2080,[3499],[3499],1,1,True,1.7763568394002505e-15
abd4604d57b0ec6f3412f2ae06a5d7f71b405a21564fbfdbe5e9d024124895cf,[3500],[3500],1,1,True,3.552713678800501e-15
20a7a12c062380b8829b927c4d10bc69c8e8eb6083371a3d5dd54f88d5e9a9d0,[3501],[3501],1,1,True,1.7763568394002505e-15
9e3dc27e3efa50ea862fca0dd3656963b6bda8c706e9dde5f7a80e3e07278afd,[3502],[3502],1,1,True,1.7763568394002505e-15
19a0d5a700a132a9ee36070b697cf2e0e4762498c694e1cf437dfab9b6964140,[3503],[3503],1,1,True,3.552713678800501e-15
ec3c2d9756614cacec69971143012984e3eadf540f38c0d5e2efe105d1bbb255,[3504],[3504],1,1,True,7.105427357601002e-15
673dc1481906896850f48fb6bb5e1968cc67d5db4059bf649d6cfc23ee26c3ec,[3505],[3505],1,1,True,3.552713678800501e-15
54fad51e02ae265fbf09fc96aeb3ea02efaf26e208f8fee10c7e50d4acc4dc17,[3506],[3506],1,1,True,0.0
2be816e633aabda43d29bc2847f10365bbf19463d435b04298aefe9fabd6659d,[3507],[3507],1,1,True,1.7763568394002505e-15
a86c87de0c818f695f1b277749395e5f4c9cfcca8fb89f45012a384077f0b153,[3508],[3508],1,1,True,3.552713678800501e-15
748c343448f8887286bb197d76ed5224a133e5bc492d1b76409f5482a895b3fd,[3509],[3509],1,1,True,0.0
f5ff4ad11a8daabe3402db0fc47e950dddbbb8a3b631420daf610d3553a51cc8,[3510],[3510],1,1,True,3.552713678800501e-15
8b376b043b02976b5ba3dd977752b98bbda654e78febf62f00b8a42b04ca5736,[3511],[3511],1,1,True,0.0
4a60586dcbed855d6e356055f15a7994fc10b01af6af06371cf06c8229b0a030,[3512],[3512],1,1,True,3.552713678800501e-15
7da29cfce0724b6682ea5b228f747443d4cb780ff3e123fe129de5e96f43234e,[3513],[3513],1,1,True,0.0
771168c740a9a60120d57816196264660b5019403d13a9c74dfe371e62b428bb,[3514],[3514],1,1,True,8.881784197001252e-16
6c31f4fe0e727869d4c05aab2239510b3617892306b80494cf7ff606b499ff55,[3515],[3515],1,1,True,0.0
7f9ec1b3ecc3a2468d40accda44354ec2d24ab34a4eb132b81f3bea7d5164e3e,[3516],[3516],1,1,True,7.105427357601002e-15
fcff2591ca4bad9c2acb4f2ced2bd700f626825527a38792d9bffc8ad807fdea,[3517],[3517],1,1,True,1.7763568394002505e-15
4417255b3f303289de6b24f15aa47b49ef5fc09bc9b8f195fc0dc25cced2a524,[3518],[3518],1,1,True,1.7763568394002505e-15
5e3cd5267ebd916724dd5ea53b470cba2f2d1fc74ae57ba4de16803cfcdbf5c2,[3519],[3519],1,1,True,3.552713678800501e-15
448a3a6b6bfada15b162728f6c7e3e9d790410d616b2b5c3421575b6a502cd47,[3520],[3520],1,1,True,3.552713678800501e-15
dd57092f837d20f50fcf749ada6afab7b305351367a4d4f56fda4bfad2988c08,[3521],[3521],1,1,True,7.105427357601002e-15
fe5c9e7680e9a21cec75123fa8b94fe678a38a47a6af5ecad137218d943fdcb6,[3522],[3522],1,1,True,3.552713678800501e-15
997eca07418a1267f6536464480688b6f7f511c4da909a38af5e585cda8257cf,[3523],[3523],1,1,True,8.881784197001252e-16
041ed7a686dde736514d42f9793ea589a1c8ffb75aaf47643c93cfe9d57a2a63,[3524],[3524],1,1,True,0.0
b53cfa3d18f524e671c7e0f9be8b2e1cfb351c94956b2a28b74c5e656e49e62b,[3525],[3525],1,1,True,3.552713678800501e-15
e0073ab33f135c0a9439b2372fe4bbcc3d6d18a5f27326149d93f9b332314a65,[3526],[3526],1,1,True,3.552713678800501e-15
9ea0320c8e293da0bd4483407790d276a3a6106ce2cc84dd2abaa450e97f2492,[3527],[3527],1,1,True,3.552713678800501e-15
055185a53b6ea5bbc3bfb43d68d933b1e80ce666c6a9f28ac46ae8507fb6f847,[3528],[3528],1,1,True,0.0
aa337992aec2387e57ecaa9c3c9de62c353c9742e9cb5aabb00c052d791832f8,[3529],[3529],1,1,True,3.552713678800501e-15
c11beda3cfab04e6ed097e5799becfad8a8d1f6f8216a03edb476aa9da98839c,[3530],[3530],1,1,True,0.0
b3f558ad7ee8a43b8d6140622b76ff1c80050ce07f89dfe490a3d937ade76466,[3531],[3531],1,1,True,0.0
2d65ca02ce220c79d84838e4fe676c091f200fcdc65ad6b66459f42033c39fed,[3532],[3532],1,1,True,7.105427357601002e-15
83d38e3fafb9e35145b26ed1b3de8228facec0d06e91bc5df046c972bd5d2825,[3533],[3533],1,1,True,0.0
ea8f36306edf13ca5daca6a90b94e7069c1234549d2b99ede9d4e229f4194b91,[3534],[3534],1,1,True,3.552713678800501e-15
bd4b6688b688307fcb3259f1ead16959cd3412d25afb7866fa76980188b22378,[3535],[3535],1,1,True,7.105427357601002e-15
165c2945513061efb86bc7f9857fe965f8ff304d68764030ecfbcd0afe9d84da,[3536],[3536],1,1,True,7.105427357601002e-15
bad18b7e4b39479f4589e5d55b1e5555a3eb85e17f2c4384efa8aa3514ccd292,[3537],[3537],1,1,True,0.0
84b8e7e5d56348b3f22adc126c528fca2145b557dfedffabc058a440096c3c58,[3538],[3538],1,1,True,8.881784197001252e-16
e09c62859ced627820c352e8f07a9010fe7249d95553035c14a52577b9d5a0ae,[3539],[3539],1,1,True,1.7763568394002505e-15
0ad6400af4632d59e009d417d631fe215814607451e67d4b38e34e7d00a0a6da,[3540],[3540],1,1,True,7.105427357601002e-15
9a97a97048cd0ec0f9761338c4739c4158eda3e2d2755421eccf34c0a0da256e,[3541],[3541],1,1,True,0.0
203a3fecffe77a08525a020b03dc16b2d578ebdf4cff75c6c9b934785ceb4700,[3542],[3542],1,1,True,0.0
45ae8a48c45b86c6c7ac95e68bc5c507299ef0ef0d2975ce58ac08551176c895,[3543],[3543],1,1,True,7.105427357601002e-15
9335c26c758295f1b3e31daf881269180fbc24a51500c83cdc5e825c1a0f9610,[3544],[3544],1,1,True,0.0
e3b84b5fc3e52c58703cfc19fd1127ff675f35d033c4e31e2062e5e65f63a781,[3545],[3545],1,1,True,7.105427357601002e-15
866c3b3617a3f179d01849caec26083a465974a4be8070c4eb1fe04d80add9fa,[3546],[3546],1,1,True,1.7763568394002505e-15
0fff6af71fbd5973d3acf7ea2e37500fbe896461239972bf30008a84c8a99536,[3547],[3547],1,1,True,7.105427357601002e-15
989e144e45d0540e5ea63dec33ba47d29c7b0aaf58dabf4fa73d78de804ed617,[3548],[3548],1,1,True,0.0
e3ada998b9cb640c3f2c4be203a6df64c78edf9662f7041e253f1159e3cb596d,[3549],[3549],1,1,True,3.552713678800501e-15
5824be0bf4420c70520c5fbcb0ec7a86416023b117d67f0335d36525e5800f8b,[3550],[3550],1,1,True,3.552713678800501e-15
93cde03f33d43bd84ece4e4b3a30479211bba0d73a731640cd2c04843acaf8c8,[3551],[3551],1,1,True,7.105427357601002e-15
6faf452420c69b657bd9b04dba244fbe7f1153de2334e53e3932d42da8f3e340,[3552],[3552],1,1,True,0.0
860c66ab6cd06a9a894e1116b1c0889b2ffbe4c1ea4f1ff2fa2ed84951341a6d,[3553],[3553],1,1,True,0.0
77ed3558ae80fd40bd6365a725880fd346058273901168796f350a8aa2c2c852,[3554],[3554],1,1,True,1.7763568394002505e-15
698d2e286fdf9162f9bf2e876e8f97cf36ddde7a33fdb5ff380b266aa269194e,[3555],[3555],1,1,True,1.7763568394002505e-15
f9960cc5e0b8af8792bad4b0c98b1ece3d210ea02214653022ab6e66ae46e3fb,[3556],[3556],1,1,True,0.0
e25587aec4fcc895ddc2ad94284479d5846471776c9365e33190b0292d2101d7,[3557],[3557],1,1,True,0.0
a5f525d055328847fe92fc9edaeb0b6100c254f1f15ba5af719d2e26dca65d5b,[3558],[3558],1,1,True,0.0
f86c6f852b765fcdcfba1e9ce983f422a5ac86e4c8cd3d4ffbce8f0f2ae12a7e,[3559],[3559],1,1,True,3.552713678800501e-15
39b421d5e11a45a7691d9b5856ce31cb6531fbb2d72db9fd3bb559647576550d,[3560],[3560],1,1,True,0.0
ee5d8577941a0edff84c53563739a7e4692f3031d97e9dd5eb6d3d8e147a5ce9,[3561],[3561],1,1,True,1.7763568394002505e-15
117f88a5faa58e4837f3f5389f4c732e349823ac187401b7d15dbbe9974851d3,[3562],[3562],1,1,True,3.552713678800501e-15
8a742299274d5e4b9ee7409ebc4a756c8c72ce9041e54ae132cdff7e1a7b25c6,[3563],[3563],1,1,True,0.0
99c53621131fff9c90a405c6cf2e52c46b8ff4dda95d0d3445e12be7c673f7be,[3564],[3564],1,1,True,0.0
b7b35c1cadc4285d7b46fc628c252e6b341374f2c0791b3d176c36146af815a2,[3565],[3565],1,1,True,3.552713678800501e-15
3dbc10828755562c1282e9a2d6cc7a4146996ea776e447992b12cea4244dc2f5,[3566],[3566],1,1,True,7.105427357601002e-15
e3e2c66b8dc52e2b2903cee21bbd95b86e586d68b0fbcba2e6c3925acdb9edc2,[3567],[3567],1,1,True,7.105427357601002e-15
10967ea7805e21bda4a3c661b43421d9682266caab3323ab9adfdfba54724d4d,[3568],[3568],1,1,True,7.105427357601002e-15
1518da9fcb7eab89d069a77c1df51c15858ebaee080871e17f3fb11e7846a173,[3569],[3569],1,1,True,7.105427357601002e-15
69099819fdf269c6ccc7a6f10cd7b10bb267b228a7d0fbc4cf0ffa110558bd6d,[3570],[3570],1,1,True,1.7763568394002505e-15
073c1648012ecf8643cd480f9bbf2cf8349c1528a4cd0c0ada1ce926d71bd21b,[3571],[3571],1,1,True,0.0
076ae8e93228d8c36c61c660ec2b77b02c0f60e149069e08f360c30bf7548978,[3572],[3572],1,1,True,3.552713678800501e-15
5495dcce8bf9a8a702c252edd534805398c3915684a7e07a258efaa9a0f7204d,[3573],[3573],1,1,True,2.220446049250313e-16
102269694e85b11f292f21e5958ee6e4036d4c8fa94958f5f52d3f6054bd8b17,[3574],[3574],1,1,True,3.552713678800501e-15
c9dd6558cae61c717ebefee4ba9ab7354a4fe37671ab0672b9b11654c2653abe,[3575],[3575],1,1,True,1.7763568394002505e-15
ed8893efbb116ee0f883353021facad37142a3f0205030a66705cfe4ed378620,[3576],[3576],1,1,True,7.105427357601002e-15
0b4be98c6e24ece052d64127a3e8f621cf311b856d53fe09078ff7801572f506,[3577],[3577],1,1,True,3.552713678800501e-15
eeb3799e59897f5cc08a3b7ff2ffa30ade617e3cd8079d23473d145589c95fb3,[3578],[3578],1,1,True,1.7763568394002505e-15
b6700d544302962411432eacc68057ee903e5130a05e79d2ae8f49a4730c2471,[3579],[3579],1,1,True,0.0
1ae9353722cbbf54b536dc4620560f98c3b123c8e4743476a1cddae6ad31cb36,[3580],[3580],1,1,True,0.0
c50871212b1557df176d77d1c476839c45b2a9f0fcb182c21761e71cf5c59799,[3581],[3581],1,1,True,1.7763568394002505e-15
34bd56725a1ec6898ef6bdb70b38501b23f87345b8dea59a1ce80a0f86ede61f,[3582],[3582],1,1,True,3.552713678800501e-15
a9fce56e690b320d85fffb506939304c834ab94805dc4d2587940be355e1aac1,[3583],[3583],1,1,True,3.552713678800501e-15
2e3589b1c8d66a052058f1277599038a303e08c735648f18a79ebc603aff3445,[3584],[3584],1,1,True,3.552713678800501e-15
ffb50c52d2487e13bb7b8a336cc3577ac73045d832451e7559ec38bccfec08b6,[3585],[3585],1,1,True,1.7763568394002505e-15
9db71d347736d4aa681f77939e5d86aa78232c39cf1b62ee0f81be247ce22286,[3586],[3586],1,1,True,3.552713678800501e-15
53166565fe9997159ba604fe35e99496ca3fdb7cf6e41eafca24d2972e799e81,[3587],[3587],1,1,True,7.105427357601002e-15
7c5fe818cff33efda05670361c86e4b4d2dfb9182dd29645b4643b818212e5a2,[3588],[3588],1,1,True,8.881784197001252e-16
b07a959a3ddde3e70055d48f66270842a03205e9aa8d1beae6ded7fb94f56be7,[3589],[3589],1,1,True,0.0
e7c3af33d9c383c8065af36bf35f240b16b4e98a0832dc77d3292d86183ab999,[3590],[3590],1,1,True,4.440892098500626e-16
ce72321bf2b0a1a53c0eb470ae6201fe9b66dbb5bf19898d5930ead4f69791ee,[3591],[3591],1,1,True,0.0
2d9cb900f71888d7e0addd895fa4149690f8f8780a0a34a38a3bf1e988c2f62e,[3592],[3592],1,1,True,3.552713678800501e-15
cbb0243b893c051799e407981dfd0d7fcbb5934d6c8a8c02766265c69474c3b5,[3593],[3593],1,1,True,7.105427357601002e-15
43ea8d9c10b54f8d990c1f0f4a8aef01c299b7488cd939ddfeeb17d793a780da,[3594],[3594],1,1,True,1.7763568394002505e-15
4a6fd6a642e1172884b46e738537fff441ec295abfd1a0eac98eec450c52b8c0,[3595],[3595],1,1,True,7.105427357601002e-15
f6ba487838bf3a529a6e46b709aab46fdcaa3943d57a2a2c14957324b6598067,[3596],[3596],1,1,True,0.0
9a8635cfd0751daac74f63cb9d39d5a55c53c4073169edd09f6b570fdb6d703d,[3597],[3597],1,1,True,1.7763568394002505e-15
30e95ce355a7768486a1702b90961c108e6b12ff0e70c95f69e150de8f854182,[3598],[3598],1,1,True,3.552713678800501e-15
bb6034915c08eaac11fa6484e898d2f367bb5d35e01dc9f1f0879435255a9081,[3599],[3599],1,1,True,0.0
e7a16358a279e4bf3a9f2268201162ddf610172405ee0c0229805ce62b5b5478,[3600],[3600],1,1,True,0.0
34df7bb533a7159a3b533733a87da2fde21ad9f5f5205472146424521579ae58,[3601],[3601],1,1,True,3.552713678800501e-15
35f84627a7ac38bff07ea500e30c4b46cd291d0f723b00f6bb3d0ecf2ae09af3,[3602],[3602],1,1,True,0.0
dcc86dad964f63896901e73ec30e7e2726ee5c513d93268af0a483b60d180be9,[3603],[3603],1,1,True,7.105427357601002e-15
17043518ad34fdbfd1eef787707ba13b99c00705a9f3c4e70e201db9cb22332f,[3604],[3604],1,1,True,1.7763568394002505e-15
06443987c149e2130ebaf89f65019372ebbcbd22d6c9bb468b3bedfc848b3335,[3605],[3605],1,1,True,2.220446049250313e-16
c0dd6789f01b1cf0fe07841f65f3f9d65ee951ad374ae10e397e721028cc3ba8,[3606],[3606],1,1,True,3.552713678800501e-15
7ae00416ea521611e9925c787160ccb45bab2f18c0da800029c5a936e0c69d64,[3607],[3607],1,1,True,0.0
c376cdc3a8d5345b86aead1afd63da2a73781212a5a287ad64ef916e817cbb38,[3608],[3608],1,1,True,3.552713678800501e-15
2a90acd658cd1db7e4f740d4c90878a89c20d4b94f87406fd59b3b1727f637f1,[3609],[3609],1,1,True,3.552713678800501e-15
81fb6bde025e7e247cc17c72716061481d45c20baa4c8e929a558066bddd756c,[3610],[3610],1,1,True,3.552713678800501e-15
16fe157772ad7b2c77c83f035b4e85be541ce879773733063f8af3ab2a4f6568,[3611],[3611],1,1,True,3.552713678800501e-15
433cd99ac4deb29a1e2b41bd3c346388405c248d80d05fa43874771fdcbfc22c,[3612],[3612],1,1,True,0.0
2ffd1eb8f052efc3882030d34ac640424295be258c263aa01211dc0d3ff391d4,[3613],[3613],1,1,True,0.0
6cb4707cbb6d40161b4a52dc244ab4a8e9583509bfc5bd418d1bc8bccdc304f8,[3614],[3614],1,1,True,2.220446049250313e-16
eee7ea83177e8aed2dd654becb515b8b4b911cb3135864599eb94060b4687ee4,[3615],[3615],1,1,True,0.0
111cc1515285b0f6e12a980230fe3d9f9b9da9be36b9b2a9efc692fff8f51826,[3616],[3616],1,1,True,3.552713678800501e-15
38dc0a7dadcee0de03fade003b69dd9addf6690b49eb541e1548e9eb644106ab,[3617],[3617],1,1,True,3.552713678800501e-15
0fe45e67fb5cd47a4b63f952e096c5997eaa4baed4e6f65a044819d5ed8de355,[3618],[3618],1,1,True,0.0
165d6b9c8bd561d5afc37e768a097d6d1afa1b10723abff10e5d6369eb819983,[3619],[3619],1,1,True,7.105427357601002e-15
c8066abdfdf88b9f615a98c87f89b5f515ed7b7506f468a04f7fb3aa8b0f983d,[3620],[3620],1,1,True,3.552713678800501e-15
6210fb72fe9f9a61be956d360a2c374d17f936de14378831063f2dd1f26d35b7,[3621],[3621],1,1,True,3.552713678800501e-15
8a63b475c2fac5106217f27ef49ae146080a61960be2c8d6503d82ca64170dae,[3622],[3622],1,1,True,0.0
217ab240b64cae80a9586483b4d7e35b6029c4e580134dd75d7327eff3a0775c,[3623],[3623],1,1,True,5.551115123125783e-17
3dc81226d5fb25b16d1f05c9a80b160a8f9b5db9c85832a201641eb4bcc6f3de,[3624],[3624],1,1,True,3.552713678800501e-15
4db26208c57c1f06606a97583f3501ff22f48dcdf990ee9e342fc84299d65ba7,[3625],[3625],1,1,True,0.0
3d36a8b8d0e45120352674606fbb91050f859382dc8f2466910f147bfa41e5b4,[3626],[3626],1,1,True,3.552713678800501e-15
11e4e71ac02913e584d3735c099c46e08427d411b0fcb54fcd8ce93f65a6521b,[3627],[3627],1,1,True,3.552713678800501e-15
ce17ff3364150614a1f81d4e97d70d5e4ccb06f87844ed5e79416174fccbd690,[3628],[3628],1,1,True,3.552713678800501e-15
f5c5ae23776ce0c923167c7244585afc30ccf2f8b66bbac9ceb0673c5cd8e9c9,[3629],[3629],1,1,True,5.551115123125783e-17
706f38a6592e7f38c1510a40f017f20d41ddecf6c62fc61d756b85dbeb81a44b,[3630],[3630],1,1,True,3.552713678800501e-15
eb99051497b1942ad5fd2754ee6706bf4e240df62005245836b41650b3901358,[3631],[3631],1,1,True,4.440892098500626e-16
3f67a892fc4fe63571eae0fe40d66e4e1128942683bcbaeaa20f49a8d5f6bb13,[3632],[3632],1,1,True,2.220446049250313e-16
df6bf80c95ddc647f677d2e7b0353e813e34083262ba69b1dacd59e8bdb7c8f1,[3633],[3633],1,1,True,3.552713678800501e-15
c31f476d3dac2fc7bb5d75055a5ba62710fbd7219fac33635879934606c7ca3c,[3634],[3634],1,1,True,3.552713678800501e-15
7c5fef99ba656ce729c12d5560c280c19459854644f0a3c0717e72b4d0f0b4a9,[3635],[3635],1,1,True,8.881784197001252e-16
fb1cc13b55070f8791befb2b3150ba90c8a66a13513e491443206c3bca5f89e5,[3636],[3636],1,1,True,3.552713678800501e-15
fa202f022cadbc58155b4f5f26fe8509745d41a21580de8474567780263ffa28,[3637],[3637],1,1,True,4.440892098500626e-16
cf631ce1336447fba94b5f77f2e4d91c2412ab86008703623ec35f0199772ad3,[3638],[3638],1,1,True,0.0
64da60cbf64657420c4e7203fe05e6afaa7d95fd20ca8981498f20dbf6aae089,[3639],[3639],1,1,True,3.552713678800501e-15
155a42d8f93bdb53c94c23dcbb226724183fd6cba3b8ce9839fbb06ce899a0dd,[3640],[3640],1,1,True,3.552713678800501e-15
4c8cceae546aa6c881b75571624aabc03de9c31f2af1277cf9f08c543ee18851,[3641],[3641],1,1,True,0.0
bee05115bb4e1668fce6d2d088c13a85edaa8a46dfe6ac8c1f2ae534335394e0,[3642],[3642],1,1,True,7.105427357601002e-15
60b6b3de66391829c5670806fae59962364888a0806a5e8572b41941b22dd448,[3643],[3643],1,1,True,3.552713678800501e-15
a03a271400100adc84b180321f8b3d344e656fdaee63222248d8ae9f1d105926,[3644],[3644],1,1,True,2.220446049250313e-16
055f0c6da279054fb213a0b4400a7d3c708f919de96d12d883e51d0e51c16ef4,[3645],[3645],1,1,True,3.552713678800501e-15
ad6332561e0b16caacc7b9b13e3dce7327a941ccf8e3a05129f771301232b576,[3646],[3646],1,1,True,3.552713678800501e-15
164846f4375240743ad239acac3578ed84da4196206959fe611fe4d024e1d684,[3647],[3647],1,1,True,0.0
380f692962f2f1eba01b469db468962a40b31f39708baf16c0709dfaf89506a5,[3648],[3648],1,1,True,0.0
1a71f658c70f7ac8901b69c4398d2eabda50349118c63ad7e4839a4d0a54b428,[3649],[3649],1,1,True,3.552713678800501e-15
47480747a8eacf3b1f03ddaad864d66f0c66793b4da77bdae97d2377e3341140,[3650],[3650],1,1,True,3.552713678800501e-15
8cfc4b8617f37f3e298626bb23129b272aeb02cbd0759c2869342b4693e92a30,[3651],[3651],1,1,True,3.552713678800501e-15
6e13bcd6046b70706ac37edd0a02d0c7234833ec734c52504cf9ac5030221ad0,[3652],[3652],1,1,True,0.0
64682751ee4ebcda8536becd8ac91016410087972249d36f54e8d551927f3816,[3653],[3653],1,1,True,7.105427357601002e-15
0e71562ae8858f1666376088a9a8ce713b53ccabc90817d1bbe4399db37d9be0,[3654],[3654],1,1,True,0.0
3fd63d8d5c2a3d5f603125c4009a5cd2354b84a0bc81df3d7af603d8566b92c7,[3655],[3655],1,1,True,3.552713678800501e-15
cb9f45c10029c5bc485297118d113b7a8f0e8814ab348463b71cb891bfd7d71c,[3656],[3656],1,1,True,0.0
8dfc202fc7da90bc09f76b1819e9e783e7de56569411f5895e85daab14935ae6,[3657],[3657],1,1,True,1.7763568394002505e-15
9c8d69f1b85c87c8a4e94abb6a771cdf440ecf822e33366f8cba99e743223b6c,[3658],[3658],1,1,True,0.0
72ffa56c14f6b55f592c196f5a246429f27ca050a9d0a08577cef43b85ebddc7,[3659],[3659],1,1,True,7.105427357601002e-15
d0d12aed32c53f365ffc529960a380fffdc07d0d52bf0fef7a13303a292a2d5e,[3660],[3660],1,1,True,7.105427357601002e-15
c0bf2a2958fad5844af4ffb67b38c6de5cb4009fc3e3c8ada91b2315e6e92156,[3661],[3661],1,1,True,2.220446049250313e-16
0dbb2273bf0e95d45ba3a760da325fe972df552e1741e2938404891037e1c75b,[3662],[3662],1,1,True,2.220446049250313e-16
c7ee6790c12546c3ce7e70edfdbbacfc8fa4565df55704dd2fbc1e3bba0ac6a1,[3663],[3663],1,1,True,1.7763568394002505e-15
972346f52f25e0745a1285c25d7c7af0be79908bff08a9dd4846c4c64e8d1504,[3664],[3664],1,1,True,7.105427357601002e-15
a8645c3dd6eb26195d3747c5a28ab792292c543c6f4cd33d89d3365b543825ee,[3665],[3665],1,1,True,0.0
897a16901955ded34b15e51577388ce055489535ac343de4fe2c05b7279f5bb0,[3666],[3666],1,1,True,7.105427357601002e-15
e2391d578ba7a2a9caa596f1075250a398f459b3601659ca2c812dcea1447082,[3667],[3667],1,1,True,1.7763568394002505e-15
0ec19316aa2b60612f087f214bbd286fb08474bf1e5523e2a2883df7b688004f,[3668],[3668],1,1,True,4.440892098500626e-16
a26e98990a3a1bafe9b6bd0e71d245ad65bb98fc0a9145f3aa68c1026a0cbab7,[3669],[3669],1,1,True,7.105427357601002e-15
820dbaa049fddd2c80647216facbb9b1f0e48169c14dee1839643307e14c6e2a,[3670],[3670],1,1,True,1.7763568394002505e-15
455f4ec70df41ff504005b05c3967a525b69c6d55477ebb3d662b0a58fdc84ec,[3671],[3671],1,1,True,0.0
6f8fddd131d303526ab4017715383c49018fbbbba6e5d4cbdf4107599dd1640d,[3672],[3672],1,1,True,7.105427357601002e-15
795da8d904cfdf6dfc6698dd6c491dd0036994a2c2bae491abd0e7e1c1dadf00,[3673],[3673],1,1,True,3.552713678800501e-15
707780d7d2a15a8060773ba7b08bd59488be39b1152f4d1dd1704dd11bc25973,[3674],[3674],1,1,True,3.552713678800501e-15
d706cb14f715a20fc49b04a2725e876af34342ad9284b25cb7d1113e63cb6cd9,[3675],[3675],1,1,True,7.105427357601002e-15
f0daaf6cb5ac00eb71aa5816c4f1691bc42ca70aa6e3167d158fce679c59586c,[3676],[3676],1,1,True,8.881784197001252e-16
3b504bf6c0b8306480d92d698ea267e716ecd152249da4799410be0ee842ba9e,[3677],[3677],1,1,True,0.0
6587da2eb0b42db1fc180278e3d3eb8d3655fb9270e091cf8c98068739b343da,[3678],[3678],1,1,True,1.7763568394002505e-15
ed3ca9fa52b5a3d9581f443c1fb79662a928219833e882a4be8db66f929dc542,[3679],[3679],1,1,True,3.552713678800501e-15
33138c334ffb88b0cf755d8f8a4c619b18fb2a58c5c89971365d08a84c471a51,[3680],[3680],1,1,True,0.0
cdbd72393a4722c3dd3b446cf633eebe10926eb1080da0d7ebabec3ce3ba22c0,[3681],[3681],1,1,True,3.552713678800501e-15
7bde87be14fc23239225176be6868e9ea8cc48e80cc5a7980a8e9a785fd0d0ff,[3682],[3682],1,1,True,1.7763568394002505e-15
3e4b3b23f96782b0a696be55b439e355908b1dc21c3cb6340e75920dd5b929e7,[3683],[3683],1,1,True,3.552713678800501e-15
57ee336b9dcee1d3ae5735c4545f1c2a02cb304d974e7025549b481fb8346f28,[3684],[3684],1,1,True,3.552713678800501e-15
eb9be1b6c7524de01b8215b7657746522954b72fa49c6ba2b49f87d6e3a76df9,[3685],[3685],1,1,True,1.7763568394002505e-15
881ec360bcf3e50ecb73484a8a1182c8bc30e3fe79d07cd20e740c960ae6612c,[3686],[3686],1,1,True,7.105427357601002e-15
4015bc62f71aecce6c78c2c29417e1b0f3f1db6564ad753ad742ac2acb4249a5,[3687],[3687],1,1,True,0.0
1560513f0e52e9672adf13dcbff44896a7d942a35d3ec7de8a5a09031efee801,[3688],[3688],1,1,True,0.0
4041b7872226f9fe5254f83e3f9dcf75aaada55b478815aff80401f363f7d794,[3689],[3689],1,1,True,7.105427357601002e-15
84d85bba7660f29c0b3da6b4229bf8e15464b78a17d6a6b2febd5260879b943f,[3690],[3690],1,1,True,8.881784197001252e-16
6963986f02355701df58315c1ac5962fb43dc5d86e65cc0f577e60a37b2c80a6,[3691],[3691],1,1,True,7.105427357601002e-15
1607a818cea3b2de4c8b848658e657d06b84855de34a56f4428c24c9d69dd4de,[3692],[3692],1,1,True,3.552713678800501e-15
404c320c8c544cd5d7db33d074d3b4ba68259ee63929271438c14b9f39d3318c,[3693],[3693],1,1,True,1.7763568394002505e-15
4e899d93060c10a74b218f64845dcf3a5041cc6379cdcc0fc9a612d393e3a59e,[3694],[3694],1,1,True,1.7763568394002505e-15
7846407d51bc925555c2c5be8a93df40134137abbc90c9bb2139f41cf37275b1,[3695],[3695],1,1,True,0.0
acd56e1c39049df92fb750f824e27f8280a46876c3dbf0f33a56fc9d17e87f95,[3696],[3696],1,1,True,1.7763568394002505e-15
0850356250ac6d8c0d85059ba261eba211dfb9c03f157e2db65c727c407adb95,[3697],[3697],1,1,True,0.0
b69cfbfc3e24fb0aea9d5addb268b453c0002f257ddf16b91ecd020951e96095,[3698],[3698],1,1,True,2.220446049250313e-16
ee3ae47768e7e356a38d388f1f4d7206cf8e859d5bb21670f76d068918ae856f,[3699],[3699],1,1,True,7.105427357601002e-15
101d1663a8eff5b82e1f6136f1ab7b9ba561a3b527587a32250c7e38d2dc4661,[3700],[3700],1,1,True,5.551115123125783e-17
8775d2d4191ae59cf6eeace92f4e82da5f2a366489ff300d08e4306b2de4c2fc,[3701],[3701],1,1,True,0.0
ceaf58ccbf5b74edebc36d86baeeacdd7f366a8ca023fa557725715c0deb3dca,[3702],[3702],1,1,True,0.0
3e375b50c5a868b3a3d18081384ab426bdecbff8882f82803708f6b315e3b10a,[3703],[3703],1,1,True,2.220446049250313e-16
05c2da4d241797eacb28b4c25abe50154c3e31d2b2383d1277fe66fd36a184a8,[3704],[3704],1,1,True,0.0
18e6f7e533afa045a4499bd2aaaf6c0d50109e54505a2d95d70c928c1ab05418,[3705],[3705],1,1,True,2.220446049250313e-16
a53a16418f9ce5c779d90a02779288a2b169dc9f53cb77ea8e71a470483c28d1,[3706],[3706],1,1,True,3.552713678800501e-15
b42c8ba7ccf8b507fa361d5068b3731e0e233ce5b7afccb1cb41799aed9d2e4e,[3707],[3707],1,1,True,3.552713678800501e-15
0ddb4b996aa09bb7c916c52f2faa32f650fe7a8f9819e3042f0ab97af0b42fae,[3708],[3708],1,1,True,0.0
eb3de51a8a6260fa8b418d6759fcb2d0bdee60b65668f0c8f471e4e2e0b5b6f4,[3709],[3709],1,1,True,3.552713678800501e-15
8b909c4dfb3c45bf2f9a12d37ec9a1b7f86f08f2240623991b958a57b1cb2823,[3710],[3710],1,1,True,3.552713678800501e-15
0bdef649011839ebfa84f79726b1ccb499e9dc1673f12acb192995dfb015abe8,[3711],[3711],1,1,True,0.0
b97223d2009163c475593f09cd314cbc305cabc691d38dae8c072af5922e52ad,[3712],[3712],1,1,True,0.0
4b3e14b4c2a9eedffa56ed526ba078dcee8ebe42479046133b6f4e72789640fa,[3713],[3713],1,1,True,3.552713678800501e-15
53bfec5a074856b8f0f710510f25e1030a4058ff536aed28a4dd4e4ed17832ad,[3714],[3714],1,1,True,1.7763568394002505e-15
83be6c2ca23a891af98f7039f34c55df90f838ab128aeab3ccf1ea8f9d2e51b7,[3715],[3715],1,1,True,3.552713678800501e-15
96b44bb6766ce2055474377ca86ffe62c495dbb1e08b466bf3425ee50dc18944,[3716],[3716],1,1,True,4.440892098500626e-16
7d60ebd27154b824ee5f277b223b6d851f5e38a0e8407e03735ca3514e5a6c9b,[3717],[3717],1,1,True,1.7763568394002505e-15
4923c91f19ec0857d6e38fedc7b98e335f2d00b82c8dd253d83827dc92053f44,[3718],[3718],1,1,True,0.0
917ed3a599fb9ab9767b2a6981cbd828e13a6b0c5bfdf0bfad423ffef875f063,[3719],[3719],1,1,True,4.440892098500626e-16
9668678e1e2e34fd9e9835502584a5c761546d9271eb98679b6cd00e01acd4a7,[3720],[3720],1,1,True,4.440892098500626e-16
bd61eebb566216c7c2c8c1601d5050402b6cef484df5e49d5bd07f46931f281b,[3721],[3721],1,1,True,4.440892098500626e-16
d15a2e81727ad36664ef680257a649d861c0bf07fc891d24955442746f991e1e,[3722],[3722],1,1,True,0.0
90f4e81209d3ba0c7231b863b059c9ab23df766314d3b342b89c984c95577e09,[3723],[3723],1,1,True,5.551115123125783e-17
dcb4be9501895b4779bb250733e8f41cced21869f33551fec6349d943a55544b,[3724],[3724],1,1,True,4.440892098500626e-16
2fbb14ded7c61bdf30f8f3a9769b4a769719fe8ff1ad4d358e107acea6344923,[3725],[3725],1,1,True,2.220446049250313e-16
2380ab1095659f585f578dc7d6a45dd38a331f49d73d62743b794ae839e251ce,[3726],[3726],1,1,True,5.551115123125783e-17
9cd0373ba71766abfb57ec605d857ff8e850f1d3ea5703b02b9e5e7357c25ddb,[3727],[3727],1,1,True,4.440892098500626e-16
14e6a9bc86cd7c48c4e1a29959c459d698f63e2fbc4002552dfe332ccebf1d32,[3728],[3728],1,1,True,4.440892098500626e-16
12f7a0cb92bed8a74db7674aac104d75ee999b680c3c5686f63aac141eaae310,[3729],[3729],1,1,True,0.0
7edf08620d0f98607dd438abe01ac25f3e01c37754e989db8b2d82196eee83a0,[3730],[3730],1,1,True,4.440892098500626e-16
155c6777829e0acfa2227dd56a4462ae46d60a5cd844c93ae004e8024f74b447,[3731],[3731],1,1,True,1.7763568394002505e-15
c1c65c711d2f9a445775d0ebbaf271f6f9ce09299152886f1ed0952ceca416a5,[3732],[3732],1,1,True,0.0
fadd6c0e70fe848b81646de7f4c8531b9ed67528b7c81b5f8f4e8373ad18096b,[3733],[3733],1,1,True,1.7763568394002505e-15
ca1f117331c9ce22dddcfe678f97d220590bae397e8b9c344a750387cf861677,[3734],[3734],1,1,True,4.440892098500626e-16
0a98b23ebf7017132f9138a316f9b55d1df95d10cde1f2702802932c3a9e040c,[3735],[3735],1,1,True,4.440892098500626e-16
40545d64477a8b7522d51dab35183021be5c7061d49be480c0be662cf10b27c9,[3736],[3736],1,1,True,2.220446049250313e-16
909f8c9509f983eb2e1e400e35961b8433c9b3bafa0381a196119443f795f494,[3737],[3737],1,1,True,4.440892098500626e-16
afbf1328652c42227557859c84a0c1233cfa303865d22b8e8e5ad6a19b2d99bb,[3738],[3738],1,1,True,0.0
4cb2fb4dd868de2de15d463fc72f319344e3f2316dd87db4aae8b1bd9b782cdc,[3739],[3739],1,1,True,1.7763568394002505e-15
12cfb8d5b21d803e1cea6d6257e4021a0a69b888e5e9c406d16ea47814f47275,[3740],[3740],1,1,True,0.0
383f1987d2e29a7518eb861732c7ecbe7fc89894caa8088cade3993471de2662,[3741],[3741],1,1,True,2.220446049250313e-16
a2527d0991f385c385dff3fa07438ab4129369f5518e7af08087edef28a8c761,[3742],[3742],1,1,True,0.0
fa83d4cd04ca8eb53f0652ab23379464089e8f9b36b36ec6a1330f6f6b22a1a7,[3743],[3743],1,1,True,8.881784197001252e-16
5cb29895ae38acdb54bdc6f9cbc628c7e6d0e3a5c7c4d9fe909a584929e2df21,[3744],[3744],1,1,True,4.440892098500626e-16
ed0e9cc7415eda2b7954c2ac1390ec5a02168b16d81e88c81088fd63eec7bfae,[3745],[3745],1,1,True,0.0
0e27bdcddd24bdaae7a1c32fafa462b388b17b68c12ac2ecf531cf67db45a639,[3746],[3746],1,1,True,4.440892098500626e-16
9b3782be78b5f71877edebfbcc4dcac38c8ccb694602205e399f5b9f990ace04,[3747],[3747],1,1,True,2.220446049250313e-16
797849576a1405cf22a527ed8d053b779f91069cbae0edf7c8762b5bb73fc8f1,[3748],[3748],1,1,True,1.7763568394002505e-15
063817ae9f093e7db72b0fddd9bbf0d87d439bd8c4f4c2cf846edf4261c4ff1a,[3749],[3749],1,1,True,0.0
42623a42294a6578e619c6c47ed46ee9496b8c76d92fa7a1e5f06f04f97ed8b9,[3750],[3750],1,1,True,0.0
4670258d5bb5da1955013a6710737bbf0f3fa3be8441f974d3790aaae461021b,[3751],[3751],1,1,True,8.881784197001252e-16
0d7d1b61fc77b5fabb0268453492587734f0f9411ebfe1b64912830818504c15,[3752],[3752],1,1,True,0.0
39b9073a87149d95170083925ce30dcf5abfeacd3af223be851eaaa44aa2b712,[3753],[3753],1,1,True,0.0
496e40d917712a3c5916fdd8ce5999210c2cc4c47fd99ca96d3964de8f843099,[3754],[3754],1,1,True,0.0
0b5acbb56a6d6106ba2f763b6c375dcc4c30d6acbd24210f791e22e81d889a3e,[3755],[3755],1,1,True,0.0
ba367813e783ef62d3f5a175f8f5c717e12084cb761dd751f46658b89b7a1718,[3756],[3756],1,1,True,0.0
c8f3fc4e04627a6c16d8c1ec251c57bd25516fd9fc9dcfe64b229442853aef42,[3757],[3757],1,1,True,2.220446049250313e-16
3a77ba175e72b8ab26e89d3cb7364bd95a2cfd8ac4efef6e84f8b78d73c3c373,[3758],[3758],1,1,True,3.552713678800501e-15
5f204978d3bb82db68ffabe76d8244d59088e844b267813ad6ab14fe2cab69ea,[3759],[3759],1,1,True,3.552713678800501e-15
96c7ba7ae781a2ec185e3d27496aa1c17ec27ead02d0fa52d170a21297ca47d3,[3760],[3760],1,1,True,0.0
1878eb7bffff3b197682b14b6c962ef2b779f67daf31834681bef647b69af0e1,[3761],[3761],1,1,True,0.0
80a359feb336d9c651e16f70685482505d05fcba289dfe77e39968baf98a4427,[3762],[3762],1,1,True,7.105427357601002e-15
dc4e162064f56455e39713e5e46689472aeff851f1e41278b746415e5f17ab1a,[3763],[3763],1,1,True,0.0
8bc59dbf8ccb5bb5aafc56867f0838188a09e2b12fe88c03d5413b1d30236542,[3764],[3764],1,1,True,1.7763568394002505e-15
523a15be18aea8e6ca94ffba6f32b45fb5c8542f18bdc428482bc7548237b9f9,[3765],[3765],1,1,True,1.7763568394002505e-15
12daba15229ebd8138127588d5410d3c0a74812d21e0b20c75e0537f8a4f4212,[3766],[3766],1,1,True,0.0
f2e375b9832b760acd5596c951bd2657484c265f8a36d455c488feb996f7b1d0,[3767],[3767],1,1,True,8.881784197001252e-16
125365373288fc6bd3880c71a5999f89a260f1f25443c2a012cbc67dae105d46,[3768],[3768],1,1,True,1.1102230246251565e-16
c3c05c0cf377f1100ed17de23487b0ede2f7df68e38cf5c0ee242a5b382a4135,[3769],[3769],1,1,True,0.0
faa197efbf1deb2846d279126457958f17903a248a6c1b659eee1bad7bba2242,[3770],[3770],1,1,True,0.0
327aa57768a8d2178e681925f83c320948e8300cbafbfb6000a6d5e0bb57caee,[3771],[3771],1,1,True,0.0
ebe45cd42037de0be12f9b0d2807da905ef02823da1edd531db4247a9436d797,[3772],[3772],1,1,True,0.0
6b44ce71efe40add3d6018da02497bb935c5876c822521a36f2c1e016ae0e7ba,[3773],[3773],1,1,True,0.0
1b0197545ce3f59733014a956709df944b1b2e5d10c6edd8748499d66949e7bf,[3774],[3774],1,1,True,1.7763568394002505e-15
9438da3ecb44cabb59f392ac0994d8a8c33ac3dd39a447a9106467fb8f0bbf3f,[3775],[3775],1,1,True,3.552713678800501e-15
dda7952a77aa0a9495325f51a2c1cd206c318a130ae53f633296ce4043b854d8,[3776],[3776],1,1,True,3.552713678800501e-15
82886e331b27ab10ab94dc2fc2c2d92ddcfcfeeacdc23efc33d3430772b3e94f,[3777],[3777],1,1,True,0.0
e565074fda60abc4eb5de94668d1fa8866e449d02bd585230bbe689621791eb1,[3778],[3778],1,1,True,7.105427357601002e-15
1a8de04dfd0e0b398f8ce56fc333d4300514ec1e9a629722af00acd50310dae3,[3779],[3779],1,1,True,3.552713678800501e-15
3b4b43e0de099be3bf869508555ddda8740f63f79657192494cb7a5b363644f7,[3780],[3780],1,1,True,0.0
c42b7a036dd13893dbd24f30fa16c1d675192b8b506ab0ebdc28f8f30d15ae8c,[3781],[3781],1,1,True,0.0
c2e86a8ceaae006ee9010c28d88d48116d5a66c6b9afe9d517aaf52facf8252b,[3782],[3782],1,1,True,0.0
8970a309a4fafdec9568b17fa8b03b0a90b05eaf086d53c975a869e13bbbe8b1,[3783],[3783],1,1,True,3.552713678800501e-15
a9b2324c17a74f545ee4744651302562f7dfc561685dc42c247527786aa2dbc6,[3784],[3784],1,1,True,1.7763568394002505e-15
3e45143f3d5650d3da00e629bc1238fc87a35a69ff436b3acdc3fb09ed8e64db,[3785],[3785],1,1,True,0.0
b4b619a02e4347c458409db408620b1627d3f9d18138a4f5d9b8e91b7b21e455,[3786],[3786],1,1,True,4.440892098500626e-16
03900850bf5dd13de0856392d5eec62c04bc596a9439b4833e048c018f5c3231,[3787],[3787],1,1,True,0.0
d67056b15738d869cb81fccf0cc068408d99f6e01f5bba1c995153e7f20f675a,[3788],[3788],1,1,True,4.440892098500626e-16
d84c8e515744a65869e9f21a22164ad7ce8eb711731342b1773b42b2fc353b43,[3789],[3789],1,1,True,0.0
ff354ec8f823e0385bc2d2b9b43d95349a22c8e0b1330f445620091c6d189acb,[3790],[3790],1,1,True,1.7763568394002505e-15
d2a6feb073b3f8cb2b5a869da16d89abf0e7aebaaf203c823cc1c278001b22ac,[3791],[3791],1,1,True,3.552713678800501e-15
11198c5476e56ff0f1e9bc6be601550a862f069aee3f9afa8b4d9d6d7c9b93c8,[3792],[3792],1,1,True,0.0
a124b8b93a4baf2d872f00562bd6c78863f15556343b1abf9580388ff1edb26c,[3793],[3793],1,1,True,3.552713678800501e-15
b973d14a450f83b092dcf9ede4fb51d0f16151ad87235f35c00e8276ebd224de,[3794],[3794],1,1,True,3.552713678800501e-15
25460fcc40713681a3b9f759413c4f90c3118c5dd63ad4eecdbd97be281b6d92,[3795],[3795],1,1,True,3.552713678800501e-15
f850a4e9589a75d12d190694467f13dd4190e4819e6e03f7b4102e07a9e17a4d,[3796],[3796],1,1,True,3.552713678800501e-15
2b5b58cf997e39e9382985c3fa849809e438293644f043b421ca564bd2d10886,[3797],[3797],1,1,True,2.220446049250313e-16
0a94b6c941973542362dac15b00fc1baaf1aeb18a3faa5dff70b8081ae9d0f6a,[3798],[3798],1,1,True,3.552713678800501e-15
cd51f2ccbcc2be6d00cb53b269dcf55c5c942d54e7ce72ea5c3b3e97490cf3ed,[3799],[3799],1,1,True,7.105427357601002e-15
d50b82237790f686d21d02c96336a523ceee717b67b4bac4b555f2217cbc6372,[3800],[3800],1,1,True,0.0
ba6f90e26e987537a93864d6c21517fd689bdbc2272dc7c1081bdae36ed11cfa,[3801],[3801],1,1,True,3.552713678800501e-15
8cc4963a7bc68bb0ade5a831823913ef1be5cdcf132d5f7c02118f912e25470d,[3802],[3802],1,1,True,0.0
273359b8c911d4423e8a03f3065a42cc13f2869ca5097b70f0a1eb9153d28225,[3803],[3803],1,1,True,0.0
2faad9a887bf237aafacdfd673d9343b7eb098baf7a9ef030d23d161a99d396d,[3804],[3804],1,1,True,0.0
c222fa0d273bb614d09405c172078e8844adcb46924eb211f1c545fa7659f3f2,[3805],[3805],1,1,True,0.0
22ea60707d15838265d58ba9cec73ac86d3ffd69c20f009209713bf5648ee586,[3806],[3806],1,1,True,1.7763568394002505e-15
7d84867c54cbe7a2baf817016076d152d0b52ad937b0877f2cc964f0e3090511,[3807],[3807],1,1,True,1.7763568394002505e-15
b802509622026eafd3f5b406a5c961d4f2e9e35897d1cd36d5894a563df58084,[3808],[3808],1,1,True,2.220446049250313e-16
93249a819cdf48a8d5efef88a4a04e84711653497eeca58f610eb7597e9f477f,[3809],[3809],1,1,True,3.552713678800501e-15
274b713700f08de4481e7485e9e738ca81d1afad2e6b76c55715ab0dcf689341,[3810],[3810],1,1,True,7.105427357601002e-15
cfc6063f0da4d5f2d80590f0dc8d876dd796b69a193892c7b8b91509286d793f,[3811],[3811],1,1,True,3.552713678800501e-15
fa105e5d69b263ae8126b2bfa72435fb2bdcc8281bb75f47e097288fc6ccf818,[3812],[3812],1,1,True,1.7763568394002505e-15
8ebdb77a2c522ec623287fe8a7e540ce8fa36d17c86ac4f5896f3f8dd20e7425,[3813],[3813],1,1,True,7.105427357601002e-15
3fa7b921729401ec28e18ed7cc6a190ee32087803837e35c07f5ae9a272c08bc,[3814],[3814],1,1,True,0.0
f3e1b18de00575507749a3fe304459952bbd88caf38a25fee7b40e9d7300a285,[3815],[3815],1,1,True,4.440892098500626e-16
589e12a517c9d9130872ce757d2adc1efd91b61456fbe66ba2c3a2c9e54bc8f0,[3816],[3816],1,1,True,2.220446049250313e-16
6d08578e04d8cbe47888c62a25539bc3a2bdbf71d67726bbeed620b8a4ac56f5,[3817],[3817],1,1,True,0.0
7bc0c9333abd2405e840bcee7d8d28f908569cc80edc586d15503bba4f61aef0,[3818],[3818],1,1,True,0.0
2fcad07cde0c3ffe50fee957be68d14c4e156490201981d755067efe5260015c,[3819],[3819],1,1,True,3.552713678800501e-15
5b225ef84ee0e670f19ad651f0852bbd4fc5d1ccfb780cce2d64c00fddf806e9,[3820],[3820],1,1,True,2.220446049250313e-16
3e8fce43e4fed28f1c2c89ae677a0297db833d38d27da9665e6b191dcd317f49,[3821],[3821],1,1,True,3.552713678800501e-15
f6e72a0ecd80ae310dcdbc01f3d97c2fc04f8e749ae71061abd3476838cd48c6,[3822],[3822],1,1,True,3.552713678800501e-15
bc4f73d5a778cceacc0c6e97ac854e28ede36bbf6eb7343c2de4b90ec2ef0cee,[3823],[3823],1,1,True,0.0
0d1358159ee0d81093f61405492db8a29dfb7daba688d3bdf8a0b90dc5b25e62,[3824],[3824],1,1,True,3.552713678800501e-15
c39f5edc5813715cae40f77b557e9c6ce137ff6a5050aa7ed3986e625668139b,[3825],[3825],1,1,True,0.0
2c2ce737007db512f25d820b17859cd3b1eb8ca35dcf2b9c74de0e15f6157f0d,[3826],[3826],1,1,True,3.552713678800501e-15
99af33c8f0e587a51cb7a54f19bc65e792050a7e94fbe01ddb8714e1f143e3b2,[3827],[3827],1,1,True,1.7763568394002505e-15
eb52ab46dd46d21c7e78204a64d80f4288e81ff231e6aecacee7d0d7f80b71d2,[3828],[3828],1,1,True,0.0
55906a2e79d3467bb961585749479c13952fb390ccc9ae9261182336bf834b5e,[3829],[3829],1,1,True,8.881784197001252e-16
cd09c05ad4f94c6fa27d58fa2d65de0b621dad7df2b36018adc6abb80ad10dae,[3830],[3830],1,1,True,0.0
ed75163b54fd406d7dc05974cfc3e8e49cde664d54409bd61008f8d0795dcb67,[3831],[3831],1,1,True,7.105427357601002e-15
db1cafa2beb2562bbd404a7629c56e54e041169622a9cdc88a32680e04e3997c,[3832],[3832],1,1,True,0.0
d8e8437285bd9fe7fb209d2c7fed0ebd4669d2ea89f604161ade5815bb97a7c8,[3833],[3833],1,1,True,3.552713678800501e-15
d5d996635cb919bc7aae903d3e86885b3fc52832f0c47542a66f97e081dbf64e,[3834],[3834],1,1,True,0.0
9896eb08bc7fd548d29e8f3e78ee5b6be505ebe3fa48951e3b80a10517c8f580,[3835],[3835],1,1,True,3.552713678800501e-15
420392cc4c60a0546c77744d60e6aef97fb5d2f504ecd7a5770b74ed8f533048,[3836],[3836],1,1,True,7.105427357601002e-15
b13ddebfe219b6a29240cc29dd51d2a8ec3a5d3d3426e9a6e8db86493a18bdeb,[3837],[3837],1,1,True,3.552713678800501e-15
dfcfd4a320882f1a87942a1b97dc352ffc7bbcbe584b9ec9f03b82aa8f8579e8,[3838],[3838],1,1,True,3.552713678800501e-15
39a5e602b41caa37cfa001b2b1785183793175859fa6ec8887d85cc93ca9ced9,[3839],[3839],1,1,True,3.552713678800501e-15
cbc49fc6fb25834b6027aef552b357d1a01a0630b33fd129f6185414a246703d,[3840],[3840],1,1,True,3.552713678800501e-15
a5d2f0d4222dea9200cfeac9a861194dfcf465a29cdafa997106fc608f25e3cc,[3841],[3841],1,1,True,0.0
1692d12b9948da4d17b486917f6666451a4c6be61beafda841675635579a54c6,[3842],[3842],1,1,True,3.552713678800501e-15
96a6d59d8d80815ecc5016bfbf325902563e1637368143427064e7a75be101f1,[3843],[3843],1,1,True,0.0
73808040ce9746535e9f735b04f3628fc87147bc687bd634af4d712c31b1fbbd,[3844],[3844],1,1,True,3.552713678800501e-15
52828f00a1b4a87f6c5f1b9ec76e3d56e14039ffb9c942a24a5cefee0bea7233,[3845],[3845],1,1,True,3.552713678800501e-15
c5c47b1a97117539a8c9a82de7992b44ad531831f98316c257fe3564ac09b8c4,[3846],[3846],1,1,True,0.0
e8bfefb998e8b5dd8c5fc3c5b0808e7914c1b8bb3dcd42c4a2966df9c203d297,[3847],[3847],1,1,True,3.552713678800501e-15
b2de8220bda217aa6994a9bd4d57f2fbaf4a51135a894ec15c8005c1e8e4a4bb,[3848],[3848],1,1,True,3.552713678800501e-15
32eb055e700069bcc0389dd3cc6e1d404e1a70577e0104566178c2e869a6493f,[3849],[3849],1,1,True,3.552713678800501e-15
cd31d23a70e1819fdc247617a7b1525c6c295e3db48bfa7a6d13de4a17b38563,[3850],[3850],1,1,True,3.552713678800501e-15
792ee443733410f43235b93c0b24db9eb4cf95df5a0b21e291e198b0b7e54477,[3851],[3851],1,1,True,8.881784197001252e-16
f982f773ee883c6f17d046100f04091784be6df4f8eaa91f3900e953b45dea39,[3852],[3852],1,1,True,3.552713678800501e-15
24c2af9590314e3a0117b534131bf7ff3fef4731fda0891bb7bb287d0444b3c4,[3853],[3853],1,1,True,7.105427357601002e-15
8dbed80fb2f819daea68261d0f85bd5c5389fc15e611c69e437daac66fefa1c5,[3854],[3854],1,1,True,4.440892098500626e-16
a2deacecd6d148dfc5ba12274d1d8012cc389645e8ac85b54c3090520b14371e,[3855],[3855],1,1,True,3.552713678800501e-15
3b6018b4ad86a009c5771a1e02df91fae09be4310a39cbdbf8bc7ef7e7c83a6d,[3856],[3856],1,1,True,7.105427357601002e-15
2ffee1b91abc6b1e9dfb99bb1da469fbffb278aab8beb7a8a942b772aa1e962b,[3857],[3857],1,1,True,4.440892098500626e-16
c364d1c5a5a4af89140fab53de9e653b51f9868ead8dbbd9dcf9e8d1f4edf2ad,[3858],[3858],1,1,True,1.7763568394002505e-15
74691e56c5c74b0b2ee25a960f409514f4dcb6f7e097cfb64c4e21dc7496a9c0,[3859],[3859],1,1,True,0.0
bc798ea8d333fb833dc845bbb0113a0f0c841d612b7c3e55a60931e6be291443,[3860],[3860],1,1,True,3.552713678800501e-15
aaaf3e2d9f4845b838e62e539ba24a73c6e2f088ee5e4ca05bb029d3e82ed7f7,[3861],[3861],1,1,True,1.7763568394002505e-15
175c18e3dd531d75989f4b0ba78d20efa612874040ec04e148ddb32b13fcf169,[3862],[3862],1,1,True,0.0
90d01ae01430ef39a4543e46766b0729ba673ec011ed6576a50d119dcac5ed71,[3863],[3863],1,1,True,4.440892098500626e-16
c8f4034b6e1b7c3484e2db30ea105c8f670fa455997f64321d3f4463c6cc6045,[3864],[3864],1,1,True,3.552713678800501e-15
a861d772c0b662139c1ed972269ae57de8187a3929c6b3026981bcfa5c56ac04,[3865],[3865],1,1,True,3.552713678800501e-15
a4a83630127eaff200fb6b4960b3834d1c53b5f5a82dc0dc151645e1b11e814f,[3866],[3866],1,1,True,7.105427357601002e-15
81848d9357eab394cfa42562e580b99ded946c27ba7e4d6334e65b92798ee7ef,[3867],[3867],1,1,True,0.0
da1165cf8d1f54eb433e5392ef7c59c7adcf054240ecb1ff0f0ad1488cef4a2f,[3868],[3868],1,1,True,3.552713678800501e-15
94a4bef0c4bc1cb1c3b28de1eaaf1495a4ba115fe5e8df35535f336ac71ba8cd,[3869],[3869],1,1,True,7.105427357601002e-15
55096d6d2582d59b796f74fbd1a923c8df1a76f3a3bf6613603907388b1b6150,[3870],[3870],1,1,True,0.0
965a687fa2c2d025caf7a77c0e662f852d7a80078ce16cb0f7f46380d0f75dd4,[3871],[3871],1,1,True,0.0
eaa23509ae6a22a030192269417b9dcdec5924c24ad1c38868767b5b733e2c81,[3872],[3872],1,1,True,3.552713678800501e-15
d74c29f4be7310e0452d5ef7ffe65c2296ab407a5653baa8b444e6e568533b4e,[3873],[3873],1,1,True,0.0
d958790ae4caa0d4399d93f44d47fb33fbd7f350af90f75edc04b77cf4fad828,[3874],[3874],1,1,True,1.7763568394002505e-15
77790de50489bd4c2429957468a453b1b46bc5271d524fa11e613a66ddeddb0c,[3875],[3875],1,1,True,1.7763568394002505e-15
77a54f2ffdb0eb9b39c36723a003f41bb026e4100bb36114a254768a36dabae0,[3876],[3876],1,1,True,1.7763568394002505e-15
acd4f7547ccfbbaa6fcda914d3b63726bcbe6c506d0ef41cb06ea6fa1857f0ed,[3877],[3877],1,1,True,4.440892098500626e-16
d9b8d5d8259d388cbbb68a425eede37e994bd62e9af55d975f84150b53f35150,[3878],[3878],1,1,True,0.0
79a13a9954d79a5ef374011244e5b4c23580b194cd85919dad8cceb6a8cb9c15,[3879],[3879],1,1,True,0.0
5391cfd97366f54cd278e671259a58170e801b2e6ffd11f4718a4a7b3d0eddc2,[3880],[3880],1,1,True,7.105427357601002e-15
16d4e951e40f4b322cc50d92feaf41474c213c877f9b1e05abfa3b16100a2c41,[3881],[3881],1,1,True,7.105427357601002e-15
0b7d0ba17399bb8d8de860a528f0e0f723f740f624f310c15d3a293316565d62,[3882],[3882],1,1,True,7.105427357601002e-15
9a66851209a3f20a7925063a5bd84e9890a8411d0387379ce5792392ebd9366f,[3883],[3883],1,1,True,7.105427357601002e-15
af0f91a667cf86c12d3da10ef41cf89a27532590e8db4cd52dc2e40fa023fc71,[3884],[3884],1,1,True,7.105427357601002e-15
4d21a948625fbeb1b8248dd25123ff99ecaf48bacd48737a11c0d1d605048f07,[3885],[3885],1,1,True,0.0
3d7d876ab3fa3dbc1ddab119f35ecedc2717ea39168c433e73c4369f083bd53b,[3886],[3886],1,1,True,0.0
3c04b694ba31148b87eaf8f2c56853bbad981fbecc060ae0160f37966f9da364,[3887],[3887],1,1,True,0.0
0672d0b2aad1d052d312857f89fa26bf7341a488e4b8d8c7aa4f298dc9b06f75,[3888],[3888],1,1,True,7.105427357601002e-15
2fd34ba15df34842e562752fbe7b964246d290486ab8f1c23fdf743ccfc1f582,[3889],[3889],1,1,True,1.7763568394002505e-15
538ae3f27b649184a90e2506a785afcf137d741ace960f1c3aa0c8b94f27fabb,[3890],[3890],1,1,True,3.552713678800501e-15
994f5faaec389c715fdd8127d8c6b23003b68538d66c8b48ef7ae895c96a5175,[3891],[3891],1,1,True,7.105427357601002e-15
e2416e051c54e13d4c59d4fdd418e7483a1e0edb304a96780e71724e9ba9668e,[3892],[3892],1,1,True,3.552713678800501e-15
c16dfc5a8dd5bf2e5bde43ab3a3665ec1c5b9e07230a0295ae67337ee7e0110e,[3893],[3893],1,1,True,3.552713678800501e-15
347ed6edef9742e23780cfed02733009d63236e647da9125ae8d4528b38c6228,[3894],[3894],1,1,True,3.552713678800501e-15
ec54e316d349ed79444af71e40fba333e8f83c26247977d2d77341ed167875e5,[3895],[3895],1,1,True,3.552713678800501e-15
064e9f4500b77e70a3c20b0d419dbeba7ac6154e7eff3a45c8c872f1983aede1,[3896],[3896],1,1,True,1.7763568394002505e-15
2f33e5ade3506cc015df9df0707d9ad8c1d058b9bea20a70c7698bdfabd67896,[3897],[3897],1,1,True,0.0
f1ea9612641d9d4eb61c41a9105b97b1890f81d8361a93a6ad297449bb580085,[3898],[3898],1,1,True,0.0
af0c54d8a962ee2f5908c508db249f2fd8b77135a1db60757feeb9ab7797fb65,[3899],[3899],1,1,True,7.105427357601002e-15
f45db7312b7b1f2070265ef6c650ce9696a5ad6688d448f4e27113a870460f22,[3900],[3900],1,1,True,0.0
f91f7d6a9d175e3c480ef18df22f3f93e5bf0f77f94d4aa9a858072897e27aaf,[3901],[3901],1,1,True,0.0
3add0cbe68147af9ca48cea0263bcecf1515cd7bf19b2222f0a50dc980e0497e,[3902],[3902],1,1,True,7.105427357601002e-15
7c8be95fe707bbeb76ce19743a110eec64a34a9445282f122bd14c89bcd60256,[3903],[3903],1,1,True,4.440892098500626e-16
39f59feade78cf4172333ad63da8b71eea9254ba34d785eda8cd5ba111ad9ac5,[3904],[3904],1,1,True,0.0
4717a1f906ad266d16cc18b010384b2a90be6a309f4b8ba3f4c5a094c8cc340d,[3905],[3905],1,1,True,7.105427357601002e-15
72f8986f617c9475a2307282b1034ed85797072dfacd0d3f782284c2265a1266,[3906],[3906],1,1,True,1.7763568394002505e-15
8cefdf948524ab97914582eef73ccc247f0d83bb25f9604bb3bb220d31e8d33c,[3907],[3907],1,1,True,0.0
10b7203a3a7fbc0907ed29c10e944c8e2b45496d36076ededc0fd43b1dbcd340,[3908],[3908],1,1,True,7.105427357601002e-15
275c19432eae968654f7334e397f0fefc605c90e867383aaef67ead1bb3d9c98,[3909],[3909],1,1,True,0.0
30be63e35f7244d33e94fc70413fff0005359e6d0f00c0b97665e46971cad399,[3910],[3910],1,1,True,7.105427357601002e-15
a7754c1ebaa0ff9abac338c41b2cba3361330423df90597e87dac06d96e7f715,[3911],[3911],1,1,True,0.0
8ddd48f59bc37d91c2acb86eb74460c9ef50e4ab1d54e249aaefa1605a33d30a,[3912],[3912],1,1,True,0.0
5f1e384c130b356d8cb71df7587673263b22ed5c3634fc11fdf9a53f82f9e26d,[3913],[3913],1,1,True,1.7763568394002505e-15
f1ccff40ea4aa8e882caa634e4934e59d76e9707044de8bb9a5cb42eb220c690,[3914],[3914],1,1,True,3.552713678800501e-15
6d88e844aa48c55f02d122cf8388ecbe9dd59b2391790bcb97b0f2e8c60fc1d5,[3915],[3915],1,1,True,1.7763568394002505e-15
7d42fd696dc800ab1b1196ea967b951d46ebb2719992aeed753c9ce0369f1409,[3916],[3916],1,1,True,1.7763568394002505e-15
68922a75c6a20428558030e48e149fa5d56cbf88b0a01b5c7185a56cf7d6c78d,[3917],[3917],1,1,True,0.0
2cee78fca0dc344dd1cd00a5e13d5951c593fa31565666f7d5c1b09de6eaed9c,[3918],[3918],1,1,True,8.881784197001252e-16
bf4d23da426c5d4b8fa7c2137a6fe4acfc3645bcd65ac147eff39d7133500bbb,[3919],[3919],1,1,True,1.7763568394002505e-15
58f75a9774b1ae964b66a3d68965c05dcb573c6995c718651e7db9a2978bc6e0,[3920],[3920],1,1,True,2.220446049250313e-16
7e3aec2475aa7fa8ff21da5f3eee4b0b6b46df967ca69c78864e9ae365dabe3b,[3921],[3921],1,1,True,0.0
bb8d6f6b83fec2d8f75fb2177c708cb252d53d7d6207619191b1cfeeed6b960d,[3922],[3922],1,1,True,7.105427357601002e-15
fe45f5976470d0f3d52ef7a5c76c5cf1b0b9062b20acdd95737682309ae37e6f,[3923],[3923],1,1,True,0.0
4a3ad67f0aea4b3f244cad6e288c8bbabfa96d0c5dae0563d8b658336dcd25e0,[3924],[3924],1,1,True,3.552713678800501e-15
21ef69c606156cfd4086b9f33a27eb8d45509a686876f6f93e506e8bf8c47d9c,[3925],[3925],1,1,True,0.0
1b7981a213986f81d88c5c1d138baf8c9da5a599fa2d61400f9c5b5270598893,[3926],[3926],1,1,True,7.105427357601002e-15
1df80df06ba619d93ba427e01df81e2be555619104fd27b061b7305001604298,[3927],[3927],1,1,True,7.105427357601002e-15
752a13d64d785309ac9e6fbd2a2fa49cf4c9cb69d012a7919432487afab3b0b3,[3928],[3928],1,1,True,0.0
7464c1e528116ddca7fba21a66e6170814db99b0b1e629abdffa3f309cc36469,[3929],[3929],1,1,True,3.552713678800501e-15
5889a415c44cdc4916c44a2f55832cb8a50ac2320788bc0efd9364c3251d210a,[3930],[3930],1,1,True,0.0
41d00b7bf43c1f863f1a912089f4df9931dad12943344031b1af786cb5f3732a,[3931],[3931],1,1,True,3.552713678800501e-15
a482fa3f4236e4ed1e3569050ed31462eb9a08cbd6e8ebc9aef2e9bd2bbf91df,[3932],[3932],1,1,True,0.0
9234fb67a624a700870ea5e86908d19f83649d9bf7b7dfe07d4319e792a98d90,[3933],[3933],1,1,True,3.552713678800501e-15
12b4c84c01e172e37c92af98bd9cb2559a100194bd998f1af3c55ab80372420a,[3934],[3934],1,1,True,2.220446049250313e-16
ade5976265d9fbf4da1ca1aa0742f51809c7cac65bfd63a21a04ef9981532098,[3935],[3935],1,1,True,7.105427357601002e-15
a7217027a84c2da1db0093d828c5b18f716ad5fb5b111af9d09b6b59d70a6aab,[3936],[3936],1,1,True,3.552713678800501e-15
b2dcc9fb13dfb5126d4a0718a0877b551e05c990fbfcb83bec77e9247a3459e4,[3937],[3937],1,1,True,7.105427357601002e-15
c972fcade9771aa8fb95d729ec213a993144ba1f7074eafa3b294aac5c8be4f4,[3938],[3938],1,1,True,7.105427357601002e-15
84d565b37bc68ef02cedd6ea332abcabd11c11201cbb19ee1a94e2ee80849605,[3939],[3939],1,1,True,0.0
ea6cae34a03fbe48777b11c3c6e2d875387fe3fd04c597868b1d3973caf7e83b,[3940],[3940],1,1,True,0.0
90ec33903de07b4428cb52043e82fe9a75995b0aee2809d6ac49ba9c3e7db3dd,[3941],[3941],1,1,True,0.0
86c9839856112579054319e1a50899be72e8e9b5696d33a4a4ebf1620434b804,[3942],[3942],1,1,True,7.105427357601002e-15
95665fd3d1a474c0568545e718b31ab4ebe18e73c649530ee2c0079d565252d5,[3943],[3943],1,1,True,0.0
613eb3c2f3017052a855fd393759d42779794d43e49f0b78c494356f4a74113e,[3944],[3944],1,1,True,3.552713678800501e-15
dd2099180bb89170ac2502dce9fe384283b4ad28771a88ca00545409a324ba8a,[3945],[3945],1,1,True,7.105427357601002e-15
b5219baeec2f601c9d06d8f720a2a03648588247ba84f77b12c013da28d783ce,[3946],[3946],1,1,True,0.0
de1baeff46c8fc140423f89db11ecd06427950406f537cd77148cd60d042f079,[3947],[3947],1,1,True,7.105427357601002e-15
6e804445cf90af293c7b30e8792a4d0e2b0a039232fdb18acb6a44c2238a7208,[3948],[3948],1,1,True,3.552713678800501e-15
151d119463ad169a9dea91ae01a497cca06615b2d057f2ef6f1fe1a610f3737d,[3949],[3949],1,1,True,0.0
d80ef6e8831bacffd01b0f0f3f22cd089c8b2b059ab32f9a79e80d415ebe582c,[3950],[3950],1,1,True,0.0
172aff65a419d8ac5ccffb56b0f6f0ce77d5e48180737bf001e5ddb839814f87,[3951],[3951],1,1,True,3.552713678800501e-15
17ba77be2330eb0aeabb366e12722b1b932aa67350bb2eaf159f0c24923d37d8,[3952],[3952],1,1,True,3.552713678800501e-15
2066a5753618ad54c1cf73cfde37ea1e99b3b1e61af9815dd8adc860fc86ff22,[3953],[3953],1,1,True,3.552713678800501e-15
084ce21c31454a4b95bd226295a00697123a2460b0e5b6be938cc132e0b2d6ae,[3954],[3954],1,1,True,3.552713678800501e-15
4be5dc576ff11e4d3d8068ee35b7f6631aeda8b129c2db47f549f54abb269ae5,[3955],[3955],1,1,True,1.7763568394002505e-15
bf2a776943fda082f9a94c3c80190b4d267cd7f52235a12ecbd88c32b78dcc49,[3956],[3956],1,1,True,1.7763568394002505e-15
1fb454a3dbe2b7202d63f59fdb4d914cc83fc721c5bb35cc5f1273e9f3724689,[3957],[3957],1,1,True,0.0
36edf32a1efa5dfb15a469cbf097aa54ee4c817edbb076a86b81bd6ed61abb00,[3958],[3958],1,1,True,4.440892098500626e-16
16cdaadc0b679e672e747506438d8c8ba54a736c3a590ad6367d51d1f5a58191,[3959],[3959],1,1,True,3.552713678800501e-15
d5690f30f35221392501979dfc43988d43214674662eb6e77d5ec3ba279cdd44,[3960],[3960],1,1,True,0.0
636f5220ac220423901aa61a01e4547c57dfbb070d23f32ad1f9aca814b80da0,[3961],[3961],1,1,True,7.105427357601002e-15
bb979604faded51f391daf319d8e37ef99fc053f09fa75df601cf5e2945c71af,[3962],[3962],1,1,True,7.105427357601002e-15
35761c893dc3d17bd85d4168c4b1b4c563a5bad0f6889a2c47bb6d3773e71a6f,[3963],[3963],1,1,True,7.105427357601002e-15
fe361411b94db16861d4fc45d1625667673c6cca9b8dd82e4f50117fa63420f3,[3964],[3964],1,1,True,0.0
a12f9762352c65f616948641815481c6526f2d428f3be5255fd7497d9f64e9f8,[3965],[3965],1,1,True,0.0
5eb2819c6d9a8778bd0a2bb519d91df8b6e86f57bc746723c78d14686709f5f9,[3966],[3966],1,1,True,3.552713678800501e-15
6e22b3fe7815aa009e03ec2bbdcd004a8699c4b2b48319588d3ecac719a816ec,[3967],[3967],1,1,True,7.105427357601002e-15
9226515136ee30a68fd489c0e1c85915b684e1f3056c8abda23909f9b5bef757,[3968],[3968],1,1,True,1.7763568394002505e-15
4995a7abab67888507b13b10292fe70705486d25e352c4177330c9e87a85af28,[3969],[3969],1,1,True,0.0
7467c08ef83698c68061fc1be27f1dcddb8f6dbd1007ef5162ed6c478c72cdad,[3970],[3970],1,1,True,1.7763568394002505e-15
c40eeedd00c8088795dc330cd5e0ab3243127ab92fa762cde21509fc60fce645,[3971],[3971],1,1,True,1.7763568394002505e-15
922f73078170454a0e4cd1503a35356090e176486086c0981059e3d82d091283,[3972],[3972],1,1,True,0.0
451831a51ceba1b27f70f7d85e4ce09258cb94fc0fe79f4752589452fbdb8804,[3973],[3973],1,1,True,0.0
3405c82dea1e8ad0975f40441500e7aa16fc8e167bb3642ed4fa67082e18d27c,[3974],[3974],1,1,True,1.7763568394002505e-15
7f627856bc819553ce34bb57a610da3dcce764253fa0032f0eee334a1bb4f9a5,[3975],[3975],1,1,True,3.552713678800501e-15
cf753759a5c44e9398fa711b09b237d39583a8a2595925e7d68a126cf4cf909f,[3976],[3976],1,1,True,1.7763568394002505e-15
94eca7f0c79a487146a5628786b1ded8e44ac4d3e74bb5f4c8f2b54812ec687d,[3977],[3977],1,1,True,7.105427357601002e-15
ce3d5b0e5b97d4b0c2c4538b6816d94d00875f5c1fd2e7ad2d072f8187204b5e,[3978],[3978],1,1,True,7.105427357601002e-15
33df7a0bcfc479986e84041e295bcb9745ca2629a45b6804f1659e6ef4f97e66,[3979],[3979],1,1,True,0.0
ff111e55feef60231fa052499ca14b1cc68d6389ec11757c2ec8e96f7412a092,[3980],[3980],1,1,True,0.0
e150faed398ac0bf157d739b68479dabe351da1b96873e862e821eebecc17820,[3981],[3981],1,1,True,3.552713678800501e-15
06fa7f2a38491a35c3799eb1dd9429042fe9067e566683fe1ede357197feca87,[3982],[3982],1,1,True,1.7763568394002505e-15
836c851fe8e271b62db6c3b32a91d6e262913bf8ddc006a41ac8f5314a969a32,[3983],[3983],1,1,True,7.105427357601002e-15
8d4277c23d0646c07eb435ce4d6b380e13dbad3e22ac3bda8747f74331eeb350,[3984],[3984],1,1,True,3.552713678800501e-15
a5fb9712cfcefc95bbc52cb1f7b8037a532739ec3f452bd391e694334c278cd2,[3985],[3985],1,1,True,1.7763568394002505e-15
b1835bf11d8355916ea05ae4dd2eb978166c3aa8d8f6e4c0352af19d93450f46,[3986],[3986],1,1,True,1.7763568394002505e-15
2a55989eef3872b957ec4b09bde44255b7104b730b9fd9d577d0d3f76faaba49,[3987],[3987],1,1,True,3.552713678800501e-15
5b58e369ea9acc5bc3e5093318fc7e36dc7a5f06ead014588dccd2109c5b7820,[3988],[3988],1,1,True,3.552713678800501e-15
7960395b109ef35306015ee1666c9008a7dd43ede6e8b025c3f7ab54e1515cf0,[3989],[3989],1,1,True,1.7763568394002505e-15
832e66e4a845cb19b3babaa403566ef6f2413b7d37aaca14e08e3f8a750bb283,[3990],[3990],1,1,True,3.552713678800501e-15
9ee245649786c263e31dc81f3526459a858eab335d633e1c754404056d9bfc86,[3991],[3991],1,1,True,7.105427357601002e-15
97f6d54d9e61f791c1dc0dd63067ecc12b73629cb3db9d097de6488dca253bfa,[3992],[3992],1,1,True,3.552713678800501e-15
262ee7a3c4e8b4d7da22008caa41eb7573058a966292e0b3429de18d6faf6c9e,[3993],[3993],1,1,True,3.552713678800501e-15
f9fa0390f20d09cfff7eade7e6b18052a8788035b1f1904cd248182409f9134f,[3994],[3994],1,1,True,0.0
abebdba693255f215ea182ad609e1aec3e34f9679c885903b03e89de93738cca,[3995],[3995],1,1,True,7.105427357601002e-15
5a0a409dd1aaa71fa05320bad355d9c33d3e399e84c3ba34f935d2839c14db1a,[3996],[3996],1,1,True,0.0
5821c4b0c68fd4e28b07c8b3eabaaf3be02c36d973c75ea700f69b45ee7be590,[3997],[3997],1,1,True,0.0
eb664b1fe5e5476706cf4f0d04cad9620f1e6bc7eaea4bb7353e0c106453ccda,[3998],[3998],1,1,True,7.105427357601002e-15
063b2908036dbe96d46ddaed37da6256422552563fb92d325b1cac1e786dd29e,[3999],[3999],1,1,True,1.7763568394002505e-15
64cf2f736a656e31eb41b725c0a67813bed2213f2596a9c5d20b644976b417f6,[4000],[4000],1,1,True,1.7763568394002505e-15
d9be5130be5ab396bc034fae0e3e406010f81e529aa67aaf7c62fd71ae67dd09,[4001],[4001],1,1,True,7.105427357601002e-15
be359360762618e3db9cfa28d8983c1ba30bfb5309e4dd946945e4a9cbad8937,[4002],[4002],1,1,True,7.105427357601002e-15
8fadf402fb6970d6183e9cc5a1ea8e49a02bdfcb558ef30b71a1618dd099879a,[4003],[4003],1,1,True,7.105427357601002e-15
e9b969946a90f00facf3bf4e1b7d1de99694402c26161b18c6a6beba8bf28a41,[4004],[4004],1,1,True,7.105427357601002e-15
297fcc809af25d6756f4c4d2811eda40eb09136ca95b8d6f52a5035a40bb8b81,[4005],[4005],1,1,True,1.7763568394002505e-15
6cf25581a5eb5b76b9260f6c7a706e2d902cc6ce177411b2e7be32ae14134f8f,[4006],[4006],1,1,True,3.552713678800501e-15
a6dd67855dbb3854b9ee1c8a5a8a3ce6432849b75f4d80b81d460f78eccf1583,[4007],[4007],1,1,True,3.552713678800501e-15
a54ae9f281f4f1cc1d88047270d2a7b04b496409a3c7c28979678733c56d613f,[4008],[4008],1,1,True,1.7763568394002505e-15
beb1b7d49aee664cc8aaa17d56e26061e4553d3fe407fc88445dd4b58604d23b,[4009],[4009],1,1,True,0.0
6f9fcc2ad5e26615fe1151d65ffd079465a417ee52d20208a7792913ed00b933,[4010],[4010],1,1,True,0.0
4ad289d55b86b9cefa396f0034fb354487032c1ec8ff90a4f7a87925c76c789f,[4011],[4011],1,1,True,0.0
418a23499c9e9f6061650873975e2c80ee5ba255488447aed35d63f469acd13c,[4012],[4012],1,1,True,7.105427357601002e-15
153eb1000d9331896be03a935359241743617041403b559153c9ccf07297f9df,[4013],[4013],1,1,True,2.220446049250313e-16
fceef9ad7d773e16cb0a52afca48b2e9ae2d28c0ceb39914ea56862e23c5b51d,[4014],[4014],1,1,True,3.552713678800501e-15
dcc7fa0087358750cfdd00dc218ca81c0a8debd204c745ebe07bdeca593a677d,[4015],[4015],1,1,True,7.105427357601002e-15
924288ea2ff9ca4b87182f1846ceb52f9ec621279251bf6b6db93a1983115df9,[4016],[4016],1,1,True,3.552713678800501e-15
f3bd1c58708010fc6eaa9df78366be278d81f3f8c2fe95df2ae24678e26c1716,[4017],[4017],1,1,True,0.0
5c7d28ad94bfab7a345083dd966f2fc64882616ff700a59b42319be928534119,[4018],[4018],1,1,True,1.7763568394002505e-15
981f403dac7ec22629de816c38f2e3a63d01468952813081344d9494814c903c,[4019],[4019],1,1,True,5.551115123125783e-17
ec959d39177de9eacc263a82ad6fec3f66a17f46f5853ae7a22b06166e6f5e1f,[4020],[4020],1,1,True,3.552713678800501e-15
5222ca4b44176e0f7259e07cedd36cba73f988955e2de19c70d0540243a191e1,[4021],[4021],1,1,True,7.105427357601002e-15
02dbf7b1257ab4cefbae995dfabbf6c8f7b7d52505d5caf72fadedd4a2773d98,[4022],[4022],1,1,True,7.105427357601002e-15
29b04b84d0bd49e742973cf5044ed2effef53ac1dbdb1480ae815f09bd3a27f6,[4023],[4023],1,1,True,1.7763568394002505e-15
ce12d289707e53ce3c620082b5a5eb666c8a86d7b2c9899c646c0ff4f4af1a7a,[4024],[4024],1,1,True,0.0
94f386734906bb7d93ef8b5325d5ab27ed21aa725ca2f0b5b7d79a54febc75ea,[4025],[4025],1,1,True,1.7763568394002505e-15
580cc9354225490d2ef65fc92af5f283c8b5cfdd461caeeb82479bf17d9b0ec4,[4026],[4026],1,1,True,1.7763568394002505e-15
19f7fef40386b5355310c15a69b5148bed62662c65f3f601c52bd93be96aad86,[4027],[4027],1,1,True,7.105427357601002e-15
bbf0c0de6d67e6442dfd5c490ca58f3a93867f84aafb63ee7bde869fe9595ff5,[4028],[4028],1,1,True,1.7763568394002505e-15
4e07f3061a1d8007ba105bb6925e57861d7280fc7a4682ec455aecefb0cb583e,[4029],[4029],1,1,True,3.552713678800501e-15
00051a576ebfda670170631d8d3d1e7810e8baf11ae4e70d08470ad49e10081b,[4030],[4030],1,1,True,3.552713678800501e-15
3835759cff40e715cbc3102c2a1f82343184898a6518036284b7e42a8cd08b19,[4031],[4031],1,1,True,7.105427357601002e-15
b34e6ba443d2ea8cc56d064c6cddca234c1a057b72a562675a8123cdc3a32a72,[4032],[4032],1,1,True,0.0
1a1697169850ce1c2726442fd059c59f3fd2be93c503a82398705b38708c244c,[4033],[4033],1,1,True,7.105427357601002e-15
6b139453e8aa055daddeb52b65ef9fdd2c9b02da803ca6eda571176d9707d39c,[4034],[4034],1,1,True,7.105427357601002e-15
5f4bd4b14c3ad38b6bc9eb7ee6ad1bc3e65131e217dd907aae94a04bf1334885,[4035],[4035],1,1,True,0.0
2b9ba585d45c74672f17578494cb0eb6541d124370565d7edff6d10277175134,[4036],[4036],1,1,True,7.105427357601002e-15
c3009524ceaee88a4c01d44f635642a3f10d20e6dabeeb492c34970ba623d572,[4037],[4037],1,1,True,0.0
e0942b46be9ab158c4fd90a82f9decb34944f0b39a27561048699bdb7238c2c1,[4038],[4038],1,1,True,0.0
47df92a51bba3a57d60a5663f81e82bcb993aa7f7a3003c221bd6fd5e45e0e59,[4039],[4039],1,1,True,3.552713678800501e-15
e55623347bcd4b696d325e18f816235412a934482fd55484b97dabc1b9b93682,[4040],[4040],1,1,True,0.0
2af970d615b9160ab8c308d4022f469b37dfb1b925efb4cfc3a7e47b9c24fb95,[4041],[4041],1,1,True,1.7763568394002505e-15
7746448041145d7d42aa14273f47ef00ba32f35a8049e5df82eef96df64337b3,[4042],[4042],1,1,True,0.0
605c26e5d167b4e9be7475f08d491c4cc8d14a6b1a8697a8913ab3ffc3e88abe,[4043],[4043],1,1,True,7.105427357601002e-15
509ea3ae19ab9edfe402a8b2790e4f2069c2c62374cba6ffda1ea4c23eb80289,[4044],[4044],1,1,True,3.552713678800501e-15
1e563c81fc46d8314d2ee1e9b46412368382aa6a466cc909dc1f4a6dd3b4fefc,[4045],[4045],1,1,True,0.0
7d0477758257a2eb9b91cbf0b5afa18a2891a96150b0e8e82797a67c08b09962,[4046],[4046],1,1,True,7.105427357601002e-15
b62971370cc187092af6dc12c059d982374bd1b85491ce01e8b468b86ec52b25,[4047],[4047],1,1,True,1.7763568394002505e-15
dc44c08304b07ee61fc752edd1688fb6e8a7f9882e01230f2022043dedc02f28,[4048],[4048],1,1,True,3.552713678800501e-15
6c4f8e47e8109a04ccc203ef7f3001f1dd9f1af92cdf74d920c80cf401d0c4ca,[4049],[4049],1,1,True,7.105427357601002e-15
986fc14e0f500fdab2edf98ef3b1147017669c67e095063f639c1f5725a27766,[4050],[4050],1,1,True,0.0
27f074d33375783024eb9288b7d87074f6b5c6b18459ccf262bdc5eb89d37f80,[4051],[4051],1,1,True,4.440892098500626e-16
9ca050789e689cbb9d29b4fd71b15657811eb48331b35a9bf159b9423dae8b1d,[4052],[4052],1,1,True,1.7763568394002505e-15
3aac55070b13856bcbc2ca016e6269eec24d800809ffcae645b4784f0567b404,[4053],[4053],1,1,True,3.552713678800501e-15
4bca62920db06e61af9239370ebf040492b29e56014ce361ce0958907f98f1f6,[4054],[4054],1,1,True,7.105427357601002e-15
e8bce10374143b6c0dd9ae3db4760bc40680fcf8f1de478f437f339ea7c673e0,[4055],[4055],1,1,True,3.552713678800501e-15
dd336f2ebd114177f0b1aab4ad7c2182259376faa8b06a1febdeba6982055520,[4056],[4056],1,1,True,3.552713678800501e-15
d91d3743fda47d5b3123d2c1980914e8ed5bea8799608cd7f6df542b616cce66,[4057],[4057],1,1,True,0.0
510f8ac6aa87ee08b5f66750309a8873a69b88e1d84ddfd50dfde52534a24f25,[4058],[4058],1,1,True,0.0
727032eb4f01ba5a9b969c73d1bd1008c91bdfc126fa459f28b2f9a113a333ba,[4059],[4059],1,1,True,1.7763568394002505e-15
71c3506fdd6a3e5df9e6b94a497a7c72659b13c119bc064bfee6915663c13779,[4060],[4060],1,1,True,0.0
03b20cbbaff9db27e248ce56b4d3fb1ce23b1e84ba9c15612cea325c98a3aaf8,[4061],[4061],1,1,True,3.552713678800501e-15
29e1c16b203f7f02e80f0042d25575eb05d74ba87f6c28472bce31c35e025aed,[4062],[4062],1,1,True,0.0
b26f2f96197a091d3e0063d36888e9151e36e606a484c877f558629603ed7fa6,[4063],[4063],1,1,True,1.7763568394002505e-15
4f640603277ae317da63ca3506da89067d6728c1fbc378cbebcc28b79dcdf6c1,[4064],[4064],1,1,True,0.0
c96251bca3bbe28eb44bc5dc13ef7bf4747b93c79a370ad5a5ffb5c3da775e89,[4065],[4065],1,1,True,1.7763568394002505e-15
cb0693971e6b04d6ed5c9fff3e298496ce1f11a899f5e71e5b6723e5d93d383d,[4066],[4066],1,1,True,2.220446049250313e-16
f11479fbf41ba331fd0e562eb7c7ea0bafac6cdd235d1f008cb1d45a8a334ff5,[4067],[4067],1,1,True,0.0
946ef105d50d23a0cf281238a3a730050b72a49e61611279d15e7113826c8991,[4068],[4068],1,1,True,3.552713678800501e-15
83c0e13d747cfb2f06398cca94608808f3ea82ffb04901401afa802aa1d4e80b,[4069],[4069],1,1,True,3.552713678800501e-15
73fed3249722542ab2e86ebeb4a4af902002afb448eacba8e87f2767b6d01c3c,[4070],[4070],1,1,True,3.552713678800501e-15
9a351134dc334c2eb177902025fa7916eb12de211f63c9f63363a120ee420bb3,[4071],[4071],1,1,True,3.552713678800501e-15
32b6d6789a8a2d6317fdfea7624a8102a4e04762a824dc7e4f03d193799953a8,[4072],[4072],1,1,True,3.552713678800501e-15
70d7aec76ba064bcfc9ffd6345368f5134b791470af040dd881a0d50a2bd415b,[4073],[4073],1,1,True,3.552713678800501e-15
23031ea45672e61aba5a943b46cdd248fa04ae5951e535a2ff6075e309aed2e8,[4074],[4074],1,1,True,0.0
6afb0665e6464de51c4af43c669e787841fcdad1b6fa9d372f389715ba901e69,[4075],[4075],1,1,True,3.552713678800501e-15
313ade06584f91d31df84ba0e77bbf2f9e71a92388682d8d938bf2e4911159ed,[4076],[4076],1,1,True,0.0
f76b120f8b0cee15c1a99c982118f9b6f96525dc8a1a7c82a2be0ca70bcef9dc,[4077],[4077],1,1,True,0.0
26506d6d7f42f3760739799d425d2e092f5505d72c36f6883a7ea63edb54c509,[4078],[4078],1,1,True,3.552713678800501e-15
f6b819ebd1ef9b1aedf76f3bf4afb1209c63782d7e8ce153e37899feaa5923ee,[4079],[4079],1,1,True,1.7763568394002505e-15
14e10e6db183126895397f163041399766aac1a1a40d47e6961d1bfcc0c784f6,[4080],[4080],1,1,True,0.0
dd218d5d3e5d6d90eafa57ec2c78a6237ec3f94dd069632074ac0bcec40685d9,[4081],[4081],1,1,True,3.552713678800501e-15
844d8a84baaa6e7beafa3d01da96f049fb71648f4fa6c4dcc51285694428f745,[4082],[4082],1,1,True,0.0
ab5acf811128478493282f4c9c9b52b3587454e7280ef119da1f7ce18eae750d,[4083],[4083],1,1,True,0.0
6f5d1b1b198b459428d4f07b6c22a825c7e5775ab17a0c9f21d8a0dabe0a1d16,[4084],[4084],1,1,True,0.0
31e8266385844d6a065d5e90a01244afed6e7e52d06ae8f54f7411f6f5508bd2,[4085],[4085],1,1,True,0.0
ac85858ddf168e9332508d391d8c75de2df0d058fcc7e391f708ca3c7b19dd40,[4086],[4086],1,1,True,3.552713678800501e-15
a20459a38ccd9a83d0b512e0d59d0e8421f8d194168421f0943ece6e426b15a2,[4087],[4087],1,1,True,3.552713678800501e-15
bac2eae52aa2319a547fcdc43b5ee4dc228a0db84139dc6048de8c20784a1d80,[4088],[4088],1,1,True,1.7763568394002505e-15
42d7910017aa51917ef88cc7bbe6e17eb67caa02a0c2088d51b9a9f0d596a65d,[4089],[4089],1,1,True,7.105427357601002e-15
355338e8870e16c094acc49f5cdc80baeaca19406ef4be03b6493ea8d96d3c64,[4090],[4090],1,1,True,0.0
7ee13d10bdb44114cec3086e7c293586d72e8f8a37501bde323ee91ef6c442b8,[4091],[4091],1,1,True,4.440892098500626e-16
aeccdff6c10d341aef72ee72378d34e7f1272e716bf0950ba90f649290129b39,[4092],[4092],1,1,True,0.0
ba978ed6c8e3837e2e7503003ad5ff80a6ae313d10c0730b28ccbcd9bd36b1a7,[4093],[4093],1,1,True,7.105427357601002e-15
4d28b19a9875dce553dbe31a195cd6f7b34e8dd39355acad4fe0efb5529e1f60,[4094],[4094],1,1,True,3.552713678800501e-15
49e4b1500429fac8ddcd01976eba01c97f8e93649a9f7d51874f95ad561da068,[4095],[4095],1,1,True,0.0
d041172e28ef2f37906f7e5b0e1bb19555559c00df1b0f9b018bbb08e4f45550,[4096],[4096],1,1,True,3.552713678800501e-15
2780c4984c14575e529e6e4f15a803d82cdaaf23904bea0a74a615898daa795f,[4097],[4097],1,1,True,3.552713678800501e-15
2d17e25a03c1fcd14df4fd073fe5796d750c0fdcb55f3859c00257ddaba1a1cb,[4098],[4098],1,1,True,3.552713678800501e-15
1f9d11467c4897d5e6a015b32060bccf49c181317f26784628b973514cd76ea8,[4099],[4099],1,1,True,0.0
4606b71f776b966d12cf9a2a764e2c2a2a9af61c117200119e4bbd5412a5b7df,[4100],[4100],1,1,True,0.0
c209601e029a5362dad015bd86dfc279c3897174ba752e5d096639dccef334ea,[4101],[4101],1,1,True,0.0
bb31c1d54b70afb8c46ed90afcf95a50d7fd082500e08571a616ba5d1e928ee1,[4102],[4102],1,1,True,3.552713678800501e-15
814146c2d3e2aa2512d94b5fa90eefdd824bdb7d3d6c3996734dccf2feb282ff,[4103],[4103],1,1,True,7.105427357601002e-15
c26fb6d9f0c48a177e21e96499449b59ed0d396b793d4051892376a969c2e966,[4104],[4104],1,1,True,3.552713678800501e-15
89231a5318e0151d3dc2ded07d7f1508900e49799c303a03d1f22bd4fc12fd06,[4105],[4105],1,1,True,8.881784197001252e-16
2dc6510e74eef4ae75b86600d8f45befd008dffa4ffd360434fef2d86266a352,[4106],[4106],1,1,True,3.552713678800501e-15
bcc733b0b088566938f7dc623226f7370858272af932434dbbf000639343d6ad,[4107],[4107],1,1,True,1.7763568394002505e-15
5f2b7deffb256b162317c3ea7591b33fea53922d2a6832411249b07b4e1a40b5,[4108],[4108],1,1,True,1.7763568394002505e-15
36fff97537c1e5e19cd7286b9440fe91f3d804a1df1c58219f74d48abb388dbd,[4109],[4109],1,1,True,2.220446049250313e-16
63e09cd6386c0f7d773b20ceccfdb2865be2dfa12962d0f3d58c3e0d9d5d66d6,[4110],[4110],1,1,True,0.0
3dc0650263dd5287e0d209e7003e1c2936123774661713a0212d6c2ad6b10f00,[4111],[4111],1,1,True,7.105427357601002e-15
4082dc2d88f77173c3bda6b5cf5024f6a771f1353fc12f5dc2bb33d3868ba843,[4112],[4112],1,1,True,3.552713678800501e-15
158c99a36e9ea4876e2fa109f70ba1e3d6d6e08e3de8e1f0159bc7ec89c88e20,[4113],[4113],1,1,True,0.0
4f9348282827d1d2d438cf52926a8f4807897e3b46d4b7f5011bd86b8688b077,[4114],[4114],1,1,True,0.0
cc7fb295ef89b171a83770b663a37dc6cf36f55b7293d89496d66a5832d0f84e,[4115],[4115],1,1,True,3.552713678800501e-15
083dae9db8cb23086431faee63d41c5d99972d19629e8a37a7673abec457d897,[4116],[4116],1,1,True,1.7763568394002505e-15
9d38d1e181b721a36b189afcdc09a7c362eeae6fb6f191dd8046c2ea4b19099b,[4117],[4117],1,1,True,7.105427357601002e-15
4a0bdd07c3b68fff45bdaca17dc98991693a8dae2adea2cdeed58ba5c888125f,[4118],[4118],1,1,True,3.552713678800501e-15
876a78138a5d3d6480c13f0fc41fa7fc87e71753553967bd14129fec86e6a948,[4119],[4119],1,1,True,4.440892098500626e-16
e89dd9d609912b6c63115fdae4bec5aaea820eb391dcf692a2374f1887e01ba8,[4120],[4120],1,1,True,0.0
3a0146a9cd99cae1d54d5518879793e4424e5c3820e27d4bef32edae75da786b,[4121],[4121],1,1,True,3.552713678800501e-15
90990fb82d2a588bfde5e2e1a9da26303c399bcadde2b71e741350e8867386ca,[4122],[4122],1,1,True,3.552713678800501e-15
b3f60618a53f23eb36c8b2b63289724967d4236a8b9fe957d633ec1c816bb131,[4123],[4123],1,1,True,0.0
b79a7711bf29c0d4f7884b3824b9425ed98f4971711112ddf2afcd18ef2b8f9b,[4124],[4124],1,1,True,7.105427357601002e-15
fee47441ee04cd6b5f1234c3a575009fc1986189f20000858393921bfd6dc985,[4125],[4125],1,1,True,7.105427357601002e-15
6699f60276ac1222faa650600fcd79f874571bced0c88a7e8073492ed5049ae5,[4126],[4126],1,1,True,3.552713678800501e-15
5f9e4e6fa03e347db0bca2cc0562f557fc61f85d64aff98fd78f66f44fddb393,[4127],[4127],1,1,True,3.552713678800501e-15
9ba4efaa385a9f7e5a1def9393c63022c4b4d271e8fc743937bf0db1dbc51c74,[4128],[4128],1,1,True,0.0
0e4735ad96965dff173a97bd090cce3b269d82ef3b861743bc8028700169d599,[4129],[4129],1,1,True,0.0
18e0b328baed178741645df91baae7142ccf847b39190ae788c911732545e5f4,[4130],[4130],1,1,True,3.552713678800501e-15
93c4ec3482060351805b6e3fe601425b8b09e8e40db7356c274ec8cf946736ba,[4131],[4131],1,1,True,3.552713678800501e-15
6975fce50e371b3d109fde514b0d1d489464dddc1c455b5a3eee844c8e0717d1,[4132],[4132],1,1,True,3.552713678800501e-15
9b852d0673c6e900c78734552db9c96b9e6560b4a21adcdf453ef73ef1d9d15b,[4133],[4133],1,1,True,3.552713678800501e-15
05fbeeb6b798e72e497c7a151182327d1fcdad0c1d2fd4cbe00baffed1c8c9bf,[4134],[4134],1,1,True,0.0
a707cd525bcb33715755d6f0f1c5e70d4cc2cb32afe4748f24b8379cde336532,[4135],[4135],1,1,True,3.552713678800501e-15
13675d5000f7046e704eb913515af98f749a05b220404afdac783e217b90b1b5,[4136],[4136],1,1,True,3.552713678800501e-15
2d12c1d9f785e7c9c2b123b03ca9e9324bad667a980d97da1321ca5c5bd735a7,[4137],[4137],1,1,True,3.552713678800501e-15
e7ac2d46a45e413dbbce53a9423256504b5cdc27edf0488776e60867031a97e9,[4138],[4138],1,1,True,3.552713678800501e-15
71f128f967fa903b7f831033a9a8fc0ad4cdf1e7cfb196e04a5771dcc9ab8abb,[4139],[4139],1,1,True,7.105427357601002e-15
29cfa4592abab85696ff03dc7c3bb9e579ffba2492700eb7090abb354229025f,[4140],[4140],1,1,True,7.105427357601002e-15
0d343dfab679c353952039d9837f3d566c897153b047693dbec7423d630e62ed,[4141],[4141],1,1,True,7.105427357601002e-15
fa14a0f9b4d358ff9718179806ce08519467dd30294fa83c5358693a9370fc89,[4142],[4142],1,1,True,7.105427357601002e-15
064fa875b0388ed23002bfa11f566b00f7c090d57168ad0f42ff3be01309a609,[4143],[4143],1,1,True,3.552713678800501e-15
3789e0c42920be0b713be170b543eb79510dfff4948004f635f0ba6357842758,[4144],[4144],1,1,True,0.0
9b9f791a2b0f794ddb62ab5ffe47015300782bbce867aea6289c41abd7acac71,[4145],[4145],1,1,True,7.105427357601002e-15
d6fe5b346467fc5acc5c9faa4f3140662ac26d50bdbe27ebf1ea5159911774a7,[4146],[4146],1,1,True,0.0
9c431db923a8408ac027e4b60b8e491f9ea904041ce32172596f027675d5b9f0,[4147],[4147],1,1,True,0.0
9fcb42fef43315ef70b49e5b09cbba8b114bcf549e130206b455b0cea93d64c7,[4148],[4148],1,1,True,3.552713678800501e-15
e3367925ca60894e1e06d992d915a40beb230831155206410943458c433f9ea7,[4149],[4149],1,1,True,3.552713678800501e-15
c236122c171c3d97779f59528e9c3a04b55c6af622bb388714029b7ec220c099,[4150],[4150],1,1,True,0.0
e06a4616cecb77ea01b1a309625f160040d2d3b488150b81277c4b91d39a773f,[4151],[4151],1,1,True,3.552713678800501e-15
f57be8226d7e823c9d5fdb30dd91bcfe6e7ff0395a6640016376d7d01ff83b2d,[4152],[4152],1,1,True,3.552713678800501e-15
89a8e4995aaaa5db23224d4abea701bc20e8f4c0e2c49dc8cd63f862c95ce6fb,[4153],[4153],1,1,True,0.0
7af680b98a50b9b94a3da1e82f7667c93e6cf2d397a0aad47f010e7826e92e8f,[4154],[4154],1,1,True,3.552713678800501e-15
2e19c568acb14fe7304fb3a64848c6c8669bdcb7ae772930d1f5b24b1af0f151,[4155],[4155],1,1,True,0.0
f7dbf46982e9a86af891b520e1bed6771290c12e128823fb13a60789a10afca6,[4156],[4156],1,1,True,3.552713678800501e-15
4985cb9ca984e0492f2833d8a6d98727c0148374af8bed2c6ea5b485e693bc26,[4157],[4157],1,1,True,7.105427357601002e-15
15ac6139abcd57c52e297d55530a4d7761d722c2d607a79d158aa6dddba0b1c4,[4158],[4158],1,1,True,0.0
e685c11c08c3f031d6091f778434b738cfe9d00d01fef4ad74e61334dc103c49,[4159],[4159],1,1,True,3.552713678800501e-15
548be22ec467cd57f5f70eeb49a589557a6ac800ef5eac02145b49d2e4e585af,[4160],[4160],1,1,True,7.105427357601002e-15
1a4e2523c67d65082569472ed88e9698747feecb9234b6a48596f487b9cd020a,[4161],[4161],1,1,True,3.552713678800501e-15
bc8344c26aeb74d056fc1f9b527fe135e5dd7b0b9c05eda20fa419ac162dcf96,[4162],[4162],1,1,True,3.552713678800501e-15
334fb200fc56e9cde3df04119dc1138b05eac382a678f48b332477a821e3c3e9,[4163],[4163],1,1,True,0.0
edd1365808584a77f36c6b83f7ea7f8c97301858715dd35b499192c26ff73364,[4164],[4164],1,1,True,7.105427357601002e-15
502f6b3cf87a2b1d0734f2f6d7c9e7f676e3b97894a1a7ae686be5561d820cef,[4165],[4165],1,1,True,7.105427357601002e-15
a2e236fb84efbf5b70da638c015c680a384aa7e294335c949031d5fe312a0582,[4166],[4166],1,1,True,7.105427357601002e-15
cd9a74576be323f34d57f1599556fbcd2e5670278339aff2381b2f33867c944f,[4167],[4167],1,1,True,3.552713678800501e-15
6f590ab3039396a6e54a71197e201c4323e6034c4fff4f2ec45036ce974f881a,[4168],[4168],1,1,True,0.0
e56d6e040952ede1219d5228ea7e82a219f718f4b69ace8d73ed2c82d039ec81,[4169],[4169],1,1,True,7.105427357601002e-15
302e2a821ecb37ae026ef272765047f46bbdf731f77f2f66823a1d87abab3eac,[4170],[4170],1,1,True,0.0
cf8ac67b1313b437481cf5095b939cbc05aa6a5cba86a9e89dbd9103e1b8eb7d,[4171],[4171],1,1,True,0.0
4d5ee41ab3e22e3702c265551001ebf159e3f752b7dce5290b08da8d4aa5c195,[4172],[4172],1,1,True,3.552713678800501e-15
7451a63c93ad0124c05aed6986d4b3dde24b33424e78fba8cb42ea3724a50078,[4173],[4173],1,1,True,7.105427357601002e-15
ce48f382fcbb47ae7f90a810874eb0468a47778d1988f3bc15feabf5c478039a,[4174],[4174],1,1,True,3.552713678800501e-15
5fd003bb68e3c5a3d56088ab9491352f54faf1d4c33ae080f8c831caf826aa3b,[4175],[4175],1,1,True,7.105427357601002e-15
9997c45c35543229b9ceffd9d81e7ac27637163bbc66e979b129d69a09b43a44,[4176],[4176],1,1,True,7.105427357601002e-15
0339262cccb0b0dce290a31cc039b60fb7f03447c28ee6c70591abce9ec5e270,[4177],[4177],1,1,True,7.105427357601002e-15
6aead33d39762ae78cac569a74348ef3ca0706f4f0887d14e50d2cfb5709ced1,[4178],[4178],1,1,True,7.105427357601002e-15
a0eb4d0741a9cb7748c812cccfae2ad710de78cf40b5a8a2b3b54c0c9eb44164,[4179],[4179],1,1,True,0.0
da940027a6bf18bc8ae0d177de0b8d85b839d009cb7c3b233c4e1446f4b7931f,[4180],[4180],1,1,True,1.7763568394002505e-15
917ca15d16c692ec03a598ffbba520dc6e09b537d76f9b0e910614180b25e5f3,[4181],[4181],1,1,True,0.0
7bf02db5638b0d5b03c6f4c9302837e5a0a2ec97dee2e287b0a2fcf3f79622ad,[4182],[4182],1,1,True,1.7763568394002505e-15
f9abd1b809461aac8fc75a285cebfa2df424f0732db65561271ae3161ddb86e5,[4183],[4183],1,1,True,7.105427357601002e-15
46002647d678eaeffa6c90eac87e7387259a65dd586742f15669179d59b8dbff,[4184],[4184],1,1,True,0.0
6acbfa61304b01426c6f01c24b762c6377fd04efe3310ffa340236f5f914516d,[4185],[4185],1,1,True,7.105427357601002e-15
3b2ecda0d6e5c6525547176511ac3d8f749f161bb418d85b1e05f0ff8cead39a,[4186],[4186],1,1,True,3.552713678800501e-15
e68d1d760b41ab1697f8595780f48fe452f93bc593d16978a2a7795b17fe43f1,[4187],[4187],1,1,True,7.105427357601002e-15
e32acc573624cb01195bf5ac38ca7a18ed77fa731a89f391dabdd877485970b9,[4188],[4188],1,1,True,3.552713678800501e-15
e846f4f98eb88ee38f2ccc0ee772069ca6e080d62ec856e133f03aa750e015d6,[4189],[4189],1,1,True,1.7763568394002505e-15
2404b9dca8b2f507e039208d158f98c73eb1c0e10c9d62271016247e8f56f527,[4190],[4190],1,1,True,3.552713678800501e-15
b0f9367026ff081edaceeb1d10470b98efa1961d1f7e2452f7b018762dfc5ac6,[4191],[4191],1,1,True,1.7763568394002505e-15
7a2c809ebce08272798e392abf6ac794a54f5922079f3eb961d1fc1ed7b762ec,[4192],[4192],1,1,True,3.552713678800501e-15
1fad3416bd890ab8fd5eb5a17fc1bc65a64a341b413f6fc425180ac85f761a68,[4193],[4193],1,1,True,3.552713678800501e-15
e7bae76da7c8771166f7e61552a9029bfb643b12e2ad7fea3f36a5fd5b71a7d4,[4194],[4194],1,1,True,3.552713678800501e-15
9cf157c2897b72585a57c8ad62db7362ac40d72ed4f2c49cfa3565ea16577ddf,[4195],[4195],1,1,True,3.552713678800501e-15
d4da6ae6e34cfe8862ca04b705ba20fbeb5ed5deec3d4e1e3efe5ba7069d5a43,[4196],[4196],1,1,True,8.881784197001252e-16
898f226cf3644bfe427c704159bd1b83abf5b3ef891c4822b0074e797d0f3a61,[4197],[4197],1,1,True,0.0
f44040bbab4cc32ab04d484710bd5fdf48d10c10e410557bca63595e5bdcd239,[4198],[4198],1,1,True,3.552713678800501e-15
2af46cffa92c94ffd385fd64b49ca9d2f260f45e25fad28a73120d7a68971366,[4199],[4199],1,1,True,3.552713678800501e-15
902b5d1a7c474a71af1b8a027fef43c0c9cbdc1a1a959866cd009187e9211ee0,[4200],[4200],1,1,True,3.552713678800501e-15
2e3563cb4ea2053cf1477c772f565e990d2a6dc6c991c8ef671f167df2cc8962,[4201],[4201],1,1,True,0.0
a5c175588a76ebc7158aed5493fb69a7a2269ad6087473a8ac977700be7b1e56,[4202],[4202],1,1,True,0.0
6584d4eee2d4f498ea7c6b25350274fbee5a8226e48e816440439fe9d94f6417,[4203],[4203],1,1,True,0.0
e3a195c16fe2d64cd5a2cf4ff318748287ea733975cc0e68c38edbcd804ac98b,[4204],[4204],1,1,True,1.7763568394002505e-15
c379f57a8ebf32476ae2946bb3b82480c2eda0d23dca9aa6c3a5ea34c9a86f47,[4205],[4205],1,1,True,0.0
267af8ba9d0fd569429b0e0cddc3b5b0f6aedeed176a1e2b690feb1433bf619c,[4206],[4206],1,1,True,0.0
694153e5c3ed2c70113b9af9adc141fb4feddf19156c4296c2525b6cc0fa2e23,[4207],[4207],1,1,True,0.0
9f5cd7a4d02d9a389775df61c0355bbbd183ce81be59ed26ca322a82fbc05382,[4208],[4208],1,1,True,0.0
c4c549597c0344fe870b6cb8f8bf769d7ae9dc728683f7d6d74d34271a36ba11,[4209],[4209],1,1,True,1.7763568394002505e-15
0d4bb62194d2087efa1ceb6d315b0c74a5d48d34e0cb1ea96aad0d0f93868bfe,[4210],[4210],1,1,True,0.0
3f59c02f96e367c2e0c382bf0888c9b497c67fe9eb7b6a151e904153226b1451,[4211],[4211],1,1,True,0.0
83732bb9d4ceefd919413e345b810d935b3947b505317cc4235584786c24ec19,[4212],[4212],1,1,True,7.105427357601002e-15
2d3443be41dd7a7238abdddb3461e17ab13d9d739f9adc71fcdc01f092d18b07,[4213],[4213],1,1,True,1.7763568394002505e-15
ae4598998611bba5b1b878f4c1cc135063d62d623618d3064bdebbdf7a253aad,[4214],[4214],1,1,True,0.0
7bc4a714c39df1505cf4afccb0abf07857bbac4ede396529e7583277e7e1841f,[4215],[4215],1,1,True,7.105427357601002e-15
ca5e61e4a616eaa73ba09d063d9848b2a0ab3b5a9446c2d6b7ce3de01b37e018,[4216],[4216],1,1,True,0.0
05b328bcb462275c9b1e4e19db494f9591356415d78dfc16e42987ef4663e98a,[4217],[4217],1,1,True,7.105427357601002e-15
deb2a9f16a499aedc18b9b96c565e5ec8632616da2828150744390596d2879d0,[4218],[4218],1,1,True,0.0
d739635cc3d293ffa92ee61e71a8820c8991750c5a117b4e947cb74e49581d05,[4219],[4219],1,1,True,7.105427357601002e-15
2da541f66f21ddd76d4596c5e1a491d48fa493ab09d536fa262313b22e17b22c,[4220],[4220],1,1,True,4.440892098500626e-16
0626af19a32264401bbc9c329cd59b9a8469601cded2b89c6e9139f77f4b9d15,[4221],[4221],1,1,True,7.105427357601002e-15
37febf94af206d1d1eb4147491ee09581854f2171915061c25882cad655f2182,[4222],[4222],1,1,True,7.105427357601002e-15
b90cf0c2271110383323eff7cd0f9003d21105b6d3b7b0c06fc712ac35c4eeae,[4223],[4223],1,1,True,7.105427357601002e-15
a6af99c5cf0a653d7d9dbe3aff1a3fd15cf139d7e43c780ee03b3eb6b4fd2d13,[4224],[4224],1,1,True,4.440892098500626e-16
210ea72684a115d09b98291ad7d6113425440809c501e766a3fdea15d6b6d35b,[4225],[4225],1,1,True,7.105427357601002e-15
965775469312613fd39cd08049b2fea6ecc48b5963f8e259e3b1c7247b3572b7,[4226],[4226],1,1,True,0.0
e7a3916b2d3793abe48005986246fc37ebabda32df1bb2f6461279b4bfdd2aff,[4227],[4227],1,1,True,3.552713678800501e-15
d0252071b1281204d5d7853581196c83a715a455d02c05d3875cd7046c5d324f,[4228],[4228],1,1,True,7.105427357601002e-15
585c8544ad842cbd94283f8030c22078f6830da2447e99cc6a99e2b5421fe8bf,[4229],[4229],1,1,True,1.7763568394002505e-15
0c62bbf280e9b7fefa5ef5b771ab6a98430d5c7aadf133b00e8e26501c3c4605,[4230],[4230],1,1,True,7.105427357601002e-15
ef8370c341be7a190e9a5844461e8a38b5d810100601c37a95daabe23d810fd9,[4231],[4231],1,1,True,3.552713678800501e-15
4a251eca55d85bf5616d07de420633a2a351339ff15d02ecc58b88c2ddadbea2,[4232],[4232],1,1,True,7.105427357601002e-15
3b2c08f6015894b14d6f692a29509ff4dae11821c8db2e76aa1e5b35c14fa17c,[4233],[4233],1,1,True,1.7763568394002505e-15
9ad86595f2984e8217a119c36808c3ac982ebf3ac81bf7a27d16b5bcb254765f,[4234],[4234],1,1,True,1.7763568394002505e-15
60a4f42fa2004493ae76ab720d91f4b0e70afdd09ac8f5689af9640dd8e7b68a,[4235],[4235],1,1,True,0.0
fb705086605ebc0614fc4b6a65d42d51c009079e7c9a4cf1051fea1be12a2acc,[4236],[4236],1,1,True,8.881784197001252e-16
b359a0defa9efc138eaf9600d1b91329affab76378b01232e5915bbdaf7edefb,[4237],[4237],1,1,True,1.7763568394002505e-15
62cda3a644b7a4b07c753c358140b1e5f420b4f15abc79b6d74ef3c6dcd889d5,[4238],[4238],1,1,True,1.7763568394002505e-15
f4302bd2932afbc74b65b1b412625133c77de6467370be878cecdbf3f6ae568e,[4239],[4239],1,1,True,4.440892098500626e-16
05cda603b1b44e21789805b52d87ea622f519131c7d265be99c2534485b89ff5,[4240],[4240],1,1,True,1.7763568394002505e-15
e9ae6170b76dde85b1c79542747270d300efd68279df9347f2c6f3e41e960f97,[4241],[4241],1,1,True,1.7763568394002505e-15
96127e4856c77893cee01ef5e05b6a6f471fb40f79fb05a8687d3ca548933483,[4242],[4242],1,1,True,8.881784197001252e-16
01ddc2beeb9edf132c04fce40df363cf56ec27437fbdf1f14bb64fda55f0c3f5,[4243],[4243],1,1,True,2.220446049250313e-16
27628d439f3ac4a1b56f5b665dbfb307c03b68d575be5117d77d3dc476c82458,[4244],[4244],1,1,True,2.220446049250313e-16
fbcd1007dff8700e63b5677b764f86f4b34f18426bda0d3f31cbfaa89b135e75,[4245],[4245],1,1,True,1.7763568394002505e-15
68d3b9e6864eab6fbc43ef4f2e64cbe7aeca77d48611775c08d8e257dbb73cd7,[4246],[4246],1,1,True,3.552713678800501e-15
5a87ffc01e64cb1446e91c51775a10d36b4a7bdc0c4dfa2a4e22b3f067c9a1b3,[4247],[4247],1,1,True,0.0
1306632a6f5a6447a8d3c990f2c25c5628f3360fc67282b94cd92967e1f494e1,[4248],[4248],1,1,True,3.552713678800501e-15
2d28f64c4851f6717cfa907ff1af6766bd931e7e390f73e63d9712cda32f736c,[4249],[4249],1,1,True,1.7763568394002505e-15
ac59b385b1609859ddb43ea6fa1300121ed87a4d93b5b2da7d4ad75d038b2831,[4250],[4250],1,1,True,0.0
ddfbd144c5c5df61381e49476f5057957b7b8b2da42b7bcb59f7282b98be601b,[4251],[4251],1,1,True,1.7763568394002505e-15
f98cc744ea35a952d9e2703f0ea16bd2747af3eae6d1570b35d90d14eba1b36d,[4252],[4252],1,1,True,3.552713678800501e-15
cabc4eebb303d10e747ff37d82c00b682fd272530ba98b362be5ecd7f8f90017,[4253],[4253],1,1,True,3.552713678800501e-15
2f89c2dcd488ae00119ea46559790942fe7e61088b51394d95f50fd7540e77c7,[4254],[4254],1,1,True,1.7763568394002505e-15
2f3f254287d1a519362a815fd01bb99c5823e3308d0d53814bab29188359b00a,[4255],[4255],1,1,True,0.0
093698e42b0361382ae43abc928cc7e998a4a54375be4ff294edcf97c14f048d,[4256],[4256],1,1,True,0.0
c277b31f70704150e0ffe0b98140ce2c158c8e7551abdfefab1ea1693fc48c66,[4257],[4257],1,1,True,0.0
f6250f7f24e2ff89ca40395988dca4108d30f78cf4bd79742c40c94898287016,[4258],[4258],1,1,True,0.0
ce18b9a301dbdc686145d5989bf9a7c71e9c734208d4afc7606a779c1eaad182,[4259],[4259],1,1,True,2.220446049250313e-16
e683eff2843193f10ead3dac3bcafb6b586ae2ef5d2a9a64e4c4dbef994df916,[4260],[4260],1,1,True,8.881784197001252e-16
9ebc2a70bc0caa7c61cde170488d766c37256a7ead3879665d6dd9667ff35833,[4261],[4261],1,1,True,0.0
1b4dd3c8e10ba80705a5975cbf4bf42a728e297589e2f1aa3b52b0d5d7c08bb7,[4262],[4262],1,1,True,3.552713678800501e-15
7614952f0d5866a4d66c15dafa71351641ed03a3f5b255e849d4a79a511b118c,[4263],[4263],1,1,True,7.105427357601002e-15
35a3759d162d85284eec4c5c42c88869a1e179483a7aa178f1b67b987aa1e5be,[4264],[4264],1,1,True,7.105427357601002e-15
7f4e3f440e18ed1f756e7e96f0bc09e14e267942a8cedab9bb0001748e86ba9a,[4265],[4265],1,1,True,3.552713678800501e-15
3b7dde9b07607dea616b48c7d773e24927fdfc0499ee766c3de2b602b7402252,[4266],[4266],1,1,True,3.552713678800501e-15
1a7ea85b581ba57520dc4fe62633cc9645a383330d02ae9285f8db29806aaa28,[4267],[4267],1,1,True,3.552713678800501e-15
2cc016c6a3de45cca48ad14e33d0aa444958310e3bc78ca7e6811b02e66b3ab1,[4268],[4268],1,1,True,3.552713678800501e-15
7a8b111a1edacc2af00a3074c8f54d16145b0bf4044a87d51899284de2301632,[4269],[4269],1,1,True,3.552713678800501e-15
d655409b186268f4b3f67d33b8f1ed551d5f51be26039198baa62e4fe52d39c4,[4270],[4270],1,1,True,3.552713678800501e-15
17e36efdaaeb79827055a59110d954344e95d17bff48db878176d1a7308a0d51,[4271],[4271],1,1,True,3.552713678800501e-15
7635a5c858a267a33264718ec4e7c594c6783b1237ca82be483d0b0c7adcd8a4,[4272],[4272],1,1,True,3.552713678800501e-15
ef83f88013da77dcf23ae84b62fc621b61c3939e72d8c1342b66b83c81c0fabc,[4273],[4273],1,1,True,1.7763568394002505e-15
cfeae408d9f239198530ea545bdb9f13e443c4960937e3b387c06ab8e1b0dd1f,[4274],[4274],1,1,True,7.105427357601002e-15
4d69b969c539af9f06b991de4f161a811057b6237861ce5bef519f107f204242,[4275],[4275],1,1,True,7.105427357601002e-15
2d421b1b279cc979faa85570dc7c0054067760a846da4dea3065be1e60202783,[4276],[4276],1,1,True,0.0
7594c9e034dd26c7d7c0f656227092b67b1718d17528e86ce0e308ecda6cc429,[4277],[4277],1,1,True,7.105427357601002e-15
01af1e101a80fafb0af35e154125ac5d066939dd90f76105334e84ca64f9a0d9,[4278],[4278],1,1,True,3.552713678800501e-15
3e0fa919cdb01d4ac8109601c4c805186d556dc98e607c395f2064ef697f54fb,[4279],[4279],1,1,True,7.105427357601002e-15
2c5e715eee3c41e950b1c972ee5643110c65abc9b5f17bd29260afa303955c93,[4280],[4280],1,1,True,1.7763568394002505e-15
072e6d17ba7ed0e072f83f0e1ac23e1b387869d9378773b6f0a4b5815adfcfbd,[4281],[4281],1,1,True,3.552713678800501e-15
4850f2e072316cca1ffc2adea60e9825bf6376fb92692e8f0f81a4562b520f93,[4282],[4282],1,1,True,0.0
580197fbbeb7689f008f1604d1ee99ba73a6aa4a7f50b43e8827922fb39334af,[4283],[4283],1,1,True,0.0
28d51021bdd6825496b05c393be3740b1790a00fb77fecf0c8dc14cdbc2c0757,[4284],[4284],1,1,True,1.7763568394002505e-15
e3098402cd267de5e08b6f1fd503736acbf7b56c63e172634ad26aa057efb67f,[4285],[4285],1,1,True,7.105427357601002e-15
75defb19797cacaec274296cbd50f3042c521c4bc39b8d9c53254be9af11c78b,[4286],[4286],1,1,True,7.105427357601002e-15
0fd7277223ce3505bb945cd758c9ec95f3031cdb014a9c014a6f1d389f939bb2,[4287],[4287],1,1,True,1.7763568394002505e-15
e5247133829cd77f8ae91c79c860d916f94a3dc42d5971aafb7049304351988b,[4288],[4288],1,1,True,1.7763568394002505e-15
a514791c79f33733fc0afa88c2bb4dab5f5939725b2ae9073d7572dde10b9897,[4289],[4289],1,1,True,3.552713678800501e-15
31e2cf43a901f1c40ec694da3059c395d9c86700c6c0e00292d0da07b1b812ef,[4290],[4290],1,1,True,3.552713678800501e-15
4cf518451fd9347f9b293fb4e65f81fbf902ce5e2cf8938f50cd13d521ee070e,[4291],[4291],1,1,True,3.552713678800501e-15
b75462a5466ee667f07e9eb781f2d05aeb616f873206e4e1939b784d66958996,[4292],[4292],1,1,True,1.7763568394002505e-15
a2346f534995702efc91c1164638b05fee299344739c3008eadbe07b1b7df413,[4293],[4293],1,1,True,3.552713678800501e-15
ca25c2d520fd2a2fdd452cf1fe2ba12f8dc5ededa5b3425c8d2bf61b935a31b5,[4294],[4294],1,1,True,0.0
f63eb19199b220e597bcb8a29fddf1c4118a4f12632a977f9951244041405a64,[4295],[4295],1,1,True,3.552713678800501e-15
6cd5acdc1dda6232bf430e49b6631709cdb6d01ef58d0e40ed1c45f7a8015090,[4296],[4296],1,1,True,0.0
2e83bc11e59469ef9731b5e06403768349205dd62f29681258b40b057296dc5d,[4297],[4297],1,1,True,0.0
d65f40c908f203f627b3087234512c8877ba2d895a82d0b8b4155766f344bdea,[4298],[4298],1,1,True,0.0
fcc96d5c5e9c53ccc7928bc9bffdb3750523f31b25d98b7e7af330e557a19b9f,[4299],[4299],1,1,True,1.7763568394002505e-15
70dfc1d209e3d7c5df9a2f9115fbe28b45cfd7669ce34f8ce022e362ab72b970,[4300],[4300],1,1,True,3.552713678800501e-15
523df2037e7414ce2668b70ab1c42bec90cc3a8e91efdba8fefda3a8ea290734,[4301],[4301],1,1,True,7.105427357601002e-15
cf4eb17473f1941ccab0f1704b064e8868d76dca6223d0156ee44ec9e7aa92ef,[4302],[4302],1,1,True,3.552713678800501e-15
076ca463572d267cf655c24f23d283d40c8ab8f816d5d711243a1909b549018b,[4303],[4303],1,1,True,3.552713678800501e-15
55e3dc3fbb367fe67597d8b835eefd7ea56380cab4ba5e2a411635607bdada0a,[4304],[4304],1,1,True,3.552713678800501e-15
7fdff78a4f22ab285bb23a477b5c7341752bb75ecb6e33f7e2d019bb6f19b0c6,[4305],[4305],1,1,True,0.0
2897b5234527162fbb0f69c4ca77188b5202f8cf2507acb405c49216c22fa61e,[4306],[4306],1,1,True,3.552713678800501e-15
d0739697b25adf9814044c3d17c29f631d24a7d7bf7c9b8fca8673dba6b70b57,[4307],[4307],1,1,True,7.105427357601002e-15
5466f62e13d6f778013df7836c3b6c91c3f0025fe382d060a69da2dba8343813,[4308],[4308],1,1,True,1.7763568394002505e-15
913ada19a97f0fed624a5aa2a110a385097e013a7bd89aeb5f0080a3a1a06774,[4309],[4309],1,1,True,1.7763568394002505e-15
95d060dee96ed597d30ae58bb3b804cd06669eb45c684c7061a1f77153d3c239,[4310],[4310],1,1,True,3.552713678800501e-15
a81edf516b4c34da2023aed2d983642bd65e0a502ce3bfd9edf5b11bf5a3ff46,[4311],[4311],1,1,True,0.0
40c836bf162017b6079624f5bb8991416e5591b58ffd354046a40be1d0fd1cd4,[4312],[4312],1,1,True,3.552713678800501e-15
a1464818ffbeef90f1f6ab5bbe3e8c76f5bc51ea2d311c67c62e29992d631705,[4313],[4313],1,1,True,7.105427357601002e-15
9f8ee45192e8bb121a9ff20baf1e086a7676aadddd66aa56e98547690f5e269d,[4314],[4314],1,1,True,3.552713678800501e-15
5f4365ea694664ebf9a667f14b9e17b1241aa53438655de344ce9618470a4ccb,[4315],[4315],1,1,True,0.0
148bffc1ddabad40251d06cfc98e0aa8a42b38d2144874e8237e3b802c139f6b,[4316],[4316],1,1,True,0.0
3b118a3eb7f28489a195bac22e93adbe02de54544eee83c73457bd87a7a83bc2,[4317],[4317],1,1,True,3.552713678800501e-15
08ab89207b12792301d8d6ae07e8cc27d44c701990dc906e060b42b3ee2b90bc,[4318],[4318],1,1,True,1.7763568394002505e-15
66cd63a3682022b8a356f267771bbdf7ac3550444407d49814d11c21cbaef7f6,[4319],[4319],1,1,True,3.552713678800501e-15
c3c5f01dcf74bc712439d7cf181ef8d094d557341e114bb003d94918e13ff02f,[4320],[4320],1,1,True,1.7763568394002505e-15
c8540fd89ff27e230bf9b889f28c4bd4ab6d165d50086d7afee45b0223c6e276,[4321],[4321],1,1,True,1.7763568394002505e-15
f20ed47c56ece41ef840664a97e3385fb269f5754769d07de7a0f6bf5a8bac47,[4322],[4322],1,1,True,3.552713678800501e-15
c931a77a8ab3bd13ca7293393d8fe9733cd93d3782b774a519029710a13cab61,[4323],[4323],1,1,True,3.552713678800501e-15
72f53c0be2a3615de13aa7264fc9b58e699ba259d5962d885b48f6ce0f798a8a,[4324],[4324],1,1,True,3.552713678800501e-15
b9c31d5356665dc389ba7957bc24dee0bade6e15b9bd0d32f3f76a9e0e977d75,[4325],[4325],1,1,True,3.552713678800501e-15
616ebbbc8f6139f05c483dfe48d77616072142bb0716e5a0cc8edb20c1df8064,[4326],[4326],1,1,True,3.552713678800501e-15
6216e49a4a7a2ca1f8fc0147476e9ea730cb3d2fc2a5820517e152b42a28d296,[4327],[4327],1,1,True,1.7763568394002505e-15
aea0985a97a49f0add043ea221c2101a0c8d19badecf7eeb81f2b31149fe188d,[4328],[4328],1,1,True,3.552713678800501e-15
e3a3848173117d82e25fec98d7c38f286e4498ae7092ac5347d5321294b64a7b,[4329],[4329],1,1,True,2.220446049250313e-16
f3dbf816c0e1990b1453c8788f84bf252170c30f0d5394e5a0511d562de2c663,[4330],[4330],1,1,True,8.881784197001252e-16
ac1c1f4ba8820cb5f09fe325562415160955075802970e6d32a25f534a5989e2,[4331],[4331],1,1,True,8.881784197001252e-16
817c7d0adb54575b45f15f558a127f7295c6566ea0cb74b4cbbd5af7c28a8d6c,[4332],[4332],1,1,True,3.552713678800501e-15
edcb2b0b020d75ea98b12cad3ef7fd52f2e40e80db3726ce50a2923dd409ab54,[4333],[4333],1,1,True,0.0
da86065a2c26a321b99725805aeb6a6e441dad022f80a29743a492bb8518ecc5,[4334],[4334],1,1,True,0.0
b61ce83c876392cee8f56392a484603ac4c68ef74e5d6de9b4f49d809d3bb9cb,[4335],[4335],1,1,True,0.0
d1b87f7c6dc70463c501d4a59dd14fcf89cc9102e7ab5f5fa18cef559ff4afd2,[4336],[4336],1,1,True,0.0
ab0892391c65e8c3ad8869f96362a1dbe8239bd8b7fa4c5ca464c60b73b5ff8a,[4337],[4337],1,1,True,0.0
4f91af83d3bce45679a0fd8a958fc11ee2301b86df3b297ca09fe613235cf3a5,[4338],[4338],1,1,True,3.552713678800501e-15
d56751e55e5df95bdc460f1b6eabf2b20f66908d1a6a3da37021098754fefa56,[4339],[4339],1,1,True,0.0
d5174600560f8e91d7d3c9f4b93fe0537db7dd550e6bff044f5f02074c66b5a9,[4340],[4340],1,1,True,1.7763568394002505e-15
ea31e832bb70125e4903d33c8b6b99ef5b1c69e2da8f50154735bdf1fd4e6b30,[4341],[4341],1,1,True,3.552713678800501e-15
6c12bd2c9c10e855abbb24d6784aabe9793f7045891eb1d3f105e7acbcb29502,[4342],[4342],1,1,True,3.552713678800501e-15
2803e78f1c5a0fede451c09512111b69f720e0d1156221a4dbbb81dafbda0c62,[4343],[4343],1,1,True,3.552713678800501e-15
908fc8639b98834bd5bf8e3cb39089111fc16d625d07170df1d6c9bf3fcd65ba,[4344],[4344],1,1,True,3.552713678800501e-15
1331b947fccb4eef85f500e324a8e42309e445d20b1477f47fcd8461f53473bd,[4345],[4345],1,1,True,0.0
0a4f18b7ff5269c037f15ad1d2d056ea5ad0fa7bd6d6a2cde0ac4aa906f32b59,[4346],[4346],1,1,True,0.0
9da1f6daa1690619be5493abc61e60c1b8606299d92ea1ee56b0df6b74b3b59b,[4347],[4347],1,1,True,1.7763568394002505e-15
9b2cb4427d1d0493b61b6679a8b96e6dabd292da11253de21c47f8f87a287c36,[4348],[4348],1,1,True,1.7763568394002505e-15
2dbec64c428d00766ff2d6d5303610f0fe630d1e8a5535fa93b39f4669c5878c,[4349],[4349],1,1,True,3.552713678800501e-15
a5f743568b53d26fc472a8c2dff21afe2dabd35f4e2c3f7fbed39f3bf001895b,[4350],[4350],1,1,True,3.552713678800501e-15
137a7ba053bc93a4addbed25111cee6950387cd91810df13c3df36a030a6fac9,[4351],[4351],1,1,True,2.220446049250313e-16
ff25aa5d8ee099d89e41c11dcf5bffbf45f849e10843bea8c68b23eee202e5e8,[4352],[4352],1,1,True,5.551115123125783e-17
bd390412a4007579e42515cbc787c7ff07e7a37ee86fe4e449152a30ff03b909,[4353],[4353],1,1,True,8.881784197001252e-16
c62725167db5ec6a0dddbb2e933e05644613dd57a0b2267ec6908ce0edeba2df,[4354],[4354],1,1,True,4.440892098500626e-16
9dc83af673e4c753781a1e0fa846ccab07fed08971872636c1881e9bbc436b0c,[4355],[4355],1,1,True,4.440892098500626e-16
e957db0926e4b34769caf7113404254e36c75f419d761c9993c54c627c500764,[4356],[4356],1,1,True,2.220446049250313e-16
fd25758782fd81d0f19815d0e6d9470ad62ce812707b00ce745febc884edba33,[4357],[4357],1,1,True,0.0
1730a16a3260fbb68e324d4b625d841afb577acc007f2848dfb462dcc8a6be60,[4358],[4358],1,1,True,2.220446049250313e-16
1f9f7af1c1d4b92ef201bbc07de483f58a0bf1eec3abd084ca4f2acd591638e2,[4359],[4359],1,1,True,7.105427357601002e-15
510ead926cc0ee04cc8a780a84af7e8b2d373e92e3e27c6d4d7b6c6c383f6f47,[4360],[4360],1,1,True,1.7763568394002505e-15
a5e59f2cf19947d8489314b1e89b845a505a2c14f4e2a0ef135870b6f6d8808d,[4361],[4361],1,1,True,0.0
e938b2b2de458681994fc973af36b7774bb036e9878af8134a74aec8ac1d0e2d,[4362],[4362],1,1,True,3.552713678800501e-15
10507f4a0a0b84714daec6cf148ba5bdedc8f26b73700e8478ce790612e904dd,[4363],[4363],1,1,True,3.552713678800501e-15
aac7114d94b04e9e3960385f483bfdcd1237b406bb6bd1d32702388c3fcc6d7c,[4364],[4364],1,1,True,0.0
c3c35a7c0e27bbebcb94ff26526028dd1fab777b8cbb33bea99336f3a5e59f61,[4365],[4365],1,1,True,1.7763568394002505e-15
0284dc542292544c7de67ae5c8c4ffc20ed2626b6431bb33a1d54643ac32c6aa,[4366],[4366],1,1,True,0.0
50408b2bad2093375de66d5252c69f621502c71dde22e4cbcb7ad645b7951f39,[4367],[4367],1,1,True,7.105427357601002e-15
033991fb7f96f8b17d9f0d2bf31f56e3e7e2581ed5a82e8bfc93f3438afc9018,[4368],[4368],1,1,True,0.0
f6ee598cd87fd7deeed147bb260197239fc5c4f04f2d05ab3c13572bfddb1562,[4369],[4369],1,1,True,0.0
0f41b614e64d2fbe2cd2a22c1cd7bbc1c315a8a2ee70ac6b54d614c47dc1a369,[4370],[4370],1,1,True,3.552713678800501e-15
0afd6b79e1d383b1f5c162a0aa025beb0ad6aef917a1494da4e68344029513cc,[4371],[4371],1,1,True,3.552713678800501e-15
207845e52e51c2a7951ec0687a60dbf86addba2cc5131322bcec0a6d4beb6557,[4372],[4372],1,1,True,3.552713678800501e-15
cdf52341ba5ec672c3d696fa186c8d91ecaf60535517569e2301097b7c09e8c8,[4373],[4373],1,1,True,7.105427357601002e-15
1a309a39463db3f8f4e7608351714922ae76cde72bfdeac01c0f05a77d2f1dc2,[4374],[4374],1,1,True,8.881784197001252e-16
760554b922de097e8fa547f8d7eaa884b799a0b232427f1d422813f5f8a64673,[4375],[4375],1,1,True,7.105427357601002e-15
3fbf413803b82a67bde7680207ebcfe9fbe6b1d442a7bf5618ff6682ef91f7b4,[4376],[4376],1,1,True,3.552713678800501e-15
c39ff4e9b5e51675526ea8e84c374a2f38aacbd6fe26227b718287e047cf2ff7,[4377],[4377],1,1,True,3.552713678800501e-15
66a322c26985fba6cfcb3c0186e966e696598947d3a614843cd5326530186956,[4378],[4378],1,1,True,4.440892098500626e-16
d40f4252a15d553c2b70c49e8987e96114da25747fc4c60b56d4b2f360fcda7c,[4379],[4379],1,1,True,3.552713678800501e-15
e58ba109a5b0de6ba834d15094ed10069bd07171303dae8e5cb8cb1c56101ab4,[4380],[4380],1,1,True,3.552713678800501e-15
321cc140d29a43f71c5e2abe96f589eeaad723707050cff02aac3abd7526904d,[4381],[4381],1,1,True,3.552713678800501e-15
d2a7ab1ff720ada0bdc50c538f7e063a5f2871a96b9cb4ddc2f74afdc2197705,[4382],[4382],1,1,True,8.881784197001252e-16
ce89162765d228d0b5ae74e0c8d4629d1c53ec2086d743da96f2fd3f8f3daedd,[4383],[4383],1,1,True,0.0
75491018ed28191f11d64e3ab6a3f7ca99fbdaa43385762ae898ba8e12dd25b7,[4384],[4384],1,1,True,1.7763568394002505e-15
fdf245426d83e8273eadf3dda63a97024c6bb654bc05169206a2799889b489fe,[4385],[4385],1,1,True,0.0
1cc0550fc81697a7ae1c6aaf06278a54d72e65fb302dee66a83ac8ff7f59e5fb,[4386],[4386],1,1,True,7.105427357601002e-15
1a234ed788d5fe0010cacadf3253e3f4bfc675fa0a11d24c5f71a0ed13249f70,[4387],[4387],1,1,True,3.552713678800501e-15
9f4a09c516303dbfce4a4f5a8cee65a8c2966709b793569100e2b25e5d841c12,[4388],[4388],1,1,True,3.552713678800501e-15
de04c14bcb2b4772b1ce2b1b35e2bb8ef9345a8e0b3c049f9c28b85e007d1551,[4389],[4389],1,1,True,7.105427357601002e-15
93f590c945edbc2c14be44d4f7c0381a851dc40057e6298b7efa7857423acfb4,[4390],[4390],1,1,True,7.105427357601002e-15
e4036191b06e7c545c5030350f4586d11507246c6e9a0caa2126825cb4f10c26,[4391],[4391],1,1,True,0.0
d003e1e103afe4f8126f2310eb9ba5448b698ce724c25c3ee036e349c5429c49,[4392],[4392],1,1,True,0.0
4df9dac02c9ebbe54271d6c9a71df8193d81b5e663b033c1077abed97bf02b11,[4393],[4393],1,1,True,0.0
6dc53bc0006af49fbd4c9439be70a91826982f1940acd6fe707f89eafedf2772,[4394],[4394],1,1,True,3.552713678800501e-15
a83d3ea065d77b08d53b209657d8b7761909246c12eb5dd8814bfeae91af49ea,[4395],[4395],1,1,True,3.552713678800501e-15
a1634e1900b6a95df05630422d9460457d3bd2eeb8d356d8717647d3701ec551,[4396],[4396],1,1,True,3.552713678800501e-15
20bdf33432783705f484b0424fb1e75cf6e712c6fc4d74d148b205f09a63c07d,[4397],[4397],1,1,True,3.552713678800501e-15
f2f8912e991b764aea926bcd40b15b36b17e2367f2af98c9928b591a790c182b,[4398],[4398],1,1,True,3.552713678800501e-15
adf79c0b0d47d1246fc3b85dbd78b44ba5f5b8ba66f497e9dce5952bd9e728e5,[4399],[4399],1,1,True,3.552713678800501e-15
aa977750c12305026249f5ce0cf1e73c1e925fa959c99388beb0e1b8ae1dce19,[4400],[4400],1,1,True,3.552713678800501e-15
ecfb0c754c35dbcc177becd9114e4a134b3bdc51dcf1567abeb3eeefe9826b18,[4401],[4401],1,1,True,2.220446049250313e-16
db704c8523aa220ed686a044b0321e31583823e889fee44fdef09b2615481363,[4402],[4402],1,1,True,7.105427357601002e-15
1bcc319d930c80378147c7c29579768770a9a7afc9ce737cf216a90d46bb0709,[4403],[4403],1,1,True,1.7763568394002505e-15
60cadb5e60914427f79b71c86d95e139d1b9135aebba96018b4d6fd4e374b146,[4404],[4404],1,1,True,8.881784197001252e-16
57619e52037cc768da37fc4ac3b30c3b2fe7b00a815aa904715cb796de780314,[4405],[4405],1,1,True,3.552713678800501e-15
44e7613d29dfb988f1b665bc83e4c63d75d38f13b8bddf447b2acc0af1d7cf30,[4406],[4406],1,1,True,3.552713678800501e-15
bad7aec2325b1d7e9b9462b8353d7f9b927f10b9ceef9b171d4f78f5aca0cb56,[4407],[4407],1,1,True,0.0
b19805d3e30a30ee26cbcae2d5aa4aec510210ad0b3346ee390bfc8070415b3d,[4408],[4408],1,1,True,3.552713678800501e-15
1a90f1b87cd6d044454098fe0806da7ac1e07f30b23d6c5b5019e4f324db79d1,[4409],[4409],1,1,True,1.7763568394002505e-15
06063f975fd9cef8988ead9e4d8e7f51c59946ab3733531390d7086230764e41,[4410],[4410],1,1,True,3.552713678800501e-15
55af582a1a0a36866b4978eba6671ee981b7c4a49656b41d771c8fa81037cc4e,[4411],[4411],1,1,True,0.0
8d4134055934b480a220a9b9b3e699127e5dfb031b6e88700afaabe6c0902bd3,[4412],[4412],1,1,True,3.552713678800501e-15
00584ddad4fd3667c6704c4dd694b11c83d83c790bc175b7f8dd6e1b06a8086f,[4413],[4413],1,1,True,0.0
bac289469ac96be478d59279f36cd6427c935b5f4bb6d5ea253171e160244327,[4414],[4414],1,1,True,7.105427357601002e-15
f1de13213223279b99bcd9fecee307d68bfeb904a115acb8e27bb3d9c3db2a7e,[4415],[4415],1,1,True,1.7763568394002505e-15
597b03fe315890128691f040588add68cb001c3e92e87a11544473e79f36117d,[4416],[4416],1,1,True,4.440892098500626e-16
823329219dbb2a8d4f705c2a26c4011aa58c4aa844fa5c9a84d2489f0193a98d,[4417],[4417],1,1,True,7.105427357601002e-15
6a27a314153cce1495caf6e4410a050f5fa22a96c94c687f3c5c9247ca2fc6c6,[4418],[4418],1,1,True,3.552713678800501e-15
1b2eb1030daafbe99066167f28b3a230f7085276ff29af827b52399cf0144cd8,[4419],[4419],1,1,True,0.0
694c01313a70027e4b5a7ef91faeb83bf10585aa23d3e2a448d2969ff1725bfb,[4420],[4420],1,1,True,7.105427357601002e-15
dc36193a15e74fa71c1e5d592c853e478415e40a28997e82f589308e0f024cc5,[4421],[4421],1,1,True,3.552713678800501e-15
ace9b6e73c8a716df5269e3cb946790850e91be89c57f59d70bdaf94101eb309,[4422],[4422],1,1,True,0.0
e8778337713a35ec521cf2636c2df59411de3b480a742df923e216cd33521e03,[4423],[4423],1,1,True,0.0
5896f81215d42f4f8e1730480084e49187c583d9cdbec9e079158fdeb439c65c,[4424],[4424],1,1,True,1.7763568394002505e-15
1eeabbdbd6e2c6a871fff4008df0268a4034cec526a498e7e61cfa72bd797087,[4425],[4425],1,1,True,3.552713678800501e-15
f218a47ab3b53528b8df1f81452e0b767689e950306472b563ee595db7a1a6db,[4426],[4426],1,1,True,3.552713678800501e-15
fd8fdacc6b0edfcd118d554da8aad8b2cd027676fb4b26b28169738164983bab,[4427],[4427],1,1,True,3.552713678800501e-15
78659ea228dc8e82808b3f9bf6efc0742d306ff411a92ae43ca339ae2cd2e2f7,[4428],[4428],1,1,True,3.552713678800501e-15
79ff9d04f775184744f33e7144b3587fbfd1b5a28e39f9d10a0fe3ee2bc9cbec,[4429],[4429],1,1,True,3.552713678800501e-15
c7242d127be2532a6362928356897d7a06fb5588294c1223f63cf8ab2f8ac1b2,[4430],[4430],1,1,True,0.0
6f3ce1d9e630dc0102c21800057e92b29069e834d76ad0185fafaeb3979e763b,[4431],[4431],1,1,True,0.0
414804f5905eae5d2b834b21cce19c696b51c86f35f9d482b39e04ea13a16fb6,[4432],[4432],1,1,True,8.881784197001252e-16
0ea91b4f2eb9ef8e81ba4388d56e17928b88d699bd4d0b9fd01897cec3f8e57b,[4433],[4433],1,1,True,2.220446049250313e-16
b759cde48fd0efb2f0f1e06e0efc44665397c4efbf7f8cf5412445f9f18a0d20,[4434],[4434],1,1,True,0.0
96d8b588bc74eb787d573c91d198adb8db9764696569bb342f7ec1c46b91dcb6,[4435],[4435],1,1,True,0.0
365db1d2900c4d69612caec4816f2137a5ab7cf24830a44873374521f9e1d31c,[4436],[4436],1,1,True,3.552713678800501e-15
2df889405049eb742e99084189597dffccb0b0fe4f97a4e5ec7747f8bb9160af,[4437],[4437],1,1,True,0.0
007a4e227ab6adf0a9403fccac6941ac2912512d657aa913caabc44eae426e89,[4438],[4438],1,1,True,0.0
dbdb893ea6ade5de8f6027e15d8fb3941860a36894aa4b52ef42f8240d5e82b1,[4439],[4439],1,1,True,1.7763568394002505e-15
3342397da8aaa3d2a7dcc95c1af9601ad198ecc0a80b1621e6d34f288da73346,[4440],[4440],1,1,True,0.0
839833dd8830b401e96ff7a74280cf6b7bfe2516ecda4e31755add05597a8c23,[4441],[4441],1,1,True,0.0
7310c52a6614198293e27c087685a1c136eb7736c1ab243717562821f2470130,[4442],[4442],1,1,True,3.552713678800501e-15
1211e3b75f1ab2fd1f896eae693aac5e54f8ef40ffff7c589e3484cc309bf5be,[4443],[4443],1,1,True,3.552713678800501e-15
992d5a389a9d2fd4fd25a11b3593f0b5626712d0ac34a44bb4f09a6616021650,[4444],[4444],1,1,True,3.552713678800501e-15
faba250f47e0ad07a433a3a1d4ad78e947b2742b187d95334b2d9015d07e4d18,[4445],[4445],1,1,True,3.552713678800501e-15
1884fdc2516beb7623a5d11cbc38693f969df54ae77764a2947979f66e5f93df,[4446],[4446],1,1,True,0.0
09d9027d86e3b6bb13817f0104381836c2a8a5c040f36986a8c928bcea70525f,[4447],[4447],1,1,True,0.0
71df7a216855790a72171593f4c03d8e4d284b908326bdf8b1acaac75b69e800,[4448],[4448],1,1,True,3.552713678800501e-15
82d71e4017ce60014710fc47a156e173509d884aa6512e246a296a19fc7a5a2c,[4449],[4449],1,1,True,1.7763568394002505e-15
36e5a29a24569d3031abab86534bfc6cb1d7540ddb79714195e402836b56d7bc,[4450],[4450],1,1,True,3.552713678800501e-15
b7c8727205acab4baf870a77fc735cfa77c92a2ecc2b16b71d734f7c458298f2,[4451],[4451],1,1,True,3.552713678800501e-15
ab9c04bbb2ed1a7c71ad624c93b62675c791e847a4f44fe210016ebd241181b5,[4452],[4452],1,1,True,0.0
e36ec6404064c028a3ba84de2fffee1728b556e4b84825ea39c531b90623280e,[4453],[4453],1,1,True,1.7763568394002505e-15
516faf96c3596b8700d3fb9644cf6faea3fc1bf916a4290c2553146c0e4d30e4,[4454],[4454],1,1,True,0.0
a0c6823e940410cc6994d6b93b80d8b72f9afab5479dc7facdc84f6b28c9b1d9,[4455],[4455],1,1,True,0.0
2b09c80e97f43ecc3147aa12fc59b2fd676cd2702f974e598c2971791dc85702,[4456],[4456],1,1,True,4.440892098500626e-16
347a7ece2deaf75f9cdc3f6ac826e0e27b7b356def05cc2547d1a9701a3bd75d,[4457],[4457],1,1,True,3.552713678800501e-15
0823bb764a50a2e0d2b20be609db5c8b73eba722bdb2667bf951a7afd588648e,[4458],[4458],1,1,True,2.220446049250313e-16
b39b79a47013a57f5a081887045a2e11385ee60d8c8f6824207060d8093a91c9,[4459],[4459],1,1,True,3.552713678800501e-15
f796391a7a83a4b9aa1472fe277f3bf953f5275379b98d38056fe5b7bcf34c72,[4460],[4460],1,1,True,1.7763568394002505e-15
af59baa8dd089d5c0108c5e46c81c87e9be51d36ff47c4944b9e0e7fd132f107,[4461],[4461],1,1,True,0.0
66ed16bb76982a3d9a2f7ab34ef2568c92d8289092f7795763663890cc38e602,[4462],[4462],1,1,True,3.552713678800501e-15
a3da7b6bf26b6320d6b95b3a60177e4138aaf9010697e74d4f1c2f54edc1e393,[4463],[4463],1,1,True,5.551115123125783e-17
30b554a798c3776186df5af2e05b03550d7ead453982ee7a8def0a39808af9e1,[4464],[4464],1,1,True,0.0
e60f828cc67655ea8e91e1b9bf4c47884241c0222a7564ec85509d73527883d0,[4465],[4465],1,1,True,3.552713678800501e-15
b39038bcb04855b63655a6ba60ced3b2330302f3ff7f035870ac2377f7e1ca66,[4466],[4466],1,1,True,0.0
ae39fd2a192cc6b736742bc8860ec56333008392041057d62e22560275816e95,[4467],[4467],1,1,True,3.552713678800501e-15
08c85ac78dae4b0618295f27c2bc975bfdf3d6c00d95b2b4c8c8b5a25779c101,[4468],[4468],1,1,True,3.552713678800501e-15
aa6e0903151aeff03234a153e19a9d7860b639d1e88a420fe4d55797f32e711f,[4469],[4469],1,1,True,0.0
c410ab62e338d101cd2a66d376a888c70cdd40736e30729899aea83ed917d760,[4470],[4470],1,1,True,3.552713678800501e-15
d8e42c20db2b30f420e30ca673691b1005673535407f8cc972e567448fed49ff,[4471],[4471],1,1,True,1.7763568394002505e-15
145dde1d5fc4b9deef3309656c6638f4db6de06e28fcc342429343c67bb9322a,[4472],[4472],1,1,True,3.552713678800501e-15
430b86553f610cd6e567b7c6f4edd09929ed2abcb5644ddd68d0d812cd5c5e22,[4473],[4473],1,1,True,1.7763568394002505e-15
1ae81bdb5ee96fd4577cb675db5c96ec3bf57d2099372aa121dfc60d89ddb99f,[4474],[4474],1,1,True,3.552713678800501e-15
934760f34c86253c41956ec389231239fd7537181ae0b8110fd386f8f4239af2,[4475],[4475],1,1,True,1.7763568394002505e-15
8c462be83c8e6258fda25a28d5fbbe7d35777c9aab3739a3a4afa5d61407bc10,[4476],[4476],1,1,True,8.881784197001252e-16
3465f865813662b94c31e71bc4899d6f357f7d200ab1f28a0c831f9967c4f50c,[4477],[4477],1,1,True,0.0
1afe461f145b949cc15e4d844877bd20190a0a581cc8f136e2a5d76a00f2596d,[4478],[4478],1,1,True,1.7763568394002505e-15
e57b0b9fedbf484853864cf1e6eba24469df04851a81ff6ba3596e65c6028e01,[4479],[4479],1,1,True,3.552713678800501e-15
4e8f7ceeec52b6f61e2a3731ecbd9a78ba189b9174e082b6e22ae3559ba97852,[4480],[4480],1,1,True,8.881784197001252e-16
af81cad918ad3fa61a9331860113caacdae881e43890022640fff98f0abecc2c,[4481],[4481],1,1,True,0.0
5ac750aa8441ef3f5f9077c72144e926824294d70696f2364a8c35cb9e5fd355,[4482],[4482],1,1,True,0.0
b1277f52bd10400b47a3189b268d198f14602aa31c34301caed2bb3daf6faaa6,[4483],[4483],1,1,True,1.7763568394002505e-15
bac8e5ba387f6bb232f8fc9f25fc0f410183d067c3ef0a5b1200025306ef3961,[4484],[4484],1,1,True,0.0
4ad5da94f88cb958d934490ec5e936d40fc8a8b769880beeb847632dc7c5c69a,[4485],[4485],1,1,True,7.105427357601002e-15
acaa4d7cfd788a9497b809c284f7cb70ba826756bc4680e3f196b6e0bb1b77ff,[4486],[4486],1,1,True,1.7763568394002505e-15
f740e75088ed37dc406fba9e010a813c555dfc7be71f5f9f0e58c7b04a6f41f4,[4487],[4487],1,1,True,0.0
989cc3e0882ad68318e0ac161b63b0f450d777a511fc5f3f4d7fcd0a312d73f0,[4488],[4488],1,1,True,0.0
1cb2961f96e26a433fc3adea00c9764c525904fc3bbb5d5209863563062abfd6,[4489],[4489],1,1,True,4.440892098500626e-16
65959247a3f3492361555fda4d994229f2321ff2fa9396a4d6d33e7d450729cd,[4490],[4490],1,1,True,1.7763568394002505e-15
051b2f1b43d4d476c5ad1b189d46020b26044623aa1c28826387e1adb3661b1a,[4491],[4491],1,1,True,3.552713678800501e-15
648e0b2e8fd8b07fedcb789551b3d2cce691c39e290793cca71b11f38cc27889,[4492],[4492],1,1,True,0.0
c6eca0fc05f079e9aec12e08e72862989d09843e0434a715e039f7c04a22cf6b,[4493],[4493],1,1,True,7.105427357601002e-15
57567e3dd1ffa80d07caf6afb48f9ab736c03d145adb29fe3b87c1083b558651,[4494],[4494],1,1,True,0.0
0a58fb6df583d6dd2131a0cc71eee87f10606334113af2bf25aa5b43e07f044c,[4495],[4495],1,1,True,0.0
298781a000e17b4e0fe6734f514468b94dc1ba3ebe4aa205788225fbd2ac0b44,[4496],[4496],1,1,True,1.7763568394002505e-15
6210174c746f736810ff59e408893420ddec9075eea93510957a9ae2bac9b659,[4497],[4497],1,1,True,3.552713678800501e-15
505fc563d544f35a5c6639701deffdcb5cee6289448b3c53c377afbbc6bf5351,[4498],[4498],1,1,True,1.7763568394002505e-15
84fbcc90b12d55a663d9d28e23cc5e9718220e10a13a23acbb69b7ebaf6669e6,[4499],[4499],1,1,True,3.552713678800501e-15
2048f7473ccdd7cd70067a1ef9b29ede00863a7b7d85a971055f044969789ecb,[4500],[4500],1,1,True,1.7763568394002505e-15
fbd9063aa55ed656cb82df8a0374b9428a6fe109b47362dfb53589c0fd187252,[4501],[4501],1,1,True,0.0
b1682e4b7a56df4a0498739cac27f1142021a9a0ce3e9d6ac7603bf655f6512d,[4502],[4502],1,1,True,1.7763568394002505e-15
64a12173ed455a8d1628e6a6ef112e81695c5cca0dad45b4cd2105f6669143bc,[4503],[4503],1,1,True,3.552713678800501e-15
cc9271ce4224c9a165d8f8050c141685d66650d139985f30ea06e1b8f3c7ade8,[4504],[4504],1,1,True,1.7763568394002505e-15
749b81753e2260d9a28683af0db9611055b780226c1747473be4e591ae4f6cda,[4505],[4505],1,1,True,1.7763568394002505e-15
89325384769df02df99efaa290f15b27054fcec0f9dbb915413a0659a6d35825,[4506],[4506],1,1,True,7.105427357601002e-15
d85dcfaed6d74ae3408ac32985ded79ca00956feceb170f1dd217b61197cda22,[4507],[4507],1,1,True,7.105427357601002e-15
2b468772174b47dc15f792ca5e7cfbdc4675c7c19aeedc003f100f417ab95dea,[4508],[4508],1,1,True,3.552713678800501e-15
fb4e0b6b60e992297ba2fb8e8af4ab3e192cb2d5b84a25c29f1daaa30ac9ce34,[4509],[4509],1,1,True,3.552713678800501e-15
b18e5f56a516bbf1fc397b598ac079e94fe494fecff79fa2e0e1fd385bdbd260,[4510],[4510],1,1,True,7.105427357601002e-15
35d520fcd2bc2bac3f88c4706c2dce6cd5101e86fe7c2a5b9209a366ea1f6123,[4511],[4511],1,1,True,7.105427357601002e-15
e0d25655a023801fcaf0e4e4918af1dba39031f0540e6480b4efe33359fa24d1,[4512],[4512],1,1,True,3.552713678800501e-15
ef6502206b66eb88beb067a9d057c091fcaa9bdcff84bcccb32c632d1b9315df,[4513],[4513],1,1,True,1.7763568394002505e-15
60e3e0ff2b4c48451008c52a47c6564a1ab4029983ee092695f5717436a11b21,[4514],[4514],1,1,True,0.0
745de50d4c4a15639a66a8645b336910c773d5893a7e2691b463d049a608cff4,[4515],[4515],1,1,True,7.105427357601002e-15
791a18cb9fa961255de52e394909811d98169306cba2e4444d339f015ecf3acf,[4516],[4516],1,1,True,1.7763568394002505e-15
a50467b1211c9904d5d426e19bafc9e9a8732da673f3cc97dd810f36c4ea20ae,[4517],[4517],1,1,True,0.0
24b85367d1428b0e8036691b62afc54ef5cb9b9ddeb4ba209951ca5b11a64bf0,[4518],[4518],1,1,True,7.105427357601002e-15
b9c2bc519be487ef6c888c30e8d37703dcf388e812fec7d449a8ac5ae96ba90f,[4519],[4519],1,1,True,0.0
18315d6aa65f88044b124425b9532147d0d6b99803e7bd10935ea0f5ed801030,[4520],[4520],1,1,True,7.105427357601002e-15
b5a82e1f32d3802ce2081a3763e055d3fdeec7054a0288feb6511596c588b4ff,[4521],[4521],1,1,True,1.7763568394002505e-15
14e853ef5be18c7a6f6751becb6e90ba83cda3bdffb2be6020a2f4db0ec6aa11,[4522],[4522],1,1,True,3.552713678800501e-15
f82f2af02a065f0107da07304b69a1743d406ed29e54df658705ccc5db26d806,[4523],[4523],1,1,True,7.105427357601002e-15
43a4bea4cb70bf1650bcb5a640b23877218e3538749ab3457e8d02fb69641539,[4524],[4524],1,1,True,0.0
a12f8f33794d823a02897c60c3ee334ee5bddbfdc416c55cd8975d69211522a9,[4525],[4525],1,1,True,3.552713678800501e-15
d546ef71d6a426c19b2ebcdc70a77b331a8c310d12d7284b5e38fe1d3c3cd9d4,[4526],[4526],1,1,True,0.0
8026a0725472c6732678add008026aa99c54aba0dc38bb17d0376b10e9039a14,[4527],[4527],1,1,True,3.552713678800501e-15
a74675df375a86547361afc1a91da656a85a614ca7ea428c22d70ce0617d2dac,[4528],[4528],1,1,True,1.7763568394002505e-15
68f99e5b41fa4e3616281be681e9c2977d96b929ce1717047b686addceaabe5e,[4529],[4529],1,1,True,1.7763568394002505e-15
018142aa5203709d604d1e3d8ad628d502d1b1a656125a6878dc6a851c8e095d,[4530],[4530],1,1,True,0.0
4e13e79e194dde484c26f75c965601c295f87aefd06add0c08509fdaad602aa3,[4531],[4531],1,1,True,1.7763568394002505e-15
3e0619f6de2f52ccc80f223ee8e35455842f97e607f292b314a942e0bf394071,[4532],[4532],1,1,True,0.0
3a076b70fd11f52d6c37c235ead6b358473ca1173f15bc1d643dbd3868969944,[4533],[4533],1,1,True,1.7763568394002505e-15
72c64be68ede1c83707621ec7631b7265b030d8622ec8897884e87c23f651bf2,[4534],[4534],1,1,True,0.0
1501bc0e1755b361ddf9a02851c0331753aaa347c652190e8277648f362918ab,[4535],[4535],1,1,True,3.552713678800501e-15
655216b29efa0d1a6f9e47ff627879e24a5d6fb2d0abcdaf552685825d57d01e,[4536],[4536],1,1,True,7.105427357601002e-15
ef2d5e2ef633088d2530118be5b7666477637bedc63df77f453019b92f3c91e0,[4537],[4537],1,1,True,0.0
99e3bc9b5cb232e5fd4d739d02187c47614506416f93d87564079f92d27a4971,[4538],[4538],1,1,True,3.552713678800501e-15
eb4d5a50c6809256098b99b22a7e33007667c563ba64e461fa33c7b13a937124,[4539],[4539],1,1,True,1.7763568394002505e-15
1e5493587a2e4da88bdaa98045dff0b91b0c3c51dc8d64db8fa4013793224000,[4540],[4540],1,1,True,7.105427357601002e-15
1dd19e381f92cc9cd65056b9d512b9b3f6e1b158324e82a3889c12de4a8fe527,[4541],[4541],1,1,True,3.552713678800501e-15
18998d1c2c6a31ad667187d270959a9c31acc323328a5a0088952d45c07805fc,[4542],[4542],1,1,True,0.0
a7a1ba685f94cfd43142ed4bcbe845b6e05b8477ad016879e438d37a182a0b5e,[4543],[4543],1,1,True,7.105427357601002e-15
e1b0dafed79a8f9996557af9067b28b8876da9c5cc483209cb44460d082af296,[4544],[4544],1,1,True,1.7763568394002505e-15
45162aece93d29521034b21772a167c37956413df281b8b95a5fa57e567b8084,[4545],[4545],1,1,True,0.0
4a6c8f2e3123414abf8a966fc5d7c60ce86dddf3635dfb26cead602dbe3bef2d,[4546],[4546],1,1,True,0.0
023929ec375f63893abbdc16535085219b178eedf5d9d9bea5b4eee078cf9ede,[4547],[4547],1,1,True,0.0
e78e31de14b87a232131927677ad89ac3a02cc366dcec3bfbfbc54f8e45db6f6,[4548],[4548],1,1,True,7.105427357601002e-15
e19454263dc49d532b5cb9db56653a0a8c8c0e19d3a4cc15b81a2db0082b9f25,[4549],[4549],1,1,True,0.0
376920caf149db5697f29cf41bc77294d92ef109f0cb926884971c9107be69d2,[4550],[4550],1,1,True,1.7763568394002505e-15
014042c0a46a3f197679a30e6d8cac12cc859c2feeaf85cfc7c8c0d2b9e9f53f,[4551],[4551],1,1,True,0.0
7d52d4b3607d28fb2c36bb0bf54ce80e9f7dcc05e7841643fbaec69d8cab633d,[4552],[4552],1,1,True,3.552713678800501e-15
84b317d6332d9eb3b72d7729f4b5a78a0e96834a18f4246090f661e9d2f1defc,[4553],[4553],1,1,True,3.552713678800501e-15
21ab9c6a2a678f2e6e13793ccf358f3805a16ffed9394714dd752daaf4334f13,[4554],[4554],1,1,True,1.7763568394002505e-15
b5ecc561b4dd0fef54c4d6c06dc4ab621b86dead1a943daf251f9db203ebb9bf,[4555],[4555],1,1,True,0.0
49d6b3a37c49bdbdb7e6e2ca398f3c5caad54e38d4dccec9e4d0c39ae41b127a,[4556],[4556],1,1,True,0.0
ba4d5a3cfd7bdfacfbb128724e58bc22fc479cdf3d7296e9eed3765c4f633eae,[4557],[4557],1,1,True,1.7763568394002505e-15
ef0de4cf4653f546d545540563126b8dfba1af88e03dfc026275f94790494c22,[4558],[4558],1,1,True,1.7763568394002505e-15
1b43ad027c9665dbdbba5b7f3274d7b4a454d2d378c7d8122c49132124212ec0,[4559],[4559],1,1,True,7.105427357601002e-15
3997c4fafbe0b47f8efb841a9af6abbf2b9fcb00a2215d27cf1fe687c652d41c,[4560],[4560],1,1,True,3.552713678800501e-15
0b30be98dd0dbc5c17d9093ce9a88a50f8112585a98aef08e2871be8e62ac95f,[4561],[4561],1,1,True,0.0
a2defab095a7099861a3b0b91f2f52b400d59f039105a4bf128bac151be12c65,[4562],[4562],1,1,True,1.7763568394002505e-15
c3bd141d546d41c52f76d00f0b3ba22e0349e55e0f46e728b8eb48076caa4858,[4563],[4563],1,1,True,1.7763568394002505e-15
96118502d69f9736cb1c4d3495dcbd79975ebf0ad6fe46f6ea6a7c014566d2c4,[4564],[4564],1,1,True,0.0
e41b0d67837ec67cb779ca3ed66cd254d4e0f2b52a6f52ffdf897635bd1d3985,[4565],[4565],1,1,True,4.440892098500626e-16
780d93075dc3713e2c17485d68a76f905b333db6a8e5c0867d1f53e58a07c60b,[4566],[4566],1,1,True,4.440892098500626e-16
31368b079de6ed8e39eefde1a924d9c1f08ec3167fb99874103e3f6d8a63f9b1,[4567],[4567],1,1,True,3.552713678800501e-15
ab08291d606a441e71e2bf0000fe04183b11191d8a32e82a7001f3f244f767da,[4568],[4568],1,1,True,7.105427357601002e-15
1ea515b2ab03dd9af0335444618f805db26f2dff3c32d66e573a21c1dd83ecc9,[4569],[4569],1,1,True,1.7763568394002505e-15
6e8dee60e4e6b2ded4c01427c6feb3862bfdeac7c01eb05df94631233b92b854,[4570],[4570],1,1,True,7.105427357601002e-15
e200c25be6aa79fc8ec0bdc6f002de26f67b1e6704d2078898fd1be3e55a78c4,[4571],[4571],1,1,True,3.552713678800501e-15
44e776a8c42c294baa42dfa1b495203366e8131fa8a42e0a47c8dd83b0c588a5,[4572],[4572],1,1,True,3.552713678800501e-15
57f74ec0744ca6f64e77969f3a7ac382fc9397452ecbde8ccd397dff3f852d5a,[4573],[4573],1,1,True,7.105427357601002e-15
af76e3a1896740965c4368347645c2ccb1ca9d0a0a4a6efed02281a116836d3c,[4574],[4574],1,1,True,0.0
70575142bfd9a9a6bf6d174c0ff73281671d78a1a36b851b5aa596443266a1f0,[4575],[4575],1,1,True,7.105427357601002e-15
6cee07d390318923cf226a6decb2ddbc93a1cae96cb731eacdfb5bed5f6b0c6c,[4576],[4576],1,1,True,7.105427357601002e-15
8fef1935fae0ed207a3aa441425144293fc125a85f58a651737b0655d0746b8b,[4577],[4577],1,1,True,7.105427357601002e-15
