dataset,source_domain,indicator_a,indicator_b,pair_n,mean_abs_gap,spearman_rho,a1_macro_rank
a1,arxiv,fineweb_edu,fluency_en,120,0.149111556039212,0.38694532659508624,188
a1,arxiv,fineweb_edu,modernbert_cleanliness,120,0.11631659266197074,4.1670356234545435e-05,193
a1,arxiv,fineweb_edu,modernbert_readability,120,0.12476694825766528,0.4162236305862204,194
a1,arxiv,fineweb_edu,modernbert_reasoning,120,0.14652397296169534,-0.24132154282463736,214
a1,arxiv,fineweb_edu,modernbert_professionalism,120,0.14657489228480552,-0.38840089577243664,208
a1,arxiv,fineweb_edu,dsir_books,120,0.8174102764736463,0.2729766526911922,24
a1,arxiv,fineweb_edu,dsir_wiki,120,0.8163161262269738,0.27651334516103254,23
a1,arxiv,fineweb_edu,dsir_math,120,0.8103392969835977,0.2544838877519425,25
a1,arxiv,fineweb_edu,qurater,120,0.12148280723646553,0.43822894705083654,219
a1,arxiv,fineweb_edu,ad_en,120,0.24988500106572273,-0.1784087772096899,166
a1,arxiv,fineweb_edu,rps_doc_word_count,120,0.7425419842255269,0.07235350291914443,77
a1,arxiv,fineweb_edu,rps_doc_num_sentences,120,0.7279738940740615,0.08087258635078796,73
a1,arxiv,fineweb_edu,rps_doc_unigram_entropy,120,0.1316303239683512,-0.14323565057223514,186
a1,arxiv,fineweb_edu,rps_doc_frac_unique_words,120,0.8007404556052791,0.06471329813974036,16
a1,arxiv,fineweb_edu,rps_doc_frac_no_alph_words,120,0.5395703924478723,0.3311988888423516,100
a1,arxiv,fineweb_edu,rps_doc_frac_chars_top_2gram,120,0.19137688507538572,-0.23852765000556875,147
a1,arxiv,fineweb_edu,rps_doc_frac_chars_top_3gram,120,0.22444748767133596,-0.0008785484852439787,150
a1,arxiv,fineweb_edu,rps_lines_uppercase_letter_fraction,120,0.3606257312098446,-0.08428856672856559,84
a1,arxiv,fineweb_edu,rps_lines_ending_with_terminal_punctution_mark,120,0.5405002733621804,0.060473999488236715,66
a1,arxiv,fineweb_edu,rps_lines_numerical_chars_fraction,120,0.49660731803696856,-0.06158867958216286,110
a1,arxiv,fineweb_edu,rps_doc_mean_word_length,120,0.27572355816941785,0.19648580608917013,168
a1,arxiv,fluency_en,modernbert_cleanliness,120,0.12864923251993396,0.2618064574392994,215
a1,arxiv,fluency_en,modernbert_readability,120,0.11193012711907403,0.2595367362529282,213
a1,arxiv,fluency_en,modernbert_reasoning,120,0.22592625767564417,0.10941120418067261,160
a1,arxiv,fluency_en,modernbert_professionalism,120,0.22144041430519998,0.032558009125146475,128
a1,arxiv,fluency_en,dsir_books,120,0.7352453402630481,0.016065641697530247,63
a1,arxiv,fluency_en,dsir_wiki,120,0.7341511900163756,0.01832313919390425,61
a1,arxiv,fluency_en,dsir_math,120,0.7281743607729995,0.017740782095449745,59
a1,arxiv,fluency_en,qurater,120,0.19756991758574724,0.5186865051867415,211
a1,arxiv,fluency_en,ad_en,120,0.18792190916579218,0.20344680304329857,184
a1,arxiv,fluency_en,rps_doc_word_count,120,0.6603770480149287,-0.019529235689734793,106
a1,arxiv,fluency_en,rps_doc_num_sentences,120,0.6458089578634633,0.08246375553632333,105
a1,arxiv,fluency_en,rps_doc_unigram_entropy,120,0.19186027582849913,-0.19508883537401375,146
a1,arxiv,fluency_en,rps_doc_frac_unique_words,120,0.7185755193946809,-0.13058841765941953,45
a1,arxiv,fluency_en,rps_doc_frac_no_alph_words,120,0.4705861751435813,0.0634839059174487,189
a1,arxiv,fluency_en,rps_doc_frac_chars_top_2gram,120,0.16605220323781233,-0.2421951638783664,123
a1,arxiv,fluency_en,rps_doc_frac_chars_top_3gram,120,0.17074724820580017,-0.1093380234997652,153
a1,arxiv,fluency_en,rps_lines_uppercase_letter_fraction,120,0.28829219915326393,0.028470875430322826,177
a1,arxiv,fluency_en,rps_lines_ending_with_terminal_punctution_mark,120,0.4745170402411331,-0.04453110214885473,161
a1,arxiv,fluency_en,rps_lines_numerical_chars_fraction,120,0.4302473586346926,0.03481162656287185,136
a1,arxiv,fluency_en,rps_doc_mean_word_length,120,0.2369153239780163,0.1975459973601214,191
a1,arxiv,modernbert_cleanliness,modernbert_readability,120,0.08009051141283627,0.1773945714888629,224
a1,arxiv,modernbert_cleanliness,modernbert_reasoning,120,0.11800487588569229,0.27267986063413824,212
a1,arxiv,modernbert_cleanliness,modernbert_professionalism,120,0.1131777429415935,0.40620183164614226,169
a1,arxiv,modernbert_cleanliness,dsir_books,120,0.8443125763846528,0.06367118571645863,31
a1,arxiv,modernbert_cleanliness,dsir_wiki,120,0.8432184261379805,0.06066336787103888,30
a1,arxiv,modernbert_cleanliness,dsir_math,120,0.8372415968946041,0.10059153507916582,26
a1,arxiv,modernbert_cleanliness,qurater,120,0.0936375455339429,0.20954723009657109,217
a1,arxiv,modernbert_cleanliness,ad_en,120,0.1943943791995063,0.3063081207610714,148
a1,arxiv,modernbert_cleanliness,rps_doc_word_count,120,0.7694442841365334,0.18620769881217525,62
a1,arxiv,modernbert_cleanliness,rps_doc_num_sentences,120,0.7548761939850681,0.2961566241791949,60
a1,arxiv,modernbert_cleanliness,rps_doc_unigram_entropy,120,0.09870854145300606,-0.2742957349135663,207
a1,arxiv,modernbert_cleanliness,rps_doc_frac_unique_words,120,0.8276427555162859,0.11393585430051749,21
a1,arxiv,modernbert_cleanliness,rps_doc_frac_no_alph_words,120,0.566472692358879,-0.07831112978539788,171
a1,arxiv,modernbert_cleanliness,rps_doc_frac_chars_top_2gram,120,0.1350429863509334,-0.20838636083502626,175
a1,arxiv,modernbert_cleanliness,rps_doc_frac_chars_top_3gram,120,0.21229217385684343,-0.22223456878040437,178
a1,arxiv,modernbert_cleanliness,rps_lines_uppercase_letter_fraction,120,0.3726804275364891,0.043687137452558124,101
a1,arxiv,modernbert_cleanliness,rps_lines_ending_with_terminal_punctution_mark,120,0.567402573273187,-0.20299014339592958,179
a1,arxiv,modernbert_cleanliness,rps_lines_numerical_chars_fraction,120,0.5043994412551435,0.13690210587927065,122
a1,arxiv,modernbert_cleanliness,rps_doc_mean_word_length,120,0.28579602621723565,-0.10832021029290981,190
a1,arxiv,modernbert_readability,modernbert_reasoning,120,0.17794804081115448,-0.274272678252751,192
a1,arxiv,modernbert_readability,modernbert_professionalism,120,0.17435996763015557,-0.382421323642804,134
a1,arxiv,modernbert_readability,dsir_books,120,0.7835918095425568,0.31703396630835673,27
a1,arxiv,modernbert_readability,dsir_wiki,120,0.7824976592958843,0.32330224437732114,28
a1,arxiv,modernbert_readability,dsir_math,120,0.7765208300525082,0.2991481466011849,22
a1,arxiv,modernbert_readability,qurater,120,0.14628570015732978,0.24899950833520182,218
a1,arxiv,modernbert_readability,ad_en,120,0.20779283659298056,-0.23408691968641568,137
a1,arxiv,modernbert_readability,rps_doc_word_count,120,0.7087235172944373,0.04728106118480449,53
a1,arxiv,modernbert_readability,rps_doc_num_sentences,120,0.694238565687467,-0.041892307187881686,56
a1,arxiv,modernbert_readability,rps_doc_unigram_entropy,120,0.15264219158022438,-0.018265284154091118,209
a1,arxiv,modernbert_readability,rps_doc_frac_unique_words,120,0.7669219886741897,0.05825971022709047,17
a1,arxiv,modernbert_readability,rps_doc_frac_no_alph_words,120,0.5057519255167828,0.4255712202236266,187
a1,arxiv,modernbert_readability,rps_doc_frac_chars_top_2gram,120,0.13270798231025596,-0.028404750329884015,173
a1,arxiv,modernbert_readability,rps_doc_frac_chars_top_3gram,120,0.16802992230079022,0.015542746024029445,182
a1,arxiv,modernbert_readability,rps_lines_uppercase_letter_fraction,120,0.32590594976449544,-0.28294325994860753,116
a1,arxiv,modernbert_readability,rps_lines_ending_with_terminal_punctution_mark,120,0.5072683255561768,0.19880547260226403,164
a1,arxiv,modernbert_readability,rps_lines_numerical_chars_fraction,120,0.4549844588727799,-0.08713799569414542,97
a1,arxiv,modernbert_readability,rps_doc_mean_word_length,120,0.26148332254192896,-0.05886519897215084,197
a1,arxiv,modernbert_reasoning,modernbert_professionalism,120,0.008894223683920916,0.7481440109592448,221
a1,arxiv,modernbert_reasoning,dsir_books,120,0.9611715979386922,-0.4364309286899614,7
a1,arxiv,modernbert_reasoning,dsir_wiki,120,0.9600774476920197,-0.43887492808120904,6
a1,arxiv,modernbert_reasoning,dsir_math,120,0.9541006184486437,-0.4063847374593934,8
a1,arxiv,modernbert_reasoning,qurater,120,0.043923568514557955,0.1849636589978032,216
a1,arxiv,modernbert_reasoning,ad_en,120,0.2843847740272203,0.3682665662098711,104
a1,arxiv,modernbert_reasoning,rps_doc_word_count,120,0.8863033056905728,-0.35463451371177435,41
a1,arxiv,modernbert_reasoning,rps_doc_num_sentences,120,0.8717352155391074,-0.20836455992105085,39
a1,arxiv,modernbert_reasoning,rps_doc_unigram_entropy,120,0.04068943339979409,0.1505095240997302,220
a1,arxiv,modernbert_reasoning,rps_doc_frac_unique_words,120,0.944501777070325,-0.40257698180551293,5
a1,arxiv,modernbert_reasoning,rps_doc_frac_no_alph_words,120,0.6833317139129184,-0.20785301112347312,75
a1,arxiv,modernbert_reasoning,rps_doc_frac_chars_top_2gram,120,0.2159039767766824,-0.011261116205320845,185
a1,arxiv,modernbert_reasoning,rps_doc_frac_chars_top_3gram,120,0.321394100194517,-0.05624282558025879,162
a1,arxiv,modernbert_reasoning,rps_lines_uppercase_letter_fraction,120,0.48262180836971047,0.12887179548404945,47
a1,arxiv,modernbert_reasoning,rps_lines_ending_with_terminal_punctution_mark,120,0.6842615948272264,-0.09847375455705489,78
a1,arxiv,modernbert_reasoning,rps_lines_numerical_chars_fraction,120,0.6105630509736205,0.25663491141599615,88
a1,arxiv,modernbert_reasoning,rps_doc_mean_word_length,120,0.37672329033812346,0.032758342992320326,140
a1,arxiv,modernbert_professionalism,dsir_books,120,0.9565854275492688,-0.4743868717489244,11
a1,arxiv,modernbert_professionalism,dsir_wiki,120,0.9554912773025965,-0.4790063282104075,10
a1,arxiv,modernbert_professionalism,dsir_math,120,0.9495144480592203,-0.4194273728197222,18
a1,arxiv,modernbert_professionalism,qurater,120,0.04631689855853982,-0.043660922592939126,198
a1,arxiv,modernbert_professionalism,ad_en,120,0.27993141605387706,0.528019610047048,165
a1,arxiv,modernbert_professionalism,rps_doc_word_count,120,0.8817171353011496,-0.15440842020933324,52
a1,arxiv,modernbert_professionalism,rps_doc_num_sentences,120,0.8671490451496842,-0.029198913956951962,55
a1,arxiv,modernbert_professionalism,rps_doc_unigram_entropy,120,0.04009879457276863,0.051267715070486344,154
a1,arxiv,modernbert_professionalism,rps_doc_frac_unique_words,120,0.9399156066809018,-0.17001563690285054,29
a1,arxiv,modernbert_professionalism,rps_doc_frac_no_alph_words,120,0.678745543523495,-0.5249955981732636,40
a1,arxiv,modernbert_professionalism,rps_doc_frac_chars_top_2gram,120,0.21131780638725914,0.05162280155678317,149
a1,arxiv,modernbert_professionalism,rps_doc_frac_chars_top_3gram,120,0.3168079298050937,-0.1961554947773272,144
a1,arxiv,modernbert_professionalism,rps_lines_uppercase_letter_fraction,120,0.47803563798028714,0.20697209907274067,50
a1,arxiv,modernbert_professionalism,rps_lines_ending_with_terminal_punctution_mark,120,0.6796754244378029,-0.2601281821662448,36
a1,arxiv,modernbert_professionalism,rps_lines_numerical_chars_fraction,120,0.6059941343034171,0.14168915291607964,93
a1,arxiv,modernbert_professionalism,rps_doc_mean_word_length,120,0.37237539546333775,-0.1344339434627772,87
a1,arxiv,dsir_books,dsir_wiki,120,0.0010997181151657458,0.999024016943573,231
a1,arxiv,dsir_books,dsir_math,120,0.007076692835947697,0.9904646343989243,230
a1,arxiv,dsir_books,qurater,120,0.9232547696382435,0.12663793945478138,20
a1,arxiv,dsir_books,ad_en,120,0.6767868239114719,-0.2511004158738012,98
a1,arxiv,dsir_books,rps_doc_word_count,120,0.07486829224811936,0.8017408928827697,201
a1,arxiv,dsir_books,rps_doc_num_sentences,120,0.08943638239958474,0.7129612695057451,203
a1,arxiv,dsir_books,rps_doc_unigram_entropy,120,0.9240504212344843,-0.581452052179041,3
a1,arxiv,dsir_books,rps_doc_frac_unique_words,120,0.019922022282061042,0.7014515209113977,226
a1,arxiv,dsir_books,rps_doc_frac_no_alph_words,120,0.27783988402577386,0.6414121877098719,130
a1,arxiv,dsir_books,rps_doc_frac_chars_top_2gram,120,0.7452676211620097,-0.3026723311119817,14
a1,arxiv,dsir_books,rps_doc_frac_chars_top_3gram,120,0.6397774977441751,-0.1420445700972223,46
a1,arxiv,dsir_books,rps_lines_uppercase_letter_fraction,120,0.47885322296178323,-0.13262778847209308,133
a1,arxiv,dsir_books,rps_lines_ending_with_terminal_punctution_mark,120,0.27691000311146585,0.12243902548773984,111
a1,arxiv,dsir_books,rps_lines_numerical_chars_fraction,120,0.35383189188499,0.09611515661690229,115
a1,arxiv,dsir_books,rps_doc_mean_word_length,120,0.5844913676226546,0.16933515436384491,68
a1,arxiv,dsir_wiki,dsir_math,120,0.006051886608096801,0.9901624645743813,229
a1,arxiv,dsir_wiki,qurater,120,0.9221606193915711,0.1339539177883681,19
a1,arxiv,dsir_wiki,ad_en,120,0.6756926736647995,-0.24901050595748148,99
a1,arxiv,dsir_wiki,rps_doc_word_count,120,0.07377414200144693,0.7998786176822227,202
a1,arxiv,dsir_wiki,rps_doc_num_sentences,120,0.08834223215291231,0.7099001626213949,205
a1,arxiv,dsir_wiki,rps_doc_unigram_entropy,120,0.9229562709878117,-0.5789774514985412,2
a1,arxiv,dsir_wiki,rps_doc_frac_unique_words,120,0.019405518032091718,0.700753840798462,227
a1,arxiv,dsir_wiki,rps_doc_frac_no_alph_words,120,0.2767457337791015,0.6432022583449358,129
a1,arxiv,dsir_wiki,rps_doc_frac_chars_top_2gram,120,0.7441734709153373,-0.30735450653243573,13
a1,arxiv,dsir_wiki,rps_doc_frac_chars_top_3gram,120,0.6386833474975028,-0.13912654976729988,44
a1,arxiv,dsir_wiki,rps_lines_uppercase_letter_fraction,120,0.47777837512457694,-0.1340909707441491,132
a1,arxiv,dsir_wiki,rps_lines_ending_with_terminal_punctution_mark,120,0.2758158528647934,0.12476003238862128,107
a1,arxiv,dsir_wiki,rps_lines_numerical_chars_fraction,120,0.35297855601105066,0.08644584416899595,113
a1,arxiv,dsir_wiki,rps_doc_mean_word_length,120,0.5833972173759824,0.17007329317734649,67
a1,arxiv,dsir_math,qurater,120,0.916183790148195,0.12022240755426433,15
a1,arxiv,dsir_math,ad_en,120,0.6697158444214232,-0.21518882670138081,102
a1,arxiv,dsir_math,rps_doc_word_count,120,0.06779731275807081,0.824144043424789,200
a1,arxiv,dsir_math,rps_doc_num_sentences,120,0.08236540290953619,0.7476536784506185,204
a1,arxiv,dsir_math,rps_doc_unigram_entropy,120,0.9169794417444357,-0.5836562453000123,1
a1,arxiv,dsir_math,rps_doc_frac_unique_words,120,0.01740276899092749,0.7335337845249906,228
a1,arxiv,dsir_math,rps_doc_frac_no_alph_words,120,0.2707689045357254,0.6082373316535865,120
a1,arxiv,dsir_math,rps_doc_frac_chars_top_2gram,120,0.7381966416719611,-0.28455962057214557,12
a1,arxiv,dsir_math,rps_doc_frac_chars_top_3gram,120,0.6327065182541266,-0.15007425133587377,43
a1,arxiv,dsir_math,rps_lines_uppercase_letter_fraction,120,0.4717828386529194,-0.10507212199486603,131
a1,arxiv,dsir_math,rps_lines_ending_with_terminal_punctution_mark,120,0.26983902362141726,0.09353329259761164,94
a1,arxiv,dsir_math,rps_lines_numerical_chars_fraction,120,0.34813150052941155,0.09803142145656542,112
a1,arxiv,dsir_math,rps_doc_mean_word_length,120,0.5774203881326062,0.16964024350767806,65
a1,arxiv,qurater,ad_en,120,0.2606017774402852,0.10161354526807977,139
a1,arxiv,qurater,rps_doc_word_count,120,0.848938670127024,-0.00456379181769365,49
a1,arxiv,qurater,rps_doc_num_sentences,120,0.8346292271032508,0.05933175265537307,58
a1,arxiv,qurater,rps_doc_unigram_entropy,120,0.06549387779737842,-0.17176730125892753,195
a1,arxiv,qurater,rps_doc_frac_unique_words,120,0.9070272540706903,-0.13055173858726513,9
a1,arxiv,qurater,rps_doc_frac_no_alph_words,120,0.6454282547789592,0.21100846144457605,157
a1,arxiv,qurater,rps_doc_frac_chars_top_2gram,120,0.21124241716777345,-0.21210335437875236,163
a1,arxiv,qurater,rps_doc_frac_chars_top_3gram,120,0.29905274225167344,-0.02458816703607378,158
a1,arxiv,qurater,rps_lines_uppercase_letter_fraction,120,0.4570285778268487,-0.013872119683484658,86
a1,arxiv,qurater,rps_lines_ending_with_terminal_punctution_mark,120,0.6463447665267776,0.09855426747820696,119
a1,arxiv,qurater,rps_lines_numerical_chars_fraction,120,0.5741669536137749,0.10524180400314419,108
a1,arxiv,qurater,rps_doc_mean_word_length,120,0.3472506452687314,0.3189788081566993,176
a1,arxiv,ad_en,rps_doc_word_count,120,0.6019185316633525,-0.07019968504688452,71
a1,arxiv,ad_en,rps_doc_num_sentences,120,0.5876813574937132,0.044309401858868745,76
a1,arxiv,ad_en,rps_doc_unigram_entropy,120,0.2528162109499093,-0.06577272798311164,48
a1,arxiv,ad_en,rps_doc_frac_unique_words,120,0.6601170030431047,-0.11157126011605913,81
a1,arxiv,ad_en,rps_doc_frac_no_alph_words,120,0.43475170239891897,-0.2885007040495281,72
a1,arxiv,ad_en,rps_doc_frac_chars_top_2gram,120,0.20084455518257888,0.07207135254986587,95
a1,arxiv,ad_en,rps_doc_frac_chars_top_3gram,120,0.2008694132911024,0.04223231942719676,151
a1,arxiv,ad_en,rps_lines_uppercase_letter_fraction,120,0.2768615017023087,0.04689933449956581,80
a1,arxiv,ad_en,rps_lines_ending_with_terminal_punctution_mark,120,0.42932411043630736,-0.042999737828233624,54
a1,arxiv,ad_en,rps_lines_numerical_chars_fraction,120,0.4054779827056951,0.10647669878277702,83
a1,arxiv,ad_en,rps_doc_mean_word_length,120,0.26569374780997973,0.06031353035117419,121
a1,arxiv,rps_doc_word_count,rps_doc_num_sentences,120,0.025460006226658418,0.907983811246098,225
a1,arxiv,rps_doc_word_count,rps_doc_unigram_entropy,120,0.8491821289863649,-0.6749612817808568,32
a1,arxiv,rps_doc_word_count,rps_doc_frac_unique_words,120,0.05842861689214064,0.8670959089723657,199
a1,arxiv,rps_doc_word_count,rps_doc_frac_no_alph_words,120,0.21248620087656336,0.1995208000555594,127
a1,arxiv,rps_doc_word_count,rps_doc_frac_chars_top_2gram,120,0.6703993289138904,-0.20470866032363358,35
a1,arxiv,rps_doc_word_count,rps_doc_frac_chars_top_3gram,120,0.5649092054960557,-0.2999374956594208,37
a1,arxiv,rps_doc_word_count,rps_lines_uppercase_letter_fraction,120,0.40590880274089564,0.01778595735814987,170
a1,arxiv,rps_doc_word_count,rps_lines_ending_with_terminal_punctution_mark,120,0.2192715658780014,-0.059365233696784495,85
a1,arxiv,rps_doc_word_count,rps_lines_numerical_chars_fraction,120,0.3066478552232803,0.0319049934023196,138
a1,arxiv,rps_doc_word_count,rps_doc_mean_word_length,120,0.5116759314484156,-0.035134384332245285,82
a1,arxiv,rps_doc_num_sentences,rps_doc_unigram_entropy,120,0.8346140388348995,-0.7076946049138539,33
a1,arxiv,rps_doc_num_sentences,rps_doc_frac_unique_words,120,0.07333501690901494,0.7521067162492984,196
a1,arxiv,rps_doc_num_sentences,rps_doc_frac_no_alph_words,120,0.21169074826866707,0.21456264662069144,141
a1,arxiv,rps_doc_num_sentences,rps_doc_frac_chars_top_2gram,120,0.6558312387624251,-0.24317609251161856,38
a1,arxiv,rps_doc_num_sentences,rps_doc_frac_chars_top_3gram,120,0.5519210456985802,-0.23626927893430616,42
a1,arxiv,rps_doc_num_sentences,rps_lines_uppercase_letter_fraction,120,0.39536803623061806,0.08480553101313382,172
a1,arxiv,rps_doc_num_sentences,rps_lines_ending_with_terminal_punctution_mark,120,0.22617835289374272,-0.09815036991590483,92
a1,arxiv,rps_doc_num_sentences,rps_lines_numerical_chars_fraction,120,0.2913892542214267,0.21304168918134359,152
a1,arxiv,rps_doc_num_sentences,rps_doc_mean_word_length,120,0.5032310396491605,-0.011844716496838893,91
a1,arxiv,rps_doc_unigram_entropy,rps_doc_frac_unique_words,120,0.9073806003661171,-0.294064943028921,4
a1,arxiv,rps_doc_unigram_entropy,rps_doc_frac_no_alph_words,120,0.6462105372087101,-0.27114571252624536,103
a1,arxiv,rps_doc_unigram_entropy,rps_doc_frac_chars_top_2gram,120,0.18186839191141288,0.37842474078793564,210
a1,arxiv,rps_doc_unigram_entropy,rps_doc_frac_chars_top_3gram,120,0.28427292349030897,0.38900193765739605,180
a1,arxiv,rps_doc_unigram_entropy,rps_lines_uppercase_letter_fraction,120,0.4455006316655024,0.15137961928012322,64
a1,arxiv,rps_doc_unigram_entropy,rps_lines_ending_with_terminal_punctution_mark,120,0.6471404181230185,-0.1403232191381791,79
a1,arxiv,rps_doc_unigram_entropy,rps_lines_numerical_chars_fraction,120,0.582968931205549,-0.32437894562172387,70
a1,arxiv,rps_doc_unigram_entropy,rps_doc_mean_word_length,120,0.34411204533832507,-0.151650473303701,145
a1,arxiv,rps_doc_frac_unique_words,rps_doc_frac_no_alph_words,120,0.26245048051231457,0.134619659468463,89
a1,arxiv,rps_doc_frac_unique_words,rps_doc_frac_chars_top_2gram,120,0.7285978002936427,-0.06003083875688401,34
a1,arxiv,rps_doc_frac_unique_words,rps_doc_frac_chars_top_3gram,120,0.6231076768758081,-0.13864810867348357,57
a1,arxiv,rps_doc_frac_unique_words,rps_lines_uppercase_letter_fraction,120,0.46196999022489976,0.14598961006952965,124
a1,arxiv,rps_doc_frac_unique_words,rps_lines_ending_with_terminal_punctution_mark,120,0.2624175563792691,-0.20739567803778275,74
a1,arxiv,rps_doc_frac_unique_words,rps_lines_numerical_chars_fraction,120,0.3446218265177123,-0.14023170594718132,114
a1,arxiv,rps_doc_frac_unique_words,rps_doc_mean_word_length,120,0.5681855444605631,-0.15547730250756084,51
a1,arxiv,rps_doc_frac_no_alph_words,rps_doc_frac_chars_top_2gram,120,0.47866375631918623,-0.2838461004236405,109
a1,arxiv,rps_doc_frac_no_alph_words,rps_doc_frac_chars_top_3gram,120,0.37720111671025164,0.11062573789846517,159
a1,arxiv,rps_doc_frac_no_alph_words,rps_lines_uppercase_letter_fraction,120,0.26936955926332995,-0.30299326342107086,174
a1,arxiv,rps_doc_frac_no_alph_words,rps_lines_ending_with_terminal_punctution_mark,120,0.14109318202244825,0.3543232168900618,222
a1,arxiv,rps_doc_frac_no_alph_words,rps_lines_numerical_chars_fraction,120,0.24791311624509085,0.27432460587540797,183
a1,arxiv,rps_doc_frac_no_alph_words,rps_doc_mean_word_length,120,0.33528531624686164,0.17735953885686503,206
a1,arxiv,rps_doc_frac_chars_top_2gram,rps_doc_frac_chars_top_3gram,120,0.14877029282675788,0.29897909577053955,223
a1,arxiv,rps_doc_frac_chars_top_2gram,rps_lines_uppercase_letter_fraction,120,0.29237344954915834,0.0007292173067574136,69
a1,arxiv,rps_doc_frac_chars_top_2gram,rps_lines_ending_with_terminal_punctution_mark,120,0.485546500343213,0.06963678033196749,117
a1,arxiv,rps_doc_frac_chars_top_2gram,rps_lines_numerical_chars_fraction,120,0.4550433645660642,-0.11104243350232654,96
a1,arxiv,rps_doc_frac_chars_top_2gram,rps_doc_mean_word_length,120,0.2785842092911733,-0.2671713313424543,118
a1,arxiv,rps_doc_frac_chars_top_3gram,rps_lines_uppercase_letter_fraction,120,0.22083019417192987,0.032411973053684276,90
a1,arxiv,rps_doc_frac_chars_top_3gram,rps_lines_ending_with_terminal_punctution_mark,120,0.3750265014357963,0.11452878672130007,167
a1,arxiv,rps_doc_frac_chars_top_3gram,rps_lines_numerical_chars_fraction,120,0.3711187352358477,-0.002736301132023057,135
a1,arxiv,rps_doc_frac_chars_top_3gram,rps_doc_mean_word_length,120,0.2209155292021951,0.03005069796513646,156
a1,arxiv,rps_lines_uppercase_letter_fraction,rps_lines_ending_with_terminal_punctution_mark,120,0.32856118697002223,-0.7670741023682199,125
a1,arxiv,rps_lines_uppercase_letter_fraction,rps_lines_numerical_chars_fraction,120,0.31630677940812435,0.042065421209806234,143
a1,arxiv,rps_lines_uppercase_letter_fraction,rps_doc_mean_word_length,120,0.2495246225420839,0.028543648864504476,142
a1,arxiv,rps_lines_ending_with_terminal_punctution_mark,rps_lines_numerical_chars_fraction,120,0.28986768924395273,0.0505173970414612,155
a1,arxiv,rps_lines_ending_with_terminal_punctution_mark,rps_doc_mean_word_length,120,0.3396286675739523,0.06475449684005832,181
a1,arxiv,rps_lines_numerical_chars_fraction,rps_doc_mean_word_length,120,0.3517888663735081,0.1634766303215501,126
a1,book,fineweb_edu,fluency_en,120,0.2783794533573045,0.3194944093339815,188
a1,book,fineweb_edu,modernbert_cleanliness,120,0.23952230686461806,0.30070143759983325,193
a1,book,fineweb_edu,modernbert_readability,120,0.2303940092758811,0.3877422043197444,194
a1,book,fineweb_edu,modernbert_reasoning,120,0.30610450749180534,0.15860823668310298,214
a1,book,fineweb_edu,modernbert_professionalism,120,0.23093671807635044,0.4399541634835752,208
a1,book,fineweb_edu,dsir_books,120,0.5545180093647979,0.10808201808409776,24
a1,book,fineweb_edu,dsir_wiki,120,0.5609423901491105,0.2311190525206104,23
a1,book,fineweb_edu,dsir_math,120,0.5667185176526904,0.14000597758626718,25
a1,book,fineweb_edu,qurater,120,0.20672070859608924,0.5031738315160774,219
a1,book,fineweb_edu,ad_en,120,0.28801569373740205,0.26016872787731155,166
a1,book,fineweb_edu,rps_doc_word_count,120,0.5537033767186608,0.009049239530522953,77
a1,book,fineweb_edu,rps_doc_num_sentences,120,0.548088542069561,0.1127339146263989,73
a1,book,fineweb_edu,rps_doc_unigram_entropy,120,0.4186058016474417,0.04948374955237448,186
a1,book,fineweb_edu,rps_doc_frac_unique_words,120,0.566164245764626,0.13132511886549303,16
a1,book,fineweb_edu,rps_doc_frac_no_alph_words,120,0.2392087408324612,0.09188138065143411,100
a1,book,fineweb_edu,rps_doc_frac_chars_top_2gram,120,0.3233533983820663,-0.3135287172720327,147
a1,book,fineweb_edu,rps_doc_frac_chars_top_3gram,120,0.2654465243359732,-0.1580456976178901,150
a1,book,fineweb_edu,rps_lines_uppercase_letter_fraction,120,0.49926829587078164,-0.060907430430182166,84
a1,book,fineweb_edu,rps_lines_ending_with_terminal_punctution_mark,120,0.3057447311810992,-0.376158066532398,66
a1,book,fineweb_edu,rps_lines_numerical_chars_fraction,120,0.35278933509647226,-0.05363566914369053,110
a1,book,fineweb_edu,rps_doc_mean_word_length,120,0.22375870824082156,0.3354260712549483,168
a1,book,fluency_en,modernbert_cleanliness,120,0.27965871612533244,0.3983332175845545,215
a1,book,fluency_en,modernbert_readability,120,0.28866880829533426,0.26928953399541633,213
a1,book,fluency_en,modernbert_reasoning,120,0.3678207436994575,0.09549968747829708,160
a1,book,fluency_en,modernbert_professionalism,120,0.24080731518606624,0.09391624418362385,128
a1,book,fluency_en,dsir_books,120,0.41534353205342994,0.01154820405373002,63
a1,book,fluency_en,dsir_wiki,120,0.42159987505972046,-0.008882997138496378,61
a1,book,fluency_en,dsir_math,120,0.4273760025633003,-0.0633683643968811,59
a1,book,fluency_en,qurater,120,0.22266470394324642,0.6074796860893117,211
a1,book,fluency_en,ad_en,120,0.24520092780247227,0.26998890542542137,184
a1,book,fluency_en,rps_doc_word_count,120,0.4143608616292706,-0.1295853878741579,106
a1,book,fluency_en,rps_doc_num_sentences,120,0.4169441364952355,-0.07848836199909116,105
a1,book,fluency_en,rps_doc_unigram_entropy,120,0.5549635707707019,0.031793632933929096,146
a1,book,fluency_en,rps_doc_frac_unique_words,120,0.4231402417191322,-0.08064106637093756,45
a1,book,fluency_en,rps_doc_frac_no_alph_words,120,0.2528445828165151,-0.010389610389610388,189
a1,book,fluency_en,rps_doc_frac_chars_top_2gram,120,0.42727483536582156,-0.20726439336065003,123
a1,book,fluency_en,rps_doc_frac_chars_top_3gram,120,0.34425758449993055,0.1554135703868324,153
a1,book,fluency_en,rps_lines_uppercase_letter_fraction,120,0.38362224296873604,-0.007368618436308241,177
a1,book,fluency_en,rps_lines_ending_with_terminal_punctution_mark,120,0.3179762417176214,0.012285575387179663,161
a1,book,fluency_en,rps_lines_numerical_chars_fraction,120,0.33873984000928936,-0.15674699631918884,136
a1,book,fluency_en,rps_doc_mean_word_length,120,0.26051825284769403,-0.012028613098131814,191
a1,book,modernbert_cleanliness,modernbert_readability,120,0.177395147344037,0.3787415792763386,224
a1,book,modernbert_cleanliness,modernbert_reasoning,120,0.21108583071525722,0.3234321827904715,212
a1,book,modernbert_cleanliness,modernbert_professionalism,120,0.29130797701630146,0.20182651573025903,169
a1,book,modernbert_cleanliness,dsir_books,120,0.6257612946514757,0.10261017049546214,31
a1,book,modernbert_cleanliness,dsir_wiki,120,0.6322872732326755,0.13894044341309042,30
a1,book,modernbert_cleanliness,dsir_math,120,0.6379666047536411,-0.006739211481891327,26
a1,book,modernbert_cleanliness,qurater,120,0.24603779309437504,0.3586776859504132,217
a1,book,modernbert_cleanliness,ad_en,120,0.3025701816831026,0.4253060558397987,148
a1,book,modernbert_cleanliness,rps_doc_word_count,120,0.6279421692501093,0.0734773248142232,62
a1,book,modernbert_cleanliness,rps_doc_num_sentences,120,0.6205040749284115,0.21140083131189094,60
a1,book,modernbert_cleanliness,rps_doc_unigram_entropy,120,0.3471184847721032,0.05481912110915047,207
a1,book,modernbert_cleanliness,rps_doc_frac_unique_words,120,0.6423795335132979,0.044420074964848275,21
a1,book,modernbert_cleanliness,rps_doc_frac_no_alph_words,120,0.22829466307857205,0.06316410861865407,171
a1,book,modernbert_cleanliness,rps_doc_frac_chars_top_2gram,120,0.22759399601230973,-0.10797277588721439,175
a1,book,modernbert_cleanliness,rps_doc_frac_chars_top_3gram,120,0.1499278945272182,0.0069657615112160565,178
a1,book,modernbert_cleanliness,rps_lines_uppercase_letter_fraction,120,0.5778957634344825,-0.08924292828139575,101
a1,book,modernbert_cleanliness,rps_lines_ending_with_terminal_punctution_mark,120,0.2031500292414275,-0.14960066671296615,179
a1,book,modernbert_cleanliness,rps_lines_numerical_chars_fraction,120,0.31892645379396295,0.08424890617403986,122
a1,book,modernbert_cleanliness,rps_doc_mean_word_length,120,0.27969153053341345,0.08550593791235502,190
a1,book,modernbert_readability,modernbert_reasoning,120,0.15641278301356548,0.6255781651503576,192
a1,book,modernbert_readability,modernbert_professionalism,120,0.28182344171111434,0.553170359052712,134
a1,book,modernbert_readability,dsir_books,120,0.6764813066415097,-0.11730946392245724,27
a1,book,modernbert_readability,dsir_wiki,120,0.6829056874258225,0.0064030436786953375,28
a1,book,modernbert_readability,dsir_math,120,0.6886818149294023,-0.14741074324949655,22
a1,book,modernbert_readability,qurater,120,0.21868871131076079,0.4936106674074588,218
a1,book,modernbert_readability,ad_en,120,0.34959293744938513,0.057740421594756425,137
a1,book,modernbert_readability,rps_doc_word_count,120,0.6756666739953727,-0.2118549899298562,53
a1,book,modernbert_readability,rps_doc_num_sentences,120,0.6801014399714127,-0.04548942804884724,56
a1,book,modernbert_readability,rps_doc_unigram_entropy,120,0.2940237640540657,0.14793309421154885,209
a1,book,modernbert_readability,rps_doc_frac_unique_words,120,0.6844460540852343,-0.28394514042089014,17
a1,book,modernbert_readability,rps_doc_frac_no_alph_words,120,0.1817993146505398,0.4101048683936384,187
a1,book,modernbert_readability,rps_doc_frac_chars_top_2gram,120,0.18615282373987355,-0.11884158622126535,173
a1,book,modernbert_readability,rps_doc_frac_chars_top_3gram,120,0.14190019954268,-0.13703034932981456,182
a1,book,modernbert_readability,rps_lines_uppercase_letter_fraction,120,0.6232800314040827,-0.4432283021726597,116
a1,book,modernbert_readability,rps_lines_ending_with_terminal_punctution_mark,120,0.1684874147306751,-0.0643864157233141,164
a1,book,modernbert_readability,rps_lines_numerical_chars_fraction,120,0.35094023771294075,-0.21734148204736436,97
a1,book,modernbert_readability,rps_doc_mean_word_length,120,0.23095763613947012,0.4856517813737064,197
a1,book,modernbert_reasoning,modernbert_professionalism,120,0.34803716776047555,0.58309604833669,221
a1,book,modernbert_reasoning,dsir_books,120,0.7483850583580202,-0.19156677843642397,7
a1,book,modernbert_reasoning,dsir_wiki,120,0.75491103693922,-0.09144302969147729,6
a1,book,modernbert_reasoning,dsir_math,120,0.7605903684601856,-0.20067789675704165,8
a1,book,modernbert_reasoning,qurater,120,0.27373237685198504,0.3271616084450309,216
a1,book,modernbert_reasoning,ad_en,120,0.41737724831768236,0.0005243446993509875,104
a1,book,modernbert_reasoning,rps_doc_word_count,120,0.751545065961676,-0.19083269671504963,41
a1,book,modernbert_reasoning,rps_doc_num_sentences,120,0.7471949830380576,-0.07357480927473092,39
a1,book,modernbert_reasoning,rps_doc_unigram_entropy,120,0.22372481985995188,0.23950879630364766,220
a1,book,modernbert_reasoning,rps_doc_frac_unique_words,120,0.7677700792340804,-0.36232348687523896,5
a1,book,modernbert_reasoning,rps_doc_frac_no_alph_words,120,0.23103180371267992,0.4754219042989096,75
a1,book,modernbert_reasoning,rps_doc_frac_chars_top_2gram,120,0.15807872637563622,0.08399194388499201,185
a1,book,modernbert_reasoning,rps_doc_frac_chars_top_3gram,120,0.16608381023727767,0.049197860962566835,162
a1,book,modernbert_reasoning,rps_lines_uppercase_letter_fraction,120,0.6964840368895331,-0.39873879255626893,47
a1,book,modernbert_reasoning,rps_lines_ending_with_terminal_punctution_mark,120,0.18668965320026576,0.10952149454823251,78
a1,book,modernbert_reasoning,rps_lines_numerical_chars_fraction,120,0.37685277977616943,-0.11424404472532812,88
a1,book,modernbert_reasoning,rps_doc_mean_word_length,120,0.3088403394510992,0.42014723244669766,140
a1,book,modernbert_professionalism,dsir_books,120,0.41464398182094764,-0.23899640591582297,11
a1,book,modernbert_professionalism,dsir_wiki,120,0.42116996040214744,-0.03286288610148778,10
a1,book,modernbert_professionalism,dsir_math,120,0.4268492919231131,-0.14793938342781646,18
a1,book,modernbert_professionalism,qurater,120,0.25239867401885374,0.3784429474269046,198
a1,book,modernbert_professionalism,ad_en,120,0.2641986381986673,0.020039690463275157,165
a1,book,modernbert_professionalism,rps_doc_word_count,120,0.41682485641958117,-0.2507951941107021,52
a1,book,modernbert_professionalism,rps_doc_num_sentences,120,0.4153154322609139,-0.07538744144583767,55
a1,book,modernbert_professionalism,rps_doc_unigram_entropy,120,0.5562194507626934,0.265044095074621,154
a1,book,modernbert_professionalism,rps_doc_frac_unique_words,120,0.43141490656513815,-0.1540964681418972,29
a1,book,modernbert_professionalism,rps_doc_frac_no_alph_words,120,0.19325618809441714,0.4031321619556913,40
a1,book,modernbert_professionalism,rps_doc_frac_chars_top_2gram,120,0.4305278099524046,-0.2870893812070282,149
a1,book,modernbert_professionalism,rps_doc_frac_chars_top_3gram,120,0.34248532000518145,-0.05464268351968885,144
a1,book,modernbert_professionalism,rps_lines_uppercase_letter_fraction,120,0.37384347647723287,-0.21501642487097375,50
a1,book,modernbert_professionalism,rps_lines_ending_with_terminal_punctution_mark,120,0.29649253066553316,-0.2520244461420932,36
a1,book,modernbert_professionalism,rps_lines_numerical_chars_fraction,120,0.3388043519978421,-0.2386485172581429,93
a1,book,modernbert_professionalism,rps_doc_mean_word_length,120,0.1173872528025643,0.6977706785193416,87
a1,book,dsir_books,dsir_wiki,120,0.006852798891421533,0.9056888996165464,231
a1,book,dsir_books,dsir_math,120,0.012205310102165407,0.820294116356644,230
a1,book,dsir_books,qurater,120,0.550788347445565,-0.026612287319967495,20
a1,book,dsir_books,ad_en,120,0.37967562989192616,0.03324989848873878,98
a1,book,dsir_books,rps_doc_word_count,120,0.011341892128136055,0.7406831863534974,201
a1,book,dsir_books,rps_doc_num_sentences,120,0.01950298291659364,0.7208445963984567,203
a1,book,dsir_books,rps_doc_unigram_entropy,120,0.9701390650461096,-0.3061870481181349,3
a1,book,dsir_books,rps_doc_frac_unique_words,120,0.021016954192052153,0.7065357652887393,226
a1,book,dsir_books,rps_doc_frac_no_alph_words,120,0.5356780890745375,-0.06465465626952939,130
a1,book,dsir_books,rps_doc_frac_chars_top_2gram,120,0.8232768770898616,-0.04289233671701288,14
a1,book,dsir_books,rps_doc_frac_chars_top_3gram,120,0.7357294431080893,-0.08975567139834989,46
a1,book,dsir_books,rps_lines_uppercase_letter_fraction,120,0.07365454605506658,0.16637311565919455,133
a1,book,dsir_books,rps_lines_ending_with_terminal_punctution_mark,120,0.6487564849831424,-0.25518960058923923,111
a1,book,dsir_books,rps_lines_numerical_chars_fraction,120,0.4399840480684601,0.28207982302482,115
a1,book,dsir_books,rps_doc_mean_word_length,120,0.4807923045715977,-0.17684316568681271,68
a1,book,dsir_wiki,dsir_math,120,0.005776127503579806,0.8615209425715438,229
a1,book,dsir_wiki,qurater,120,0.557212728229878,0.047728595823797966,19
a1,book,dsir_wiki,ad_en,120,0.3860886406878508,0.03775643726001359,99
a1,book,dsir_wiki,rps_doc_word_count,120,0.009222146408055416,0.7732620986988104,202
a1,book,dsir_wiki,rps_doc_num_sentences,120,0.016355704204876444,0.8110211555426851,205
a1,book,dsir_wiki,rps_doc_unigram_entropy,120,0.9765634458304224,-0.35086200898391223,2
a1,book,dsir_wiki,rps_doc_frac_unique_words,120,0.014511458575399492,0.7150228246395702,227
a1,book,dsir_wiki,rps_doc_frac_no_alph_words,120,0.5421024698588504,-0.02845641512347972,129
a1,book,dsir_wiki,rps_doc_frac_chars_top_2gram,120,0.8297012578741744,-0.1793202505947096,13
a1,book,dsir_wiki,rps_doc_frac_chars_top_3gram,120,0.7421538238924019,-0.28085823208159166,44
a1,book,dsir_wiki,rps_lines_uppercase_letter_fraction,120,0.07474226836266823,0.0841578751858373,132
a1,book,dsir_wiki,rps_lines_ending_with_terminal_punctution_mark,120,0.6552824635643424,-0.41622586118818905,107
a1,book,dsir_wiki,rps_lines_numerical_chars_fraction,120,0.44601567527327224,0.2017168924336472,113
a1,book,dsir_wiki,rps_doc_mean_word_length,120,0.4872166853559105,0.05460801474335903,67
a1,book,dsir_math,qurater,120,0.5629888557334577,-0.07726133253646857,15
a1,book,dsir_math,ad_en,120,0.39186476819143057,0.010582366603738697,102
a1,book,dsir_math,rps_doc_word_count,120,0.013015140934029645,0.8231117734778647,200
a1,book,dsir_math,rps_doc_num_sentences,120,0.019438654475792558,0.7903673506990943,204
a1,book,dsir_math,rps_doc_unigram_entropy,120,0.9823395733340021,-0.4724715021812423,1
a1,book,dsir_math,rps_doc_frac_unique_words,120,0.009823233365813387,0.7521708986975766,228
a1,book,dsir_math,rps_doc_frac_no_alph_words,120,0.5478785973624302,-0.1538076697238426,120
a1,book,dsir_math,rps_doc_frac_chars_top_2gram,120,0.8354773853777542,-0.053096011003772474,12
a1,book,dsir_math,rps_doc_frac_chars_top_3gram,120,0.7479299513959818,-0.2784260346375746,43
a1,book,dsir_math,rps_lines_uppercase_letter_fraction,120,0.0773622286090343,0.13033542971289105,131
a1,book,dsir_math,rps_lines_ending_with_terminal_punctution_mark,120,0.660961795085308,-0.36805906861342946,94
a1,book,dsir_math,rps_lines_numerical_chars_fraction,120,0.4505893832963707,0.25195599405407365,112
a1,book,dsir_math,rps_doc_mean_word_length,120,0.49299281285949026,-0.06146297785487909,65
a1,book,qurater,ad_en,120,0.3150057954765158,0.02643947378051933,139
a1,book,qurater,rps_doc_word_count,120,0.549973714799428,-0.2162997430377109,49
a1,book,qurater,rps_doc_num_sentences,120,0.5505612258373976,-0.11831418263208573,58
a1,book,qurater,rps_doc_unigram_entropy,120,0.4193507176005445,0.21175514881255805,195
a1,book,qurater,rps_doc_frac_unique_words,120,0.5626930281721155,-0.16940258896762522,9
a1,book,qurater,rps_doc_frac_no_alph_words,120,0.23457980168653944,0.3104868393638447,157
a1,book,qurater,rps_doc_frac_chars_top_2gram,120,0.3170302839863352,-0.1367942218209598,163
a1,book,qurater,rps_doc_frac_chars_top_3gram,120,0.27118220528920955,-0.009389540940343076,158
a1,book,qurater,rps_lines_uppercase_letter_fraction,120,0.5047441061006881,-0.25708213822509157,86
a1,book,qurater,rps_lines_ending_with_terminal_punctution_mark,120,0.2686330005260084,-0.04705187860268074,119
a1,book,qurater,rps_lines_numerical_chars_fraction,120,0.35411935760349444,-0.1419681922355719,108
a1,book,qurater,rps_doc_mean_word_length,120,0.24870685188226488,0.3192582818251267,176
a1,book,ad_en,rps_doc_word_count,120,0.3793454016239021,0.05810850462873791,71
a1,book,ad_en,rps_doc_num_sentences,120,0.3749427508185955,0.0531847106111522,76
a1,book,ad_en,rps_doc_unigram_entropy,120,0.5904748051425716,-0.008909874023857095,48
a1,book,ad_en,rps_doc_frac_unique_words,120,0.39200175915910934,0.12744901837443848,81
a1,book,ad_en,rps_doc_frac_no_alph_words,120,0.27983859361815766,-0.1953479166005904,72
a1,book,ad_en,rps_doc_frac_chars_top_2gram,120,0.45470680585229784,-0.13784709622606722,95
a1,book,ad_en,rps_doc_frac_chars_top_3gram,120,0.3758379719621726,0.08535706658772599,151
a1,book,ad_en,rps_lines_uppercase_letter_fraction,120,0.341695239680527,0.17555251904261698,80
a1,book,ad_en,rps_lines_ending_with_terminal_punctution_mark,120,0.3724364547035715,-0.12779773490208207,54
a1,book,ad_en,rps_lines_numerical_chars_fraction,120,0.3314884846816478,-0.05208374930838054,83
a1,book,ad_en,rps_doc_mean_word_length,120,0.2903644922935761,-0.12104028599521438,121
a1,book,rps_doc_word_count,rps_doc_num_sentences,120,0.013538317573213478,0.9307032804531437,225
a1,book,rps_doc_word_count,rps_doc_unigram_entropy,120,0.9693244323999726,-0.5603597443992958,32
a1,book,rps_doc_word_count,rps_doc_frac_unique_words,120,0.01629947167714395,0.6774924148709875,199
a1,book,rps_doc_word_count,rps_doc_frac_no_alph_words,120,0.5371529189967492,-0.34095423293284255,127
a1,book,rps_doc_word_count,rps_doc_frac_chars_top_2gram,120,0.8224622444437247,0.02304326689353427,35
a1,book,rps_doc_word_count,rps_doc_frac_chars_top_3gram,120,0.7349148104619522,-0.3349329814570456,37
a1,book,rps_doc_word_count,rps_lines_uppercase_letter_fraction,120,0.06959608275452078,0.14575418955966168,170
a1,book,rps_doc_word_count,rps_lines_ending_with_terminal_punctution_mark,120,0.6531287836139842,-0.3045767067157441,85
a1,book,rps_doc_word_count,rps_lines_numerical_chars_fraction,120,0.44490612163543736,0.2808945065629557,138
a1,book,rps_doc_word_count,rps_doc_mean_word_length,120,0.4799776719254606,-0.1661434821862629,82
a1,book,rps_doc_num_sentences,rps_doc_unigram_entropy,120,0.9631408860346989,-0.543250389870868,33
a1,book,rps_doc_num_sentences,rps_doc_frac_unique_words,120,0.026798508461462603,0.6684678814573115,196
a1,book,rps_doc_num_sentences,rps_doc_frac_no_alph_words,120,0.5346951396083102,-0.1888887731408469,141
a1,book,rps_doc_num_sentences,rps_doc_frac_chars_top_2gram,120,0.816278698078451,-0.06951201302914688,38
a1,book,rps_doc_num_sentences,rps_doc_frac_chars_top_3gram,120,0.7306828257779207,-0.36084922859176016,42
a1,book,rps_doc_num_sentences,rps_lines_uppercase_letter_fraction,120,0.07036024425723485,0.11374866742898737,172
a1,book,rps_doc_num_sentences,rps_lines_ending_with_terminal_punctution_mark,120,0.6580435349398447,-0.46724587557013264,92
a1,book,rps_doc_num_sentences,rps_lines_numerical_chars_fraction,120,0.44176159148100597,0.25343167383885634,152
a1,book,rps_doc_num_sentences,rps_doc_mean_word_length,120,0.4843599607665061,-0.02237663162952455,91
a1,book,rps_doc_unigram_entropy,rps_doc_frac_unique_words,120,0.9781038124898341,-0.31263569079530334,4
a1,book,rps_doc_unigram_entropy,rps_doc_frac_no_alph_words,120,0.43446097597157196,0.25315892747925356,103
a1,book,rps_doc_unigram_entropy,rps_doc_frac_chars_top_2gram,120,0.14686218795624795,0.0918104908252498,210
a1,book,rps_doc_unigram_entropy,rps_doc_frac_chars_top_3gram,120,0.2344096219380204,0.3883567569581642,180
a1,book,rps_doc_unigram_entropy,rps_lines_uppercase_letter_fraction,120,0.9081865918703536,-0.17473260795298393,64
a1,book,rps_doc_unigram_entropy,rps_lines_ending_with_terminal_punctution_mark,120,0.32351633462074314,0.23593029216389808,79
a1,book,rps_doc_unigram_entropy,rps_lines_numerical_chars_fraction,120,0.5357808262795943,-0.05539394869720979,70
a1,book,rps_doc_unigram_entropy,rps_doc_mean_word_length,120,0.4893467604745119,0.2540252169429486,145
a1,book,rps_doc_frac_unique_words,rps_doc_frac_no_alph_words,120,0.5533779322691535,-0.27880815466431025,89
a1,book,rps_doc_frac_unique_words,rps_doc_frac_chars_top_2gram,120,0.8312416245335861,-0.09478524994220108,34
a1,book,rps_doc_frac_unique_words,rps_doc_frac_chars_top_3gram,120,0.7436941905518138,-0.16222566073798161,57
a1,book,rps_doc_frac_unique_words,rps_lines_uppercase_letter_fraction,120,0.07483534780859251,0.29858063435870524,124
a1,book,rps_doc_frac_unique_words,rps_lines_ending_with_terminal_punctution_mark,120,0.6693537968863885,-0.38749733799358105,74
a1,book,rps_doc_frac_unique_words,rps_lines_numerical_chars_fraction,120,0.4585879123679096,0.2505547330031205,114
a1,book,rps_doc_frac_unique_words,rps_doc_mean_word_length,120,0.4887570520153223,-0.016987872115084568,51
a1,book,rps_doc_frac_no_alph_words,rps_doc_frac_chars_top_2gram,120,0.2907716153145818,-0.012459198555455239,109
a1,book,rps_doc_frac_no_alph_words,rps_doc_frac_chars_top_3gram,120,0.2120215617917029,0.0822973817626224,159
a1,book,rps_doc_frac_no_alph_words,rps_lines_uppercase_letter_fraction,120,0.4815337704743952,-0.2761947093247337,174
a1,book,rps_doc_frac_no_alph_words,rps_lines_ending_with_terminal_punctution_mark,120,0.18206450526749307,0.16087922772414748,222
a1,book,rps_doc_frac_no_alph_words,rps_lines_numerical_chars_fraction,120,0.25564486223459515,0.11220223626640737,183
a1,book,rps_doc_frac_no_alph_words,rps_doc_mean_word_length,120,0.16302957347121155,0.4321619556913674,206
a1,book,rps_doc_frac_chars_top_2gram,rps_doc_frac_chars_top_3gram,120,0.10722627113936326,0.3318494339884714,223
a1,book,rps_doc_frac_chars_top_2gram,rps_lines_uppercase_letter_fraction,120,0.7613244039141056,-0.07144990242482487,69
a1,book,rps_doc_frac_chars_top_2gram,rps_lines_ending_with_terminal_punctution_mark,120,0.18572219699595963,0.20651434127369953,117
a1,book,rps_doc_frac_chars_top_2gram,rps_lines_numerical_chars_fraction,120,0.40532027880643395,0.10498645739287449,96
a1,book,rps_doc_frac_chars_top_2gram,rps_doc_mean_word_length,120,0.3677512208645195,-0.3074032918952705,118
a1,book,rps_doc_frac_chars_top_3gram,rps_lines_uppercase_letter_fraction,120,0.6737769699323333,0.011806457438005662,90
a1,book,rps_doc_frac_chars_top_3gram,rps_lines_ending_with_terminal_punctution_mark,120,0.10859095579406057,0.3081463990554899,167
a1,book,rps_doc_frac_chars_top_3gram,rps_lines_numerical_chars_fraction,120,0.3399173393736473,0.08512396694214876,135
a1,book,rps_doc_frac_chars_top_3gram,rps_doc_mean_word_length,120,0.28980168459024175,-0.2515383012709216,156
a1,book,rps_lines_uppercase_letter_fraction,rps_lines_ending_with_terminal_punctution_mark,120,0.6330039703480302,-0.318996590024986,125
a1,book,rps_lines_uppercase_letter_fraction,rps_lines_numerical_chars_fraction,120,0.40375554285708665,-0.011514768489537289,143
a1,book,rps_lines_uppercase_letter_fraction,rps_doc_mean_word_length,120,0.4370793555403918,-0.23103153713688027,142
a1,book,rps_lines_ending_with_terminal_punctution_mark,rps_lines_numerical_chars_fraction,120,0.33143832992034056,0.13464129453434262,155
a1,book,rps_lines_ending_with_terminal_punctution_mark,rps_doc_mean_word_length,120,0.26301117787550204,-0.22212653656503922,181
a1,book,rps_lines_numerical_chars_fraction,rps_doc_mean_word_length,120,0.3319646018806966,-0.221154246822696,126
a1,c4,fineweb_edu,fluency_en,120,0.3889004214153591,0.1684440076903091,188
a1,c4,fineweb_edu,modernbert_cleanliness,120,0.3535149468683405,0.36652261706183625,193
a1,c4,fineweb_edu,modernbert_readability,120,0.318433016667606,0.24240572261962637,194
a1,c4,fineweb_edu,modernbert_reasoning,120,0.15871337458066706,0.7600736162233487,214
a1,c4,fineweb_edu,modernbert_professionalism,120,0.18943984598223124,0.736625714482064,208
a1,c4,fineweb_edu,dsir_books,120,0.4632224489685689,-0.5300784776720604,24
a1,c4,fineweb_edu,dsir_wiki,120,0.46234769224655314,-0.5222307104660044,23
a1,c4,fineweb_edu,dsir_math,120,0.46072511976431835,-0.53177303979443,25
a1,c4,fineweb_edu,qurater,120,0.22672357019715808,0.6663911826758573,219
a1,c4,fineweb_edu,ad_en,120,0.32120000692474343,0.2091161008044856,166
a1,c4,fineweb_edu,rps_doc_word_count,120,0.3418303121086655,0.16963949318408197,77
a1,c4,fineweb_edu,rps_doc_num_sentences,120,0.3250249994450311,0.23255169348724633,73
a1,c4,fineweb_edu,rps_doc_unigram_entropy,120,0.2390661608468207,0.534881823186137,186
a1,c4,fineweb_edu,rps_doc_frac_unique_words,120,0.45906742154160035,-0.46798935330933716,16
a1,c4,fineweb_edu,rps_doc_frac_no_alph_words,120,0.4262147749611033,0.16515758934254587,100
a1,c4,fineweb_edu,rps_doc_frac_chars_top_2gram,120,0.3336328148399371,0.07660739511468641,147
a1,c4,fineweb_edu,rps_doc_frac_chars_top_3gram,120,0.33378054258164797,-0.016287829926659367,150
a1,c4,fineweb_edu,rps_lines_uppercase_letter_fraction,120,0.5153846308811265,0.1700460109640806,84
a1,c4,fineweb_edu,rps_lines_ending_with_terminal_punctution_mark,120,0.6264902950207831,nan,66
a1,c4,fineweb_edu,rps_lines_numerical_chars_fraction,120,0.34545930035624023,0.199212596564317,110
a1,c4,fineweb_edu,rps_doc_mean_word_length,120,0.34321570595027684,0.10493784290575733,168
a1,c4,fluency_en,modernbert_cleanliness,120,0.15234642399943024,0.752356529120134,215
a1,c4,fluency_en,modernbert_readability,120,0.21515247908085883,0.6004819829687206,213
a1,c4,fluency_en,modernbert_reasoning,120,0.36456503527730344,0.2319942217733541,160
a1,c4,fluency_en,modernbert_professionalism,120,0.47560598021924994,0.05640420175396451,128
a1,c4,fluency_en,dsir_books,120,0.2890986051412349,0.06849158092858203,63
a1,c4,fluency_en,dsir_wiki,120,0.29025764568527973,0.07439830264626189,61
a1,c4,fluency_en,dsir_math,120,0.295871325738547,0.049764390908918515,59
a1,c4,fluency_en,qurater,120,0.24393919756308038,0.5754527302751944,211
a1,c4,fluency_en,ad_en,120,0.4195719983329482,0.22583176779442712,184
a1,c4,fluency_en,rps_doc_word_count,120,0.292235166516488,0.18498332277562451,106
a1,c4,fluency_en,rps_doc_num_sentences,120,0.3222512440219945,-0.026587646530944965,105
a1,c4,fluency_en,rps_doc_unigram_entropy,120,0.3428504788121288,0.05430304209055,146
a1,c4,fluency_en,rps_doc_frac_unique_words,120,0.3149078045970428,0.07978567323803158,45
a1,c4,fluency_en,rps_doc_frac_no_alph_words,120,0.2144729256643946,0.32897649635845255,189
a1,c4,fluency_en,rps_doc_frac_chars_top_2gram,120,0.36961182471623355,0.025497276899136497,123
a1,c4,fluency_en,rps_doc_frac_chars_top_3gram,120,0.3530359109097129,0.01368191966903073,153
a1,c4,fluency_en,rps_lines_uppercase_letter_fraction,120,0.2506943611656239,0.21391315822887522,177
a1,c4,fluency_en,rps_lines_ending_with_terminal_punctution_mark,120,0.33845379838447537,nan,161
a1,c4,fluency_en,rps_lines_numerical_chars_fraction,120,0.272084250157929,0.2011494730399376,136
a1,c4,fluency_en,rps_doc_mean_word_length,120,0.2691503604065403,0.12171110887988237,191
a1,c4,modernbert_cleanliness,modernbert_readability,120,0.18331094942690537,0.7298436173419177,224
a1,c4,modernbert_cleanliness,modernbert_reasoning,120,0.30294809686850926,0.4467470774836192,212
a1,c4,modernbert_cleanliness,modernbert_professionalism,120,0.4122192802072468,0.3178963634354833,169
a1,c4,modernbert_cleanliness,dsir_books,120,0.3477885421157587,-0.1847909312992078,31
a1,c4,modernbert_cleanliness,dsir_wiki,120,0.34788242395115615,-0.17584237766950886,30
a1,c4,modernbert_cleanliness,dsir_math,120,0.35344364022279046,-0.20321585390657393,26
a1,c4,modernbert_cleanliness,qurater,120,0.21488200486572337,0.6709447786810465,217
a1,c4,modernbert_cleanliness,ad_en,120,0.38017177135815483,0.3226060731870953,148
a1,c4,modernbert_cleanliness,rps_doc_word_count,120,0.30950993015338657,0.08947490881148842,62
a1,c4,modernbert_cleanliness,rps_doc_num_sentences,120,0.3246420439699128,-0.029168971382575567,60
a1,c4,modernbert_cleanliness,rps_doc_unigram_entropy,120,0.29131227379428093,0.2674708919747621,207
a1,c4,modernbert_cleanliness,rps_doc_frac_unique_words,120,0.3610561848108961,-0.1734739942061781,21
a1,c4,modernbert_cleanliness,rps_doc_frac_no_alph_words,120,0.2503175772219984,0.29762934102833893,171
a1,c4,modernbert_cleanliness,rps_doc_frac_chars_top_2gram,120,0.34332130396997396,0.09332537137223565,175
a1,c4,modernbert_cleanliness,rps_doc_frac_chars_top_3gram,120,0.3187605523627532,0.11568232368113551,178
a1,c4,modernbert_cleanliness,rps_lines_uppercase_letter_fraction,120,0.2849449628502645,0.27438193315605064,101
a1,c4,modernbert_cleanliness,rps_lines_ending_with_terminal_punctution_mark,120,0.37462885084737746,nan,179
a1,c4,modernbert_cleanliness,rps_lines_numerical_chars_fraction,120,0.264681900011941,0.23302277547632172,122
a1,c4,modernbert_cleanliness,rps_doc_mean_word_length,120,0.2817144249424571,0.10618464161527502,190
a1,c4,modernbert_readability,modernbert_reasoning,120,0.2929233471807387,0.3022571011875824,192
a1,c4,modernbert_readability,modernbert_professionalism,120,0.36162296672361155,0.22709373633255717,134
a1,c4,modernbert_readability,dsir_books,120,0.35301807382020445,-0.16303909993749566,27
a1,c4,modernbert_readability,dsir_wiki,120,0.35099467491623126,-0.1546287936662268,28
a1,c4,modernbert_readability,dsir_math,120,0.35343002638332055,-0.1731786929647892,22
a1,c4,modernbert_readability,qurater,120,0.21836485122244628,0.5550215641606463,218
a1,c4,modernbert_readability,ad_en,120,0.3804865598868029,0.15268392288728705,137
a1,c4,modernbert_readability,rps_doc_word_count,120,0.3280931460045512,-0.016602452701338682,53
a1,c4,modernbert_readability,rps_doc_num_sentences,120,0.32749614200151284,-0.07602798614785779,56
a1,c4,modernbert_readability,rps_doc_unigram_entropy,120,0.2880092858863131,0.2098864676134624,209
a1,c4,modernbert_readability,rps_doc_frac_unique_words,120,0.35837394682187934,-0.13297357928213796,17
a1,c4,modernbert_readability,rps_doc_frac_no_alph_words,120,0.3003923103431033,0.25308745935078664,187
a1,c4,modernbert_readability,rps_doc_frac_chars_top_2gram,120,0.34984447873467756,0.0601118830131382,173
a1,c4,modernbert_readability,rps_doc_frac_chars_top_3gram,120,0.3296303153919467,0.05233122131275073,182
a1,c4,modernbert_readability,rps_lines_uppercase_letter_fraction,120,0.36539293416687396,0.12193766821874431,116
a1,c4,modernbert_readability,rps_lines_ending_with_terminal_punctution_mark,120,0.46367994968845755,nan,164
a1,c4,modernbert_readability,rps_lines_numerical_chars_fraction,120,0.31249243867178683,0.0874493078428263,97
a1,c4,modernbert_readability,rps_doc_mean_word_length,120,0.28046867159917527,0.11143134939926382,197
a1,c4,modernbert_reasoning,modernbert_professionalism,120,0.1727032317862053,0.8237990402243269,221
a1,c4,modernbert_reasoning,dsir_books,120,0.4515979423172374,-0.5773456490034029,7
a1,c4,modernbert_reasoning,dsir_wiki,120,0.45104843827099717,-0.5760677824848948,6
a1,c4,modernbert_reasoning,dsir_math,120,0.4497963673501777,-0.5810820195846933,8
a1,c4,modernbert_reasoning,qurater,120,0.21021510925074707,0.6832813617871689,216
a1,c4,modernbert_reasoning,ad_en,120,0.31869681514598286,0.21592921587885291,104
a1,c4,modernbert_reasoning,rps_doc_word_count,120,0.31890716793733653,0.14910259603375423,41
a1,c4,modernbert_reasoning,rps_doc_num_sentences,120,0.2814608675623082,0.23341742580310207,39
a1,c4,modernbert_reasoning,rps_doc_unigram_entropy,120,0.1751424630778291,0.6457890231779703,220
a1,c4,modernbert_reasoning,rps_doc_frac_unique_words,120,0.4476399452503835,-0.544072478738832,5
a1,c4,modernbert_reasoning,rps_doc_frac_no_alph_words,120,0.3915658492704629,0.2598969718334562,75
a1,c4,modernbert_reasoning,rps_doc_frac_chars_top_2gram,120,0.2800584642093382,0.20333002472108425,185
a1,c4,modernbert_reasoning,rps_doc_frac_chars_top_3gram,120,0.2946725653144315,0.0874148566988626,162
a1,c4,modernbert_reasoning,rps_lines_uppercase_letter_fraction,120,0.47678509216904646,0.35800677147509274,47
a1,c4,modernbert_reasoning,rps_lines_ending_with_terminal_punctution_mark,120,0.5925714692193247,nan,78
a1,c4,modernbert_reasoning,rps_lines_numerical_chars_fraction,120,0.28501971065862874,0.20692378153703905,88
a1,c4,modernbert_reasoning,rps_doc_mean_word_length,120,0.32286823340615456,0.04575317730397943,140
a1,c4,modernbert_professionalism,dsir_books,120,0.5021601772132059,-0.5852808200767584,11
a1,c4,modernbert_professionalism,dsir_wiki,120,0.5000332495183045,-0.5710922362262609,10
a1,c4,modernbert_professionalism,dsir_math,120,0.4971281434864937,-0.574377209384012,18
a1,c4,modernbert_professionalism,qurater,120,0.3129609503164926,0.6006125510459205,198
a1,c4,modernbert_professionalism,ad_en,120,0.2775517136978831,0.2420582556870963,165
a1,c4,modernbert_professionalism,rps_doc_word_count,120,0.37812650853291946,0.04941182600883302,52
a1,c4,modernbert_professionalism,rps_doc_num_sentences,120,0.353377994496575,0.16675719560274002,55
a1,c4,modernbert_professionalism,rps_doc_unigram_entropy,120,0.26602680723754946,0.5494526482178171,154
a1,c4,modernbert_professionalism,rps_doc_frac_unique_words,120,0.48651677281358413,-0.5350024742340993,29
a1,c4,modernbert_professionalism,rps_doc_frac_no_alph_words,120,0.5345005700384728,0.23417801738300675,40
a1,c4,modernbert_professionalism,rps_doc_frac_chars_top_2gram,120,0.32010281841420435,0.0781293178622474,149
a1,c4,modernbert_professionalism,rps_doc_frac_chars_top_3gram,120,0.31985189239873235,-0.018011312503353676,144
a1,c4,modernbert_professionalism,rps_lines_uppercase_letter_fraction,120,0.6279869451064957,0.2357165428831294,50
a1,c4,modernbert_professionalism,rps_lines_ending_with_terminal_punctution_mark,120,0.7447899833841121,nan,36
a1,c4,modernbert_professionalism,rps_lines_numerical_chars_fraction,120,0.37807578271700154,0.1617544038096243,93
a1,c4,modernbert_professionalism,rps_doc_mean_word_length,120,0.39993595027839357,0.1493586315657352,87
a1,c4,dsir_books,dsir_wiki,120,0.010861937398575043,0.9977498437391484,231
a1,c4,dsir_books,dsir_math,120,0.012784198536647773,0.9978679074935757,230
a1,c4,dsir_books,qurater,120,0.39782732643515534,-0.2833549785121359,20
a1,c4,dsir_books,ad_en,120,0.4076049715484552,0.0826428774999328,98
a1,c4,dsir_books,rps_doc_word_count,120,0.2859017846746036,-0.2612012732251188,201
a1,c4,dsir_books,rps_doc_num_sentences,120,0.3277442682168335,-0.4559523530173353,203
a1,c4,dsir_books,rps_doc_unigram_entropy,120,0.43498323350793794,-0.884549073806934,3
a1,c4,dsir_books,rps_doc_frac_unique_words,120,0.09764295728193813,0.8982323089272729,226
a1,c4,dsir_books,rps_doc_frac_no_alph_words,120,0.2745263887773426,0.006146270828314751,130
a1,c4,dsir_books,rps_doc_frac_chars_top_2gram,120,0.3653182165901358,-0.21736979307536047,14
a1,c4,dsir_books,rps_doc_frac_chars_top_3gram,120,0.3257087425828848,0.07390821751666937,46
a1,c4,dsir_books,rps_lines_uppercase_letter_fraction,120,0.27184353642903514,-0.019793384845417702,133
a1,c4,dsir_books,rps_lines_ending_with_terminal_punctution_mark,120,0.3486427013260691,nan,111
a1,c4,dsir_books,rps_lines_numerical_chars_fraction,120,0.29919155200228975,-0.22175943088673258,115
a1,c4,dsir_books,rps_doc_mean_word_length,120,0.2384304462641688,0.18104729495103825,68
a1,c4,dsir_wiki,dsir_math,120,0.011932850670927423,0.9977220640322244,229
a1,c4,dsir_wiki,qurater,120,0.3982745036277327,-0.2742848412097622,19
a1,c4,dsir_wiki,ad_en,120,0.405255983331895,0.088254495216639,99
a1,c4,dsir_wiki,rps_doc_word_count,120,0.288741422139136,-0.26263545288745993,202
a1,c4,dsir_wiki,rps_doc_num_sentences,120,0.33033601667609197,-0.45877206750793353,205
a1,c4,dsir_wiki,rps_doc_unigram_entropy,120,0.4371510163750789,-0.8912266324526114,2
a1,c4,dsir_wiki,rps_doc_frac_unique_words,120,0.0948154317352158,0.8994094964909698,227
a1,c4,dsir_wiki,rps_doc_frac_no_alph_words,120,0.2757679401632401,0.018226991851878035,129
a1,c4,dsir_wiki,rps_doc_frac_chars_top_2gram,120,0.3676752210432364,-0.22727265788932424,13
a1,c4,dsir_wiki,rps_doc_frac_chars_top_3gram,120,0.3289006172295784,0.06492013760445263,44
a1,c4,dsir_wiki,rps_lines_uppercase_letter_fraction,120,0.2757490766677669,-0.026773157396170255,132
a1,c4,dsir_wiki,rps_lines_ending_with_terminal_punctution_mark,120,0.3526856490331852,nan,107
a1,c4,dsir_wiki,rps_lines_numerical_chars_fraction,120,0.3002856720773676,-0.21821116823624093,113
a1,c4,dsir_wiki,rps_doc_mean_word_length,120,0.23654491680846068,0.2110007639419404,67
a1,c4,dsir_math,qurater,120,0.40080741781564083,-0.2909111112724596,15
a1,c4,dsir_math,ad_en,120,0.4022095060083069,0.07349621842455892,102
a1,c4,dsir_math,rps_doc_word_count,120,0.2924684073463354,-0.26757694843107105,200
a1,c4,dsir_math,rps_doc_num_sentences,120,0.33171258912434554,-0.45356724310296975,204
a1,c4,dsir_math,rps_doc_unigram_entropy,120,0.4352814504305686,-0.8916120765554041,1
a1,c4,dsir_math,rps_doc_frac_unique_words,120,0.09462669272655956,0.8994546393768933,228
a1,c4,dsir_math,rps_doc_frac_no_alph_words,120,0.28216363102522496,0.010542417081787336,120
a1,c4,dsir_math,rps_doc_frac_chars_top_2gram,120,0.36477737838993657,-0.22061054118880424,12
a1,c4,dsir_math,rps_doc_frac_chars_top_3gram,120,0.32558772549572534,0.06860504020291407,43
a1,c4,dsir_math,rps_lines_uppercase_letter_fraction,120,0.28211066916610944,-0.025589026829102288,131
a1,c4,dsir_math,rps_lines_ending_with_terminal_punctution_mark,120,0.3600451694855474,nan,94
a1,c4,dsir_math,rps_lines_numerical_chars_fraction,120,0.30292254842384936,-0.23040657490505678,112
a1,c4,dsir_math,rps_doc_mean_word_length,120,0.238695216472444,0.19295784429474266,65
a1,c4,qurater,ad_en,120,0.3687231386481534,0.17997583100092998,139
a1,c4,qurater,rps_doc_word_count,120,0.3256512583009384,0.08055422924498558,49
a1,c4,qurater,rps_doc_num_sentences,120,0.3295704326048717,0.02924387582283154,58
a1,c4,qurater,rps_doc_unigram_entropy,120,0.2612557195737807,0.4107612573954724,195
a1,c4,qurater,rps_doc_frac_unique_words,120,0.3906335164314626,-0.19937320405330558,9
a1,c4,qurater,rps_doc_frac_no_alph_words,120,0.298883856222172,0.45584464064651153,157
a1,c4,qurater,rps_doc_frac_chars_top_2gram,120,0.3326712252108518,0.14115935395918164,163
a1,c4,qurater,rps_doc_frac_chars_top_3gram,120,0.3252069008220161,0.11188590898135417,158
a1,c4,qurater,rps_lines_uppercase_letter_fraction,120,0.38297718317398516,0.4091946120170789,86
a1,c4,qurater,rps_lines_ending_with_terminal_punctution_mark,120,0.4945837301118484,nan,119
a1,c4,qurater,rps_lines_numerical_chars_fraction,120,0.28578675690533706,0.2428551198746363,108
a1,c4,qurater,rps_doc_mean_word_length,120,0.28888353111320625,0.21530811381944212,176
a1,c4,ad_en,rps_doc_word_count,120,0.4257086118772491,-0.20858199045133807,71
a1,c4,ad_en,rps_doc_num_sentences,120,0.4118202889607455,-0.23845163809848985,76
a1,c4,ad_en,rps_doc_unigram_entropy,120,0.39441184415742875,-0.1238117396444564,48
a1,c4,ad_en,rps_doc_frac_unique_words,120,0.4006015017273825,0.03009183296094212,81
a1,c4,ad_en,rps_doc_frac_no_alph_words,120,0.5050380371396899,-0.147879926478537,72
a1,c4,ad_en,rps_doc_frac_chars_top_2gram,120,0.37332978266104294,0.006643151021995936,95
a1,c4,ad_en,rps_doc_frac_chars_top_3gram,120,0.3505829841360929,0.12554850832569026,151
a1,c4,ad_en,rps_lines_uppercase_letter_fraction,120,0.5533430193462567,-0.003005531845459819,80
a1,c4,ad_en,rps_lines_ending_with_terminal_punctution_mark,120,0.6483991434600017,nan,54
a1,c4,ad_en,rps_lines_numerical_chars_fraction,120,0.42288673532332743,-0.03392572986106694,83
a1,c4,ad_en,rps_doc_mean_word_length,120,0.4348540650124564,-0.08900803546696404,121
a1,c4,rps_doc_word_count,rps_doc_num_sentences,120,0.13000040852452596,0.7218645377871793,225
a1,c4,rps_doc_word_count,rps_doc_unigram_entropy,120,0.2600891880259299,0.26201778679473864,32
a1,c4,rps_doc_word_count,rps_doc_frac_unique_words,120,0.32118843762807203,-0.20356016727381263,199
a1,c4,rps_doc_word_count,rps_doc_frac_no_alph_words,120,0.30085621540505014,0.02769916207928423,127
a1,c4,rps_doc_word_count,rps_doc_frac_chars_top_2gram,120,0.31008884906422673,-0.09363949919992985,35
a1,c4,rps_doc_word_count,rps_doc_frac_chars_top_3gram,120,0.3513791430334333,-0.3029541745312335,37
a1,c4,rps_doc_word_count,rps_lines_uppercase_letter_fraction,120,0.3490318007189245,-0.11028790009113187,170
a1,c4,rps_doc_word_count,rps_lines_ending_with_terminal_punctution_mark,120,0.4482313512602006,nan,85
a1,c4,rps_doc_word_count,rps_lines_numerical_chars_fraction,120,0.2519250446977473,0.13474809184332343,138
a1,c4,rps_doc_word_count,rps_doc_mean_word_length,120,0.2778489732930192,-0.0811023390168929,82
a1,c4,rps_doc_num_sentences,rps_doc_unigram_entropy,120,0.21204281013492848,0.43807348134883667,33
a1,c4,rps_doc_num_sentences,rps_doc_frac_unique_words,120,0.36080338071428386,-0.37773769727928214,196
a1,c4,rps_doc_num_sentences,rps_doc_frac_no_alph_words,120,0.3204939336454948,-0.11574756854369428,141
a1,c4,rps_doc_num_sentences,rps_doc_frac_chars_top_2gram,120,0.27583397904855184,0.03618176211899754,38
a1,c4,rps_doc_num_sentences,rps_doc_frac_chars_top_3gram,120,0.3266123302014229,-0.1743589825534837,42
a1,c4,rps_doc_num_sentences,rps_lines_uppercase_letter_fraction,120,0.3669480092636916,-0.13060963495502467,172
a1,c4,rps_doc_num_sentences,rps_lines_ending_with_terminal_punctution_mark,120,0.46723899210978115,nan,92
a1,c4,rps_doc_num_sentences,rps_lines_numerical_chars_fraction,120,0.24641382589438834,0.13479398459555073,152
a1,c4,rps_doc_num_sentences,rps_doc_mean_word_length,120,0.28021925000527276,-0.17136979966350036,91
a1,c4,rps_doc_unigram_entropy,rps_doc_frac_unique_words,120,0.43781257085636194,-0.6940209881104723,4
a1,c4,rps_doc_unigram_entropy,rps_doc_frac_no_alph_words,120,0.3398552343444471,0.09652613558627539,103
a1,c4,rps_doc_unigram_entropy,rps_doc_frac_chars_top_2gram,120,0.2146174857494442,0.3391745771320789,210
a1,c4,rps_doc_unigram_entropy,rps_doc_frac_chars_top_3gram,120,0.25833917667031603,0.07138635489073887,180
a1,c4,rps_doc_unigram_entropy,rps_lines_uppercase_letter_fraction,120,0.41798088391894955,0.14097428767115341,64
a1,c4,rps_doc_unigram_entropy,rps_lines_ending_with_terminal_punctution_mark,120,0.5336385258323275,nan,79
a1,c4,rps_doc_unigram_entropy,rps_lines_numerical_chars_fraction,120,0.24181063855239207,0.3211288045774809,70
a1,c4,rps_doc_unigram_entropy,rps_doc_mean_word_length,120,0.3077470973028948,-0.10448313161195623,145
a1,c4,rps_doc_frac_unique_words,rps_doc_frac_no_alph_words,120,0.3201328137188033,0.0358244147095051,89
a1,c4,rps_doc_frac_unique_words,rps_doc_frac_chars_top_2gram,120,0.3627719984680175,-0.06598678214063408,34
a1,c4,rps_doc_frac_unique_words,rps_doc_frac_chars_top_3gram,120,0.3220462147418784,0.21186843203407996,57
a1,c4,rps_doc_frac_unique_words,rps_lines_uppercase_letter_fraction,120,0.3330536704444114,-0.017383785435636574,124
a1,c4,rps_doc_frac_unique_words,rps_lines_ending_with_terminal_punctution_mark,120,0.41021773795251015,nan,74
a1,c4,rps_doc_frac_unique_words,rps_lines_numerical_chars_fraction,120,0.31795839656705716,-0.16366324812976274,114
a1,c4,rps_doc_frac_unique_words,rps_doc_mean_word_length,120,0.2617930464218413,0.2374758876653061,51
a1,c4,rps_doc_frac_no_alph_words,rps_doc_frac_chars_top_2gram,120,0.373123484452886,0.08596854776919877,109
a1,c4,rps_doc_frac_no_alph_words,rps_doc_frac_chars_top_3gram,120,0.37455146151761753,-0.019384302647956275,159
a1,c4,rps_doc_frac_no_alph_words,rps_lines_uppercase_letter_fraction,120,0.15862290492960643,0.3880343572560871,174
a1,c4,rps_doc_frac_no_alph_words,rps_lines_ending_with_terminal_punctution_mark,120,0.22973145521449853,nan,222
a1,c4,rps_doc_frac_no_alph_words,rps_lines_numerical_chars_fraction,120,0.24866292232459838,0.09730498584178282,183
a1,c4,rps_doc_frac_no_alph_words,rps_doc_mean_word_length,120,0.21114039639347038,0.5669257707588424,206
a1,c4,rps_doc_frac_chars_top_2gram,rps_doc_frac_chars_top_3gram,120,0.19786425837991295,0.4858439796393231,223
a1,c4,rps_doc_frac_chars_top_2gram,rps_lines_uppercase_letter_fraction,120,0.41486079836316964,0.22619633584471857,69
a1,c4,rps_doc_frac_chars_top_2gram,rps_lines_ending_with_terminal_punctution_mark,120,0.525697222622471,nan,117
a1,c4,rps_doc_frac_chars_top_2gram,rps_lines_numerical_chars_fraction,120,0.28881491231646017,0.11403497650020646,96
a1,c4,rps_doc_frac_chars_top_2gram,rps_doc_mean_word_length,120,0.3175486857427969,-0.005085161026882833,118
a1,c4,rps_doc_frac_chars_top_3gram,rps_lines_uppercase_letter_fraction,120,0.4085104380651155,0.2222434168353522,90
a1,c4,rps_doc_frac_chars_top_3gram,rps_lines_ending_with_terminal_punctution_mark,120,0.5219038915354978,nan,167
a1,c4,rps_doc_frac_chars_top_3gram,rps_lines_numerical_chars_fraction,120,0.3060064990568033,-0.1032266696774463,135
a1,c4,rps_doc_frac_chars_top_3gram,rps_doc_mean_word_length,120,0.31868433347439074,-0.03271577021827924,156
a1,c4,rps_lines_uppercase_letter_fraction,rps_lines_ending_with_terminal_punctution_mark,120,0.11915554004143508,nan,125
a1,c4,rps_lines_uppercase_letter_fraction,rps_lines_numerical_chars_fraction,120,0.3181096959120963,0.01627479433367048,143
a1,c4,rps_lines_uppercase_letter_fraction,rps_doc_mean_word_length,120,0.28453384926446645,0.1725392829498718,142
a1,c4,rps_lines_ending_with_terminal_punctution_mark,rps_lines_numerical_chars_fraction,120,0.4067325094244288,nan,155
a1,c4,rps_lines_ending_with_terminal_punctution_mark,rps_doc_mean_word_length,120,0.372527484103455,nan,181
a1,c4,rps_lines_numerical_chars_fraction,rps_doc_mean_word_length,120,0.23503608898264702,0.0842363141041921,126
a1,commoncrawl,fineweb_edu,fluency_en,120,0.294940308579748,0.09294758828333385,188
a1,commoncrawl,fineweb_edu,modernbert_cleanliness,120,0.2922052728794337,0.10146537954024584,193
a1,commoncrawl,fineweb_edu,modernbert_readability,120,0.30516034582504564,0.1800996251472003,194
a1,commoncrawl,fineweb_edu,modernbert_reasoning,120,0.2326350311196429,0.37347037988749215,214
a1,commoncrawl,fineweb_edu,modernbert_professionalism,120,0.25219506738975017,0.4570525730953538,208
a1,commoncrawl,fineweb_edu,dsir_books,120,0.3287087938906156,-0.06944232238349884,24
a1,commoncrawl,fineweb_edu,dsir_wiki,120,0.32751950661102236,-0.051538301270921585,23
a1,commoncrawl,fineweb_edu,dsir_math,120,0.333897164751531,-0.04931592471699423,25
a1,commoncrawl,fineweb_edu,qurater,120,0.19568648319694748,0.6681436210847974,219
a1,commoncrawl,fineweb_edu,ad_en,120,0.34654726176912004,0.01963681442605645,166
a1,commoncrawl,fineweb_edu,rps_doc_word_count,120,0.30737229016768985,-0.023501836081829413,77
a1,commoncrawl,fineweb_edu,rps_doc_num_sentences,120,0.30554055205092134,-0.013167675594927852,73
a1,commoncrawl,fineweb_edu,rps_doc_unigram_entropy,120,0.3242001989105792,-0.0033543996110841027,186
a1,commoncrawl,fineweb_edu,rps_doc_frac_unique_words,120,0.33282677073268657,-0.035280227793596776,16
a1,commoncrawl,fineweb_edu,rps_doc_frac_no_alph_words,120,0.2722342994191838,0.28533231474407944,100
a1,commoncrawl,fineweb_edu,rps_doc_frac_chars_top_2gram,120,0.28671813499412657,0.050545264506751134,147
a1,commoncrawl,fineweb_edu,rps_doc_frac_chars_top_3gram,120,0.2810265943720501,0.044110778718690555,150
a1,commoncrawl,fineweb_edu,rps_lines_uppercase_letter_fraction,120,0.2760700486158093,0.07315785818459614,84
a1,commoncrawl,fineweb_edu,rps_lines_ending_with_terminal_punctution_mark,120,0.28023074039621093,0.015436130370553632,66
a1,commoncrawl,fineweb_edu,rps_lines_numerical_chars_fraction,120,0.31992895840552776,0.12421087722278311,110
a1,commoncrawl,fineweb_edu,rps_doc_mean_word_length,120,0.23300242655587358,0.39174942704354465,168
a1,commoncrawl,fluency_en,modernbert_cleanliness,120,0.2354971272886131,0.3809680897430732,215
a1,commoncrawl,fluency_en,modernbert_readability,120,0.22216677168692472,0.26638053469176576,213
a1,commoncrawl,fluency_en,modernbert_reasoning,120,0.29411234950412596,-0.010684788326962989,160
a1,commoncrawl,fluency_en,modernbert_professionalism,120,0.38860562784992164,-0.13357200772991817,128
a1,commoncrawl,fluency_en,dsir_books,120,0.33912314341486954,0.3656822794683605,63
a1,commoncrawl,fluency_en,dsir_wiki,120,0.33787143267486225,0.3700193937421261,61
a1,commoncrawl,fluency_en,dsir_math,120,0.3536341516901853,0.35805326420858224,59
a1,commoncrawl,fluency_en,qurater,120,0.23497980680311226,0.3696131148229663,211
a1,commoncrawl,fluency_en,ad_en,120,0.318648647338118,0.38506800843117034,184
a1,commoncrawl,fluency_en,rps_doc_word_count,120,0.2739119336539876,0.3335960858065638,106
a1,commoncrawl,fluency_en,rps_doc_num_sentences,120,0.2651277732177634,0.29401723529373347,105
a1,commoncrawl,fluency_en,rps_doc_unigram_entropy,120,0.28961846282312986,-0.2615776470204078,146
a1,commoncrawl,fluency_en,rps_doc_frac_unique_words,120,0.3665797658433148,0.35623021777645497,45
a1,commoncrawl,fluency_en,rps_doc_frac_no_alph_words,120,0.20343591865239033,0.325037025205409,189
a1,commoncrawl,fluency_en,rps_doc_frac_chars_top_2gram,120,0.3078827319073751,-0.025922029036839492,123
a1,commoncrawl,fluency_en,rps_doc_frac_chars_top_3gram,120,0.31602393755356745,0.020716788376930265,153
a1,commoncrawl,fluency_en,rps_lines_uppercase_letter_fraction,120,0.22331837514899439,0.05867084288994691,177
a1,commoncrawl,fluency_en,rps_lines_ending_with_terminal_punctution_mark,120,0.25410596826044135,0.2941553569330735,161
a1,commoncrawl,fluency_en,rps_lines_numerical_chars_fraction,120,0.3381053372767584,0.0666753479013481,136
a1,commoncrawl,fluency_en,rps_doc_mean_word_length,120,0.2337467443494207,0.17065450839408386,191
a1,commoncrawl,modernbert_cleanliness,modernbert_readability,120,0.20750757069640927,0.5383751273970323,224
a1,commoncrawl,modernbert_cleanliness,modernbert_reasoning,120,0.23549545147544926,0.3258073477324814,212
a1,commoncrawl,modernbert_cleanliness,modernbert_professionalism,120,0.29410904625039197,0.23741232030002082,169
a1,commoncrawl,modernbert_cleanliness,dsir_books,120,0.34159234997466137,-0.0874921869574276,31
a1,commoncrawl,modernbert_cleanliness,dsir_wiki,120,0.34219948275591283,-0.08232516146954648,30
a1,commoncrawl,modernbert_cleanliness,dsir_math,120,0.3524914905944623,-0.08665879574970482,26
a1,commoncrawl,modernbert_cleanliness,qurater,120,0.2371280576741667,0.3707479686089311,217
a1,commoncrawl,modernbert_cleanliness,ad_en,120,0.3272208321740025,0.22000871589851184,148
a1,commoncrawl,modernbert_cleanliness,rps_doc_word_count,120,0.3268139901473713,-0.11582154856284549,62
a1,commoncrawl,modernbert_cleanliness,rps_doc_num_sentences,120,0.3138158292006903,-0.04754743107859863,60
a1,commoncrawl,modernbert_cleanliness,rps_doc_unigram_entropy,120,0.2613581838648908,0.1368983957219251,207
a1,commoncrawl,modernbert_cleanliness,rps_doc_frac_unique_words,120,0.35730205350095995,-0.057767900548649206,21
a1,commoncrawl,modernbert_cleanliness,rps_doc_frac_no_alph_words,120,0.26279380839237326,0.08763108549204804,171
a1,commoncrawl,modernbert_cleanliness,rps_doc_frac_chars_top_2gram,120,0.2638221838918274,0.10829937547654261,175
a1,commoncrawl,modernbert_cleanliness,rps_doc_frac_chars_top_3gram,120,0.2567082164795848,0.22568967582795982,178
a1,commoncrawl,modernbert_cleanliness,rps_lines_uppercase_letter_fraction,120,0.2375451955647902,0.1998611014653795,101
a1,commoncrawl,modernbert_cleanliness,rps_lines_ending_with_terminal_punctution_mark,120,0.21054168497888667,0.4562967376818517,179
a1,commoncrawl,modernbert_cleanliness,rps_lines_numerical_chars_fraction,120,0.31588932135431924,0.1059039232189108,122
a1,commoncrawl,modernbert_cleanliness,rps_doc_mean_word_length,120,0.2639859619494073,-0.0017640113896798388,190
a1,commoncrawl,modernbert_readability,modernbert_reasoning,120,0.27757580208636473,0.18449577140067291,192
a1,commoncrawl,modernbert_readability,modernbert_professionalism,120,0.36631923717804266,0.2460973784596015,134
a1,commoncrawl,modernbert_readability,dsir_books,120,0.4144652819445508,-0.21041081049203617,27
a1,commoncrawl,modernbert_readability,dsir_wiki,120,0.41394196155941226,-0.1951701423194523,28
a1,commoncrawl,modernbert_readability,dsir_math,120,0.42852307827922537,-0.19476733586968703,22
a1,commoncrawl,modernbert_readability,qurater,120,0.22996004167888096,0.36000479200830704,218
a1,commoncrawl,modernbert_readability,ad_en,120,0.4035941980415822,-0.03151965941961046,137
a1,commoncrawl,modernbert_readability,rps_doc_word_count,120,0.3570373889590497,-0.17522232678726743,53
a1,commoncrawl,modernbert_readability,rps_doc_num_sentences,120,0.3107905002110508,-0.03995463871070571,56
a1,commoncrawl,modernbert_readability,rps_doc_unigram_entropy,120,0.19507386106606356,0.18052326641333274,209
a1,commoncrawl,modernbert_readability,rps_doc_frac_unique_words,120,0.42849006902911607,-0.12324488375059162,17
a1,commoncrawl,modernbert_readability,rps_doc_frac_no_alph_words,120,0.2009781243594093,0.1292626732113088,187
a1,commoncrawl,modernbert_readability,rps_doc_frac_chars_top_2gram,120,0.29412217568837645,-0.00986877515374385,173
a1,commoncrawl,modernbert_readability,rps_doc_frac_chars_top_3gram,120,0.32922426789809794,0.04875008247129131,182
a1,commoncrawl,modernbert_readability,rps_lines_uppercase_letter_fraction,120,0.1922354119807615,0.06269196244881045,116
a1,commoncrawl,modernbert_readability,rps_lines_ending_with_terminal_punctution_mark,120,0.289937681690548,0.17848143566408908,164
a1,commoncrawl,modernbert_readability,rps_lines_numerical_chars_fraction,120,0.3657182082427793,0.05793160924109111,97
a1,commoncrawl,modernbert_readability,rps_doc_mean_word_length,120,0.20608933865271542,0.18546459036174626,197
a1,commoncrawl,modernbert_reasoning,modernbert_professionalism,120,0.21511931617850813,0.7360650045142023,221
a1,commoncrawl,modernbert_reasoning,dsir_books,120,0.38029747155943283,-0.505764289186749,7
a1,commoncrawl,modernbert_reasoning,dsir_wiki,120,0.3825812285419431,-0.5122925203139106,6
a1,commoncrawl,modernbert_reasoning,dsir_math,120,0.3877912219734458,-0.5004861448711715,8
a1,commoncrawl,modernbert_reasoning,qurater,120,0.19200664225297273,0.536294187096326,216
a1,commoncrawl,modernbert_reasoning,ad_en,120,0.3892815088046431,-0.18540555838203923,104
a1,commoncrawl,modernbert_reasoning,rps_doc_word_count,120,0.3720545524546709,-0.5144638036151529,41
a1,commoncrawl,modernbert_reasoning,rps_doc_num_sentences,120,0.3365850049628539,-0.2734229108829137,39
a1,commoncrawl,modernbert_reasoning,rps_doc_unigram_entropy,120,0.22802435926832348,0.5092089728453364,220
a1,commoncrawl,modernbert_reasoning,rps_doc_frac_unique_words,120,0.39216863172205085,-0.45016320577817903,5
a1,commoncrawl,modernbert_reasoning,rps_doc_frac_no_alph_words,120,0.24483650652590044,0.19893048128342244,75
a1,commoncrawl,modernbert_reasoning,rps_doc_frac_chars_top_2gram,120,0.2361152354970005,0.28399590943148134,185
a1,commoncrawl,modernbert_reasoning,rps_doc_frac_chars_top_3gram,120,0.21696002114840607,0.42071050196344745,162
a1,commoncrawl,modernbert_reasoning,rps_lines_uppercase_letter_fraction,120,0.21812408232275776,0.3036183068268629,47
a1,commoncrawl,modernbert_reasoning,rps_lines_ending_with_terminal_punctution_mark,120,0.22572053637636866,0.3137765159819898,78
a1,commoncrawl,modernbert_reasoning,rps_lines_numerical_chars_fraction,120,0.29962425011859184,0.16770725541938872,88
a1,commoncrawl,modernbert_reasoning,rps_doc_mean_word_length,120,0.24544370066103513,0.08338079033266198,140
a1,commoncrawl,modernbert_professionalism,dsir_books,120,0.3312674643099668,-0.5837835960830612,11
a1,commoncrawl,modernbert_professionalism,dsir_wiki,120,0.33155122353667005,-0.5645600388915897,10
a1,commoncrawl,modernbert_professionalism,dsir_math,120,0.3320137855495711,-0.5517813737065074,18
a1,commoncrawl,modernbert_professionalism,qurater,120,0.28634913582765315,0.5160775053823182,198
a1,commoncrawl,modernbert_professionalism,ad_en,120,0.31461857376629976,-0.07263364232534442,165
a1,commoncrawl,modernbert_professionalism,rps_doc_word_count,120,0.35524694912111177,-0.48712833469728045,52
a1,commoncrawl,modernbert_professionalism,rps_doc_num_sentences,120,0.36936803569472126,-0.3158019164048643,55
a1,commoncrawl,modernbert_professionalism,rps_doc_unigram_entropy,120,0.3704081774380628,0.3928814501007014,154
a1,commoncrawl,modernbert_professionalism,rps_doc_frac_unique_words,120,0.34095214455437534,-0.5128481144523925,29
a1,commoncrawl,modernbert_professionalism,rps_doc_frac_no_alph_words,120,0.3732718344832448,0.1312799499965275,40
a1,commoncrawl,modernbert_professionalism,rps_doc_frac_chars_top_2gram,120,0.32603045511160617,0.04767353231747639,149
a1,commoncrawl,modernbert_professionalism,rps_doc_frac_chars_top_3gram,120,0.2511584000176728,0.12188714821733113,144
a1,commoncrawl,modernbert_professionalism,rps_lines_uppercase_letter_fraction,120,0.33971439277760146,0.04003750260434752,50
a1,commoncrawl,modernbert_professionalism,rps_lines_ending_with_terminal_punctution_mark,120,0.29611798749115015,-0.049573459191841016,36
a1,commoncrawl,modernbert_professionalism,rps_lines_numerical_chars_fraction,120,0.3313210505936671,-0.016584600212916193,93
a1,commoncrawl,modernbert_professionalism,rps_doc_mean_word_length,120,0.30260283981834857,0.1958677685950413,87
a1,commoncrawl,dsir_books,dsir_wiki,120,0.01172239441334694,0.9967636641433432,231
a1,commoncrawl,dsir_books,dsir_math,120,0.020251911782200524,0.9963330786860197,230
a1,commoncrawl,dsir_books,qurater,120,0.39459270453818956,-0.10834085700395858,20
a1,commoncrawl,dsir_books,ad_en,120,0.25260182049967267,0.1917740672516038,98
a1,commoncrawl,dsir_books,rps_doc_word_count,120,0.13891361153203327,0.9408651717936638,201
a1,commoncrawl,dsir_books,rps_doc_num_sentences,120,0.2512185923609889,0.656247636119149,203
a1,commoncrawl,dsir_books,rps_doc_unigram_entropy,120,0.47897696510052795,-0.8245780957010902,3
a1,commoncrawl,dsir_books,rps_doc_frac_unique_words,120,0.07833184267809032,0.8910271546635182,226
a1,commoncrawl,dsir_books,rps_doc_frac_no_alph_words,120,0.3835697373263272,0.15244114174595455,130
a1,commoncrawl,dsir_books,rps_doc_frac_chars_top_2gram,120,0.3419711725447909,-0.23600290992970832,14
a1,commoncrawl,dsir_books,rps_doc_frac_chars_top_3gram,120,0.3049766753373183,-0.33419045452938506,46
a1,commoncrawl,dsir_books,rps_lines_uppercase_letter_fraction,120,0.3709023675145234,-0.07295645530939647,133
a1,commoncrawl,dsir_books,rps_lines_ending_with_terminal_punctution_mark,120,0.2810220573507432,-0.05563467600026048,111
a1,commoncrawl,dsir_books,rps_lines_numerical_chars_fraction,120,0.331170554123227,-0.07248470369439125,115
a1,commoncrawl,dsir_books,rps_doc_mean_word_length,120,0.3326441893249325,0.10275713591221611,68
a1,commoncrawl,dsir_wiki,dsir_math,120,0.020307522015984028,0.9977845683728036,229
a1,commoncrawl,dsir_wiki,qurater,120,0.3937305954320041,-0.10429196471977219,19
a1,commoncrawl,dsir_wiki,ad_en,120,0.2525203408756998,0.19991700798177223,99
a1,commoncrawl,dsir_wiki,rps_doc_word_count,120,0.13840257340664788,0.9491366513366482,202
a1,commoncrawl,dsir_wiki,rps_doc_num_sentences,120,0.2525382456579754,0.6561608010123504,205
a1,commoncrawl,dsir_wiki,rps_doc_unigram_entropy,120,0.48063787073892905,-0.839933328703382,2
a1,commoncrawl,dsir_wiki,rps_doc_frac_unique_words,120,0.078410601127121,0.8899645808736717,227
a1,commoncrawl,dsir_wiki,rps_doc_frac_no_alph_words,120,0.3831684971690861,0.16053892631432734,129
a1,commoncrawl,dsir_wiki,rps_doc_frac_chars_top_2gram,120,0.3444164640350007,-0.25703218458297056,13
a1,commoncrawl,dsir_wiki,rps_doc_frac_chars_top_3gram,120,0.3096411591941274,-0.3591332021902805,44
a1,commoncrawl,dsir_wiki,rps_lines_uppercase_letter_fraction,120,0.3715594009084748,-0.09221473713452322,132
a1,commoncrawl,dsir_wiki,rps_lines_ending_with_terminal_punctution_mark,120,0.284046527920138,-0.07250535224008474,107
a1,commoncrawl,dsir_wiki,rps_lines_numerical_chars_fraction,120,0.3345205990110077,-0.09606983867054844,113
a1,commoncrawl,dsir_wiki,rps_doc_mean_word_length,120,0.3299534910300045,0.13171748038058195,67
a1,commoncrawl,dsir_math,qurater,120,0.402524168530653,-0.10304882283491908,15
a1,commoncrawl,dsir_math,ad_en,120,0.2549706343603719,0.1820754602326868,102
a1,commoncrawl,dsir_math,rps_doc_word_count,120,0.15749592171973192,0.950581208637186,200
a1,commoncrawl,dsir_math,rps_doc_num_sentences,120,0.26855539549008345,0.6588665829401924,204
a1,commoncrawl,dsir_math,rps_doc_unigram_entropy,120,0.49483321335652325,-0.8443780818112366,1
a1,commoncrawl,dsir_math,rps_doc_frac_unique_words,120,0.07816452523980984,0.8842905757344259,228
a1,commoncrawl,dsir_math,rps_doc_frac_no_alph_words,120,0.4017455045811433,0.15548301965414263,120
a1,commoncrawl,dsir_math,rps_doc_frac_chars_top_2gram,120,0.35299389406512727,-0.2573169270733218,12
a1,commoncrawl,dsir_math,rps_doc_frac_chars_top_3gram,120,0.31522417390029267,-0.36197020968561,43
a1,commoncrawl,dsir_math,rps_lines_uppercase_letter_fraction,120,0.38807473956923133,-0.08603375234391276,131
a1,commoncrawl,dsir_math,rps_lines_ending_with_terminal_punctution_mark,120,0.29281611215606124,-0.0740649432698729,94
a1,commoncrawl,dsir_math,rps_lines_numerical_chars_fraction,120,0.34031799863701834,-0.0978199723613587,112
a1,commoncrawl,dsir_math,rps_doc_mean_word_length,120,0.34364450133133995,0.13302312660601429,65
a1,commoncrawl,qurater,ad_en,120,0.3936082964719991,0.016046281072114386,139
a1,commoncrawl,qurater,rps_doc_word_count,120,0.3540236632889452,-0.09340660294993046,49
a1,commoncrawl,qurater,rps_doc_num_sentences,120,0.3298690442340505,-0.08723454828979504,58
a1,commoncrawl,qurater,rps_doc_unigram_entropy,120,0.250024046195752,0.14419056878949926,195
a1,commoncrawl,qurater,rps_doc_frac_unique_words,120,0.4028928518383305,-0.05931661920966733,9
a1,commoncrawl,qurater,rps_doc_frac_no_alph_words,120,0.2192986124660914,0.3871727203278005,157
a1,commoncrawl,qurater,rps_doc_frac_chars_top_2gram,120,0.27366455032910914,0.12920364123160183,163
a1,commoncrawl,qurater,rps_doc_frac_chars_top_3gram,120,0.29060195089689483,0.1752659477500172,158
a1,commoncrawl,qurater,rps_lines_uppercase_letter_fraction,120,0.22953843735442805,0.1298840197235919,86
a1,commoncrawl,qurater,rps_lines_ending_with_terminal_punctution_mark,120,0.26751656268865787,0.19529622639162425,119
a1,commoncrawl,qurater,rps_lines_numerical_chars_fraction,120,0.3136852424431845,0.18872274965903876,108
a1,commoncrawl,qurater,rps_doc_mean_word_length,120,0.22854661171740442,0.23236335856656706,176
a1,commoncrawl,ad_en,rps_doc_word_count,120,0.27931788564941207,0.15588050434959247,71
a1,commoncrawl,ad_en,rps_doc_num_sentences,120,0.32473175880846444,0.007773492257198937,76
a1,commoncrawl,ad_en,rps_doc_unigram_entropy,120,0.4495063198464103,-0.16692507626436068,48
a1,commoncrawl,ad_en,rps_doc_frac_unique_words,120,0.26055358791143934,0.19139556808760022,81
a1,commoncrawl,ad_en,rps_doc_frac_no_alph_words,120,0.401376852104799,-0.1540456872800559,72
a1,commoncrawl,ad_en,rps_doc_frac_chars_top_2gram,120,0.3445658295121491,-0.10613968379638794,95
a1,commoncrawl,ad_en,rps_doc_frac_chars_top_3gram,120,0.29082110388660354,0.016737331541536015,151
a1,commoncrawl,ad_en,rps_lines_uppercase_letter_fraction,120,0.3672579378014883,-0.047694367133843556,80
a1,commoncrawl,ad_en,rps_lines_ending_with_terminal_punctution_mark,120,0.3142331654084566,-0.02431437898273049,54
a1,commoncrawl,ad_en,rps_lines_numerical_chars_fraction,120,0.400917206811792,-0.23325086161561653,83
a1,commoncrawl,ad_en,rps_doc_mean_word_length,120,0.35238339482375575,-0.10095510270711568,121
a1,commoncrawl,rps_doc_word_count,rps_doc_num_sentences,120,0.1714395282555833,0.6967084239368939,225
a1,commoncrawl,rps_doc_word_count,rps_doc_unigram_entropy,120,0.4216886090879851,-0.8641925150728018,32
a1,commoncrawl,rps_doc_word_count,rps_doc_frac_unique_words,120,0.16583581847994008,0.8210919256154042,199
a1,commoncrawl,rps_doc_word_count,rps_doc_frac_no_alph_words,120,0.2989424464873822,0.12924968096952905,127
a1,commoncrawl,rps_doc_word_count,rps_doc_frac_chars_top_2gram,120,0.34386873928244344,-0.3456074617153462,35
a1,commoncrawl,rps_doc_word_count,rps_doc_frac_chars_top_3gram,120,0.3230187550736436,-0.44835004185443206,37
a1,commoncrawl,rps_doc_word_count,rps_lines_uppercase_letter_fraction,120,0.3000274173927255,-0.14026095789262022,170
a1,commoncrawl,rps_doc_word_count,rps_lines_ending_with_terminal_punctution_mark,120,0.28310439686206534,-0.11977867295288293,85
a1,commoncrawl,rps_doc_word_count,rps_lines_numerical_chars_fraction,120,0.34093907022456976,-0.10337337724926206,138
a1,commoncrawl,rps_doc_word_count,rps_doc_mean_word_length,120,0.2816148601453212,0.10643887109637046,82
a1,commoncrawl,rps_doc_num_sentences,rps_doc_unigram_entropy,120,0.3344229593275543,-0.5471202207033107,33
a1,commoncrawl,rps_doc_num_sentences,rps_doc_frac_unique_words,120,0.2637407590607919,0.5906697634649053,196
a1,commoncrawl,rps_doc_num_sentences,rps_doc_frac_no_alph_words,120,0.25497248957124147,0.2376815809246421,141
a1,commoncrawl,rps_doc_num_sentences,rps_doc_frac_chars_top_2gram,120,0.31296003365508784,-0.169726457730964,38
a1,commoncrawl,rps_doc_num_sentences,rps_doc_frac_chars_top_3gram,120,0.3187766555931448,-0.21720623986223336,42
a1,commoncrawl,rps_doc_num_sentences,rps_lines_uppercase_letter_fraction,120,0.24896232431650855,0.03879445231330762,172
a1,commoncrawl,rps_doc_num_sentences,rps_lines_ending_with_terminal_punctution_mark,120,0.27815343474939225,0.048468129175489975,92
a1,commoncrawl,rps_doc_num_sentences,rps_lines_numerical_chars_fraction,120,0.3178799799398797,0.11545328641244199,152
a1,commoncrawl,rps_doc_num_sentences,rps_doc_mean_word_length,120,0.24092163428770216,0.168543468891659,91
a1,commoncrawl,rps_doc_unigram_entropy,rps_doc_frac_unique_words,120,0.48319479471895493,-0.565907354677408,4
a1,commoncrawl,rps_doc_unigram_entropy,rps_doc_frac_no_alph_words,120,0.20441580855460018,-0.10859087436627543,103
a1,commoncrawl,rps_doc_unigram_entropy,rps_doc_frac_chars_top_2gram,120,0.23252207063822947,0.5336421516122906,210
a1,commoncrawl,rps_doc_unigram_entropy,rps_doc_frac_chars_top_3gram,120,0.29703564791092074,0.5910073460098949,180
a1,commoncrawl,rps_doc_unigram_entropy,rps_lines_uppercase_letter_fraction,120,0.15730201818045142,0.16266407389402038,64
a1,commoncrawl,rps_doc_unigram_entropy,rps_lines_ending_with_terminal_punctution_mark,120,0.29765027318674675,0.12624350997249592,79
a1,commoncrawl,rps_doc_unigram_entropy,rps_lines_numerical_chars_fraction,120,0.34221249239789225,0.16003305808468501,70
a1,commoncrawl,rps_doc_unigram_entropy,rps_doc_mean_word_length,120,0.23902721163112292,-0.146218487394958,145
a1,commoncrawl,rps_doc_frac_unique_words,rps_doc_frac_no_alph_words,120,0.40209033695057467,0.1552399472185568,89
a1,commoncrawl,rps_doc_frac_unique_words,rps_doc_frac_chars_top_2gram,120,0.33876450325705526,-0.09672216251518591,34
a1,commoncrawl,rps_doc_frac_unique_words,rps_doc_frac_chars_top_3gram,120,0.3015517117066106,-0.21117475375883232,57
a1,commoncrawl,rps_doc_frac_unique_words,rps_lines_uppercase_letter_fraction,120,0.38825822524478776,-0.06337245642058476,124
a1,commoncrawl,rps_doc_frac_unique_words,rps_lines_ending_with_terminal_punctution_mark,120,0.30544099416723225,-0.13342318627221114,74
a1,commoncrawl,rps_doc_frac_unique_words,rps_lines_numerical_chars_fraction,120,0.33536218402993223,-0.05010104938692521,114
a1,commoncrawl,rps_doc_frac_unique_words,rps_doc_mean_word_length,120,0.3410791642143691,0.1797069240919508,51
a1,commoncrawl,rps_doc_frac_no_alph_words,rps_doc_frac_chars_top_2gram,120,0.25774101179118175,0.044339961698729405,109
a1,commoncrawl,rps_doc_frac_no_alph_words,rps_doc_frac_chars_top_3gram,120,0.29036456647484427,0.04646164049878609,159
a1,commoncrawl,rps_doc_frac_no_alph_words,rps_lines_uppercase_letter_fraction,120,0.1373335164127356,0.20023612750885475,174
a1,commoncrawl,rps_doc_frac_no_alph_words,rps_lines_ending_with_terminal_punctution_mark,120,0.2459382261100353,0.1690506365896658,222
a1,commoncrawl,rps_doc_frac_no_alph_words,rps_lines_numerical_chars_fraction,120,0.30207816777906055,0.36518067353247874,183
a1,commoncrawl,rps_doc_frac_no_alph_words,rps_doc_mean_word_length,120,0.15132766231330816,0.5500312521702896,206
a1,commoncrawl,rps_doc_frac_chars_top_2gram,rps_doc_frac_chars_top_3gram,120,0.17021616860214628,0.6413037061730196,223
a1,commoncrawl,rps_doc_frac_chars_top_2gram,rps_lines_uppercase_letter_fraction,120,0.21718776455339192,0.31643224604576836,69
a1,commoncrawl,rps_doc_frac_chars_top_2gram,rps_lines_ending_with_terminal_punctution_mark,120,0.22488581566567636,0.2495176306034921,117
a1,commoncrawl,rps_doc_frac_chars_top_2gram,rps_lines_numerical_chars_fraction,120,0.30934136068538565,0.18978218784711096,96
a1,commoncrawl,rps_doc_frac_chars_top_2gram,rps_doc_mean_word_length,120,0.2603137371995667,-0.02292177047328004,118
a1,commoncrawl,rps_doc_frac_chars_top_3gram,rps_lines_uppercase_letter_fraction,120,0.25875325259306964,0.2900345337085657,90
a1,commoncrawl,rps_doc_frac_chars_top_3gram,rps_lines_ending_with_terminal_punctution_mark,120,0.1845757089443465,0.3340708835159374,167
a1,commoncrawl,rps_doc_frac_chars_top_3gram,rps_lines_numerical_chars_fraction,120,0.2658861781099537,0.23659140037303006,135
a1,commoncrawl,rps_doc_frac_chars_top_3gram,rps_doc_mean_word_length,120,0.2859568465345198,-0.20089624435102915,156
a1,commoncrawl,rps_lines_uppercase_letter_fraction,rps_lines_ending_with_terminal_punctution_mark,120,0.21629326110724037,0.5038382130152828,125
a1,commoncrawl,rps_lines_uppercase_letter_fraction,rps_lines_numerical_chars_fraction,120,0.29639695267990956,0.22594087048861078,143
a1,commoncrawl,rps_lines_uppercase_letter_fraction,rps_doc_mean_word_length,120,0.16678916291664728,-0.010292381415376067,142
a1,commoncrawl,rps_lines_ending_with_terminal_punctution_mark,rps_lines_numerical_chars_fraction,120,0.2387706863731795,0.4189041970028041,155
a1,commoncrawl,rps_lines_ending_with_terminal_punctution_mark,rps_doc_mean_word_length,120,0.26474564657285743,-0.1186713308078229,181
a1,commoncrawl,rps_lines_numerical_chars_fraction,rps_doc_mean_word_length,120,0.3097792636736926,0.025932536513831265,126
a1,github,fineweb_edu,fluency_en,120,0.236846683456553,0.20770886867143548,188
a1,github,fineweb_edu,modernbert_cleanliness,120,0.29805079508943333,0.08410306271268837,193
a1,github,fineweb_edu,modernbert_readability,120,0.23470319843666682,0.32753663448850606,194
a1,github,fineweb_edu,modernbert_reasoning,120,0.20747949087377132,0.5608831230298679,214
a1,github,fineweb_edu,modernbert_professionalism,120,0.3700862059256677,0.459511077158136,208
a1,github,fineweb_edu,dsir_books,120,0.42996084892372716,-0.5666085004168804,24
a1,github,fineweb_edu,dsir_wiki,120,0.42944876944370347,-0.5670946748328496,23
a1,github,fineweb_edu,dsir_math,120,0.42831928384646123,-0.5695047108662968,25
a1,github,fineweb_edu,qurater,120,0.2109985896079337,0.33458573512049444,219
a1,github,fineweb_edu,ad_en,120,0.3136607215630586,-0.13637081806190787,166
a1,github,fineweb_edu,rps_doc_word_count,120,0.17619841841991707,0.6181458929539116,77
a1,github,fineweb_edu,rps_doc_num_sentences,120,0.23998124684353767,0.33416602522558664,73
a1,github,fineweb_edu,rps_doc_unigram_entropy,120,0.2367224903670828,0.5718626455561081,186
a1,github,fineweb_edu,rps_doc_frac_unique_words,120,0.46645274258434255,-0.604510601636699,16
a1,github,fineweb_edu,rps_doc_frac_no_alph_words,120,0.3239816009298008,-0.23282253219993207,100
a1,github,fineweb_edu,rps_doc_frac_chars_top_2gram,120,0.4413295920023404,-0.4723432648211358,147
a1,github,fineweb_edu,rps_doc_frac_chars_top_3gram,120,0.39638933051380865,-0.4588100282135216,150
a1,github,fineweb_edu,rps_lines_uppercase_letter_fraction,120,0.2355586167987317,0.18471581981927213,84
a1,github,fineweb_edu,rps_lines_ending_with_terminal_punctution_mark,120,0.3112864087810171,-0.13748734667003534,66
a1,github,fineweb_edu,rps_lines_numerical_chars_fraction,120,0.24330559435526228,0.3519961008008011,110
a1,github,fineweb_edu,rps_doc_mean_word_length,120,0.37775142446843296,0.1546637868322819,168
a1,github,fluency_en,modernbert_cleanliness,120,0.21138350450122706,0.012174456559483295,215
a1,github,fluency_en,modernbert_readability,120,0.2303224130072656,-0.034057920688936726,213
a1,github,fluency_en,modernbert_reasoning,120,0.2639695030757154,0.21094666954234353,160
a1,github,fluency_en,modernbert_professionalism,120,0.4587557658434626,0.2515174664907284,128
a1,github,fluency_en,dsir_books,120,0.3817292322636903,-0.1612709991257764,63
a1,github,fluency_en,dsir_wiki,120,0.38213481599931676,-0.1611112561033865,61
a1,github,fluency_en,dsir_math,120,0.3863795813657512,-0.15467291776619466,59
a1,github,fluency_en,qurater,120,0.22609591056196032,0.16767136606708796,211
a1,github,fluency_en,ad_en,120,0.2853426365775406,0.24702800025733507,184
a1,github,fluency_en,rps_doc_word_count,120,0.23673211694092533,0.20597917834084026,106
a1,github,fluency_en,rps_doc_num_sentences,120,0.2701482390225089,0.07281230500262874,105
a1,github,fluency_en,rps_doc_unigram_entropy,120,0.2562631222288066,0.03167002063087404,146
a1,github,fluency_en,rps_doc_frac_unique_words,120,0.4463826290433166,-0.3007577145460739,45
a1,github,fluency_en,rps_doc_frac_no_alph_words,120,0.2354982579896315,-0.1515700797636743,189
a1,github,fluency_en,rps_doc_frac_chars_top_2gram,120,0.43522940946011546,-0.2672407456473793,123
a1,github,fluency_en,rps_doc_frac_chars_top_3gram,120,0.38105090443231465,-0.19559476898421996,153
a1,github,fluency_en,rps_lines_uppercase_letter_fraction,120,0.22742847713404593,0.08030141243976141,177
a1,github,fluency_en,rps_lines_ending_with_terminal_punctution_mark,120,0.23424295885192248,-0.09390633393007543,161
a1,github,fluency_en,rps_lines_numerical_chars_fraction,120,0.2697614773600114,0.2009893773981846,136
a1,github,fluency_en,rps_doc_mean_word_length,120,0.2854801323271595,0.0025244852498219343,191
a1,github,modernbert_cleanliness,modernbert_readability,120,0.145356821986493,0.6570386832418916,224
a1,github,modernbert_cleanliness,modernbert_reasoning,120,0.24187366485687414,0.19824431033404216,212
a1,github,modernbert_cleanliness,modernbert_professionalism,120,0.5949953055154615,-0.13141884853114796,169
a1,github,modernbert_cleanliness,dsir_books,120,0.4218636653723928,0.2794079095318872,31
a1,github,modernbert_cleanliness,dsir_wiki,120,0.42445165247991906,0.27974128627426603,30
a1,github,modernbert_cleanliness,dsir_math,120,0.43714417286519436,0.27317793165868215,26
a1,github,modernbert_cleanliness,qurater,120,0.2642748157080061,0.5811097992916174,217
a1,github,modernbert_cleanliness,ad_en,120,0.4059436020449427,0.06055292130178114,148
a1,github,modernbert_cleanliness,rps_doc_word_count,120,0.2972621498882857,0.13549863541568313,62
a1,github,modernbert_cleanliness,rps_doc_num_sentences,120,0.3317603691078274,0.21400383450481558,60
a1,github,modernbert_cleanliness,rps_doc_unigram_entropy,120,0.23065605502045544,-0.09902090332120321,207
a1,github,modernbert_cleanliness,rps_doc_frac_unique_words,120,0.5028757781593776,0.0991777377484038,21
a1,github,modernbert_cleanliness,rps_doc_frac_no_alph_words,120,0.17079407554848683,0.3878546699609117,171
a1,github,modernbert_cleanliness,rps_doc_frac_chars_top_2gram,120,0.5023445579104872,-0.07733747922931207,175
a1,github,modernbert_cleanliness,rps_doc_frac_chars_top_3gram,120,0.44451332361838236,-0.004432911201239475,178
a1,github,modernbert_cleanliness,rps_lines_uppercase_letter_fraction,120,0.3222924923809354,-0.43748556746533107,101
a1,github,modernbert_cleanliness,rps_lines_ending_with_terminal_punctution_mark,120,0.14511927985292036,0.49812378678226743,179
a1,github,modernbert_cleanliness,rps_lines_numerical_chars_fraction,120,0.3867711841710419,0.04053443539992692,122
a1,github,modernbert_cleanliness,rps_doc_mean_word_length,120,0.164633725707723,0.37385994489247415,190
a1,github,modernbert_readability,modernbert_reasoning,120,0.24365480437728262,0.2683746675157958,192
a1,github,modernbert_readability,modernbert_professionalism,120,0.4956337339988783,0.10587540801444542,134
a1,github,modernbert_readability,dsir_books,120,0.3978557197664348,-0.13626774344736145,27
a1,github,modernbert_readability,dsir_wiki,120,0.3990637762479518,-0.13443417136427768,28
a1,github,modernbert_readability,dsir_math,120,0.4073857104497605,-0.13658028414334164,22
a1,github,modernbert_readability,qurater,120,0.20206727339717187,0.557747065768456,218
a1,github,modernbert_readability,ad_en,120,0.35941251664868035,0.007660267484329005,137
a1,github,modernbert_readability,rps_doc_word_count,120,0.22792171484657145,0.4001097356499188,53
a1,github,modernbert_readability,rps_doc_num_sentences,120,0.2625251262391585,0.3094401365575979,56
a1,github,modernbert_readability,rps_doc_unigram_entropy,120,0.21466070896560285,0.24825198518427127,209
a1,github,modernbert_readability,rps_doc_frac_unique_words,120,0.4527596535627885,-0.22663240608562132,17
a1,github,modernbert_readability,rps_doc_frac_no_alph_words,120,0.19356712175020047,0.07533535431448403,187
a1,github,modernbert_readability,rps_doc_frac_chars_top_2gram,120,0.4629224351210503,-0.30312182602040866,173
a1,github,modernbert_readability,rps_doc_frac_chars_top_3gram,120,0.3926882251008642,-0.2332001364900367,182
a1,github,modernbert_readability,rps_lines_uppercase_letter_fraction,120,0.2786797313481099,-0.24983896312285206,116
a1,github,modernbert_readability,rps_lines_ending_with_terminal_punctution_mark,120,0.1673791982757303,0.34395625809055475,164
a1,github,modernbert_readability,rps_lines_numerical_chars_fraction,120,0.32549062067163964,0.051966955192277876,97
a1,github,modernbert_readability,rps_doc_mean_word_length,120,0.24315408322889281,0.3816486937444007,197
a1,github,modernbert_reasoning,modernbert_professionalism,120,0.4154152377953145,0.5391939662187551,221
a1,github,modernbert_reasoning,dsir_books,120,0.4828784554020943,-0.5479119539956551,7
a1,github,modernbert_reasoning,dsir_wiki,120,0.48421307730666974,-0.5468979260285449,6
a1,github,modernbert_reasoning,dsir_math,120,0.4884346810819215,-0.5459255704436449,8
a1,github,modernbert_reasoning,qurater,120,0.22419770039909814,0.45034690151028073,216
a1,github,modernbert_reasoning,ad_en,120,0.3621212049241792,-0.08635744112070338,104
a1,github,modernbert_reasoning,rps_doc_word_count,120,0.251545248147027,0.4334986321498111,41
a1,github,modernbert_reasoning,rps_doc_num_sentences,120,0.32141272145586314,0.017138352662671563,39
a1,github,modernbert_reasoning,rps_doc_unigram_entropy,120,0.19626940565612452,0.5992724876077252,220
a1,github,modernbert_reasoning,rps_doc_frac_unique_words,120,0.5331245950148976,-0.5661992581680929,5
a1,github,modernbert_reasoning,rps_doc_frac_no_alph_words,120,0.31655984257269715,-0.18794209259880582,75
a1,github,modernbert_reasoning,rps_doc_frac_chars_top_2gram,120,0.4553252098922815,-0.3116171656876678,185
a1,github,modernbert_reasoning,rps_doc_frac_chars_top_3gram,120,0.42141210473204904,-0.35861087495127675,162
a1,github,modernbert_reasoning,rps_lines_uppercase_letter_fraction,120,0.30120479860217747,0.04674355978206579,47
a1,github,modernbert_reasoning,rps_lines_ending_with_terminal_punctution_mark,120,0.29387870162735524,-0.056371974797671955,78
a1,github,modernbert_reasoning,rps_lines_numerical_chars_fraction,120,0.31186664837883993,0.2930160097517638,88
a1,github,modernbert_reasoning,rps_doc_mean_word_length,120,0.3060907556020826,0.284612513134227,140
a1,github,modernbert_professionalism,dsir_books,120,0.4400557202303483,-0.8136267758220209,11
a1,github,modernbert_professionalism,dsir_wiki,120,0.4371805210736531,-0.8121682525741134,10
a1,github,modernbert_professionalism,dsir_math,120,0.42635968637096283,-0.808216349107164,18
a1,github,modernbert_professionalism,qurater,120,0.3866606159833623,0.15952496701159802,198
a1,github,modernbert_professionalism,ad_en,120,0.3295655519187658,-0.25211516792031874,165
a1,github,modernbert_professionalism,rps_doc_word_count,120,0.3747480613438758,0.4936068847293892,52
a1,github,modernbert_professionalism,rps_doc_num_sentences,120,0.3521014036522016,-0.09693020849190484,55
a1,github,modernbert_professionalism,rps_doc_unigram_entropy,120,0.4734754914854989,0.68712832481056,154
a1,github,modernbert_professionalism,rps_doc_frac_unique_words,120,0.41627248950083295,-0.7510621009540248,29
a1,github,modernbert_professionalism,rps_doc_frac_no_alph_words,120,0.5335622928782572,-0.2996121244969952,40
a1,github,modernbert_professionalism,rps_doc_frac_chars_top_2gram,120,0.3785179860552162,-0.296034073092562,149
a1,github,modernbert_professionalism,rps_doc_frac_chars_top_3gram,120,0.35871013575844596,-0.45412423281623826,144
a1,github,modernbert_professionalism,rps_lines_uppercase_letter_fraction,120,0.39734010567874467,0.26005503903194516,50
a1,github,modernbert_professionalism,rps_lines_ending_with_terminal_punctution_mark,120,0.5605598132230372,-0.3071334452702667,36
a1,github,modernbert_professionalism,rps_lines_numerical_chars_fraction,120,0.2863079485834653,0.3179053855414265,93
a1,github,modernbert_professionalism,rps_doc_mean_word_length,120,0.6550031179223166,-0.12839108339328226,87
a1,github,dsir_books,dsir_wiki,120,0.0042410386875399424,0.9997568980187191,231
a1,github,dsir_books,dsir_math,120,0.01848441207209901,0.9989650801368318,230
a1,github,dsir_books,qurater,120,0.3503941462469372,-0.043130616045265774,20
a1,github,dsir_books,ad_en,120,0.275506529755679,0.2583049156819928,98
a1,github,dsir_books,rps_doc_word_count,120,0.4714793153512236,-0.697926886282949,201
a1,github,dsir_books,rps_doc_num_sentences,120,0.3269130408523972,-0.053339175497011684,203
a1,github,dsir_books,rps_doc_unigram_entropy,120,0.5232774688584864,-0.8997541259534727,3
a1,github,dsir_books,rps_doc_frac_unique_words,120,0.15959909588140697,0.8222039807097704,226
a1,github,dsir_books,rps_doc_frac_no_alph_words,120,0.32190102485993866,0.4328773124345773,130
a1,github,dsir_books,rps_doc_frac_chars_top_2gram,120,0.3041348346556275,0.3787344603650132,14
a1,github,dsir_books,rps_doc_frac_chars_top_3gram,120,0.2647384853857175,0.5055982974709674,46
a1,github,dsir_books,rps_lines_uppercase_letter_fraction,120,0.3815800354727967,-0.405226420885934,133
a1,github,dsir_books,rps_lines_ending_with_terminal_punctution_mark,120,0.3437292463156834,0.3814586240690552,111
a1,github,dsir_books,rps_lines_numerical_chars_fraction,120,0.358163466624001,-0.26800913509910307,115
a1,github,dsir_books,rps_doc_mean_word_length,120,0.45384421895726595,-0.0064834943612470846,68
a1,github,dsir_wiki,dsir_math,120,0.015586539531839786,0.9990553751584507,229
a1,github,dsir_wiki,qurater,120,0.3503508095982343,-0.040248296293448504,19
a1,github,dsir_wiki,ad_en,120,0.27471914537776826,0.256474813095824,99
a1,github,dsir_wiki,rps_doc_word_count,120,0.47040564659685286,-0.6981005284446679,202
a1,github,dsir_wiki,rps_doc_num_sentences,120,0.3256122443751889,-0.0539367743887187,205
a1,github,dsir_wiki,rps_doc_unigram_entropy,120,0.5237419561165443,-0.9001916988824235,2
a1,github,dsir_wiki,rps_doc_frac_unique_words,120,0.15818943643524974,0.8226800405431577,227
a1,github,dsir_wiki,rps_doc_frac_no_alph_words,120,0.32343034984703667,0.4337211752440116,129
a1,github,dsir_wiki,rps_doc_frac_chars_top_2gram,120,0.3037441345702015,0.37866668206111154,13
a1,github,dsir_wiki,rps_doc_frac_chars_top_3gram,120,0.26437060362867437,0.5052524201250742,44
a1,github,dsir_wiki,rps_lines_uppercase_letter_fraction,120,0.38164293665233956,-0.40991457202439624,132
a1,github,dsir_wiki,rps_lines_ending_with_terminal_punctution_mark,120,0.34581122252171526,0.38484140246756254,107
a1,github,dsir_wiki,rps_lines_numerical_chars_fraction,120,0.35690441050181226,-0.2683737638378894,113
a1,github,dsir_wiki,rps_doc_mean_word_length,120,0.45631398616084184,-0.008226779936686846,67
a1,github,dsir_math,qurater,120,0.3538576475380664,-0.04758952997458311,15
a1,github,dsir_math,ad_en,120,0.27089612075775704,0.2671741414980748,102
a1,github,dsir_math,rps_doc_word_count,120,0.46880711087723925,-0.7000626848720906,200
a1,github,dsir_math,rps_doc_num_sentences,120,0.32133473585126315,-0.058495203144065186,204
a1,github,dsir_math,rps_doc_unigram_entropy,120,0.5313128434592244,-0.9038103575488258,1
a1,github,dsir_math,rps_doc_frac_unique_words,120,0.15377523326671538,0.8207931756560829,228
a1,github,dsir_math,rps_doc_frac_no_alph_words,120,0.3362447362218307,0.42060483848996516,120
a1,github,dsir_math,rps_doc_frac_chars_top_2gram,120,0.3061704458062716,0.3715820656638118,12
a1,github,dsir_math,rps_doc_frac_chars_top_3gram,120,0.26496750057350094,0.5023106031293587,43
a1,github,dsir_math,rps_lines_uppercase_letter_fraction,120,0.38104452028311575,-0.40206625974815585,131
a1,github,dsir_math,rps_lines_ending_with_terminal_punctution_mark,120,0.35917578343488565,0.37616912560814475,94
a1,github,dsir_math,rps_lines_numerical_chars_fraction,120,0.3532993576269456,-0.26381590460305987,112
a1,github,dsir_math,rps_doc_mean_word_length,120,0.46899696544652003,-0.00792812941977884,65
a1,github,qurater,ad_en,120,0.30233118362493794,-0.031036931448292226,139
a1,github,qurater,rps_doc_word_count,120,0.2549808801281316,0.18955362808285872,49
a1,github,qurater,rps_doc_num_sentences,120,0.26611369289535103,0.05874179086670707,58
a1,github,qurater,rps_doc_unigram_entropy,120,0.29100831075189587,0.07307718356974925,195
a1,github,qurater,rps_doc_frac_unique_words,120,0.4110785889433597,-0.17644762991282253,9
a1,github,qurater,rps_doc_frac_no_alph_words,120,0.25485502190322934,0.21407810986346812,157
a1,github,qurater,rps_doc_frac_chars_top_2gram,120,0.41138438932977844,-0.17950171254911865,163
a1,github,qurater,rps_doc_frac_chars_top_3gram,120,0.36214671390238334,-0.21881548839742404,158
a1,github,qurater,rps_lines_uppercase_letter_fraction,120,0.30496698375013964,-0.3269317915585339,86
a1,github,qurater,rps_lines_ending_with_terminal_punctution_mark,120,0.24166481893740308,0.31624972214032765,119
a1,github,qurater,rps_lines_numerical_chars_fraction,120,0.28315318943439155,-0.0008308823032159385,108
a1,github,qurater,rps_doc_mean_word_length,120,0.32852156698337703,0.24462852390571618,176
a1,github,ad_en,rps_doc_word_count,120,0.32224571802480234,-0.172777641955979,71
a1,github,ad_en,rps_doc_num_sentences,120,0.27678898436499705,0.040179204570822635,76
a1,github,ad_en,rps_doc_unigram_entropy,120,0.39872124597025355,-0.2756581439247366,48
a1,github,ad_en,rps_doc_frac_unique_words,120,0.3103344716436506,0.18225065881276745,81
a1,github,ad_en,rps_doc_frac_no_alph_words,120,0.3738683426366408,-0.1138869742013707,72
a1,github,ad_en,rps_doc_frac_chars_top_2gram,120,0.3398005219414786,-0.02150763989811685,95
a1,github,ad_en,rps_doc_frac_chars_top_3gram,120,0.2986936419760254,0.018804575844655055,151
a1,github,ad_en,rps_lines_uppercase_letter_fraction,120,0.2771996169505779,-0.038753094866149515,80
a1,github,ad_en,rps_lines_ending_with_terminal_punctution_mark,120,0.3951609038541458,-0.006070582718563022,54
a1,github,ad_en,rps_lines_numerical_chars_fraction,120,0.2697400568601156,-0.144745557864263,83
a1,github,ad_en,rps_doc_mean_word_length,120,0.4447496817130533,0.08953430632094703,121
a1,github,rps_doc_word_count,rps_doc_num_sentences,120,0.2242346614620903,0.4374613922604152,225
a1,github,rps_doc_word_count,rps_doc_unigram_entropy,120,0.2272227013017706,0.7442365227121218,32
a1,github,rps_doc_word_count,rps_doc_frac_unique_words,120,0.4761386259088804,-0.6090868291280688,199
a1,github,rps_doc_word_count,rps_doc_frac_no_alph_words,120,0.320627448495755,-0.23057489648971066,127
a1,github,rps_doc_word_count,rps_doc_frac_chars_top_2gram,120,0.43210731320296003,-0.4685475033050398,35
a1,github,rps_doc_word_count,rps_doc_frac_chars_top_3gram,120,0.4242653038064545,-0.5487258799270798,37
a1,github,rps_doc_word_count,rps_lines_uppercase_letter_fraction,120,0.25431230472218463,0.14941997869282486,170
a1,github,rps_doc_word_count,rps_lines_ending_with_terminal_punctution_mark,120,0.3207092683391556,-0.052090333791412306,85
a1,github,rps_doc_word_count,rps_lines_numerical_chars_fraction,120,0.27103423935927484,0.2980540757613082,138
a1,github,rps_doc_word_count,rps_doc_mean_word_length,120,0.3743157718471111,0.20732344696016117,82
a1,github,rps_doc_num_sentences,rps_doc_unigram_entropy,120,0.3561399686364446,0.09087972682632879,33
a1,github,rps_doc_num_sentences,rps_doc_frac_unique_words,120,0.35565450565906087,-0.07611093317949912,196
a1,github,rps_doc_num_sentences,rps_doc_frac_no_alph_words,120,0.3187562948821626,-0.09553738563304519,141
a1,github,rps_doc_num_sentences,rps_doc_frac_chars_top_2gram,120,0.4178829525419446,-0.31833940038478625,38
a1,github,rps_doc_num_sentences,rps_doc_frac_chars_top_3gram,120,0.34672982907774974,-0.12273811539234826,42
a1,github,rps_doc_num_sentences,rps_lines_uppercase_letter_fraction,120,0.27499469808611665,-0.005233929275227128,172
a1,github,rps_doc_num_sentences,rps_lines_ending_with_terminal_punctution_mark,120,0.3257442542293113,0.08264696016602212,92
a1,github,rps_doc_num_sentences,rps_lines_numerical_chars_fraction,120,0.25870888956935567,0.13757281791094933,152
a1,github,rps_doc_num_sentences,rps_doc_mean_word_length,120,0.40990690304718125,0.10484462045294297,91
a1,github,rps_doc_unigram_entropy,rps_doc_frac_unique_words,120,0.5377927226320935,-0.6889565017924804,4
a1,github,rps_doc_unigram_entropy,rps_doc_frac_no_alph_words,120,0.2754267168243929,-0.29389672844791687,103
a1,github,rps_doc_unigram_entropy,rps_doc_frac_chars_top_2gram,120,0.38987800677004214,-0.28114470454199175,210
a1,github,rps_doc_unigram_entropy,rps_doc_frac_chars_top_3gram,120,0.37853138338608033,-0.37256035040109203,180
a1,github,rps_doc_unigram_entropy,rps_lines_uppercase_letter_fraction,120,0.25109850724773936,0.27994874423496086,64
a1,github,rps_doc_unigram_entropy,rps_lines_ending_with_terminal_punctution_mark,120,0.258805024713637,-0.21380445722800295,79
a1,github,rps_doc_unigram_entropy,rps_lines_numerical_chars_fraction,120,0.3335737200054972,0.29139088138095137,70
a1,github,rps_doc_unigram_entropy,rps_doc_mean_word_length,120,0.26487232770711827,0.22247880861700026,145
a1,github,rps_doc_frac_unique_words,rps_doc_frac_no_alph_words,120,0.39395881733899824,0.33201012250567236,89
a1,github,rps_doc_frac_unique_words,rps_doc_frac_chars_top_2gram,120,0.26650659152489636,0.5544555279033366,34
a1,github,rps_doc_frac_unique_words,rps_doc_frac_chars_top_3gram,120,0.2434340678128348,0.6125356751608233,57
a1,github,rps_doc_frac_unique_words,rps_lines_uppercase_letter_fraction,120,0.4029106847076548,-0.3132727500597204,124
a1,github,rps_doc_frac_unique_words,rps_lines_ending_with_terminal_punctution_mark,120,0.4215038466446634,0.32104722480387227,74
a1,github,rps_doc_frac_unique_words,rps_lines_numerical_chars_fraction,120,0.3539796369835357,-0.18638368187546137,114
a1,github,rps_doc_frac_unique_words,rps_doc_mean_word_length,120,0.5455838698808061,-0.15637468588224793,51
a1,github,rps_doc_frac_no_alph_words,rps_doc_frac_chars_top_2gram,120,0.40643924746726323,0.19388121420644594,109
a1,github,rps_doc_frac_no_alph_words,rps_doc_frac_chars_top_3gram,120,0.3466663376510154,0.22056784925865738,159
a1,github,rps_doc_frac_no_alph_words,rps_lines_uppercase_letter_fraction,120,0.30752517529551954,-0.4231022323059446,174
a1,github,rps_doc_frac_no_alph_words,rps_lines_ending_with_terminal_punctution_mark,120,0.14754788775425112,0.38939313416667937,222
a1,github,rps_doc_frac_no_alph_words,rps_lines_numerical_chars_fraction,120,0.33918482363825764,0.001919449960635151,183
a1,github,rps_doc_frac_no_alph_words,rps_doc_mean_word_length,120,0.2473170108023209,-0.12101597862358658,206
a1,github,rps_doc_frac_chars_top_2gram,rps_doc_frac_chars_top_3gram,120,0.21431127322947088,0.6297690947523978,223
a1,github,rps_doc_frac_chars_top_2gram,rps_lines_uppercase_letter_fraction,120,0.37191753740963746,-0.1092529346938033,69
a1,github,rps_doc_frac_chars_top_2gram,rps_lines_ending_with_terminal_punctution_mark,120,0.41950984567740984,0.17176868507734339,117
a1,github,rps_doc_frac_chars_top_2gram,rps_lines_numerical_chars_fraction,120,0.3706945182559932,-0.2636685484629484,96
a1,github,rps_doc_frac_chars_top_2gram,rps_doc_mean_word_length,120,0.4982888204000202,-0.10907382250677786,118
a1,github,rps_doc_frac_chars_top_3gram,rps_lines_uppercase_letter_fraction,120,0.3207209096245073,-0.06947309820216824,90
a1,github,rps_doc_frac_chars_top_3gram,rps_lines_ending_with_terminal_punctution_mark,120,0.3776435906719305,0.12004656484962828,167
a1,github,rps_doc_frac_chars_top_3gram,rps_lines_numerical_chars_fraction,120,0.30295223756418216,-0.1705049124265895,135
a1,github,rps_doc_frac_chars_top_3gram,rps_doc_mean_word_length,120,0.44811375532610964,-0.0069729219240043955,156
a1,github,rps_lines_uppercase_letter_fraction,rps_lines_ending_with_terminal_punctution_mark,120,0.3566444671989127,-0.8460568770727578,125
a1,github,rps_lines_uppercase_letter_fraction,rps_lines_numerical_chars_fraction,120,0.26631255911793184,0.05228643985889031,143
a1,github,rps_lines_uppercase_letter_fraction,rps_doc_mean_word_length,120,0.3931458661882928,-0.18201453588746355,142
a1,github,rps_lines_ending_with_terminal_punctution_mark,rps_lines_numerical_chars_fraction,120,0.36505111322997996,-0.11326909608991292,155
a1,github,rps_lines_ending_with_terminal_punctution_mark,rps_doc_mean_word_length,120,0.2030313141681739,0.28937023104051873,181
a1,github,rps_lines_numerical_chars_fraction,rps_doc_mean_word_length,120,0.45348099314108403,-0.00398964431539059,126
a1,stackexchange,fineweb_edu,fluency_en,120,0.2580650033544919,0.044541364923612034,188
a1,stackexchange,fineweb_edu,modernbert_cleanliness,120,0.20957465084308063,0.034585735120494475,193
a1,stackexchange,fineweb_edu,modernbert_readability,120,0.29881884968141265,0.02407111604972567,194
a1,stackexchange,fineweb_edu,modernbert_reasoning,120,0.1784688753919455,0.3234738523508577,214
a1,stackexchange,fineweb_edu,modernbert_professionalism,120,0.18498436250839406,0.07827626918536007,208
a1,stackexchange,fineweb_edu,dsir_books,120,0.29179344532911317,-0.14120425029515937,24
a1,stackexchange,fineweb_edu,dsir_wiki,120,0.2936958484877033,-0.14560733384262795,23
a1,stackexchange,fineweb_edu,dsir_math,120,0.2792069256110935,-0.1285853184248906,25
a1,stackexchange,fineweb_edu,qurater,120,0.26223442743502606,0.22711686074911092,219
a1,stackexchange,fineweb_edu,ad_en,120,0.23408112924286856,0.06861647177555397,166
a1,stackexchange,fineweb_edu,rps_doc_word_count,120,0.2234007580817907,0.01965152319387229,77
a1,stackexchange,fineweb_edu,rps_doc_num_sentences,120,0.23062546997882544,0.12282461367270503,73
a1,stackexchange,fineweb_edu,rps_doc_unigram_entropy,120,0.27437984107987484,0.06431696645600388,186
a1,stackexchange,fineweb_edu,rps_doc_frac_unique_words,120,0.2919423062974223,-0.23105050423097273,16
a1,stackexchange,fineweb_edu,rps_doc_frac_no_alph_words,120,0.3832672237477233,-0.15901798736023331,100
a1,stackexchange,fineweb_edu,rps_doc_frac_chars_top_2gram,120,0.2946058958694903,0.14887144940620875,147
a1,stackexchange,fineweb_edu,rps_doc_frac_chars_top_3gram,120,0.3412030519374239,0.05737928905079631,150
a1,stackexchange,fineweb_edu,rps_lines_uppercase_letter_fraction,120,0.3450792454442278,-0.01853600944510035,84
a1,stackexchange,fineweb_edu,rps_lines_ending_with_terminal_punctution_mark,120,0.35265908351535913,-0.029467330885479873,66
a1,stackexchange,fineweb_edu,rps_lines_numerical_chars_fraction,120,0.320185549303825,-0.10216249662464907,110
a1,stackexchange,fineweb_edu,rps_doc_mean_word_length,120,0.3164033929544272,0.07442877977637334,168
a1,stackexchange,fluency_en,modernbert_cleanliness,120,0.16201049992928532,0.44350726353852443,215
a1,stackexchange,fluency_en,modernbert_readability,120,0.18030876228616455,0.3569212391859661,213
a1,stackexchange,fluency_en,modernbert_reasoning,120,0.2997872825417537,0.16112605237549874,160
a1,stackexchange,fluency_en,modernbert_professionalism,120,0.242080296111051,-0.04774992664415601,128
a1,stackexchange,fluency_en,dsir_books,120,0.21568230643105635,0.1687828473904332,63
a1,stackexchange,fluency_en,dsir_wiki,120,0.21483799323688507,0.16245253568420848,61
a1,stackexchange,fluency_en,dsir_math,120,0.21276332043776178,0.16714036936682142,59
a1,stackexchange,fluency_en,qurater,120,0.1666647219217497,0.5228645144263991,211
a1,stackexchange,fluency_en,ad_en,120,0.20544849534291623,0.41809936211191756,184
a1,stackexchange,fluency_en,rps_doc_word_count,120,0.2549544727808059,0.050502314545163254,106
a1,stackexchange,fluency_en,rps_doc_num_sentences,120,0.24381273316156407,0.14888884231222554,105
a1,stackexchange,fluency_en,rps_doc_unigram_entropy,120,0.2285471830786964,-0.07601235504622028,146
a1,stackexchange,fluency_en,rps_doc_frac_unique_words,120,0.24746248830754236,-0.08746230148696765,45
a1,stackexchange,fluency_en,rps_doc_frac_no_alph_words,120,0.23702619650897674,0.26086926326392407,189
a1,stackexchange,fluency_en,rps_doc_frac_chars_top_2gram,120,0.27053433669135646,-0.1219947947685615,123
a1,stackexchange,fluency_en,rps_doc_frac_chars_top_3gram,120,0.2635470252717389,0.0132562339107266,153
a1,stackexchange,fluency_en,rps_lines_uppercase_letter_fraction,120,0.2554052541986571,-0.12267887123928352,177
a1,stackexchange,fluency_en,rps_lines_ending_with_terminal_punctution_mark,120,0.22022314970408463,0.26317480395718595,161
a1,stackexchange,fluency_en,rps_lines_numerical_chars_fraction,120,0.2588989615858794,0.05324029094398759,136
a1,stackexchange,fluency_en,rps_doc_mean_word_length,120,0.24027161649218526,0.20208035641456323,191
a1,stackexchange,modernbert_cleanliness,modernbert_readability,120,0.18713645484610086,0.7491770261823737,224
a1,stackexchange,modernbert_cleanliness,modernbert_reasoning,120,0.18709660994374905,0.5342245989304811,212
a1,stackexchange,modernbert_cleanliness,modernbert_professionalism,120,0.14115647936248238,0.290047919994444,169
a1,stackexchange,modernbert_cleanliness,dsir_books,120,0.24534620313611513,-0.09970136815056599,31
a1,stackexchange,modernbert_cleanliness,dsir_wiki,120,0.24571147326775933,-0.1033613445378151,30
a1,stackexchange,modernbert_cleanliness,dsir_math,120,0.2330778763225504,-0.08956177512327244,26
a1,stackexchange,modernbert_cleanliness,qurater,120,0.1714807626430955,0.6160577402220208,217
a1,stackexchange,modernbert_cleanliness,ad_en,120,0.20501807372798855,0.16880832704579984,148
a1,stackexchange,modernbert_cleanliness,rps_doc_word_count,120,0.17634928420893636,0.24124597416531218,62
a1,stackexchange,modernbert_cleanliness,rps_doc_num_sentences,120,0.19175895155733416,0.16025042510237697,60
a1,stackexchange,modernbert_cleanliness,rps_doc_unigram_entropy,120,0.21908850721326947,0.18301965414264876,207
a1,stackexchange,modernbert_cleanliness,rps_doc_frac_unique_words,120,0.24054609906758573,-0.21400741730541833,21
a1,stackexchange,modernbert_cleanliness,rps_doc_frac_no_alph_words,120,0.3021775422648137,0.0826932425862907,171
a1,stackexchange,modernbert_cleanliness,rps_doc_frac_chars_top_2gram,120,0.25443851741427,0.08442947426904644,175
a1,stackexchange,modernbert_cleanliness,rps_doc_frac_chars_top_3gram,120,0.2874601722030447,0.05485975755289629,178
a1,stackexchange,modernbert_cleanliness,rps_lines_uppercase_letter_fraction,120,0.30698038120263876,0.0704562816862282,101
a1,stackexchange,modernbert_cleanliness,rps_lines_ending_with_terminal_punctution_mark,120,0.27813977686031593,0.04519597456023985,179
a1,stackexchange,modernbert_cleanliness,rps_lines_numerical_chars_fraction,120,0.25962939241727284,0.041235601050328814,122
a1,stackexchange,modernbert_cleanliness,rps_doc_mean_word_length,120,0.26909716827722435,0.12639766650461837,190
a1,stackexchange,modernbert_readability,modernbert_reasoning,120,0.35014685335456014,0.5153274532953677,192
a1,stackexchange,modernbert_readability,modernbert_professionalism,120,0.2862747186111599,0.3409056184457253,134
a1,stackexchange,modernbert_readability,dsir_books,120,0.2765584757889705,-0.2950135426071255,27
a1,stackexchange,modernbert_readability,dsir_wiki,120,0.27409034189186243,-0.296388638099868,28
a1,stackexchange,modernbert_readability,dsir_math,120,0.27244713210185567,-0.2849295089936801,22
a1,stackexchange,modernbert_readability,qurater,120,0.16822491510933085,0.5856284909177709,218
a1,stackexchange,modernbert_readability,ad_en,120,0.276881305190831,0.12424234532679886,137
a1,stackexchange,modernbert_readability,rps_doc_word_count,120,0.2957378998602772,0.2727217483708712,53
a1,stackexchange,modernbert_readability,rps_doc_num_sentences,120,0.27982687887644375,0.07507743532967977,56
a1,stackexchange,modernbert_readability,rps_doc_unigram_entropy,120,0.18438512494417356,0.28437391485519825,209
a1,stackexchange,modernbert_readability,rps_doc_frac_unique_words,120,0.26621095056948924,-0.2918576548327215,17
a1,stackexchange,modernbert_readability,rps_doc_frac_no_alph_words,120,0.24487851985966788,-0.06215709424265574,187
a1,stackexchange,modernbert_readability,rps_doc_frac_chars_top_2gram,120,0.24936703990477263,0.10854920480588928,173
a1,stackexchange,modernbert_readability,rps_doc_frac_chars_top_3gram,120,0.24535077941092126,0.08260588097252912,182
a1,stackexchange,modernbert_readability,rps_lines_uppercase_letter_fraction,120,0.20450837223126722,0.1381554274602403,116
a1,stackexchange,modernbert_readability,rps_lines_ending_with_terminal_punctution_mark,120,0.25103742048471633,-0.06662360350112503,164
a1,stackexchange,modernbert_readability,rps_lines_numerical_chars_fraction,120,0.2808197325186009,-0.0022771535863725973,97
a1,stackexchange,modernbert_readability,rps_doc_mean_word_length,120,0.26312463619819293,0.05369817348426974,197
a1,stackexchange,modernbert_reasoning,modernbert_professionalism,120,0.10404164818411461,0.6446767136606708,221
a1,stackexchange,modernbert_reasoning,dsir_books,120,0.3374699447696127,-0.5474824640600041,7
a1,stackexchange,modernbert_reasoning,dsir_wiki,120,0.34144288176144627,-0.5511354955205221,6
a1,stackexchange,modernbert_reasoning,dsir_math,120,0.31943558668015126,-0.5261476491423014,8
a1,stackexchange,modernbert_reasoning,qurater,120,0.28142785419032157,0.5437366201421837,216
a1,stackexchange,modernbert_reasoning,ad_en,120,0.24352537519609524,-0.03469715516099875,104
a1,stackexchange,modernbert_reasoning,rps_doc_word_count,120,0.15758138675412128,0.2620816587674033,41
a1,stackexchange,modernbert_reasoning,rps_doc_num_sentences,120,0.22029726702514993,0.0419281646843693,39
a1,stackexchange,modernbert_reasoning,rps_doc_unigram_entropy,120,0.32233200641676896,0.568018612403639,220
a1,stackexchange,modernbert_reasoning,rps_doc_frac_unique_words,120,0.33736292339791696,-0.5417083368581017,5
a1,stackexchange,modernbert_reasoning,rps_doc_frac_no_alph_words,120,0.45889282304378887,-0.2083755816376137,75
a1,stackexchange,modernbert_reasoning,rps_doc_frac_chars_top_2gram,120,0.3232649834460437,0.345030904923953,185
a1,stackexchange,modernbert_reasoning,rps_doc_frac_chars_top_3gram,120,0.40900967955444106,0.16798845941653703,162
a1,stackexchange,modernbert_reasoning,rps_lines_uppercase_letter_fraction,120,0.44322095615581375,0.13342593235641362,47
a1,stackexchange,modernbert_reasoning,rps_lines_ending_with_terminal_punctution_mark,120,0.4046889261708165,-0.18277038183158925,78
a1,stackexchange,modernbert_reasoning,rps_lines_numerical_chars_fraction,120,0.3451807939605772,-0.037960671770385326,88
a1,stackexchange,modernbert_reasoning,rps_doc_mean_word_length,120,0.37618902007819105,0.03331481352871726,140
a1,stackexchange,modernbert_professionalism,dsir_books,120,0.2932428919106175,-0.6777970692409194,11
a1,stackexchange,modernbert_professionalism,dsir_wiki,120,0.29463092704045946,-0.6742759913882908,10
a1,stackexchange,modernbert_professionalism,dsir_math,120,0.27675435724484504,-0.6568025557330369,18
a1,stackexchange,modernbert_professionalism,qurater,120,0.24471944021065262,0.1975939259568329,198
a1,stackexchange,modernbert_professionalism,ad_en,120,0.2181067990821171,-0.09338576798886503,165
a1,stackexchange,modernbert_professionalism,rps_doc_word_count,120,0.15729606974613292,0.11240851842828167,52
a1,stackexchange,modernbert_professionalism,rps_doc_num_sentences,120,0.21616439240019664,-0.2237072033047707,55
a1,stackexchange,modernbert_professionalism,rps_doc_unigram_entropy,120,0.25089938618450625,0.5611570247933884,154
a1,stackexchange,modernbert_professionalism,rps_doc_frac_unique_words,120,0.27986955623320836,-0.3751736256161012,29
a1,stackexchange,modernbert_professionalism,rps_doc_frac_no_alph_words,120,0.3892493066339674,-0.32595319119383287,40
a1,stackexchange,modernbert_professionalism,rps_doc_frac_chars_top_2gram,120,0.2713176231357733,0.24351691089659006,149
a1,stackexchange,modernbert_professionalism,rps_doc_frac_chars_top_3gram,120,0.34495112943920564,0.10863177254187159,144
a1,stackexchange,modernbert_professionalism,rps_lines_uppercase_letter_fraction,120,0.3691345458615418,0.35601083408570033,50
a1,stackexchange,modernbert_professionalism,rps_lines_ending_with_terminal_punctution_mark,120,0.35787043207211844,-0.4061455995751444,36
a1,stackexchange,modernbert_professionalism,rps_lines_numerical_chars_fraction,120,0.28676628759160905,0.07832713023049559,93
a1,stackexchange,modernbert_professionalism,rps_doc_mean_word_length,120,0.325728904137932,-0.3382665462879366,87
a1,stackexchange,dsir_books,dsir_wiki,120,0.00876041379092804,0.9988610320161121,231
a1,stackexchange,dsir_books,dsir_math,120,0.02170530350051648,0.9946940759774983,230
a1,stackexchange,dsir_books,qurater,120,0.25790341265516153,0.03691582213322832,20
a1,stackexchange,dsir_books,ad_en,120,0.23521298648114375,0.20526603641682925,98
a1,stackexchange,dsir_books,rps_doc_word_count,120,0.30970215872303125,-0.23390139534307505,201
a1,stackexchange,dsir_books,rps_doc_num_sentences,120,0.24988650947888508,0.18421433926202394,203
a1,stackexchange,dsir_books,rps_doc_unigram_entropy,120,0.31744982533479604,-0.6833391207722758,3
a1,stackexchange,dsir_books,rps_doc_frac_unique_words,120,0.147219662024662,0.6528912132196342,226
a1,stackexchange,dsir_books,rps_doc_frac_no_alph_words,120,0.22112279840477247,0.49892353635669145,130
a1,stackexchange,dsir_books,rps_doc_frac_chars_top_2gram,120,0.3268367157277214,-0.3553649558997152,14
a1,stackexchange,dsir_books,rps_doc_frac_chars_top_3gram,120,0.2751371636164183,-0.05640622861022803,46
a1,stackexchange,dsir_books,rps_lines_uppercase_letter_fraction,120,0.2922934025394387,-0.45780262518230425,133
a1,stackexchange,dsir_books,rps_lines_ending_with_terminal_punctution_mark,120,0.17920407768724472,0.567550864187232,111
a1,stackexchange,dsir_books,rps_lines_numerical_chars_fraction,120,0.2710311968577918,0.09470177663021305,115
a1,stackexchange,dsir_books,rps_doc_mean_word_length,120,0.22380147781267165,0.3369261754288492,68
a1,stackexchange,dsir_wiki,dsir_math,120,0.027500306052501526,0.995527467185221,229
a1,stackexchange,dsir_wiki,qurater,120,0.2579094439654829,0.030543840794269236,19
a1,stackexchange,dsir_wiki,ad_en,120,0.23667831570972403,0.20421039838951302,99
a1,stackexchange,dsir_wiki,rps_doc_word_count,120,0.3133599015779635,-0.2377872505213651,202
a1,stackexchange,dsir_wiki,rps_doc_num_sentences,120,0.25416698565462165,0.17808961025891323,205
a1,stackexchange,dsir_wiki,rps_doc_unigram_entropy,120,0.31593593827657457,-0.695173275921939,2
a1,stackexchange,dsir_wiki,rps_doc_frac_unique_words,120,0.1420275092354472,0.6627080035086608,227
a1,stackexchange,dsir_wiki,rps_doc_frac_no_alph_words,120,0.21890214368884336,0.4834849642336272,129
a1,stackexchange,dsir_wiki,rps_doc_frac_chars_top_2gram,120,0.32608144708320236,-0.3588790888256128,13
a1,stackexchange,dsir_wiki,rps_doc_frac_chars_top_3gram,120,0.27326565846688305,-0.06122982822275939,44
a1,stackexchange,dsir_wiki,rps_lines_uppercase_letter_fraction,120,0.2877364091943698,-0.4508785332314743,132
a1,stackexchange,dsir_wiki,rps_lines_ending_with_terminal_punctution_mark,120,0.17863883191356258,0.5543365808614509,107
a1,stackexchange,dsir_wiki,rps_lines_numerical_chars_fraction,120,0.26955382360186314,0.09303302285699344,113
a1,stackexchange,dsir_wiki,rps_doc_mean_word_length,120,0.22425287538883687,0.3336134453781512,67
a1,stackexchange,dsir_math,qurater,120,0.24972868398633055,0.045746311803513295,15
a1,stackexchange,dsir_math,ad_en,120,0.22803713551791424,0.2177114531599257,102
a1,stackexchange,dsir_math,rps_doc_word_count,120,0.2948992392183997,-0.236391259653025,200
a1,stackexchange,dsir_math,rps_doc_num_sentences,120,0.23832652850750974,0.15061691771404684,204
a1,stackexchange,dsir_math,rps_doc_unigram_entropy,120,0.318386258758436,-0.7064726717133133,1
a1,stackexchange,dsir_math,rps_doc_frac_unique_words,120,0.14191223971305933,0.6692884129878631,228
a1,stackexchange,dsir_math,rps_doc_frac_no_alph_words,120,0.2349680171285718,0.4579137440100006,120
a1,stackexchange,dsir_math,rps_doc_frac_chars_top_2gram,120,0.32445046173543113,-0.35837210917424817,12
a1,stackexchange,dsir_math,rps_doc_frac_chars_top_3gram,120,0.275629484348392,-0.0465956942397842,43
a1,stackexchange,dsir_math,rps_lines_uppercase_letter_fraction,120,0.29443613769046817,-0.43599555524689204,131
a1,stackexchange,dsir_math,rps_lines_ending_with_terminal_punctution_mark,120,0.19048108986003828,0.5503948695408829,94
a1,stackexchange,dsir_math,rps_lines_numerical_chars_fraction,120,0.2745473030918422,0.072844578771397,112
a1,stackexchange,dsir_math,rps_doc_mean_word_length,120,0.22619892655679155,0.32162650184040553,65
a1,stackexchange,qurater,ad_en,120,0.2644567812098301,0.13322070860146892,139
a1,stackexchange,qurater,rps_doc_word_count,120,0.2642595082506714,0.19071282489897687,49
a1,stackexchange,qurater,rps_doc_num_sentences,120,0.2402284529191706,0.1948000712821192,58
a1,stackexchange,qurater,rps_doc_unigram_entropy,120,0.2355803488108254,0.14581246234562978,195
a1,stackexchange,qurater,rps_doc_frac_unique_words,120,0.2868658123607126,-0.14789105324288185,9
a1,stackexchange,qurater,rps_doc_frac_no_alph_words,120,0.26247324952596884,0.21804677069060346,157
a1,stackexchange,qurater,rps_doc_frac_chars_top_2gram,120,0.2783765326434195,0.06653598606855307,163
a1,stackexchange,qurater,rps_doc_frac_chars_top_3gram,120,0.296028473827162,0.06022212018324321,158
a1,stackexchange,qurater,rps_lines_uppercase_letter_fraction,120,0.3110414515252306,-0.14941341310775544,86
a1,stackexchange,qurater,rps_lines_ending_with_terminal_punctution_mark,120,0.23812418828932932,0.2683007740105087,119
a1,stackexchange,qurater,rps_lines_numerical_chars_fraction,120,0.29039740132730013,0.045244165230838095,108
a1,stackexchange,qurater,rps_doc_mean_word_length,120,0.25325936093243967,0.24245475806474157,176
a1,stackexchange,ad_en,rps_doc_word_count,120,0.2610887412910649,-0.17364089396332766,71
a1,stackexchange,ad_en,rps_doc_num_sentences,120,0.2551888392559834,-0.020630753793307827,76
a1,stackexchange,ad_en,rps_doc_unigram_entropy,120,0.30595215556606664,-0.284109001582009,48
a1,stackexchange,ad_en,rps_doc_frac_unique_words,120,0.2605365538549717,0.0744790753325947,81
a1,stackexchange,ad_en,rps_doc_frac_no_alph_words,120,0.3538595607378074,-0.0023439331198633058,72
a1,stackexchange,ad_en,rps_doc_frac_chars_top_2gram,120,0.3295092717175404,-0.2117873792303156,95
a1,stackexchange,ad_en,rps_doc_frac_chars_top_3gram,120,0.31798397758650815,0.044431020473921216,151
a1,stackexchange,ad_en,rps_lines_uppercase_letter_fraction,120,0.32671808640322336,-0.016977020774832152,80
a1,stackexchange,ad_en,rps_lines_ending_with_terminal_punctution_mark,120,0.3028708671627688,0.048681425640369785,54
a1,stackexchange,ad_en,rps_lines_numerical_chars_fraction,120,0.3082214039334227,-0.024414427305670023,83
a1,stackexchange,ad_en,rps_doc_mean_word_length,120,0.29448653684403775,0.11553333160144008,121
a1,stackexchange,rps_doc_word_count,rps_doc_num_sentences,120,0.1962036998293313,0.2966488226848338,225
a1,stackexchange,rps_doc_word_count,rps_doc_unigram_entropy,120,0.2930705562179441,0.2984052022570489,32
a1,stackexchange,rps_doc_word_count,rps_doc_frac_unique_words,120,0.3170727711976472,-0.2722115824892701,199
a1,stackexchange,rps_doc_word_count,rps_doc_frac_no_alph_words,120,0.3794701178088735,0.0026287688739638315,127
a1,stackexchange,rps_doc_word_count,rps_doc_frac_chars_top_2gram,120,0.2822783355751337,0.2260324517916853,35
a1,stackexchange,rps_doc_word_count,rps_doc_frac_chars_top_3gram,120,0.36337499801077683,-0.03894669707474166,37
a1,stackexchange,rps_doc_word_count,rps_lines_uppercase_letter_fraction,120,0.3674663361325697,0.140679069819219,170
a1,stackexchange,rps_doc_word_count,rps_lines_ending_with_terminal_punctution_mark,120,0.35223880976343463,-0.1303530159034455,85
a1,stackexchange,rps_doc_word_count,rps_lines_numerical_chars_fraction,120,0.2922469780769709,0.13612754476181296,138
a1,stackexchange,rps_doc_word_count,rps_doc_mean_word_length,120,0.3343302600183186,0.02037729954084513,82
a1,stackexchange,rps_doc_num_sentences,rps_doc_unigram_entropy,120,0.2908028985747875,-0.0668265950674064,33
a1,stackexchange,rps_doc_num_sentences,rps_doc_frac_unique_words,120,0.27462071050077436,-0.04435365928208291,196
a1,stackexchange,rps_doc_num_sentences,rps_doc_frac_no_alph_words,120,0.32489644072011453,0.13889898752261612,141
a1,stackexchange,rps_doc_num_sentences,rps_doc_frac_chars_top_2gram,120,0.2939070776129637,-0.06022592285758773,38
a1,stackexchange,rps_doc_num_sentences,rps_doc_frac_chars_top_3gram,120,0.342429467079381,-0.13881438729022186,42
a1,stackexchange,rps_doc_num_sentences,rps_lines_uppercase_letter_fraction,120,0.3399531828763306,-0.09227044941725486,172
a1,stackexchange,rps_doc_num_sentences,rps_lines_ending_with_terminal_punctution_mark,120,0.30326435569466287,0.06657737709419116,92
a1,stackexchange,rps_doc_num_sentences,rps_lines_numerical_chars_fraction,120,0.29250864293962475,0.1143492953383937,152
a1,stackexchange,rps_doc_num_sentences,rps_doc_mean_word_length,120,0.26814494082392704,0.29401478445335516,91
a1,stackexchange,rps_doc_unigram_entropy,rps_doc_frac_unique_words,120,0.28445579110801666,-0.4521661527785691,4
a1,stackexchange,rps_doc_unigram_entropy,rps_doc_frac_no_alph_words,120,0.24763855834220283,-0.02997430377109521,103
a1,stackexchange,rps_doc_unigram_entropy,rps_doc_frac_chars_top_2gram,120,0.17652660993697455,0.49710396555316333,210
a1,stackexchange,rps_doc_unigram_entropy,rps_doc_frac_chars_top_3gram,120,0.20151039002854992,0.26543003689187333,180
a1,stackexchange,rps_doc_unigram_entropy,rps_lines_uppercase_letter_fraction,120,0.21228799464033146,0.1307660254184318,64
a1,stackexchange,rps_doc_unigram_entropy,rps_lines_ending_with_terminal_punctution_mark,120,0.2737194121101003,-0.17737353655215077,79
a1,stackexchange,rps_doc_unigram_entropy,rps_lines_numerical_chars_fraction,120,0.2586439414047929,0.13460237466196617,70
a1,stackexchange,rps_doc_unigram_entropy,rps_doc_mean_word_length,120,0.2570314999842438,-0.057024793388429744,145
a1,stackexchange,rps_doc_frac_unique_words,rps_doc_frac_no_alph_words,120,0.25174309267082623,0.15662069062821532,89
a1,stackexchange,rps_doc_frac_unique_words,rps_doc_frac_chars_top_2gram,120,0.28287547140305064,-0.11890226964505068,34
a1,stackexchange,rps_doc_frac_unique_words,rps_doc_frac_chars_top_3gram,120,0.24553755810893804,0.1417716625683047,57
a1,stackexchange,rps_doc_frac_unique_words,rps_lines_uppercase_letter_fraction,120,0.2682020480151484,-0.23237005863841173,124
a1,stackexchange,rps_doc_frac_unique_words,rps_lines_ending_with_terminal_punctution_mark,120,0.2370729231039741,0.16622618534212008,74
a1,stackexchange,rps_doc_frac_unique_words,rps_lines_numerical_chars_fraction,120,0.2701053143714168,0.10105487432667452,114
a1,stackexchange,rps_doc_frac_unique_words,rps_doc_mean_word_length,120,0.27020834179594483,0.01502903019841066,51
a1,stackexchange,rps_doc_frac_no_alph_words,rps_doc_frac_chars_top_2gram,120,0.2861435161727682,-0.052427251892492525,109
a1,stackexchange,rps_doc_frac_no_alph_words,rps_doc_frac_chars_top_3gram,120,0.25538563573996037,0.0016715788282619483,159
a1,stackexchange,rps_doc_frac_no_alph_words,rps_lines_uppercase_letter_fraction,120,0.2684277722677069,-0.5531564691992498,174
a1,stackexchange,rps_doc_frac_no_alph_words,rps_lines_ending_with_terminal_punctution_mark,120,0.1548526491844857,0.6661700504164566,222
a1,stackexchange,rps_doc_frac_no_alph_words,rps_lines_numerical_chars_fraction,120,0.24789479307101564,0.3113929306531407,183
a1,stackexchange,rps_doc_frac_no_alph_words,rps_doc_mean_word_length,120,0.2481934343168773,0.24873255087158827,206
a1,stackexchange,rps_doc_frac_chars_top_2gram,rps_doc_frac_chars_top_3gram,120,0.19889895083067308,0.4690359836490688,223
a1,stackexchange,rps_doc_frac_chars_top_2gram,rps_lines_uppercase_letter_fraction,120,0.2648433130423169,0.031411903604416966,69
a1,stackexchange,rps_doc_frac_chars_top_2gram,rps_lines_ending_with_terminal_punctution_mark,120,0.30787830960521023,-0.15468525456336582,117
a1,stackexchange,rps_doc_frac_chars_top_2gram,rps_lines_numerical_chars_fraction,120,0.3013074010359677,0.018158126994845914,96
a1,stackexchange,rps_doc_frac_chars_top_2gram,rps_doc_mean_word_length,120,0.29476274592095064,-0.04610736856726161,118
a1,stackexchange,rps_doc_frac_chars_top_3gram,rps_lines_uppercase_letter_fraction,120,0.23279723743270994,0.036232600547731954,90
a1,stackexchange,rps_doc_frac_chars_top_3gram,rps_lines_ending_with_terminal_punctution_mark,120,0.28108674111937737,-0.058672046369729065,167
a1,stackexchange,rps_doc_frac_chars_top_3gram,rps_lines_numerical_chars_fraction,120,0.32438698987634923,-0.1027462396913233,135
a1,stackexchange,rps_doc_frac_chars_top_3gram,rps_doc_mean_word_length,120,0.27433802707232335,0.025515034838044123,156
a1,stackexchange,rps_lines_uppercase_letter_fraction,rps_lines_ending_with_terminal_punctution_mark,120,0.30175510351946655,-0.6930396719911128,125
a1,stackexchange,rps_lines_uppercase_letter_fraction,rps_lines_numerical_chars_fraction,120,0.3038840188360569,-0.11320060752042461,143
a1,stackexchange,rps_lines_uppercase_letter_fraction,rps_doc_mean_word_length,120,0.29399132688211554,-0.19769428432530034,142
a1,stackexchange,rps_lines_ending_with_terminal_punctution_mark,rps_lines_numerical_chars_fraction,120,0.2936310997180577,0.11402932679531003,155
a1,stackexchange,rps_lines_ending_with_terminal_punctution_mark,rps_doc_mean_word_length,120,0.254739239004658,0.2989310516556942,181
a1,stackexchange,rps_lines_numerical_chars_fraction,rps_doc_mean_word_length,120,0.32175328264445324,-0.07226746809149187,126
a1,wikipedia,fineweb_edu,fluency_en,120,0.24912420403652905,0.439941037470344,188
a1,wikipedia,fineweb_edu,modernbert_cleanliness,120,0.2512612610922618,0.4453850961872352,193
a1,wikipedia,fineweb_edu,modernbert_readability,120,0.24565043490056274,0.5694701020904228,194
a1,wikipedia,fineweb_edu,modernbert_reasoning,120,0.22519119669453566,0.4867838044308632,214
a1,wikipedia,fineweb_edu,modernbert_professionalism,120,0.2186871162480069,0.49622890478505444,208
a1,wikipedia,fineweb_edu,dsir_books,120,0.43676849970088727,-0.406965761511216,24
a1,wikipedia,fineweb_edu,dsir_wiki,120,0.43640845006558515,-0.40659073546774077,23
a1,wikipedia,fineweb_edu,dsir_math,120,0.43936668173643895,-0.41697340093062013,25
a1,wikipedia,fineweb_edu,qurater,120,0.16332679767070993,0.7309465935134384,219
a1,wikipedia,fineweb_edu,ad_en,120,0.35474043706242864,0.10435830390473329,166
a1,wikipedia,fineweb_edu,rps_doc_word_count,120,0.2627668484054946,0.3762097744199635,77
a1,wikipedia,fineweb_edu,rps_doc_num_sentences,120,0.2598098849004312,0.36894864617268036,73
a1,wikipedia,fineweb_edu,rps_doc_unigram_entropy,120,0.2751116365679362,0.37009231559941114,186
a1,wikipedia,fineweb_edu,rps_doc_frac_unique_words,120,0.44120815627076376,-0.43767579468931533,16
a1,wikipedia,fineweb_edu,rps_doc_frac_no_alph_words,120,0.29477386513015463,0.21714460337937713,100
a1,wikipedia,fineweb_edu,rps_doc_frac_chars_top_2gram,120,0.3363661650936564,0.08259551502169711,147
a1,wikipedia,fineweb_edu,rps_doc_frac_chars_top_3gram,120,0.34926745133265763,-0.09506775786870122,150
a1,wikipedia,fineweb_edu,rps_lines_uppercase_letter_fraction,120,0.31197882701972063,0.03142579345787901,84
a1,wikipedia,fineweb_edu,rps_lines_ending_with_terminal_punctution_mark,120,0.27527716642742955,0.20765567181502775,66
a1,wikipedia,fineweb_edu,rps_lines_numerical_chars_fraction,120,0.358377328853087,-0.09234536976381846,110
a1,wikipedia,fineweb_edu,rps_doc_mean_word_length,120,0.3123167239727795,0.1830411245275447,168
a1,wikipedia,fluency_en,modernbert_cleanliness,120,0.27802748230813873,0.1407496019684078,215
a1,wikipedia,fluency_en,modernbert_readability,120,0.22212915604432026,0.589298891067787,213
a1,wikipedia,fluency_en,modernbert_reasoning,120,0.32009688969076144,-0.08405459416394738,160
a1,wikipedia,fluency_en,modernbert_professionalism,120,0.31491692011439354,-0.11424077061058022,128
a1,wikipedia,fluency_en,dsir_books,120,0.371612740768241,-0.023105811351190032,63
a1,wikipedia,fluency_en,dsir_wiki,120,0.3702314337355477,-0.01161888259409105,61
a1,wikipedia,fluency_en,dsir_math,120,0.3738192581776834,-0.03664844198984965,59
a1,wikipedia,fluency_en,qurater,120,0.21672373323099808,0.5123524417544387,211
a1,wikipedia,fluency_en,ad_en,120,0.2512902584090931,0.5654449898178003,184
a1,wikipedia,fluency_en,rps_doc_word_count,120,0.3136514401580515,0.02341765450617757,106
a1,wikipedia,fluency_en,rps_doc_num_sentences,120,0.2934879004533067,0.08375931661937515,105
a1,wikipedia,fluency_en,rps_doc_unigram_entropy,120,0.3450695086959109,-0.006365047451376663,146
a1,wikipedia,fluency_en,rps_doc_frac_unique_words,120,0.38690361641248716,-0.2606800878576221,45
a1,wikipedia,fluency_en,rps_doc_frac_no_alph_words,120,0.21566450873946433,0.4489197791587707,189
a1,wikipedia,fluency_en,rps_doc_frac_chars_top_2gram,120,0.3851891227071935,-0.16901734476763575,123
a1,wikipedia,fluency_en,rps_doc_frac_chars_top_3gram,120,0.3510864842293149,-0.09419436863716105,153
a1,wikipedia,fluency_en,rps_lines_uppercase_letter_fraction,120,0.3329766109240625,0.07789443345805451,177
a1,wikipedia,fluency_en,rps_lines_ending_with_terminal_punctution_mark,120,0.29150866447641505,-0.07064970121648671,161
a1,wikipedia,fluency_en,rps_lines_numerical_chars_fraction,120,0.3599269528019262,-0.14538359794565003,136
a1,wikipedia,fluency_en,rps_doc_mean_word_length,120,0.28255397832798207,0.3154714674884998,191
a1,wikipedia,modernbert_cleanliness,modernbert_readability,120,0.20835494872176058,0.5137092853670393,224
a1,wikipedia,modernbert_cleanliness,modernbert_reasoning,120,0.20576521410787166,0.6392388360302798,212
a1,wikipedia,modernbert_cleanliness,modernbert_professionalism,120,0.23034762003765805,0.5157580387526911,169
a1,wikipedia,modernbert_cleanliness,dsir_books,120,0.46074592837899153,-0.714841308424196,31
a1,wikipedia,modernbert_cleanliness,dsir_wiki,120,0.45773039251163217,-0.7125217028960344,30
a1,wikipedia,modernbert_cleanliness,dsir_math,120,0.46247880731633906,-0.7247031043822487,26
a1,wikipedia,modernbert_cleanliness,qurater,120,0.19309629461928016,0.5816584485033682,217
a1,wikipedia,modernbert_cleanliness,ad_en,120,0.3856556399461871,-0.2337739904659919,148
a1,wikipedia,modernbert_cleanliness,rps_doc_word_count,120,0.2423006085154692,0.2654991720506416,62
a1,wikipedia,modernbert_cleanliness,rps_doc_num_sentences,120,0.21647541476780396,0.3899684282144732,60
a1,wikipedia,modernbert_cleanliness,rps_doc_unigram_entropy,120,0.17832071412586986,0.7298297274643396,207
a1,wikipedia,modernbert_cleanliness,rps_doc_frac_unique_words,120,0.4099833817063499,-0.5902464771756843,21
a1,wikipedia,modernbert_cleanliness,rps_doc_frac_no_alph_words,120,0.26581622160227636,0.08998034546738344,171
a1,wikipedia,modernbert_cleanliness,rps_doc_frac_chars_top_2gram,120,0.25264429925526366,0.3724526634739282,175
a1,wikipedia,modernbert_cleanliness,rps_doc_frac_chars_top_3gram,120,0.2856252836268922,0.06331006193560017,178
a1,wikipedia,modernbert_cleanliness,rps_lines_uppercase_letter_fraction,120,0.376292979940055,-0.28915896937287305,101
a1,wikipedia,modernbert_cleanliness,rps_lines_ending_with_terminal_punctution_mark,120,0.17474544360242306,0.5564297401515225,179
a1,wikipedia,modernbert_cleanliness,rps_lines_numerical_chars_fraction,120,0.3347457542695275,-0.02547781867214355,122
a1,wikipedia,modernbert_cleanliness,rps_doc_mean_word_length,120,0.26948651149714176,0.1509137819086184,190
a1,wikipedia,modernbert_readability,modernbert_reasoning,120,0.28877306953318843,0.2585387874157927,192
a1,wikipedia,modernbert_readability,modernbert_professionalism,120,0.3120746216062481,0.11688311688311687,134
a1,wikipedia,modernbert_readability,dsir_books,120,0.40620639474427733,-0.514535731648031,27
a1,wikipedia,modernbert_readability,dsir_wiki,120,0.40231434252964343,-0.5017084519758316,28
a1,wikipedia,modernbert_readability,dsir_math,120,0.40858577283495806,-0.5237169247864435,22
a1,wikipedia,modernbert_readability,qurater,120,0.21446917098630822,0.6428710327106049,218
a1,wikipedia,modernbert_readability,ad_en,120,0.28917899777822786,0.2663805346933717,137
a1,wikipedia,modernbert_readability,rps_doc_word_count,120,0.22719384925477884,0.3448277063037952,53
a1,wikipedia,modernbert_readability,rps_doc_num_sentences,120,0.24590211115197497,0.32997301788969347,56
a1,wikipedia,modernbert_readability,rps_doc_unigram_entropy,120,0.25384693843555944,0.4954206809867197,209
a1,wikipedia,modernbert_readability,rps_doc_frac_unique_words,120,0.3975371746584054,-0.5280542263772486,17
a1,wikipedia,modernbert_readability,rps_doc_frac_no_alph_words,120,0.26730153409005,0.24866481007154445,187
a1,wikipedia,modernbert_readability,rps_doc_frac_chars_top_2gram,120,0.3429326028007028,0.12521839928223144,173
a1,wikipedia,modernbert_readability,rps_doc_frac_chars_top_3gram,120,0.33000598969620815,-0.08944820187327955,182
a1,wikipedia,modernbert_readability,rps_lines_uppercase_letter_fraction,120,0.42084272846892684,0.06398360997291477,116
a1,wikipedia,modernbert_readability,rps_lines_ending_with_terminal_punctution_mark,120,0.26859873716964694,0.03360408757446597,164
a1,wikipedia,modernbert_readability,rps_lines_numerical_chars_fraction,120,0.3913563221879116,-0.2313149740247307,97
a1,wikipedia,modernbert_readability,rps_doc_mean_word_length,120,0.2484325777708084,0.3106719587210852,197
a1,wikipedia,modernbert_reasoning,modernbert_professionalism,120,0.08850021934349862,0.8639141607056043,221
a1,wikipedia,modernbert_reasoning,dsir_books,120,0.457705520647454,-0.7378498506840753,7
a1,wikipedia,modernbert_reasoning,dsir_wiki,120,0.46099119774653574,-0.7470379887492186,6
a1,wikipedia,modernbert_reasoning,dsir_math,120,0.4561358031725258,-0.7384818390165983,8
a1,wikipedia,modernbert_reasoning,qurater,120,0.19518919297390802,0.5752135564969789,216
a1,wikipedia,modernbert_reasoning,ad_en,120,0.4535473325752058,-0.47309699665885846,104
a1,wikipedia,modernbert_reasoning,rps_doc_word_count,120,0.24043063401810888,0.37761618557267435,41
a1,wikipedia,modernbert_reasoning,rps_doc_num_sentences,120,0.22070325665737972,0.4373255380859315,39
a1,wikipedia,modernbert_reasoning,rps_doc_unigram_entropy,120,0.18915113703983696,0.7602867565237456,220
a1,wikipedia,modernbert_reasoning,rps_doc_frac_unique_words,120,0.41599965752318213,-0.5329955760638021,5
a1,wikipedia,modernbert_reasoning,rps_doc_frac_no_alph_words,120,0.2931372014198464,0.002743303215469007,75
a1,wikipedia,modernbert_reasoning,rps_doc_frac_chars_top_2gram,120,0.2395878549222926,0.37123000393031247,185
a1,wikipedia,modernbert_reasoning,rps_doc_frac_chars_top_3gram,120,0.29542793241166254,0.07365941089383513,162
a1,wikipedia,modernbert_reasoning,rps_lines_uppercase_letter_fraction,120,0.2629070199122045,-0.3028057503993332,47
a1,wikipedia,modernbert_reasoning,rps_lines_ending_with_terminal_punctution_mark,120,0.20677575153328867,0.5147227118367979,78
a1,wikipedia,modernbert_reasoning,rps_lines_numerical_chars_fraction,120,0.27055983340965,0.15174498491205662,88
a1,wikipedia,modernbert_reasoning,rps_doc_mean_word_length,120,0.31729785988462517,0.1740717205084476,140
a1,wikipedia,modernbert_professionalism,dsir_books,120,0.44094961355883305,-0.5681088964511424,11
a1,wikipedia,modernbert_professionalism,dsir_wiki,120,0.444372454884954,-0.5801583443294672,10
a1,wikipedia,modernbert_professionalism,dsir_math,120,0.4396928491525132,-0.566476838669352,18
a1,wikipedia,modernbert_professionalism,qurater,120,0.20131970566517718,0.5402597402597401,198
a1,wikipedia,modernbert_professionalism,ad_en,120,0.42925035116370497,-0.3714958382404446,165
a1,wikipedia,modernbert_professionalism,rps_doc_word_count,120,0.26214537124614845,0.25785940776431093,52
a1,wikipedia,modernbert_professionalism,rps_doc_num_sentences,120,0.23544443644801588,0.3651404626293707,55
a1,wikipedia,modernbert_professionalism,rps_doc_unigram_entropy,120,0.2216450995166597,0.5861076916942158,154
a1,wikipedia,modernbert_professionalism,rps_doc_frac_unique_words,120,0.405561845625815,-0.39764148651203074,29
a1,wikipedia,modernbert_professionalism,rps_doc_frac_no_alph_words,120,0.2934914141611882,0.04651808844863648,40
a1,wikipedia,modernbert_professionalism,rps_doc_frac_chars_top_2gram,120,0.25885637087618785,0.30069088457875753,149
a1,wikipedia,modernbert_professionalism,rps_doc_frac_chars_top_3gram,120,0.29801122984627537,0.11002442228728512,144
a1,wikipedia,modernbert_professionalism,rps_lines_uppercase_letter_fraction,120,0.2504833742626797,-0.2642614070421556,50
a1,wikipedia,modernbert_professionalism,rps_lines_ending_with_terminal_punctution_mark,120,0.21885761700161335,0.4053138929355108,36
a1,wikipedia,modernbert_professionalism,rps_lines_numerical_chars_fraction,120,0.26238287502423735,0.1681605501533041,93
a1,wikipedia,modernbert_professionalism,rps_doc_mean_word_length,120,0.3404926285464905,0.05615340007464952,87
a1,wikipedia,dsir_books,dsir_wiki,120,0.010148380306581389,0.9991527189388151,231
a1,wikipedia,dsir_books,dsir_math,120,0.007869709176584862,0.9991179943051599,230
a1,wikipedia,dsir_books,qurater,120,0.47108478236940116,-0.5780054170428501,20
a1,wikipedia,dsir_books,ad_en,120,0.25411143662056346,0.35199788873706467,98
a1,wikipedia,dsir_books,rps_doc_word_count,120,0.40688442994565693,-0.44886393278296816,201
a1,wikipedia,dsir_books,rps_doc_num_sentences,120,0.42308227740680004,-0.4865015337958836,203
a1,wikipedia,dsir_books,rps_doc_unigram_entropy,120,0.5520560202727615,-0.9657527705979738,3
a1,wikipedia,dsir_books,rps_doc_frac_unique_words,120,0.12980986541918754,0.7985679461818125,226
a1,wikipedia,dsir_books,rps_doc_frac_no_alph_words,120,0.31519935769047824,0.06089438631198039,130
a1,wikipedia,dsir_books,rps_doc_frac_chars_top_2gram,120,0.4557215705882901,-0.44302651747160854,14
a1,wikipedia,dsir_books,rps_doc_frac_chars_top_3gram,120,0.3508178486958683,-0.019041649353717355,46
a1,wikipedia,dsir_books,rps_lines_uppercase_letter_fraction,120,0.4315921873950512,0.08124869782623792,133
a1,wikipedia,dsir_books,rps_lines_ending_with_terminal_punctution_mark,120,0.35396073063802785,-0.346149563720924,111
a1,wikipedia,dsir_books,rps_lines_numerical_chars_fraction,120,0.3618368820153456,0.10928195379181736,115
a1,wikipedia,dsir_books,rps_doc_mean_word_length,120,0.36233666826504213,-0.2378749839412353,68
a1,wikipedia,dsir_wiki,dsir_math,120,0.013455162757380243,0.998520730606292,229
a1,wikipedia,dsir_wiki,qurater,120,0.46851626863936835,-0.5756997013681505,19
a1,wikipedia,dsir_wiki,ad_en,120,0.2502332902499422,0.3629466037476002,99
a1,wikipedia,dsir_wiki,rps_doc_word_count,120,0.402290878095597,-0.45098917630262014,202
a1,wikipedia,dsir_wiki,rps_doc_num_sentences,120,0.41858689394803045,-0.4905496850693196,205
a1,wikipedia,dsir_wiki,rps_doc_unigram_entropy,120,0.5491886902097342,-0.9643846176565298,2
a1,wikipedia,dsir_wiki,rps_doc_frac_unique_words,120,0.1308996394950927,0.7966164082170598,227
a1,wikipedia,dsir_wiki,rps_doc_frac_no_alph_words,120,0.3148419439335369,0.05480703120221182,129
a1,wikipedia,dsir_wiki,rps_doc_frac_chars_top_2gram,120,0.4557933632011346,-0.443495435194302,13
a1,wikipedia,dsir_wiki,rps_doc_frac_chars_top_3gram,120,0.35076627969956625,-0.019668445983975928,44
a1,wikipedia,dsir_wiki,rps_lines_uppercase_letter_fraction,120,0.4394420467752342,0.0857420654212098,132
a1,wikipedia,dsir_wiki,rps_lines_ending_with_terminal_punctution_mark,120,0.3520219739141196,-0.35074853008701673,107
a1,wikipedia,dsir_wiki,rps_lines_numerical_chars_fraction,120,0.3666727083697108,0.09990708908887046,113
a1,wikipedia,dsir_wiki,rps_doc_mean_word_length,120,0.36094226915599953,-0.2387778275513651,67
a1,wikipedia,dsir_math,qurater,120,0.4730184348332492,-0.589735398291548,15
a1,wikipedia,dsir_math,ad_en,120,0.25750814560230956,0.34614676764833885,102
a1,wikipedia,dsir_math,rps_doc_word_count,120,0.4092053525161321,-0.4466310380392815,200
a1,wikipedia,dsir_math,rps_doc_num_sentences,120,0.42428150882088767,-0.4851695390040228,204
a1,wikipedia,dsir_math,rps_doc_unigram_entropy,120,0.5522584085545374,-0.9633914914096946,1
a1,wikipedia,dsir_math,rps_doc_frac_unique_words,120,0.12562316188085776,0.8063706255533416,228
a1,wikipedia,dsir_math,rps_doc_frac_no_alph_words,120,0.31534886329116174,0.048111982342181135,120
a1,wikipedia,dsir_math,rps_doc_frac_chars_top_2gram,120,0.45462203287371167,-0.4392439145085475,12
a1,wikipedia,dsir_math,rps_doc_frac_chars_top_3gram,120,0.35049532625449686,-0.014920641623741446,43
a1,wikipedia,dsir_math,rps_lines_uppercase_letter_fraction,120,0.42808541213276824,0.08501979304118341,131
a1,wikipedia,dsir_math,rps_lines_ending_with_terminal_punctution_mark,120,0.35595942813756104,-0.35124562168970097,94
a1,wikipedia,dsir_math,rps_lines_numerical_chars_fraction,120,0.3599383916494908,0.10783352156464845,112
a1,wikipedia,dsir_math,rps_doc_mean_word_length,120,0.3659489311282594,-0.24725761253573794,65
a1,wikipedia,qurater,ad_en,120,0.3547853285447162,0.12394306529370264,139
a1,wikipedia,qurater,rps_doc_word_count,120,0.260004598456231,0.3139213871454575,49
a1,wikipedia,qurater,rps_doc_num_sentences,120,0.22917406145450686,0.41171159123983536,58
a1,wikipedia,qurater,rps_doc_unigram_entropy,120,0.2176686932314552,0.5606822707874809,195
a1,wikipedia,qurater,rps_doc_frac_unique_words,120,0.45508225795710744,-0.5762523526241659,9
a1,wikipedia,qurater,rps_doc_frac_no_alph_words,120,0.2534090365549987,0.37966274741376327,157
a1,wikipedia,qurater,rps_doc_frac_chars_top_2gram,120,0.2988401591612095,0.23943980960114677,163
a1,wikipedia,qurater,rps_doc_frac_chars_top_3gram,120,0.3230214270817019,0.001963242318913348,158
a1,wikipedia,qurater,rps_lines_uppercase_letter_fraction,120,0.33778437199596517,-0.14000972289742342,86
a1,wikipedia,qurater,rps_lines_ending_with_terminal_punctution_mark,120,0.23765062613256085,0.2743285175456844,119
a1,wikipedia,qurater,rps_lines_numerical_chars_fraction,120,0.34286771629775986,-0.04610321571034237,108
a1,wikipedia,qurater,rps_doc_mean_word_length,120,0.28199457497490077,0.3041680122527271,176
a1,wikipedia,ad_en,rps_doc_word_count,120,0.3773753441281675,-0.12192064351515025,71
a1,wikipedia,ad_en,rps_doc_num_sentences,120,0.3780842285705895,-0.13977473257570408,76
a1,wikipedia,ad_en,rps_doc_unigram_entropy,120,0.47676298082152874,-0.3899666120914209,48
a1,wikipedia,ad_en,rps_doc_frac_unique_words,120,0.29449672328182486,0.1403723214015137,81
a1,wikipedia,ad_en,rps_doc_frac_no_alph_words,120,0.2969050092412499,0.25439190483497537,72
a1,wikipedia,ad_en,rps_doc_frac_chars_top_2gram,120,0.44064685663424386,-0.29411837411656944,95
a1,wikipedia,ad_en,rps_doc_frac_chars_top_3gram,120,0.35553468232151153,-0.06417122956496533,151
a1,wikipedia,ad_en,rps_lines_uppercase_letter_fraction,120,0.4425380977047034,0.19746578743707993,80
a1,wikipedia,ad_en,rps_lines_ending_with_terminal_punctution_mark,120,0.34787930848148724,-0.30187817385926186,54
a1,wikipedia,ad_en,rps_lines_numerical_chars_fraction,120,0.4149699560183527,-0.19887529822068561,83
a1,wikipedia,ad_en,rps_doc_mean_word_length,120,0.30271194819756825,0.09575036981991679,121
a1,wikipedia,rps_doc_word_count,rps_doc_num_sentences,120,0.12380466620218528,0.8174661088237526,225
a1,wikipedia,rps_doc_word_count,rps_doc_unigram_entropy,120,0.2526480489917826,0.4692837539342812,32
a1,wikipedia,rps_doc_word_count,rps_doc_frac_unique_words,120,0.36863258171194907,-0.3119476327523783,199
a1,wikipedia,rps_doc_word_count,rps_doc_frac_no_alph_words,120,0.3011420200286436,-0.06684238492603864,127
a1,wikipedia,rps_doc_word_count,rps_doc_frac_chars_top_2gram,120,0.3103670690738583,0.1673156598627175,35
a1,wikipedia,rps_doc_word_count,rps_doc_frac_chars_top_3gram,120,0.36862294627345693,-0.28313393759164446,37
a1,wikipedia,rps_doc_word_count,rps_lines_uppercase_letter_fraction,120,0.32521910866082665,0.11977414090901417,170
a1,wikipedia,rps_doc_word_count,rps_lines_ending_with_terminal_punctution_mark,120,0.2552388505803973,0.061894174790618095,85
a1,wikipedia,rps_doc_word_count,rps_lines_numerical_chars_fraction,120,0.35304744709440705,-0.1267834880433437,138
a1,wikipedia,rps_doc_word_count,rps_doc_mean_word_length,120,0.3015308668720538,0.06598001158642669,82
a1,wikipedia,rps_doc_num_sentences,rps_doc_unigram_entropy,120,0.23687308181812738,0.5024619991370812,33
a1,wikipedia,rps_doc_num_sentences,rps_doc_frac_unique_words,120,0.38404042842073655,-0.3628041663660389,196
a1,wikipedia,rps_doc_num_sentences,rps_doc_frac_no_alph_words,120,0.28373850160986197,0.03136165351292724,141
a1,wikipedia,rps_doc_num_sentences,rps_doc_frac_chars_top_2gram,120,0.28952719082705086,0.20784066547063976,38
a1,wikipedia,rps_doc_num_sentences,rps_doc_frac_chars_top_3gram,120,0.33194877183811117,-0.10517483518526254,42
a1,wikipedia,rps_doc_num_sentences,rps_lines_uppercase_letter_fraction,120,0.3407333386114118,-0.07745393213976985,172
a1,wikipedia,rps_doc_num_sentences,rps_lines_ending_with_terminal_punctution_mark,120,0.23275836333530228,0.1485956661567461,92
a1,wikipedia,rps_doc_num_sentences,rps_lines_numerical_chars_fraction,120,0.3355308655339723,-0.06903136798792935,152
a1,wikipedia,rps_doc_num_sentences,rps_doc_mean_word_length,120,0.3049829448032752,0.0835316658008621,91
a1,wikipedia,rps_doc_unigram_entropy,rps_doc_frac_unique_words,120,0.48872516538637834,-0.6705732218753883,4
a1,wikipedia,rps_doc_unigram_entropy,rps_doc_frac_no_alph_words,120,0.3254820006484143,-0.03943071151363228,103
a1,wikipedia,rps_doc_unigram_entropy,rps_doc_frac_chars_top_2gram,120,0.21322117152074593,0.4974201002090375,210
a1,wikipedia,rps_doc_unigram_entropy,rps_doc_frac_chars_top_3gram,120,0.2958495767236745,0.08570198000828723,180
a1,wikipedia,rps_doc_unigram_entropy,rps_lines_uppercase_letter_fraction,120,0.348691908809428,-0.13597148408153711,64
a1,wikipedia,rps_doc_unigram_entropy,rps_lines_ending_with_terminal_punctution_mark,120,0.2531981071310284,0.3878850748150193,79
a1,wikipedia,rps_doc_unigram_entropy,rps_lines_numerical_chars_fraction,120,0.37021834653803937,-0.04893416941282072,70
a1,wikipedia,rps_doc_unigram_entropy,rps_doc_mean_word_length,120,0.32802757047710496,0.1958792062604848,145
a1,wikipedia,rps_doc_frac_unique_words,rps_doc_frac_no_alph_words,120,0.31376138542334087,-0.032534413071075734,89
a1,wikipedia,rps_doc_frac_unique_words,rps_doc_frac_chars_top_2gram,120,0.3952408001347307,-0.16570625362783734,34
a1,wikipedia,rps_doc_frac_unique_words,rps_doc_frac_chars_top_3gram,120,0.30375889968126984,0.23081045636128356,57
a1,wikipedia,rps_doc_frac_unique_words,rps_lines_uppercase_letter_fraction,120,0.4291964552228187,0.030384265465455754,124
a1,wikipedia,rps_doc_frac_unique_words,rps_lines_ending_with_terminal_punctution_mark,120,0.3174179033926156,-0.26229064147768244,74
a1,wikipedia,rps_doc_frac_unique_words,rps_lines_numerical_chars_fraction,120,0.3397042434876109,0.12331037264493122,114
a1,wikipedia,rps_doc_frac_unique_words,rps_doc_mean_word_length,120,0.3594520827945952,-0.3336933157876475,51
a1,wikipedia,rps_doc_frac_no_alph_words,rps_doc_frac_chars_top_2gram,120,0.3442970778019038,-0.12144180002335142,109
a1,wikipedia,rps_doc_frac_no_alph_words,rps_doc_frac_chars_top_3gram,120,0.28754812692113413,0.056576779216843676,159
a1,wikipedia,rps_doc_frac_no_alph_words,rps_lines_uppercase_letter_fraction,120,0.3710299341585786,-0.24503601024855065,174
a1,wikipedia,rps_doc_frac_no_alph_words,rps_lines_ending_with_terminal_punctution_mark,120,0.22391204889842017,0.11645047938051915,222
a1,wikipedia,rps_doc_frac_no_alph_words,rps_lines_numerical_chars_fraction,120,0.29294793698763566,0.255017958473935,183
a1,wikipedia,rps_doc_frac_no_alph_words,rps_doc_mean_word_length,120,0.29095241010677275,0.10609501586817252,206
a1,wikipedia,rps_doc_frac_chars_top_2gram,rps_doc_frac_chars_top_3gram,120,0.25331184520172084,0.26268189403482334,223
a1,wikipedia,rps_doc_frac_chars_top_2gram,rps_lines_uppercase_letter_fraction,120,0.34408941379241964,-0.26753666485201966,69
a1,wikipedia,rps_doc_frac_chars_top_2gram,rps_lines_ending_with_terminal_punctution_mark,120,0.25591159690726195,0.3671697496519548,117
a1,wikipedia,rps_doc_frac_chars_top_2gram,rps_lines_numerical_chars_fraction,120,0.35247731518718756,-0.029737904101471316,96
a1,wikipedia,rps_doc_frac_chars_top_2gram,rps_doc_mean_word_length,120,0.3812679115483897,-0.049137537769957655,118
a1,wikipedia,rps_doc_frac_chars_top_3gram,rps_lines_uppercase_letter_fraction,120,0.3810223550856134,-0.17278333546179586,90
a1,wikipedia,rps_doc_frac_chars_top_3gram,rps_lines_ending_with_terminal_punctution_mark,120,0.246521663661408,0.1690783246576793,167
a1,wikipedia,rps_doc_frac_chars_top_3gram,rps_lines_numerical_chars_fraction,120,0.36166133444360316,-0.09009000418770712,135
a1,wikipedia,rps_doc_frac_chars_top_3gram,rps_doc_mean_word_length,120,0.33525674533319544,-0.10023737699981618,156
a1,wikipedia,rps_lines_uppercase_letter_fraction,rps_lines_ending_with_terminal_punctution_mark,120,0.39819338415003264,-0.6755683450382166,125
a1,wikipedia,rps_lines_uppercase_letter_fraction,rps_lines_numerical_chars_fraction,120,0.3371213419711194,-0.3002283922190494,143
a1,wikipedia,rps_lines_uppercase_letter_fraction,rps_doc_mean_word_length,120,0.4241176916888191,-0.0986391368821034,142
a1,wikipedia,rps_lines_ending_with_terminal_punctution_mark,rps_lines_numerical_chars_fraction,120,0.2516685784184491,0.2230772849642347,155
a1,wikipedia,rps_lines_ending_with_terminal_punctution_mark,rps_doc_mean_word_length,120,0.24466662608650938,0.16562072101560996,181
a1,wikipedia,rps_lines_numerical_chars_fraction,rps_doc_mean_word_length,120,0.3486013145910766,-0.0284286204519601,126
a2,arxiv,fineweb_edu,fluency_en,120,0.15296337002321414,0.26600295856574935,188
a2,arxiv,fineweb_edu,modernbert_cleanliness,120,0.10491120925056949,0.05010764636433084,193
a2,arxiv,fineweb_edu,modernbert_readability,120,0.12225013749171179,0.3488992291131328,194
a2,arxiv,fineweb_edu,modernbert_reasoning,120,0.13719062242263913,-0.09807426265789831,214
a2,arxiv,fineweb_edu,modernbert_professionalism,120,0.13816833867662337,-0.32959280524123574,208
a2,arxiv,fineweb_edu,dsir_books,120,0.8258781276896426,0.26209143099277066,24
a2,arxiv,fineweb_edu,dsir_wiki,120,0.8245634459579563,0.2656642802589131,23
a2,arxiv,fineweb_edu,dsir_math,120,0.8194402537767206,0.2325688925715124,25
a2,arxiv,fineweb_edu,qurater,120,0.12177638338085646,0.31894499623536166,219
a2,arxiv,fineweb_edu,ad_en,120,0.27138754365422435,-0.1457474976398558,166
a2,arxiv,fineweb_edu,rps_doc_word_count,120,0.7523348428134304,0.020258351274394053,77
a2,arxiv,fineweb_edu,rps_doc_num_sentences,120,0.741789531370283,-0.009903723449173975,73
a2,arxiv,fineweb_edu,rps_doc_unigram_entropy,120,0.12003037299591159,-0.0780359065650912,186
a2,arxiv,fineweb_edu,rps_doc_frac_unique_words,120,0.8123895408771167,-0.0007362069727533288,16
a2,arxiv,fineweb_edu,rps_doc_frac_no_alph_words,120,0.5363002301790414,0.34918397110910476,100
a2,arxiv,fineweb_edu,rps_doc_frac_chars_top_2gram,120,0.19625580617409094,-0.11965414264879506,147
a2,arxiv,fineweb_edu,rps_doc_frac_chars_top_3gram,120,0.22728087898308963,-0.19445794846864362,150
a2,arxiv,fineweb_edu,rps_lines_uppercase_letter_fraction,120,0.3579875387314452,0.0023265504548927005,84
a2,arxiv,fineweb_edu,rps_lines_ending_with_terminal_punctution_mark,120,0.5474525782650062,-0.04724633655114938,66
a2,arxiv,fineweb_edu,rps_lines_numerical_chars_fraction,120,0.511556947015441,0.03855128828390861,110
a2,arxiv,fineweb_edu,rps_doc_mean_word_length,120,0.2607894269432645,0.22879366622682126,168
a2,arxiv,fluency_en,modernbert_cleanliness,120,0.12678410354849584,0.22907305419716403,215
a2,arxiv,fluency_en,modernbert_readability,120,0.1205662458148437,0.1450284396759725,213
a2,arxiv,fluency_en,modernbert_reasoning,120,0.23408359034397616,0.14577426976812022,160
a2,arxiv,fluency_en,modernbert_professionalism,120,0.22644101807082986,-0.005443187258027438,128
a2,arxiv,fluency_en,dsir_books,120,0.7279883633818663,0.08370114068576959,63
a2,arxiv,fluency_en,dsir_wiki,120,0.7266736816501799,0.08145639971904182,61
a2,arxiv,fluency_en,dsir_math,120,0.7215504894689442,0.06457899038646107,59
a2,arxiv,fluency_en,qurater,120,0.2036531439619337,0.3491069074146128,211
a2,arxiv,fluency_en,ad_en,120,0.2019813202266859,0.14792925092608297,184
a2,arxiv,fluency_en,rps_doc_word_count,120,0.6611077200589636,-0.038037627875268834,106
a2,arxiv,fluency_en,rps_doc_num_sentences,120,0.6473265760758242,-0.06725688917278859,105
a2,arxiv,fluency_en,rps_doc_unigram_entropy,120,0.20058474635872584,0.01715468386038132,146
a2,arxiv,fluency_en,rps_doc_frac_unique_words,120,0.7144997765693404,-0.030554537906226958,45
a2,arxiv,fluency_en,rps_doc_frac_no_alph_words,120,0.4485438502403408,0.10511219607306807,189
a2,arxiv,fluency_en,rps_doc_frac_chars_top_2gram,120,0.15229692446678242,-0.08240560042979776,123
a2,arxiv,fluency_en,rps_doc_frac_chars_top_3gram,120,0.15909385971219797,-0.14439991944177283,153
a2,arxiv,fluency_en,rps_lines_uppercase_letter_fraction,120,0.28772357958783273,0.09086457993538065,177
a2,arxiv,fluency_en,rps_lines_ending_with_terminal_punctution_mark,120,0.4512275500991896,-0.11398787407646292,161
a2,arxiv,fluency_en,rps_lines_numerical_chars_fraction,120,0.43168151508740754,0.0028231323226760602,136
a2,arxiv,fluency_en,rps_doc_mean_word_length,120,0.21538682322498018,0.1990777073296661,191
a2,arxiv,modernbert_cleanliness,modernbert_readability,120,0.09180941168449872,0.10996596985901798,224
a2,arxiv,modernbert_cleanliness,modernbert_reasoning,120,0.12034421344387268,0.31672020979431004,212
a2,arxiv,modernbert_cleanliness,modernbert_professionalism,120,0.11268469988087784,0.35460620267437937,169
a2,arxiv,modernbert_cleanliness,dsir_books,120,0.8420274370393659,0.13539361581146117,31
a2,arxiv,modernbert_cleanliness,dsir_wiki,120,0.8407127553076793,0.14065948782291435,30
a2,arxiv,modernbert_cleanliness,dsir_math,120,0.8355895631264436,0.16654539191437479,26
a2,arxiv,modernbert_cleanliness,qurater,120,0.09431568371036679,0.2548217794309079,217
a2,arxiv,modernbert_cleanliness,ad_en,120,0.22391928312611803,0.18260801625815062,148
a2,arxiv,modernbert_cleanliness,rps_doc_word_count,120,0.7718498396359036,0.25559413848183904,62
a2,arxiv,modernbert_cleanliness,rps_doc_num_sentences,120,0.7580686956527641,0.3214230526574307,60
a2,arxiv,modernbert_cleanliness,rps_doc_unigram_entropy,120,0.09649711452282948,-0.17213598649125894,207
a2,arxiv,modernbert_cleanliness,rps_doc_frac_unique_words,120,0.8285388502268397,0.24544862657644004,21
a2,arxiv,modernbert_cleanliness,rps_doc_frac_no_alph_words,120,0.5545281968064532,0.003868324189179803,171
a2,arxiv,modernbert_cleanliness,rps_doc_frac_chars_top_2gram,120,0.15600553607324363,-0.1074102368220015,175
a2,arxiv,modernbert_cleanliness,rps_doc_frac_chars_top_3gram,120,0.2059257441368111,-0.08622126536565039,178
a2,arxiv,modernbert_cleanliness,rps_lines_uppercase_letter_fraction,120,0.3777650048876146,0.02927286617126189,101
a2,arxiv,modernbert_cleanliness,rps_lines_ending_with_terminal_punctution_mark,120,0.5594280975920921,-0.1070768803389124,179
a2,arxiv,modernbert_cleanliness,rps_lines_numerical_chars_fraction,120,0.5229007130740339,0.13561358427668585,122
a2,arxiv,modernbert_cleanliness,rps_doc_mean_word_length,120,0.26718678072035795,-0.02014028751996666,190
a2,arxiv,modernbert_readability,modernbert_reasoning,120,0.1881937409453801,-0.07948670875592172,192
a2,arxiv,modernbert_readability,modernbert_professionalism,120,0.1814962301571796,-0.4937027159010945,134
a2,arxiv,modernbert_readability,dsir_books,120,0.774168657939541,0.37142199315554125,27
a2,arxiv,modernbert_readability,dsir_wiki,120,0.7728539762078545,0.3764909076096916,28
a2,arxiv,modernbert_readability,dsir_math,120,0.7677307840266189,0.33407724606499883,22
a2,arxiv,modernbert_readability,qurater,120,0.15937694827495033,0.37973646005095096,218
a2,arxiv,modernbert_readability,ad_en,120,0.24143865562291325,-0.3937460392019263,137
a2,arxiv,modernbert_readability,rps_doc_word_count,120,0.7102684036630379,0.04632266129592332,53
a2,arxiv,modernbert_readability,rps_doc_num_sentences,120,0.6964872596798984,0.018842076940819776,56
a2,arxiv,modernbert_readability,rps_doc_unigram_entropy,120,0.16017379773751947,0.01927284093254967,209
a2,arxiv,modernbert_readability,rps_doc_frac_unique_words,120,0.7606800711270151,0.15254416835912962,17
a2,arxiv,modernbert_readability,rps_doc_frac_no_alph_words,120,0.4923001329057584,0.669213139801375,187
a2,arxiv,modernbert_readability,rps_doc_frac_chars_top_2gram,120,0.14075055928193167,-0.055483019654142644,173
a2,arxiv,modernbert_readability,rps_doc_frac_chars_top_3gram,120,0.16150874302355653,-0.05689978470727133,182
a2,arxiv,modernbert_readability,rps_lines_uppercase_letter_fraction,120,0.32449128967606716,-0.3585318424890617,116
a2,arxiv,modernbert_readability,rps_lines_ending_with_terminal_punctution_mark,120,0.4919581400871557,0.3865060073616223,164
a2,arxiv,modernbert_readability,rps_lines_numerical_chars_fraction,120,0.4825922847785176,0.10916730328495033,97
a2,arxiv,modernbert_readability,rps_doc_mean_word_length,120,0.23958245712648013,-0.05132300854225987,197
a2,arxiv,modernbert_reasoning,modernbert_professionalism,120,0.012874877240765782,0.6076878960399503,221
a2,arxiv,modernbert_reasoning,dsir_books,120,0.9620719537258426,-0.3600143632630606,7
a2,arxiv,modernbert_reasoning,dsir_wiki,120,0.9607572719941561,-0.35929390039457587,6
a2,arxiv,modernbert_reasoning,dsir_math,120,0.9556340798129204,-0.32378244123495437,8
a2,arxiv,modernbert_reasoning,qurater,120,0.0350146091452622,0.2783596450669619,216
a2,arxiv,modernbert_reasoning,ad_en,120,0.3164253536368747,0.10864439423226825,104
a2,arxiv,modernbert_reasoning,rps_doc_word_count,120,0.8885286688496301,-0.31932678840673573,41
a2,arxiv,modernbert_reasoning,rps_doc_num_sentences,120,0.8779833574064829,-0.17861452717775947,39
a2,arxiv,modernbert_reasoning,rps_doc_unigram_entropy,120,0.03632805464252532,0.297836342022427,220
a2,arxiv,modernbert_reasoning,rps_doc_frac_unique_words,120,0.9485833669133166,-0.2763629137097721,5
a2,arxiv,modernbert_reasoning,rps_doc_frac_no_alph_words,120,0.6716891839489684,-0.07163212561099196,75
a2,arxiv,modernbert_reasoning,rps_doc_frac_chars_top_2gram,120,0.2550513608572936,0.05940769008640743,185
a2,arxiv,modernbert_reasoning,rps_doc_frac_chars_top_3gram,120,0.3251212775736802,0.1755398275699606,162
a2,arxiv,modernbert_reasoning,rps_lines_uppercase_letter_fraction,120,0.4918748920005396,0.22886317774019788,47
a2,arxiv,modernbert_reasoning,rps_lines_ending_with_terminal_punctution_mark,120,0.6794726142785692,-0.20873537283996976,78
a2,arxiv,modernbert_reasoning,rps_lines_numerical_chars_fraction,120,0.6301084695006106,0.23827892026797085,88
a2,arxiv,modernbert_reasoning,rps_doc_mean_word_length,120,0.36325526197319935,-0.050173153558428794,140
a2,arxiv,modernbert_professionalism,dsir_books,120,0.9543500025738906,-0.4593466048750456,11
a2,arxiv,modernbert_professionalism,dsir_wiki,120,0.953035320842204,-0.45854651316489814,10
a2,arxiv,modernbert_professionalism,dsir_math,120,0.9479121286609683,-0.3914474221717055,18
a2,arxiv,modernbert_professionalism,qurater,120,0.03513198940079781,-0.0029739576307880574,198
a2,arxiv,modernbert_professionalism,ad_en,120,0.30895962136778826,0.3868851376481023,165
a2,arxiv,modernbert_professionalism,rps_doc_word_count,120,0.8842825368305969,-0.05486360116848888,52
a2,arxiv,modernbert_professionalism,rps_doc_num_sentences,120,0.8705013928474574,0.09591971242937916,55
a2,arxiv,modernbert_professionalism,rps_doc_unigram_entropy,120,0.037901085164615544,0.07955916608209121,154
a2,arxiv,modernbert_professionalism,rps_doc_frac_unique_words,120,0.9408614157613644,-0.10101802955417473,29
a2,arxiv,modernbert_professionalism,rps_doc_frac_no_alph_words,120,0.6663142660733172,-0.5408093063860814,40
a2,arxiv,modernbert_professionalism,rps_doc_frac_chars_top_2gram,120,0.24732940970534162,0.07065640099671498,149
a2,arxiv,modernbert_professionalism,rps_doc_frac_chars_top_3gram,120,0.31739932642172825,0.07152061422650316,144
a2,arxiv,modernbert_professionalism,rps_lines_uppercase_letter_fraction,120,0.4901977020823078,0.2806393074506532,50
a2,arxiv,modernbert_professionalism,rps_lines_ending_with_terminal_punctution_mark,120,0.6717506631266169,-0.34303689653366654,36
a2,arxiv,modernbert_professionalism,rps_lines_numerical_chars_fraction,120,0.6277192959596747,0.07626681752880765,93
a2,arxiv,modernbert_professionalism,rps_doc_mean_word_length,120,0.35627020251595964,-0.23496145657942907,87
a2,arxiv,dsir_books,dsir_wiki,120,0.0013722360671583362,0.9985338656457474,231
a2,arxiv,dsir_books,dsir_math,120,0.006471894389327396,0.9887175526637564,230
a2,arxiv,dsir_books,qurater,120,0.9316415073438001,0.11605634720454058,20
a2,arxiv,dsir_books,ad_en,120,0.6456466000889679,-0.15762145056484997,98
a2,arxiv,dsir_books,rps_doc_word_count,120,0.0735432848762124,0.7530598128913847,201
a2,arxiv,dsir_books,rps_doc_num_sentences,120,0.08408859631935968,0.6642390738127729,203
a2,arxiv,dsir_books,rps_doc_unigram_entropy,120,0.928165329669131,-0.5664571667667004,3
a2,arxiv,dsir_books,rps_doc_frac_unique_words,120,0.017513661931469984,0.7390905750971104,226
a2,arxiv,dsir_books,rps_doc_frac_no_alph_words,120,0.29038276977687416,0.5146870476974158,130
a2,arxiv,dsir_books,rps_doc_frac_chars_top_2gram,120,0.7070205928685489,-0.2685784982628638,14
a2,arxiv,dsir_books,rps_doc_frac_chars_top_3gram,120,0.6369506761521623,-0.26698542758742,46
a2,arxiv,dsir_books,rps_lines_uppercase_letter_fraction,120,0.47160140475084306,-0.10001214220750013,133
a2,arxiv,dsir_books,rps_lines_ending_with_terminal_punctution_mark,120,0.28259933944727356,0.16907419081216452,111
a2,arxiv,dsir_books,rps_lines_numerical_chars_fraction,120,0.3359284283815891,0.03210489592651988,115
a2,arxiv,dsir_books,rps_doc_mean_word_length,120,0.5990912763988224,0.14843731675668864,68
a2,arxiv,dsir_wiki,dsir_math,120,0.005217370222401007,0.9897360642309448,229
a2,arxiv,dsir_wiki,qurater,120,0.9303268256121136,0.11749135799053871,19
a2,arxiv,dsir_wiki,ad_en,120,0.6443319183572813,-0.15751762002620515,99
a2,arxiv,dsir_wiki,rps_doc_word_count,120,0.07222860314452588,0.753669704630526,202
a2,arxiv,dsir_wiki,rps_doc_num_sentences,120,0.08277391458767316,0.6631096574514777,205
a2,arxiv,dsir_wiki,rps_doc_unigram_entropy,120,0.9268506479374444,-0.5658260600534446,2
a2,arxiv,dsir_wiki,rps_doc_frac_unique_words,120,0.01677255839872678,0.740186193960039,227
a2,arxiv,dsir_wiki,rps_doc_frac_no_alph_words,120,0.28906808804518763,0.5180849522588554,129
a2,arxiv,dsir_wiki,rps_doc_frac_chars_top_2gram,120,0.7057059111368623,-0.271771904424514,13
a2,arxiv,dsir_wiki,rps_doc_frac_chars_top_3gram,120,0.6356359944204759,-0.2650458746266736,44
a2,arxiv,dsir_wiki,rps_lines_uppercase_letter_fraction,120,0.4703047374848205,-0.10403806215192514,132
a2,arxiv,dsir_wiki,rps_lines_ending_with_terminal_punctution_mark,120,0.281284657715587,0.17324738012856647,107
a2,arxiv,dsir_wiki,rps_lines_numerical_chars_fraction,120,0.3348826183594723,0.031194742538640744,113
a2,arxiv,dsir_wiki,rps_doc_mean_word_length,120,0.597776594667136,0.15189848906052464,67
a2,arxiv,dsir_math,qurater,120,0.9252036334308779,0.11538849415144517,15
a2,arxiv,dsir_math,ad_en,120,0.6392087261760456,-0.13532017403604055,102
a2,arxiv,dsir_math,rps_doc_word_count,120,0.0671054109632902,0.7889127530646592,200
a2,arxiv,dsir_math,rps_doc_num_sentences,120,0.07765072240643747,0.6988450686973032,204
a2,arxiv,dsir_math,rps_doc_unigram_entropy,120,0.921727455756209,-0.5683643964694497,1
a2,arxiv,dsir_math,rps_doc_frac_unique_words,120,0.014329765754541418,0.7759656999240481,228
a2,arxiv,dsir_math,rps_doc_frac_no_alph_words,120,0.283944895863952,0.46793739275716895,120
a2,arxiv,dsir_math,rps_doc_frac_chars_top_2gram,120,0.7005827189556266,-0.2748617242214128,12
a2,arxiv,dsir_math,rps_doc_frac_chars_top_3gram,120,0.63051280223924,-0.2610060979524039,43
a2,arxiv,dsir_math,rps_lines_uppercase_letter_fraction,120,0.4652891898851085,-0.08605840973701821,131
a2,arxiv,dsir_math,rps_lines_ending_with_terminal_punctution_mark,120,0.27622506368802735,0.15134901063412554,94
a2,arxiv,dsir_math,rps_lines_numerical_chars_fraction,120,0.33083170882628793,0.011653453530339686,112
a2,arxiv,dsir_math,rps_doc_mean_word_length,120,0.5926534024859003,0.1400984782988736,65
a2,arxiv,qurater,ad_en,120,0.29397402197231415,-0.2734823177416761,139
a2,arxiv,qurater,rps_doc_word_count,120,0.8630625486331674,-0.08502744801821534,49
a2,arxiv,qurater,rps_doc_num_sentences,120,0.8492814046500281,-0.05613750457288425,58
a2,arxiv,qurater,rps_doc_unigram_entropy,120,0.04467112011037504,0.11910648841417981,195
a2,arxiv,qurater,rps_doc_frac_unique_words,120,0.918152920531274,-0.003267678958380249,9
a2,arxiv,qurater,rps_doc_frac_no_alph_words,120,0.6450942778758879,0.38005261179441985,157
a2,arxiv,qurater,rps_doc_frac_chars_top_2gram,120,0.23245561404552548,-0.11955747195598775,163
a2,arxiv,qurater,rps_doc_frac_chars_top_3gram,120,0.2959560561895323,-0.10128320634448933,158
a2,arxiv,qurater,rps_lines_uppercase_letter_fraction,120,0.46897771388487847,-0.11708037093298428,86
a2,arxiv,qurater,rps_lines_ending_with_terminal_punctution_mark,120,0.6490421678965266,0.12507449358926903,119
a2,arxiv,qurater,rps_lines_numerical_chars_fraction,120,0.6095070150546444,0.17357425555438655,108
a2,arxiv,qurater,rps_doc_mean_word_length,120,0.33455358488298176,0.10300640705614393,176
a2,arxiv,ad_en,rps_doc_word_count,120,0.5857403447860434,0.06870328411332668,71
a2,arxiv,ad_en,rps_doc_num_sentences,120,0.5722447246094734,0.09400632011695857,76
a2,arxiv,ad_en,rps_doc_unigram_entropy,120,0.28879338135986615,-0.13468533780080857,48
a2,arxiv,ad_en,rps_doc_frac_unique_words,120,0.6321580132764419,-0.02658355330735395,81
a2,arxiv,ad_en,rps_doc_frac_no_alph_words,120,0.4343589258785233,-0.3917597729136866,72
a2,arxiv,ad_en,rps_doc_frac_chars_top_2gram,120,0.22634079516351158,-0.056007847837444835,95
a2,arxiv,ad_en,rps_doc_frac_chars_top_3gram,120,0.22220433627991823,0.010268163311756735,151
a2,arxiv,ad_en,rps_lines_uppercase_letter_fraction,120,0.2743142245645676,0.2185066541739237,80
a2,arxiv,ad_en,rps_lines_ending_with_terminal_punctution_mark,120,0.4276230331116552,-0.17802085233024037,54
a2,arxiv,ad_en,rps_lines_numerical_chars_fraction,120,0.4210730405157394,-0.025838824214670902,83
a2,arxiv,ad_en,rps_doc_mean_word_length,120,0.26746690358378267,0.014629615161457938,121
a2,arxiv,rps_doc_word_count,rps_doc_num_sentences,120,0.023501593789681825,0.9260988465580845,225
a2,arxiv,rps_doc_word_count,rps_doc_unigram_entropy,120,0.8546220447929187,-0.7709414179736013,32
a2,arxiv,rps_doc_word_count,rps_doc_frac_unique_words,120,0.06005469806368636,0.8721899568999084,199
a2,arxiv,rps_doc_word_count,rps_doc_frac_no_alph_words,120,0.22540310015659917,0.009035349677060907,127
a2,arxiv,rps_doc_word_count,rps_doc_frac_chars_top_2gram,120,0.6449067357638564,-0.23073824571150772,35
a2,arxiv,rps_doc_word_count,rps_doc_frac_chars_top_3gram,120,0.5724608190474697,-0.3701229252031391,37
a2,arxiv,rps_doc_word_count,rps_lines_uppercase_letter_fraction,120,0.3989579648465569,0.018237377595666366,170
a2,arxiv,rps_doc_word_count,rps_lines_ending_with_terminal_punctution_mark,120,0.22805863211577987,0.03096048336690048,85
a2,arxiv,rps_doc_word_count,rps_lines_numerical_chars_fraction,120,0.2951618028868669,-0.11450795194110701,138
a2,arxiv,rps_doc_word_count,rps_doc_mean_word_length,120,0.5365712760826008,-0.08483922494617681,82
a2,arxiv,rps_doc_num_sentences,rps_doc_unigram_entropy,120,0.8440767333497714,-0.7769275513597476,33
a2,arxiv,rps_doc_num_sentences,rps_doc_frac_unique_words,120,0.07145713205610485,0.7758226116397093,196
a2,arxiv,rps_doc_num_sentences,rps_doc_frac_no_alph_words,120,0.2215216716516548,0.02136662355637008,141
a2,arxiv,rps_doc_num_sentences,rps_doc_frac_chars_top_2gram,120,0.631125591780717,-0.24809660653093782,38
a2,arxiv,rps_doc_num_sentences,rps_doc_frac_chars_top_3gram,120,0.5586796750643305,-0.3583883879016302,42
a2,arxiv,rps_doc_num_sentences,rps_lines_uppercase_letter_fraction,120,0.39002899302209454,-0.005556086086493115,172
a2,arxiv,rps_doc_num_sentences,rps_lines_ending_with_terminal_punctution_mark,120,0.22492488156928328,0.01752250649527766,92
a2,arxiv,rps_doc_num_sentences,rps_lines_numerical_chars_fraction,120,0.28542106521760213,0.029488926904062206,152
a2,arxiv,rps_doc_num_sentences,rps_doc_mean_word_length,120,0.5260615807177963,-0.14692722400350636,91
a2,arxiv,rps_doc_unigram_entropy,rps_doc_frac_unique_words,120,0.9146767428566049,-0.4330679540629055,4
a2,arxiv,rps_doc_unigram_entropy,rps_doc_frac_no_alph_words,120,0.6377825598922567,-0.0803625378128044,103
a2,arxiv,rps_doc_unigram_entropy,rps_doc_frac_chars_top_2gram,120,0.22130508244885352,0.4154946698341564,210
a2,arxiv,rps_doc_unigram_entropy,rps_doc_frac_chars_top_3gram,120,0.29121465351696874,0.5137826860062078,180
a2,arxiv,rps_doc_unigram_entropy,rps_lines_uppercase_letter_fraction,120,0.4588009421457902,0.05833246522251699,64
a2,arxiv,rps_doc_unigram_entropy,rps_lines_ending_with_terminal_punctution_mark,120,0.6455659902218576,-0.06927804983862447,79
a2,arxiv,rps_doc_unigram_entropy,rps_lines_numerical_chars_fraction,120,0.6007454974916129,-0.05855471059543287,70
a2,arxiv,rps_doc_unigram_entropy,rps_doc_mean_word_length,120,0.3356842029851626,-0.06794457760112915,145
a2,arxiv,rps_doc_frac_unique_words,rps_doc_frac_no_alph_words,120,0.27924786290832215,0.06858879207005188,89
a2,arxiv,rps_doc_frac_unique_words,rps_doc_frac_chars_top_2gram,120,0.6935320060560229,-0.059629292118619864,34
a2,arxiv,rps_doc_frac_unique_words,rps_doc_frac_chars_top_3gram,120,0.6234620893396362,-0.1456682730475655,57
a2,arxiv,rps_doc_frac_unique_words,rps_lines_uppercase_letter_fraction,120,0.4583151734675656,0.055055779934109796,124
a2,arxiv,rps_doc_frac_unique_words,rps_lines_ending_with_terminal_punctution_mark,120,0.27011737697327337,-0.0037678517237611413,74
a2,arxiv,rps_doc_frac_unique_words,rps_lines_numerical_chars_fraction,120,0.329672896433727,-0.1327777056755827,114
a2,arxiv,rps_doc_frac_unique_words,rps_doc_mean_word_length,120,0.5889709821714895,-0.19645266346994608,51
a2,arxiv,rps_doc_frac_no_alph_words,rps_doc_frac_chars_top_2gram,120,0.4361436575379046,-0.13212723105771232,109
a2,arxiv,rps_doc_frac_no_alph_words,rps_doc_frac_chars_top_3gram,120,0.366854173799416,0.012250850753524547,159
a2,arxiv,rps_doc_frac_no_alph_words,rps_lines_uppercase_letter_fraction,120,0.2605150857504709,-0.2780540315299673,174
a2,arxiv,rps_doc_frac_no_alph_words,rps_lines_ending_with_terminal_punctution_mark,120,0.13676674461565821,0.33903048822834914,222
a2,arxiv,rps_doc_frac_no_alph_words,rps_lines_numerical_chars_fraction,120,0.19718538938458685,0.46507396346968544,183
a2,arxiv,rps_doc_frac_no_alph_words,rps_doc_mean_word_length,120,0.3440213071357388,0.04498923536356691,206
a2,arxiv,rps_doc_frac_chars_top_2gram,rps_doc_frac_chars_top_3gram,120,0.12680302070287958,0.4073199527744982,223
a2,arxiv,rps_doc_frac_chars_top_2gram,rps_lines_uppercase_letter_fraction,120,0.2792981834759912,-0.08892978679074935,69
a2,arxiv,rps_doc_frac_chars_top_2gram,rps_lines_ending_with_terminal_punctution_mark,120,0.433814047090849,0.045774012084172505,117
a2,arxiv,rps_doc_frac_chars_top_2gram,rps_lines_numerical_chars_fraction,120,0.43627031415714806,0.01564691992499479,96
a2,arxiv,rps_doc_frac_chars_top_2gram,rps_doc_mean_word_length,120,0.25566660908607836,-0.3008750607681089,118
a2,arxiv,rps_doc_frac_chars_top_3gram,rps_lines_uppercase_letter_fraction,120,0.22182004449558435,-0.025960136120563925,90
a2,arxiv,rps_doc_frac_chars_top_3gram,rps_lines_ending_with_terminal_punctution_mark,120,0.3595838938873027,0.01565386485172581,167
a2,arxiv,rps_doc_frac_chars_top_3gram,rps_lines_numerical_chars_fraction,120,0.3857928159918963,0.03914160705604555,135
a2,arxiv,rps_doc_frac_chars_top_3gram,rps_doc_mean_word_length,120,0.21493903528626496,-0.15953191193832902,156
a2,arxiv,rps_lines_uppercase_letter_fraction,rps_lines_ending_with_terminal_punctution_mark,120,0.29863462216505166,-0.7987012987012986,125
a2,arxiv,rps_lines_uppercase_letter_fraction,rps_lines_numerical_chars_fraction,120,0.3183046524231177,-0.11237585943468294,143
a2,arxiv,rps_lines_uppercase_letter_fraction,rps_doc_mean_word_length,120,0.24100606837264021,0.18421418154038474,142
a2,arxiv,rps_lines_ending_with_terminal_punctution_mark,rps_lines_numerical_chars_fraction,120,0.24903399475118698,0.16250434057920687,155
a2,arxiv,rps_lines_ending_with_terminal_punctution_mark,rps_doc_mean_word_length,120,0.3531323469016629,-0.132030002083478,181
a2,arxiv,rps_lines_numerical_chars_fraction,rps_doc_mean_word_length,120,0.4019575877582789,-0.17037988749218694,126
a3,github,fineweb_edu,fluency_en,120,0.20125016140214966,0.3952475701353224,188
a3,github,fineweb_edu,modernbert_cleanliness,120,0.30512957178964345,0.15098323141617964,193
a3,github,fineweb_edu,modernbert_readability,120,0.2515599659717325,0.29159569758449577,194
a3,github,fineweb_edu,modernbert_reasoning,120,0.239972091501003,0.44284402188416955,214
a3,github,fineweb_edu,modernbert_professionalism,120,0.3507665564913045,0.4060289013633826,208
a3,github,fineweb_edu,dsir_books,120,0.4103714737250195,-0.4974894002687696,24
a3,github,fineweb_edu,dsir_wiki,120,0.40966059055542714,-0.49945482135850183,23
a3,github,fineweb_edu,dsir_math,120,0.4087139149331832,-0.5007153299372523,25
a3,github,fineweb_edu,qurater,120,0.18917484130575743,0.4195611145938586,219
a3,github,fineweb_edu,ad_en,120,0.2573324011975806,0.08392669566312598,166
a3,github,fineweb_edu,rps_doc_word_count,120,0.20951239741789685,0.455878140120521,77
a3,github,fineweb_edu,rps_doc_num_sentences,120,0.25968613383344674,0.14507215621352357,73
a3,github,fineweb_edu,rps_doc_unigram_entropy,120,0.2512266163042863,0.4913682792299192,186
a3,github,fineweb_edu,rps_doc_frac_unique_words,120,0.41875173148001965,-0.49162380874170986,16
a3,github,fineweb_edu,rps_doc_frac_no_alph_words,120,0.3194865802785282,-0.16852617725598046,100
a3,github,fineweb_edu,rps_doc_frac_chars_top_2gram,120,0.38321882358742554,-0.25955894931071083,147
a3,github,fineweb_edu,rps_doc_frac_chars_top_3gram,120,0.34841948344833834,-0.2327668298625759,150
a3,github,fineweb_edu,rps_lines_uppercase_letter_fraction,120,0.2133430402221497,0.15675421340778783,84
a3,github,fineweb_edu,rps_lines_ending_with_terminal_punctution_mark,120,0.32289617946732957,-0.19215273957584061,66
a3,github,fineweb_edu,rps_lines_numerical_chars_fraction,120,0.2302271547842919,0.3250393571426964,110
a3,github,fineweb_edu,rps_doc_mean_word_length,120,0.37237784510579636,0.15802860967557963,168
a3,github,fluency_en,modernbert_cleanliness,120,0.21992948286072408,0.20136884981196546,215
a3,github,fluency_en,modernbert_readability,120,0.19950107540777667,0.23783455304990533,213
a3,github,fluency_en,modernbert_reasoning,120,0.2473944234887093,0.33462798567309565,160
a3,github,fluency_en,modernbert_professionalism,120,0.45421412498121305,0.5462124908204823,128
a3,github,fluency_en,dsir_books,120,0.406826590960083,-0.3597831786345532,63
a3,github,fluency_en,dsir_wiki,120,0.4068101664637272,-0.3586094819413916,61
a3,github,fluency_en,dsir_math,120,0.41093506413192965,-0.35471336451616264,59
a3,github,fluency_en,qurater,120,0.18256159803034636,0.35470233124286266,211
a3,github,fluency_en,ad_en,120,0.25545887928103084,0.41720620535156333,184
a3,github,fluency_en,rps_doc_word_count,120,0.19505941663275786,0.40665764972930646,106
a3,github,fluency_en,rps_doc_num_sentences,120,0.2942693102964988,-0.08344132975564944,105
a3,github,fluency_en,rps_doc_unigram_entropy,120,0.21446705749312958,0.3232394084979966,146
a3,github,fluency_en,rps_doc_frac_unique_words,120,0.43387258522136685,-0.413926983659098,45
a3,github,fluency_en,rps_doc_frac_no_alph_words,120,0.22016450841825344,-0.014723295795874006,189
a3,github,fluency_en,rps_doc_frac_chars_top_2gram,120,0.3706676154618895,-0.27157002295909627,123
a3,github,fluency_en,rps_doc_frac_chars_top_3gram,120,0.35718485909553443,-0.32934196613568073,153
a3,github,fluency_en,rps_lines_uppercase_letter_fraction,120,0.20891218114951732,0.015567080295669507,177
a3,github,fluency_en,rps_lines_ending_with_terminal_punctution_mark,120,0.22702883325493464,-0.19602184308939663,161
a3,github,fluency_en,rps_lines_numerical_chars_fraction,120,0.29188063774172285,0.05168659206422206,136
a3,github,fluency_en,rps_doc_mean_word_length,120,0.28130021799870714,-0.07170649299700542,191
a3,github,modernbert_cleanliness,modernbert_readability,120,0.15045177146092958,0.6105407540602481,224
a3,github,modernbert_cleanliness,modernbert_reasoning,120,0.24358072782822895,0.25052130446823034,212
a3,github,modernbert_cleanliness,modernbert_professionalism,120,0.5855796264032429,0.08402334193939662,169
a3,github,modernbert_cleanliness,dsir_books,120,0.4359511419360992,0.06855708228725012,31
a3,github,modernbert_cleanliness,dsir_wiki,120,0.4376896726725386,0.0689772518135003,30
a3,github,modernbert_cleanliness,dsir_math,120,0.44821954783646945,0.06386576799002705,26
a3,github,modernbert_cleanliness,qurater,120,0.23238591736569095,0.4405556645531755,217
a3,github,modernbert_cleanliness,ad_en,120,0.4097156320390251,0.11810992178368589,148
a3,github,modernbert_cleanliness,rps_doc_word_count,120,0.2845201605280509,0.06822250276744762,62
a3,github,modernbert_cleanliness,rps_doc_num_sentences,120,0.3453080765902317,0.0013757501283719366,60
a3,github,modernbert_cleanliness,rps_doc_unigram_entropy,120,0.20602779940201263,0.16042864311075178,207
a3,github,modernbert_cleanliness,rps_doc_frac_unique_words,120,0.47932570026284466,-0.009259998841611028,21
a3,github,modernbert_cleanliness,rps_doc_frac_no_alph_words,120,0.1794030927060454,0.24579222790550703,171
a3,github,modernbert_cleanliness,rps_doc_frac_chars_top_2gram,120,0.3786466301619436,0.03294415596285898,175
a3,github,modernbert_cleanliness,rps_doc_frac_chars_top_3gram,120,0.3696624850982214,0.11458429707031821,178
a3,github,modernbert_cleanliness,rps_lines_uppercase_letter_fraction,120,0.293020553462941,-0.12085235233776175,101
a3,github,modernbert_cleanliness,rps_lines_ending_with_terminal_punctution_mark,120,0.17377802976748444,0.1770583734448582,179
a3,github,modernbert_cleanliness,rps_lines_numerical_chars_fraction,120,0.40820262397504903,-0.009047527136624487,122
a3,github,modernbert_cleanliness,rps_doc_mean_word_length,120,0.16431916686498368,0.19588894348411962,190
a3,github,modernbert_readability,modernbert_reasoning,120,0.2567676411180166,0.2526720791232483,192
a3,github,modernbert_readability,modernbert_professionalism,120,0.5177687395866084,0.24085867671027908,134
a3,github,modernbert_readability,dsir_books,120,0.4048237043763518,-0.14370219895846506,27
a3,github,modernbert_readability,dsir_wiki,120,0.40630191026677476,-0.14605654955880432,28
a3,github,modernbert_readability,dsir_math,120,0.41526536978823986,-0.1487095346010745,22
a3,github,modernbert_readability,qurater,120,0.19219267203466953,0.5514101771796093,218
a3,github,modernbert_readability,ad_en,120,0.34823147596812504,0.19765536016890295,137
a3,github,modernbert_readability,rps_doc_word_count,120,0.2501148147041223,0.3005611735797012,53
a3,github,modernbert_readability,rps_doc_num_sentences,120,0.3032302324032606,0.11649815492496973,56
a3,github,modernbert_readability,rps_doc_unigram_entropy,120,0.19186863287733352,0.30549661952353974,209
a3,github,modernbert_readability,rps_doc_frac_unique_words,120,0.46083563024545077,-0.272206836640007,17
a3,github,modernbert_readability,rps_doc_frac_no_alph_words,120,0.19410332277168987,0.16308913022940028,187
a3,github,modernbert_readability,rps_doc_frac_chars_top_2gram,120,0.3773854827939393,-0.21393207299649805,173
a3,github,modernbert_readability,rps_doc_frac_chars_top_3gram,120,0.3582933425547755,-0.15735574970007532,182
a3,github,modernbert_readability,rps_lines_uppercase_letter_fraction,120,0.2682826120257102,-0.2141413580255686,116
a3,github,modernbert_readability,rps_lines_ending_with_terminal_punctution_mark,120,0.17337461625297468,0.19294215254583544,164
a3,github,modernbert_readability,rps_lines_numerical_chars_fraction,120,0.3477948279887448,0.01746220512626887,97
a3,github,modernbert_readability,rps_doc_mean_word_length,120,0.19886518376492776,0.3330879442259939,197
a3,github,modernbert_reasoning,modernbert_professionalism,120,0.42698048288649065,0.6810264601708451,221
a3,github,modernbert_reasoning,dsir_books,120,0.5328118180469195,-0.66768294271047,7
a3,github,modernbert_reasoning,dsir_wiki,120,0.5325340311007054,-0.6665925873205882,6
a3,github,modernbert_reasoning,dsir_math,120,0.5360469311086897,-0.664717453847543,8
a3,github,modernbert_reasoning,qurater,120,0.18539720696226855,0.6542676574762135,216
a3,github,modernbert_reasoning,ad_en,120,0.3514871106195494,-0.0003090513858772071,104
a3,github,modernbert_reasoning,rps_doc_word_count,120,0.25224310425400553,0.41527589704519224,41
a3,github,modernbert_reasoning,rps_doc_num_sentences,120,0.3752157654771847,-0.18454127320131808,39
a3,github,modernbert_reasoning,rps_doc_unigram_entropy,120,0.16858736370725377,0.725674441543515,220
a3,github,modernbert_reasoning,rps_doc_frac_unique_words,120,0.5515606087429458,-0.5914303936198274,5
a3,github,modernbert_reasoning,rps_doc_frac_no_alph_words,120,0.3102355324692702,-0.11906055813018522,75
a3,github,modernbert_reasoning,rps_doc_frac_chars_top_2gram,120,0.38844103118848755,-0.08689521185832239,185
a3,github,modernbert_reasoning,rps_doc_frac_chars_top_3gram,120,0.36668760040242676,-0.1311007086819118,162
a3,github,modernbert_reasoning,rps_lines_uppercase_letter_fraction,120,0.28326804279784795,0.08446419890270157,47
a3,github,modernbert_reasoning,rps_lines_ending_with_terminal_punctution_mark,120,0.30344856604341935,-0.11706622675248739,78
a3,github,modernbert_reasoning,rps_lines_numerical_chars_fraction,120,0.30586612807873503,0.2963842375607864,88
a3,github,modernbert_reasoning,rps_doc_mean_word_length,120,0.2996540558222536,0.13981526494895477,140
a3,github,modernbert_professionalism,dsir_books,120,0.4388360564980299,-0.7880422043942088,11
a3,github,modernbert_professionalism,dsir_wiki,120,0.436914498197929,-0.7886741938240128,10
a3,github,modernbert_professionalism,dsir_math,120,0.4285244059628609,-0.7858823284308123,18
a3,github,modernbert_professionalism,qurater,120,0.3911891039679593,0.462261268143621,198
a3,github,modernbert_professionalism,ad_en,120,0.28574361826393857,0.03376299578521444,165
a3,github,modernbert_professionalism,rps_doc_word_count,120,0.38321362680602244,0.5241066780949412,52
a3,github,modernbert_professionalism,rps_doc_num_sentences,120,0.37667456288432416,-0.19804514053567157,55
a3,github,modernbert_professionalism,rps_doc_unigram_entropy,120,0.5084199013016988,0.7537355154414337,154
a3,github,modernbert_professionalism,rps_doc_frac_unique_words,120,0.40737972400218536,-0.6653539837564344,29
a3,github,modernbert_professionalism,rps_doc_frac_no_alph_words,120,0.5593029675155333,-0.1346727805279836,40
a3,github,modernbert_professionalism,rps_doc_frac_chars_top_2gram,120,0.4298375494184468,-0.12067761870603905,149
a3,github,modernbert_professionalism,rps_doc_frac_chars_top_3gram,120,0.3932932536387046,-0.2814423245991191,144
a3,github,modernbert_professionalism,rps_lines_uppercase_letter_fraction,120,0.40549556689746213,0.08825612889784011,50
a3,github,modernbert_professionalism,rps_lines_ending_with_terminal_punctution_mark,120,0.5663279038991625,-0.2761263936837063,36
a3,github,modernbert_professionalism,rps_lines_numerical_chars_fraction,120,0.27780668938042263,0.2733874537523256,93
a3,github,modernbert_professionalism,rps_doc_mean_word_length,120,0.6704168892266708,-0.19754844086394885,87
a3,github,dsir_books,dsir_wiki,120,0.00367016517032251,0.999812486327128,231
a3,github,dsir_books,dsir_math,120,0.016424423736805784,0.999499963539008,230
a3,github,dsir_books,qurater,120,0.39519694361916713,-0.31958177578660535,20
a3,github,dsir_books,ad_en,120,0.2994409706718236,0.13044074624062496,98
a3,github,dsir_books,rps_doc_word_count,120,0.4585268565951856,-0.6437140047847789,201
a3,github,dsir_books,rps_doc_num_sentences,120,0.30461817980903483,0.09736211451420083,203
a3,github,dsir_books,rps_doc_unigram_entropy,120,0.5248210366749354,-0.8813470450064244,3
a3,github,dsir_books,rps_doc_frac_unique_words,120,0.13985430733697773,0.8384214439636198,226
a3,github,dsir_books,rps_doc_frac_no_alph_words,120,0.3482753397251884,0.2909048923706243,130
a3,github,dsir_books,rps_doc_frac_chars_top_2gram,120,0.3225660227809186,0.19190243827311912,14
a3,github,dsir_books,rps_doc_frac_chars_top_3gram,120,0.3045749418815908,0.3097287942120454,46
a3,github,dsir_books,rps_lines_uppercase_letter_fraction,120,0.35361400698062717,-0.32527662559363146,133
a3,github,dsir_books,rps_lines_ending_with_terminal_punctution_mark,120,0.35445713724762723,0.37068373410664834,111
a3,github,dsir_books,rps_lines_numerical_chars_fraction,120,0.3730614591764843,-0.31692014215689546,115
a3,github,dsir_books,rps_doc_mean_word_length,120,0.46546179941330773,0.009330525263097024,68
a3,github,dsir_wiki,dsir_math,120,0.014140168798267705,0.9995416332440908,229
a3,github,dsir_wiki,qurater,120,0.3946947782651937,-0.3189011717852778,19
a3,github,dsir_wiki,ad_en,120,0.29897580534562207,0.12929135088854193,99
a3,github,dsir_wiki,rps_doc_word_count,120,0.4580969847847151,-0.6438841616938498,202
a3,github,dsir_wiki,rps_doc_num_sentences,120,0.30297802605864227,0.09770605204629382,205
a3,github,dsir_wiki,rps_doc_unigram_entropy,120,0.5254513096140189,-0.8816144260782756,2
a3,github,dsir_wiki,rps_doc_frac_unique_words,120,0.13952288436482999,0.8379804089541,227
a3,github,dsir_wiki,rps_doc_frac_no_alph_words,120,0.3495275049065161,0.29279391900103824,129
a3,github,dsir_wiki,rps_doc_frac_chars_top_2gram,120,0.32259179370406615,0.1920820760314967,13
a3,github,dsir_wiki,rps_doc_frac_chars_top_3gram,120,0.30443683973724484,0.3083261835858022,44
a3,github,dsir_wiki,rps_lines_uppercase_letter_fraction,120,0.3525728716608928,-0.3236931795497266,132
a3,github,dsir_wiki,rps_lines_ending_with_terminal_punctution_mark,120,0.3565598703091963,0.37004467212595327,107
a3,github,dsir_wiki,rps_lines_numerical_chars_fraction,120,0.37202067406414313,-0.31786251964333745,113
a3,github,dsir_wiki,rps_doc_mean_word_length,120,0.4674725431721942,0.01026114706083056,67
a3,github,dsir_math,qurater,120,0.3990859645652669,-0.32162358779058786,15
a3,github,dsir_math,ad_en,120,0.2996843402610658,0.1320797631777343,102
a3,github,dsir_math,rps_doc_word_count,120,0.4594943105683443,-0.6444328309108536,200
a3,github,dsir_math,rps_doc_num_sentences,120,0.29807895229128717,0.09716061575802515,204
a3,github,dsir_math,rps_doc_unigram_entropy,120,0.5322801556809226,-0.8831145380658045,1
a3,github,dsir_math,rps_doc_frac_unique_words,120,0.13456272618798593,0.8403106017996732,228
a3,github,dsir_math,rps_doc_frac_no_alph_words,120,0.3605341996054063,0.28746019675045753,120
a3,github,dsir_math,rps_doc_frac_chars_top_2gram,120,0.3248057699999446,0.19329022801431087,12
a3,github,dsir_math,rps_doc_frac_chars_top_3gram,120,0.3087787404532596,0.30724005945983945,43
a3,github,dsir_math,rps_lines_uppercase_letter_fraction,120,0.3544826063079676,-0.32479047987839754,131
a3,github,dsir_math,rps_lines_ending_with_terminal_punctution_mark,120,0.36725074057866025,0.3693847711676268,94
a3,github,dsir_math,rps_lines_numerical_chars_fraction,120,0.3701025691775076,-0.31656147609862273,112
a3,github,dsir_math,rps_doc_mean_word_length,120,0.4793160401947213,0.00612890848134211,65
a3,github,qurater,ad_en,120,0.25839284791699496,0.15325476252027703,139
a3,github,qurater,rps_doc_word_count,120,0.22289964171879734,0.27732402697555836,49
a3,github,qurater,rps_doc_num_sentences,120,0.2894566931873586,-0.1224971346049149,58
a3,github,qurater,rps_doc_unigram_entropy,120,0.2326343986897364,0.42848610489217603,195
a3,github,qurater,rps_doc_frac_unique_words,120,0.4268494751314467,-0.3803069538511882,9
a3,github,qurater,rps_doc_frac_no_alph_words,120,0.2657912658931494,0.07261627997837179,157
a3,github,qurater,rps_doc_frac_chars_top_2gram,120,0.37210881775523674,-0.18525551956580727,163
a3,github,qurater,rps_doc_frac_chars_top_3gram,120,0.33959410651389366,-0.17255677180364107,158
a3,github,qurater,rps_lines_uppercase_letter_fraction,120,0.24183613145201582,-0.12032780054170426,86
a3,github,qurater,rps_lines_ending_with_terminal_punctution_mark,120,0.26333440396987856,0.04383124018324307,119
a3,github,qurater,rps_lines_numerical_chars_fraction,120,0.2659226058077067,0.16325606707327486,108
a3,github,qurater,rps_doc_mean_word_length,120,0.30538008744943806,0.2775401069518716,176
a3,github,ad_en,rps_doc_word_count,120,0.3003751948681161,-0.06597781700512446,71
a3,github,ad_en,rps_doc_num_sentences,120,0.29983621879101024,-0.131695756652202,76
a3,github,ad_en,rps_doc_unigram_entropy,120,0.38845597347621846,-0.1284477579814465,48
a3,github,ad_en,rps_doc_frac_unique_words,120,0.32278583283098783,0.024498406933518697,81
a3,github,ad_en,rps_doc_frac_no_alph_words,120,0.36635970112790034,-0.09160090632204893,72
a3,github,ad_en,rps_doc_frac_chars_top_2gram,120,0.3767484202069729,-0.19071817469757452,95
a3,github,ad_en,rps_doc_frac_chars_top_3gram,120,0.3187767316191848,-0.07305481552482411,151
a3,github,ad_en,rps_lines_uppercase_letter_fraction,120,0.27139183079023765,-0.1425942259512543,80
a3,github,ad_en,rps_lines_ending_with_terminal_punctution_mark,120,0.36061753817116704,0.025147567243449766,54
a3,github,ad_en,rps_lines_numerical_chars_fraction,120,0.26054873833445863,-0.1450741435550694,83
a3,github,ad_en,rps_doc_mean_word_length,120,0.46267328018807985,0.15056011223442636,121
a3,github,rps_doc_word_count,rps_doc_num_sentences,120,0.27206018985194264,0.20209428582068328,225
a3,github,rps_doc_word_count,rps_doc_unigram_entropy,120,0.24909239353959797,0.6625817365521484,32
a3,github,rps_doc_word_count,rps_doc_frac_unique_words,120,0.45324797173730835,-0.566387509297391,199
a3,github,rps_doc_word_count,rps_doc_frac_no_alph_words,120,0.2851049822475396,-0.09744434745787173,127
a3,github,rps_doc_word_count,rps_doc_frac_chars_top_2gram,120,0.38850487219616286,-0.3072752389629225,35
a3,github,rps_doc_word_count,rps_doc_frac_chars_top_3gram,120,0.38816246285510037,-0.3820801426161698,37
a3,github,rps_doc_word_count,rps_lines_uppercase_letter_fraction,120,0.2156284782697033,0.24809528785316728,170
a3,github,rps_doc_word_count,rps_lines_ending_with_terminal_punctution_mark,120,0.29982137842468154,-0.2756427771633696,85
a3,github,rps_doc_word_count,rps_lines_numerical_chars_fraction,120,0.2831441971152086,0.15380951902026516,138
a3,github,rps_doc_word_count,rps_doc_mean_word_length,120,0.3491776521223928,-0.021703649698817194,82
a3,github,rps_doc_num_sentences,rps_doc_unigram_entropy,120,0.3686597575296752,-0.06686817315934386,33
a3,github,rps_doc_num_sentences,rps_doc_frac_unique_words,120,0.31482571452812674,0.14532543749822496,196
a3,github,rps_doc_num_sentences,rps_doc_frac_no_alph_words,120,0.2997863381394276,0.09859021469192679,141
a3,github,rps_doc_num_sentences,rps_doc_frac_chars_top_2gram,120,0.3788561944413155,-0.12179205162228654,38
a3,github,rps_doc_num_sentences,rps_doc_frac_chars_top_3gram,120,0.3584152814198557,-0.12551201909443616,42
a3,github,rps_doc_num_sentences,rps_lines_uppercase_letter_fraction,120,0.24743810723881993,0.11745967444674345,172
a3,github,rps_doc_num_sentences,rps_lines_ending_with_terminal_punctution_mark,120,0.312098563833873,0.004232311668710402,92
a3,github,rps_doc_num_sentences,rps_lines_numerical_chars_fraction,120,0.2541920050221289,0.20788540155047638,152
a3,github,rps_doc_num_sentences,rps_doc_mean_word_length,120,0.4040231374947857,-0.015088061701337082,91
a3,github,rps_doc_unigram_entropy,rps_doc_frac_unique_words,120,0.5380973933608239,-0.69283942115773,4
a3,github,rps_doc_unigram_entropy,rps_doc_frac_no_alph_words,120,0.23361002950769225,-0.12598336334155044,103
a3,github,rps_doc_unigram_entropy,rps_doc_frac_chars_top_2gram,120,0.33398374205433223,-0.06938608522144213,210
a3,github,rps_doc_unigram_entropy,rps_doc_frac_chars_top_3gram,120,0.3204949613348117,-0.19520058083793068,180
a3,github,rps_doc_unigram_entropy,rps_lines_uppercase_letter_fraction,120,0.2438974697343547,0.2708044683830077,64
a3,github,rps_doc_unigram_entropy,rps_lines_ending_with_terminal_punctution_mark,120,0.2384419406311092,-0.26669769877716154,79
a3,github,rps_doc_unigram_entropy,rps_lines_numerical_chars_fraction,120,0.3432213889542434,0.3252262875102775,70
a3,github,rps_doc_unigram_entropy,rps_doc_mean_word_length,120,0.23365237278306272,0.12380069380133603,145
a3,github,rps_doc_frac_unique_words,rps_doc_frac_no_alph_words,120,0.40577342844332936,0.18533020370511027,89
a3,github,rps_doc_frac_unique_words,rps_doc_frac_chars_top_2gram,120,0.28877620801004406,0.3999912491880954,34
a3,github,rps_doc_frac_unique_words,rps_doc_frac_chars_top_3gram,120,0.2984313693325344,0.4707614089823428,57
a3,github,rps_doc_frac_unique_words,rps_lines_uppercase_letter_fraction,120,0.36530531060444094,-0.18916896347589576,124
a3,github,rps_doc_frac_unique_words,rps_lines_ending_with_terminal_punctution_mark,120,0.4200877251663709,0.17728949580591236,74
a3,github,rps_doc_frac_unique_words,rps_lines_numerical_chars_fraction,120,0.35583232332999815,-0.17995033646437314,114
a3,github,rps_doc_frac_unique_words,rps_doc_mean_word_length,120,0.5374336478285401,-0.2287161915717139,51
a3,github,rps_doc_frac_no_alph_words,rps_doc_frac_chars_top_2gram,120,0.3334841934956412,0.18313188889350626,109
a3,github,rps_doc_frac_no_alph_words,rps_doc_frac_chars_top_3gram,120,0.31419478878581314,0.2217311613840438,159
a3,github,rps_doc_frac_no_alph_words,rps_lines_uppercase_letter_fraction,120,0.3038928838023737,-0.42203698527215716,174
a3,github,rps_doc_frac_no_alph_words,rps_lines_ending_with_terminal_punctution_mark,120,0.13071987945708616,0.4187314701986895,222
a3,github,rps_doc_frac_no_alph_words,rps_lines_numerical_chars_fraction,120,0.36091432715043686,0.04384516745688719,183
a3,github,rps_doc_frac_no_alph_words,rps_doc_mean_word_length,120,0.2163332932503236,-0.09088841393237869,206
a3,github,rps_doc_frac_chars_top_2gram,rps_doc_frac_chars_top_3gram,120,0.19101679166666669,0.6680619335288054,223
a3,github,rps_doc_frac_chars_top_2gram,rps_lines_uppercase_letter_fraction,120,0.3457922985253115,-0.0969971764959255,69
a3,github,rps_doc_frac_chars_top_2gram,rps_lines_ending_with_terminal_punctution_mark,120,0.3500899608421918,0.08141491569232906,117
a3,github,rps_doc_frac_chars_top_2gram,rps_lines_numerical_chars_fraction,120,0.3534155453140862,0.002739300006001604,96
a3,github,rps_doc_frac_chars_top_2gram,rps_doc_mean_word_length,120,0.42867091307336325,-0.18189172032281184,118
a3,github,rps_doc_frac_chars_top_3gram,rps_lines_uppercase_letter_fraction,120,0.30999825686536603,-0.10521000004884776,90
a3,github,rps_doc_frac_chars_top_3gram,rps_lines_ending_with_terminal_punctution_mark,120,0.3300775344053035,0.0947938838175996,167
a3,github,rps_doc_frac_chars_top_3gram,rps_lines_numerical_chars_fraction,120,0.31632310552404463,0.0252453850630941,135
a3,github,rps_doc_frac_chars_top_3gram,rps_doc_mean_word_length,120,0.41333634363609945,-0.09686268309686254,156
a3,github,rps_lines_uppercase_letter_fraction,rps_lines_ending_with_terminal_punctution_mark,120,0.3151835132965336,-0.7900633140383188,125
a3,github,rps_lines_uppercase_letter_fraction,rps_lines_numerical_chars_fraction,120,0.25264264730205443,0.027483618080570264,143
a3,github,rps_lines_uppercase_letter_fraction,rps_doc_mean_word_length,120,0.3583748491334219,-0.0032780054170428495,142
a3,github,rps_lines_ending_with_terminal_punctution_mark,rps_lines_numerical_chars_fraction,120,0.37587337942680343,-0.14650892300796098,155
a3,github,rps_lines_ending_with_terminal_punctution_mark,rps_doc_mean_word_length,120,0.18351515410676428,0.25128290231835465,181
a3,github,rps_lines_numerical_chars_fraction,rps_doc_mean_word_length,120,0.4821839119964457,-0.11195987713476936,126
