N_params_B,D_tokens_B,val_loss,step,interpolated,trajectory,dataset,source_role,stratum,source_row,observed_val_loss,predicted_val_loss,residual_pred_minus_obs,abs_error
0.070542,0.134,4.7385,0,1,pythia_0.070542B_trajectory,B3,interpolated Pythia trajectories,pythia_0.070542B_trajectory,1,4.7385,4.738596534344956,9.653434495593416e-05,9.653434495593416e-05
0.070542,0.136,4.7325,0,1,pythia_0.070542B_trajectory,B3,interpolated Pythia trajectories,pythia_0.070542B_trajectory,2,4.7325,4.729588997778288,-0.0029110022217118114,0.0029110022217118114
0.070542,0.138,4.7206,0,1,pythia_0.070542B_trajectory,B3,interpolated Pythia trajectories,pythia_0.070542B_trajectory,3,4.7206,4.720749423001251,0.00014942300125131425,0.00014942300125131425
0.070542,0.14,4.7148,0,1,pythia_0.070542B_trajectory,B3,interpolated Pythia trajectories,pythia_0.070542B_trajectory,4,4.7148,4.712072311039855,-0.0027276889601450804,0.0027276889601450804
0.070542,0.143,4.7028,0,1,pythia_0.070542B_trajectory,B3,interpolated Pythia trajectories,pythia_0.070542B_trajectory,5,4.7028,4.6993498564599125,-0.003450143540087325,0.003450143540087325
0.070542,0.145,4.6893,0,1,pythia_0.070542B_trajectory,B3,interpolated Pythia trajectories,pythia_0.070542B_trajectory,6,4.6893,4.691056481901482,0.001756481901481699,0.001756481901481699
0.070542,0.147,4.6888,0,1,pythia_0.070542B_trajectory,B3,interpolated Pythia trajectories,pythia_0.070542B_trajectory,7,4.6888,4.682908237113979,-0.005891762886020224,0.005891762886020224
0.070542,0.149,4.6782,0,1,pythia_0.070542B_trajectory,B3,interpolated Pythia trajectories,pythia_0.070542B_trajectory,8,4.6782,4.674900659047801,-0.0032993409521990813,0.0032993409521990813
0.070542,0.152,4.6683,0,1,pythia_0.070542B_trajectory,B3,interpolated Pythia trajectories,pythia_0.070542B_trajectory,9,4.6683,4.663143755864851,-0.005156244135148924,0.005156244135148924
0.070542,0.154,4.6623,0,1,pythia_0.070542B_trajectory,B3,interpolated Pythia trajectories,pythia_0.070542B_trajectory,10,4.6623,4.655469570515924,-0.006830429484075751,0.006830429484075751
0.070542,0.156,4.6557,0,1,pythia_0.070542B_trajectory,B3,interpolated Pythia trajectories,pythia_0.070542B_trajectory,11,4.6557,4.6479218954,-0.007778104600000724,0.007778104600000724
0.070542,0.159,4.6424,0,1,pythia_0.070542B_trajectory,B3,interpolated Pythia trajectories,pythia_0.070542B_trajectory,12,4.6424,4.636829607582969,-0.005570392417030945,0.005570392417030945
0.070542,0.161,4.6357,0,1,pythia_0.070542B_trajectory,B3,interpolated Pythia trajectories,pythia_0.070542B_trajectory,13,4.6357,4.629582489571671,-0.006117510428328643,0.006117510428328643
0.070542,0.164,4.6249,0,1,pythia_0.070542B_trajectory,B3,interpolated Pythia trajectories,pythia_0.070542B_trajectory,14,4.6249,4.618925159173431,-0.005974840826569405,0.005974840826569405
0.070542,0.166,4.6204,0,1,pythia_0.070542B_trajectory,B3,interpolated Pythia trajectories,pythia_0.070542B_trajectory,15,4.6204,4.611957921934264,-0.008442078065735714,0.008442078065735714
0.070542,0.169,4.6124,0,1,pythia_0.070542B_trajectory,B3,interpolated Pythia trajectories,pythia_0.070542B_trajectory,16,4.6124,4.601706070013228,-0.010693929986771877,0.010693929986771877
0.070542,0.172,4.6031,0,1,pythia_0.070542B_trajectory,B3,interpolated Pythia trajectories,pythia_0.070542B_trajectory,17,4.6031,4.591684531007547,-0.01141546899245327,0.01141546899245327
0.070542,0.174,4.5913,0,1,pythia_0.070542B_trajectory,B3,interpolated Pythia trajectories,pythia_0.070542B_trajectory,18,4.5913,4.585126962439497,-0.00617303756050358,0.00617303756050358
0.070542,0.177,4.5817,0,1,pythia_0.070542B_trajectory,B3,interpolated Pythia trajectories,pythia_0.070542B_trajectory,19,4.5817,4.575469399909627,-0.006230600090372462,0.006230600090372462
0.070542,0.18,4.573,0,1,pythia_0.070542B_trajectory,B3,interpolated Pythia trajectories,pythia_0.070542B_trajectory,20,4.573,4.566019097546556,-0.00698090245344396,0.00698090245344396
0.070542,0.183,4.5675,0,1,pythia_0.070542B_trajectory,B3,interpolated Pythia trajectories,pythia_0.070542B_trajectory,21,4.5675,4.556768262570282,-0.010731737429718002,0.010731737429718002
0.070542,0.185,4.5565,0,1,pythia_0.070542B_trajectory,B3,interpolated Pythia trajectories,pythia_0.070542B_trajectory,22,4.5565,4.550708194770044,-0.005791805229955926,0.005791805229955926
0.070542,0.188,4.5478,0,1,pythia_0.070542B_trajectory,B3,interpolated Pythia trajectories,pythia_0.070542B_trajectory,23,4.5478,4.541773601554432,-0.006026398445567516,0.006026398445567516
0.070542,0.191,4.5431,0,1,pythia_0.070542B_trajectory,B3,interpolated Pythia trajectories,pythia_0.070542B_trajectory,24,4.5431,4.533019646436824,-0.010080353563175493,0.010080353563175493
0.070542,0.194,4.5327,0,1,pythia_0.070542B_trajectory,B3,interpolated Pythia trajectories,pythia_0.070542B_trajectory,25,4.5327,4.524439924899303,-0.00826007510069715,0.00826007510069715
0.070542,0.197,4.5253,0,1,pythia_0.070542B_trajectory,B3,interpolated Pythia trajectories,pythia_0.070542B_trajectory,26,4.5253,4.516028354096407,-0.009271645903592862,0.009271645903592862
0.070542,0.2,4.5174,0,1,pythia_0.070542B_trajectory,B3,interpolated Pythia trajectories,pythia_0.070542B_trajectory,27,4.5174,4.507779152090661,-0.009620847909339147,0.009620847909339147
0.070542,0.203,4.5103,0,1,pythia_0.070542B_trajectory,B3,interpolated Pythia trajectories,pythia_0.070542B_trajectory,28,4.5103,4.499686818717121,-0.010613181282878692,0.010613181282878692
0.070542,0.207,4.4993,0,1,pythia_0.070542B_trajectory,B3,interpolated Pythia trajectories,pythia_0.070542B_trajectory,29,4.4993,4.489132044785453,-0.010167955214546609,0.010167955214546609
0.070542,0.21,4.4892,0,1,pythia_0.070542B_trajectory,B3,interpolated Pythia trajectories,pythia_0.070542B_trajectory,30,4.4892,4.481385801919566,-0.007814198080434487,0.007814198080434487
0.070542,0.213,4.4785,0,1,pythia_0.070542B_trajectory,B3,interpolated Pythia trajectories,pythia_0.070542B_trajectory,31,4.4785,4.473779911965824,-0.004720088034176229,0.004720088034176229
0.070542,0.216,4.4762,0,1,pythia_0.070542B_trajectory,B3,interpolated Pythia trajectories,pythia_0.070542B_trajectory,32,4.4762,4.4663099081419935,-0.009890091858006933,0.009890091858006933
0.070542,0.22,4.4628,0,1,pythia_0.070542B_trajectory,B3,interpolated Pythia trajectories,pythia_0.070542B_trajectory,33,4.4628,4.45655393729081,-0.006246062709189815,0.006246062709189815
0.070542,0.223,4.4602,0,1,pythia_0.070542B_trajectory,B3,interpolated Pythia trajectories,pythia_0.070542B_trajectory,34,4.4602,4.449384741424727,-0.010815258575273212,0.010815258575273212
0.070542,0.227,4.4468,0,1,pythia_0.070542B_trajectory,B3,interpolated Pythia trajectories,pythia_0.070542B_trajectory,35,4.4468,4.440015557458776,-0.00678444254122379,0.00678444254122379
0.070542,0.23,4.4381,0,1,pythia_0.070542B_trajectory,B3,interpolated Pythia trajectories,pythia_0.070542B_trajectory,36,4.4381,4.433126250404344,-0.004973749595656329,0.004973749595656329
0.070542,0.234,4.4321,0,1,pythia_0.070542B_trajectory,B3,interpolated Pythia trajectories,pythia_0.070542B_trajectory,37,4.4321,4.424117358028938,-0.007982641971062243,0.007982641971062243
0.070542,0.237,4.4191,0,1,pythia_0.070542B_trajectory,B3,interpolated Pythia trajectories,pythia_0.070542B_trajectory,38,4.4191,4.417489051557849,-0.001610948442150928,0.001610948442150928
0.070542,0.241,4.4169,0,1,pythia_0.070542B_trajectory,B3,interpolated Pythia trajectories,pythia_0.070542B_trajectory,39,4.4169,4.408816490354201,-0.008083509645799403,0.008083509645799403
0.070542,0.245,4.4045,0,1,pythia_0.070542B_trajectory,B3,interpolated Pythia trajectories,pythia_0.070542B_trajectory,40,4.4045,4.40032622914258,-0.004173770857419434,0.004173770857419434
0.070542,0.249,4.3966,0,1,pythia_0.070542B_trajectory,B3,interpolated Pythia trajectories,pythia_0.070542B_trajectory,41,4.3966,4.392011552073303,-0.0045884479266975475,0.0045884479266975475
0.070542,0.253,4.3846,0,1,pythia_0.070542B_trajectory,B3,interpolated Pythia trajectories,pythia_0.070542B_trajectory,42,4.3846,4.383866093569529,-0.0007339064304705545,0.0007339064304705545
0.070542,0.256,4.3778,0,1,pythia_0.070542B_trajectory,B3,interpolated Pythia trajectories,pythia_0.070542B_trajectory,43,4.3778,4.37786440500885,6.440500885052103e-05,6.440500885052103e-05
0.070542,0.26,4.3706,0,1,pythia_0.070542B_trajectory,B3,interpolated Pythia trajectories,pythia_0.070542B_trajectory,44,4.3706,4.370000732592118,-0.0005992674078818538,0.0005992674078818538
0.070542,0.265,4.3621,0,1,pythia_0.070542B_trajectory,B3,interpolated Pythia trajectories,pythia_0.070542B_trajectory,45,4.3621,4.360386148172801,-0.0017138518271986314,0.0017138518271986314
0.070542,0.269,4.352,0,1,pythia_0.070542B_trajectory,B3,interpolated Pythia trajectories,pythia_0.070542B_trajectory,46,4.352,4.3528601311531006,0.0008601311531002409,0.0008601311531002409
0.070542,0.273,4.3475,0,1,pythia_0.070542B_trajectory,B3,interpolated Pythia trajectories,pythia_0.070542B_trajectory,47,4.3475,4.345476000742676,-0.002023999257324327,0.002023999257324327
0.070542,0.277,4.3394,0,1,pythia_0.070542B_trajectory,B3,interpolated Pythia trajectories,pythia_0.070542B_trajectory,48,4.3394,4.338229061076993,-0.0011709389230070144,0.0011709389230070144
0.070542,0.281,4.3319,0,1,pythia_0.070542B_trajectory,B3,interpolated Pythia trajectories,pythia_0.070542B_trajectory,49,4.3319,4.331114836676501,-0.000785163323499205,0.000785163323499205
0.070542,0.286,4.3262,0,1,pythia_0.070542B_trajectory,B3,interpolated Pythia trajectories,pythia_0.070542B_trajectory,50,4.3262,4.322402203085535,-0.0037977969144646906,0.0037977969144646906
0.070542,0.29,4.318,0,1,pythia_0.070542B_trajectory,B3,interpolated Pythia trajectories,pythia_0.070542B_trajectory,51,4.318,4.315571277279291,-0.002428722720708265,0.002428722720708265
0.070542,0.295,4.3098,0,1,pythia_0.070542B_trajectory,B3,interpolated Pythia trajectories,pythia_0.070542B_trajectory,52,4.3098,4.307200285491133,-0.0025997145088672013,0.0025997145088672013
0.070542,0.299,4.3032,0,1,pythia_0.070542B_trajectory,B3,interpolated Pythia trajectories,pythia_0.070542B_trajectory,53,4.3032,4.300633169028901,-0.002566830971099776,0.002566830971099776
0.070542,0.304,4.2945,0,1,pythia_0.070542B_trajectory,B3,interpolated Pythia trajectories,pythia_0.070542B_trajectory,54,4.2945,4.292580664801479,-0.001919335198521388,0.001919335198521388
0.070542,0.309,4.2916,0,1,pythia_0.070542B_trajectory,B3,interpolated Pythia trajectories,pythia_0.070542B_trajectory,55,4.2916,4.284695911416794,-0.006904088583206125,0.006904088583206125
0.070542,0.314,4.2826,0,1,pythia_0.070542B_trajectory,B3,interpolated Pythia trajectories,pythia_0.070542B_trajectory,56,4.2826,4.276972783450082,-0.005627216549918046,0.005627216549918046
0.070542,0.318,4.2751,0,1,pythia_0.070542B_trajectory,B3,interpolated Pythia trajectories,pythia_0.070542B_trajectory,57,4.2751,4.270906737824997,-0.004193262175003376,0.004193262175003376
0.070542,0.323,4.2681,0,1,pythia_0.070542B_trajectory,B3,interpolated Pythia trajectories,pythia_0.070542B_trajectory,58,4.2681,4.263460096999744,-0.004639903000255963,0.004639903000255963
0.070542,0.328,4.2611,0,1,pythia_0.070542B_trajectory,B3,interpolated Pythia trajectories,pythia_0.070542B_trajectory,59,4.2611,4.256159549231789,-0.004940450768210702,0.004940450768210702
0.070542,0.334,4.2514,0,1,pythia_0.070542B_trajectory,B3,interpolated Pythia trajectories,pythia_0.070542B_trajectory,60,4.2514,4.247584672021061,-0.0038153279789394645,0.0038153279789394645
0.070542,0.339,4.249,0,1,pythia_0.070542B_trajectory,B3,interpolated Pythia trajectories,pythia_0.070542B_trajectory,61,4.249,4.2405881728359045,-0.008411827164095165,0.008411827164095165
0.070542,0.344,4.2394,0,1,pythia_0.070542B_trajectory,B3,interpolated Pythia trajectories,pythia_0.070542B_trajectory,62,4.2394,4.233722517284707,-0.005677482715293003,0.005677482715293003
0.070542,0.349,4.2332,0,1,pythia_0.070542B_trajectory,B3,interpolated Pythia trajectories,pythia_0.070542B_trajectory,63,4.2332,4.226983409281878,-0.006216590718121751,0.006216590718121751
0.070542,0.355,4.2291,0,1,pythia_0.070542B_trajectory,B3,interpolated Pythia trajectories,pythia_0.070542B_trajectory,64,4.2291,4.219057768589289,-0.010042231410710478,0.010042231410710478
0.070542,0.36,4.2221,0,1,pythia_0.070542B_trajectory,B3,interpolated Pythia trajectories,pythia_0.070542B_trajectory,65,4.2221,4.212582911142247,-0.009517088857752931,0.009517088857752931
0.070542,0.366,4.2122,0,1,pythia_0.070542B_trajectory,B3,interpolated Pythia trajectories,pythia_0.070542B_trajectory,66,4.2122,4.204963362920528,-0.00723663707947253,0.00723663707947253
0.070542,0.372,4.206,0,1,pythia_0.070542B_trajectory,B3,interpolated Pythia trajectories,pythia_0.070542B_trajectory,67,4.206,4.197502031078594,-0.008497968921406418,0.008497968921406418
0.070542,0.377,4.1995,0,1,pythia_0.070542B_trajectory,B3,interpolated Pythia trajectories,pythia_0.070542B_trajectory,68,4.1995,4.191400950505251,-0.008099049494748378,0.008099049494748378
0.070542,0.383,4.1915,0,1,pythia_0.070542B_trajectory,B3,interpolated Pythia trajectories,pythia_0.070542B_trajectory,69,4.1915,4.184214939817687,-0.007285060182312897,0.007285060182312897
0.070542,0.389,4.1858,0,1,pythia_0.070542B_trajectory,B3,interpolated Pythia trajectories,pythia_0.070542B_trajectory,70,4.1858,4.177171585510845,-0.008628414489155745,0.008628414489155745
0.070542,0.395,4.179,0,1,pythia_0.070542B_trajectory,B3,interpolated Pythia trajectories,pythia_0.070542B_trajectory,71,4.179,4.170265919842139,-0.008734080157861257,0.008734080157861257
0.070542,0.402,4.1698,0,1,pythia_0.070542B_trajectory,B3,interpolated Pythia trajectories,pythia_0.070542B_trajectory,72,4.1698,4.162377045471741,-0.00742295452825914,0.00742295452825914
0.070542,0.408,4.164,0,1,pythia_0.070542B_trajectory,B3,interpolated Pythia trajectories,pythia_0.070542B_trajectory,73,4.164,4.155753809474435,-0.008246190525564856,0.008246190525564856
0.070542,0.414,4.1563,0,1,pythia_0.070542B_trajectory,B3,interpolated Pythia trajectories,pythia_0.070542B_trajectory,74,4.1563,4.149254075675873,-0.007045924324127206,0.007045924324127206
0.070542,0.421,4.1503,0,1,pythia_0.070542B_trajectory,B3,interpolated Pythia trajectories,pythia_0.070542B_trajectory,75,4.1503,4.141821762201035,-0.008478237798964727,0.008478237798964727
0.070542,0.427,4.1425,0,1,pythia_0.070542B_trajectory,B3,interpolated Pythia trajectories,pythia_0.070542B_trajectory,76,4.1425,4.135575995263131,-0.006924004736869271,0.006924004736869271
0.070542,0.434,4.1329,0,1,pythia_0.070542B_trajectory,B3,interpolated Pythia trajectories,pythia_0.070542B_trajectory,77,4.1329,4.128429725382302,-0.004470274617697889,0.004470274617697889
0.070542,0.441,4.1278,0,1,pythia_0.070542B_trajectory,B3,interpolated Pythia trajectories,pythia_0.070542B_trajectory,78,4.1278,4.121429475387622,-0.00637052461237797,0.00637052461237797
0.070542,0.447,4.1219,0,1,pythia_0.070542B_trajectory,B3,interpolated Pythia trajectories,pythia_0.070542B_trajectory,79,4.1219,4.11554150824959,-0.0063584917504098115,0.0063584917504098115
0.070542,0.454,4.1118,0,1,pythia_0.070542B_trajectory,B3,interpolated Pythia trajectories,pythia_0.070542B_trajectory,80,4.1118,4.10879876060141,-0.0030012393985900943,0.0030012393985900943
0.070542,0.461,4.1049,0,1,pythia_0.070542B_trajectory,B3,interpolated Pythia trajectories,pythia_0.070542B_trajectory,81,4.1049,4.102187777193173,-0.002712222806827036,0.002712222806827036
0.070542,0.469,4.1007,0,1,pythia_0.070542B_trajectory,B3,interpolated Pythia trajectories,pythia_0.070542B_trajectory,82,4.1007,4.094787926300792,-0.005912073699207987,0.005912073699207987
0.070542,0.476,4.0913,0,1,pythia_0.070542B_trajectory,B3,interpolated Pythia trajectories,pythia_0.070542B_trajectory,83,4.0913,4.088444362856104,-0.002855637143896139,0.002855637143896139
0.070542,0.483,4.0887,0,1,pythia_0.070542B_trajectory,B3,interpolated Pythia trajectories,pythia_0.070542B_trajectory,84,4.0887,4.082219086610245,-0.006480913389755649,0.006480913389755649
0.070542,0.491,4.077,0,1,pythia_0.070542B_trajectory,B3,interpolated Pythia trajectories,pythia_0.070542B_trajectory,85,4.077,4.075244367140462,-0.0017556328595382809,0.0017556328595382809
0.070542,0.499,4.0708,0,1,pythia_0.070542B_trajectory,B3,interpolated Pythia trajectories,pythia_0.070542B_trajectory,86,4.0708,4.068413598659843,-0.002386401340157107,0.002386401340157107
0.070542,0.506,4.0651,0,1,pythia_0.070542B_trajectory,B3,interpolated Pythia trajectories,pythia_0.070542B_trajectory,87,4.0651,4.062550659881309,-0.0025493401186915676,0.0025493401186915676
0.070542,0.514,4.055,0,1,pythia_0.070542B_trajectory,B3,interpolated Pythia trajectories,pythia_0.070542B_trajectory,88,4.055,4.055975971467416,0.0009759714674162367,0.0009759714674162367
0.070542,0.522,4.0514,0,1,pythia_0.070542B_trajectory,B3,interpolated Pythia trajectories,pythia_0.070542B_trajectory,89,4.0514,4.049530965346256,-0.001869034653743995,0.001869034653743995
0.070542,0.53,4.0444,0,1,pythia_0.070542B_trajectory,B3,interpolated Pythia trajectories,pythia_0.070542B_trajectory,90,4.0444,4.043211154133717,-0.0011888458662836499,0.0011888458662836499
0.070542,0.539,4.0371,0,1,pythia_0.070542B_trajectory,B3,interpolated Pythia trajectories,pythia_0.070542B_trajectory,91,4.0371,4.036245708335779,-0.0008542916642211296,0.0008542916642211296
0.070542,0.547,4.0314,0,1,pythia_0.070542B_trajectory,B3,interpolated Pythia trajectories,pythia_0.070542B_trajectory,92,4.0314,4.030178023617408,-0.001221976382591805,0.001221976382591805
0.070542,0.556,4.0241,0,1,pythia_0.070542B_trajectory,B3,interpolated Pythia trajectories,pythia_0.070542B_trajectory,93,4.0241,4.023486200201953,-0.0006137997980468768,0.0006137997980468768
0.070542,0.564,4.0213,0,1,pythia_0.070542B_trajectory,B3,interpolated Pythia trajectories,pythia_0.070542B_trajectory,94,4.0213,4.017653266233635,-0.003646733766364818,0.003646733766364818
0.070542,0.573,4.011,0,1,pythia_0.070542B_trajectory,B3,interpolated Pythia trajectories,pythia_0.070542B_trajectory,95,4.011,4.011216488517039,0.00021648851703925942,0.00021648851703925942
0.070542,0.582,4.0087,0,1,pythia_0.070542B_trajectory,B3,interpolated Pythia trajectories,pythia_0.070542B_trajectory,96,4.0087,4.004907824642784,-0.003792175357216543,0.003792175357216543
0.070542,0.591,4.0009,0,1,pythia_0.070542B_trajectory,B3,interpolated Pythia trajectories,pythia_0.070542B_trajectory,97,4.0009,3.9987228018984085,-0.0021771981015912267,0.0021771981015912267
0.070542,0.6,3.9959,0,1,pythia_0.070542B_trajectory,B3,interpolated Pythia trajectories,pythia_0.070542B_trajectory,98,3.9959,3.9926571688289085,-0.003242831171091254,0.003242831171091254
0.070542,0.61,3.9911,0,1,pythia_0.070542B_trajectory,B3,interpolated Pythia trajectories,pythia_0.070542B_trajectory,99,3.9911,3.9860526891378663,-0.005047310862133614,0.005047310862133614
0.070542,0.619,3.9808,0,1,pythia_0.070542B_trajectory,B3,interpolated Pythia trajectories,pythia_0.070542B_trajectory,100,3.9808,3.9802260555576385,-0.0005739444423613627,0.0005739444423613627
0.070542,0.629,3.9812,0,1,pythia_0.070542B_trajectory,B3,interpolated Pythia trajectories,pythia_0.070542B_trajectory,101,3.9812,3.9738778645541455,-0.007322135445854361,0.007322135445854361
0.070542,0.638,3.9734,0,1,pythia_0.070542B_trajectory,B3,interpolated Pythia trajectories,pythia_0.070542B_trajectory,102,3.9734,3.968273956603821,-0.0051260433961788365,0.0051260433961788365
0.070542,0.648,3.966,0,1,pythia_0.070542B_trajectory,B3,interpolated Pythia trajectories,pythia_0.070542B_trajectory,103,3.966,3.962164859719861,-0.0038351402801390932,0.0038351402801390932
0.070542,0.659,3.9602,0,1,pythia_0.070542B_trajectory,B3,interpolated Pythia trajectories,pythia_0.070542B_trajectory,104,3.9602,3.9555826997603,-0.004617300239699862,0.004617300239699862
0.070542,0.669,3.9581,0,1,pythia_0.070542B_trajectory,B3,interpolated Pythia trajectories,pythia_0.070542B_trajectory,105,3.9581,3.9497197952305276,-0.008380204769472321,0.008380204769472321
0.070542,0.679,3.9541,0,1,pythia_0.070542B_trajectory,B3,interpolated Pythia trajectories,pythia_0.070542B_trajectory,106,3.9541,3.9439679957834066,-0.010132004216593327,0.010132004216593327
0.070542,0.69,3.9465,0,1,pythia_0.070542B_trajectory,B3,interpolated Pythia trajectories,pythia_0.070542B_trajectory,107,3.9465,3.9377649369636663,-0.008735063036333646,0.008735063036333646
0.070542,0.701,3.9388,0,1,pythia_0.070542B_trajectory,B3,interpolated Pythia trajectories,pythia_0.070542B_trajectory,108,3.9388,3.9316871705844303,-0.007112829415569788,0.007112829415569788
0.070542,0.711,3.9303,0,1,pythia_0.070542B_trajectory,B3,interpolated Pythia trajectories,pythia_0.070542B_trajectory,109,3.9303,3.9262669144432367,-0.004033085556763183,0.004033085556763183
0.070542,0.723,3.9258,0,1,pythia_0.070542B_trajectory,B3,interpolated Pythia trajectories,pythia_0.070542B_trajectory,110,3.9258,3.91988998562061,-0.005910014379390205,0.005910014379390205
0.070542,0.734,3.9187,0,1,pythia_0.070542B_trajectory,B3,interpolated Pythia trajectories,pythia_0.070542B_trajectory,111,3.9187,3.9141623446564973,-0.004537655343502589,0.004537655343502589
0.070542,0.745,3.9162,0,1,pythia_0.070542B_trajectory,B3,interpolated Pythia trajectories,pythia_0.070542B_trajectory,112,3.9162,3.908543523774746,-0.007656476225253783,0.007656476225253783
0.070542,0.757,3.9103,0,1,pythia_0.070542B_trajectory,B3,interpolated Pythia trajectories,pythia_0.070542B_trajectory,113,3.9103,3.902533750160414,-0.00776624983958607,0.00776624983958607
0.070542,0.769,3.9052,0,1,pythia_0.070542B_trajectory,B3,interpolated Pythia trajectories,pythia_0.070542B_trajectory,114,3.9052,3.896644686599646,-0.008555313400353981,0.008555313400353981
0.070542,0.781,3.8995,0,1,pythia_0.070542B_trajectory,B3,interpolated Pythia trajectories,pythia_0.070542B_trajectory,115,3.8995,3.890872080875796,-0.00862791912420402,0.00862791912420402
0.070542,0.793,3.8902,0,1,pythia_0.070542B_trajectory,B3,interpolated Pythia trajectories,pythia_0.070542B_trajectory,116,3.8902,3.8852118929893322,-0.004988107010667875,0.004988107010667875
0.070542,0.805,3.8832,0,1,pythia_0.070542B_trajectory,B3,interpolated Pythia trajectories,pythia_0.070542B_trajectory,117,3.8832,3.879660281544442,-0.0035397184555581163,0.0035397184555581163
0.070542,0.818,3.8807,0,1,pythia_0.070542B_trajectory,B3,interpolated Pythia trajectories,pythia_0.070542B_trajectory,118,3.8807,3.8737643260386587,-0.006935673961341315,0.006935673961341315
0.070542,0.83,3.8726,0,1,pythia_0.070542B_trajectory,B3,interpolated Pythia trajectories,pythia_0.070542B_trajectory,119,3.8726,3.8684273773437607,-0.004172622656239078,0.004172622656239078
0.070542,0.843,3.8715,0,1,pythia_0.070542B_trajectory,B3,interpolated Pythia trajectories,pythia_0.070542B_trajectory,120,3.8715,3.8627560083251113,-0.008743991674888818,0.008743991674888818
0.070542,0.856,3.8656,0,1,pythia_0.070542B_trajectory,B3,interpolated Pythia trajectories,pythia_0.070542B_trajectory,121,3.8656,3.8571954856668142,-0.008404514333185897,0.008404514333185897
0.070542,0.87,3.8569,0,1,pythia_0.070542B_trajectory,B3,interpolated Pythia trajectories,pythia_0.070542B_trajectory,122,3.8569,3.851326838833108,-0.005573161166891882,0.005573161166891882
0.070542,0.883,3.8486,0,1,pythia_0.070542B_trajectory,B3,interpolated Pythia trajectories,pythia_0.070542B_trajectory,123,3.8486,3.8459846013147243,-0.002615398685275494,0.002615398685275494
0.070542,0.897,3.8477,0,1,pythia_0.070542B_trajectory,B3,interpolated Pythia trajectories,pythia_0.070542B_trajectory,124,3.8477,3.840342857190251,-0.007357142809749195,0.007357142809749195
0.070542,0.911,3.8391,0,1,pythia_0.070542B_trajectory,B3,interpolated Pythia trajectories,pythia_0.070542B_trajectory,125,3.8391,3.834812700619461,-0.004287299380539178,0.004287299380539178
0.070542,0.925,3.8333,0,1,pythia_0.070542B_trajectory,B3,interpolated Pythia trajectories,pythia_0.070542B_trajectory,126,3.8333,3.8293902598548026,-0.0039097401451972935,0.0039097401451972935
0.070542,0.94,3.8253,0,1,pythia_0.070542B_trajectory,B3,interpolated Pythia trajectories,pythia_0.070542B_trajectory,127,3.8253,3.8236958546513513,-0.0016041453486486112,0.0016041453486486112
0.070542,0.954,3.821,0,1,pythia_0.070542B_trajectory,B3,interpolated Pythia trajectories,pythia_0.070542B_trajectory,128,3.821,3.8184850309395397,-0.002514969060460448,0.002514969060460448
0.070542,0.969,3.8168,0,1,pythia_0.070542B_trajectory,B3,interpolated Pythia trajectories,pythia_0.070542B_trajectory,129,3.8168,3.813009520603524,-0.003790479396476254,0.003790479396476254
0.070542,0.984,3.8126,0,1,pythia_0.070542B_trajectory,B3,interpolated Pythia trajectories,pythia_0.070542B_trajectory,130,3.8126,3.807641432401063,-0.0049585675989374245,0.0049585675989374245
0.070542,1.0,3.8047,0,1,pythia_0.070542B_trajectory,B3,interpolated Pythia trajectories,pythia_0.070542B_trajectory,131,3.8047,3.8020297121372524,-0.002670287862747589,0.002670287862747589
0.070542,1.015,3.7982,0,1,pythia_0.070542B_trajectory,B3,interpolated Pythia trajectories,pythia_0.070542B_trajectory,132,3.7982,3.796872115797016,-0.0013278842029840199,0.0013278842029840199
0.070542,1.031,3.794,0,1,pythia_0.070542B_trajectory,B3,interpolated Pythia trajectories,pythia_0.070542B_trajectory,133,3.794,3.791477121972518,-0.0025228780274821894,0.0025228780274821894
0.070542,1.047,3.7857,0,1,pythia_0.070542B_trajectory,B3,interpolated Pythia trajectories,pythia_0.070542B_trajectory,134,3.7857,3.7861882349648424,0.0004882349648425155,0.0004882349648425155
0.070542,1.063,3.7795,0,1,pythia_0.070542B_trajectory,B3,interpolated Pythia trajectories,pythia_0.070542B_trajectory,135,3.7795,3.7810017935892763,0.001501793589276268,0.001501793589276268
0.070542,1.08,3.7757,0,1,pythia_0.070542B_trajectory,B3,interpolated Pythia trajectories,pythia_0.070542B_trajectory,136,3.7757,3.775599557699797,-0.00010044230020289646,0.00010044230020289646
0.070542,1.097,3.7695,0,1,pythia_0.070542B_trajectory,B3,interpolated Pythia trajectories,pythia_0.070542B_trajectory,137,3.7695,3.7703050747413305,0.0008050747413306247,0.0008050747413306247
0.070542,1.114,3.7663,0,1,pythia_0.070542B_trajectory,B3,interpolated Pythia trajectories,pythia_0.070542B_trajectory,138,3.7663,3.7651145749181394,-0.0011854250818608136,0.0011854250818608136
0.070542,1.131,3.7597,0,1,pythia_0.070542B_trajectory,B3,interpolated Pythia trajectories,pythia_0.070542B_trajectory,139,3.7597,3.7600244753067225,0.000324475306722416,0.000324475306722416
0.070542,1.149,3.7609,0,1,pythia_0.070542B_trajectory,B3,interpolated Pythia trajectories,pythia_0.070542B_trajectory,140,3.7609,3.7547406061477533,-0.00615939385224662,0.00615939385224662
0.070542,1.167,3.7492,0,1,pythia_0.070542B_trajectory,B3,interpolated Pythia trajectories,pythia_0.070542B_trajectory,141,3.7492,3.749561632136203,0.0003616321362027719,0.0003616321362027719
0.070542,1.185,3.7488,0,1,pythia_0.070542B_trajectory,B3,interpolated Pythia trajectories,pythia_0.070542B_trajectory,142,3.7488,3.7444839004940595,-0.004316099505940585,0.004316099505940585
0.070542,1.203,3.7417,0,1,pythia_0.070542B_trajectory,B3,interpolated Pythia trajectories,pythia_0.070542B_trajectory,143,3.7417,3.7395039386868953,-0.002196061313104458,0.002196061313104458
0.070542,1.222,3.7377,0,1,pythia_0.070542B_trajectory,B3,interpolated Pythia trajectories,pythia_0.070542B_trajectory,144,3.7377,3.734349732487,-0.003350267512999938,0.003350267512999938
0.070542,1.241,3.7357,0,1,pythia_0.070542B_trajectory,B3,interpolated Pythia trajectories,pythia_0.070542B_trajectory,145,3.7357,3.7292970873348503,-0.006402912665149696,0.006402912665149696
0.070542,1.26,3.7248,0,1,pythia_0.070542B_trajectory,B3,interpolated Pythia trajectories,pythia_0.070542B_trajectory,146,3.7248,3.7243424924288906,-0.0004575075711095167,0.0004575075711095167
0.070542,1.28,3.7235,0,1,pythia_0.070542B_trajectory,B3,interpolated Pythia trajectories,pythia_0.070542B_trajectory,147,3.7235,3.719229388279754,-0.004270611720246009,0.004270611720246009
0.070542,1.3,3.7213,0,1,pythia_0.070542B_trajectory,B3,interpolated Pythia trajectories,pythia_0.070542B_trajectory,148,3.7213,3.714217527521523,-0.00708247247847682,0.00708247247847682
0.070542,1.32,3.7114,0,1,pythia_0.070542B_trajectory,B3,interpolated Pythia trajectories,pythia_0.070542B_trajectory,149,3.7114,3.7093033934945394,-0.0020966065054603966,0.0020966065054603966
0.070542,1.341,3.7094,0,1,pythia_0.070542B_trajectory,B3,interpolated Pythia trajectories,pythia_0.070542B_trajectory,150,3.7094,3.70424507491633,-0.005154925083670214,0.005154925083670214
0.070542,1.362,3.7017,0,1,pythia_0.070542B_trajectory,B3,interpolated Pythia trajectories,pythia_0.070542B_trajectory,151,3.7017,3.699287136792665,-0.0024128632073350254,0.0024128632073350254
0.070542,1.383,3.6971,0,1,pythia_0.070542B_trajectory,B3,interpolated Pythia trajectories,pythia_0.070542B_trajectory,152,3.6971,3.6944260848321258,-0.0026739151678740747,0.0026739151678740747
0.070542,1.404,3.6939,0,1,pythia_0.070542B_trajectory,B3,interpolated Pythia trajectories,pythia_0.070542B_trajectory,153,3.6939,3.6896585971047315,-0.004241402895268642,0.004241402895268642
0.070542,1.426,3.6896,0,1,pythia_0.070542B_trajectory,B3,interpolated Pythia trajectories,pythia_0.070542B_trajectory,154,3.6896,3.6847609979749603,-0.004839002025039729,0.004839002025039729
0.070542,1.449,3.6852,0,1,pythia_0.070542B_trajectory,B3,interpolated Pythia trajectories,pythia_0.070542B_trajectory,155,3.6852,3.679743119150106,-0.005456880849894041,0.005456880849894041
0.070542,1.471,3.6756,0,1,pythia_0.070542B_trajectory,B3,interpolated Pythia trajectories,pythia_0.070542B_trajectory,156,3.6756,3.675037890801086,-0.0005621091989143068,0.0005621091989143068
0.070542,1.494,3.6792,0,1,pythia_0.070542B_trajectory,B3,interpolated Pythia trajectories,pythia_0.070542B_trajectory,157,3.6792,3.670214129306904,-0.008985870693095865,0.008985870693095865
0.070542,1.517,3.6676,0,1,pythia_0.070542B_trajectory,B3,interpolated Pythia trajectories,pythia_0.070542B_trajectory,158,3.6676,3.665484489126852,-0.0021155108731480965,0.0021155108731480965
0.070542,1.541,3.6644,0,1,pythia_0.070542B_trajectory,B3,interpolated Pythia trajectories,pythia_0.070542B_trajectory,159,3.6644,3.660646077597919,-0.0037539224020810558,0.0037539224020810558
0.070542,1.565,3.6629,0,1,pythia_0.070542B_trajectory,B3,interpolated Pythia trajectories,pythia_0.070542B_trajectory,160,3.6629,3.6559031625311773,-0.006996837468822736,0.006996837468822736
0.070542,1.589,3.6559,0,1,pythia_0.070542B_trajectory,B3,interpolated Pythia trajectories,pythia_0.070542B_trajectory,161,3.6559,3.6512524373804274,-0.004647562619572554,0.004647562619572554
0.070542,1.614,3.652,0,1,pythia_0.070542B_trajectory,B3,interpolated Pythia trajectories,pythia_0.070542B_trajectory,162,3.652,3.646502575565689,-0.005497424434311338,0.005497424434311338
0.070542,1.639,3.6433,0,1,pythia_0.070542B_trajectory,B3,interpolated Pythia trajectories,pythia_0.070542B_trajectory,163,3.6433,3.641845956811504,-0.001454043188496179,0.001454043188496179
0.070542,1.665,3.6405,0,1,pythia_0.070542B_trajectory,B3,interpolated Pythia trajectories,pythia_0.070542B_trajectory,164,3.6405,3.6370985352081293,-0.0034014647918705343,0.0034014647918705343
0.070542,1.691,3.6386,0,1,pythia_0.070542B_trajectory,B3,interpolated Pythia trajectories,pythia_0.070542B_trajectory,165,3.6386,3.632445060297152,-0.006154939702847972,0.006154939702847972
0.070542,1.717,3.6329,0,1,pythia_0.070542B_trajectory,B3,interpolated Pythia trajectories,pythia_0.070542B_trajectory,166,3.6329,3.6278822707787364,-0.005017729221263423,0.005017729221263423
0.070542,1.744,3.6284,0,1,pythia_0.070542B_trajectory,B3,interpolated Pythia trajectories,pythia_0.070542B_trajectory,167,3.6284,3.623236651104979,-0.005163348895020903,0.005163348895020903
0.070542,1.771,3.6212,0,1,pythia_0.070542B_trajectory,B3,interpolated Pythia trajectories,pythia_0.070542B_trajectory,168,3.6212,3.6186821825784774,-0.0025178174215225724,0.0025178174215225724
0.070542,1.799,3.6188,0,1,pythia_0.070542B_trajectory,B3,interpolated Pythia trajectories,pythia_0.070542B_trajectory,169,3.6188,3.614051954016662,-0.004748045983337779,0.004748045983337779
0.070542,1.827,3.615,0,1,pythia_0.070542B_trajectory,B3,interpolated Pythia trajectories,pythia_0.070542B_trajectory,170,3.615,3.609513054293261,-0.0054869457067390215,0.0054869457067390215
0.070542,1.855,3.6052,0,1,pythia_0.070542B_trajectory,B3,interpolated Pythia trajectories,pythia_0.070542B_trajectory,171,3.6052,3.6050623231651135,-0.00013767683488641325,0.00013767683488641325
0.070542,1.884,3.6046,0,1,pythia_0.070542B_trajectory,B3,interpolated Pythia trajectories,pythia_0.070542B_trajectory,172,3.6046,3.600542380991757,-0.004057619008242863,0.004057619008242863
0.070542,1.913,3.5967,0,1,pythia_0.070542B_trajectory,B3,interpolated Pythia trajectories,pythia_0.070542B_trajectory,173,3.5967,3.596110619911512,-0.0005893800884879674,0.0005893800884879674
0.070542,1.943,3.5941,0,1,pythia_0.070542B_trajectory,B3,interpolated Pythia trajectories,pythia_0.070542B_trajectory,174,3.5941,3.5916156224776854,-0.0024843775223146736,0.0024843775223146736
0.070542,1.973,3.5901,0,1,pythia_0.070542B_trajectory,B3,interpolated Pythia trajectories,pythia_0.070542B_trajectory,175,3.5901,3.5872085861093463,-0.0028914138906537268,0.0028914138906537268
0.070542,2.004,3.5832,0,1,pythia_0.070542B_trajectory,B3,interpolated Pythia trajectories,pythia_0.070542B_trajectory,176,3.5832,3.5827438498752917,-0.0004561501247084543,0.0004561501247084543
0.070542,2.035,3.578,0,1,pythia_0.070542B_trajectory,B3,interpolated Pythia trajectories,pythia_0.070542B_trajectory,177,3.578,3.5783666451528893,0.0003666451528894221,0.0003666451528894221
0.070542,2.067,3.5758,0,1,pythia_0.070542B_trajectory,B3,interpolated Pythia trajectories,pythia_0.070542B_trajectory,178,3.5758,3.573936862004473,-0.0018631379955271754,0.0018631379955271754
0.070542,2.099,3.5695,1,1,pythia_0.070542B_trajectory,B3,interpolated Pythia trajectories,pythia_0.070542B_trajectory,179,3.5695,3.5695939935584864,9.399355848627167e-05,9.399355848627167e-05
0.070542,2.132,3.5664,1,1,pythia_0.070542B_trajectory,B3,interpolated Pythia trajectories,pythia_0.070542B_trajectory,180,3.5664,3.565203276724929,-0.001196723275070699,0.001196723275070699
0.070542,2.165,3.5608,1,1,pythia_0.070542B_trajectory,B3,interpolated Pythia trajectories,pythia_0.070542B_trajectory,181,3.5608,3.5608986918364263,9.86918364263012e-05,9.86918364263012e-05
0.070542,2.199,3.5567,1,1,pythia_0.070542B_trajectory,B3,interpolated Pythia trajectories,pythia_0.070542B_trajectory,182,3.5567,3.5565506209138062,-0.0001493790861939459,0.0001493790861939459
0.070542,2.233,3.5534,1,1,pythia_0.070542B_trajectory,B3,interpolated Pythia trajectories,pythia_0.070542B_trajectory,183,3.5534,3.5522877534057127,-0.001112246594287214,0.001112246594287214
0.070542,2.268,3.5473,1,1,pythia_0.070542B_trajectory,B3,interpolated Pythia trajectories,pythia_0.070542B_trajectory,184,3.5473,3.54798541797956,0.0006854179795601212,0.0006854179795601212
0.070542,2.303,3.5456,1,1,pythia_0.070542B_trajectory,B3,interpolated Pythia trajectories,pythia_0.070542B_trajectory,185,3.5456,3.5437672305946797,-0.0018327694053201782,0.0018327694053201782
0.070542,2.339,3.5424,1,1,pythia_0.070542B_trajectory,B3,interpolated Pythia trajectories,pythia_0.070542B_trajectory,186,3.5424,3.539513272084652,-0.002886727915348164,0.002886727915348164
0.070542,2.375,3.5404,1,1,pythia_0.070542B_trajectory,B3,interpolated Pythia trajectories,pythia_0.070542B_trajectory,187,3.5404,3.535342297020163,-0.0050577029798368756,0.0050577029798368756
0.070542,2.412,3.5328,1,1,pythia_0.070542B_trajectory,B3,interpolated Pythia trajectories,pythia_0.070542B_trajectory,188,3.5328,3.5311389484796685,-0.001661051520331469,0.001661051520331469
0.070542,2.45,3.5332,1,1,pythia_0.070542B_trajectory,B3,interpolated Pythia trajectories,pythia_0.070542B_trajectory,189,3.5332,3.5269070384338033,-0.006292961566196631,0.006292961566196631
0.070542,2.488,3.5247,1,1,pythia_0.070542B_trajectory,B3,interpolated Pythia trajectories,pythia_0.070542B_trajectory,190,3.5247,3.522758313831682,-0.0019416861683181352,0.0019416861683181352
0.070542,2.527,3.5201,1,1,pythia_0.070542B_trajectory,B3,interpolated Pythia trajectories,pythia_0.070542B_trajectory,191,3.5201,3.5185839020127325,-0.001516097987267262,0.001516097987267262
0.070542,2.566,3.5184,1,1,pythia_0.070542B_trajectory,B3,interpolated Pythia trajectories,pythia_0.070542B_trajectory,192,3.5184,3.514491142616098,-0.00390885738390212,0.00390885738390212
0.070542,2.606,3.5133,1,1,pythia_0.070542B_trajectory,B3,interpolated Pythia trajectories,pythia_0.070542B_trajectory,193,3.5133,3.5103753255241443,-0.0029246744758557597,0.0029246744758557597
0.070542,2.647,3.5094,1,1,pythia_0.070542B_trajectory,B3,interpolated Pythia trajectories,pythia_0.070542B_trajectory,194,3.5094,3.5062396884934985,-0.003160311506501312,0.003160311506501312
0.070542,2.688,3.5082,1,1,pythia_0.070542B_trajectory,B3,interpolated Pythia trajectories,pythia_0.070542B_trajectory,195,3.5082,3.5021852356527647,-0.006014764347235246,0.006014764347235246
0.070542,2.73,3.5046,1,1,pythia_0.070542B_trajectory,B3,interpolated Pythia trajectories,pythia_0.070542B_trajectory,196,3.5046,3.4981131503834617,-0.006486849616538226,0.006486849616538226
0.070542,2.773,3.4952,1,1,pythia_0.070542B_trajectory,B3,interpolated Pythia trajectories,pythia_0.070542B_trajectory,197,3.4952,3.4940263483489837,-0.0011736516510163497,0.0011736516510163497
0.070542,2.816,3.499,1,1,pythia_0.070542B_trajectory,B3,interpolated Pythia trajectories,pythia_0.070542B_trajectory,198,3.499,3.4900198612935434,-0.008980138706456753,0.008980138706456753
0.070542,2.86,3.4943,1,1,pythia_0.070542B_trajectory,B3,interpolated Pythia trajectories,pythia_0.070542B_trajectory,199,3.4943,3.486000450655176,-0.008299549344823909,0.008299549344823909
0.070542,2.904,3.4871,1,1,pythia_0.070542B_trajectory,B3,interpolated Pythia trajectories,pythia_0.070542B_trajectory,200,3.4871,3.482059414872412,-0.005040585127587871,0.005040585127587871
0.070542,2.949,3.4859,1,1,pythia_0.070542B_trajectory,B3,interpolated Pythia trajectories,pythia_0.070542B_trajectory,201,3.4859,3.478107083250276,-0.007792916749723933,0.007792916749723933
0.070542,2.995,3.4801,1,1,pythia_0.070542B_trajectory,B3,interpolated Pythia trajectories,pythia_0.070542B_trajectory,202,3.4801,3.474145914701378,-0.005954085298622402,0.005954085298622402
0.070542,3.042,3.4728,1,1,pythia_0.070542B_trajectory,B3,interpolated Pythia trajectories,pythia_0.070542B_trajectory,203,3.4728,3.4701782580536267,-0.002621741946373213,0.002621741946373213
0.070542,3.089,3.4731,1,1,pythia_0.070542B_trajectory,B3,interpolated Pythia trajectories,pythia_0.070542B_trajectory,204,3.4731,3.4662882945126126,-0.0068117054873875205,0.0068117054873875205
0.070542,3.138,3.4653,1,1,pythia_0.070542B_trajectory,B3,interpolated Pythia trajectories,pythia_0.070542B_trajectory,205,3.4653,3.462312642370192,-0.002987357629808063,0.002987357629808063
0.070542,3.186,3.4618,1,1,pythia_0.070542B_trajectory,B3,interpolated Pythia trajectories,pythia_0.070542B_trajectory,206,3.4618,3.4584944235966115,-0.003305576403388688,0.003305576403388688
0.070542,3.236,3.4541,1,1,pythia_0.070542B_trajectory,B3,interpolated Pythia trajectories,pythia_0.070542B_trajectory,207,3.4541,3.454594621022191,0.0004946210221912217,0.0004946210221912217
0.070542,3.286,3.4547,1,1,pythia_0.070542B_trajectory,B3,interpolated Pythia trajectories,pythia_0.070542B_trajectory,208,3.4547,3.450771186840158,-0.003928813159841837,0.003928813159841837
0.070542,3.338,3.448,1,1,pythia_0.070542B_trajectory,B3,interpolated Pythia trajectories,pythia_0.070542B_trajectory,209,3.448,3.4468730077796974,-0.0011269922203025473,0.0011269922203025473
0.070542,3.39,3.447,1,1,pythia_0.070542B_trajectory,B3,interpolated Pythia trajectories,pythia_0.070542B_trajectory,210,3.447,3.4430517866901003,-0.003948213309899806,0.003948213309899806
0.070542,3.442,3.4412,1,1,pythia_0.070542B_trajectory,B3,interpolated Pythia trajectories,pythia_0.070542B_trajectory,211,3.4412,3.439304858268059,-0.0018951417319406083,0.0018951417319406083
0.070542,3.496,3.4388,1,1,pythia_0.070542B_trajectory,B3,interpolated Pythia trajectories,pythia_0.070542B_trajectory,212,3.4388,3.435489735246451,-0.0033102647535492302,0.0033102647535492302
0.070542,3.551,3.4335,1,1,pythia_0.070542B_trajectory,B3,interpolated Pythia trajectories,pythia_0.070542B_trajectory,213,3.4335,3.431680719193401,-0.0018192808065990995,0.0018192808065990995
0.070542,3.606,3.4296,1,1,pythia_0.070542B_trajectory,B3,interpolated Pythia trajectories,pythia_0.070542B_trajectory,214,3.4296,3.4279464725799142,-0.001653527420085954,0.001653527420085954
0.070542,3.662,3.4288,1,1,pythia_0.070542B_trajectory,B3,interpolated Pythia trajectories,pythia_0.070542B_trajectory,215,3.4288,3.4242184904677826,-0.004581509532217254,0.004581509532217254
0.070542,3.719,3.4248,1,1,pythia_0.070542B_trajectory,B3,interpolated Pythia trajectories,pythia_0.070542B_trajectory,216,3.4248,3.420498128849989,-0.004301871150010683,0.004301871150010683
0.070542,3.777,3.4164,1,1,pythia_0.070542B_trajectory,B3,interpolated Pythia trajectories,pythia_0.070542B_trajectory,217,3.4164,3.4167866690300723,0.0003866690300724507,0.0003866690300724507
0.070542,3.836,3.414,1,1,pythia_0.070542B_trajectory,B3,interpolated Pythia trajectories,pythia_0.070542B_trajectory,218,3.414,3.413085320007051,-0.0009146799929493632,0.0009146799929493632
0.070542,3.896,3.4114,1,1,pythia_0.070542B_trajectory,B3,interpolated Pythia trajectories,pythia_0.070542B_trajectory,219,3.4114,3.409395220886223,-0.0020047791137769444,0.0020047791137769444
0.070542,3.956,3.4077,1,1,pythia_0.070542B_trajectory,B3,interpolated Pythia trajectories,pythia_0.070542B_trajectory,220,3.4077,3.405777148503687,-0.001922851496312994,0.001922851496312994
0.070542,4.018,3.4016,1,1,pythia_0.070542B_trajectory,B3,interpolated Pythia trajectories,pythia_0.070542B_trajectory,221,3.4016,3.4021115226198106,0.0005115226198104672,0.0005115226198104672
0.070542,4.08,3.3999,1,1,pythia_0.070542B_trajectory,B3,interpolated Pythia trajectories,pythia_0.070542B_trajectory,222,3.3999,3.3985175845051483,-0.0013824154948518519,0.0013824154948518519
0.070542,4.144,3.3935,1,1,pythia_0.070542B_trajectory,B3,interpolated Pythia trajectories,pythia_0.070542B_trajectory,223,3.3935,3.3948802998924763,0.0013802998924763443,0.0013802998924763443
0.070542,4.209,3.395,2,1,pythia_0.070542B_trajectory,B3,interpolated Pythia trajectories,pythia_0.070542B_trajectory,224,3.395,3.3912590417547332,-0.003740958245266768,0.003740958245266768
0.070542,4.274,3.389,2,1,pythia_0.070542B_trajectory,B3,interpolated Pythia trajectories,pythia_0.070542B_trajectory,225,3.389,3.387708660671092,-0.0012913393289077923,0.0012913393289077923
0.070542,4.341,3.3865,2,1,pythia_0.070542B_trajectory,B3,interpolated Pythia trajectories,pythia_0.070542B_trajectory,226,3.3865,3.3841206463683817,-0.0023793536316181196,0.0023793536316181196
0.070542,4.408,3.3778,2,1,pythia_0.070542B_trajectory,B3,interpolated Pythia trajectories,pythia_0.070542B_trajectory,227,3.3778,3.38060281852752,0.002802818527519957,0.002802818527519957
0.070542,4.477,3.3756,2,1,pythia_0.070542B_trajectory,B3,interpolated Pythia trajectories,pythia_0.070542B_trajectory,228,3.3756,3.377050799384973,0.001450799384973056,0.001450799384973056
0.070542,4.547,3.375,2,1,pythia_0.070542B_trajectory,B3,interpolated Pythia trajectories,pythia_0.070542B_trajectory,229,3.375,3.373518189158119,-0.0014818108418808151,0.0014818108418808151
0.070542,4.618,3.3713,2,1,pythia_0.070542B_trajectory,B3,interpolated Pythia trajectories,pythia_0.070542B_trajectory,230,3.3713,3.3700055132031728,-0.001294486796827421,0.001294486796827421
0.070542,4.69,3.3675,2,1,pythia_0.070542B_trajectory,B3,interpolated Pythia trajectories,pythia_0.070542B_trajectory,231,3.3675,3.366513254419348,-0.0009867455806520375,0.0009867455806520375
0.070542,4.763,3.3651,2,1,pythia_0.070542B_trajectory,B3,interpolated Pythia trajectories,pythia_0.070542B_trajectory,232,3.3651,3.363041855246733,-0.002058144753267044,0.002058144753267044
0.070542,4.837,3.3616,2,1,pythia_0.070542B_trajectory,B3,interpolated Pythia trajectories,pythia_0.070542B_trajectory,233,3.3616,3.3595917196032534,-0.00200828039674672,0.00200828039674672
0.070542,4.912,3.3555,2,1,pythia_0.070542B_trajectory,B3,interpolated Pythia trajectories,pythia_0.070542B_trajectory,234,3.3555,3.3561632147597535,0.0006632147597533944,0.0006632147597533944
0.070542,4.989,3.3543,2,1,pythia_0.070542B_trajectory,B3,interpolated Pythia trajectories,pythia_0.070542B_trajectory,235,3.3543,3.3527122937803564,-0.0015877062196434366,0.0015877062196434366
0.070542,5.066,3.3489,2,1,pythia_0.070542B_trajectory,B3,interpolated Pythia trajectories,pythia_0.070542B_trajectory,236,3.3489,3.349328876330169,0.00042887633016919224,0.00042887633016919224
0.070542,5.145,3.3476,2,1,pythia_0.070542B_trajectory,B3,interpolated Pythia trajectories,pythia_0.070542B_trajectory,237,3.3476,3.345925306348201,-0.001674693651799064,0.001674693651799064
0.070542,5.225,3.3425,2,1,pythia_0.070542B_trajectory,B3,interpolated Pythia trajectories,pythia_0.070542B_trajectory,238,3.3425,3.3425461451386447,4.61451386448708e-05,4.61451386448708e-05
0.070542,5.307,3.3375,2,1,pythia_0.070542B_trajectory,B3,interpolated Pythia trajectories,pythia_0.070542B_trajectory,239,3.3375,3.3391505433800655,0.001650543380065539,0.001650543380065539
0.070542,5.389,3.3388,2,1,pythia_0.070542B_trajectory,B3,interpolated Pythia trajectories,pythia_0.070542B_trajectory,240,3.3388,3.3358214369319676,-0.002978563068032347,0.002978563068032347
0.070542,5.473,3.3331,2,1,pythia_0.070542B_trajectory,B3,interpolated Pythia trajectories,pythia_0.070542B_trajectory,241,3.3331,3.3324776931543996,-0.0006223068456003844,0.0006223068456003844
0.070542,5.559,3.3315,2,1,pythia_0.070542B_trajectory,B3,interpolated Pythia trajectories,pythia_0.070542B_trajectory,242,3.3315,3.329121706075553,-0.0023782939244472168,0.0023782939244472168
0.070542,5.645,3.3261,2,1,pythia_0.070542B_trajectory,B3,interpolated Pythia trajectories,pythia_0.070542B_trajectory,243,3.3261,3.3258315190634766,-0.0002684809365232077,0.0002684809365232077
0.070542,5.733,3.3217,2,1,pythia_0.070542B_trajectory,B3,interpolated Pythia trajectories,pythia_0.070542B_trajectory,244,3.3217,3.3225305687383817,0.0008305687383818317,0.0008305687383818317
0.070542,5.823,3.3187,2,1,pythia_0.070542B_trajectory,B3,interpolated Pythia trajectories,pythia_0.070542B_trajectory,245,3.3187,3.3192210063544376,0.0005210063544374144,0.0005210063544374144
0.070542,5.913,3.3174,2,1,pythia_0.070542B_trajectory,B3,interpolated Pythia trajectories,pythia_0.070542B_trajectory,246,3.3174,3.3159762737464535,-0.0014237262535465867,0.0014237262535465867
0.070542,6.005,3.3103,2,1,pythia_0.070542B_trajectory,B3,interpolated Pythia trajectories,pythia_0.070542B_trajectory,247,3.3103,3.312724123422563,0.0024241234225632624,0.0024241234225632624
0.070542,6.099,3.3138,2,1,pythia_0.070542B_trajectory,B3,interpolated Pythia trajectories,pythia_0.070542B_trajectory,248,3.3138,3.3094664846399398,-0.004333515360060325,0.004333515360060325
0.070542,6.194,3.3042,2,1,pythia_0.070542B_trajectory,B3,interpolated Pythia trajectories,pythia_0.070542B_trajectory,249,3.3042,3.306238835664894,0.0020388356648943784,0.0020388356648943784
0.070542,6.29,3.2992,3,1,pythia_0.070542B_trajectory,B3,interpolated Pythia trajectories,pythia_0.070542B_trajectory,250,3.2992,3.3030409429330594,0.003840942933059477,0.003840942933059477
0.070542,6.388,3.3017,3,1,pythia_0.070542B_trajectory,B3,interpolated Pythia trajectories,pythia_0.070542B_trajectory,251,3.3017,3.2998402240105054,-0.0018597759894944943,0.0018597759894944943
0.070542,6.488,3.297,3,1,pythia_0.070542B_trajectory,B3,interpolated Pythia trajectories,pythia_0.070542B_trajectory,252,3.297,3.2966383243439044,-0.00036167565609579455,0.00036167565609579455
0.070542,6.589,3.2954,3,1,pythia_0.070542B_trajectory,B3,interpolated Pythia trajectories,pythia_0.070542B_trajectory,253,3.2954,3.293467888182331,-0.0019321118176689467,0.0019321118176689467
0.070542,6.692,3.2915,3,1,pythia_0.070542B_trajectory,B3,interpolated Pythia trajectories,pythia_0.070542B_trajectory,254,3.2915,3.290298095986855,-0.0012019040131452385,0.0012019040131452385
0.070542,6.796,3.2843,3,1,pythia_0.070542B_trajectory,B3,interpolated Pythia trajectories,pythia_0.070542B_trajectory,255,3.2843,3.2871602610136983,0.0028602610136982953,0.0028602610136982953
0.070542,6.902,3.2865,3,1,pythia_0.070542B_trajectory,B3,interpolated Pythia trajectories,pythia_0.070542B_trajectory,256,3.2865,3.2840247001175156,-0.0024752998824846273,0.0024752998824846273
0.070542,7.009,3.2804,3,1,pythia_0.070542B_trajectory,B3,interpolated Pythia trajectories,pythia_0.070542B_trajectory,257,3.2804,3.280921453466887,0.000521453466886701,0.000521453466886701
0.070542,7.118,3.2787,3,1,pythia_0.070542B_trajectory,B3,interpolated Pythia trajectories,pythia_0.070542B_trajectory,258,3.2787,3.277821931860797,-0.0008780681392033252,0.0008780681392033252
0.070542,7.229,3.2765,3,1,pythia_0.070542B_trajectory,B3,interpolated Pythia trajectories,pythia_0.070542B_trajectory,259,3.2765,3.2747273515386235,-0.0017726484613764804,0.0017726484613764804
0.070542,7.342,3.2708,3,1,pythia_0.070542B_trajectory,B3,interpolated Pythia trajectories,pythia_0.070542B_trajectory,260,3.2708,3.2716388634438847,0.0008388634438847298,0.0008388634438847298
0.070542,7.456,3.2694,3,1,pythia_0.070542B_trajectory,B3,interpolated Pythia trajectories,pythia_0.070542B_trajectory,261,3.2694,3.2685840865362428,-0.0008159134637573118,0.0008159134637573118
0.070542,7.572,3.2618,3,1,pythia_0.070542B_trajectory,B3,interpolated Pythia trajectories,pythia_0.070542B_trajectory,262,3.2618,3.26553647328376,0.0037364732837601444,0.0037364732837601444
0.070542,7.69,3.2598,3,1,pythia_0.070542B_trajectory,B3,interpolated Pythia trajectories,pythia_0.070542B_trajectory,263,3.2598,3.2624970191488174,0.002697019148817592,0.002697019148817592
0.070542,7.81,3.258,3,1,pythia_0.070542B_trajectory,B3,interpolated Pythia trajectories,pythia_0.070542B_trajectory,264,3.258,3.259466662342289,0.0014666623422892044,0.0014666623422892044
0.070542,7.932,3.2587,3,1,pythia_0.070542B_trajectory,B3,interpolated Pythia trajectories,pythia_0.070542B_trajectory,265,3.2587,3.2564462857953194,-0.00225371420468079,0.00225371420468079
0.070542,8.055,3.2564,3,1,pythia_0.070542B_trajectory,B3,interpolated Pythia trajectories,pythia_0.070542B_trajectory,266,3.2564,3.253460752227782,-0.002939247772218323,0.002939247772218323
0.070542,8.181,3.2494,3,1,pythia_0.070542B_trajectory,B3,interpolated Pythia trajectories,pythia_0.070542B_trajectory,267,3.2494,3.2504623010521265,0.0010623010521264575,0.0010623010521264575
0.070542,8.308,3.2454,3,1,pythia_0.070542B_trajectory,B3,interpolated Pythia trajectories,pythia_0.070542B_trajectory,268,3.2454,3.2474992766204265,0.0020992766204264157,0.0020992766204264157
0.070542,8.438,3.2448,4,1,pythia_0.070542B_trajectory,B3,interpolated Pythia trajectories,pythia_0.070542B_trajectory,269,3.2448,3.2445257049033653,-0.00027429509663479124,0.00027429509663479124
0.070542,8.569,3.2401,4,1,pythia_0.070542B_trajectory,B3,interpolated Pythia trajectories,pythia_0.070542B_trajectory,270,3.2401,3.2415879896220785,0.0014879896220785227,0.0014879896220785227
0.070542,8.703,3.2375,4,1,pythia_0.070542B_trajectory,B3,interpolated Pythia trajectories,pythia_0.070542B_trajectory,271,3.2375,3.238641878591402,0.0011418785914023566,0.0011418785914023566
0.070542,8.838,3.2369,4,1,pythia_0.070542B_trajectory,B3,interpolated Pythia trajectories,pythia_0.070542B_trajectory,272,3.2369,3.235731914061241,-0.0011680859387590559,0.0011680859387590559
0.070542,8.976,3.2383,4,1,pythia_0.070542B_trajectory,B3,interpolated Pythia trajectories,pythia_0.070542B_trajectory,273,3.2383,3.2328155018498785,-0.005484498150121642,0.005484498150121642
0.070542,9.116,3.2308,4,1,pythia_0.070542B_trajectory,B3,interpolated Pythia trajectories,pythia_0.070542B_trajectory,274,3.2308,3.2299148842263654,-0.0008851157736344817,0.0008851157736344817
0.070542,9.258,3.2287,4,1,pythia_0.070542B_trajectory,B3,interpolated Pythia trajectories,pythia_0.070542B_trajectory,275,3.2287,3.227030496452306,-0.0016695035476939069,0.0016695035476939069
0.070542,9.402,3.224,4,1,pythia_0.070542B_trajectory,B3,interpolated Pythia trajectories,pythia_0.070542B_trajectory,276,3.224,3.224162738930903,0.00016273893090268388,0.00016273893090268388
0.070542,9.548,3.2205,4,1,pythia_0.070542B_trajectory,B3,interpolated Pythia trajectories,pythia_0.070542B_trajectory,277,3.2205,3.2213119788375764,0.0008119788375764436,0.0008119788375764436
0.070542,9.697,3.2179,4,1,pythia_0.070542B_trajectory,B3,interpolated Pythia trajectories,pythia_0.070542B_trajectory,278,3.2179,3.2184595955269426,0.0005595955269424024,0.0005595955269424024
0.070542,9.848,3.2164,4,1,pythia_0.070542B_trajectory,B3,interpolated Pythia trajectories,pythia_0.070542B_trajectory,279,3.2164,3.215625590616508,-0.0007744093834922694,0.0007744093834922694
0.070542,10.002,3.2112,4,1,pythia_0.070542B_trajectory,B3,interpolated Pythia trajectories,pythia_0.070542B_trajectory,280,3.2112,3.2127919973811143,0.001591997381114485,0.001591997381114485
0.070542,10.157,3.21,4,1,pythia_0.070542B_trajectory,B3,interpolated Pythia trajectories,pythia_0.070542B_trajectory,281,3.21,3.2099958360244423,-4.163975557691657e-06,4.163975557691657e-06
0.070542,10.316,3.2089,4,1,pythia_0.070542B_trajectory,B3,interpolated Pythia trajectories,pythia_0.070542B_trajectory,282,3.2089,3.207183697406408,-0.0017163025935920118,0.0017163025935920118
0.070542,10.476,3.2048,5,1,pythia_0.070542B_trajectory,B3,interpolated Pythia trajectories,pythia_0.070542B_trajectory,283,3.2048,3.2044093218429213,-0.0003906781570788276,0.0003906781570788276
0.070542,10.64,3.2002,5,1,pythia_0.070542B_trajectory,B3,interpolated Pythia trajectories,pythia_0.070542B_trajectory,284,3.2002,3.201621310911318,0.001421310911317697,0.001421310911317697
0.070542,10.805,3.1963,5,1,pythia_0.070542B_trajectory,B3,interpolated Pythia trajectories,pythia_0.070542B_trajectory,285,3.1963,3.198871260079239,0.002571260079239135,0.002571260079239135
0.070542,10.974,3.1948,5,1,pythia_0.070542B_trajectory,B3,interpolated Pythia trajectories,pythia_0.070542B_trajectory,286,3.1948,3.1961097075907317,0.00130970759073179,0.00130970759073179
0.070542,11.145,3.1941,5,1,pythia_0.070542B_trajectory,B3,interpolated Pythia trajectories,pythia_0.070542B_trajectory,287,3.1941,3.1933703283222497,-0.0007296716777505097,0.0007296716777505097
0.070542,11.318,3.1937,5,1,pythia_0.070542B_trajectory,B3,interpolated Pythia trajectories,pythia_0.070542B_trajectory,288,3.1937,3.1906531135004172,-0.003046886499582957,0.003046886499582957
0.070542,11.495,3.1867,5,1,pythia_0.070542B_trajectory,B3,interpolated Pythia trajectories,pythia_0.070542B_trajectory,289,3.1867,3.1879275431281626,0.0012275431281625337,0.0012275431281625337
0.070542,11.674,3.1836,5,1,pythia_0.070542B_trajectory,B3,interpolated Pythia trajectories,pythia_0.070542B_trajectory,290,3.1836,3.185225265173411,0.0016252651734109946,0.0016252651734109946
0.070542,11.855,3.1846,5,1,pythia_0.070542B_trajectory,B3,interpolated Pythia trajectories,pythia_0.070542B_trajectory,291,3.1846,3.1825461883984874,-0.002053811601512745,0.002053811601512745
0.070542,12.04,3.1813,5,1,pythia_0.070542B_trajectory,B3,interpolated Pythia trajectories,pythia_0.070542B_trajectory,292,3.1813,3.179861470066962,-0.0014385299330377244,0.0014385299330377244
0.070542,12.228,3.1789,5,1,pythia_0.070542B_trajectory,B3,interpolated Pythia trajectories,pythia_0.070542B_trajectory,293,3.1789,3.1771867693986935,-0.0017132306013065701,0.0017132306013065701
0.070542,12.418,3.1748,5,1,pythia_0.070542B_trajectory,B3,interpolated Pythia trajectories,pythia_0.070542B_trajectory,294,3.1748,3.174536563068921,-0.0002634369310787754,0.0002634369310787754
0.070542,12.612,3.1721,6,1,pythia_0.070542B_trajectory,B3,interpolated Pythia trajectories,pythia_0.070542B_trajectory,295,3.1721,3.171883580901241,-0.00021641909875880216,0.00021641909875880216
0.070542,12.808,3.1701,6,1,pythia_0.070542B_trajectory,B3,interpolated Pythia trajectories,pythia_0.070542B_trajectory,296,3.1701,3.169255767352208,-0.000844232647791987,0.000844232647791987
0.070542,13.008,3.1686,6,1,pythia_0.070542B_trajectory,B3,interpolated Pythia trajectories,pythia_0.070542B_trajectory,297,3.1686,3.166626854135378,-0.001973145864622161,0.001973145864622161
0.070542,13.21,3.166,6,1,pythia_0.070542B_trajectory,B3,interpolated Pythia trajectories,pythia_0.070542B_trajectory,298,3.166,3.164023646999321,-0.0019763530006788876,0.0019763530006788876
0.070542,13.416,3.1625,6,1,pythia_0.070542B_trajectory,B3,interpolated Pythia trajectories,pythia_0.070542B_trajectory,299,3.1625,3.161420843706275,-0.0010791562937249033,0.0010791562937249033
0.070542,13.625,3.1583,6,1,pythia_0.070542B_trajectory,B3,interpolated Pythia trajectories,pythia_0.070542B_trajectory,300,3.1583,3.1588318936280717,0.0005318936280716002,0.0005318936280716002
0.070542,13.837,3.157,6,1,pythia_0.070542B_trajectory,B3,interpolated Pythia trajectories,pythia_0.070542B_trajectory,301,3.157,3.1562571974534968,-0.0007428025465032739,0.0007428025465032739
0.070542,14.053,3.1573,6,1,pythia_0.070542B_trajectory,B3,interpolated Pythia trajectories,pythia_0.070542B_trajectory,302,3.1573,3.153685334349172,-0.0036146656508280195,0.0036146656508280195
0.070542,14.272,3.1506,6,1,pythia_0.070542B_trajectory,B3,interpolated Pythia trajectories,pythia_0.070542B_trajectory,303,3.1506,3.151128894427405,0.0005288944274051133,0.0005288944274051133
0.070542,14.494,3.1516,6,1,pythia_0.070542B_trajectory,B3,interpolated Pythia trajectories,pythia_0.070542B_trajectory,304,3.1516,3.148588173363805,-0.0030118266361953694,0.0030118266361953694
0.070542,14.72,3.1425,7,1,pythia_0.070542B_trajectory,B3,interpolated Pythia trajectories,pythia_0.070542B_trajectory,305,3.1425,3.1460523292718343,0.0035523292718342425,0.0035523292718342425
0.070542,14.949,3.1484,7,1,pythia_0.070542B_trajectory,B3,interpolated Pythia trajectories,pythia_0.070542B_trajectory,306,3.1484,3.1435331496080527,-0.004866850391947342,0.004866850391947342
0.070542,15.182,3.1395,7,1,pythia_0.070542B_trajectory,B3,interpolated Pythia trajectories,pythia_0.070542B_trajectory,307,3.1395,3.141020159204703,0.0015201592047029422,0.0015201592047029422
0.070542,15.418,3.139,7,1,pythia_0.070542B_trajectory,B3,interpolated Pythia trajectories,pythia_0.070542B_trajectory,308,3.139,3.138524636215508,-0.00047536378449164474,0.00047536378449164474
0.070542,15.659,3.1368,7,1,pythia_0.070542B_trajectory,B3,interpolated Pythia trajectories,pythia_0.070542B_trajectory,309,3.1368,3.1360261959773217,-0.0007738040226783482,0.0007738040226783482
0.070542,15.903,3.1348,7,1,pythia_0.070542B_trajectory,B3,interpolated Pythia trajectories,pythia_0.070542B_trajectory,310,3.1348,3.133546297266746,-0.0012537027332539807,0.0012537027332539807
0.070542,16.15,3.1313,7,1,pythia_0.070542B_trajectory,B3,interpolated Pythia trajectories,pythia_0.070542B_trajectory,311,3.1313,3.1310850203950857,-0.00021497960491423385,0.00021497960491423385
0.070542,16.402,3.13,7,1,pythia_0.070542B_trajectory,B3,interpolated Pythia trajectories,pythia_0.070542B_trajectory,312,3.13,3.128623080306382,-0.0013769196936177508,0.0013769196936177508
0.070542,16.657,3.126,7,1,pythia_0.070542B_trajectory,B3,interpolated Pythia trajectories,pythia_0.070542B_trajectory,313,3.126,3.1261806260380838,0.00018062603808388644,0.00018062603808388644
0.070542,16.917,3.1255,8,1,pythia_0.070542B_trajectory,B3,interpolated Pythia trajectories,pythia_0.070542B_trajectory,314,3.1255,3.1237390659987754,-0.0017609340012247898,0.0017609340012247898
0.070542,17.18,3.1215,8,1,pythia_0.070542B_trajectory,B3,interpolated Pythia trajectories,pythia_0.070542B_trajectory,315,3.1215,3.121317714831452,-0.00018228516854801313,0.00018228516854801313
0.070542,17.448,3.1211,8,1,pythia_0.070542B_trajectory,B3,interpolated Pythia trajectories,pythia_0.070542B_trajectory,316,3.1211,3.118898650923294,-0.002201349076706105,0.002201349076706105
0.070542,17.72,3.1192,8,1,pythia_0.070542B_trajectory,B3,interpolated Pythia trajectories,pythia_0.070542B_trajectory,317,3.1192,3.116491627485857,-0.0027083725141432424,0.0027083725141432424
0.070542,17.996,3.1159,8,1,pythia_0.070542B_trajectory,B3,interpolated Pythia trajectories,pythia_0.070542B_trajectory,318,3.1159,3.114097066458128,-0.0018029335418718873,0.0018029335418718873
0.070542,18.276,3.1125,8,1,pythia_0.070542B_trajectory,B3,interpolated Pythia trajectories,pythia_0.070542B_trajectory,319,3.1125,3.1117153583844366,-0.0007846416155632419,0.0007846416155632419
0.070542,18.561,3.1072,8,1,pythia_0.070542B_trajectory,B3,interpolated Pythia trajectories,pythia_0.070542B_trajectory,320,3.1072,3.1093386061517583,0.0021386061517580934,0.0021386061517580934
0.070542,18.85,3.1078,9,1,pythia_0.070542B_trajectory,B3,interpolated Pythia trajectories,pythia_0.070542B_trajectory,321,3.1078,3.106975722200713,-0.0008242777992872874,0.0008242777992872874
0.070542,19.144,3.1035,9,1,pythia_0.070542B_trajectory,B3,interpolated Pythia trajectories,pythia_0.070542B_trajectory,322,3.1035,3.1046190637574056,0.0011190637574056694,0.0011190637574056694
0.070542,19.442,3.1024,9,1,pythia_0.070542B_trajectory,B3,interpolated Pythia trajectories,pythia_0.070542B_trajectory,323,3.1024,3.1022771468754775,-0.00012285312452231523,0.00012285312452231523
0.070542,19.745,3.1011,9,1,pythia_0.070542B_trajectory,B3,interpolated Pythia trajectories,pythia_0.070542B_trajectory,324,3.1011,3.099942576336263,-0.001157423663737056,0.001157423663737056
0.070542,20.052,3.0989,9,1,pythia_0.070542B_trajectory,B3,interpolated Pythia trajectories,pythia_0.070542B_trajectory,325,3.0989,3.0976234903090694,-0.0012765096909306273,0.0012765096909306273
0.070542,20.365,3.0962,9,1,pythia_0.070542B_trajectory,B3,interpolated Pythia trajectories,pythia_0.070542B_trajectory,326,3.0962,3.0953054010664776,-0.0008945989335225057,0.0008945989335225057
0.070542,20.682,3.0938,9,1,pythia_0.070542B_trajectory,B3,interpolated Pythia trajectories,pythia_0.070542B_trajectory,327,3.0938,3.0930037068801197,-0.0007962931198801648,0.0007962931198801648
0.070542,21.004,3.0893,10,1,pythia_0.070542B_trajectory,B3,interpolated Pythia trajectories,pythia_0.070542B_trajectory,328,3.0893,3.090711479027318,0.0014114790273178635,0.0014114790273178635
0.070542,21.331,3.0878,10,1,pythia_0.070542B_trajectory,B3,interpolated Pythia trajectories,pythia_0.070542B_trajectory,329,3.0878,3.0884292326422154,0.0006292326422152605,0.0006292326422152605
0.070542,21.664,3.0846,10,1,pythia_0.070542B_trajectory,B3,interpolated Pythia trajectories,pythia_0.070542B_trajectory,330,3.0846,3.086150673225624,0.0015506732256240774,0.0015506732256240774
0.070542,22.001,3.0855,10,1,pythia_0.070542B_trajectory,B3,interpolated Pythia trajectories,pythia_0.070542B_trajectory,331,3.0855,3.0838899317581756,-0.001610068241824525,0.001610068241824525
0.070542,22.344,3.0851,10,1,pythia_0.070542B_trajectory,B3,interpolated Pythia trajectories,pythia_0.070542B_trajectory,332,3.0851,3.0816340015302166,-0.003465998469783571,0.003465998469783571
0.070542,22.692,3.0782,10,1,pythia_0.070542B_trajectory,B3,interpolated Pythia trajectories,pythia_0.070542B_trajectory,333,3.0782,3.0793900359697095,0.0011900359697096796,0.0011900359697096796
0.070542,23.045,3.0746,11,1,pythia_0.070542B_trajectory,B3,interpolated Pythia trajectories,pythia_0.070542B_trajectory,334,3.0746,3.0771583844952306,0.0025583844952303814,0.0025583844952303814
0.070542,23.404,3.0736,11,1,pythia_0.070542B_trajectory,B3,interpolated Pythia trajectories,pythia_0.070542B_trajectory,335,3.0736,3.0749332316987608,0.0013332316987608728,0.0013332316987608728
0.070542,23.769,3.0741,11,1,pythia_0.070542B_trajectory,B3,interpolated Pythia trajectories,pythia_0.070542B_trajectory,336,3.0741,3.0727152335607335,-0.0013847664392665493,0.0013847664392665493
0.070542,24.139,3.0712,11,1,pythia_0.070542B_trajectory,B3,interpolated Pythia trajectories,pythia_0.070542B_trajectory,337,3.0712,3.0705109056919597,-0.0006890943080404277,0.0006890943080404277
0.070542,24.515,3.0692,11,1,pythia_0.070542B_trajectory,B3,interpolated Pythia trajectories,pythia_0.070542B_trajectory,338,3.0692,3.068314696558403,-0.0008853034415969852,0.0008853034415969852
0.070542,24.897,3.0647,11,1,pythia_0.070542B_trajectory,B3,interpolated Pythia trajectories,pythia_0.070542B_trajectory,339,3.0647,3.0661271552132234,0.0014271552132232301,0.0014271552132232301
0.070542,25.285,3.0662,12,1,pythia_0.070542B_trajectory,B3,interpolated Pythia trajectories,pythia_0.070542B_trajectory,340,3.0662,3.063948795625211,-0.0022512043747888733,0.0022512043747888733
0.070542,25.679,3.0632,12,1,pythia_0.070542B_trajectory,B3,interpolated Pythia trajectories,pythia_0.070542B_trajectory,341,3.0632,3.061780098065142,-0.001419901934858192,0.001419901934858192
0.070542,26.079,3.0551,12,1,pythia_0.070542B_trajectory,B3,interpolated Pythia trajectories,pythia_0.070542B_trajectory,342,3.0551,3.0596215104723465,0.004521510472346613,0.004521510472346613
0.070542,26.485,3.0544,12,1,pythia_0.070542B_trajectory,B3,interpolated Pythia trajectories,pythia_0.070542B_trajectory,343,3.0544,3.057473449798132,0.0030734497981321773,0.0030734497981321773
0.070542,26.898,3.0565,12,1,pythia_0.070542B_trajectory,B3,interpolated Pythia trajectories,pythia_0.070542B_trajectory,344,3.0565,3.0553311671382786,-0.001168832861721647,0.001168832861721647
0.070542,27.317,3.0548,13,1,pythia_0.070542B_trajectory,B3,interpolated Pythia trajectories,pythia_0.070542B_trajectory,345,3.0548,3.053200358570118,-0.001599641429882226,0.001599641429882226
0.070542,27.742,3.0501,13,1,pythia_0.070542B_trajectory,B3,interpolated Pythia trajectories,pythia_0.070542B_trajectory,346,3.0501,3.0510813496206146,0.00098134962061458,0.00098134962061458
0.070542,28.174,3.0494,13,1,pythia_0.070542B_trajectory,B3,interpolated Pythia trajectories,pythia_0.070542B_trajectory,347,3.0494,3.048969599667466,-0.0004304003325339423,0.0004304003325339423
0.070542,28.613,3.0459,13,1,pythia_0.070542B_trajectory,B3,interpolated Pythia trajectories,pythia_0.070542B_trajectory,348,3.0459,3.046865667768565,0.0009656677685647708,0.0009656677685647708
0.070542,29.059,3.0447,13,1,pythia_0.070542B_trajectory,B3,interpolated Pythia trajectories,pythia_0.070542B_trajectory,349,3.0447,3.0447700780772493,7.007807724912496e-05,7.007807724912496e-05
0.070542,29.512,3.0422,14,1,pythia_0.070542B_trajectory,B3,interpolated Pythia trajectories,pythia_0.070542B_trajectory,350,3.0422,3.0426833211867343,0.00048332118673455327,0.00048332118673455327
0.070542,29.971,3.0409,14,1,pythia_0.070542B_trajectory,B3,interpolated Pythia trajectories,pythia_0.070542B_trajectory,351,3.0409,3.0406103273455525,-0.0002896726544476813,0.0002896726544476813
0.070542,30.438,3.0371,14,1,pythia_0.070542B_trajectory,B3,interpolated Pythia trajectories,pythia_0.070542B_trajectory,352,3.0371,3.0385424925984874,0.0014424925984872772,0.0014424925984872772
0.070542,30.912,3.038,14,1,pythia_0.070542B_trajectory,B3,interpolated Pythia trajectories,pythia_0.070542B_trajectory,353,3.038,3.0364847760269535,-0.0015152239730462647,0.0015152239730462647
0.070542,31.394,3.0363,15,1,pythia_0.070542B_trajectory,B3,interpolated Pythia trajectories,pythia_0.070542B_trajectory,354,3.0363,3.03443333274791,-0.0018666672520901706,0.0018666672520901706
0.070542,31.883,3.0322,15,1,pythia_0.070542B_trajectory,B3,interpolated Pythia trajectories,pythia_0.070542B_trajectory,355,3.0322,3.032392884267792,0.00019288426779207057,0.00019288426779207057
0.070542,32.38,3.0298,15,1,pythia_0.070542B_trajectory,B3,interpolated Pythia trajectories,pythia_0.070542B_trajectory,356,3.0298,3.030359691044117,0.0005596910441170166,0.0005596910441170166
0.070542,32.884,3.0247,15,1,pythia_0.070542B_trajectory,B3,interpolated Pythia trajectories,pythia_0.070542B_trajectory,357,3.0247,3.0283382488040473,0.0036382488040471728,0.0036382488040471728
0.070542,33.396,3.0246,15,1,pythia_0.070542B_trajectory,B3,interpolated Pythia trajectories,pythia_0.070542B_trajectory,358,3.0246,3.026324921853236,0.0017249218532362498,0.0017249218532362498
0.070542,33.917,3.0219,16,1,pythia_0.070542B_trajectory,B3,interpolated Pythia trajectories,pythia_0.070542B_trajectory,359,3.0219,3.0243163568769376,0.002416356876937531,0.002416356876937531
0.070542,34.445,3.0229,16,1,pythia_0.070542B_trajectory,B3,interpolated Pythia trajectories,pythia_0.070542B_trajectory,360,3.0229,3.0223206966194844,-0.0005793033805154835,0.0005793033805154835
0.070542,34.982,3.0185,16,1,pythia_0.070542B_trajectory,B3,interpolated Pythia trajectories,pythia_0.070542B_trajectory,361,3.0185,3.020330782342591,0.001830782342591153,0.001830782342591153
0.070542,35.526,3.0176,16,1,pythia_0.070542B_trajectory,B3,interpolated Pythia trajectories,pythia_0.070542B_trajectory,362,3.0176,3.018354400108694,0.0007544001086943197,0.0007544001086943197
0.070542,36.08,3.016,17,1,pythia_0.070542B_trajectory,B3,interpolated Pythia trajectories,pythia_0.070542B_trajectory,363,3.016,3.0163811024964216,0.00038110249642153704,0.00038110249642153704
0.070542,36.642,3.0177,17,1,pythia_0.070542B_trajectory,B3,interpolated Pythia trajectories,pythia_0.070542B_trajectory,364,3.0177,3.0144185425142727,-0.0032814574857273904,0.0032814574857273904
0.070542,37.213,3.0099,17,1,pythia_0.070542B_trajectory,B3,interpolated Pythia trajectories,pythia_0.070542B_trajectory,365,3.0099,3.0124636200914394,0.0025636200914394003,0.0025636200914394003
0.070542,37.792,3.0104,18,1,pythia_0.070542B_trajectory,B3,interpolated Pythia trajectories,pythia_0.070542B_trajectory,366,3.0104,3.0105201244905344,0.00012012449053422358,0.00012012449053422358
0.070542,38.381,3.009,18,1,pythia_0.070542B_trajectory,B3,interpolated Pythia trajectories,pythia_0.070542B_trajectory,367,3.009,3.0085817786276245,-0.0004182213723753492,0.0004182213723753492
0.070542,38.979,3.0049,18,1,pythia_0.070542B_trajectory,B3,interpolated Pythia trajectories,pythia_0.070542B_trajectory,368,3.0049,3.0066523786967734,0.001752378696773249,0.001752378696773249
0.070542,39.586,3.0039,18,1,pythia_0.070542B_trajectory,B3,interpolated Pythia trajectories,pythia_0.070542B_trajectory,369,3.0039,3.0047323028970343,0.0008323028970345092,0.0008323028970345092
0.070542,40.203,3.0029,19,1,pythia_0.070542B_trajectory,B3,interpolated Pythia trajectories,pythia_0.070542B_trajectory,370,3.0029,3.0028188318904694,-8.116810953051612e-05,8.116810953051612e-05
0.070542,40.829,3.0016,19,1,pythia_0.070542B_trajectory,B3,interpolated Pythia trajectories,pythia_0.070542B_trajectory,371,3.0016,3.0009154824769566,-0.0006845175230432154,0.0006845175230432154
0.070542,41.465,2.9986,19,1,pythia_0.070542B_trajectory,B3,interpolated Pythia trajectories,pythia_0.070542B_trajectory,372,2.9986,2.9990196006359158,0.0004196006359156179,0.0004196006359156179
0.070542,42.111,2.994,20,1,pythia_0.070542B_trajectory,B3,interpolated Pythia trajectories,pythia_0.070542B_trajectory,373,2.994,2.997131633949106,0.003131633949105872,0.003131633949105872
0.070542,42.767,2.992,20,1,pythia_0.070542B_trajectory,B3,interpolated Pythia trajectories,pythia_0.070542B_trajectory,374,2.992,2.9952520007272536,0.0032520007272536233,0.0032520007272536233
0.070542,43.433,2.991,20,1,pythia_0.070542B_trajectory,B3,interpolated Pythia trajectories,pythia_0.070542B_trajectory,375,2.991,2.99338109119416,0.0023810911941599677,0.0023810911941599677
0.070542,44.11,2.9943,21,1,pythia_0.070542B_trajectory,B3,interpolated Pythia trajectories,pythia_0.070542B_trajectory,376,2.9943,2.991516541576859,-0.002783458423140761,0.002783458423140761
0.070542,44.797,2.9909,21,1,pythia_0.070542B_trajectory,B3,interpolated Pythia trajectories,pythia_0.070542B_trajectory,377,2.9909,2.9896615232184227,-0.0012384767815771802,0.0012384767815771802
0.070542,45.495,2.9884,21,1,pythia_0.070542B_trajectory,B3,interpolated Pythia trajectories,pythia_0.070542B_trajectory,378,2.9884,2.98781372441758,-0.0005862755824197485,0.0005862755824197485
0.070542,46.204,2.9819,22,1,pythia_0.070542B_trajectory,B3,interpolated Pythia trajectories,pythia_0.070542B_trajectory,379,2.9819,2.985973585128514,0.004073585128514079,0.004073585128514079
0.070542,46.923,2.9849,22,1,pythia_0.070542B_trajectory,B3,interpolated Pythia trajectories,pythia_0.070542B_trajectory,380,2.9849,2.9841440361607763,-0.0007559638392238277,0.0007559638392238277
0.070542,47.654,2.9798,22,1,pythia_0.070542B_trajectory,B3,interpolated Pythia trajectories,pythia_0.070542B_trajectory,381,2.9798,2.9823203728083634,0.002520372808363369,0.002520372808363369
0.070542,48.397,2.9764,23,1,pythia_0.070542B_trajectory,B3,interpolated Pythia trajectories,pythia_0.070542B_trajectory,382,2.9764,2.980503100494479,0.0041031004944791505,0.0041031004944791505
0.070542,49.15,2.9792,23,1,pythia_0.070542B_trajectory,B3,interpolated Pythia trajectories,pythia_0.070542B_trajectory,383,2.9792,2.978697442297476,-0.0005025577025241645,0.0005025577025241645
0.070542,49.916,2.9751,23,1,pythia_0.070542B_trajectory,B3,interpolated Pythia trajectories,pythia_0.070542B_trajectory,384,2.9751,2.9768965800748473,0.0017965800748473981,0.0017965800748473981
0.070542,50.694,2.9726,24,1,pythia_0.070542B_trajectory,B3,interpolated Pythia trajectories,pythia_0.070542B_trajectory,385,2.9726,2.9751033542338936,0.0025033542338936954,0.0025033542338936954
0.070542,51.483,2.9746,24,1,pythia_0.070542B_trajectory,B3,interpolated Pythia trajectories,pythia_0.070542B_trajectory,386,2.9746,2.9733203933339536,-0.00127960666604654,0.00127960666604654
0.070542,52.285,2.9706,25,1,pythia_0.070542B_trajectory,B3,interpolated Pythia trajectories,pythia_0.070542B_trajectory,387,2.9706,2.9715435430261863,0.0009435430261861555,0.0009435430261861555
0.070542,53.1,2.9709,25,1,pythia_0.070542B_trajectory,B3,interpolated Pythia trajectories,pythia_0.070542B_trajectory,388,2.9709,2.969773274028368,-0.0011267259716318812,0.0011267259716318812
0.070542,53.927,2.9668,25,1,pythia_0.070542B_trajectory,B3,interpolated Pythia trajectories,pythia_0.070542B_trajectory,389,2.9668,2.9680121362446603,0.0012121362446602113,0.0012121362446602113
0.070542,54.767,2.9651,26,1,pythia_0.070542B_trajectory,B3,interpolated Pythia trajectories,pythia_0.070542B_trajectory,390,2.9651,2.9662583514831518,0.0011583514831516872,0.0011583514831516872
0.070542,55.62,2.9658,26,1,pythia_0.070542B_trajectory,B3,interpolated Pythia trajectories,pythia_0.070542B_trajectory,391,2.9658,2.9645123080889415,-0.0012876919110587082,0.0012876919110587082
0.070542,56.487,2.9586,27,1,pythia_0.070542B_trajectory,B3,interpolated Pythia trajectories,pythia_0.070542B_trajectory,392,2.9586,2.9627723812236186,0.004172381223618515,0.004172381223618515
0.070542,57.367,2.9621,27,1,pythia_0.070542B_trajectory,B3,interpolated Pythia trajectories,pythia_0.070542B_trajectory,393,2.9621,2.961040973092676,-0.0010590269073240677,0.0010590269073240677
0.070542,58.26,2.9645,27,1,pythia_0.070542B_trajectory,B3,interpolated Pythia trajectories,pythia_0.070542B_trajectory,394,2.9645,2.959318394670645,-0.005181605329354966,0.005181605329354966
0.070542,59.168,2.9609,28,1,pythia_0.070542B_trajectory,B3,interpolated Pythia trajectories,pythia_0.070542B_trajectory,395,2.9609,2.957601188815733,-0.003298811184266892,0.003298811184266892
0.070542,60.09,2.9542,28,1,pythia_0.070542B_trajectory,B3,interpolated Pythia trajectories,pythia_0.070542B_trajectory,396,2.9542,2.9558916776187742,0.00169167761877409,0.00169167761877409
0.070542,61.026,2.9493,29,1,pythia_0.070542B_trajectory,B3,interpolated Pythia trajectories,pythia_0.070542B_trajectory,397,2.9493,2.9541902096839157,0.004890209683915625,0.004890209683915625
0.070542,61.976,2.9507,29,1,pythia_0.070542B_trajectory,B3,interpolated Pythia trajectories,pythia_0.070542B_trajectory,398,2.9507,2.9524971093659818,0.0017971093659818749,0.0017971093659818749
0.070542,62.942,2.9506,30,1,pythia_0.070542B_trajectory,B3,interpolated Pythia trajectories,pythia_0.070542B_trajectory,399,2.9506,2.9508092175211766,0.00020921752117653014,0.00020921752117653014
0.070542,63.922,2.9494,30,1,pythia_0.070542B_trajectory,B3,interpolated Pythia trajectories,pythia_0.070542B_trajectory,400,2.9494,2.949130408743494,-0.00026959125650583005,0.00026959125650583005
0.070542,64.918,2.9489,31,1,pythia_0.070542B_trajectory,B3,interpolated Pythia trajectories,pythia_0.070542B_trajectory,401,2.9489,2.9474576104889336,-0.0014423895110664553,0.0014423895110664553
0.070542,65.929,2.948,31,1,pythia_0.070542B_trajectory,B3,interpolated Pythia trajectories,pythia_0.070542B_trajectory,402,2.948,2.9457928817368506,-0.0022071182631493436,0.0022071182631493436
0.070542,66.956,2.9448,32,1,pythia_0.070542B_trajectory,B3,interpolated Pythia trajectories,pythia_0.070542B_trajectory,403,2.9448,2.944134929602088,-0.000665070397912082,0.000665070397912082
0.070542,67.999,2.9431,32,1,pythia_0.070542B_trajectory,B3,interpolated Pythia trajectories,pythia_0.070542B_trajectory,404,2.9431,2.9424841313239383,-0.0006158686760615595,0.0006158686760615595
0.070542,69.058,2.9406,33,1,pythia_0.070542B_trajectory,B3,interpolated Pythia trajectories,pythia_0.070542B_trajectory,405,2.9406,2.9408408390951806,0.00024083909518068936,0.00024083909518068936
0.070542,70.134,2.9429,33,1,pythia_0.070542B_trajectory,B3,interpolated Pythia trajectories,pythia_0.070542B_trajectory,406,2.9429,2.9392038746979856,-0.0036961253020142415,0.0036961253020142415
0.070542,71.227,2.9341,34,1,pythia_0.070542B_trajectory,B3,interpolated Pythia trajectories,pythia_0.070542B_trajectory,407,2.9341,2.9375736317836725,0.0034736317836725483,0.0034736317836725483
0.070542,72.336,2.9367,34,1,pythia_0.070542B_trajectory,B3,interpolated Pythia trajectories,pythia_0.070542B_trajectory,408,2.9367,2.9359519263669376,-0.0007480736330625071,0.0007480736330625071
0.070542,73.463,2.932,35,1,pythia_0.070542B_trajectory,B3,interpolated Pythia trajectories,pythia_0.070542B_trajectory,409,2.932,2.9343361777766446,0.0023361777766446323,0.0023361777766446323
0.070542,74.608,2.9319,35,1,pythia_0.070542B_trajectory,B3,interpolated Pythia trajectories,pythia_0.070542B_trajectory,410,2.9319,2.932726791142214,0.0008267911422139562,0.0008267911422139562
0.070542,75.77,2.9295,36,1,pythia_0.070542B_trajectory,B3,interpolated Pythia trajectories,pythia_0.070542B_trajectory,411,2.9295,2.9311255102031852,0.001625510203185243,0.001625510203185243
0.070542,76.95,2.9311,36,1,pythia_0.070542B_trajectory,B3,interpolated Pythia trajectories,pythia_0.070542B_trajectory,412,2.9311,2.9295312714304087,-0.0015687285695911157,0.0015687285695911157
0.070542,78.149,2.9285,37,1,pythia_0.070542B_trajectory,B3,interpolated Pythia trajectories,pythia_0.070542B_trajectory,413,2.9285,2.9279430954305616,-0.0005569045694384656,0.0005569045694384656
0.070542,79.366,2.9304,37,1,pythia_0.070542B_trajectory,B3,interpolated Pythia trajectories,pythia_0.070542B_trajectory,414,2.9304,2.92636265441988,-0.004037345580119922,0.004037345580119922
0.070542,80.603,2.9228,38,1,pythia_0.070542B_trajectory,B3,interpolated Pythia trajectories,pythia_0.070542B_trajectory,415,2.9228,2.9247877128593385,0.0019877128593384086,0.0019877128593384086
0.070542,81.858,2.9223,39,1,pythia_0.070542B_trajectory,B3,interpolated Pythia trajectories,pythia_0.070542B_trajectory,416,2.9223,2.923221155690255,0.0009211556902553042,0.0009211556902553042
0.070542,83.133,2.9201,39,1,pythia_0.070542B_trajectory,B3,interpolated Pythia trajectories,pythia_0.070542B_trajectory,417,2.9201,2.9216608011661442,0.001560801166144099,0.001560801166144099
0.070542,84.428,2.9202,40,1,pythia_0.070542B_trajectory,B3,interpolated Pythia trajectories,pythia_0.070542B_trajectory,418,2.9202,2.920107014295742,-9.29857042577531e-05,9.29857042577531e-05
0.070542,85.744,2.9172,41,1,pythia_0.070542B_trajectory,B3,interpolated Pythia trajectories,pythia_0.070542B_trajectory,419,2.9172,2.918558971373384,0.0013589713733841435,0.0013589713733841435
0.070542,87.079,2.9176,41,1,pythia_0.070542B_trajectory,B3,interpolated Pythia trajectories,pythia_0.070542B_trajectory,420,2.9176,2.9170193427890574,-0.0005806572109428032,0.0005806572109428032
0.070542,88.436,2.9143,42,1,pythia_0.070542B_trajectory,B3,interpolated Pythia trajectories,pythia_0.070542B_trajectory,421,2.9143,2.915484997396237,0.0011849973962370086,0.0011849973962370086
0.070542,89.813,2.9124,42,1,pythia_0.070542B_trajectory,B3,interpolated Pythia trajectories,pythia_0.070542B_trajectory,422,2.9124,2.9139585369406804,0.0015585369406805327,0.0015585369406805327
0.070542,91.212,2.9122,43,1,pythia_0.070542B_trajectory,B3,interpolated Pythia trajectories,pythia_0.070542B_trajectory,423,2.9122,2.9124380611874106,0.00023806118741065418,0.00023806118741065418
0.070542,92.633,2.9092,44,1,pythia_0.070542B_trajectory,B3,interpolated Pythia trajectories,pythia_0.070542B_trajectory,424,2.9092,2.9109239293105658,0.0017239293105659748,0.0017239293105659748
0.070542,94.076,2.9097,45,1,pythia_0.070542B_trajectory,B3,interpolated Pythia trajectories,pythia_0.070542B_trajectory,425,2.9097,2.9094164770017126,-0.0002835229982873777,0.0002835229982873777
0.070542,95.542,2.9068,45,1,pythia_0.070542B_trajectory,B3,interpolated Pythia trajectories,pythia_0.070542B_trajectory,426,2.9068,2.9079150032906327,0.0011150032906326324,0.0011150032906326324
0.070542,97.03,2.9071,46,1,pythia_0.070542B_trajectory,B3,interpolated Pythia trajectories,pythia_0.070542B_trajectory,427,2.9071,2.906420853576865,-0.0006791464231348243,0.0006791464231348243
0.070542,98.542,2.9002,47,1,pythia_0.070542B_trajectory,B3,interpolated Pythia trajectories,pythia_0.070542B_trajectory,428,2.9002,2.904932347947356,0.004732347947355997,0.004732347947355997
0.070542,100.077,2.9046,47,1,pythia_0.070542B_trajectory,B3,interpolated Pythia trajectories,pythia_0.070542B_trajectory,429,2.9046,2.9034508064738533,-0.001149193526146508,0.001149193526146508
0.070542,101.636,2.9019,48,1,pythia_0.070542B_trajectory,B3,interpolated Pythia trajectories,pythia_0.070542B_trajectory,430,2.9019,2.9019755769223576,7.557692235771185e-05,7.557692235771185e-05
0.070542,103.219,2.9038,49,1,pythia_0.070542B_trajectory,B3,interpolated Pythia trajectories,pythia_0.070542B_trajectory,431,2.9038,2.9005069787398323,-0.0032930212601676168,0.0032930212601676168
0.070542,104.827,2.8976,50,1,pythia_0.070542B_trajectory,B3,interpolated Pythia trajectories,pythia_0.070542B_trajectory,432,2.8976,2.8990444091030447,0.0014444091030445527,0.0014444091030445527
0.070542,106.46,2.8967,50,1,pythia_0.070542B_trajectory,B3,interpolated Pythia trajectories,pythia_0.070542B_trajectory,433,2.8967,2.8975881979580924,0.0008881979580923627,0.0008881979580923627
0.070542,108.118,2.8956,51,1,pythia_0.070542B_trajectory,B3,interpolated Pythia trajectories,pythia_0.070542B_trajectory,434,2.8956,2.89613865326414,0.0005386532641402653,0.0005386532641402653
0.070542,109.802,2.8963,52,1,pythia_0.070542B_trajectory,B3,interpolated Pythia trajectories,pythia_0.070542B_trajectory,435,2.8963,2.8946952131722,-0.0016047868278001864,0.0016047868278001864
0.070542,111.513,2.8956,53,1,pythia_0.070542B_trajectory,B3,interpolated Pythia trajectories,pythia_0.070542B_trajectory,436,2.8956,2.893257362108012,-0.002342637891987742,0.002342637891987742
0.070542,113.25,2.8913,54,1,pythia_0.070542B_trajectory,B3,interpolated Pythia trajectories,pythia_0.070542B_trajectory,437,2.8913,2.89182625994228,0.0005262599422799497,0.0005262599422799497
0.070542,115.014,2.8914,55,1,pythia_0.070542B_trajectory,B3,interpolated Pythia trajectories,pythia_0.070542B_trajectory,438,2.8914,2.8904013806122255,-0.0009986193877744576,0.0009986193877744576
0.070542,116.806,2.8877,55,1,pythia_0.070542B_trajectory,B3,interpolated Pythia trajectories,pythia_0.070542B_trajectory,439,2.8877,2.8889822411245643,0.0012822411245640986,0.0012822411245640986
0.070542,118.625,2.8864,56,1,pythia_0.070542B_trajectory,B3,interpolated Pythia trajectories,pythia_0.070542B_trajectory,440,2.8864,2.8875699368648187,0.0011699368648185882,0.0011699368648185882
0.070542,120.473,2.8862,57,1,pythia_0.070542B_trajectory,B3,interpolated Pythia trajectories,pythia_0.070542B_trajectory,441,2.8862,2.8861632202238314,-3.6779776168671674e-05,3.6779776168671674e-05
0.070542,122.35,2.8844,58,1,pythia_0.070542B_trajectory,B3,interpolated Pythia trajectories,pythia_0.070542B_trajectory,442,2.8844,2.8847624206877556,0.0003624206877557157,0.0003624206877557157
0.070542,124.256,2.8825,59,1,pythia_0.070542B_trajectory,B3,interpolated Pythia trajectories,pythia_0.070542B_trajectory,443,2.8825,2.8833678461221894,0.0008678461221895972,0.0008678461221895972
0.070542,126.191,2.8771,60,1,pythia_0.070542B_trajectory,B3,interpolated Pythia trajectories,pythia_0.070542B_trajectory,444,2.8771,2.881979783649656,0.004879783649656133,0.004879783649656133
0.070542,128.157,2.8818,61,1,pythia_0.070542B_trajectory,B3,interpolated Pythia trajectories,pythia_0.070542B_trajectory,445,2.8818,2.8805971077444448,-0.0012028922555553656,0.0012028922555553656
0.070542,130.154,2.8764,62,1,pythia_0.070542B_trajectory,B3,interpolated Pythia trajectories,pythia_0.070542B_trajectory,446,2.8764,2.8792201484089217,0.002820148408921863,0.002820148408921863
0.070542,132.181,2.8798,63,1,pythia_0.070542B_trajectory,B3,interpolated Pythia trajectories,pythia_0.070542B_trajectory,447,2.8798,2.877849883510227,-0.0019501164897728351,0.0019501164897728351
0.070542,134.24,2.8754,64,1,pythia_0.070542B_trajectory,B3,interpolated Pythia trajectories,pythia_0.070542B_trajectory,448,2.8754,2.8764852491070165,0.0010852491070165726,0.0010852491070165726
0.070542,136.331,2.8735,65,1,pythia_0.070542B_trajectory,B3,interpolated Pythia trajectories,pythia_0.070542B_trajectory,449,2.8735,2.8751265526444856,0.0016265526444856349,0.0016265526444856349
0.070542,138.455,2.8773,66,1,pythia_0.070542B_trajectory,B3,interpolated Pythia trajectories,pythia_0.070542B_trajectory,450,2.8773,2.8737734502812926,-0.0035265497187073613,0.0035265497187073613
0.070542,140.612,2.8657,67,1,pythia_0.070542B_trajectory,B3,interpolated Pythia trajectories,pythia_0.070542B_trajectory,451,2.8657,2.8724262463729335,0.00672624637293362,0.00672624637293362
0.070542,142.802,2.8714,68,1,pythia_0.070542B_trajectory,B3,interpolated Pythia trajectories,pythia_0.070542B_trajectory,452,2.8714,2.8710852249658374,-0.00031477503416255104,0.00031477503416255104
0.070542,145.027,2.8708,69,1,pythia_0.070542B_trajectory,B3,interpolated Pythia trajectories,pythia_0.070542B_trajectory,453,2.8708,2.8697494617481896,-0.0010505382518104511,0.0010505382518104511
0.070542,147.286,2.8654,70,1,pythia_0.070542B_trajectory,B3,interpolated Pythia trajectories,pythia_0.070542B_trajectory,454,2.8654,2.868419855269329,0.0030198552693287972,0.0030198552693287972
0.070542,149.58,2.8647,71,1,pythia_0.070542B_trajectory,B3,interpolated Pythia trajectories,pythia_0.070542B_trajectory,455,2.8647,2.867096095012848,0.0023960950128478764,0.0023960950128478764
0.070542,151.91,2.8619,72,1,pythia_0.070542B_trajectory,B3,interpolated Pythia trajectories,pythia_0.070542B_trajectory,456,2.8619,2.8657778967675522,0.003877896767552347,0.003877896767552347
0.070542,154.277,2.8651,73,1,pythia_0.070542B_trajectory,B3,interpolated Pythia trajectories,pythia_0.070542B_trajectory,457,2.8651,2.864465001200536,-0.0006349987994638262,0.0006349987994638262
0.070542,156.68,2.8635,74,1,pythia_0.070542B_trajectory,B3,interpolated Pythia trajectories,pythia_0.070542B_trajectory,458,2.8635,2.863158249396124,-0.0003417506038760898,0.0003417506038760898
0.070542,159.121,2.8643,76,1,pythia_0.070542B_trajectory,B3,interpolated Pythia trajectories,pythia_0.070542B_trajectory,459,2.8643,2.861856836541221,-0.0024431634587789297,0.0024431634587789297
0.070542,161.6,2.8598,77,1,pythia_0.070542B_trajectory,B3,interpolated Pythia trajectories,pythia_0.070542B_trajectory,460,2.8598,2.860561057741904,0.0007610577419039366,0.0007610577419039366
0.070542,164.117,2.8646,78,1,pythia_0.070542B_trajectory,B3,interpolated Pythia trajectories,pythia_0.070542B_trajectory,461,2.8646,2.859271188478473,-0.005328811521526866,0.005328811521526866
0.070542,166.674,2.8604,79,1,pythia_0.070542B_trajectory,B3,interpolated Pythia trajectories,pythia_0.070542B_trajectory,462,2.8604,2.8579864904399157,-0.002413509560084126,0.002413509560084126
0.070542,169.27,2.8551,80,1,pythia_0.070542B_trajectory,B3,interpolated Pythia trajectories,pythia_0.070542B_trajectory,463,2.8551,2.8567077484387164,0.00160774843871625,0.00160774843871625
0.070542,171.907,2.8584,82,1,pythia_0.070542B_trajectory,B3,interpolated Pythia trajectories,pythia_0.070542B_trajectory,464,2.8584,2.8554342549226104,-0.00296574507738967,0.00296574507738967
0.070542,174.585,2.8495,83,1,pythia_0.070542B_trajectory,B3,interpolated Pythia trajectories,pythia_0.070542B_trajectory,465,2.8495,2.854166297231719,0.004666297231719074,0.004666297231719074
0.070542,177.304,2.8513,84,1,pythia_0.070542B_trajectory,B3,interpolated Pythia trajectories,pythia_0.070542B_trajectory,466,2.8513,2.852904143559441,0.0016041435594407183,0.0016041435594407183
0.070542,180.066,2.8564,86,1,pythia_0.070542B_trajectory,B3,interpolated Pythia trajectories,pythia_0.070542B_trajectory,467,2.8564,2.8516471424746905,-0.004752857525309295,0.004752857525309295
0.070542,182.871,2.8524,87,1,pythia_0.070542B_trajectory,B3,interpolated Pythia trajectories,pythia_0.070542B_trajectory,468,2.8524,2.850395579156572,-0.002004420843428001,0.002004420843428001
0.070542,185.72,2.8499,88,1,pythia_0.070542B_trajectory,B3,interpolated Pythia trajectories,pythia_0.070542B_trajectory,469,2.8499,2.8491492866781254,-0.0007507133218744855,0.0007507133218744855
0.070542,188.613,2.8454,90,1,pythia_0.070542B_trajectory,B3,interpolated Pythia trajectories,pythia_0.070542B_trajectory,470,2.8454,2.8479085385277,0.002508538527699944,0.002508538527699944
0.070542,191.551,2.8437,91,1,pythia_0.070542B_trajectory,B3,interpolated Pythia trajectories,pythia_0.070542B_trajectory,471,2.8437,2.8466731734122304,0.0029731734122302456,0.0029731734122302456
0.070542,194.535,2.8452,93,1,pythia_0.070542B_trajectory,B3,interpolated Pythia trajectories,pythia_0.070542B_trajectory,472,2.8452,2.8454430449776913,0.00024304497769112032,0.00024304497769112032
0.070542,197.566,2.8451,94,1,pythia_0.070542B_trajectory,B3,interpolated Pythia trajectories,pythia_0.070542B_trajectory,473,2.8451,2.8442180209405428,-0.0008819790594571941,0.0008819790594571941
0.070542,200.643,2.8434,96,1,pythia_0.070542B_trajectory,B3,interpolated Pythia trajectories,pythia_0.070542B_trajectory,474,2.8434,2.842998766957578,-0.00040123304242190017,0.00040123304242190017
0.070542,203.769,2.8407,97,1,pythia_0.070542B_trajectory,B3,interpolated Pythia trajectories,pythia_0.070542B_trajectory,475,2.8407,2.8417843609827673,0.0010843609827673184,0.0010843609827673184
0.070542,206.943,2.838,99,1,pythia_0.070542B_trajectory,B3,interpolated Pythia trajectories,pythia_0.070542B_trajectory,476,2.838,2.8405754632640066,0.0025754632640064834,0.0025754632640064834
0.070542,210.167,2.84,100,1,pythia_0.070542B_trajectory,B3,interpolated Pythia trajectories,pythia_0.070542B_trajectory,477,2.84,2.839371576658238,-0.0006284233417619411,0.0006284233417619411
0.070542,213.441,2.8368,102,1,pythia_0.070542B_trajectory,B3,interpolated Pythia trajectories,pythia_0.070542B_trajectory,478,2.8368,2.8381729699741376,0.0013729699741373835,0.0013729699741373835
0.070542,216.766,2.8385,103,1,pythia_0.070542B_trajectory,B3,interpolated Pythia trajectories,pythia_0.070542B_trajectory,479,2.8385,2.8369795386318173,-0.001520461368182513,0.001520461368182513
0.070542,220.142,2.8366,105,1,pythia_0.070542B_trajectory,B3,interpolated Pythia trajectories,pythia_0.070542B_trajectory,480,2.8366,2.8357915370781726,-0.0008084629218272354,0.0008084629218272354
0.070542,223.572,2.8304,106,1,pythia_0.070542B_trajectory,B3,interpolated Pythia trajectories,pythia_0.070542B_trajectory,481,2.8304,2.834608177564492,0.004208177564491766,0.004208177564491766
0.070542,227.054,2.8341,108,1,pythia_0.070542B_trajectory,B3,interpolated Pythia trajectories,pythia_0.070542B_trajectory,482,2.8341,2.8334304105820456,-0.0006695894179542528,0.0006695894179542528
0.070542,230.591,2.8318,110,1,pythia_0.070542B_trajectory,B3,interpolated Pythia trajectories,pythia_0.070542B_trajectory,483,2.8318,2.832257474024541,0.0004574740245413267,0.0004574740245413267
0.070542,234.183,2.8315,112,1,pythia_0.070542B_trajectory,B3,interpolated Pythia trajectories,pythia_0.070542B_trajectory,484,2.8315,2.831089632708271,-0.0004103672917290524,0.0004103672917290524
0.070542,237.831,2.8282,113,1,pythia_0.070542B_trajectory,B3,interpolated Pythia trajectories,pythia_0.070542B_trajectory,485,2.8282,2.8299268181897625,0.0017268181897627244,0.0017268181897627244
0.070542,241.536,2.8307,115,1,pythia_0.070542B_trajectory,B3,interpolated Pythia trajectories,pythia_0.070542B_trajectory,486,2.8307,2.828768969834422,-0.0019310301655783846,0.0019310301655783846
0.070542,245.299,2.8246,117,1,pythia_0.070542B_trajectory,B3,interpolated Pythia trajectories,pythia_0.070542B_trajectory,487,2.8246,2.8276160343002883,0.003016034300288073,0.003016034300288073
0.070542,249.12,2.8255,119,1,pythia_0.070542B_trajectory,B3,interpolated Pythia trajectories,pythia_0.070542B_trajectory,488,2.8255,2.8264682624766326,0.0009682624766327308,0.0009682624766327308
0.070542,253.001,2.8269,121,1,pythia_0.070542B_trajectory,B3,interpolated Pythia trajectories,pythia_0.070542B_trajectory,489,2.8269,2.825325305068242,-0.0015746949317581027,0.0015746949317581027
0.070542,256.942,2.8236,122,1,pythia_0.070542B_trajectory,B3,interpolated Pythia trajectories,pythia_0.070542B_trajectory,490,2.8236,2.8241874139830796,0.0005874139830797098,0.0005874139830797098
0.070542,260.944,2.8253,124,1,pythia_0.070542B_trajectory,B3,interpolated Pythia trajectories,pythia_0.070542B_trajectory,491,2.8253,2.8230545438857453,-0.0022454561142546403,0.0022454561142546403
0.070542,265.009,2.8214,126,1,pythia_0.070542B_trajectory,B3,interpolated Pythia trajectories,pythia_0.070542B_trajectory,492,2.8214,2.8219263803427883,0.0005263803427881797,0.0005263803427881797
0.070542,269.138,2.8197,128,1,pythia_0.070542B_trajectory,B3,interpolated Pythia trajectories,pythia_0.070542B_trajectory,493,2.8197,2.82080290516981,0.0011029051698097092,0.0011029051698097092
0.070542,273.33,2.8176,130,1,pythia_0.070542B_trajectory,B3,interpolated Pythia trajectories,pythia_0.070542B_trajectory,494,2.8176,2.8196846327408953,0.0020846327408952092,0.0020846327408952092
0.070542,277.588,2.8216,132,1,pythia_0.070542B_trajectory,B3,interpolated Pythia trajectories,pythia_0.070542B_trajectory,495,2.8216,2.8185710041034775,-0.0030289958965226127,0.0030289958965226127
0.070542,281.912,2.8165,134,1,pythia_0.070542B_trajectory,B3,interpolated Pythia trajectories,pythia_0.070542B_trajectory,496,2.8165,2.8174622673857703,0.0009622673857703212,0.0009622673857703212
0.070542,286.304,2.8189,136,1,pythia_0.070542B_trajectory,B3,interpolated Pythia trajectories,pythia_0.070542B_trajectory,497,2.8189,2.8163581562564852,-0.00254184374351496,0.00254184374351496
0.070542,290.764,2.8153,139,1,pythia_0.070542B_trajectory,B3,interpolated Pythia trajectories,pythia_0.070542B_trajectory,498,2.8153,2.815258915537288,-4.1084462712337455e-05,4.1084462712337455e-05
0.070542,295.293,2.8127,141,1,pythia_0.070542B_trajectory,B3,interpolated Pythia trajectories,pythia_0.070542B_trajectory,499,2.8127,2.8141645343539383,0.0014645343539383404,0.0014645343539383404
0.070542,299.893,2.8164,143,1,pythia_0.070542B_trajectory,B3,interpolated Pythia trajectories,pythia_0.070542B_trajectory,500,2.8164,2.813074770242556,-0.0033252297574439815,0.0033252297574439815
0.162405,0.134,4.5229,0,1,pythia_0.162405B_trajectory,B3,interpolated Pythia trajectories,pythia_0.162405B_trajectory,501,4.5229,4.523354577423474,0.00045457742347387864,0.00045457742347387864
0.162405,0.136,4.5164,0,1,pythia_0.162405B_trajectory,B3,interpolated Pythia trajectories,pythia_0.162405B_trajectory,502,4.5164,4.514347040856806,-0.002052959143194144,0.002052959143194144
0.162405,0.138,4.5062,0,1,pythia_0.162405B_trajectory,B3,interpolated Pythia trajectories,pythia_0.162405B_trajectory,503,4.5062,4.505507466079768,-0.0006925339202314973,0.0006925339202314973
0.162405,0.14,4.4988,0,1,pythia_0.162405B_trajectory,B3,interpolated Pythia trajectories,pythia_0.162405B_trajectory,504,4.4988,4.496830354118373,-0.00196964588162718,0.00196964588162718
0.162405,0.143,4.4923,0,1,pythia_0.162405B_trajectory,B3,interpolated Pythia trajectories,pythia_0.162405B_trajectory,505,4.4923,4.484107899538429,-0.008192100461570817,0.008192100461570817
0.162405,0.145,4.484,0,1,pythia_0.162405B_trajectory,B3,interpolated Pythia trajectories,pythia_0.162405B_trajectory,506,4.484,4.475814524979999,-0.00818547502000122,0.00818547502000122
0.162405,0.147,4.4782,0,1,pythia_0.162405B_trajectory,B3,interpolated Pythia trajectories,pythia_0.162405B_trajectory,507,4.4782,4.467666280192496,-0.01053371980750395,0.01053371980750395
0.162405,0.149,4.4632,0,1,pythia_0.162405B_trajectory,B3,interpolated Pythia trajectories,pythia_0.162405B_trajectory,508,4.4632,4.459658702126319,-0.0035412978736806267,0.0035412978736806267
0.162405,0.152,4.4514,0,1,pythia_0.162405B_trajectory,B3,interpolated Pythia trajectories,pythia_0.162405B_trajectory,509,4.4514,4.447901798943369,-0.0034982010566304567,0.0034982010566304567
0.162405,0.154,4.4474,0,1,pythia_0.162405B_trajectory,B3,interpolated Pythia trajectories,pythia_0.162405B_trajectory,510,4.4474,4.440227613594441,-0.007172386405558839,0.007172386405558839
0.162405,0.156,4.4384,0,1,pythia_0.162405B_trajectory,B3,interpolated Pythia trajectories,pythia_0.162405B_trajectory,511,4.4384,4.432679938478517,-0.0057200615214823,0.0057200615214823
0.162405,0.159,4.4292,0,1,pythia_0.162405B_trajectory,B3,interpolated Pythia trajectories,pythia_0.162405B_trajectory,512,4.4292,4.421587650661487,-0.007612349338512736,0.007612349338512736
0.162405,0.161,4.4206,0,1,pythia_0.162405B_trajectory,B3,interpolated Pythia trajectories,pythia_0.162405B_trajectory,513,4.4206,4.414340532650188,-0.006259467349812198,0.006259467349812198
0.162405,0.164,4.4095,0,1,pythia_0.162405B_trajectory,B3,interpolated Pythia trajectories,pythia_0.162405B_trajectory,514,4.4095,4.403683202251948,-0.005816797748052771,0.005816797748052771
0.162405,0.166,4.4024,0,1,pythia_0.162405B_trajectory,B3,interpolated Pythia trajectories,pythia_0.162405B_trajectory,515,4.4024,4.396715965012781,-0.005684034987218922,0.005684034987218922
0.162405,0.169,4.3933,0,1,pythia_0.162405B_trajectory,B3,interpolated Pythia trajectories,pythia_0.162405B_trajectory,516,4.3933,4.386464113091746,-0.006835886908254096,0.006835886908254096
0.162405,0.172,4.3852,0,1,pythia_0.162405B_trajectory,B3,interpolated Pythia trajectories,pythia_0.162405B_trajectory,517,4.3852,4.376442574086065,-0.008757425913935357,0.008757425913935357
0.162405,0.174,4.3765,0,1,pythia_0.162405B_trajectory,B3,interpolated Pythia trajectories,pythia_0.162405B_trajectory,518,4.3765,4.3698850055180145,-0.006614994481985548,0.006614994481985548
0.162405,0.177,4.3742,0,1,pythia_0.162405B_trajectory,B3,interpolated Pythia trajectories,pythia_0.162405B_trajectory,519,4.3742,4.360227442988144,-0.013972557011856068,0.013972557011856068
0.162405,0.18,4.3634,0,1,pythia_0.162405B_trajectory,B3,interpolated Pythia trajectories,pythia_0.162405B_trajectory,520,4.3634,4.350777140625074,-0.012622859374926243,0.012622859374926243
0.162405,0.183,4.3476,0,1,pythia_0.162405B_trajectory,B3,interpolated Pythia trajectories,pythia_0.162405B_trajectory,521,4.3476,4.341526305648799,-0.006073694351201198,0.006073694351201198
0.162405,0.185,4.3445,0,1,pythia_0.162405B_trajectory,B3,interpolated Pythia trajectories,pythia_0.162405B_trajectory,522,4.3445,4.335466237848561,-0.009033762151439362,0.009033762151439362
0.162405,0.188,4.3334,0,1,pythia_0.162405B_trajectory,B3,interpolated Pythia trajectories,pythia_0.162405B_trajectory,523,4.3334,4.326531644632949,-0.006868355367051215,0.006868355367051215
0.162405,0.191,4.3259,0,1,pythia_0.162405B_trajectory,B3,interpolated Pythia trajectories,pythia_0.162405B_trajectory,524,4.3259,4.317777689515341,-0.008122310484658612,0.008122310484658612
0.162405,0.194,4.3159,0,1,pythia_0.162405B_trajectory,B3,interpolated Pythia trajectories,pythia_0.162405B_trajectory,525,4.3159,4.30919796797782,-0.0067020320221802265,0.0067020320221802265
0.162405,0.197,4.3091,0,1,pythia_0.162405B_trajectory,B3,interpolated Pythia trajectories,pythia_0.162405B_trajectory,526,4.3091,4.300786397174924,-0.008313602825076316,0.008313602825076316
0.162405,0.2,4.3032,0,1,pythia_0.162405B_trajectory,B3,interpolated Pythia trajectories,pythia_0.162405B_trajectory,527,4.3032,4.292537195169178,-0.010662804830822381,0.010662804830822381
0.162405,0.203,4.2922,0,1,pythia_0.162405B_trajectory,B3,interpolated Pythia trajectories,pythia_0.162405B_trajectory,528,4.2922,4.284444861795638,-0.007755138204362133,0.007755138204362133
0.162405,0.207,4.2829,0,1,pythia_0.162405B_trajectory,B3,interpolated Pythia trajectories,pythia_0.162405B_trajectory,529,4.2829,4.27389008786397,-0.00900991213602964,0.00900991213602964
0.162405,0.21,4.2773,0,1,pythia_0.162405B_trajectory,B3,interpolated Pythia trajectories,pythia_0.162405B_trajectory,530,4.2773,4.2661438449980835,-0.011156155001916801,0.011156155001916801
0.162405,0.213,4.2638,0,1,pythia_0.162405B_trajectory,B3,interpolated Pythia trajectories,pythia_0.162405B_trajectory,531,4.2638,4.258537955044341,-0.005262044955658851,0.005262044955658851
0.162405,0.216,4.2586,0,1,pythia_0.162405B_trajectory,B3,interpolated Pythia trajectories,pythia_0.162405B_trajectory,532,4.2586,4.251067951220511,-0.007532048779489209,0.007532048779489209
0.162405,0.22,4.2514,0,1,pythia_0.162405B_trajectory,B3,interpolated Pythia trajectories,pythia_0.162405B_trajectory,533,4.2514,4.241311980369327,-0.010088019630673628,0.010088019630673628
0.162405,0.223,4.2414,0,1,pythia_0.162405B_trajectory,B3,interpolated Pythia trajectories,pythia_0.162405B_trajectory,534,4.2414,4.234142784503245,-0.007257215496754732,0.007257215496754732
0.162405,0.227,4.2356,0,1,pythia_0.162405B_trajectory,B3,interpolated Pythia trajectories,pythia_0.162405B_trajectory,535,4.2356,4.224773600537294,-0.010826399462706249,0.010826399462706249
0.162405,0.23,4.2222,0,1,pythia_0.162405B_trajectory,B3,interpolated Pythia trajectories,pythia_0.162405B_trajectory,536,4.2222,4.217884293482862,-0.004315706517138196,0.004315706517138196
0.162405,0.234,4.2138,0,1,pythia_0.162405B_trajectory,B3,interpolated Pythia trajectories,pythia_0.162405B_trajectory,537,4.2138,4.208875401107456,-0.004924598892544374,0.004924598892544374
0.162405,0.237,4.2039,0,1,pythia_0.162405B_trajectory,B3,interpolated Pythia trajectories,pythia_0.162405B_trajectory,538,4.2039,4.202247094636367,-0.0016529053636329394,0.0016529053636329394
0.162405,0.241,4.1991,0,1,pythia_0.162405B_trajectory,B3,interpolated Pythia trajectories,pythia_0.162405B_trajectory,539,4.1991,4.193574533432718,-0.005525466567281256,0.005525466567281256
0.162405,0.245,4.1906,0,1,pythia_0.162405B_trajectory,B3,interpolated Pythia trajectories,pythia_0.162405B_trajectory,540,4.1906,4.185084272221097,-0.005515727778902857,0.005515727778902857
0.162405,0.249,4.1827,0,1,pythia_0.162405B_trajectory,B3,interpolated Pythia trajectories,pythia_0.162405B_trajectory,541,4.1827,4.17676959515182,-0.005930404848180082,0.005930404848180082
0.162405,0.253,4.1689,0,1,pythia_0.162405B_trajectory,B3,interpolated Pythia trajectories,pythia_0.162405B_trajectory,542,4.1689,4.168624136648046,-0.00027586335195373124,0.00027586335195373124
0.162405,0.256,4.1651,0,1,pythia_0.162405B_trajectory,B3,interpolated Pythia trajectories,pythia_0.162405B_trajectory,543,4.1651,4.162622448087368,-0.0024775519126318812,0.0024775519126318812
0.162405,0.26,4.1532,0,1,pythia_0.162405B_trajectory,B3,interpolated Pythia trajectories,pythia_0.162405B_trajectory,544,4.1532,4.154758775670635,0.0015587756706345601,0.0015587756706345601
0.162405,0.265,4.1431,0,1,pythia_0.162405B_trajectory,B3,interpolated Pythia trajectories,pythia_0.162405B_trajectory,545,4.1431,4.145144191251319,0.0020441912513193827,0.0020441912513193827
0.162405,0.269,4.1384,0,1,pythia_0.162405B_trajectory,B3,interpolated Pythia trajectories,pythia_0.162405B_trajectory,546,4.1384,4.137618174231617,-0.0007818257683824825,0.0007818257683824825
0.162405,0.273,4.131,0,1,pythia_0.162405B_trajectory,B3,interpolated Pythia trajectories,pythia_0.162405B_trajectory,547,4.131,4.130234043821193,-0.0007659561788075919,0.0007659561788075919
0.162405,0.277,4.1242,0,1,pythia_0.162405B_trajectory,B3,interpolated Pythia trajectories,pythia_0.162405B_trajectory,548,4.1242,4.12298710415551,-0.001212895844489914,0.001212895844489914
0.162405,0.281,4.1194,0,1,pythia_0.162405B_trajectory,B3,interpolated Pythia trajectories,pythia_0.162405B_trajectory,549,4.1194,4.115872879755019,-0.003527120244981141,0.003527120244981141
0.162405,0.286,4.1098,0,1,pythia_0.162405B_trajectory,B3,interpolated Pythia trajectories,pythia_0.162405B_trajectory,550,4.1098,4.107160246164053,-0.002639753835946834,0.002639753835946834
0.162405,0.29,4.1022,0,1,pythia_0.162405B_trajectory,B3,interpolated Pythia trajectories,pythia_0.162405B_trajectory,551,4.1022,4.100329320357809,-0.0018706796421907868,0.0018706796421907868
0.162405,0.295,4.0959,0,1,pythia_0.162405B_trajectory,B3,interpolated Pythia trajectories,pythia_0.162405B_trajectory,552,4.0959,4.09195832856965,-0.003941671430350624,0.003941671430350624
0.162405,0.299,4.0897,0,1,pythia_0.162405B_trajectory,B3,interpolated Pythia trajectories,pythia_0.162405B_trajectory,553,4.0897,4.085391212107418,-0.004308787892581378,0.004308787892581378
0.162405,0.304,4.0836,0,1,pythia_0.162405B_trajectory,B3,interpolated Pythia trajectories,pythia_0.162405B_trajectory,554,4.0836,4.077338707879996,-0.006261292120004036,0.006261292120004036
0.162405,0.309,4.0731,0,1,pythia_0.162405B_trajectory,B3,interpolated Pythia trajectories,pythia_0.162405B_trajectory,555,4.0731,4.0694539544953106,-0.00364604550468961,0.00364604550468961
0.162405,0.314,4.0669,0,1,pythia_0.162405B_trajectory,B3,interpolated Pythia trajectories,pythia_0.162405B_trajectory,556,4.0669,4.061730826528599,-0.005169173471401223,0.005169173471401223
0.162405,0.318,4.06,0,1,pythia_0.162405B_trajectory,B3,interpolated Pythia trajectories,pythia_0.162405B_trajectory,557,4.06,4.0556647809035145,-0.0043352190964851545,0.0043352190964851545
0.162405,0.323,4.0551,0,1,pythia_0.162405B_trajectory,B3,interpolated Pythia trajectories,pythia_0.162405B_trajectory,558,4.0551,4.04821814007826,-0.006881859921739952,0.006881859921739952
0.162405,0.328,4.0439,0,1,pythia_0.162405B_trajectory,B3,interpolated Pythia trajectories,pythia_0.162405B_trajectory,559,4.0439,4.040917592310307,-0.002982407689692934,0.002982407689692934
0.162405,0.334,4.0381,0,1,pythia_0.162405B_trajectory,B3,interpolated Pythia trajectories,pythia_0.162405B_trajectory,560,4.0381,4.032342715099578,-0.005757284900422377,0.005757284900422377
0.162405,0.339,4.0323,0,1,pythia_0.162405B_trajectory,B3,interpolated Pythia trajectories,pythia_0.162405B_trajectory,561,4.0323,4.025346215914421,-0.006953784085578896,0.006953784085578896
0.162405,0.344,4.0248,0,1,pythia_0.162405B_trajectory,B3,interpolated Pythia trajectories,pythia_0.162405B_trajectory,562,4.0248,4.018480560363224,-0.006319439636776281,0.006319439636776281
0.162405,0.349,4.019,0,1,pythia_0.162405B_trajectory,B3,interpolated Pythia trajectories,pythia_0.162405B_trajectory,563,4.019,4.011741452360395,-0.007258547639604984,0.007258547639604984
0.162405,0.355,4.0113,0,1,pythia_0.162405B_trajectory,B3,interpolated Pythia trajectories,pythia_0.162405B_trajectory,564,4.0113,4.003815811667806,-0.007484188332194108,0.007484188332194108
0.162405,0.36,4.0074,0,1,pythia_0.162405B_trajectory,B3,interpolated Pythia trajectories,pythia_0.162405B_trajectory,565,4.0074,3.997340954220765,-0.010059045779234665,0.010059045779234665
0.162405,0.366,3.9972,0,1,pythia_0.162405B_trajectory,B3,interpolated Pythia trajectories,pythia_0.162405B_trajectory,566,3.9972,3.9897214059990453,-0.007478594000954519,0.007478594000954519
0.162405,0.372,3.9901,0,1,pythia_0.162405B_trajectory,B3,interpolated Pythia trajectories,pythia_0.162405B_trajectory,567,3.9901,3.9822600741571117,-0.007839925842888285,0.007839925842888285
0.162405,0.377,3.9834,0,1,pythia_0.162405B_trajectory,B3,interpolated Pythia trajectories,pythia_0.162405B_trajectory,568,3.9834,3.976158993583768,-0.007241006416232043,0.007241006416232043
0.162405,0.383,3.9747,0,1,pythia_0.162405B_trajectory,B3,interpolated Pythia trajectories,pythia_0.162405B_trajectory,569,3.9747,3.9689729828962035,-0.005727017103796417,0.005727017103796417
0.162405,0.389,3.9709,0,1,pythia_0.162405B_trajectory,B3,interpolated Pythia trajectories,pythia_0.162405B_trajectory,570,3.9709,3.9619296285893615,-0.00897037141063839,0.00897037141063839
0.162405,0.395,3.9635,0,1,pythia_0.162405B_trajectory,B3,interpolated Pythia trajectories,pythia_0.162405B_trajectory,571,3.9635,3.955023962920656,-0.008476037079343968,0.008476037079343968
0.162405,0.402,3.9547,0,1,pythia_0.162405B_trajectory,B3,interpolated Pythia trajectories,pythia_0.162405B_trajectory,572,3.9547,3.947135088550258,-0.007564911449741807,0.007564911449741807
0.162405,0.408,3.9503,0,1,pythia_0.162405B_trajectory,B3,interpolated Pythia trajectories,pythia_0.162405B_trajectory,573,3.9503,3.9405118525529526,-0.009788147447047368,0.009788147447047368
0.162405,0.414,3.9385,0,1,pythia_0.162405B_trajectory,B3,interpolated Pythia trajectories,pythia_0.162405B_trajectory,574,3.9385,3.9340121187543904,-0.004487881245609504,0.004487881245609504
0.162405,0.421,3.9304,0,1,pythia_0.162405B_trajectory,B3,interpolated Pythia trajectories,pythia_0.162405B_trajectory,575,3.9304,3.926579805279552,-0.0038201947204479225,0.0038201947204479225
0.162405,0.427,3.9283,0,1,pythia_0.162405B_trajectory,B3,interpolated Pythia trajectories,pythia_0.162405B_trajectory,576,3.9283,3.920334038341648,-0.007965961658352061,0.007965961658352061
0.162405,0.434,3.9175,0,1,pythia_0.162405B_trajectory,B3,interpolated Pythia trajectories,pythia_0.162405B_trajectory,577,3.9175,3.913187768460819,-0.004312231539180811,0.004312231539180811
0.162405,0.441,3.9133,0,1,pythia_0.162405B_trajectory,B3,interpolated Pythia trajectories,pythia_0.162405B_trajectory,578,3.9133,3.9061875184661385,-0.007112481533861459,0.007112481533861459
0.162405,0.447,3.9069,0,1,pythia_0.162405B_trajectory,B3,interpolated Pythia trajectories,pythia_0.162405B_trajectory,579,3.9069,3.900299551328108,-0.006600448671891801,0.006600448671891801
0.162405,0.454,3.9028,0,1,pythia_0.162405B_trajectory,B3,interpolated Pythia trajectories,pythia_0.162405B_trajectory,580,3.9028,3.893556803679927,-0.0092431963200732,0.0092431963200732
0.162405,0.461,3.8929,0,1,pythia_0.162405B_trajectory,B3,interpolated Pythia trajectories,pythia_0.162405B_trajectory,581,3.8929,3.8869458202716896,-0.005954179728310471,0.005954179728310471
0.162405,0.469,3.8855,0,1,pythia_0.162405B_trajectory,B3,interpolated Pythia trajectories,pythia_0.162405B_trajectory,582,3.8855,3.8795459693793086,-0.005954030620691331,0.005954030620691331
0.162405,0.476,3.8773,0,1,pythia_0.162405B_trajectory,B3,interpolated Pythia trajectories,pythia_0.162405B_trajectory,583,3.8773,3.873202405934622,-0.0040975940653780185,0.0040975940653780185
0.162405,0.483,3.8701,0,1,pythia_0.162405B_trajectory,B3,interpolated Pythia trajectories,pythia_0.162405B_trajectory,584,3.8701,3.866977129688762,-0.003122870311238035,0.003122870311238035
0.162405,0.491,3.8652,0,1,pythia_0.162405B_trajectory,B3,interpolated Pythia trajectories,pythia_0.162405B_trajectory,585,3.8652,3.8600024102189794,-0.005197589781020806,0.005197589781020806
0.162405,0.499,3.8562,0,1,pythia_0.162405B_trajectory,B3,interpolated Pythia trajectories,pythia_0.162405B_trajectory,586,3.8562,3.853171641738361,-0.0030283582616390525,0.0030283582616390525
0.162405,0.506,3.8506,0,1,pythia_0.162405B_trajectory,B3,interpolated Pythia trajectories,pythia_0.162405B_trajectory,587,3.8506,3.847308702959826,-0.003291297040174168,0.003291297040174168
0.162405,0.514,3.8425,0,1,pythia_0.162405B_trajectory,B3,interpolated Pythia trajectories,pythia_0.162405B_trajectory,588,3.8425,3.840734014545933,-0.0017659854540665876,0.0017659854540665876
0.162405,0.522,3.8362,0,1,pythia_0.162405B_trajectory,B3,interpolated Pythia trajectories,pythia_0.162405B_trajectory,589,3.8362,3.834289008424774,-0.0019109915752260065,0.0019109915752260065
0.162405,0.53,3.8291,0,1,pythia_0.162405B_trajectory,B3,interpolated Pythia trajectories,pythia_0.162405B_trajectory,590,3.8291,3.8279691972122336,-0.0011308027877663385,0.0011308027877663385
0.162405,0.539,3.8204,0,1,pythia_0.162405B_trajectory,B3,interpolated Pythia trajectories,pythia_0.162405B_trajectory,591,3.8204,3.8210037514142954,0.0006037514142955835,0.0006037514142955835
0.162405,0.547,3.8154,0,1,pythia_0.162405B_trajectory,B3,interpolated Pythia trajectories,pythia_0.162405B_trajectory,592,3.8154,3.814936066695925,-0.00046393330407479283,0.00046393330407479283
0.162405,0.556,3.8095,0,1,pythia_0.162405B_trajectory,B3,interpolated Pythia trajectories,pythia_0.162405B_trajectory,593,3.8095,3.8082442432804706,-0.0012557567195292663,0.0012557567195292663
0.162405,0.564,3.8005,0,1,pythia_0.162405B_trajectory,B3,interpolated Pythia trajectories,pythia_0.162405B_trajectory,594,3.8005,3.802411309312152,0.0019113093121521096,0.0019113093121521096
0.162405,0.573,3.7967,0,1,pythia_0.162405B_trajectory,B3,interpolated Pythia trajectories,pythia_0.162405B_trajectory,595,3.7967,3.795974531595557,-0.000725468404442875,0.000725468404442875
0.162405,0.582,3.7936,0,1,pythia_0.162405B_trajectory,B3,interpolated Pythia trajectories,pythia_0.162405B_trajectory,596,3.7936,3.7896658677213013,-0.003934132278698765,0.003934132278698765
0.162405,0.591,3.7888,0,1,pythia_0.162405B_trajectory,B3,interpolated Pythia trajectories,pythia_0.162405B_trajectory,597,3.7888,3.7834808449769257,-0.005319155023074451,0.005319155023074451
0.162405,0.6,3.7798,0,1,pythia_0.162405B_trajectory,B3,interpolated Pythia trajectories,pythia_0.162405B_trajectory,598,3.7798,3.7774152119074262,-0.0023847880925735865,0.0023847880925735865
0.162405,0.61,3.7763,0,1,pythia_0.162405B_trajectory,B3,interpolated Pythia trajectories,pythia_0.162405B_trajectory,599,3.7763,3.7708107322163835,-0.005489267783616469,0.005489267783616469
0.162405,0.619,3.766,0,1,pythia_0.162405B_trajectory,B3,interpolated Pythia trajectories,pythia_0.162405B_trajectory,600,3.766,3.7649840986361562,-0.0010159013638437742,0.0010159013638437742
0.162405,0.629,3.7636,0,1,pythia_0.162405B_trajectory,B3,interpolated Pythia trajectories,pythia_0.162405B_trajectory,601,3.7636,3.758635907632663,-0.004964092367336637,0.004964092367336637
0.162405,0.638,3.758,0,1,pythia_0.162405B_trajectory,B3,interpolated Pythia trajectories,pythia_0.162405B_trajectory,602,3.758,3.7530319996823382,-0.004968000317661758,0.004968000317661758
0.162405,0.648,3.7497,0,1,pythia_0.162405B_trajectory,B3,interpolated Pythia trajectories,pythia_0.162405B_trajectory,603,3.7497,3.746922902798378,-0.002777097201621892,0.002777097201621892
0.162405,0.659,3.7444,0,1,pythia_0.162405B_trajectory,B3,interpolated Pythia trajectories,pythia_0.162405B_trajectory,604,3.7444,3.7403407428388173,-0.004059257161182828,0.004059257161182828
0.162405,0.669,3.7389,0,1,pythia_0.162405B_trajectory,B3,interpolated Pythia trajectories,pythia_0.162405B_trajectory,605,3.7389,3.7344778383090445,-0.004422161690955662,0.004422161690955662
0.162405,0.679,3.7356,0,1,pythia_0.162405B_trajectory,B3,interpolated Pythia trajectories,pythia_0.162405B_trajectory,606,3.7356,3.7287260388619243,-0.0068739611380754795,0.0068739611380754795
0.162405,0.69,3.7278,0,1,pythia_0.162405B_trajectory,B3,interpolated Pythia trajectories,pythia_0.162405B_trajectory,607,3.7278,3.722522980042184,-0.0052770199578158206,0.0052770199578158206
0.162405,0.701,3.7225,0,1,pythia_0.162405B_trajectory,B3,interpolated Pythia trajectories,pythia_0.162405B_trajectory,608,3.7225,3.716445213662947,-0.006054786337053031,0.006054786337053031
0.162405,0.711,3.7183,0,1,pythia_0.162405B_trajectory,B3,interpolated Pythia trajectories,pythia_0.162405B_trajectory,609,3.7183,3.711024957521754,-0.007275042478246174,0.007275042478246174
0.162405,0.723,3.7106,0,1,pythia_0.162405B_trajectory,B3,interpolated Pythia trajectories,pythia_0.162405B_trajectory,610,3.7106,3.7046480286991272,-0.0059519713008726605,0.0059519713008726605
0.162405,0.734,3.7035,0,1,pythia_0.162405B_trajectory,B3,interpolated Pythia trajectories,pythia_0.162405B_trajectory,611,3.7035,3.698920387735014,-0.004579612264985933,0.004579612264985933
0.162405,0.745,3.7001,0,1,pythia_0.162405B_trajectory,B3,interpolated Pythia trajectories,pythia_0.162405B_trajectory,612,3.7001,3.693301566853263,-0.006798433146737004,0.006798433146737004
0.162405,0.757,3.694,0,1,pythia_0.162405B_trajectory,B3,interpolated Pythia trajectories,pythia_0.162405B_trajectory,613,3.694,3.687291793238931,-0.006708206761068869,0.006708206761068869
0.162405,0.769,3.6913,0,1,pythia_0.162405B_trajectory,B3,interpolated Pythia trajectories,pythia_0.162405B_trajectory,614,3.6913,3.681402729678163,-0.00989727032183696,0.00989727032183696
0.162405,0.781,3.6856,0,1,pythia_0.162405B_trajectory,B3,interpolated Pythia trajectories,pythia_0.162405B_trajectory,615,3.6856,3.6756301239543134,-0.009969876045686554,0.009969876045686554
0.162405,0.793,3.6775,0,1,pythia_0.162405B_trajectory,B3,interpolated Pythia trajectories,pythia_0.162405B_trajectory,616,3.6775,3.66996993606785,-0.007530063932150277,0.007530063932150277
0.162405,0.805,3.6715,0,1,pythia_0.162405B_trajectory,B3,interpolated Pythia trajectories,pythia_0.162405B_trajectory,617,3.6715,3.664418324622959,-0.0070816753770408525,0.0070816753770408525
0.162405,0.818,3.6622,0,1,pythia_0.162405B_trajectory,B3,interpolated Pythia trajectories,pythia_0.162405B_trajectory,618,3.6622,3.6585223691171764,-0.0036776308828234683,0.0036776308828234683
0.162405,0.83,3.6587,0,1,pythia_0.162405B_trajectory,B3,interpolated Pythia trajectories,pythia_0.162405B_trajectory,619,3.6587,3.653185420422278,-0.005514579577722056,0.005514579577722056
0.162405,0.843,3.6537,0,1,pythia_0.162405B_trajectory,B3,interpolated Pythia trajectories,pythia_0.162405B_trajectory,620,3.6537,3.6475140514036286,-0.00618594859637156,0.00618594859637156
0.162405,0.856,3.6498,0,1,pythia_0.162405B_trajectory,B3,interpolated Pythia trajectories,pythia_0.162405B_trajectory,621,3.6498,3.641953528745331,-0.007846471254668863,0.007846471254668863
0.162405,0.87,3.6419,0,1,pythia_0.162405B_trajectory,B3,interpolated Pythia trajectories,pythia_0.162405B_trajectory,622,3.6419,3.6360848819116254,-0.00581511808837476,0.00581511808837476
0.162405,0.883,3.6351,0,1,pythia_0.162405B_trajectory,B3,interpolated Pythia trajectories,pythia_0.162405B_trajectory,623,3.6351,3.6307426443932416,-0.0043573556067584285,0.0043573556067584285
0.162405,0.897,3.6292,0,1,pythia_0.162405B_trajectory,B3,interpolated Pythia trajectories,pythia_0.162405B_trajectory,624,3.6292,3.6251009002687677,-0.004099099731232236,0.004099099731232236
0.162405,0.911,3.6239,0,1,pythia_0.162405B_trajectory,B3,interpolated Pythia trajectories,pythia_0.162405B_trajectory,625,3.6239,3.6195707436979783,-0.0043292563020216335,0.0043292563020216335
0.162405,0.925,3.6217,0,1,pythia_0.162405B_trajectory,B3,interpolated Pythia trajectories,pythia_0.162405B_trajectory,626,3.6217,3.6141483029333195,-0.007551697066680685,0.007551697066680685
0.162405,0.94,3.6144,0,1,pythia_0.162405B_trajectory,B3,interpolated Pythia trajectories,pythia_0.162405B_trajectory,627,3.6144,3.608453897729869,-0.005946102270130815,0.005946102270130815
0.162405,0.954,3.6069,0,1,pythia_0.162405B_trajectory,B3,interpolated Pythia trajectories,pythia_0.162405B_trajectory,628,3.6069,3.6032430740180574,-0.0036569259819425604,0.0036569259819425604
0.162405,0.969,3.5984,0,1,pythia_0.162405B_trajectory,B3,interpolated Pythia trajectories,pythia_0.162405B_trajectory,629,3.5984,3.597767563682041,-0.0006324363179586179,0.0006324363179586179
0.162405,0.984,3.595,0,1,pythia_0.162405B_trajectory,B3,interpolated Pythia trajectories,pythia_0.162405B_trajectory,630,3.595,3.5923994754795805,-0.0026005245204197003,0.0026005245204197003
0.162405,1.0,3.5927,0,1,pythia_0.162405B_trajectory,B3,interpolated Pythia trajectories,pythia_0.162405B_trajectory,631,3.5927,3.58678775521577,-0.005912244784229692,0.005912244784229692
0.162405,1.015,3.5851,0,1,pythia_0.162405B_trajectory,B3,interpolated Pythia trajectories,pythia_0.162405B_trajectory,632,3.5851,3.5816301588755333,-0.0034698411244669103,0.0034698411244669103
0.162405,1.031,3.5811,0,1,pythia_0.162405B_trajectory,B3,interpolated Pythia trajectories,pythia_0.162405B_trajectory,633,3.5811,3.5762351650510347,-0.004864834948965502,0.004864834948965502
0.162405,1.047,3.5709,0,1,pythia_0.162405B_trajectory,B3,interpolated Pythia trajectories,pythia_0.162405B_trajectory,634,3.5709,3.57094627804336,4.627804336010399e-05,4.627804336010399e-05
0.162405,1.063,3.568,0,1,pythia_0.162405B_trajectory,B3,interpolated Pythia trajectories,pythia_0.162405B_trajectory,635,3.568,3.5657598366677936,-0.0022401633322064463,0.0022401633322064463
0.162405,1.08,3.5594,0,1,pythia_0.162405B_trajectory,B3,interpolated Pythia trajectories,pythia_0.162405B_trajectory,636,3.5594,3.560357600778314,0.0009576007783138607,0.0009576007783138607
0.162405,1.097,3.5565,0,1,pythia_0.162405B_trajectory,B3,interpolated Pythia trajectories,pythia_0.162405B_trajectory,637,3.5565,3.5550631178198477,-0.0014368821801524767,0.0014368821801524767
0.162405,1.114,3.55,0,1,pythia_0.162405B_trajectory,B3,interpolated Pythia trajectories,pythia_0.162405B_trajectory,638,3.55,3.549872617996657,-0.0001273820033427242,0.0001273820033427242
0.162405,1.131,3.5478,0,1,pythia_0.162405B_trajectory,B3,interpolated Pythia trajectories,pythia_0.162405B_trajectory,639,3.5478,3.5447825183852397,-0.0030174816147603423,0.0030174816147603423
0.162405,1.149,3.5396,0,1,pythia_0.162405B_trajectory,B3,interpolated Pythia trajectories,pythia_0.162405B_trajectory,640,3.5396,3.53949864922627,-0.00010135077372996903,0.00010135077372996903
0.162405,1.167,3.5357,0,1,pythia_0.162405B_trajectory,B3,interpolated Pythia trajectories,pythia_0.162405B_trajectory,641,3.5357,3.5343196752147206,-0.0013803247852792744,0.0013803247852792744
0.162405,1.185,3.5349,0,1,pythia_0.162405B_trajectory,B3,interpolated Pythia trajectories,pythia_0.162405B_trajectory,642,3.5349,3.5292419435725773,-0.005658056427422675,0.005658056427422675
0.162405,1.203,3.5273,0,1,pythia_0.162405B_trajectory,B3,interpolated Pythia trajectories,pythia_0.162405B_trajectory,643,3.5273,3.524261981765413,-0.0030380182345868256,0.0030380182345868256
0.162405,1.222,3.5249,0,1,pythia_0.162405B_trajectory,B3,interpolated Pythia trajectories,pythia_0.162405B_trajectory,644,3.5249,3.5191077755655167,-0.005792224434483462,0.005792224434483462
0.162405,1.241,3.518,0,1,pythia_0.162405B_trajectory,B3,interpolated Pythia trajectories,pythia_0.162405B_trajectory,645,3.518,3.5140551304133676,-0.003944869586632205,0.003944869586632205
0.162405,1.26,3.5143,0,1,pythia_0.162405B_trajectory,B3,interpolated Pythia trajectories,pythia_0.162405B_trajectory,646,3.5143,3.5091005355074074,-0.005199464492592565,0.005199464492592565
0.162405,1.28,3.5092,0,1,pythia_0.162405B_trajectory,B3,interpolated Pythia trajectories,pythia_0.162405B_trajectory,647,3.5092,3.5039874313582713,-0.005212568641728588,0.005212568641728588
0.162405,1.3,3.5041,0,1,pythia_0.162405B_trajectory,B3,interpolated Pythia trajectories,pythia_0.162405B_trajectory,648,3.5041,3.4989755706000407,-0.005124429399959496,0.005124429399959496
0.162405,1.32,3.5006,0,1,pythia_0.162405B_trajectory,B3,interpolated Pythia trajectories,pythia_0.162405B_trajectory,649,3.5006,3.494061436573057,-0.006538563426942812,0.006538563426942812
0.162405,1.341,3.4921,0,1,pythia_0.162405B_trajectory,B3,interpolated Pythia trajectories,pythia_0.162405B_trajectory,650,3.4921,3.489003117994847,-0.003096882005153123,0.003096882005153123
0.162405,1.362,3.4906,0,1,pythia_0.162405B_trajectory,B3,interpolated Pythia trajectories,pythia_0.162405B_trajectory,651,3.4906,3.484045179871182,-0.00655482012881814,0.00655482012881814
0.162405,1.383,3.4845,0,1,pythia_0.162405B_trajectory,B3,interpolated Pythia trajectories,pythia_0.162405B_trajectory,652,3.4845,3.479184127910643,-0.005315872089357132,0.005315872089357132
0.162405,1.404,3.4797,0,1,pythia_0.162405B_trajectory,B3,interpolated Pythia trajectories,pythia_0.162405B_trajectory,653,3.4797,3.474416640183249,-0.005283359816750988,0.005283359816750988
0.162405,1.426,3.4765,0,1,pythia_0.162405B_trajectory,B3,interpolated Pythia trajectories,pythia_0.162405B_trajectory,654,3.4765,3.469519041053477,-0.006980958946523064,0.006980958946523064
0.162405,1.449,3.4715,0,1,pythia_0.162405B_trajectory,B3,interpolated Pythia trajectories,pythia_0.162405B_trajectory,655,3.4715,3.4645011622286237,-0.00699883777137611,0.00699883777137611
0.162405,1.471,3.4676,0,1,pythia_0.162405B_trajectory,B3,interpolated Pythia trajectories,pythia_0.162405B_trajectory,656,3.4676,3.4597959338796036,-0.0078040661203964135,0.0078040661203964135
0.162405,1.494,3.4589,0,1,pythia_0.162405B_trajectory,B3,interpolated Pythia trajectories,pythia_0.162405B_trajectory,657,3.4589,3.454972172385421,-0.003927827614578661,0.003927827614578661
0.162405,1.517,3.4579,0,1,pythia_0.162405B_trajectory,B3,interpolated Pythia trajectories,pythia_0.162405B_trajectory,658,3.4579,3.4502425322053694,-0.0076574677946306124,0.0076574677946306124
0.162405,1.541,3.4487,0,1,pythia_0.162405B_trajectory,B3,interpolated Pythia trajectories,pythia_0.162405B_trajectory,659,3.4487,3.4454041206764368,-0.0032958793235633443,0.0032958793235633443
0.162405,1.565,3.4475,0,1,pythia_0.162405B_trajectory,B3,interpolated Pythia trajectories,pythia_0.162405B_trajectory,660,3.4475,3.440661205609695,-0.00683879439030477,0.00683879439030477
0.162405,1.589,3.4396,0,1,pythia_0.162405B_trajectory,B3,interpolated Pythia trajectories,pythia_0.162405B_trajectory,661,3.4396,3.4360104804589446,-0.0035895195410553526,0.0035895195410553526
0.162405,1.614,3.4385,0,1,pythia_0.162405B_trajectory,B3,interpolated Pythia trajectories,pythia_0.162405B_trajectory,662,3.4385,3.431260618644206,-0.007239381355793828,0.007239381355793828
0.162405,1.639,3.4255,0,1,pythia_0.162405B_trajectory,B3,interpolated Pythia trajectories,pythia_0.162405B_trajectory,663,3.4255,3.4266039998900206,0.001103999890020635,0.001103999890020635
0.162405,1.665,3.4274,0,1,pythia_0.162405B_trajectory,B3,interpolated Pythia trajectories,pythia_0.162405B_trajectory,664,3.4274,3.4218565782866466,-0.005543421713353425,0.005543421713353425
0.162405,1.691,3.4216,0,1,pythia_0.162405B_trajectory,B3,interpolated Pythia trajectories,pythia_0.162405B_trajectory,665,3.4216,3.4172031033756687,-0.004396896624331514,0.004396896624331514
0.162405,1.717,3.4233,0,1,pythia_0.162405B_trajectory,B3,interpolated Pythia trajectories,pythia_0.162405B_trajectory,666,3.4233,3.4126403138572536,-0.01065968614274615,0.01065968614274615
0.162405,1.744,3.4119,0,1,pythia_0.162405B_trajectory,B3,interpolated Pythia trajectories,pythia_0.162405B_trajectory,667,3.4119,3.407994694183496,-0.0039053058165041676,0.0039053058165041676
0.162405,1.771,3.4051,0,1,pythia_0.162405B_trajectory,B3,interpolated Pythia trajectories,pythia_0.162405B_trajectory,668,3.4051,3.4034402256569947,-0.001659774343005349,0.001659774343005349
0.162405,1.799,3.4063,0,1,pythia_0.162405B_trajectory,B3,interpolated Pythia trajectories,pythia_0.162405B_trajectory,669,3.4063,3.3988099970951797,-0.007490002904820159,0.007490002904820159
0.162405,1.827,3.3981,0,1,pythia_0.162405B_trajectory,B3,interpolated Pythia trajectories,pythia_0.162405B_trajectory,670,3.3981,3.394271097371778,-0.0038289026282218863,0.0038289026282218863
0.162405,1.855,3.3947,0,1,pythia_0.162405B_trajectory,B3,interpolated Pythia trajectories,pythia_0.162405B_trajectory,671,3.3947,3.389820366243631,-0.004879633756369017,0.004879633756369017
0.162405,1.884,3.3858,0,1,pythia_0.162405B_trajectory,B3,interpolated Pythia trajectories,pythia_0.162405B_trajectory,672,3.3858,3.385300424070275,-0.0004995759297252711,0.0004995759297252711
0.162405,1.913,3.3852,0,1,pythia_0.162405B_trajectory,B3,interpolated Pythia trajectories,pythia_0.162405B_trajectory,673,3.3852,3.3808686629900286,-0.00433133700997157,0.00433133700997157
0.162405,1.943,3.3793,0,1,pythia_0.162405B_trajectory,B3,interpolated Pythia trajectories,pythia_0.162405B_trajectory,674,3.3793,3.376373665556203,-0.002926334443797085,0.002926334443797085
0.162405,1.973,3.3743,0,1,pythia_0.162405B_trajectory,B3,interpolated Pythia trajectories,pythia_0.162405B_trajectory,675,3.3743,3.371966629187863,-0.0023333708121366925,0.0023333708121366925
0.162405,2.004,3.3681,0,1,pythia_0.162405B_trajectory,B3,interpolated Pythia trajectories,pythia_0.162405B_trajectory,676,3.3681,3.3675018929538094,-0.0005981070461906768,0.0005981070461906768
0.162405,2.035,3.3685,0,1,pythia_0.162405B_trajectory,B3,interpolated Pythia trajectories,pythia_0.162405B_trajectory,677,3.3685,3.363124688231407,-0.005375311768593072,0.005375311768593072
0.162405,2.067,3.3576,0,1,pythia_0.162405B_trajectory,B3,interpolated Pythia trajectories,pythia_0.162405B_trajectory,678,3.3576,3.3586949050829897,0.0010949050829895945,0.0010949050829895945
0.162405,2.099,3.357,1,1,pythia_0.162405B_trajectory,B3,interpolated Pythia trajectories,pythia_0.162405B_trajectory,679,3.357,3.3543520366370037,-0.0026479633629965527,0.0026479633629965527
0.162405,2.132,3.3518,1,1,pythia_0.162405B_trajectory,B3,interpolated Pythia trajectories,pythia_0.162405B_trajectory,680,3.3518,3.3499613198034464,-0.0018386801965535327,0.0018386801965535327
0.162405,2.165,3.3515,1,1,pythia_0.162405B_trajectory,B3,interpolated Pythia trajectories,pythia_0.162405B_trajectory,681,3.3515,3.345656734914944,-0.005843265085056171,0.005843265085056171
0.162405,2.199,3.341,1,1,pythia_0.162405B_trajectory,B3,interpolated Pythia trajectories,pythia_0.162405B_trajectory,682,3.341,3.341308663992324,0.0003086639923237655,0.0003086639923237655
0.162405,2.233,3.3401,1,1,pythia_0.162405B_trajectory,B3,interpolated Pythia trajectories,pythia_0.162405B_trajectory,683,3.3401,3.33704579648423,-0.0030542035157701264,0.0030542035157701264
0.162405,2.268,3.3347,1,1,pythia_0.162405B_trajectory,B3,interpolated Pythia trajectories,pythia_0.162405B_trajectory,684,3.3347,3.332743461058077,-0.0019565389419233803,0.0019565389419233803
0.162405,2.303,3.3311,1,1,pythia_0.162405B_trajectory,B3,interpolated Pythia trajectories,pythia_0.162405B_trajectory,685,3.3311,3.328525273673197,-0.0025747263268032228,0.0025747263268032228
0.162405,2.339,3.3286,1,1,pythia_0.162405B_trajectory,B3,interpolated Pythia trajectories,pythia_0.162405B_trajectory,686,3.3286,3.3242713151631693,-0.004328684836830465,0.004328684836830465
0.162405,2.375,3.3214,1,1,pythia_0.162405B_trajectory,B3,interpolated Pythia trajectories,pythia_0.162405B_trajectory,687,3.3214,3.320100340098681,-0.0012996599013193055,0.0012996599013193055
0.162405,2.412,3.3169,1,1,pythia_0.162405B_trajectory,B3,interpolated Pythia trajectories,pythia_0.162405B_trajectory,688,3.3169,3.315896991558186,-0.0010030084418137797,0.0010030084418137797
0.162405,2.45,3.3135,1,1,pythia_0.162405B_trajectory,B3,interpolated Pythia trajectories,pythia_0.162405B_trajectory,689,3.3135,3.3116650815123205,-0.00183491848767936,0.00183491848767936
0.162405,2.488,3.3069,1,1,pythia_0.162405B_trajectory,B3,interpolated Pythia trajectories,pythia_0.162405B_trajectory,690,3.3069,3.3075163569101997,0.000616356910199567,0.000616356910199567
0.162405,2.527,3.3061,1,1,pythia_0.162405B_trajectory,B3,interpolated Pythia trajectories,pythia_0.162405B_trajectory,691,3.3061,3.30334194509125,-0.0027580549087500295,0.0027580549087500295
0.162405,2.566,3.3014,1,1,pythia_0.162405B_trajectory,B3,interpolated Pythia trajectories,pythia_0.162405B_trajectory,692,3.3014,3.299249185694616,-0.00215081430538433,0.00215081430538433
0.162405,2.606,3.2981,1,1,pythia_0.162405B_trajectory,B3,interpolated Pythia trajectories,pythia_0.162405B_trajectory,693,3.2981,3.295133368602661,-0.0029666313973386593,0.0029666313973386593
0.162405,2.647,3.2922,1,1,pythia_0.162405B_trajectory,B3,interpolated Pythia trajectories,pythia_0.162405B_trajectory,694,3.2922,3.290997731572016,-0.001202268427983988,0.001202268427983988
0.162405,2.688,3.2905,1,1,pythia_0.162405B_trajectory,B3,interpolated Pythia trajectories,pythia_0.162405B_trajectory,695,3.2905,3.286943278731282,-0.0035567212687181993,0.0035567212687181993
0.162405,2.73,3.2876,1,1,pythia_0.162405B_trajectory,B3,interpolated Pythia trajectories,pythia_0.162405B_trajectory,696,3.2876,3.282871193461979,-0.00472880653802088,0.00472880653802088
0.162405,2.773,3.2859,1,1,pythia_0.162405B_trajectory,B3,interpolated Pythia trajectories,pythia_0.162405B_trajectory,697,3.2859,3.278784391427501,-0.007115608572498822,0.007115608572498822
0.162405,2.816,3.2763,1,1,pythia_0.162405B_trajectory,B3,interpolated Pythia trajectories,pythia_0.162405B_trajectory,698,3.2763,3.2747779043720606,-0.0015220956279393683,0.0015220956279393683
0.162405,2.86,3.2777,1,1,pythia_0.162405B_trajectory,B3,interpolated Pythia trajectories,pythia_0.162405B_trajectory,699,3.2777,3.2707584937336938,-0.0069415062663060745,0.0069415062663060745
0.162405,2.904,3.2718,1,1,pythia_0.162405B_trajectory,B3,interpolated Pythia trajectories,pythia_0.162405B_trajectory,700,3.2718,3.2668174579509293,-0.00498254204907056,0.00498254204907056
0.162405,2.949,3.2655,1,1,pythia_0.162405B_trajectory,B3,interpolated Pythia trajectories,pythia_0.162405B_trajectory,701,3.2655,3.2628651263287933,-0.002634873671206517,0.002634873671206517
0.162405,2.995,3.2633,1,1,pythia_0.162405B_trajectory,B3,interpolated Pythia trajectories,pythia_0.162405B_trajectory,702,3.2633,3.2589039577798946,-0.004396042220105478,0.004396042220105478
0.162405,3.042,3.2602,1,1,pythia_0.162405B_trajectory,B3,interpolated Pythia trajectories,pythia_0.162405B_trajectory,703,3.2602,3.254936301132144,-0.00526369886785627,0.00526369886785627
0.162405,3.089,3.257,1,1,pythia_0.162405B_trajectory,B3,interpolated Pythia trajectories,pythia_0.162405B_trajectory,704,3.257,3.25104633759113,-0.005953662408870297,0.005953662408870297
0.162405,3.138,3.2536,1,1,pythia_0.162405B_trajectory,B3,interpolated Pythia trajectories,pythia_0.162405B_trajectory,705,3.2536,3.2470706854487092,-0.006529314551290799,0.006529314551290799
0.162405,3.186,3.2478,1,1,pythia_0.162405B_trajectory,B3,interpolated Pythia trajectories,pythia_0.162405B_trajectory,706,3.2478,3.243252466675129,-0.0045475333248710115,0.0045475333248710115
0.162405,3.236,3.2446,1,1,pythia_0.162405B_trajectory,B3,interpolated Pythia trajectories,pythia_0.162405B_trajectory,707,3.2446,3.2393526641007084,-0.005247335899291716,0.005247335899291716
0.162405,3.286,3.244,1,1,pythia_0.162405B_trajectory,B3,interpolated Pythia trajectories,pythia_0.162405B_trajectory,708,3.244,3.2355292299186758,-0.008470770081324464,0.008470770081324464
0.162405,3.338,3.2351,1,1,pythia_0.162405B_trajectory,B3,interpolated Pythia trajectories,pythia_0.162405B_trajectory,709,3.2351,3.2316310508582147,-0.0034689491417854157,0.0034689491417854157
0.162405,3.39,3.2324,1,1,pythia_0.162405B_trajectory,B3,interpolated Pythia trajectories,pythia_0.162405B_trajectory,710,3.2324,3.227809829768618,-0.004590170231382196,0.004590170231382196
0.162405,3.442,3.2294,1,1,pythia_0.162405B_trajectory,B3,interpolated Pythia trajectories,pythia_0.162405B_trajectory,711,3.2294,3.224062901346576,-0.005337098653424022,0.005337098653424022
0.162405,3.496,3.2231,1,1,pythia_0.162405B_trajectory,B3,interpolated Pythia trajectories,pythia_0.162405B_trajectory,712,3.2231,3.220247778324968,-0.002852221675031963,0.002852221675031963
0.162405,3.551,3.2223,1,1,pythia_0.162405B_trajectory,B3,interpolated Pythia trajectories,pythia_0.162405B_trajectory,713,3.2223,3.216438762271918,-0.005861237728082003,0.005861237728082003
0.162405,3.606,3.2157,1,1,pythia_0.162405B_trajectory,B3,interpolated Pythia trajectories,pythia_0.162405B_trajectory,714,3.2157,3.2127045156584315,-0.0029954843415684884,0.0029954843415684884
0.162405,3.662,3.2124,1,1,pythia_0.162405B_trajectory,B3,interpolated Pythia trajectories,pythia_0.162405B_trajectory,715,3.2124,3.2089765335463,-0.0034234664537002857,0.0034234664537002857
0.162405,3.719,3.2048,1,1,pythia_0.162405B_trajectory,B3,interpolated Pythia trajectories,pythia_0.162405B_trajectory,716,3.2048,3.2052561719285064,0.0004561719285063326,0.0004561719285063326
0.162405,3.777,3.1973,1,1,pythia_0.162405B_trajectory,B3,interpolated Pythia trajectories,pythia_0.162405B_trajectory,717,3.1973,3.2015447121085896,0.004244712108589788,0.004244712108589788
0.162405,3.836,3.2017,1,1,pythia_0.162405B_trajectory,B3,interpolated Pythia trajectories,pythia_0.162405B_trajectory,718,3.2017,3.197843363085568,-0.0038566369144321655,0.0038566369144321655
0.162405,3.896,3.1954,1,1,pythia_0.162405B_trajectory,B3,interpolated Pythia trajectories,pythia_0.162405B_trajectory,719,3.1954,3.19415326396474,-0.0012467360352599322,0.0012467360352599322
0.162405,3.956,3.1934,1,1,pythia_0.162405B_trajectory,B3,interpolated Pythia trajectories,pythia_0.162405B_trajectory,720,3.1934,3.190535191582205,-0.0028648084177951283,0.0028648084177951283
0.162405,4.018,3.1889,1,1,pythia_0.162405B_trajectory,B3,interpolated Pythia trajectories,pythia_0.162405B_trajectory,721,3.1889,3.186869565698328,-0.002030434301671935,0.002030434301671935
0.162405,4.08,3.1812,1,1,pythia_0.162405B_trajectory,B3,interpolated Pythia trajectories,pythia_0.162405B_trajectory,722,3.1812,3.1832756275836656,0.002075627583665529,0.002075627583665529
0.162405,4.144,3.1834,1,1,pythia_0.162405B_trajectory,B3,interpolated Pythia trajectories,pythia_0.162405B_trajectory,723,3.1834,3.1796383429709936,-0.0037616570290062157,0.0037616570290062157
0.162405,4.209,3.1754,2,1,pythia_0.162405B_trajectory,B3,interpolated Pythia trajectories,pythia_0.162405B_trajectory,724,3.1754,3.1760170848332505,0.0006170848332507362,0.0006170848332507362
0.162405,4.274,3.1708,2,1,pythia_0.162405B_trajectory,B3,interpolated Pythia trajectories,pythia_0.162405B_trajectory,725,3.1708,3.1724667037496093,0.0016667037496094217,0.0016667037496094217
0.162405,4.341,3.1681,2,1,pythia_0.162405B_trajectory,B3,interpolated Pythia trajectories,pythia_0.162405B_trajectory,726,3.1681,3.168878689446899,0.0007786894468990724,0.0007786894468990724
0.162405,4.408,3.1647,2,1,pythia_0.162405B_trajectory,B3,interpolated Pythia trajectories,pythia_0.162405B_trajectory,727,3.1647,3.1653608616060374,0.0006608616060375105,0.0006608616060375105
0.162405,4.477,3.162,2,1,pythia_0.162405B_trajectory,B3,interpolated Pythia trajectories,pythia_0.162405B_trajectory,728,3.162,3.1618088424634903,-0.00019115753650966738,0.00019115753650966738
0.162405,4.547,3.1602,2,1,pythia_0.162405B_trajectory,B3,interpolated Pythia trajectories,pythia_0.162405B_trajectory,729,3.1602,3.1582762322366364,-0.0019237677633636707,0.0019237677633636707
0.162405,4.618,3.1537,2,1,pythia_0.162405B_trajectory,B3,interpolated Pythia trajectories,pythia_0.162405B_trajectory,730,3.1537,3.15476355628169,0.0010635562816898592,0.0010635562816898592
0.162405,4.69,3.1505,2,1,pythia_0.162405B_trajectory,B3,interpolated Pythia trajectories,pythia_0.162405B_trajectory,731,3.1505,3.151271297497865,0.0007712974978648646,0.0007712974978648646
0.162405,4.763,3.1452,2,1,pythia_0.162405B_trajectory,B3,interpolated Pythia trajectories,pythia_0.162405B_trajectory,732,3.1452,3.14779989832525,0.002599898325250205,0.002599898325250205
0.162405,4.837,3.1467,2,1,pythia_0.162405B_trajectory,B3,interpolated Pythia trajectories,pythia_0.162405B_trajectory,733,3.1467,3.1443497626817702,-0.0023502373182298086,0.0023502373182298086
0.162405,4.912,3.1406,2,1,pythia_0.162405B_trajectory,B3,interpolated Pythia trajectories,pythia_0.162405B_trajectory,734,3.1406,3.140921257838271,0.00032125783827074983,0.00032125783827074983
0.162405,4.989,3.1375,2,1,pythia_0.162405B_trajectory,B3,interpolated Pythia trajectories,pythia_0.162405B_trajectory,735,3.1375,3.1374703368588737,-2.966314112651247e-05,2.966314112651247e-05
0.162405,5.066,3.1363,2,1,pythia_0.162405B_trajectory,B3,interpolated Pythia trajectories,pythia_0.162405B_trajectory,736,3.1363,3.134086919408686,-0.002213080591313865,0.002213080591313865
0.162405,5.145,3.1307,2,1,pythia_0.162405B_trajectory,B3,interpolated Pythia trajectories,pythia_0.162405B_trajectory,737,3.1307,3.130683349426718,-1.665057328192887e-05,1.665057328192887e-05
0.162405,5.225,3.1282,2,1,pythia_0.162405B_trajectory,B3,interpolated Pythia trajectories,pythia_0.162405B_trajectory,738,3.1282,3.127304188217162,-0.0008958117828381518,0.0008958117828381518
0.162405,5.307,3.1226,2,1,pythia_0.162405B_trajectory,B3,interpolated Pythia trajectories,pythia_0.162405B_trajectory,739,3.1226,3.1239085864585827,0.0013085864585828944,0.0013085864585828944
0.162405,5.389,3.1179,2,1,pythia_0.162405B_trajectory,B3,interpolated Pythia trajectories,pythia_0.162405B_trajectory,740,3.1179,3.120579480010485,0.0026794800104847916,0.0026794800104847916
0.162405,5.473,3.1169,2,1,pythia_0.162405B_trajectory,B3,interpolated Pythia trajectories,pythia_0.162405B_trajectory,741,3.1169,3.117235736232917,0.0003357362329170499,0.0003357362329170499
0.162405,5.559,3.1134,2,1,pythia_0.162405B_trajectory,B3,interpolated Pythia trajectories,pythia_0.162405B_trajectory,742,3.1134,3.11387974915407,0.00047974915407023033,0.00047974915407023033
0.162405,5.645,3.1088,2,1,pythia_0.162405B_trajectory,B3,interpolated Pythia trajectories,pythia_0.162405B_trajectory,743,3.1088,3.1105895621419943,0.0017895621419943275,0.0017895621419943275
0.162405,5.733,3.1084,2,1,pythia_0.162405B_trajectory,B3,interpolated Pythia trajectories,pythia_0.162405B_trajectory,744,3.1084,3.107288611816899,-0.0011113881831010808,0.0011113881831010808
0.162405,5.823,3.104,2,1,pythia_0.162405B_trajectory,B3,interpolated Pythia trajectories,pythia_0.162405B_trajectory,745,3.104,3.103979049432955,-2.0950567045208146e-05,2.0950567045208146e-05
0.162405,5.913,3.1004,2,1,pythia_0.162405B_trajectory,B3,interpolated Pythia trajectories,pythia_0.162405B_trajectory,746,3.1004,3.100734316824971,0.00033431682497075954,0.00033431682497075954
0.162405,6.005,3.1011,2,1,pythia_0.162405B_trajectory,B3,interpolated Pythia trajectories,pythia_0.162405B_trajectory,747,3.1011,3.0974821665010803,-0.0036178334989198646,0.0036178334989198646
0.162405,6.099,3.0971,2,1,pythia_0.162405B_trajectory,B3,interpolated Pythia trajectories,pythia_0.162405B_trajectory,748,3.0971,3.094224527718457,-0.0028754722815431677,0.0028754722815431677
0.162405,6.194,3.0879,2,1,pythia_0.162405B_trajectory,B3,interpolated Pythia trajectories,pythia_0.162405B_trajectory,749,3.0879,3.0909968787434114,0.0030968787434115796,0.0030968787434115796
0.162405,6.29,3.0867,3,1,pythia_0.162405B_trajectory,B3,interpolated Pythia trajectories,pythia_0.162405B_trajectory,750,3.0867,3.0877989860115767,0.0010989860115766525,0.0010989860115766525
0.162405,6.388,3.0858,3,1,pythia_0.162405B_trajectory,B3,interpolated Pythia trajectories,pythia_0.162405B_trajectory,751,3.0858,3.0845982670890226,-0.001201732910977249,0.001201732910977249
0.162405,6.488,3.0858,3,1,pythia_0.162405B_trajectory,B3,interpolated Pythia trajectories,pythia_0.162405B_trajectory,752,3.0858,3.0813963674224216,-0.004403632577578254,0.004403632577578254
0.162405,6.589,3.0773,3,1,pythia_0.162405B_trajectory,B3,interpolated Pythia trajectories,pythia_0.162405B_trajectory,753,3.0773,3.078225931260848,0.0009259312608480563,0.0009259312608480563
0.162405,6.692,3.0747,3,1,pythia_0.162405B_trajectory,B3,interpolated Pythia trajectories,pythia_0.162405B_trajectory,754,3.0747,3.0750561390653726,0.0003561390653725738,0.0003561390653725738
0.162405,6.796,3.0718,3,1,pythia_0.162405B_trajectory,B3,interpolated Pythia trajectories,pythia_0.162405B_trajectory,755,3.0718,3.0719183040922156,0.000118304092215471,0.000118304092215471
0.162405,6.902,3.0676,3,1,pythia_0.162405B_trajectory,B3,interpolated Pythia trajectories,pythia_0.162405B_trajectory,756,3.0676,3.0687827431960333,0.0011827431960331758,0.0011827431960331758
0.162405,7.009,3.0686,3,1,pythia_0.162405B_trajectory,B3,interpolated Pythia trajectories,pythia_0.162405B_trajectory,757,3.0686,3.065679496545404,-0.002920503454595824,0.002920503454595824
0.162405,7.118,3.0639,3,1,pythia_0.162405B_trajectory,B3,interpolated Pythia trajectories,pythia_0.162405B_trajectory,758,3.0639,3.0625799749393146,-0.0013200250606852926,0.0013200250606852926
0.162405,7.229,3.0611,3,1,pythia_0.162405B_trajectory,B3,interpolated Pythia trajectories,pythia_0.162405B_trajectory,759,3.0611,3.0594853946171408,-0.001614605382859402,0.001614605382859402
0.162405,7.342,3.0569,3,1,pythia_0.162405B_trajectory,B3,interpolated Pythia trajectories,pythia_0.162405B_trajectory,760,3.0569,3.056396906522402,-0.0005030934775982487,0.0005030934775982487
0.162405,7.456,3.0551,3,1,pythia_0.162405B_trajectory,B3,interpolated Pythia trajectories,pythia_0.162405B_trajectory,761,3.0551,3.05334212961476,-0.0017578703852398903,0.0017578703852398903
0.162405,7.572,3.0497,3,1,pythia_0.162405B_trajectory,B3,interpolated Pythia trajectories,pythia_0.162405B_trajectory,762,3.0497,3.0502945163622774,0.0005945163622773642,0.0005945163622773642
0.162405,7.69,3.0503,3,1,pythia_0.162405B_trajectory,B3,interpolated Pythia trajectories,pythia_0.162405B_trajectory,763,3.0503,3.0472550622273347,-0.003044937772665346,0.003044937772665346
0.162405,7.81,3.0427,3,1,pythia_0.162405B_trajectory,B3,interpolated Pythia trajectories,pythia_0.162405B_trajectory,764,3.0427,3.0442247054208065,0.0015247054208065158,0.0015247054208065158
0.162405,7.932,3.0402,3,1,pythia_0.162405B_trajectory,B3,interpolated Pythia trajectories,pythia_0.162405B_trajectory,765,3.0402,3.041204328873836,0.0010043288738361689,0.0010043288738361689
0.162405,8.055,3.0353,3,1,pythia_0.162405B_trajectory,B3,interpolated Pythia trajectories,pythia_0.162405B_trajectory,766,3.0353,3.0382187953062987,0.0029187953062987937,0.0029187953062987937
0.162405,8.181,3.0354,3,1,pythia_0.162405B_trajectory,B3,interpolated Pythia trajectories,pythia_0.162405B_trajectory,767,3.0354,3.035220344130644,-0.00017965586935630995,0.00017965586935630995
0.162405,8.308,3.0321,3,1,pythia_0.162405B_trajectory,B3,interpolated Pythia trajectories,pythia_0.162405B_trajectory,768,3.0321,3.0322573196989433,0.00015731969894350328,0.00015731969894350328
0.162405,8.438,3.0298,4,1,pythia_0.162405B_trajectory,B3,interpolated Pythia trajectories,pythia_0.162405B_trajectory,769,3.0298,3.029283747981882,-0.0005162520181176689,0.0005162520181176689
0.162405,8.569,3.0258,4,1,pythia_0.162405B_trajectory,B3,interpolated Pythia trajectories,pythia_0.162405B_trajectory,770,3.0258,3.0263460327005958,0.0005460327005959442,0.0005460327005959442
0.162405,8.703,3.0255,4,1,pythia_0.162405B_trajectory,B3,interpolated Pythia trajectories,pythia_0.162405B_trajectory,771,3.0255,3.0233999216699194,-0.0021000783300806347,0.0021000783300806347
0.162405,8.838,3.0189,4,1,pythia_0.162405B_trajectory,B3,interpolated Pythia trajectories,pythia_0.162405B_trajectory,772,3.0189,3.020489957139758,0.0015899571397581802,0.0015899571397581802
0.162405,8.976,3.014,4,1,pythia_0.162405B_trajectory,B3,interpolated Pythia trajectories,pythia_0.162405B_trajectory,773,3.014,3.017573544928396,0.003573544928396011,0.003573544928396011
0.162405,9.116,3.0171,4,1,pythia_0.162405B_trajectory,B3,interpolated Pythia trajectories,pythia_0.162405B_trajectory,774,3.0171,3.0146729273048827,-0.002427072695117438,0.002427072695117438
0.162405,9.258,3.0139,4,1,pythia_0.162405B_trajectory,B3,interpolated Pythia trajectories,pythia_0.162405B_trajectory,775,3.0139,3.011788539530823,-0.0021114604691772065,0.0021114604691772065
0.162405,9.402,3.0089,4,1,pythia_0.162405B_trajectory,B3,interpolated Pythia trajectories,pythia_0.162405B_trajectory,776,3.0089,3.0089207820094197,2.07820094195732e-05,2.07820094195732e-05
0.162405,9.548,3.0065,4,1,pythia_0.162405B_trajectory,B3,interpolated Pythia trajectories,pythia_0.162405B_trajectory,777,3.0065,3.0060700219160936,-0.00042997808390632386,0.00042997808390632386
0.162405,9.697,3.0016,4,1,pythia_0.162405B_trajectory,B3,interpolated Pythia trajectories,pythia_0.162405B_trajectory,778,3.0016,3.0032176386054603,0.0016176386054604919,0.0016176386054604919
0.162405,9.848,2.9992,4,1,pythia_0.162405B_trajectory,B3,interpolated Pythia trajectories,pythia_0.162405B_trajectory,779,2.9992,3.000383633695025,0.0011836336950250548,0.0011836336950250548
0.162405,10.002,2.9972,4,1,pythia_0.162405B_trajectory,B3,interpolated Pythia trajectories,pythia_0.162405B_trajectory,780,2.9972,2.9975500404596316,0.0003500404596317175,0.0003500404596317175
0.162405,10.157,2.9943,4,1,pythia_0.162405B_trajectory,B3,interpolated Pythia trajectories,pythia_0.162405B_trajectory,781,2.9943,2.9947538791029595,0.0004538791029595757,0.0004538791029595757
0.162405,10.316,2.9925,4,1,pythia_0.162405B_trajectory,B3,interpolated Pythia trajectories,pythia_0.162405B_trajectory,782,2.9925,2.9919417404849256,-0.0005582595150745995,0.0005582595150745995
0.162405,10.476,2.9874,5,1,pythia_0.162405B_trajectory,B3,interpolated Pythia trajectories,pythia_0.162405B_trajectory,783,2.9874,2.9891673649214385,0.0017673649214384746,0.0017673649214384746
0.162405,10.64,2.9844,5,1,pythia_0.162405B_trajectory,B3,interpolated Pythia trajectories,pythia_0.162405B_trajectory,784,2.9844,2.986379353989835,0.0019793539898351753,0.0019793539898351753
0.162405,10.805,2.9866,5,1,pythia_0.162405B_trajectory,B3,interpolated Pythia trajectories,pythia_0.162405B_trajectory,785,2.9866,2.9836293031577563,-0.002970696842243825,0.002970696842243825
0.162405,10.974,2.9792,5,1,pythia_0.162405B_trajectory,B3,interpolated Pythia trajectories,pythia_0.162405B_trajectory,786,2.9792,2.9808677506692485,0.0016677506692484023,0.0016677506692484023
0.162405,11.145,2.9768,5,1,pythia_0.162405B_trajectory,B3,interpolated Pythia trajectories,pythia_0.162405B_trajectory,787,2.9768,2.978128371400767,0.0013283714007670255,0.0013283714007670255
0.162405,11.318,2.9759,5,1,pythia_0.162405B_trajectory,B3,interpolated Pythia trajectories,pythia_0.162405B_trajectory,788,2.9759,2.975411156578934,-0.000488843421066143,0.000488843421066143
0.162405,11.495,2.9724,5,1,pythia_0.162405B_trajectory,B3,interpolated Pythia trajectories,pythia_0.162405B_trajectory,789,2.9724,2.97268558620668,0.00028558620667995527,0.00028558620667995527
0.162405,11.674,2.9722,5,1,pythia_0.162405B_trajectory,B3,interpolated Pythia trajectories,pythia_0.162405B_trajectory,790,2.9722,2.9699833082519285,-0.0022166917480714865,0.0022166917480714865
0.162405,11.855,2.97,5,1,pythia_0.162405B_trajectory,B3,interpolated Pythia trajectories,pythia_0.162405B_trajectory,791,2.97,2.967304231477004,-0.0026957685229960227,0.0026957685229960227
0.162405,12.04,2.9648,5,1,pythia_0.162405B_trajectory,B3,interpolated Pythia trajectories,pythia_0.162405B_trajectory,792,2.9648,2.96461951314548,-0.00018048685452010105,0.00018048685452010105
0.162405,12.228,2.9611,5,1,pythia_0.162405B_trajectory,B3,interpolated Pythia trajectories,pythia_0.162405B_trajectory,793,2.9611,2.9619448124772108,0.000844812477210688,0.000844812477210688
0.162405,12.418,2.9579,5,1,pythia_0.162405B_trajectory,B3,interpolated Pythia trajectories,pythia_0.162405B_trajectory,794,2.9579,2.9592946061474383,0.0013946061474383598,0.0013946061474383598
0.162405,12.612,2.9554,6,1,pythia_0.162405B_trajectory,B3,interpolated Pythia trajectories,pythia_0.162405B_trajectory,795,2.9554,2.956641623979758,0.001241623979757911,0.001241623979757911
0.162405,12.808,2.9542,6,1,pythia_0.162405B_trajectory,B3,interpolated Pythia trajectories,pythia_0.162405B_trajectory,796,2.9542,2.9540138104307254,-0.00018618956927474173,0.00018618956927474173
0.162405,13.008,2.9527,6,1,pythia_0.162405B_trajectory,B3,interpolated Pythia trajectories,pythia_0.162405B_trajectory,797,2.9527,2.951384897213895,-0.0013151027861049158,0.0013151027861049158
0.162405,13.21,2.9508,6,1,pythia_0.162405B_trajectory,B3,interpolated Pythia trajectories,pythia_0.162405B_trajectory,798,2.9508,2.9487816900778383,-0.0020183099221617873,0.0020183099221617873
0.162405,13.416,2.9485,6,1,pythia_0.162405B_trajectory,B3,interpolated Pythia trajectories,pythia_0.162405B_trajectory,799,2.9485,2.946178886784792,-0.002321113215208115,0.002321113215208115
0.162405,13.625,2.9418,6,1,pythia_0.162405B_trajectory,B3,interpolated Pythia trajectories,pythia_0.162405B_trajectory,800,2.9418,2.943589936706589,0.0017899367065887795,0.0017899367065887795
0.162405,13.837,2.9451,6,1,pythia_0.162405B_trajectory,B3,interpolated Pythia trajectories,pythia_0.162405B_trajectory,801,2.9451,2.941015240532014,-0.004084759467986032,0.004084759467986032
0.162405,14.053,2.9371,6,1,pythia_0.162405B_trajectory,B3,interpolated Pythia trajectories,pythia_0.162405B_trajectory,802,2.9371,2.9384433774276895,0.0013433774276894184,0.0013433774276894184
0.162405,14.272,2.939,6,1,pythia_0.162405B_trajectory,B3,interpolated Pythia trajectories,pythia_0.162405B_trajectory,803,2.939,2.9358869375059222,-0.003113062494077834,0.003113062494077834
0.162405,14.494,2.9332,6,1,pythia_0.162405B_trajectory,B3,interpolated Pythia trajectories,pythia_0.162405B_trajectory,804,2.9332,2.933346216442322,0.00014621644232226672,0.00014621644232226672
0.162405,14.72,2.9306,7,1,pythia_0.162405B_trajectory,B3,interpolated Pythia trajectories,pythia_0.162405B_trajectory,805,2.9306,2.9308103723503516,0.00021037235035148427,0.00021037235035148427
0.162405,14.949,2.9256,7,1,pythia_0.162405B_trajectory,B3,interpolated Pythia trajectories,pythia_0.162405B_trajectory,806,2.9256,2.92829119268657,0.00269119268656981,0.00269119268656981
0.162405,15.182,2.9254,7,1,pythia_0.162405B_trajectory,B3,interpolated Pythia trajectories,pythia_0.162405B_trajectory,807,2.9254,2.9257782022832206,0.0003782022832208298,0.0003782022832208298
0.162405,15.418,2.9249,7,1,pythia_0.162405B_trajectory,B3,interpolated Pythia trajectories,pythia_0.162405B_trajectory,808,2.9249,2.9232826792940254,-0.0016173207059746453,0.0016173207059746453
0.162405,15.659,2.9192,7,1,pythia_0.162405B_trajectory,B3,interpolated Pythia trajectories,pythia_0.162405B_trajectory,809,2.9192,2.920784239055839,0.0015842390558389319,0.0015842390558389319
0.162405,15.903,2.9169,7,1,pythia_0.162405B_trajectory,B3,interpolated Pythia trajectories,pythia_0.162405B_trajectory,810,2.9169,2.918304340345263,0.0014043403452630443,0.0014043403452630443
0.162405,16.15,2.9155,7,1,pythia_0.162405B_trajectory,B3,interpolated Pythia trajectories,pythia_0.162405B_trajectory,811,2.9155,2.915843063473603,0.00034306347360280043,0.00034306347360280043
0.162405,16.402,2.9152,7,1,pythia_0.162405B_trajectory,B3,interpolated Pythia trajectories,pythia_0.162405B_trajectory,812,2.9152,2.9133811233848994,-0.0018188766151006064,0.0018188766151006064
0.162405,16.657,2.9106,7,1,pythia_0.162405B_trajectory,B3,interpolated Pythia trajectories,pythia_0.162405B_trajectory,813,2.9106,2.910938669116601,0.00033866911660096477,0.00033866911660096477
0.162405,16.917,2.908,8,1,pythia_0.162405B_trajectory,B3,interpolated Pythia trajectories,pythia_0.162405B_trajectory,814,2.908,2.9084971090772926,0.0004971090772927234,0.0004971090772927234
0.162405,17.18,2.9079,8,1,pythia_0.162405B_trajectory,B3,interpolated Pythia trajectories,pythia_0.162405B_trajectory,815,2.9079,2.90607575790997,-0.0018242420900302925,0.0018242420900302925
0.162405,17.448,2.9052,8,1,pythia_0.162405B_trajectory,B3,interpolated Pythia trajectories,pythia_0.162405B_trajectory,816,2.9052,2.9036566940018114,-0.0015433059981884156,0.0015433059981884156
0.162405,17.72,2.9014,8,1,pythia_0.162405B_trajectory,B3,interpolated Pythia trajectories,pythia_0.162405B_trajectory,817,2.9014,2.901249670564374,-0.00015032943562598433,0.00015032943562598433
0.162405,17.996,2.9002,8,1,pythia_0.162405B_trajectory,B3,interpolated Pythia trajectories,pythia_0.162405B_trajectory,818,2.9002,2.8988551095366453,-0.00134489046335462,0.00134489046335462
0.162405,18.276,2.8965,8,1,pythia_0.162405B_trajectory,B3,interpolated Pythia trajectories,pythia_0.162405B_trajectory,819,2.8965,2.896473401462954,-2.659853704622961e-05,2.659853704622961e-05
0.162405,18.561,2.8948,8,1,pythia_0.162405B_trajectory,B3,interpolated Pythia trajectories,pythia_0.162405B_trajectory,820,2.8948,2.8940966492302755,-0.0007033507697244978,0.0007033507697244978
0.162405,18.85,2.8873,9,1,pythia_0.162405B_trajectory,B3,interpolated Pythia trajectories,pythia_0.162405B_trajectory,821,2.8873,2.89173376527923,0.004433765279229895,0.004433765279229895
0.162405,19.144,2.8937,9,1,pythia_0.162405B_trajectory,B3,interpolated Pythia trajectories,pythia_0.162405B_trajectory,822,2.8937,2.889377106835923,-0.00432289316407708,0.00432289316407708
0.162405,19.442,2.8862,9,1,pythia_0.162405B_trajectory,B3,interpolated Pythia trajectories,pythia_0.162405B_trajectory,823,2.8862,2.8870351899539948,0.000835189953994675,0.000835189953994675
0.162405,19.745,2.8857,9,1,pythia_0.162405B_trajectory,B3,interpolated Pythia trajectories,pythia_0.162405B_trajectory,824,2.8857,2.8847006194147804,-0.0009993805852195337,0.0009993805852195337
0.162405,20.052,2.8813,9,1,pythia_0.162405B_trajectory,B3,interpolated Pythia trajectories,pythia_0.162405B_trajectory,825,2.8813,2.8823815333875866,0.0010815333875866529,0.0010815333875866529
0.162405,20.365,2.8836,9,1,pythia_0.162405B_trajectory,B3,interpolated Pythia trajectories,pythia_0.162405B_trajectory,826,2.8836,2.880063444144995,-0.003536555855005119,0.003536555855005119
0.162405,20.682,2.8786,9,1,pythia_0.162405B_trajectory,B3,interpolated Pythia trajectories,pythia_0.162405B_trajectory,827,2.8786,2.877761749958637,-0.0008382500413630645,0.0008382500413630645
0.162405,21.004,2.8754,10,1,pythia_0.162405B_trajectory,B3,interpolated Pythia trajectories,pythia_0.162405B_trajectory,828,2.8754,2.875469522105835,6.952210583488494e-05,6.952210583488494e-05
0.162405,21.331,2.8692,10,1,pythia_0.162405B_trajectory,B3,interpolated Pythia trajectories,pythia_0.162405B_trajectory,829,2.8692,2.8731872757207326,0.0039872757207324305,0.0039872757207324305
0.162405,21.664,2.8707,10,1,pythia_0.162405B_trajectory,B3,interpolated Pythia trajectories,pythia_0.162405B_trajectory,830,2.8707,2.8709087163041414,0.00020871630414154296,0.00020871630414154296
0.162405,22.001,2.87,10,1,pythia_0.162405B_trajectory,B3,interpolated Pythia trajectories,pythia_0.162405B_trajectory,831,2.87,2.868647974836693,-0.0013520251633072355,0.0013520251633072355
0.162405,22.344,2.8695,10,1,pythia_0.162405B_trajectory,B3,interpolated Pythia trajectories,pythia_0.162405B_trajectory,832,2.8695,2.866392044608734,-0.0031079553912660707,0.0031079553912660707
0.162405,22.692,2.8604,10,1,pythia_0.162405B_trajectory,B3,interpolated Pythia trajectories,pythia_0.162405B_trajectory,833,2.8604,2.8641480790482268,0.0037480790482269377,0.0037480790482269377
0.162405,23.045,2.8649,11,1,pythia_0.162405B_trajectory,B3,interpolated Pythia trajectories,pythia_0.162405B_trajectory,834,2.8649,2.861916427573748,-0.0029835724262521346,0.0029835724262521346
0.162405,23.404,2.8604,11,1,pythia_0.162405B_trajectory,B3,interpolated Pythia trajectories,pythia_0.162405B_trajectory,835,2.8604,2.859691274777278,-0.0007087252227218066,0.0007087252227218066
0.162405,23.769,2.8579,11,1,pythia_0.162405B_trajectory,B3,interpolated Pythia trajectories,pythia_0.162405B_trajectory,836,2.8579,2.8574732766392508,-0.000426723360749115,0.000426723360749115
0.162405,24.139,2.8527,11,1,pythia_0.162405B_trajectory,B3,interpolated Pythia trajectories,pythia_0.162405B_trajectory,837,2.8527,2.855268948770477,0.0025689487704769753,0.0025689487704769753
0.162405,24.515,2.8539,11,1,pythia_0.162405B_trajectory,B3,interpolated Pythia trajectories,pythia_0.162405B_trajectory,838,2.8539,2.8530727396369198,-0.0008272603630801179,0.0008272603630801179
0.162405,24.897,2.8509,11,1,pythia_0.162405B_trajectory,B3,interpolated Pythia trajectories,pythia_0.162405B_trajectory,839,2.8509,2.8508851982917407,-1.4801708259515323e-05,1.4801708259515323e-05
0.162405,25.285,2.8518,12,1,pythia_0.162405B_trajectory,B3,interpolated Pythia trajectories,pythia_0.162405B_trajectory,840,2.8518,2.8487068387037286,-0.0030931612962712407,0.0030931612962712407
0.162405,25.679,2.8478,12,1,pythia_0.162405B_trajectory,B3,interpolated Pythia trajectories,pythia_0.162405B_trajectory,841,2.8478,2.846538141143659,-0.0012618588563406696,0.0012618588563406696
0.162405,26.079,2.8476,12,1,pythia_0.162405B_trajectory,B3,interpolated Pythia trajectories,pythia_0.162405B_trajectory,842,2.8476,2.844379553550864,-0.003220446449136105,0.003220446449136105
0.162405,26.485,2.8439,12,1,pythia_0.162405B_trajectory,B3,interpolated Pythia trajectories,pythia_0.162405B_trajectory,843,2.8439,2.8422314928766492,-0.0016685071233508708,0.0016685071233508708
0.162405,26.898,2.8347,12,1,pythia_0.162405B_trajectory,B3,interpolated Pythia trajectories,pythia_0.162405B_trajectory,844,2.8347,2.840089210216796,0.005389210216795615,0.005389210216795615
0.162405,27.317,2.8387,13,1,pythia_0.162405B_trajectory,B3,interpolated Pythia trajectories,pythia_0.162405B_trajectory,845,2.8387,2.837958401648635,-0.0007415983513645585,0.0007415983513645585
0.162405,27.742,2.8376,13,1,pythia_0.162405B_trajectory,B3,interpolated Pythia trajectories,pythia_0.162405B_trajectory,846,2.8376,2.835839392699132,-0.0017606073008682444,0.0017606073008682444
0.162405,28.174,2.8361,13,1,pythia_0.162405B_trajectory,B3,interpolated Pythia trajectories,pythia_0.162405B_trajectory,847,2.8361,2.833727642745983,-0.0023723572540168547,0.0023723572540168547
0.162405,28.613,2.8317,13,1,pythia_0.162405B_trajectory,B3,interpolated Pythia trajectories,pythia_0.162405B_trajectory,848,2.8317,2.831623710847082,-7.628915291801874e-05,7.628915291801874e-05
0.162405,29.059,2.8275,13,1,pythia_0.162405B_trajectory,B3,interpolated Pythia trajectories,pythia_0.162405B_trajectory,849,2.8275,2.8295281211557666,0.002028121155766449,0.002028121155766449
0.162405,29.512,2.8275,14,1,pythia_0.162405B_trajectory,B3,interpolated Pythia trajectories,pythia_0.162405B_trajectory,850,2.8275,2.8274413642652516,-5.863573474851336e-05,5.863573474851336e-05
0.162405,29.971,2.8269,14,1,pythia_0.162405B_trajectory,B3,interpolated Pythia trajectories,pythia_0.162405B_trajectory,851,2.8269,2.8253683704240697,-0.0015316295759304488,0.0015316295759304488
0.162405,30.438,2.8257,14,1,pythia_0.162405B_trajectory,B3,interpolated Pythia trajectories,pythia_0.162405B_trajectory,852,2.8257,2.8233005356770047,-0.002399464322995204,0.002399464322995204
0.162405,30.912,2.822,14,1,pythia_0.162405B_trajectory,B3,interpolated Pythia trajectories,pythia_0.162405B_trajectory,853,2.822,2.821242819105471,-0.0007571808945292524,0.0007571808945292524
0.162405,31.394,2.8188,15,1,pythia_0.162405B_trajectory,B3,interpolated Pythia trajectories,pythia_0.162405B_trajectory,854,2.8188,2.8191913758264273,0.0003913758264273426,0.0003913758264273426
0.162405,31.883,2.819,15,1,pythia_0.162405B_trajectory,B3,interpolated Pythia trajectories,pythia_0.162405B_trajectory,855,2.819,2.81715092734631,-0.0018490726536901647,0.0018490726536901647
0.162405,32.38,2.8177,15,1,pythia_0.162405B_trajectory,B3,interpolated Pythia trajectories,pythia_0.162405B_trajectory,856,2.8177,2.815117734122634,-0.0025822658773657636,0.0025822658773657636
0.162405,32.884,2.81,15,1,pythia_0.162405B_trajectory,B3,interpolated Pythia trajectories,pythia_0.162405B_trajectory,857,2.81,2.8130962918825646,0.0030962918825645502,0.0030962918825645502
0.162405,33.396,2.8118,15,1,pythia_0.162405B_trajectory,B3,interpolated Pythia trajectories,pythia_0.162405B_trajectory,858,2.8118,2.8110829649317535,-0.0007170350682463855,0.0007170350682463855
0.162405,33.917,2.8084,16,1,pythia_0.162405B_trajectory,B3,interpolated Pythia trajectories,pythia_0.162405B_trajectory,859,2.8084,2.809074399955455,0.0006743999554550406,0.0006743999554550406
0.162405,34.445,2.8068,16,1,pythia_0.162405B_trajectory,B3,interpolated Pythia trajectories,pythia_0.162405B_trajectory,860,2.8068,2.807078739698002,0.0002787396980021839,0.0002787396980021839
0.162405,34.982,2.8031,16,1,pythia_0.162405B_trajectory,B3,interpolated Pythia trajectories,pythia_0.162405B_trajectory,861,2.8031,2.805088825421109,0.0019888254211086753,0.0019888254211086753
0.162405,35.526,2.8039,16,1,pythia_0.162405B_trajectory,B3,interpolated Pythia trajectories,pythia_0.162405B_trajectory,862,2.8039,2.803112443187212,-0.0007875568127881927,0.0007875568127881927
0.162405,36.08,2.7996,17,1,pythia_0.162405B_trajectory,B3,interpolated Pythia trajectories,pythia_0.162405B_trajectory,863,2.7996,2.801139145574939,0.0015391455749389493,0.0015391455749389493
0.162405,36.642,2.7983,17,1,pythia_0.162405B_trajectory,B3,interpolated Pythia trajectories,pythia_0.162405B_trajectory,864,2.7983,2.79917658559279,0.0008765855927901356,0.0008765855927901356
0.162405,37.213,2.7962,17,1,pythia_0.162405B_trajectory,B3,interpolated Pythia trajectories,pythia_0.162405B_trajectory,865,2.7962,2.7972216631699567,0.0010216631699568879,0.0010216631699568879
0.162405,37.792,2.7962,18,1,pythia_0.162405B_trajectory,B3,interpolated Pythia trajectories,pythia_0.162405B_trajectory,866,2.7962,2.7952781675690517,-0.0009218324309481218,0.0009218324309481218
0.162405,38.381,2.7933,18,1,pythia_0.162405B_trajectory,B3,interpolated Pythia trajectories,pythia_0.162405B_trajectory,867,2.7933,2.793339821706142,3.9821706141918156e-05,3.9821706141918156e-05
0.162405,38.979,2.7899,18,1,pythia_0.162405B_trajectory,B3,interpolated Pythia trajectories,pythia_0.162405B_trajectory,868,2.7899,2.7914104217752906,0.0015104217752908156,0.0015104217752908156
0.162405,39.586,2.7897,18,1,pythia_0.162405B_trajectory,B3,interpolated Pythia trajectories,pythia_0.162405B_trajectory,869,2.7897,2.7894903459755516,-0.0002096540244482803,0.0002096540244482803
0.162405,40.203,2.7879,19,1,pythia_0.162405B_trajectory,B3,interpolated Pythia trajectories,pythia_0.162405B_trajectory,870,2.7879,2.7875768749689867,-0.00032312503101339374,0.00032312503101339374
0.162405,40.829,2.7856,19,1,pythia_0.162405B_trajectory,B3,interpolated Pythia trajectories,pythia_0.162405B_trajectory,871,2.7856,2.785673525555474,7.35255554737968e-05,7.35255554737968e-05
0.162405,41.465,2.7823,19,1,pythia_0.162405B_trajectory,B3,interpolated Pythia trajectories,pythia_0.162405B_trajectory,872,2.7823,2.783777643714433,0.0014776437144328192,0.0014776437144328192
0.162405,42.111,2.7823,20,1,pythia_0.162405B_trajectory,B3,interpolated Pythia trajectories,pythia_0.162405B_trajectory,873,2.7823,2.7818896770276234,-0.0004103229723768642,0.0004103229723768642
0.162405,42.767,2.7793,20,1,pythia_0.162405B_trajectory,B3,interpolated Pythia trajectories,pythia_0.162405B_trajectory,874,2.7793,2.7800100438057704,0.0007100438057703329,0.0007100438057703329
0.162405,43.433,2.7787,20,1,pythia_0.162405B_trajectory,B3,interpolated Pythia trajectories,pythia_0.162405B_trajectory,875,2.7787,2.7781391342726773,-0.0005608657273228346,0.0005608657273228346
0.162405,44.11,2.7759,21,1,pythia_0.162405B_trajectory,B3,interpolated Pythia trajectories,pythia_0.162405B_trajectory,876,2.7759,2.7762745846553765,0.00037458465537643093,0.00037458465537643093
0.162405,44.797,2.7766,21,1,pythia_0.162405B_trajectory,B3,interpolated Pythia trajectories,pythia_0.162405B_trajectory,877,2.7766,2.77441956629694,-0.002180433703060203,0.002180433703060203
0.162405,45.495,2.7742,21,1,pythia_0.162405B_trajectory,B3,interpolated Pythia trajectories,pythia_0.162405B_trajectory,878,2.7742,2.7725717674960975,-0.001628232503902538,0.001628232503902538
0.162405,46.204,2.7716,22,1,pythia_0.162405B_trajectory,B3,interpolated Pythia trajectories,pythia_0.162405B_trajectory,879,2.7716,2.7707316282070313,-0.0008683717929685031,0.0008683717929685031
0.162405,46.923,2.7696,22,1,pythia_0.162405B_trajectory,B3,interpolated Pythia trajectories,pythia_0.162405B_trajectory,880,2.7696,2.768902079239293,-0.0006979207607069604,0.0006979207607069604
0.162405,47.654,2.767,22,1,pythia_0.162405B_trajectory,B3,interpolated Pythia trajectories,pythia_0.162405B_trajectory,881,2.767,2.76707841588688,7.841588688028978e-05,7.841588688028978e-05
0.162405,48.397,2.7678,23,1,pythia_0.162405B_trajectory,B3,interpolated Pythia trajectories,pythia_0.162405B_trajectory,882,2.7678,2.7652611435729963,-0.0025388564270034664,0.0025388564270034664
0.162405,49.15,2.7627,23,1,pythia_0.162405B_trajectory,B3,interpolated Pythia trajectories,pythia_0.162405B_trajectory,883,2.7627,2.763455485375993,0.0007554853759930147,0.0007554853759930147
0.162405,49.916,2.759,23,1,pythia_0.162405B_trajectory,B3,interpolated Pythia trajectories,pythia_0.162405B_trajectory,884,2.759,2.7616546231533645,0.0026546231533646214,0.0026546231533646214
0.162405,50.694,2.7584,24,1,pythia_0.162405B_trajectory,B3,interpolated Pythia trajectories,pythia_0.162405B_trajectory,885,2.7584,2.759861397312411,0.0014613973124109059,0.0014613973124109059
0.162405,51.483,2.7577,24,1,pythia_0.162405B_trajectory,B3,interpolated Pythia trajectories,pythia_0.162405B_trajectory,886,2.7577,2.758078436412471,0.0003784364124710393,0.0003784364124710393
0.162405,52.285,2.7548,25,1,pythia_0.162405B_trajectory,B3,interpolated Pythia trajectories,pythia_0.162405B_trajectory,887,2.7548,2.756301586104704,0.001501586104704078,0.001501586104704078
0.162405,53.1,2.7533,25,1,pythia_0.162405B_trajectory,B3,interpolated Pythia trajectories,pythia_0.162405B_trajectory,888,2.7533,2.7545313171068853,0.001231317106885399,0.001231317106885399
0.162405,53.927,2.7563,25,1,pythia_0.162405B_trajectory,B3,interpolated Pythia trajectories,pythia_0.162405B_trajectory,889,2.7563,2.7527701793231776,-0.0035298206768223928,0.0035298206768223928
0.162405,54.767,2.7524,26,1,pythia_0.162405B_trajectory,B3,interpolated Pythia trajectories,pythia_0.162405B_trajectory,890,2.7524,2.751016394561669,-0.0013836054383311591,0.0013836054383311591
0.162405,55.62,2.7516,26,1,pythia_0.162405B_trajectory,B3,interpolated Pythia trajectories,pythia_0.162405B_trajectory,891,2.7516,2.7492703511674588,-0.0023296488325410536,0.0023296488325410536
0.162405,56.487,2.7516,27,1,pythia_0.162405B_trajectory,B3,interpolated Pythia trajectories,pythia_0.162405B_trajectory,892,2.7516,2.747530424302136,-0.004069575697863925,0.004069575697863925
0.162405,57.367,2.7448,27,1,pythia_0.162405B_trajectory,B3,interpolated Pythia trajectories,pythia_0.162405B_trajectory,893,2.7448,2.745799016171193,0.0009990161711930234,0.0009990161711930234
0.162405,58.26,2.7432,27,1,pythia_0.162405B_trajectory,B3,interpolated Pythia trajectories,pythia_0.162405B_trajectory,894,2.7432,2.7440764377491624,0.000876437749162573,0.000876437749162573
0.162405,59.168,2.7402,28,1,pythia_0.162405B_trajectory,B3,interpolated Pythia trajectories,pythia_0.162405B_trajectory,895,2.7402,2.7423592318942505,0.0021592318942502686,0.0021592318942502686
0.162405,60.09,2.7449,28,1,pythia_0.162405B_trajectory,B3,interpolated Pythia trajectories,pythia_0.162405B_trajectory,896,2.7449,2.7406497206972915,-0.004250279302708382,0.004250279302708382
0.162405,61.026,2.7382,29,1,pythia_0.162405B_trajectory,B3,interpolated Pythia trajectories,pythia_0.162405B_trajectory,897,2.7382,2.738948252762433,0.0007482527624329549,0.0007482527624329549
0.162405,61.976,2.7389,29,1,pythia_0.162405B_trajectory,B3,interpolated Pythia trajectories,pythia_0.162405B_trajectory,898,2.7389,2.737255152444499,-0.0016448475555010944,0.0016448475555010944
0.162405,62.942,2.7371,30,1,pythia_0.162405B_trajectory,B3,interpolated Pythia trajectories,pythia_0.162405B_trajectory,899,2.7371,2.735567260599694,-0.0015327394003059602,0.0015327394003059602
0.162405,63.922,2.7333,30,1,pythia_0.162405B_trajectory,B3,interpolated Pythia trajectories,pythia_0.162405B_trajectory,900,2.7333,2.7338884518220112,0.0005884518220113932,0.0005884518220113932
0.162405,64.918,2.735,31,1,pythia_0.162405B_trajectory,B3,interpolated Pythia trajectories,pythia_0.162405B_trajectory,901,2.735,2.732215653567451,-0.0027843464325489897,0.0027843464325489897
0.162405,65.929,2.7291,31,1,pythia_0.162405B_trajectory,B3,interpolated Pythia trajectories,pythia_0.162405B_trajectory,902,2.7291,2.730550924815368,0.0014509248153680154,0.0014509248153680154
0.162405,66.956,2.7292,32,1,pythia_0.162405B_trajectory,B3,interpolated Pythia trajectories,pythia_0.162405B_trajectory,903,2.7292,2.7288929726806055,-0.0003070273193945816,0.0003070273193945816
0.162405,67.999,2.7269,32,1,pythia_0.162405B_trajectory,B3,interpolated Pythia trajectories,pythia_0.162405B_trajectory,904,2.7269,2.7272421744024555,0.00034217440245543074,0.00034217440245543074
0.162405,69.058,2.7259,33,1,pythia_0.162405B_trajectory,B3,interpolated Pythia trajectories,pythia_0.162405B_trajectory,905,2.7259,2.725598882173698,-0.00030111782630237727,0.00030111782630237727
0.162405,70.134,2.724,33,1,pythia_0.162405B_trajectory,B3,interpolated Pythia trajectories,pythia_0.162405B_trajectory,906,2.724,2.723961917776503,-3.8082223497326595e-05,3.8082223497326595e-05
0.162405,71.227,2.7223,34,1,pythia_0.162405B_trajectory,B3,interpolated Pythia trajectories,pythia_0.162405B_trajectory,907,2.7223,2.7223316748621897,3.1674862189579045e-05,3.1674862189579045e-05
0.162405,72.336,2.723,34,1,pythia_0.162405B_trajectory,B3,interpolated Pythia trajectories,pythia_0.162405B_trajectory,908,2.723,2.720709969445455,-0.0022900305545450195,0.0022900305545450195
0.162405,73.463,2.7206,35,1,pythia_0.162405B_trajectory,B3,interpolated Pythia trajectories,pythia_0.162405B_trajectory,909,2.7206,2.719094220855162,-0.001505779144838293,0.001505779144838293
0.162405,74.608,2.7159,35,1,pythia_0.162405B_trajectory,B3,interpolated Pythia trajectories,pythia_0.162405B_trajectory,910,2.7159,2.7174848342207314,0.0015848342207314126,0.0015848342207314126
0.162405,75.77,2.7171,36,1,pythia_0.162405B_trajectory,B3,interpolated Pythia trajectories,pythia_0.162405B_trajectory,911,2.7171,2.715883553281703,-0.001216446718296904,0.001216446718296904
0.162405,76.95,2.7123,36,1,pythia_0.162405B_trajectory,B3,interpolated Pythia trajectories,pythia_0.162405B_trajectory,912,2.7123,2.714289314508926,0.0019893145089260322,0.0019893145089260322
0.162405,78.149,2.7149,37,1,pythia_0.162405B_trajectory,B3,interpolated Pythia trajectories,pythia_0.162405B_trajectory,913,2.7149,2.712701138509079,-0.002198861490921189,0.002198861490921189
0.162405,79.366,2.7117,37,1,pythia_0.162405B_trajectory,B3,interpolated Pythia trajectories,pythia_0.162405B_trajectory,914,2.7117,2.711120697498398,-0.000579302501602097,0.000579302501602097
0.162405,80.603,2.712,38,1,pythia_0.162405B_trajectory,B3,interpolated Pythia trajectories,pythia_0.162405B_trajectory,915,2.712,2.7095457559378557,-0.0024542440621444506,0.0024542440621444506
0.162405,81.858,2.7082,39,1,pythia_0.162405B_trajectory,B3,interpolated Pythia trajectories,pythia_0.162405B_trajectory,916,2.7082,2.7079791987687725,-0.00022080123122769635,0.00022080123122769635
0.162405,83.133,2.7076,39,1,pythia_0.162405B_trajectory,B3,interpolated Pythia trajectories,pythia_0.162405B_trajectory,917,2.7076,2.7064188442446615,-0.0011811557553382812,0.0011811557553382812
0.162405,84.428,2.7053,40,1,pythia_0.162405B_trajectory,B3,interpolated Pythia trajectories,pythia_0.162405B_trajectory,918,2.7053,2.704865057374259,-0.00043494262574084175,0.00043494262574084175
0.162405,85.744,2.7021,41,1,pythia_0.162405B_trajectory,B3,interpolated Pythia trajectories,pythia_0.162405B_trajectory,919,2.7021,2.703317014451901,0.0012170144519010329,0.0012170144519010329
0.162405,87.079,2.7018,41,1,pythia_0.162405B_trajectory,B3,interpolated Pythia trajectories,pythia_0.162405B_trajectory,920,2.7018,2.7017773858675747,-2.261413242532484e-05,2.261413242532484e-05
0.162405,88.436,2.7026,42,1,pythia_0.162405B_trajectory,B3,interpolated Pythia trajectories,pythia_0.162405B_trajectory,921,2.7026,2.700243040474754,-0.0023569595252457276,0.0023569595252457276
0.162405,89.813,2.6991,42,1,pythia_0.162405B_trajectory,B3,interpolated Pythia trajectories,pythia_0.162405B_trajectory,922,2.6991,2.6987165800191977,-0.0003834199808023797,0.0003834199808023797
0.162405,91.212,2.6987,43,1,pythia_0.162405B_trajectory,B3,interpolated Pythia trajectories,pythia_0.162405B_trajectory,923,2.6987,2.6971961042659283,-0.0015038957340718362,0.0015038957340718362
0.162405,92.633,2.695,44,1,pythia_0.162405B_trajectory,B3,interpolated Pythia trajectories,pythia_0.162405B_trajectory,924,2.695,2.6956819723890826,0.0006819723890827412,0.0006819723890827412
0.162405,94.076,2.6936,45,1,pythia_0.162405B_trajectory,B3,interpolated Pythia trajectories,pythia_0.162405B_trajectory,925,2.6936,2.69417452008023,0.0005745200802298456,0.0005745200802298456
0.162405,95.542,2.6946,45,1,pythia_0.162405B_trajectory,B3,interpolated Pythia trajectories,pythia_0.162405B_trajectory,926,2.6946,2.6926730463691504,-0.0019269536308494928,0.0019269536308494928
0.162405,97.03,2.6937,46,1,pythia_0.162405B_trajectory,B3,interpolated Pythia trajectories,pythia_0.162405B_trajectory,927,2.6937,2.6911788966553822,-0.00252110334461797,0.00252110334461797
0.162405,98.542,2.6881,47,1,pythia_0.162405B_trajectory,B3,interpolated Pythia trajectories,pythia_0.162405B_trajectory,928,2.6881,2.689690391025873,0.0015903910258732168,0.0015903910258732168
0.162405,100.077,2.6886,47,1,pythia_0.162405B_trajectory,B3,interpolated Pythia trajectories,pythia_0.162405B_trajectory,929,2.6886,2.688208849552371,-0.0003911504476290517,0.0003911504476290517
0.162405,101.636,2.6919,48,1,pythia_0.162405B_trajectory,B3,interpolated Pythia trajectories,pythia_0.162405B_trajectory,930,2.6919,2.686733620000875,-0.005166379999125059,0.005166379999125059
0.162405,103.219,2.6854,49,1,pythia_0.162405B_trajectory,B3,interpolated Pythia trajectories,pythia_0.162405B_trajectory,931,2.6854,2.6852650218183496,-0.00013497818165042474,0.00013497818165042474
0.162405,104.827,2.6833,50,1,pythia_0.162405B_trajectory,B3,interpolated Pythia trajectories,pythia_0.162405B_trajectory,932,2.6833,2.683802452181562,0.0005024521815619742,0.0005024521815619742
0.162405,106.46,2.6806,50,1,pythia_0.162405B_trajectory,B3,interpolated Pythia trajectories,pythia_0.162405B_trajectory,933,2.6806,2.6823462410366092,0.0017462410366091419,0.0017462410366091419
0.162405,108.118,2.6826,51,1,pythia_0.162405B_trajectory,B3,interpolated Pythia trajectories,pythia_0.162405B_trajectory,934,2.6826,2.680896696342657,-0.0017033036573428362,0.0017033036573428362
0.162405,109.802,2.6766,52,1,pythia_0.162405B_trajectory,B3,interpolated Pythia trajectories,pythia_0.162405B_trajectory,935,2.6766,2.679453256250717,0.0028532562507170844,0.0028532562507170844
0.162405,111.513,2.6785,53,1,pythia_0.162405B_trajectory,B3,interpolated Pythia trajectories,pythia_0.162405B_trajectory,936,2.6785,2.67801540518653,-0.00048459481347018496,0.00048459481347018496
0.162405,113.25,2.6775,54,1,pythia_0.162405B_trajectory,B3,interpolated Pythia trajectories,pythia_0.162405B_trajectory,937,2.6775,2.6765843030207974,-0.0009156969792027958,0.0009156969792027958
0.162405,115.014,2.6735,55,1,pythia_0.162405B_trajectory,B3,interpolated Pythia trajectories,pythia_0.162405B_trajectory,938,2.6735,2.6751594236907428,0.0016594236907425675,0.0016594236907425675
0.162405,116.806,2.6769,55,1,pythia_0.162405B_trajectory,B3,interpolated Pythia trajectories,pythia_0.162405B_trajectory,939,2.6769,2.6737402842030815,-0.0031597157969183165,0.0031597157969183165
0.162405,118.625,2.6728,56,1,pythia_0.162405B_trajectory,B3,interpolated Pythia trajectories,pythia_0.162405B_trajectory,940,2.6728,2.672327979943336,-0.00047202005666413527,0.00047202005666413527
0.162405,120.473,2.6701,57,1,pythia_0.162405B_trajectory,B3,interpolated Pythia trajectories,pythia_0.162405B_trajectory,941,2.6701,2.6709212633023487,0.0008212633023485516,0.0008212633023485516
0.162405,122.35,2.6723,58,1,pythia_0.162405B_trajectory,B3,interpolated Pythia trajectories,pythia_0.162405B_trajectory,942,2.6723,2.669520463766273,-0.0027795362337270646,0.0027795362337270646
0.162405,124.256,2.6697,59,1,pythia_0.162405B_trajectory,B3,interpolated Pythia trajectories,pythia_0.162405B_trajectory,943,2.6697,2.6681258892007067,-0.0015741107992934822,0.0015741107992934822
0.162405,126.191,2.6661,60,1,pythia_0.162405B_trajectory,B3,interpolated Pythia trajectories,pythia_0.162405B_trajectory,944,2.6661,2.6667378267281734,0.0006378267281732519,0.0006378267281732519
0.162405,128.157,2.665,61,1,pythia_0.162405B_trajectory,B3,interpolated Pythia trajectories,pythia_0.162405B_trajectory,945,2.665,2.665355150822962,0.0003551508229620026,0.0003551508229620026
0.162405,130.154,2.6631,62,1,pythia_0.162405B_trajectory,B3,interpolated Pythia trajectories,pythia_0.162405B_trajectory,946,2.6631,2.663978191487439,0.0008781914874389507,0.0008781914874389507
0.162405,132.181,2.6649,63,1,pythia_0.162405B_trajectory,B3,interpolated Pythia trajectories,pythia_0.162405B_trajectory,947,2.6649,2.6626079265887443,-0.0022920734112554797,0.0022920734112554797
0.162405,134.24,2.6644,64,1,pythia_0.162405B_trajectory,B3,interpolated Pythia trajectories,pythia_0.162405B_trajectory,948,2.6644,2.661243292185534,-0.0031567078144663085,0.0031567078144663085
0.162405,136.331,2.6569,65,1,pythia_0.162405B_trajectory,B3,interpolated Pythia trajectories,pythia_0.162405B_trajectory,949,2.6569,2.659884595723003,0.002984595723003025,0.002984595723003025
0.162405,138.455,2.6621,66,1,pythia_0.162405B_trajectory,B3,interpolated Pythia trajectories,pythia_0.162405B_trajectory,950,2.6621,2.65853149335981,-0.003568506640190261,0.003568506640190261
0.162405,140.612,2.6568,67,1,pythia_0.162405B_trajectory,B3,interpolated Pythia trajectories,pythia_0.162405B_trajectory,951,2.6568,2.6571842894514504,0.0003842894514503037,0.0003842894514503037
0.162405,142.802,2.6596,68,1,pythia_0.162405B_trajectory,B3,interpolated Pythia trajectories,pythia_0.162405B_trajectory,952,2.6596,2.6558432680443547,-0.0037567319556455203,0.0037567319556455203
0.162405,145.027,2.6532,69,1,pythia_0.162405B_trajectory,B3,interpolated Pythia trajectories,pythia_0.162405B_trajectory,953,2.6532,2.654507504826707,0.001307504826706829,0.001307504826706829
0.162405,147.286,2.651,70,1,pythia_0.162405B_trajectory,B3,interpolated Pythia trajectories,pythia_0.162405B_trajectory,954,2.651,2.6531778983478462,0.0021778983478464298,0.0021778983478464298
0.162405,149.58,2.6535,71,1,pythia_0.162405B_trajectory,B3,interpolated Pythia trajectories,pythia_0.162405B_trajectory,955,2.6535,2.651854138091365,-0.0016458619086350268,0.0016458619086350268
0.162405,151.91,2.6483,72,1,pythia_0.162405B_trajectory,B3,interpolated Pythia trajectories,pythia_0.162405B_trajectory,956,2.6483,2.6505359398460695,0.0022359398460696234,0.0022359398460696234
0.162405,154.277,2.648,73,1,pythia_0.162405B_trajectory,B3,interpolated Pythia trajectories,pythia_0.162405B_trajectory,957,2.648,2.6492230442790534,0.001223044279053287,0.001223044279053287
0.162405,156.68,2.6499,74,1,pythia_0.162405B_trajectory,B3,interpolated Pythia trajectories,pythia_0.162405B_trajectory,958,2.6499,2.6479162924746413,-0.0019837075253588132,0.0019837075253588132
0.162405,159.121,2.6475,76,1,pythia_0.162405B_trajectory,B3,interpolated Pythia trajectories,pythia_0.162405B_trajectory,959,2.6475,2.6466148796197384,-0.0008851203802615615,0.0008851203802615615
0.162405,161.6,2.6429,77,1,pythia_0.162405B_trajectory,B3,interpolated Pythia trajectories,pythia_0.162405B_trajectory,960,2.6429,2.645319100820421,0.0024191008204210718,0.0024191008204210718
0.162405,164.117,2.6434,78,1,pythia_0.162405B_trajectory,B3,interpolated Pythia trajectories,pythia_0.162405B_trajectory,961,2.6434,2.64402923155699,0.0006292315569900175,0.0006292315569900175
0.162405,166.674,2.6439,79,1,pythia_0.162405B_trajectory,B3,interpolated Pythia trajectories,pythia_0.162405B_trajectory,962,2.6439,2.642744533518433,-0.0011554664815669469,0.0011554664815669469
0.162405,169.27,2.6386,80,1,pythia_0.162405B_trajectory,B3,interpolated Pythia trajectories,pythia_0.162405B_trajectory,963,2.6386,2.6414657915172333,0.002865791517233429,0.002865791517233429
0.162405,171.907,2.6407,82,1,pythia_0.162405B_trajectory,B3,interpolated Pythia trajectories,pythia_0.162405B_trajectory,964,2.6407,2.6401922980011276,-0.0005077019988721787,0.0005077019988721787
0.162405,174.585,2.6361,83,1,pythia_0.162405B_trajectory,B3,interpolated Pythia trajectories,pythia_0.162405B_trajectory,965,2.6361,2.6389243403102363,0.002824340310236373,0.002824340310236373
0.162405,177.304,2.636,84,1,pythia_0.162405B_trajectory,B3,interpolated Pythia trajectories,pythia_0.162405B_trajectory,966,2.636,2.637662186637958,0.0016621866379580297,0.0016621866379580297
0.162405,180.066,2.6357,86,1,pythia_0.162405B_trajectory,B3,interpolated Pythia trajectories,pythia_0.162405B_trajectory,967,2.6357,2.636405185553208,0.0007051855532078655,0.0007051855532078655
0.162405,182.871,2.6386,87,1,pythia_0.162405B_trajectory,B3,interpolated Pythia trajectories,pythia_0.162405B_trajectory,968,2.6386,2.635153622235089,-0.0034463777649107463,0.0034463777649107463
0.162405,185.72,2.6361,88,1,pythia_0.162405B_trajectory,B3,interpolated Pythia trajectories,pythia_0.162405B_trajectory,969,2.6361,2.6339073297566427,-0.002192670243357231,0.002192670243357231
0.162405,188.613,2.6349,90,1,pythia_0.162405B_trajectory,B3,interpolated Pythia trajectories,pythia_0.162405B_trajectory,970,2.6349,2.6326665816062174,-0.00223341839378266,0.00223341839378266
0.162405,191.551,2.6326,91,1,pythia_0.162405B_trajectory,B3,interpolated Pythia trajectories,pythia_0.162405B_trajectory,971,2.6326,2.6314312164907476,-0.0011687835092524246,0.0011687835092524246
0.162405,194.535,2.6293,93,1,pythia_0.162405B_trajectory,B3,interpolated Pythia trajectories,pythia_0.162405B_trajectory,972,2.6293,2.6302010880562086,0.0009010880562083656,0.0009010880562083656
0.162405,197.566,2.6305,94,1,pythia_0.162405B_trajectory,B3,interpolated Pythia trajectories,pythia_0.162405B_trajectory,973,2.6305,2.62897606401906,-0.0015239359809400277,0.0015239359809400277
0.162405,200.643,2.6303,96,1,pythia_0.162405B_trajectory,B3,interpolated Pythia trajectories,pythia_0.162405B_trajectory,974,2.6303,2.6277568100360953,-0.0025431899639047906,0.0025431899639047906
0.162405,203.769,2.6269,97,1,pythia_0.162405B_trajectory,B3,interpolated Pythia trajectories,pythia_0.162405B_trajectory,975,2.6269,2.6265424040612846,-0.00035759593871542705,0.00035759593871542705
0.162405,206.943,2.6253,99,1,pythia_0.162405B_trajectory,B3,interpolated Pythia trajectories,pythia_0.162405B_trajectory,976,2.6253,2.625333506342524,3.3506342523637045e-05,3.3506342523637045e-05
0.162405,210.167,2.6213,100,1,pythia_0.162405B_trajectory,B3,interpolated Pythia trajectories,pythia_0.162405B_trajectory,977,2.6213,2.624129619736755,0.002829619736754996,0.002829619736754996
0.162405,213.441,2.6274,102,1,pythia_0.162405B_trajectory,B3,interpolated Pythia trajectories,pythia_0.162405B_trajectory,978,2.6274,2.6229310130526553,-0.004468986947344877,0.004468986947344877
0.162405,216.766,2.6237,103,1,pythia_0.162405B_trajectory,B3,interpolated Pythia trajectories,pythia_0.162405B_trajectory,979,2.6237,2.6217375817103346,-0.0019624182896653686,0.0019624182896653686
0.162405,220.142,2.6215,105,1,pythia_0.162405B_trajectory,B3,interpolated Pythia trajectories,pythia_0.162405B_trajectory,980,2.6215,2.62054958015669,-0.0009504198433103461,0.0009504198433103461
0.162405,223.572,2.6208,106,1,pythia_0.162405B_trajectory,B3,interpolated Pythia trajectories,pythia_0.162405B_trajectory,981,2.6208,2.619366220643009,-0.0014337793569909607,0.0014337793569909607
0.162405,227.054,2.6163,108,1,pythia_0.162405B_trajectory,B3,interpolated Pythia trajectories,pythia_0.162405B_trajectory,982,2.6163,2.618188453660563,0.0018884536605630053,0.0018884536605630053
0.162405,230.591,2.6168,110,1,pythia_0.162405B_trajectory,B3,interpolated Pythia trajectories,pythia_0.162405B_trajectory,983,2.6168,2.6170155171030585,0.00021551710305844907,0.00021551710305844907
0.162405,234.183,2.6172,112,1,pythia_0.162405B_trajectory,B3,interpolated Pythia trajectories,pythia_0.162405B_trajectory,984,2.6172,2.615847675786788,-0.001352324213212075,0.001352324213212075
0.162405,237.831,2.6136,113,1,pythia_0.162405B_trajectory,B3,interpolated Pythia trajectories,pythia_0.162405B_trajectory,985,2.6136,2.61468486126828,0.0010848612682798908,0.0010848612682798908
0.162405,241.536,2.6134,115,1,pythia_0.162405B_trajectory,B3,interpolated Pythia trajectories,pythia_0.162405B_trajectory,986,2.6134,2.6135270129129395,0.0001270129129395947,0.0001270129129395947
0.162405,245.299,2.6148,117,1,pythia_0.162405B_trajectory,B3,interpolated Pythia trajectories,pythia_0.162405B_trajectory,987,2.6148,2.6123740773788056,-0.002425922621194232,0.002425922621194232
0.162405,249.12,2.6091,119,1,pythia_0.162405B_trajectory,B3,interpolated Pythia trajectories,pythia_0.162405B_trajectory,988,2.6091,2.61122630555515,0.002126305555149699,0.002126305555149699
0.162405,253.001,2.613,121,1,pythia_0.162405B_trajectory,B3,interpolated Pythia trajectories,pythia_0.162405B_trajectory,989,2.613,2.6100833481467594,-0.002916651853240637,0.002916651853240637
0.162405,256.942,2.61,122,1,pythia_0.162405B_trajectory,B3,interpolated Pythia trajectories,pythia_0.162405B_trajectory,990,2.61,2.608945457061597,-0.0010545429384030136,0.0010545429384030136
0.162405,260.944,2.6062,124,1,pythia_0.162405B_trajectory,B3,interpolated Pythia trajectories,pythia_0.162405B_trajectory,991,2.6062,2.6078125869642625,0.0016125869642626967,0.0016125869642626967
0.162405,265.009,2.6047,126,1,pythia_0.162405B_trajectory,B3,interpolated Pythia trajectories,pythia_0.162405B_trajectory,992,2.6047,2.6066844234213056,0.001984423421305781,0.001984423421305781
0.162405,269.138,2.6026,128,1,pythia_0.162405B_trajectory,B3,interpolated Pythia trajectories,pythia_0.162405B_trajectory,993,2.6026,2.605560948248327,0.0029609482483272664,0.0029609482483272664
0.162405,273.33,2.6048,130,1,pythia_0.162405B_trajectory,B3,interpolated Pythia trajectories,pythia_0.162405B_trajectory,994,2.6048,2.6044426758194126,-0.0003573241805874261,0.0003573241805874261
0.162405,277.588,2.6052,132,1,pythia_0.162405B_trajectory,B3,interpolated Pythia trajectories,pythia_0.162405B_trajectory,995,2.6052,2.6033290471819948,-0.0018709528180052004,0.0018709528180052004
0.162405,281.912,2.6051,134,1,pythia_0.162405B_trajectory,B3,interpolated Pythia trajectories,pythia_0.162405B_trajectory,996,2.6051,2.6022203104642876,-0.002879689535712604,0.002879689535712604
0.162405,286.304,2.6023,136,1,pythia_0.162405B_trajectory,B3,interpolated Pythia trajectories,pythia_0.162405B_trajectory,997,2.6023,2.6011161993350025,-0.0011838006649975696,0.0011838006649975696
0.162405,290.764,2.6019,139,1,pythia_0.162405B_trajectory,B3,interpolated Pythia trajectories,pythia_0.162405B_trajectory,998,2.6019,2.600016958615805,-0.0018830413841950389,0.0018830413841950389
0.162405,295.293,2.5981,141,1,pythia_0.162405B_trajectory,B3,interpolated Pythia trajectories,pythia_0.162405B_trajectory,999,2.5981,2.5989225774324556,0.0008225774324555069,0.0008225774324555069
0.162405,299.893,2.5959,143,1,pythia_0.162405B_trajectory,B3,interpolated Pythia trajectories,pythia_0.162405B_trajectory,1000,2.5959,2.597832813321073,0.0019328133210732013,0.0019328133210732013
0.409009,0.134,4.3484,0,1,pythia_0.409009B_trajectory,B3,interpolated Pythia trajectories,pythia_0.409009B_trajectory,1001,4.3484,4.346382266302745,-0.0020177336972544424,0.0020177336972544424
0.409009,0.136,4.3406,0,1,pythia_0.409009B_trajectory,B3,interpolated Pythia trajectories,pythia_0.409009B_trajectory,1002,4.3406,4.337374729736078,-0.003225270263921942,0.003225270263921942
0.409009,0.138,4.3315,0,1,pythia_0.409009B_trajectory,B3,interpolated Pythia trajectories,pythia_0.409009B_trajectory,1003,4.3315,4.328535154959042,-0.002964845040958508,0.002964845040958508
0.409009,0.14,4.3194,0,1,pythia_0.409009B_trajectory,B3,interpolated Pythia trajectories,pythia_0.409009B_trajectory,1004,4.3194,4.3198580429976445,0.0004580429976446254,0.0004580429976446254
0.409009,0.143,4.3119,0,1,pythia_0.409009B_trajectory,B3,interpolated Pythia trajectories,pythia_0.409009B_trajectory,1005,4.3119,4.307135588417703,-0.004764411582296901,0.004764411582296901
0.409009,0.145,4.2972,0,1,pythia_0.409009B_trajectory,B3,interpolated Pythia trajectories,pythia_0.409009B_trajectory,1006,4.2972,4.298842213859272,0.0016422138592719904,0.0016422138592719904
0.409009,0.147,4.2996,0,1,pythia_0.409009B_trajectory,B3,interpolated Pythia trajectories,pythia_0.409009B_trajectory,1007,4.2996,4.29069396907177,-0.00890603092823028,0.00890603092823028
0.409009,0.149,4.2861,0,1,pythia_0.409009B_trajectory,B3,interpolated Pythia trajectories,pythia_0.409009B_trajectory,1008,4.2861,4.282686391005591,-0.003413608994409678,0.003413608994409678
0.409009,0.152,4.275,0,1,pythia_0.409009B_trajectory,B3,interpolated Pythia trajectories,pythia_0.409009B_trajectory,1009,4.275,4.270929487822642,-0.004070512177358765,0.004070512177358765
0.409009,0.154,4.2715,0,1,pythia_0.409009B_trajectory,B3,interpolated Pythia trajectories,pythia_0.409009B_trajectory,1010,4.2715,4.263255302473714,-0.008244697526285982,0.008244697526285982
0.409009,0.156,4.2574,0,1,pythia_0.409009B_trajectory,B3,interpolated Pythia trajectories,pythia_0.409009B_trajectory,1011,4.2574,4.25570762735779,-0.001692372642209783,0.001692372642209783
0.409009,0.159,4.2531,0,1,pythia_0.409009B_trajectory,B3,interpolated Pythia trajectories,pythia_0.409009B_trajectory,1012,4.2531,4.2446153395407595,-0.008484660459240345,0.008484660459240345
0.409009,0.161,4.243,0,1,pythia_0.409009B_trajectory,B3,interpolated Pythia trajectories,pythia_0.409009B_trajectory,1013,4.243,4.237368221529461,-0.00563177847053975,0.00563177847053975
0.409009,0.164,4.2386,0,1,pythia_0.409009B_trajectory,B3,interpolated Pythia trajectories,pythia_0.409009B_trajectory,1014,4.2386,4.226710891131221,-0.01188910886877892,0.01188910886877892
0.409009,0.166,4.2285,0,1,pythia_0.409009B_trajectory,B3,interpolated Pythia trajectories,pythia_0.409009B_trajectory,1015,4.2285,4.219743653892054,-0.008756346107946733,0.008756346107946733
0.409009,0.169,4.2185,0,1,pythia_0.409009B_trajectory,B3,interpolated Pythia trajectories,pythia_0.409009B_trajectory,1016,4.2185,4.2094918019710175,-0.009008198028982228,0.009008198028982228
0.409009,0.172,4.2089,0,1,pythia_0.409009B_trajectory,B3,interpolated Pythia trajectories,pythia_0.409009B_trajectory,1017,4.2089,4.199470262965336,-0.009429737034663432,0.009429737034663432
0.409009,0.174,4.2016,0,1,pythia_0.409009B_trajectory,B3,interpolated Pythia trajectories,pythia_0.409009B_trajectory,1018,4.2016,4.192912694397286,-0.008687305602713913,0.008687305602713913
0.409009,0.177,4.1916,0,1,pythia_0.409009B_trajectory,B3,interpolated Pythia trajectories,pythia_0.409009B_trajectory,1019,4.1916,4.1832551318674165,-0.008344868132583727,0.008344868132583727
0.409009,0.18,4.1857,0,1,pythia_0.409009B_trajectory,B3,interpolated Pythia trajectories,pythia_0.409009B_trajectory,1020,4.1857,4.173804829504347,-0.01189517049565314,0.01189517049565314
0.409009,0.183,4.1755,0,1,pythia_0.409009B_trajectory,B3,interpolated Pythia trajectories,pythia_0.409009B_trajectory,1021,4.1755,4.164553994528071,-0.010946005471929254,0.010946005471929254
0.409009,0.185,4.1673,0,1,pythia_0.409009B_trajectory,B3,interpolated Pythia trajectories,pythia_0.409009B_trajectory,1022,4.1673,4.158493926727833,-0.00880607327216687,0.00880607327216687
0.409009,0.188,4.1605,0,1,pythia_0.409009B_trajectory,B3,interpolated Pythia trajectories,pythia_0.409009B_trajectory,1023,4.1605,4.149559333512221,-0.010940666487778472,0.010940666487778472
0.409009,0.191,4.1473,0,1,pythia_0.409009B_trajectory,B3,interpolated Pythia trajectories,pythia_0.409009B_trajectory,1024,4.1473,4.140805378394614,-0.006494621605386719,0.006494621605386719
0.409009,0.194,4.1391,0,1,pythia_0.409009B_trajectory,B3,interpolated Pythia trajectories,pythia_0.409009B_trajectory,1025,4.1391,4.132225656857093,-0.0068743431429068025,0.0068743431429068025
0.409009,0.197,4.1308,0,1,pythia_0.409009B_trajectory,B3,interpolated Pythia trajectories,pythia_0.409009B_trajectory,1026,4.1308,4.123814086054196,-0.006985913945803723,0.006985913945803723
0.409009,0.2,4.1266,0,1,pythia_0.409009B_trajectory,B3,interpolated Pythia trajectories,pythia_0.409009B_trajectory,1027,4.1266,4.1155648840484504,-0.011035115951549379,0.011035115951549379
0.409009,0.203,4.1149,0,1,pythia_0.409009B_trajectory,B3,interpolated Pythia trajectories,pythia_0.409009B_trajectory,1028,4.1149,4.1074725506749115,-0.007427449325088098,0.007427449325088098
0.409009,0.207,4.1061,0,1,pythia_0.409009B_trajectory,B3,interpolated Pythia trajectories,pythia_0.409009B_trajectory,1029,4.1061,4.0969177767432425,-0.009182223256757105,0.009182223256757105
0.409009,0.21,4.1003,0,1,pythia_0.409009B_trajectory,B3,interpolated Pythia trajectories,pythia_0.409009B_trajectory,1030,4.1003,4.089171533877355,-0.011128466122644731,0.011128466122644731
0.409009,0.213,4.0945,0,1,pythia_0.409009B_trajectory,B3,interpolated Pythia trajectories,pythia_0.409009B_trajectory,1031,4.0945,4.081565643923613,-0.0129343560763866,0.0129343560763866
0.409009,0.216,4.0806,0,1,pythia_0.409009B_trajectory,B3,interpolated Pythia trajectories,pythia_0.409009B_trajectory,1032,4.0806,4.074095640099783,-0.006504359900216805,0.006504359900216805
0.409009,0.22,4.0713,0,1,pythia_0.409009B_trajectory,B3,interpolated Pythia trajectories,pythia_0.409009B_trajectory,1033,4.0713,4.064339669248599,-0.0069603307514007895,0.0069603307514007895
0.409009,0.223,4.0609,0,1,pythia_0.409009B_trajectory,B3,interpolated Pythia trajectories,pythia_0.409009B_trajectory,1034,4.0609,4.0571704733825165,-0.003729526617483714,0.003729526617483714
0.409009,0.227,4.055,0,1,pythia_0.409009B_trajectory,B3,interpolated Pythia trajectories,pythia_0.409009B_trajectory,1035,4.055,4.047801289416566,-0.007198710583433687,0.007198710583433687
0.409009,0.23,4.0472,0,1,pythia_0.409009B_trajectory,B3,interpolated Pythia trajectories,pythia_0.409009B_trajectory,1036,4.0472,4.040911982362134,-0.006288017637865906,0.006288017637865906
0.409009,0.234,4.0375,0,1,pythia_0.409009B_trajectory,B3,interpolated Pythia trajectories,pythia_0.409009B_trajectory,1037,4.0375,4.031903089986728,-0.005596910013271561,0.005596910013271561
0.409009,0.237,4.0282,0,1,pythia_0.409009B_trajectory,B3,interpolated Pythia trajectories,pythia_0.409009B_trajectory,1038,4.0282,4.0252747835156395,-0.0029252164843605044,0.0029252164843605044
0.409009,0.241,4.0192,0,1,pythia_0.409009B_trajectory,B3,interpolated Pythia trajectories,pythia_0.409009B_trajectory,1039,4.0192,4.016602222311991,-0.00259777768800884,0.00259777768800884
0.409009,0.245,4.0147,0,1,pythia_0.409009B_trajectory,B3,interpolated Pythia trajectories,pythia_0.409009B_trajectory,1040,4.0147,4.0081119611003695,-0.006588038899630888,0.006588038899630888
0.409009,0.249,4.0021,0,1,pythia_0.409009B_trajectory,B3,interpolated Pythia trajectories,pythia_0.409009B_trajectory,1041,4.0021,3.999797284031092,-0.0023027159689084087,0.0023027159689084087
0.409009,0.253,3.9964,0,1,pythia_0.409009B_trajectory,B3,interpolated Pythia trajectories,pythia_0.409009B_trajectory,1042,3.9964,3.9916518255273186,-0.004748174472681388,0.004748174472681388
0.409009,0.256,3.9882,0,1,pythia_0.409009B_trajectory,B3,interpolated Pythia trajectories,pythia_0.409009B_trajectory,1043,3.9882,3.9856501369666404,-0.0025498630333595784,0.0025498630333595784
0.409009,0.26,3.9787,0,1,pythia_0.409009B_trajectory,B3,interpolated Pythia trajectories,pythia_0.409009B_trajectory,1044,3.9787,3.977786464549907,-0.0009135354500928727,0.0009135354500928727
0.409009,0.265,3.9694,0,1,pythia_0.409009B_trajectory,B3,interpolated Pythia trajectories,pythia_0.409009B_trajectory,1045,3.9694,3.9681718801305914,-0.0012281198694084061,0.0012281198694084061
0.409009,0.269,3.9625,0,1,pythia_0.409009B_trajectory,B3,interpolated Pythia trajectories,pythia_0.409009B_trajectory,1046,3.9625,3.96064586311089,-0.0018541368891100696,0.0018541368891100696
0.409009,0.273,3.9498,0,1,pythia_0.409009B_trajectory,B3,interpolated Pythia trajectories,pythia_0.409009B_trajectory,1047,3.9498,3.953261732700465,0.0034617327004649034,0.0034617327004649034
0.409009,0.277,3.9469,0,1,pythia_0.409009B_trajectory,B3,interpolated Pythia trajectories,pythia_0.409009B_trajectory,1048,3.9469,3.9460147930347826,-0.0008852069652172112,0.0008852069652172112
0.409009,0.281,3.9421,0,1,pythia_0.409009B_trajectory,B3,interpolated Pythia trajectories,pythia_0.409009B_trajectory,1049,3.9421,3.9389005686342906,-0.0031994313657093265,0.0031994313657093265
0.409009,0.286,3.932,0,1,pythia_0.409009B_trajectory,B3,interpolated Pythia trajectories,pythia_0.409009B_trajectory,1050,3.932,3.9301879350433255,-0.0018120649566744085,0.0018120649566744085
0.409009,0.29,3.9238,0,1,pythia_0.409009B_trajectory,B3,interpolated Pythia trajectories,pythia_0.409009B_trajectory,1051,3.9238,3.9233570092370815,-0.0004429907629184271,0.0004429907629184271
0.409009,0.295,3.9185,0,1,pythia_0.409009B_trajectory,B3,interpolated Pythia trajectories,pythia_0.409009B_trajectory,1052,3.9185,3.914986017448922,-0.00351398255107771,0.00351398255107771
0.409009,0.299,3.9108,0,1,pythia_0.409009B_trajectory,B3,interpolated Pythia trajectories,pythia_0.409009B_trajectory,1053,3.9108,3.9084189009866908,-0.0023810990133092957,0.0023810990133092957
0.409009,0.304,3.9049,0,1,pythia_0.409009B_trajectory,B3,interpolated Pythia trajectories,pythia_0.409009B_trajectory,1054,3.9049,3.900366396759268,-0.0045336032407319315,0.0045336032407319315
0.409009,0.309,3.8985,0,1,pythia_0.409009B_trajectory,B3,interpolated Pythia trajectories,pythia_0.409009B_trajectory,1055,3.8985,3.892481643374583,-0.006018356625416832,0.006018356625416832
0.409009,0.314,3.8904,0,1,pythia_0.409009B_trajectory,B3,interpolated Pythia trajectories,pythia_0.409009B_trajectory,1056,3.8904,3.8847585154078716,-0.005641484592128432,0.005641484592128432
0.409009,0.318,3.8814,0,1,pythia_0.409009B_trajectory,B3,interpolated Pythia trajectories,pythia_0.409009B_trajectory,1057,3.8814,3.8786924697827865,-0.002707530217213705,0.002707530217213705
0.409009,0.323,3.8811,0,1,pythia_0.409009B_trajectory,B3,interpolated Pythia trajectories,pythia_0.409009B_trajectory,1058,3.8811,3.871245828957533,-0.009854171042467108,0.009854171042467108
0.409009,0.328,3.8688,0,1,pythia_0.409009B_trajectory,B3,interpolated Pythia trajectories,pythia_0.409009B_trajectory,1059,3.8688,3.8639452811895794,-0.004854718810420433,0.004854718810420433
0.409009,0.334,3.8592,0,1,pythia_0.409009B_trajectory,B3,interpolated Pythia trajectories,pythia_0.409009B_trajectory,1060,3.8592,3.8553704039788506,-0.0038295960211494062,0.0038295960211494062
0.409009,0.339,3.8575,0,1,pythia_0.409009B_trajectory,B3,interpolated Pythia trajectories,pythia_0.409009B_trajectory,1061,3.8575,3.848373904793694,-0.00912609520630614,0.00912609520630614
0.409009,0.344,3.8511,0,1,pythia_0.409009B_trajectory,B3,interpolated Pythia trajectories,pythia_0.409009B_trajectory,1062,3.8511,3.841508249242496,-0.00959175075750407,0.00959175075750407
0.409009,0.349,3.8446,0,1,pythia_0.409009B_trajectory,B3,interpolated Pythia trajectories,pythia_0.409009B_trajectory,1063,3.8446,3.8347691412396676,-0.009830858760332184,0.009830858760332184
0.409009,0.355,3.8349,0,1,pythia_0.409009B_trajectory,B3,interpolated Pythia trajectories,pythia_0.409009B_trajectory,1064,3.8349,3.826843500547079,-0.008056499452921084,0.008056499452921084
0.409009,0.36,3.8261,0,1,pythia_0.409009B_trajectory,B3,interpolated Pythia trajectories,pythia_0.409009B_trajectory,1065,3.8261,3.8203686431000374,-0.005731356899962403,0.005731356899962403
0.409009,0.366,3.8197,0,1,pythia_0.409009B_trajectory,B3,interpolated Pythia trajectories,pythia_0.409009B_trajectory,1066,3.8197,3.812749094878318,-0.006950905121682283,0.006950905121682283
0.409009,0.372,3.8146,0,1,pythia_0.409009B_trajectory,B3,interpolated Pythia trajectories,pythia_0.409009B_trajectory,1067,3.8146,3.805287763036384,-0.009312236963615828,0.009312236963615828
0.409009,0.377,3.8043,0,1,pythia_0.409009B_trajectory,B3,interpolated Pythia trajectories,pythia_0.409009B_trajectory,1068,3.8043,3.7991866824630405,-0.0051133175369595385,0.0051133175369595385
0.409009,0.383,3.7975,0,1,pythia_0.409009B_trajectory,B3,interpolated Pythia trajectories,pythia_0.409009B_trajectory,1069,3.7975,3.792000671775476,-0.005499328224523925,0.005499328224523925
0.409009,0.389,3.7892,0,1,pythia_0.409009B_trajectory,B3,interpolated Pythia trajectories,pythia_0.409009B_trajectory,1070,3.7892,3.784957317468634,-0.004242682531366171,0.004242682531366171
0.409009,0.395,3.7828,0,1,pythia_0.409009B_trajectory,B3,interpolated Pythia trajectories,pythia_0.409009B_trajectory,1071,3.7828,3.7780516517999283,-0.004748348200071639,0.004748348200071639
0.409009,0.402,3.7791,0,1,pythia_0.409009B_trajectory,B3,interpolated Pythia trajectories,pythia_0.409009B_trajectory,1072,3.7791,3.7701627774295305,-0.008937222570469583,0.008937222570469583
0.409009,0.408,3.7727,0,1,pythia_0.409009B_trajectory,B3,interpolated Pythia trajectories,pythia_0.409009B_trajectory,1073,3.7727,3.763539541432225,-0.00916045856777492,0.00916045856777492
0.409009,0.414,3.7661,0,1,pythia_0.409009B_trajectory,B3,interpolated Pythia trajectories,pythia_0.409009B_trajectory,1074,3.7661,3.757039807633663,-0.009060192366336928,0.009060192366336928
0.409009,0.421,3.7582,0,1,pythia_0.409009B_trajectory,B3,interpolated Pythia trajectories,pythia_0.409009B_trajectory,1075,3.7582,3.7496074941588247,-0.008592505841175324,0.008592505841175324
0.409009,0.427,3.754,0,1,pythia_0.409009B_trajectory,B3,interpolated Pythia trajectories,pythia_0.409009B_trajectory,1076,3.754,3.7433617272209205,-0.010638272779079472,0.010638272779079472
0.409009,0.434,3.7415,0,1,pythia_0.409009B_trajectory,B3,interpolated Pythia trajectories,pythia_0.409009B_trajectory,1077,3.7415,3.7362154573400916,-0.005284542659908187,0.005284542659908187
0.409009,0.441,3.7361,0,1,pythia_0.409009B_trajectory,B3,interpolated Pythia trajectories,pythia_0.409009B_trajectory,1078,3.7361,3.729215207345411,-0.006884792654588967,0.006884792654588967
0.409009,0.447,3.728,0,1,pythia_0.409009B_trajectory,B3,interpolated Pythia trajectories,pythia_0.409009B_trajectory,1079,3.728,3.7233272402073805,-0.004672759792619718,0.004672759792619718
0.409009,0.454,3.7221,0,1,pythia_0.409009B_trajectory,B3,interpolated Pythia trajectories,pythia_0.409009B_trajectory,1080,3.7221,3.7165844925591993,-0.005515507440800871,0.005515507440800871
0.409009,0.461,3.714,0,1,pythia_0.409009B_trajectory,B3,interpolated Pythia trajectories,pythia_0.409009B_trajectory,1081,3.714,3.709973509150962,-0.004026490849037945,0.004026490849037945
0.409009,0.469,3.7072,0,1,pythia_0.409009B_trajectory,B3,interpolated Pythia trajectories,pythia_0.409009B_trajectory,1082,3.7072,3.702573658258581,-0.004626341741418738,0.004626341741418738
0.409009,0.476,3.7015,0,1,pythia_0.409009B_trajectory,B3,interpolated Pythia trajectories,pythia_0.409009B_trajectory,1083,3.7015,3.6962300948138944,-0.0052699051861053725,0.0052699051861053725
0.409009,0.483,3.6933,0,1,pythia_0.409009B_trajectory,B3,interpolated Pythia trajectories,pythia_0.409009B_trajectory,1084,3.6933,3.6900048185680343,-0.0032951814319654993,0.0032951814319654993
0.409009,0.491,3.6893,0,1,pythia_0.409009B_trajectory,B3,interpolated Pythia trajectories,pythia_0.409009B_trajectory,1085,3.6893,3.683030099098252,-0.006269900901747949,0.006269900901747949
0.409009,0.499,3.6812,0,1,pythia_0.409009B_trajectory,B3,interpolated Pythia trajectories,pythia_0.409009B_trajectory,1086,3.6812,3.6761993306176333,-0.0050006693823667625,0.0050006693823667625
0.409009,0.506,3.6699,0,1,pythia_0.409009B_trajectory,B3,interpolated Pythia trajectories,pythia_0.409009B_trajectory,1087,3.6699,3.6703363918390983,0.00043639183909816026,0.00043639183909816026
0.409009,0.514,3.6642,0,1,pythia_0.409009B_trajectory,B3,interpolated Pythia trajectories,pythia_0.409009B_trajectory,1088,3.6642,3.6637617034252057,-0.00043829657479443895,0.00043829657479443895
0.409009,0.522,3.6597,0,1,pythia_0.409009B_trajectory,B3,interpolated Pythia trajectories,pythia_0.409009B_trajectory,1089,3.6597,3.6573166973040463,-0.0023833026959536596,0.0023833026959536596
0.409009,0.53,3.6506,0,1,pythia_0.409009B_trajectory,B3,interpolated Pythia trajectories,pythia_0.409009B_trajectory,1090,3.6506,3.650996886091506,0.0003968860915062322,0.0003968860915062322
0.409009,0.539,3.6456,0,1,pythia_0.409009B_trajectory,B3,interpolated Pythia trajectories,pythia_0.409009B_trajectory,1091,3.6456,3.644031440293568,-0.0015685597064321044,0.0015685597064321044
0.409009,0.547,3.6354,0,1,pythia_0.409009B_trajectory,B3,interpolated Pythia trajectories,pythia_0.409009B_trajectory,1092,3.6354,3.6379637555751976,0.0025637555751973906,0.0025637555751973906
0.409009,0.556,3.6348,0,1,pythia_0.409009B_trajectory,B3,interpolated Pythia trajectories,pythia_0.409009B_trajectory,1093,3.6348,3.631271932159743,-0.003528067840256721,0.003528067840256721
0.409009,0.564,3.6259,0,1,pythia_0.409009B_trajectory,B3,interpolated Pythia trajectories,pythia_0.409009B_trajectory,1094,3.6259,3.6254389981914246,-0.0004610018085755563,0.0004610018085755563
0.409009,0.573,3.621,0,1,pythia_0.409009B_trajectory,B3,interpolated Pythia trajectories,pythia_0.409009B_trajectory,1095,3.621,3.6190022204748296,-0.00199777952517044,0.00199777952517044
0.409009,0.582,3.613,0,1,pythia_0.409009B_trajectory,B3,interpolated Pythia trajectories,pythia_0.409009B_trajectory,1096,3.613,3.612693556600574,-0.0003064433994262039,0.0003064433994262039
0.409009,0.591,3.6119,0,1,pythia_0.409009B_trajectory,B3,interpolated Pythia trajectories,pythia_0.409009B_trajectory,1097,3.6119,3.606508533856198,-0.005391466143801704,0.005391466143801704
0.409009,0.6,3.6002,0,1,pythia_0.409009B_trajectory,B3,interpolated Pythia trajectories,pythia_0.409009B_trajectory,1098,3.6002,3.6004429007866987,0.00024290078669864101,0.00024290078669864101
0.409009,0.61,3.5956,0,1,pythia_0.409009B_trajectory,B3,interpolated Pythia trajectories,pythia_0.409009B_trajectory,1099,3.5956,3.593838421095656,-0.001761578904344141,0.001761578904344141
0.409009,0.619,3.5901,0,1,pythia_0.409009B_trajectory,B3,interpolated Pythia trajectories,pythia_0.409009B_trajectory,1100,3.5901,3.5880117875154287,-0.002088212484571361,0.002088212484571361
0.409009,0.629,3.5857,0,1,pythia_0.409009B_trajectory,B3,interpolated Pythia trajectories,pythia_0.409009B_trajectory,1101,3.5857,3.5816635965119357,-0.004036403488064444,0.004036403488064444
0.409009,0.638,3.5809,0,1,pythia_0.409009B_trajectory,B3,interpolated Pythia trajectories,pythia_0.409009B_trajectory,1102,3.5809,3.5760596885616107,-0.004840311438389477,0.004840311438389477
0.409009,0.648,3.5726,0,1,pythia_0.409009B_trajectory,B3,interpolated Pythia trajectories,pythia_0.409009B_trajectory,1103,3.5726,3.5699505916776504,-0.002649408322349611,0.002649408322349611
0.409009,0.659,3.5653,0,1,pythia_0.409009B_trajectory,B3,interpolated Pythia trajectories,pythia_0.409009B_trajectory,1104,3.5653,3.56336843171809,-0.001931568281910323,0.001931568281910323
0.409009,0.669,3.5629,0,1,pythia_0.409009B_trajectory,B3,interpolated Pythia trajectories,pythia_0.409009B_trajectory,1105,3.5629,3.557505527188317,-0.005394472811683038,0.005394472811683038
0.409009,0.679,3.5579,0,1,pythia_0.409009B_trajectory,B3,interpolated Pythia trajectories,pythia_0.409009B_trajectory,1106,3.5579,3.551753727741197,-0.006146272258803265,0.006146272258803265
0.409009,0.69,3.5515,0,1,pythia_0.409009B_trajectory,B3,interpolated Pythia trajectories,pythia_0.409009B_trajectory,1107,3.5515,3.5455506689214564,-0.005949331078543452,0.005949331078543452
0.409009,0.701,3.5465,0,1,pythia_0.409009B_trajectory,B3,interpolated Pythia trajectories,pythia_0.409009B_trajectory,1108,3.5465,3.5394729025422196,-0.007027097457780407,0.007027097457780407
0.409009,0.711,3.5364,0,1,pythia_0.409009B_trajectory,B3,interpolated Pythia trajectories,pythia_0.409009B_trajectory,1109,3.5364,3.5340526464010265,-0.002347353598973534,0.002347353598973534
0.409009,0.723,3.5362,0,1,pythia_0.409009B_trajectory,B3,interpolated Pythia trajectories,pythia_0.409009B_trajectory,1110,3.5362,3.5276757175783997,-0.008524282421600304,0.008524282421600304
0.409009,0.734,3.5284,0,1,pythia_0.409009B_trajectory,B3,interpolated Pythia trajectories,pythia_0.409009B_trajectory,1111,3.5284,3.5219480766142865,-0.006451923385713432,0.006451923385713432
0.409009,0.745,3.5227,0,1,pythia_0.409009B_trajectory,B3,interpolated Pythia trajectories,pythia_0.409009B_trajectory,1112,3.5227,3.5163292557325354,-0.006370744267464534,0.006370744267464534
0.409009,0.757,3.5179,0,1,pythia_0.409009B_trajectory,B3,interpolated Pythia trajectories,pythia_0.409009B_trajectory,1113,3.5179,3.5103194821182035,-0.007580517881796478,0.007580517881796478
0.409009,0.769,3.5129,0,1,pythia_0.409009B_trajectory,B3,interpolated Pythia trajectories,pythia_0.409009B_trajectory,1114,3.5129,3.5044304185574355,-0.0084695814425646,0.0084695814425646
0.409009,0.781,3.5036,0,1,pythia_0.409009B_trajectory,B3,interpolated Pythia trajectories,pythia_0.409009B_trajectory,1115,3.5036,3.498657812833586,-0.004942187166414147,0.004942187166414147
0.409009,0.793,3.4981,0,1,pythia_0.409009B_trajectory,B3,interpolated Pythia trajectories,pythia_0.409009B_trajectory,1116,3.4981,3.4929976249471224,-0.0051023750528775835,0.0051023750528775835
0.409009,0.805,3.4931,0,1,pythia_0.409009B_trajectory,B3,interpolated Pythia trajectories,pythia_0.409009B_trajectory,1117,3.4931,3.4874460135022316,-0.005653986497768493,0.005653986497768493
0.409009,0.818,3.4853,0,1,pythia_0.409009B_trajectory,B3,interpolated Pythia trajectories,pythia_0.409009B_trajectory,1118,3.4853,3.481550057996449,-0.0037499420035511655,0.0037499420035511655
0.409009,0.83,3.483,0,1,pythia_0.409009B_trajectory,B3,interpolated Pythia trajectories,pythia_0.409009B_trajectory,1119,3.483,3.4762131093015505,-0.006786890698449621,0.006786890698449621
0.409009,0.843,3.4737,0,1,pythia_0.409009B_trajectory,B3,interpolated Pythia trajectories,pythia_0.409009B_trajectory,1120,3.4737,3.470541740282901,-0.0031582597170989324,0.0031582597170989324
0.409009,0.856,3.4708,0,1,pythia_0.409009B_trajectory,B3,interpolated Pythia trajectories,pythia_0.409009B_trajectory,1121,3.4708,3.4649812176246035,-0.0058187823753965695,0.0058187823753965695
0.409009,0.87,3.4661,0,1,pythia_0.409009B_trajectory,B3,interpolated Pythia trajectories,pythia_0.409009B_trajectory,1122,3.4661,3.459112570790898,-0.006987429209102114,0.006987429209102114
0.409009,0.883,3.4596,0,1,pythia_0.409009B_trajectory,B3,interpolated Pythia trajectories,pythia_0.409009B_trajectory,1123,3.4596,3.453770333272514,-0.0058296667274859715,0.0058296667274859715
0.409009,0.897,3.4512,0,1,pythia_0.409009B_trajectory,B3,interpolated Pythia trajectories,pythia_0.409009B_trajectory,1124,3.4512,3.44812858914804,-0.0030714108519598327,0.0030714108519598327
0.409009,0.911,3.4454,0,1,pythia_0.409009B_trajectory,B3,interpolated Pythia trajectories,pythia_0.409009B_trajectory,1125,3.4454,3.4425984325772507,-0.002801567422749063,0.002801567422749063
0.409009,0.925,3.4408,0,1,pythia_0.409009B_trajectory,B3,interpolated Pythia trajectories,pythia_0.409009B_trajectory,1126,3.4408,3.437175991812592,-0.0036240081874079344,0.0036240081874079344
0.409009,0.94,3.4369,0,1,pythia_0.409009B_trajectory,B3,interpolated Pythia trajectories,pythia_0.409009B_trajectory,1127,3.4369,3.4314815866091415,-0.0054184133908585785,0.0054184133908585785
0.409009,0.954,3.4274,0,1,pythia_0.409009B_trajectory,B3,interpolated Pythia trajectories,pythia_0.409009B_trajectory,1128,3.4274,3.42627076289733,-0.0011292371026700998,0.0011292371026700998
0.409009,0.969,3.4226,0,1,pythia_0.409009B_trajectory,B3,interpolated Pythia trajectories,pythia_0.409009B_trajectory,1129,3.4226,3.4207952525613137,-0.001804747438686416,0.001804747438686416
0.409009,0.984,3.4181,0,1,pythia_0.409009B_trajectory,B3,interpolated Pythia trajectories,pythia_0.409009B_trajectory,1130,3.4181,3.415427164358853,-0.0026728356411469534,0.0026728356411469534
0.409009,1.0,3.4137,0,1,pythia_0.409009B_trajectory,B3,interpolated Pythia trajectories,pythia_0.409009B_trajectory,1131,3.4137,3.4098154440950426,-0.0038845559049573986,0.0038845559049573986
0.409009,1.015,3.4066,0,1,pythia_0.409009B_trajectory,B3,interpolated Pythia trajectories,pythia_0.409009B_trajectory,1132,3.4066,3.4046578477548057,-0.0019421522451943396,0.0019421522451943396
0.409009,1.031,3.4037,0,1,pythia_0.409009B_trajectory,B3,interpolated Pythia trajectories,pythia_0.409009B_trajectory,1133,3.4037,3.399262853930307,-0.004437146069693032,0.004437146069693032
0.409009,1.047,3.3931,0,1,pythia_0.409009B_trajectory,B3,interpolated Pythia trajectories,pythia_0.409009B_trajectory,1134,3.3931,3.3939739669226325,0.0008739669226325297,0.0008739669226325297
0.409009,1.063,3.387,0,1,pythia_0.409009B_trajectory,B3,interpolated Pythia trajectories,pythia_0.409009B_trajectory,1135,3.387,3.388787525547066,0.0017875255470660711,0.0017875255470660711
0.409009,1.08,3.3839,0,1,pythia_0.409009B_trajectory,B3,interpolated Pythia trajectories,pythia_0.409009B_trajectory,1136,3.3839,3.3833852896575864,-0.0005147103424136823,0.0005147103424136823
0.409009,1.097,3.3803,0,1,pythia_0.409009B_trajectory,B3,interpolated Pythia trajectories,pythia_0.409009B_trajectory,1137,3.3803,3.37809080669912,-0.0022091933008798748,0.0022091933008798748
0.409009,1.114,3.373,0,1,pythia_0.409009B_trajectory,B3,interpolated Pythia trajectories,pythia_0.409009B_trajectory,1138,3.373,3.3729003068759296,-9.969312407065445e-05,9.969312407065445e-05
0.409009,1.131,3.3664,0,1,pythia_0.409009B_trajectory,B3,interpolated Pythia trajectories,pythia_0.409009B_trajectory,1139,3.3664,3.367810207264512,0.001410207264512131,0.001410207264512131
0.409009,1.149,3.3656,0,1,pythia_0.409009B_trajectory,B3,interpolated Pythia trajectories,pythia_0.409009B_trajectory,1140,3.3656,3.3625263381055426,-0.003073661894457569,0.003073661894457569
0.409009,1.167,3.361,0,1,pythia_0.409009B_trajectory,B3,interpolated Pythia trajectories,pythia_0.409009B_trajectory,1141,3.361,3.357347364093993,-0.0036526359060071734,0.0036526359060071734
0.409009,1.185,3.3554,0,1,pythia_0.409009B_trajectory,B3,interpolated Pythia trajectories,pythia_0.409009B_trajectory,1142,3.3554,3.3522696324518497,-0.0031303675481502147,0.0031303675481502147
0.409009,1.203,3.3494,0,1,pythia_0.409009B_trajectory,B3,interpolated Pythia trajectories,pythia_0.409009B_trajectory,1143,3.3494,3.3472896706446855,-0.002110329355314633,0.002110329355314633
0.409009,1.222,3.3452,0,1,pythia_0.409009B_trajectory,B3,interpolated Pythia trajectories,pythia_0.409009B_trajectory,1144,3.3452,3.342135464444789,-0.003064535555211023,0.003064535555211023
0.409009,1.241,3.3413,0,1,pythia_0.409009B_trajectory,B3,interpolated Pythia trajectories,pythia_0.409009B_trajectory,1145,3.3413,3.33708281929264,-0.00421718070735988,0.00421718070735988
0.409009,1.26,3.336,0,1,pythia_0.409009B_trajectory,B3,interpolated Pythia trajectories,pythia_0.409009B_trajectory,1146,3.336,3.33212822438668,-0.003871775613319972,0.003871775613319972
0.409009,1.28,3.3301,0,1,pythia_0.409009B_trajectory,B3,interpolated Pythia trajectories,pythia_0.409009B_trajectory,1147,3.3301,3.3270151202375438,-0.003084879762456083,0.003084879762456083
0.409009,1.3,3.3268,0,1,pythia_0.409009B_trajectory,B3,interpolated Pythia trajectories,pythia_0.409009B_trajectory,1148,3.3268,3.322003259479313,-0.004796740520686793,0.004796740520686793
0.409009,1.32,3.3207,0,1,pythia_0.409009B_trajectory,B3,interpolated Pythia trajectories,pythia_0.409009B_trajectory,1149,3.3207,3.3170891254523296,-0.003610874547670395,0.003610874547670395
0.409009,1.341,3.3174,0,1,pythia_0.409009B_trajectory,B3,interpolated Pythia trajectories,pythia_0.409009B_trajectory,1150,3.3174,3.3120308068741195,-0.005369193125880578,0.005369193125880578
0.409009,1.362,3.3106,0,1,pythia_0.409009B_trajectory,B3,interpolated Pythia trajectories,pythia_0.409009B_trajectory,1151,3.3106,3.3070728687504545,-0.003527131249545512,0.003527131249545512
0.409009,1.383,3.3064,0,1,pythia_0.409009B_trajectory,B3,interpolated Pythia trajectories,pythia_0.409009B_trajectory,1152,3.3064,3.3022118167899155,-0.004188183210084517,0.004188183210084517
0.409009,1.404,3.3031,0,1,pythia_0.409009B_trajectory,B3,interpolated Pythia trajectories,pythia_0.409009B_trajectory,1153,3.3031,3.2974443290625213,-0.005655670937478874,0.005655670937478874
0.409009,1.426,3.2965,0,1,pythia_0.409009B_trajectory,B3,interpolated Pythia trajectories,pythia_0.409009B_trajectory,1154,3.2965,3.2925467299327495,-0.003953270067250436,0.003953270067250436
0.409009,1.449,3.2906,0,1,pythia_0.409009B_trajectory,B3,interpolated Pythia trajectories,pythia_0.409009B_trajectory,1155,3.2906,3.287528851107896,-0.0030711488921038033,0.0030711488921038033
0.409009,1.471,3.2889,0,1,pythia_0.409009B_trajectory,B3,interpolated Pythia trajectories,pythia_0.409009B_trajectory,1156,3.2889,3.282823622758876,-0.006076377241123865,0.006076377241123865
0.409009,1.494,3.2839,0,1,pythia_0.409009B_trajectory,B3,interpolated Pythia trajectories,pythia_0.409009B_trajectory,1157,3.2839,3.2779998612646937,-0.0059001387353063706,0.0059001387353063706
0.409009,1.517,3.2801,0,1,pythia_0.409009B_trajectory,B3,interpolated Pythia trajectories,pythia_0.409009B_trajectory,1158,3.2801,3.273270221084642,-0.006829778915358187,0.006829778915358187
0.409009,1.541,3.2675,0,1,pythia_0.409009B_trajectory,B3,interpolated Pythia trajectories,pythia_0.409009B_trajectory,1159,3.2675,3.2684318095557092,0.000931809555709151,0.000931809555709151
0.409009,1.565,3.2708,0,1,pythia_0.409009B_trajectory,B3,interpolated Pythia trajectories,pythia_0.409009B_trajectory,1160,3.2708,3.2636888944889675,-0.007111105511032445,0.007111105511032445
0.409009,1.589,3.2653,0,1,pythia_0.409009B_trajectory,B3,interpolated Pythia trajectories,pythia_0.409009B_trajectory,1161,3.2653,3.259038169338217,-0.0062618306617827635,0.0062618306617827635
0.409009,1.614,3.2596,0,1,pythia_0.409009B_trajectory,B3,interpolated Pythia trajectories,pythia_0.409009B_trajectory,1162,3.2596,3.2542883075234785,-0.005311692476521301,0.005311692476521301
0.409009,1.639,3.2529,0,1,pythia_0.409009B_trajectory,B3,interpolated Pythia trajectories,pythia_0.409009B_trajectory,1163,3.2529,3.249631688769293,-0.0032683112307068107,0.0032683112307068107
0.409009,1.665,3.25,0,1,pythia_0.409009B_trajectory,B3,interpolated Pythia trajectories,pythia_0.409009B_trajectory,1164,3.25,3.244884267165919,-0.005115732834080955,0.005115732834080955
0.409009,1.691,3.2448,0,1,pythia_0.409009B_trajectory,B3,interpolated Pythia trajectories,pythia_0.409009B_trajectory,1165,3.2448,3.240230792254941,-0.0045692077450589785,0.0045692077450589785
0.409009,1.717,3.2416,0,1,pythia_0.409009B_trajectory,B3,interpolated Pythia trajectories,pythia_0.409009B_trajectory,1166,3.2416,3.235668002736526,-0.0059319972634739315,0.0059319972634739315
0.409009,1.744,3.2373,0,1,pythia_0.409009B_trajectory,B3,interpolated Pythia trajectories,pythia_0.409009B_trajectory,1167,3.2373,3.2310223830627685,-0.0062776169372313895,0.0062776169372313895
0.409009,1.771,3.231,0,1,pythia_0.409009B_trajectory,B3,interpolated Pythia trajectories,pythia_0.409009B_trajectory,1168,3.231,3.226467914536267,-0.004532085463732738,0.004532085463732738
0.409009,1.799,3.2242,0,1,pythia_0.409009B_trajectory,B3,interpolated Pythia trajectories,pythia_0.409009B_trajectory,1169,3.2242,3.221837685974452,-0.0023623140255479846,0.0023623140255479846
0.409009,1.827,3.2222,0,1,pythia_0.409009B_trajectory,B3,interpolated Pythia trajectories,pythia_0.409009B_trajectory,1170,3.2222,3.2172987862510505,-0.004901213748949473,0.004901213748949473
0.409009,1.855,3.2184,0,1,pythia_0.409009B_trajectory,B3,interpolated Pythia trajectories,pythia_0.409009B_trajectory,1171,3.2184,3.2128480551229033,-0.005551944877096648,0.005551944877096648
0.409009,1.884,3.208,0,1,pythia_0.409009B_trajectory,B3,interpolated Pythia trajectories,pythia_0.409009B_trajectory,1172,3.208,3.2083281129495473,0.00032811294954715464,0.00032811294954715464
0.409009,1.913,3.2083,0,1,pythia_0.409009B_trajectory,B3,interpolated Pythia trajectories,pythia_0.409009B_trajectory,1173,3.2083,3.203896351869301,-0.004403648130698823,0.004403648130698823
0.409009,1.943,3.1989,0,1,pythia_0.409009B_trajectory,B3,interpolated Pythia trajectories,pythia_0.409009B_trajectory,1174,3.1989,3.1994013544354756,0.0005013544354754984,0.0005013544354754984
0.409009,1.973,3.1969,0,1,pythia_0.409009B_trajectory,B3,interpolated Pythia trajectories,pythia_0.409009B_trajectory,1175,3.1969,3.1949943180671356,-0.0019056819328642227,0.0019056819328642227
0.409009,2.004,3.1936,0,1,pythia_0.409009B_trajectory,B3,interpolated Pythia trajectories,pythia_0.409009B_trajectory,1176,3.1936,3.190529581833082,-0.0030704181669181096,0.0030704181669181096
0.409009,2.035,3.186,0,1,pythia_0.409009B_trajectory,B3,interpolated Pythia trajectories,pythia_0.409009B_trajectory,1177,3.186,3.1861523771106794,0.00015237711067950244,0.00015237711067950244
0.409009,2.067,3.18,0,1,pythia_0.409009B_trajectory,B3,interpolated Pythia trajectories,pythia_0.409009B_trajectory,1178,3.18,3.181722593962262,0.0017225939622620423,0.0017225939622620423
0.409009,2.099,3.1763,1,1,pythia_0.409009B_trajectory,B3,interpolated Pythia trajectories,pythia_0.409009B_trajectory,1179,3.1763,3.177379725516276,0.0010797255162762198,0.0010797255162762198
0.409009,2.132,3.1721,1,1,pythia_0.409009B_trajectory,B3,interpolated Pythia trajectories,pythia_0.409009B_trajectory,1180,3.1721,3.172989008682719,0.0008890086827189059,0.0008890086827189059
0.409009,2.165,3.1651,1,1,pythia_0.409009B_trajectory,B3,interpolated Pythia trajectories,pythia_0.409009B_trajectory,1181,3.1651,3.1686844237942164,0.00358442379421664,0.00358442379421664
0.409009,2.199,3.1614,1,1,pythia_0.409009B_trajectory,B3,interpolated Pythia trajectories,pythia_0.409009B_trajectory,1182,3.1614,3.1643363528715964,0.002936352871596437,0.002936352871596437
0.409009,2.233,3.1605,1,1,pythia_0.409009B_trajectory,B3,interpolated Pythia trajectories,pythia_0.409009B_trajectory,1183,3.1605,3.1600734853635024,-0.0004265146364974548,0.0004265146364974548
0.409009,2.268,3.1554,1,1,pythia_0.409009B_trajectory,B3,interpolated Pythia trajectories,pythia_0.409009B_trajectory,1184,3.1554,3.1557711499373493,0.0003711499373491023,0.0003711499373491023
0.409009,2.303,3.1564,1,1,pythia_0.409009B_trajectory,B3,interpolated Pythia trajectories,pythia_0.409009B_trajectory,1185,3.1564,3.1515529625524694,-0.004847037447530678,0.004847037447530678
0.409009,2.339,3.1467,1,1,pythia_0.409009B_trajectory,B3,interpolated Pythia trajectories,pythia_0.409009B_trajectory,1186,3.1467,3.147299004042442,0.0005990040424417309,0.0005990040424417309
0.409009,2.375,3.1442,1,1,pythia_0.409009B_trajectory,B3,interpolated Pythia trajectories,pythia_0.409009B_trajectory,1187,3.1442,3.1431280289779533,-0.0010719710220468137,0.0010719710220468137
0.409009,2.412,3.1406,1,1,pythia_0.409009B_trajectory,B3,interpolated Pythia trajectories,pythia_0.409009B_trajectory,1188,3.1406,3.1389246804374586,-0.0016753195625414108,0.0016753195625414108
0.409009,2.45,3.1385,1,1,pythia_0.409009B_trajectory,B3,interpolated Pythia trajectories,pythia_0.409009B_trajectory,1189,3.1385,3.134692770391593,-0.00380722960840707,0.00380722960840707
0.409009,2.488,3.1257,1,1,pythia_0.409009B_trajectory,B3,interpolated Pythia trajectories,pythia_0.409009B_trajectory,1190,3.1257,3.130544045789472,0.004844045789472062,0.004844045789472062
0.409009,2.527,3.1268,1,1,pythia_0.409009B_trajectory,B3,interpolated Pythia trajectories,pythia_0.409009B_trajectory,1191,3.1268,3.1263696339705223,-0.0004303660294775469,0.0004303660294775469
0.409009,2.566,3.1267,1,1,pythia_0.409009B_trajectory,B3,interpolated Pythia trajectories,pythia_0.409009B_trajectory,1192,3.1267,3.1222768745738883,-0.004423125426111785,0.004423125426111785
0.409009,2.606,3.1248,1,1,pythia_0.409009B_trajectory,B3,interpolated Pythia trajectories,pythia_0.409009B_trajectory,1193,3.1248,3.1181610574819336,-0.006638942518066404,0.006638942518066404
0.409009,2.647,3.1177,1,1,pythia_0.409009B_trajectory,B3,interpolated Pythia trajectories,pythia_0.409009B_trajectory,1194,3.1177,3.1140254204512883,-0.003674579548711865,0.003674579548711865
0.409009,2.688,3.1131,1,1,pythia_0.409009B_trajectory,B3,interpolated Pythia trajectories,pythia_0.409009B_trajectory,1195,3.1131,3.1099709676105545,-0.0031290323894457295,0.0031290323894457295
0.409009,2.73,3.1148,1,1,pythia_0.409009B_trajectory,B3,interpolated Pythia trajectories,pythia_0.409009B_trajectory,1196,3.1148,3.1058988823412514,-0.008901117658748348,0.008901117658748348
0.409009,2.773,3.1078,1,1,pythia_0.409009B_trajectory,B3,interpolated Pythia trajectories,pythia_0.409009B_trajectory,1197,3.1078,3.1018120803067735,-0.005987919693226651,0.005987919693226651
0.409009,2.816,3.1024,1,1,pythia_0.409009B_trajectory,B3,interpolated Pythia trajectories,pythia_0.409009B_trajectory,1198,3.1024,3.097805593251333,-0.004594406748666735,0.004594406748666735
0.409009,2.86,3.0961,1,1,pythia_0.409009B_trajectory,B3,interpolated Pythia trajectories,pythia_0.409009B_trajectory,1199,3.0961,3.0937861826129662,-0.002313817387033623,0.002313817387033623
0.409009,2.904,3.0908,1,1,pythia_0.409009B_trajectory,B3,interpolated Pythia trajectories,pythia_0.409009B_trajectory,1200,3.0908,3.0898451468302017,-0.0009548531697984863,0.0009548531697984863
0.409009,2.949,3.0925,1,1,pythia_0.409009B_trajectory,B3,interpolated Pythia trajectories,pythia_0.409009B_trajectory,1201,3.0925,3.085892815208066,-0.0066071847919340065,0.0066071847919340065
0.409009,2.995,3.0878,1,1,pythia_0.409009B_trajectory,B3,interpolated Pythia trajectories,pythia_0.409009B_trajectory,1202,3.0878,3.081931646659167,-0.005868353340833021,0.005868353340833021
0.409009,3.042,3.0821,1,1,pythia_0.409009B_trajectory,B3,interpolated Pythia trajectories,pythia_0.409009B_trajectory,1203,3.0821,3.0779639900114164,-0.004136009988583655,0.004136009988583655
0.409009,3.089,3.0747,1,1,pythia_0.409009B_trajectory,B3,interpolated Pythia trajectories,pythia_0.409009B_trajectory,1204,3.0747,3.0740740264704023,-0.0006259735295977009,0.0006259735295977009
0.409009,3.138,3.072,1,1,pythia_0.409009B_trajectory,B3,interpolated Pythia trajectories,pythia_0.409009B_trajectory,1205,3.072,3.0700983743279817,-0.0019016256720183478,0.0019016256720183478
0.409009,3.186,3.0704,1,1,pythia_0.409009B_trajectory,B3,interpolated Pythia trajectories,pythia_0.409009B_trajectory,1206,3.0704,3.0662801555544013,-0.004119844445598542,0.004119844445598542
0.409009,3.236,3.0647,1,1,pythia_0.409009B_trajectory,B3,interpolated Pythia trajectories,pythia_0.409009B_trajectory,1207,3.0647,3.062380352979981,-0.0023196470200193,0.0023196470200193
0.409009,3.286,3.0596,1,1,pythia_0.409009B_trajectory,B3,interpolated Pythia trajectories,pythia_0.409009B_trajectory,1208,3.0596,3.058556918797948,-0.0010430812020518765,0.0010430812020518765
0.409009,3.338,3.061,1,1,pythia_0.409009B_trajectory,B3,interpolated Pythia trajectories,pythia_0.409009B_trajectory,1209,3.061,3.054658739737487,-0.0063412602625128045,0.0063412602625128045
0.409009,3.39,3.0537,1,1,pythia_0.409009B_trajectory,B3,interpolated Pythia trajectories,pythia_0.409009B_trajectory,1210,3.0537,3.0508375186478904,-0.002862481352109647,0.002862481352109647
0.409009,3.442,3.0516,1,1,pythia_0.409009B_trajectory,B3,interpolated Pythia trajectories,pythia_0.409009B_trajectory,1211,3.0516,3.0470905902258485,-0.004509409774151596,0.004509409774151596
0.409009,3.496,3.0477,1,1,pythia_0.409009B_trajectory,B3,interpolated Pythia trajectories,pythia_0.409009B_trajectory,1212,3.0477,3.0432754672042406,-0.004424532795759273,0.004424532795759273
0.409009,3.551,3.0459,1,1,pythia_0.409009B_trajectory,B3,interpolated Pythia trajectories,pythia_0.409009B_trajectory,1213,3.0459,3.0394664511511906,-0.006433548848809423,0.006433548848809423
0.409009,3.606,3.0429,1,1,pythia_0.409009B_trajectory,B3,interpolated Pythia trajectories,pythia_0.409009B_trajectory,1214,3.0429,3.035732204537704,-0.007167795462295956,0.007167795462295956
0.409009,3.662,3.0377,1,1,pythia_0.409009B_trajectory,B3,interpolated Pythia trajectories,pythia_0.409009B_trajectory,1215,3.0377,3.0320042224255723,-0.005695777574427741,0.005695777574427741
0.409009,3.719,3.0289,1,1,pythia_0.409009B_trajectory,B3,interpolated Pythia trajectories,pythia_0.409009B_trajectory,1216,3.0289,3.028283860807779,-0.0006161391922212545,0.0006161391922212545
0.409009,3.777,3.0279,1,1,pythia_0.409009B_trajectory,B3,interpolated Pythia trajectories,pythia_0.409009B_trajectory,1217,3.0279,3.024572400987862,-0.0033275990121377497,0.0033275990121377497
0.409009,3.836,3.0248,1,1,pythia_0.409009B_trajectory,B3,interpolated Pythia trajectories,pythia_0.409009B_trajectory,1218,3.0248,3.0208710519648405,-0.003928948035159419,0.003928948035159419
0.409009,3.896,3.0214,1,1,pythia_0.409009B_trajectory,B3,interpolated Pythia trajectories,pythia_0.409009B_trajectory,1219,3.0214,3.0171809528440123,-0.004219047155987532,0.004219047155987532
0.409009,3.956,3.0155,1,1,pythia_0.409009B_trajectory,B3,interpolated Pythia trajectories,pythia_0.409009B_trajectory,1220,3.0155,3.0135628804614774,-0.0019371195385224915,0.0019371195385224915
0.409009,4.018,3.0136,1,1,pythia_0.409009B_trajectory,B3,interpolated Pythia trajectories,pythia_0.409009B_trajectory,1221,3.0136,3.0098972545776004,-0.003702745422399456,0.003702745422399456
0.409009,4.08,3.0035,1,1,pythia_0.409009B_trajectory,B3,interpolated Pythia trajectories,pythia_0.409009B_trajectory,1222,3.0035,3.006303316462938,0.002803316462938188,0.002803316462938188
0.409009,4.144,3.0029,1,1,pythia_0.409009B_trajectory,B3,interpolated Pythia trajectories,pythia_0.409009B_trajectory,1223,3.0029,3.002666031850266,-0.00023396814973386526,0.00023396814973386526
0.409009,4.209,2.9971,2,1,pythia_0.409009B_trajectory,B3,interpolated Pythia trajectories,pythia_0.409009B_trajectory,1224,2.9971,2.999044773712523,0.0019447737125228848,0.0019447737125228848
0.409009,4.274,2.9981,2,1,pythia_0.409009B_trajectory,B3,interpolated Pythia trajectories,pythia_0.409009B_trajectory,1225,2.9981,2.9954943926288817,-0.002605607371118257,0.002605607371118257
0.409009,4.341,2.9954,2,1,pythia_0.409009B_trajectory,B3,interpolated Pythia trajectories,pythia_0.409009B_trajectory,1226,2.9954,2.9919063783261715,-0.0034936216738286063,0.0034936216738286063
0.409009,4.408,2.9926,2,1,pythia_0.409009B_trajectory,B3,interpolated Pythia trajectories,pythia_0.409009B_trajectory,1227,2.9926,2.98838855048531,-0.004211449514690102,0.004211449514690102
0.409009,4.477,2.9893,2,1,pythia_0.409009B_trajectory,B3,interpolated Pythia trajectories,pythia_0.409009B_trajectory,1228,2.9893,2.9848365313427627,-0.004463468657237346,0.004463468657237346
0.409009,4.547,2.9798,2,1,pythia_0.409009B_trajectory,B3,interpolated Pythia trajectories,pythia_0.409009B_trajectory,1229,2.9798,2.981303921115909,0.0015039211159089128,0.0015039211159089128
0.409009,4.618,2.976,2,1,pythia_0.409009B_trajectory,B3,interpolated Pythia trajectories,pythia_0.409009B_trajectory,1230,2.976,2.9777912451609625,0.001791245160962518,0.001791245160962518
0.409009,4.69,2.975,2,1,pythia_0.409009B_trajectory,B3,interpolated Pythia trajectories,pythia_0.409009B_trajectory,1231,2.975,2.9742989863771374,-0.0007010136228626784,0.0007010136228626784
0.409009,4.763,2.9736,2,1,pythia_0.409009B_trajectory,B3,interpolated Pythia trajectories,pythia_0.409009B_trajectory,1232,2.9736,2.9708275872045227,-0.0027724127954771305,0.0027724127954771305
0.409009,4.837,2.9724,2,1,pythia_0.409009B_trajectory,B3,interpolated Pythia trajectories,pythia_0.409009B_trajectory,1233,2.9724,2.9673774515610427,-0.0050225484389572195,0.0050225484389572195
0.409009,4.912,2.9639,2,1,pythia_0.409009B_trajectory,B3,interpolated Pythia trajectories,pythia_0.409009B_trajectory,1234,2.9639,2.9639489467175433,4.894671754307467e-05,4.894671754307467e-05
0.409009,4.989,2.9611,2,1,pythia_0.409009B_trajectory,B3,interpolated Pythia trajectories,pythia_0.409009B_trajectory,1235,2.9611,2.960498025738146,-0.0006019742618539325,0.0006019742618539325
0.409009,5.066,2.9592,2,1,pythia_0.409009B_trajectory,B3,interpolated Pythia trajectories,pythia_0.409009B_trajectory,1236,2.9592,2.9571146082879585,-0.0020853917120415844,0.0020853917120415844
0.409009,5.145,2.9538,2,1,pythia_0.409009B_trajectory,B3,interpolated Pythia trajectories,pythia_0.409009B_trajectory,1237,2.9538,2.9537110383059906,-8.896169400962606e-05,8.896169400962606e-05
0.409009,5.225,2.953,2,1,pythia_0.409009B_trajectory,B3,interpolated Pythia trajectories,pythia_0.409009B_trajectory,1238,2.953,2.9503318770964344,-0.0026681229035654397,0.0026681229035654397
0.409009,5.307,2.9426,2,1,pythia_0.409009B_trajectory,B3,interpolated Pythia trajectories,pythia_0.409009B_trajectory,1239,2.9426,2.946936275337855,0.004336275337855078,0.004336275337855078
0.409009,5.389,2.9467,2,1,pythia_0.409009B_trajectory,B3,interpolated Pythia trajectories,pythia_0.409009B_trajectory,1240,2.9467,2.9436071688897574,-0.0030928311102425,0.0030928311102425
0.409009,5.473,2.9413,2,1,pythia_0.409009B_trajectory,B3,interpolated Pythia trajectories,pythia_0.409009B_trajectory,1241,2.9413,2.9402634251121893,-0.0010365748878107262,0.0010365748878107262
0.409009,5.559,2.9387,2,1,pythia_0.409009B_trajectory,B3,interpolated Pythia trajectories,pythia_0.409009B_trajectory,1242,2.9387,2.9369074380333426,-0.0017925619666572246,0.0017925619666572246
0.409009,5.645,2.9322,2,1,pythia_0.409009B_trajectory,B3,interpolated Pythia trajectories,pythia_0.409009B_trajectory,1243,2.9322,2.933617251021267,0.0014172510212668854,0.0014172510212668854
0.409009,5.733,2.9323,2,1,pythia_0.409009B_trajectory,B3,interpolated Pythia trajectories,pythia_0.409009B_trajectory,1244,2.9323,2.9303163006961714,-0.00198369930382869,0.00198369930382869
0.409009,5.823,2.9314,2,1,pythia_0.409009B_trajectory,B3,interpolated Pythia trajectories,pythia_0.409009B_trajectory,1245,2.9314,2.9270067383122274,-0.004393261687772654,0.004393261687772654
0.409009,5.913,2.9248,2,1,pythia_0.409009B_trajectory,B3,interpolated Pythia trajectories,pythia_0.409009B_trajectory,1246,2.9248,2.9237620057042433,-0.0010379942957565724,0.0010379942957565724
0.409009,6.005,2.9188,2,1,pythia_0.409009B_trajectory,B3,interpolated Pythia trajectories,pythia_0.409009B_trajectory,1247,2.9188,2.920509855380353,0.0017098553803527317,0.0017098553803527317
0.409009,6.099,2.9181,2,1,pythia_0.409009B_trajectory,B3,interpolated Pythia trajectories,pythia_0.409009B_trajectory,1248,2.9181,2.9172522165977295,-0.00084778340227043,0.00084778340227043
0.409009,6.194,2.9143,2,1,pythia_0.409009B_trajectory,B3,interpolated Pythia trajectories,pythia_0.409009B_trajectory,1249,2.9143,2.914024567622684,-0.00027543237731597614,0.00027543237731597614
0.409009,6.29,2.9112,3,1,pythia_0.409009B_trajectory,B3,interpolated Pythia trajectories,pythia_0.409009B_trajectory,1250,2.9112,2.910826674890849,-0.00037332510915089046,0.00037332510915089046
0.409009,6.388,2.9048,3,1,pythia_0.409009B_trajectory,B3,interpolated Pythia trajectories,pythia_0.409009B_trajectory,1251,2.9048,2.907625955968295,0.0028259559682952684,0.0028259559682952684
0.409009,6.488,2.9047,3,1,pythia_0.409009B_trajectory,B3,interpolated Pythia trajectories,pythia_0.409009B_trajectory,1252,2.9047,2.904424056301694,-0.0002759436983059693,0.0002759436983059693
0.409009,6.589,2.8991,3,1,pythia_0.409009B_trajectory,B3,interpolated Pythia trajectories,pythia_0.409009B_trajectory,1253,2.8991,2.9012536201401207,0.002153620140120882,0.002153620140120882
0.409009,6.692,2.8969,3,1,pythia_0.409009B_trajectory,B3,interpolated Pythia trajectories,pythia_0.409009B_trajectory,1254,2.8969,2.898083827944645,0.0011838279446449995,0.0011838279446449995
0.409009,6.796,2.8951,3,1,pythia_0.409009B_trajectory,B3,interpolated Pythia trajectories,pythia_0.409009B_trajectory,1255,2.8951,2.894945992971488,-0.00015400702851176007,0.00015400702851176007
0.409009,6.902,2.8919,3,1,pythia_0.409009B_trajectory,B3,interpolated Pythia trajectories,pythia_0.409009B_trajectory,1256,2.8919,2.8918104320753057,-8.956792469438923e-05,8.956792469438923e-05
0.409009,7.009,2.8918,3,1,pythia_0.409009B_trajectory,B3,interpolated Pythia trajectories,pythia_0.409009B_trajectory,1257,2.8918,2.8887071854246766,-0.0030928145753232883,0.0030928145753232883
0.409009,7.118,2.8824,3,1,pythia_0.409009B_trajectory,B3,interpolated Pythia trajectories,pythia_0.409009B_trajectory,1258,2.8824,2.885607663818587,0.0032076638185869477,0.0032076638185869477
0.409009,7.229,2.8845,3,1,pythia_0.409009B_trajectory,B3,interpolated Pythia trajectories,pythia_0.409009B_trajectory,1259,2.8845,2.882513083496413,-0.001986916503586844,0.001986916503586844
0.409009,7.342,2.8812,3,1,pythia_0.409009B_trajectory,B3,interpolated Pythia trajectories,pythia_0.409009B_trajectory,1260,2.8812,2.8794245954016744,-0.0017754045983258138,0.0017754045983258138
0.409009,7.456,2.8754,3,1,pythia_0.409009B_trajectory,B3,interpolated Pythia trajectories,pythia_0.409009B_trajectory,1261,2.8754,2.8763698184940325,0.0009698184940325483,0.0009698184940325483
0.409009,7.572,2.8759,3,1,pythia_0.409009B_trajectory,B3,interpolated Pythia trajectories,pythia_0.409009B_trajectory,1262,2.8759,2.87332220524155,-0.0025777947584502137,0.0025777947584502137
0.409009,7.69,2.8704,3,1,pythia_0.409009B_trajectory,B3,interpolated Pythia trajectories,pythia_0.409009B_trajectory,1263,2.8704,2.870282751106607,-0.00011724889339292943,0.00011724889339292943
0.409009,7.81,2.8673,3,1,pythia_0.409009B_trajectory,B3,interpolated Pythia trajectories,pythia_0.409009B_trajectory,1264,2.8673,2.867252394300079,-4.76056999212382e-05,4.76056999212382e-05
0.409009,7.932,2.8656,3,1,pythia_0.409009B_trajectory,B3,interpolated Pythia trajectories,pythia_0.409009B_trajectory,1265,2.8656,2.8642320177531087,-0.001367982246891497,0.001367982246891497
0.409009,8.055,2.8628,3,1,pythia_0.409009B_trajectory,B3,interpolated Pythia trajectories,pythia_0.409009B_trajectory,1266,2.8628,2.861246484185571,-0.001553515814428863,0.001553515814428863
0.409009,8.181,2.858,3,1,pythia_0.409009B_trajectory,B3,interpolated Pythia trajectories,pythia_0.409009B_trajectory,1267,2.858,2.8582480330099163,0.00024803300991615984,0.00024803300991615984
0.409009,8.308,2.8523,3,1,pythia_0.409009B_trajectory,B3,interpolated Pythia trajectories,pythia_0.409009B_trajectory,1268,2.8523,2.8552850085782158,0.0029850085782157088,0.0029850085782157088
0.409009,8.438,2.8496,4,1,pythia_0.409009B_trajectory,B3,interpolated Pythia trajectories,pythia_0.409009B_trajectory,1269,2.8496,2.8523114368611546,0.0027114368611544926,0.0027114368611544926
0.409009,8.569,2.8498,4,1,pythia_0.409009B_trajectory,B3,interpolated Pythia trajectories,pythia_0.409009B_trajectory,1270,2.8498,2.8493737215798682,-0.0004262784201318759,0.0004262784201318759
0.409009,8.703,2.8495,4,1,pythia_0.409009B_trajectory,B3,interpolated Pythia trajectories,pythia_0.409009B_trajectory,1271,2.8495,2.846427610549192,-0.0030723894508080107,0.0030723894508080107
0.409009,8.838,2.8455,4,1,pythia_0.409009B_trajectory,B3,interpolated Pythia trajectories,pythia_0.409009B_trajectory,1272,2.8455,2.8435176460190306,-0.0019823539809693536,0.0019823539809693536
0.409009,8.976,2.8425,4,1,pythia_0.409009B_trajectory,B3,interpolated Pythia trajectories,pythia_0.409009B_trajectory,1273,2.8425,2.8406012338076683,-0.0018987661923315358,0.0018987661923315358
0.409009,9.116,2.8405,4,1,pythia_0.409009B_trajectory,B3,interpolated Pythia trajectories,pythia_0.409009B_trajectory,1274,2.8405,2.837700616184155,-0.0027993838158448803,0.0027993838158448803
0.409009,9.258,2.8347,4,1,pythia_0.409009B_trajectory,B3,interpolated Pythia trajectories,pythia_0.409009B_trajectory,1275,2.8347,2.8348162284100953,0.00011622841009506502,0.00011622841009506502
0.409009,9.402,2.8342,4,1,pythia_0.409009B_trajectory,B3,interpolated Pythia trajectories,pythia_0.409009B_trajectory,1276,2.8342,2.831948470888692,-0.0022515291113078817,0.0022515291113078817
0.409009,9.548,2.8292,4,1,pythia_0.409009B_trajectory,B3,interpolated Pythia trajectories,pythia_0.409009B_trajectory,1277,2.8292,2.829097710795366,-0.0001022892046340651,0.0001022892046340651
0.409009,9.697,2.8264,4,1,pythia_0.409009B_trajectory,B3,interpolated Pythia trajectories,pythia_0.409009B_trajectory,1278,2.8264,2.826245327484733,-0.00015467251526724013,0.00015467251526724013
0.409009,9.848,2.8285,4,1,pythia_0.409009B_trajectory,B3,interpolated Pythia trajectories,pythia_0.409009B_trajectory,1279,2.8285,2.8234113225742976,-0.005088677425702404,0.005088677425702404
0.409009,10.002,2.8191,4,1,pythia_0.409009B_trajectory,B3,interpolated Pythia trajectories,pythia_0.409009B_trajectory,1280,2.8191,2.820577729338904,0.0014777293389038881,0.0014777293389038881
0.409009,10.157,2.8206,4,1,pythia_0.409009B_trajectory,B3,interpolated Pythia trajectories,pythia_0.409009B_trajectory,1281,2.8206,2.817781567982232,-0.002818432017768213,0.002818432017768213
0.409009,10.316,2.8152,4,1,pythia_0.409009B_trajectory,B3,interpolated Pythia trajectories,pythia_0.409009B_trajectory,1282,2.8152,2.814969429364198,-0.00023057063580189663,0.00023057063580189663
0.409009,10.476,2.8138,5,1,pythia_0.409009B_trajectory,B3,interpolated Pythia trajectories,pythia_0.409009B_trajectory,1283,2.8138,2.812195053800711,-0.0016049461992890812,0.0016049461992890812
0.409009,10.64,2.811,5,1,pythia_0.409009B_trajectory,B3,interpolated Pythia trajectories,pythia_0.409009B_trajectory,1284,2.811,2.8094070428691076,-0.0015929571308923585,0.0015929571308923585
0.409009,10.805,2.8085,5,1,pythia_0.409009B_trajectory,B3,interpolated Pythia trajectories,pythia_0.409009B_trajectory,1285,2.8085,2.806656992037029,-0.0018430079629712104,0.0018430079629712104
0.409009,10.974,2.808,5,1,pythia_0.409009B_trajectory,B3,interpolated Pythia trajectories,pythia_0.409009B_trajectory,1286,2.808,2.803895439548521,-0.004104560451478889,0.004104560451478889
0.409009,11.145,2.802,5,1,pythia_0.409009B_trajectory,B3,interpolated Pythia trajectories,pythia_0.409009B_trajectory,1287,2.802,2.8011560602800394,-0.0008439397199606624,0.0008439397199606624
0.409009,11.318,2.7969,5,1,pythia_0.409009B_trajectory,B3,interpolated Pythia trajectories,pythia_0.409009B_trajectory,1288,2.7969,2.7984388454582065,0.0015388454582065947,0.0015388454582065947
0.409009,11.495,2.7942,5,1,pythia_0.409009B_trajectory,B3,interpolated Pythia trajectories,pythia_0.409009B_trajectory,1289,2.7942,2.7957132750859524,0.001513275085952337,0.001513275085952337
0.409009,11.674,2.7915,5,1,pythia_0.409009B_trajectory,B3,interpolated Pythia trajectories,pythia_0.409009B_trajectory,1290,2.7915,2.793010997131201,0.001510997131200842,0.001510997131200842
0.409009,11.855,2.7918,5,1,pythia_0.409009B_trajectory,B3,interpolated Pythia trajectories,pythia_0.409009B_trajectory,1291,2.7918,2.7903319203562766,-0.0014680796437231969,0.0014680796437231969
0.409009,12.04,2.7887,5,1,pythia_0.409009B_trajectory,B3,interpolated Pythia trajectories,pythia_0.409009B_trajectory,1292,2.7887,2.7876472020247522,-0.0010527979752477101,0.0010527979752477101
0.409009,12.228,2.7826,5,1,pythia_0.409009B_trajectory,B3,interpolated Pythia trajectories,pythia_0.409009B_trajectory,1293,2.7826,2.784972501356483,0.0023725013564832587,0.0023725013564832587
0.409009,12.418,2.7823,5,1,pythia_0.409009B_trajectory,B3,interpolated Pythia trajectories,pythia_0.409009B_trajectory,1294,2.7823,2.782322295026711,2.22950267105837e-05,2.22950267105837e-05
0.409009,12.612,2.78,6,1,pythia_0.409009B_trajectory,B3,interpolated Pythia trajectories,pythia_0.409009B_trajectory,1295,2.78,2.7796693128590304,-0.000330687140969399,0.000330687140969399
0.409009,12.808,2.7773,6,1,pythia_0.409009B_trajectory,B3,interpolated Pythia trajectories,pythia_0.409009B_trajectory,1296,2.7773,2.777041499309998,-0.0002585006900019948,0.0002585006900019948
0.409009,13.008,2.7717,6,1,pythia_0.409009B_trajectory,B3,interpolated Pythia trajectories,pythia_0.409009B_trajectory,1297,2.7717,2.7744125860931677,0.0027125860931676016,0.0027125860931676016
0.409009,13.21,2.7727,6,1,pythia_0.409009B_trajectory,B3,interpolated Pythia trajectories,pythia_0.409009B_trajectory,1298,2.7727,2.7718093789571108,-0.0008906210428891725,0.0008906210428891725
0.409009,13.416,2.7674,6,1,pythia_0.409009B_trajectory,B3,interpolated Pythia trajectories,pythia_0.409009B_trajectory,1299,2.7674,2.7692065756640645,0.0018065756640646136,0.0018065756640646136
0.409009,13.625,2.7669,6,1,pythia_0.409009B_trajectory,B3,interpolated Pythia trajectories,pythia_0.409009B_trajectory,1300,2.7669,2.7666176255858614,-0.00028237441413869746,0.00028237441413869746
0.409009,13.837,2.763,6,1,pythia_0.409009B_trajectory,B3,interpolated Pythia trajectories,pythia_0.409009B_trajectory,1301,2.763,2.7640429294112865,0.0010429294112865861,0.0010429294112865861
0.409009,14.053,2.7602,6,1,pythia_0.409009B_trajectory,B3,interpolated Pythia trajectories,pythia_0.409009B_trajectory,1302,2.7602,2.761471066306962,0.0012710663069617212,0.0012710663069617212
0.409009,14.272,2.759,6,1,pythia_0.409009B_trajectory,B3,interpolated Pythia trajectories,pythia_0.409009B_trajectory,1303,2.759,2.7589146263851947,-8.537361480520644e-05,8.537361480520644e-05
0.409009,14.494,2.754,6,1,pythia_0.409009B_trajectory,B3,interpolated Pythia trajectories,pythia_0.409009B_trajectory,1304,2.754,2.7563739053215945,0.0023739053215945383,0.0023739053215945383
0.409009,14.72,2.7505,7,1,pythia_0.409009B_trajectory,B3,interpolated Pythia trajectories,pythia_0.409009B_trajectory,1305,2.7505,2.753838061229624,0.0033380612296238787,0.0033380612296238787
0.409009,14.949,2.7503,7,1,pythia_0.409009B_trajectory,B3,interpolated Pythia trajectories,pythia_0.409009B_trajectory,1306,2.7503,2.7513188815658425,0.001018881565842289,0.001018881565842289
0.409009,15.182,2.7498,7,1,pythia_0.409009B_trajectory,B3,interpolated Pythia trajectories,pythia_0.409009B_trajectory,1307,2.7498,2.748805891162493,-0.0009941088375069462,0.0009941088375069462
0.409009,15.418,2.7452,7,1,pythia_0.409009B_trajectory,B3,interpolated Pythia trajectories,pythia_0.409009B_trajectory,1308,2.7452,2.746310368173298,0.0011103681732977932,0.0011103681732977932
0.409009,15.659,2.7397,7,1,pythia_0.409009B_trajectory,B3,interpolated Pythia trajectories,pythia_0.409009B_trajectory,1309,2.7397,2.7438119279351114,0.004111927935111392,0.004111927935111392
0.409009,15.903,2.7426,7,1,pythia_0.409009B_trajectory,B3,interpolated Pythia trajectories,pythia_0.409009B_trajectory,1310,2.7426,2.7413320292245356,-0.0012679707754643665,0.0012679707754643665
0.409009,16.15,2.7416,7,1,pythia_0.409009B_trajectory,B3,interpolated Pythia trajectories,pythia_0.409009B_trajectory,1311,2.7416,2.7388707523528755,-0.0027292476471245664,0.0027292476471245664
0.409009,16.402,2.7377,7,1,pythia_0.409009B_trajectory,B3,interpolated Pythia trajectories,pythia_0.409009B_trajectory,1312,2.7377,2.736408812264172,-0.0012911877358279256,0.0012911877358279256
0.409009,16.657,2.7335,7,1,pythia_0.409009B_trajectory,B3,interpolated Pythia trajectories,pythia_0.409009B_trajectory,1313,2.7335,2.7339663579958735,0.00046635799587368965,0.00046635799587368965
0.409009,16.917,2.7315,8,1,pythia_0.409009B_trajectory,B3,interpolated Pythia trajectories,pythia_0.409009B_trajectory,1314,2.7315,2.731524797956565,2.4797956565070223e-05,2.4797956565070223e-05
0.409009,17.18,2.7311,8,1,pythia_0.409009B_trajectory,B3,interpolated Pythia trajectories,pythia_0.409009B_trajectory,1315,2.7311,2.7291034467892423,-0.0019965532107577566,0.0019965532107577566
0.409009,17.448,2.7256,8,1,pythia_0.409009B_trajectory,B3,interpolated Pythia trajectories,pythia_0.409009B_trajectory,1316,2.7256,2.726684382881084,0.0010843828810838119,0.0010843828810838119
0.409009,17.72,2.7288,8,1,pythia_0.409009B_trajectory,B3,interpolated Pythia trajectories,pythia_0.409009B_trajectory,1317,2.7288,2.7242773594436467,-0.00452264055635343,0.00452264055635343
0.409009,17.996,2.7189,8,1,pythia_0.409009B_trajectory,B3,interpolated Pythia trajectories,pythia_0.409009B_trajectory,1318,2.7189,2.7218827984159177,0.0029827984159176424,0.0029827984159176424
0.409009,18.276,2.7219,8,1,pythia_0.409009B_trajectory,B3,interpolated Pythia trajectories,pythia_0.409009B_trajectory,1319,2.7219,2.7195010903422263,-0.0023989096577738955,0.0023989096577738955
0.409009,18.561,2.7176,8,1,pythia_0.409009B_trajectory,B3,interpolated Pythia trajectories,pythia_0.409009B_trajectory,1320,2.7176,2.717124338109548,-0.000475661890452006,0.000475661890452006
0.409009,18.85,2.7158,9,1,pythia_0.409009B_trajectory,B3,interpolated Pythia trajectories,pythia_0.409009B_trajectory,1321,2.7158,2.7147614541585026,-0.0010385458414976512,0.0010385458414976512
0.409009,19.144,2.7102,9,1,pythia_0.409009B_trajectory,B3,interpolated Pythia trajectories,pythia_0.409009B_trajectory,1322,2.7102,2.7124047957151953,0.0022047957151953845,0.0022047957151953845
0.409009,19.442,2.7124,9,1,pythia_0.409009B_trajectory,B3,interpolated Pythia trajectories,pythia_0.409009B_trajectory,1323,2.7124,2.7100628788332672,-0.002337121166732903,0.002337121166732903
0.409009,19.745,2.7064,9,1,pythia_0.409009B_trajectory,B3,interpolated Pythia trajectories,pythia_0.409009B_trajectory,1324,2.7064,2.707728308294053,0.001328308294052949,0.001328308294052949
0.409009,20.052,2.706,9,1,pythia_0.409009B_trajectory,B3,interpolated Pythia trajectories,pythia_0.409009B_trajectory,1325,2.706,2.705409222266859,-0.0005907777331408681,0.0005907777331408681
0.409009,20.365,2.7057,9,1,pythia_0.409009B_trajectory,B3,interpolated Pythia trajectories,pythia_0.409009B_trajectory,1326,2.7057,2.7030911330242673,-0.0026088669757329264,0.0026088669757329264
0.409009,20.682,2.7,9,1,pythia_0.409009B_trajectory,B3,interpolated Pythia trajectories,pythia_0.409009B_trajectory,1327,2.7,2.7007894388379095,0.0007894388379092732,0.0007894388379092732
0.409009,21.004,2.6997,10,1,pythia_0.409009B_trajectory,B3,interpolated Pythia trajectories,pythia_0.409009B_trajectory,1328,2.6997,2.6984972109851073,-0.00120278901489268,0.00120278901489268
0.409009,21.331,2.6968,10,1,pythia_0.409009B_trajectory,B3,interpolated Pythia trajectories,pythia_0.409009B_trajectory,1329,2.6968,2.696214964600005,-0.0005850353999949931,0.0005850353999949931
0.409009,21.664,2.6941,10,1,pythia_0.409009B_trajectory,B3,interpolated Pythia trajectories,pythia_0.409009B_trajectory,1330,2.6941,2.693936405183414,-0.00016359481658634323,0.00016359481658634323
0.409009,22.001,2.6929,10,1,pythia_0.409009B_trajectory,B3,interpolated Pythia trajectories,pythia_0.409009B_trajectory,1331,2.6929,2.6916756637159653,-0.0012243362840345107,0.0012243362840345107
0.409009,22.344,2.6902,10,1,pythia_0.409009B_trajectory,B3,interpolated Pythia trajectories,pythia_0.409009B_trajectory,1332,2.6902,2.6894197334880063,-0.0007802665119935881,0.0007802665119935881
0.409009,22.692,2.6889,10,1,pythia_0.409009B_trajectory,B3,interpolated Pythia trajectories,pythia_0.409009B_trajectory,1333,2.6889,2.6871757679274992,-0.0017242320725006088,0.0017242320725006088
0.409009,23.045,2.685,11,1,pythia_0.409009B_trajectory,B3,interpolated Pythia trajectories,pythia_0.409009B_trajectory,1334,2.685,2.6849441164530203,-5.588354697971809e-05,5.588354697971809e-05
0.409009,23.404,2.6832,11,1,pythia_0.409009B_trajectory,B3,interpolated Pythia trajectories,pythia_0.409009B_trajectory,1335,2.6832,2.6827189636565505,-0.0004810363434493148,0.0004810363434493148
0.409009,23.769,2.6773,11,1,pythia_0.409009B_trajectory,B3,interpolated Pythia trajectories,pythia_0.409009B_trajectory,1336,2.6773,2.6805009655185232,0.0032009655185234465,0.0032009655185234465
0.409009,24.139,2.6776,11,1,pythia_0.409009B_trajectory,B3,interpolated Pythia trajectories,pythia_0.409009B_trajectory,1337,2.6776,2.6782966376497495,0.0006966376497494764,0.0006966376497494764
0.409009,24.515,2.6767,11,1,pythia_0.409009B_trajectory,B3,interpolated Pythia trajectories,pythia_0.409009B_trajectory,1338,2.6767,2.6761004285161922,-0.000599571483807626,0.000599571483807626
0.409009,24.897,2.6722,11,1,pythia_0.409009B_trajectory,B3,interpolated Pythia trajectories,pythia_0.409009B_trajectory,1339,2.6722,2.673912887171013,0.0017128871710130333,0.0017128871710130333
0.409009,25.285,2.6726,12,1,pythia_0.409009B_trajectory,B3,interpolated Pythia trajectories,pythia_0.409009B_trajectory,1340,2.6726,2.671734527583001,-0.0008654724169989692,0.0008654724169989692
0.409009,25.679,2.6689,12,1,pythia_0.409009B_trajectory,B3,interpolated Pythia trajectories,pythia_0.409009B_trajectory,1341,2.6689,2.6695658300229317,0.000665830022931857,0.000665830022931857
0.409009,26.079,2.6676,12,1,pythia_0.409009B_trajectory,B3,interpolated Pythia trajectories,pythia_0.409009B_trajectory,1342,2.6676,2.6674072424301363,-0.00019275756986392167,0.00019275756986392167
0.409009,26.485,2.6642,12,1,pythia_0.409009B_trajectory,B3,interpolated Pythia trajectories,pythia_0.409009B_trajectory,1343,2.6642,2.6652591817559217,0.0010591817559215677,0.0010591817559215677
0.409009,26.898,2.6604,12,1,pythia_0.409009B_trajectory,B3,interpolated Pythia trajectories,pythia_0.409009B_trajectory,1344,2.6604,2.6631168990960683,0.002716899096068204,0.002716899096068204
0.409009,27.317,2.6644,13,1,pythia_0.409009B_trajectory,B3,interpolated Pythia trajectories,pythia_0.409009B_trajectory,1345,2.6644,2.6609860905279077,-0.0034139094720924135,0.0034139094720924135
0.409009,27.742,2.6562,13,1,pythia_0.409009B_trajectory,B3,interpolated Pythia trajectories,pythia_0.409009B_trajectory,1346,2.6562,2.6588670815784043,0.002667081578404229,0.002667081578404229
0.409009,28.174,2.6555,13,1,pythia_0.409009B_trajectory,B3,interpolated Pythia trajectories,pythia_0.409009B_trajectory,1347,2.6555,2.6567553316252557,0.0012553316252557067,0.0012553316252557067
0.409009,28.613,2.652,13,1,pythia_0.409009B_trajectory,B3,interpolated Pythia trajectories,pythia_0.409009B_trajectory,1348,2.652,2.6546513997263546,0.00265139972635442,0.00265139972635442
0.409009,29.059,2.6539,13,1,pythia_0.409009B_trajectory,B3,interpolated Pythia trajectories,pythia_0.409009B_trajectory,1349,2.6539,2.652555810035039,-0.0013441899649611067,0.0013441899649611067
0.409009,29.512,2.6468,14,1,pythia_0.409009B_trajectory,B3,interpolated Pythia trajectories,pythia_0.409009B_trajectory,1350,2.6468,2.650469053144524,0.003669053144524259,0.003669053144524259
0.409009,29.971,2.651,14,1,pythia_0.409009B_trajectory,B3,interpolated Pythia trajectories,pythia_0.409009B_trajectory,1351,2.651,2.648396059303342,-0.0026039406966575918,0.0026039406966575918
0.409009,30.438,2.6464,14,1,pythia_0.409009B_trajectory,B3,interpolated Pythia trajectories,pythia_0.409009B_trajectory,1352,2.6464,2.646328224556277,-7.177544372272138e-05,7.177544372272138e-05
0.409009,30.912,2.6463,14,1,pythia_0.409009B_trajectory,B3,interpolated Pythia trajectories,pythia_0.409009B_trajectory,1353,2.6463,2.6442705079847433,-0.0020294920152568174,0.0020294920152568174
0.409009,31.394,2.6396,15,1,pythia_0.409009B_trajectory,B3,interpolated Pythia trajectories,pythia_0.409009B_trajectory,1354,2.6396,2.6422190647057,0.002619064705699614,0.002619064705699614
0.409009,31.883,2.6394,15,1,pythia_0.409009B_trajectory,B3,interpolated Pythia trajectories,pythia_0.409009B_trajectory,1355,2.6394,2.6401786162255823,0.0007786162255820628,0.0007786162255820628
0.409009,32.38,2.6359,15,1,pythia_0.409009B_trajectory,B3,interpolated Pythia trajectories,pythia_0.409009B_trajectory,1356,2.6359,2.6381454230019066,0.0022454230019066657,0.0022454230019066657
0.409009,32.884,2.6353,15,1,pythia_0.409009B_trajectory,B3,interpolated Pythia trajectories,pythia_0.409009B_trajectory,1357,2.6353,2.636123980761837,0.0008239807618370953,0.0008239807618370953
0.409009,33.396,2.6333,15,1,pythia_0.409009B_trajectory,B3,interpolated Pythia trajectories,pythia_0.409009B_trajectory,1358,2.6333,2.634110653811026,0.0008106538110257411,0.0008106538110257411
0.409009,33.917,2.6357,16,1,pythia_0.409009B_trajectory,B3,interpolated Pythia trajectories,pythia_0.409009B_trajectory,1359,2.6357,2.6321020888347273,-0.003597911165272638,0.003597911165272638
0.409009,34.445,2.6287,16,1,pythia_0.409009B_trajectory,B3,interpolated Pythia trajectories,pythia_0.409009B_trajectory,1360,2.6287,2.6301064285772746,0.0014064285772747986,0.0014064285772747986
0.409009,34.982,2.6283,16,1,pythia_0.409009B_trajectory,B3,interpolated Pythia trajectories,pythia_0.409009B_trajectory,1361,2.6283,2.6281165143003813,-0.00018348569961856853,0.00018348569961856853
0.409009,35.526,2.624,16,1,pythia_0.409009B_trajectory,B3,interpolated Pythia trajectories,pythia_0.409009B_trajectory,1362,2.624,2.6261401320664843,0.002140132066484224,0.002140132066484224
0.409009,36.08,2.627,17,1,pythia_0.409009B_trajectory,B3,interpolated Pythia trajectories,pythia_0.409009B_trajectory,1363,2.627,2.6241668344542113,-0.0028331655457884963,0.0028331655457884963
0.409009,36.642,2.6196,17,1,pythia_0.409009B_trajectory,B3,interpolated Pythia trajectories,pythia_0.409009B_trajectory,1364,2.6196,2.6222042744720624,0.00260427447206224,0.00260427447206224
0.409009,37.213,2.6188,17,1,pythia_0.409009B_trajectory,B3,interpolated Pythia trajectories,pythia_0.409009B_trajectory,1365,2.6188,2.620249352049229,0.0014493520492293577,0.0014493520492293577
0.409009,37.792,2.6152,18,1,pythia_0.409009B_trajectory,B3,interpolated Pythia trajectories,pythia_0.409009B_trajectory,1366,2.6152,2.618305856448324,0.0031058564483239515,0.0031058564483239515
0.409009,38.381,2.617,18,1,pythia_0.409009B_trajectory,B3,interpolated Pythia trajectories,pythia_0.409009B_trajectory,1367,2.617,2.6163675105854143,-0.000632489414585713,0.000632489414585713
0.409009,38.979,2.6122,18,1,pythia_0.409009B_trajectory,B3,interpolated Pythia trajectories,pythia_0.409009B_trajectory,1368,2.6122,2.614438110654563,0.0022381106545630303,0.0022381106545630303
0.409009,39.586,2.6079,18,1,pythia_0.409009B_trajectory,B3,interpolated Pythia trajectories,pythia_0.409009B_trajectory,1369,2.6079,2.612518034854824,0.004618034854824149,0.004618034854824149
0.409009,40.203,2.6121,19,1,pythia_0.409009B_trajectory,B3,interpolated Pythia trajectories,pythia_0.409009B_trajectory,1370,2.6121,2.610604563848259,-0.0014954361517407477,0.0014954361517407477
0.409009,40.829,2.6068,19,1,pythia_0.409009B_trajectory,B3,interpolated Pythia trajectories,pythia_0.409009B_trajectory,1371,2.6068,2.6087012144347463,0.0019012144347465565,0.0019012144347465565
0.409009,41.465,2.6029,19,1,pythia_0.409009B_trajectory,B3,interpolated Pythia trajectories,pythia_0.409009B_trajectory,1372,2.6029,2.6068053325937055,0.0039053325937055128,0.0039053325937055128
0.409009,42.111,2.6054,20,1,pythia_0.409009B_trajectory,B3,interpolated Pythia trajectories,pythia_0.409009B_trajectory,1373,2.6054,2.604917365906896,-0.0004826340931041173,0.0004826340931041173
0.409009,42.767,2.6011,20,1,pythia_0.409009B_trajectory,B3,interpolated Pythia trajectories,pythia_0.409009B_trajectory,1374,2.6011,2.603037732685043,0.0019377326850427146,0.0019377326850427146
0.409009,43.433,2.5973,20,1,pythia_0.409009B_trajectory,B3,interpolated Pythia trajectories,pythia_0.409009B_trajectory,1375,2.5973,2.60116682315195,0.0038668231519496388,0.0038668231519496388
0.409009,44.11,2.5992,21,1,pythia_0.409009B_trajectory,B3,interpolated Pythia trajectories,pythia_0.409009B_trajectory,1376,2.5992,2.599302273534649,0.00010227353464875577,0.00010227353464875577
0.409009,44.797,2.5964,21,1,pythia_0.409009B_trajectory,B3,interpolated Pythia trajectories,pythia_0.409009B_trajectory,1377,2.5964,2.5974472551762124,0.0010472551762124027,0.0010472551762124027
0.409009,45.495,2.5976,21,1,pythia_0.409009B_trajectory,B3,interpolated Pythia trajectories,pythia_0.409009B_trajectory,1378,2.5976,2.59559945637537,-0.00200054362462998,0.00200054362462998
0.409009,46.204,2.5932,22,1,pythia_0.409009B_trajectory,B3,interpolated Pythia trajectories,pythia_0.409009B_trajectory,1379,2.5932,2.593759317086304,0.0005593170863038566,0.0005593170863038566
0.409009,46.923,2.594,22,1,pythia_0.409009B_trajectory,B3,interpolated Pythia trajectories,pythia_0.409009B_trajectory,1380,2.594,2.5919297681185656,-0.0020702318814342924,0.0020702318814342924
0.409009,47.654,2.5901,22,1,pythia_0.409009B_trajectory,B3,interpolated Pythia trajectories,pythia_0.409009B_trajectory,1381,2.5901,2.5901061047661527,6.104766152592589e-06,6.104766152592589e-06
0.409009,48.397,2.5878,23,1,pythia_0.409009B_trajectory,B3,interpolated Pythia trajectories,pythia_0.409009B_trajectory,1382,2.5878,2.588288832452269,0.0004888324522687171,0.0004888324522687171
0.409009,49.15,2.5885,23,1,pythia_0.409009B_trajectory,B3,interpolated Pythia trajectories,pythia_0.409009B_trajectory,1383,2.5885,2.5864831742552656,-0.002016825744734163,0.002016825744734163
0.409009,49.916,2.5848,23,1,pythia_0.409009B_trajectory,B3,interpolated Pythia trajectories,pythia_0.409009B_trajectory,1384,2.5848,2.584682312032637,-0.00011768796736300047,0.00011768796736300047
0.409009,50.694,2.5822,24,1,pythia_0.409009B_trajectory,B3,interpolated Pythia trajectories,pythia_0.409009B_trajectory,1385,2.5822,2.5828890861916833,0.0006890861916835078,0.0006890861916835078
0.409009,51.483,2.5758,24,1,pythia_0.409009B_trajectory,B3,interpolated Pythia trajectories,pythia_0.409009B_trajectory,1386,2.5758,2.5811061252917433,0.0053061252917432356,0.0053061252917432356
0.409009,52.285,2.5798,25,1,pythia_0.409009B_trajectory,B3,interpolated Pythia trajectories,pythia_0.409009B_trajectory,1387,2.5798,2.5793292749839765,-0.00047072501602363204,0.00047072501602363204
0.409009,53.1,2.5793,25,1,pythia_0.409009B_trajectory,B3,interpolated Pythia trajectories,pythia_0.409009B_trajectory,1388,2.5793,2.5775590059861577,-0.0017409940138422009,0.0017409940138422009
0.409009,53.927,2.5773,25,1,pythia_0.409009B_trajectory,B3,interpolated Pythia trajectories,pythia_0.409009B_trajectory,1389,2.5773,2.57579786820245,-0.0015021317975500992,0.0015021317975500992
0.409009,54.767,2.5741,26,1,pythia_0.409009B_trajectory,B3,interpolated Pythia trajectories,pythia_0.409009B_trajectory,1390,2.5741,2.5740440834409415,-5.5916559058566406e-05,5.5916559058566406e-05
0.409009,55.62,2.5734,26,1,pythia_0.409009B_trajectory,B3,interpolated Pythia trajectories,pythia_0.409009B_trajectory,1391,2.5734,2.5722980400467312,-0.001101959953268672,0.001101959953268672
0.409009,56.487,2.5726,27,1,pythia_0.409009B_trajectory,B3,interpolated Pythia trajectories,pythia_0.409009B_trajectory,1392,2.5726,2.5705581131814084,-0.0020418868185916317,0.0020418868185916317
0.409009,57.367,2.5649,27,1,pythia_0.409009B_trajectory,B3,interpolated Pythia trajectories,pythia_0.409009B_trajectory,1393,2.5649,2.5688267050504656,0.00392670505046544,0.00392670505046544
0.409009,58.26,2.5676,27,1,pythia_0.409009B_trajectory,B3,interpolated Pythia trajectories,pythia_0.409009B_trajectory,1394,2.5676,2.567104126628435,-0.0004958733715652031,0.0004958733715652031
0.409009,59.168,2.5651,28,1,pythia_0.409009B_trajectory,B3,interpolated Pythia trajectories,pythia_0.409009B_trajectory,1395,2.5651,2.565386920773523,0.0002869207735227697,0.0002869207735227697
0.409009,60.09,2.5628,28,1,pythia_0.409009B_trajectory,B3,interpolated Pythia trajectories,pythia_0.409009B_trajectory,1396,2.5628,2.563677409576564,0.0008774095765637924,0.0008774095765637924
0.409009,61.026,2.5615,29,1,pythia_0.409009B_trajectory,B3,interpolated Pythia trajectories,pythia_0.409009B_trajectory,1397,2.5615,2.5619759416417054,0.00047594164170527975,0.00047594164170527975
0.409009,61.976,2.5597,29,1,pythia_0.409009B_trajectory,B3,interpolated Pythia trajectories,pythia_0.409009B_trajectory,1398,2.5597,2.5602828413237715,0.0005828413237716212,0.0005828413237716212
0.409009,62.942,2.5555,30,1,pythia_0.409009B_trajectory,B3,interpolated Pythia trajectories,pythia_0.409009B_trajectory,1399,2.5555,2.5585949494789664,0.003094949478966491,0.003094949478966491
0.409009,63.922,2.5521,30,1,pythia_0.409009B_trajectory,B3,interpolated Pythia trajectories,pythia_0.409009B_trajectory,1400,2.5521,2.5569161407012837,0.004816140701283889,0.004816140701283889
0.409009,64.918,2.5558,31,1,pythia_0.409009B_trajectory,B3,interpolated Pythia trajectories,pythia_0.409009B_trajectory,1401,2.5558,2.5552433424467234,-0.0005566575532767182,0.0005566575532767182
0.409009,65.929,2.552,31,1,pythia_0.409009B_trajectory,B3,interpolated Pythia trajectories,pythia_0.409009B_trajectory,1402,2.552,2.5535786136946403,0.0015786136946402962,0.0015786136946402962
0.409009,66.956,2.5507,32,1,pythia_0.409009B_trajectory,B3,interpolated Pythia trajectories,pythia_0.409009B_trajectory,1403,2.5507,2.551920661559878,0.001220661559877989,0.001220661559877989
0.409009,67.999,2.5497,32,1,pythia_0.409009B_trajectory,B3,interpolated Pythia trajectories,pythia_0.409009B_trajectory,1404,2.5497,2.550269863281728,0.0005698632817279226,0.0005698632817279226
0.409009,69.058,2.5529,33,1,pythia_0.409009B_trajectory,B3,interpolated Pythia trajectories,pythia_0.409009B_trajectory,1405,2.5529,2.5486265710529703,-0.004273428947029867,0.004273428947029867
0.409009,70.134,2.5465,33,1,pythia_0.409009B_trajectory,B3,interpolated Pythia trajectories,pythia_0.409009B_trajectory,1406,2.5465,2.5469896066557753,0.0004896066557753542,0.0004896066557753542
0.409009,71.227,2.5458,34,1,pythia_0.409009B_trajectory,B3,interpolated Pythia trajectories,pythia_0.409009B_trajectory,1407,2.5458,2.545359363741462,-0.00044063625853763,0.00044063625853763
0.409009,72.336,2.5413,34,1,pythia_0.409009B_trajectory,B3,interpolated Pythia trajectories,pythia_0.409009B_trajectory,1408,2.5413,2.5437376583247273,0.002437658324727199,0.002437658324727199
0.409009,73.463,2.5402,35,1,pythia_0.409009B_trajectory,B3,interpolated Pythia trajectories,pythia_0.409009B_trajectory,1409,2.5402,2.5421219097344343,0.0019219097344342906,0.0019219097344342906
0.409009,74.608,2.5411,35,1,pythia_0.409009B_trajectory,B3,interpolated Pythia trajectories,pythia_0.409009B_trajectory,1410,2.5411,2.540512523100004,-0.0005874768999962754,0.0005874768999962754
0.409009,75.77,2.5378,36,1,pythia_0.409009B_trajectory,B3,interpolated Pythia trajectories,pythia_0.409009B_trajectory,1411,2.5378,2.5389112421609754,0.0011112421609755785,0.0011112421609755785
0.409009,76.95,2.5355,36,1,pythia_0.409009B_trajectory,B3,interpolated Pythia trajectories,pythia_0.409009B_trajectory,1412,2.5355,2.5373170033881984,0.001817003388198568,0.001817003388198568
0.409009,78.149,2.5384,37,1,pythia_0.409009B_trajectory,B3,interpolated Pythia trajectories,pythia_0.409009B_trajectory,1413,2.5384,2.5357288273883514,-0.002671172611648842,0.002671172611648842
0.409009,79.366,2.5355,37,1,pythia_0.409009B_trajectory,B3,interpolated Pythia trajectories,pythia_0.409009B_trajectory,1414,2.5355,2.5341483863776704,-0.001351613622329495,0.001351613622329495
0.409009,80.603,2.53,38,1,pythia_0.409009B_trajectory,B3,interpolated Pythia trajectories,pythia_0.409009B_trajectory,1415,2.53,2.532573444817128,0.002573444817128401,0.002573444817128401
0.409009,81.858,2.5288,39,1,pythia_0.409009B_trajectory,B3,interpolated Pythia trajectories,pythia_0.409009B_trajectory,1416,2.5288,2.531006887648045,0.0022068876480449973,0.0022068876480449973
0.409009,83.133,2.5311,39,1,pythia_0.409009B_trajectory,B3,interpolated Pythia trajectories,pythia_0.409009B_trajectory,1417,2.5311,2.529446533123934,-0.0016534668760659343,0.0016534668760659343
0.409009,84.428,2.5275,40,1,pythia_0.409009B_trajectory,B3,interpolated Pythia trajectories,pythia_0.409009B_trajectory,1418,2.5275,2.5278927462535314,0.000392746253531584,0.000392746253531584
0.409009,85.744,2.5247,41,1,pythia_0.409009B_trajectory,B3,interpolated Pythia trajectories,pythia_0.409009B_trajectory,1419,2.5247,2.5263447033311737,0.0016447033311735026,0.0016447033311735026
0.409009,87.079,2.5247,41,1,pythia_0.409009B_trajectory,B3,interpolated Pythia trajectories,pythia_0.409009B_trajectory,1420,2.5247,2.524805074746847,0.00010507474684695595,0.00010507474684695595
0.409009,88.436,2.5237,42,1,pythia_0.409009B_trajectory,B3,interpolated Pythia trajectories,pythia_0.409009B_trajectory,1421,2.5237,2.5232707293540266,-0.00042927064597320097,0.00042927064597320097
0.409009,89.813,2.5226,42,1,pythia_0.409009B_trajectory,B3,interpolated Pythia trajectories,pythia_0.409009B_trajectory,1422,2.5226,2.52174426889847,-0.0008557311015300328,0.0008557311015300328
0.409009,91.212,2.5235,43,1,pythia_0.409009B_trajectory,B3,interpolated Pythia trajectories,pythia_0.409009B_trajectory,1423,2.5235,2.5202237931452007,-0.003276206854799124,0.003276206854799124
0.409009,92.633,2.5175,44,1,pythia_0.409009B_trajectory,B3,interpolated Pythia trajectories,pythia_0.409009B_trajectory,1424,2.5175,2.518709661268355,0.001209661268354978,0.001209661268354978
0.409009,94.076,2.5184,45,1,pythia_0.409009B_trajectory,B3,interpolated Pythia trajectories,pythia_0.409009B_trajectory,1425,2.5184,2.5172022089595023,-0.0011977910404978864,0.0011977910404978864
0.409009,95.542,2.5146,45,1,pythia_0.409009B_trajectory,B3,interpolated Pythia trajectories,pythia_0.409009B_trajectory,1426,2.5146,2.515700735248423,0.0011007352484226907,0.0011007352484226907
0.409009,97.03,2.5141,46,1,pythia_0.409009B_trajectory,B3,interpolated Pythia trajectories,pythia_0.409009B_trajectory,1427,2.5141,2.5142065855346547,0.00010658553465470177,0.00010658553465470177
0.409009,98.542,2.513,47,1,pythia_0.409009B_trajectory,B3,interpolated Pythia trajectories,pythia_0.409009B_trajectory,1428,2.513,2.5127180799051456,-0.00028192009485428215,0.00028192009485428215
0.409009,100.077,2.5103,47,1,pythia_0.409009B_trajectory,B3,interpolated Pythia trajectories,pythia_0.409009B_trajectory,1429,2.5103,2.5112365384316435,0.000936538431643541,0.000936538431643541
0.409009,101.636,2.5114,48,1,pythia_0.409009B_trajectory,B3,interpolated Pythia trajectories,pythia_0.409009B_trajectory,1430,2.5114,2.5097613088801474,-0.0016386911198527088,0.0016386911198527088
0.409009,103.219,2.5088,49,1,pythia_0.409009B_trajectory,B3,interpolated Pythia trajectories,pythia_0.409009B_trajectory,1431,2.5088,2.508292710697622,-0.0005072893023778668,0.0005072893023778668
0.409009,104.827,2.5078,50,1,pythia_0.409009B_trajectory,B3,interpolated Pythia trajectories,pythia_0.409009B_trajectory,1432,2.5078,2.5068301410608345,-0.0009698589391655688,0.0009698589391655688
0.409009,106.46,2.5038,50,1,pythia_0.409009B_trajectory,B3,interpolated Pythia trajectories,pythia_0.409009B_trajectory,1433,2.5038,2.5053739299158817,0.0015739299158816777,0.0015739299158816777
0.409009,108.118,2.5033,51,1,pythia_0.409009B_trajectory,B3,interpolated Pythia trajectories,pythia_0.409009B_trajectory,1434,2.5033,2.5039243852219295,0.0006243852219296464,0.0006243852219296464
0.409009,109.802,2.5004,52,1,pythia_0.409009B_trajectory,B3,interpolated Pythia trajectories,pythia_0.409009B_trajectory,1435,2.5004,2.5024809451299896,0.0020809451299896864,0.0020809451299896864
0.409009,111.513,2.4986,53,1,pythia_0.409009B_trajectory,B3,interpolated Pythia trajectories,pythia_0.409009B_trajectory,1436,2.4986,2.5010430940658024,0.0024430940658022315,0.0024430940658022315
0.409009,113.25,2.5017,54,1,pythia_0.409009B_trajectory,B3,interpolated Pythia trajectories,pythia_0.409009B_trajectory,1437,2.5017,2.49961199190007,-0.00208800809993015,0.00208800809993015
0.409009,115.014,2.5004,55,1,pythia_0.409009B_trajectory,B3,interpolated Pythia trajectories,pythia_0.409009B_trajectory,1438,2.5004,2.4981871125700152,-0.0022128874299847112,0.0022128874299847112
0.409009,116.806,2.4962,55,1,pythia_0.409009B_trajectory,B3,interpolated Pythia trajectories,pythia_0.409009B_trajectory,1439,2.4962,2.496767973082354,0.0005679730823540119,0.0005679730823540119
0.409009,118.625,2.4943,56,1,pythia_0.409009B_trajectory,B3,interpolated Pythia trajectories,pythia_0.409009B_trajectory,1440,2.4943,2.4953556688226084,0.0010556688226084354,0.0010556688226084354
0.409009,120.473,2.4947,57,1,pythia_0.409009B_trajectory,B3,interpolated Pythia trajectories,pythia_0.409009B_trajectory,1441,2.4947,2.493948952181621,-0.0007510478183787583,0.0007510478183787583
0.409009,122.35,2.4926,58,1,pythia_0.409009B_trajectory,B3,interpolated Pythia trajectories,pythia_0.409009B_trajectory,1442,2.4926,2.4925481526455453,-5.184735445462607e-05,5.184735445462607e-05
0.409009,124.256,2.4916,59,1,pythia_0.409009B_trajectory,B3,interpolated Pythia trajectories,pythia_0.409009B_trajectory,1443,2.4916,2.491153578079979,-0.00044642192002086745,0.00044642192002086745
0.409009,126.191,2.4876,60,1,pythia_0.409009B_trajectory,B3,interpolated Pythia trajectories,pythia_0.409009B_trajectory,1444,2.4876,2.489765515607446,0.0021655156074458226,0.0021655156074458226
0.409009,128.157,2.49,61,1,pythia_0.409009B_trajectory,B3,interpolated Pythia trajectories,pythia_0.409009B_trajectory,1445,2.49,2.4883828397022345,-0.0016171602977657074,0.0016171602977657074
0.409009,130.154,2.4848,62,1,pythia_0.409009B_trajectory,B3,interpolated Pythia trajectories,pythia_0.409009B_trajectory,1446,2.4848,2.4870058803667114,0.0022058803667115434,0.0022058803667115434
0.409009,132.181,2.4834,63,1,pythia_0.409009B_trajectory,B3,interpolated Pythia trajectories,pythia_0.409009B_trajectory,1447,2.4834,2.485635615468017,0.0022356154680167606,0.0022356154680167606
0.409009,134.24,2.4842,64,1,pythia_0.409009B_trajectory,B3,interpolated Pythia trajectories,pythia_0.409009B_trajectory,1448,2.4842,2.4842709810648063,7.098106480629696e-05,7.098106480629696e-05
0.409009,136.331,2.481,65,1,pythia_0.409009B_trajectory,B3,interpolated Pythia trajectories,pythia_0.409009B_trajectory,1449,2.481,2.4829122846022753,0.001912284602275438,0.001912284602275438
0.409009,138.455,2.4818,66,1,pythia_0.409009B_trajectory,B3,interpolated Pythia trajectories,pythia_0.409009B_trajectory,1450,2.4818,2.4815591822390823,-0.00024081776091744445,0.00024081776091744445
0.409009,140.612,2.4834,67,1,pythia_0.409009B_trajectory,B3,interpolated Pythia trajectories,pythia_0.409009B_trajectory,1451,2.4834,2.480211978330723,-0.00318802166927723,0.00318802166927723
0.409009,142.802,2.4772,68,1,pythia_0.409009B_trajectory,B3,interpolated Pythia trajectories,pythia_0.409009B_trajectory,1452,2.4772,2.478870956923627,0.001670956923627287,0.001670956923627287
0.409009,145.027,2.4755,69,1,pythia_0.409009B_trajectory,B3,interpolated Pythia trajectories,pythia_0.409009B_trajectory,1453,2.4755,2.4775351937059793,0.002035193705979488,0.002035193705979488
0.409009,147.286,2.4765,70,1,pythia_0.409009B_trajectory,B3,interpolated Pythia trajectories,pythia_0.409009B_trajectory,1454,2.4765,2.4762055872271187,-0.0002944127728814472,0.0002944127728814472
0.409009,149.58,2.4753,71,1,pythia_0.409009B_trajectory,B3,interpolated Pythia trajectories,pythia_0.409009B_trajectory,1455,2.4753,2.4748818269706376,-0.000418173029362201,0.000418173029362201
0.409009,151.91,2.4763,72,1,pythia_0.409009B_trajectory,B3,interpolated Pythia trajectories,pythia_0.409009B_trajectory,1456,2.4763,2.473563628725342,-0.0027363712746582003,0.0027363712746582003
0.409009,154.277,2.4712,73,1,pythia_0.409009B_trajectory,B3,interpolated Pythia trajectories,pythia_0.409009B_trajectory,1457,2.4712,2.472250733158326,0.0010507331583258228,0.0010507331583258228
0.409009,156.68,2.4707,74,1,pythia_0.409009B_trajectory,B3,interpolated Pythia trajectories,pythia_0.409009B_trajectory,1458,2.4707,2.470943981353914,0.0002439813539139024,0.0002439813539139024
0.409009,159.121,2.4713,76,1,pythia_0.409009B_trajectory,B3,interpolated Pythia trajectories,pythia_0.409009B_trajectory,1459,2.4713,2.469642568499011,-0.0016574315009889595,0.0016574315009889595
0.409009,161.6,2.4694,77,1,pythia_0.409009B_trajectory,B3,interpolated Pythia trajectories,pythia_0.409009B_trajectory,1460,2.4694,2.4683467896996936,-0.001053210300306251,0.001053210300306251
0.409009,164.117,2.4673,78,1,pythia_0.409009B_trajectory,B3,interpolated Pythia trajectories,pythia_0.409009B_trajectory,1461,2.4673,2.4670569204362627,-0.00024307956373714745,0.00024307956373714745
0.409009,166.674,2.4659,79,1,pythia_0.409009B_trajectory,B3,interpolated Pythia trajectories,pythia_0.409009B_trajectory,1462,2.4659,2.4657722223977054,-0.00012777760229454316,0.00012777760229454316
0.409009,169.27,2.4616,80,1,pythia_0.409009B_trajectory,B3,interpolated Pythia trajectories,pythia_0.409009B_trajectory,1463,2.4616,2.4644934803965057,0.002893480396505943,0.002893480396505943
0.409009,171.907,2.4626,82,1,pythia_0.409009B_trajectory,B3,interpolated Pythia trajectories,pythia_0.409009B_trajectory,1464,2.4626,2.4632199868804,0.000619986880399992,0.000619986880399992
0.409009,174.585,2.4623,83,1,pythia_0.409009B_trajectory,B3,interpolated Pythia trajectories,pythia_0.409009B_trajectory,1465,2.4623,2.4619520291895087,-0.00034797081049120493,0.00034797081049120493
0.409009,177.304,2.4597,84,1,pythia_0.409009B_trajectory,B3,interpolated Pythia trajectories,pythia_0.409009B_trajectory,1466,2.4597,2.4606898755172306,0.0009898755172303986,0.0009898755172303986
0.409009,180.066,2.455,86,1,pythia_0.409009B_trajectory,B3,interpolated Pythia trajectories,pythia_0.409009B_trajectory,1467,2.455,2.4594328744324803,0.004432874432480194,0.004432874432480194
0.409009,182.871,2.4591,87,1,pythia_0.409009B_trajectory,B3,interpolated Pythia trajectories,pythia_0.409009B_trajectory,1468,2.4591,2.4581813111143616,-0.0009186888856382858,0.0009186888856382858
0.409009,185.72,2.4541,88,1,pythia_0.409009B_trajectory,B3,interpolated Pythia trajectories,pythia_0.409009B_trajectory,1469,2.4541,2.456935018635915,0.0028350186359151763,0.0028350186359151763
0.409009,188.613,2.4578,90,1,pythia_0.409009B_trajectory,B3,interpolated Pythia trajectories,pythia_0.409009B_trajectory,1470,2.4578,2.45569427048549,-0.0021057295145103794,0.0021057295145103794
0.409009,191.551,2.4531,91,1,pythia_0.409009B_trajectory,B3,interpolated Pythia trajectories,pythia_0.409009B_trajectory,1471,2.4531,2.45445890537002,0.001358905370020036,0.001358905370020036
0.409009,194.535,2.4524,93,1,pythia_0.409009B_trajectory,B3,interpolated Pythia trajectories,pythia_0.409009B_trajectory,1472,2.4524,2.453228776935481,0.0008287769354811125,0.0008287769354811125
0.409009,197.566,2.4522,94,1,pythia_0.409009B_trajectory,B3,interpolated Pythia trajectories,pythia_0.409009B_trajectory,1473,2.4522,2.4520037528983325,-0.00019624710166743498,0.00019624710166743498
0.409009,200.643,2.4532,96,1,pythia_0.409009B_trajectory,B3,interpolated Pythia trajectories,pythia_0.409009B_trajectory,1474,2.4532,2.4507844989153678,-0.0024155010846320657,0.0024155010846320657
0.409009,203.769,2.4514,97,1,pythia_0.409009B_trajectory,B3,interpolated Pythia trajectories,pythia_0.409009B_trajectory,1475,2.4514,2.449570092940557,-0.00182990705944297,0.00182990705944297
0.409009,206.943,2.4487,99,1,pythia_0.409009B_trajectory,B3,interpolated Pythia trajectories,pythia_0.409009B_trajectory,1476,2.4487,2.4483611952217963,-0.00033880477820380506,0.00033880477820380506
0.409009,210.167,2.4473,100,1,pythia_0.409009B_trajectory,B3,interpolated Pythia trajectories,pythia_0.409009B_trajectory,1477,2.4473,2.4471573086160276,-0.00014269138397215997,0.00014269138397215997
0.409009,213.441,2.4489,102,1,pythia_0.409009B_trajectory,B3,interpolated Pythia trajectories,pythia_0.409009B_trajectory,1478,2.4489,2.4459587019319278,-0.0029412980680723066,0.0029412980680723066
0.409009,216.766,2.4452,103,1,pythia_0.409009B_trajectory,B3,interpolated Pythia trajectories,pythia_0.409009B_trajectory,1479,2.4452,2.444765270589607,-0.0004347294103927979,0.0004347294103927979
0.409009,220.142,2.4425,105,1,pythia_0.409009B_trajectory,B3,interpolated Pythia trajectories,pythia_0.409009B_trajectory,1480,2.4425,2.4435772690359623,0.0010772690359623915,0.0010772690359623915
0.409009,223.572,2.4384,106,1,pythia_0.409009B_trajectory,B3,interpolated Pythia trajectories,pythia_0.409009B_trajectory,1481,2.4384,2.4423939095222815,0.0039939095222814025,0.0039939095222814025
0.409009,227.054,2.4395,108,1,pythia_0.409009B_trajectory,B3,interpolated Pythia trajectories,pythia_0.409009B_trajectory,1482,2.4395,2.4412161425398353,0.0017161425398355412,0.0017161425398355412
0.409009,230.591,2.4397,110,1,pythia_0.409009B_trajectory,B3,interpolated Pythia trajectories,pythia_0.409009B_trajectory,1483,2.4397,2.440043205982331,0.00034320598233072985,0.00034320598233072985
0.409009,234.183,2.4373,112,1,pythia_0.409009B_trajectory,B3,interpolated Pythia trajectories,pythia_0.409009B_trajectory,1484,2.4373,2.4388753646660604,0.0015753646660603415,0.0015753646660603415
0.409009,237.831,2.4382,113,1,pythia_0.409009B_trajectory,B3,interpolated Pythia trajectories,pythia_0.409009B_trajectory,1485,2.4382,2.4377125501475523,-0.0004874498524478632,0.0004874498524478632
0.409009,241.536,2.435,115,1,pythia_0.409009B_trajectory,B3,interpolated Pythia trajectories,pythia_0.409009B_trajectory,1486,2.435,2.436554701792212,0.0015547017922119544,0.0015547017922119544
0.409009,245.299,2.4355,117,1,pythia_0.409009B_trajectory,B3,interpolated Pythia trajectories,pythia_0.409009B_trajectory,1487,2.4355,2.435401766258078,-9.823374192219347e-05,9.823374192219347e-05
0.409009,249.12,2.433,119,1,pythia_0.409009B_trajectory,B3,interpolated Pythia trajectories,pythia_0.409009B_trajectory,1488,2.433,2.4342539944344224,0.001253994434422534,0.001253994434422534
0.409009,253.001,2.4321,121,1,pythia_0.409009B_trajectory,B3,interpolated Pythia trajectories,pythia_0.409009B_trajectory,1489,2.4321,2.433111037026032,0.0010110370260316692,0.0010110370260316692
0.409009,256.942,2.4326,122,1,pythia_0.409009B_trajectory,B3,interpolated Pythia trajectories,pythia_0.409009B_trajectory,1490,2.4326,2.4319731459408693,-0.0006268540591305438,0.0006268540591305438
0.409009,260.944,2.432,124,1,pythia_0.409009B_trajectory,B3,interpolated Pythia trajectories,pythia_0.409009B_trajectory,1491,2.432,2.430840275843535,-0.0011597241564649252,0.0011597241564649252
0.409009,265.009,2.4305,126,1,pythia_0.409009B_trajectory,B3,interpolated Pythia trajectories,pythia_0.409009B_trajectory,1492,2.4305,2.429712112300578,-0.0007878876994218409,0.0007878876994218409
0.409009,269.138,2.4274,128,1,pythia_0.409009B_trajectory,B3,interpolated Pythia trajectories,pythia_0.409009B_trajectory,1493,2.4274,2.4285886371275995,0.0011886371275995344,0.0011886371275995344
0.409009,273.33,2.4271,130,1,pythia_0.409009B_trajectory,B3,interpolated Pythia trajectories,pythia_0.409009B_trajectory,1494,2.4271,2.427470364698685,0.0003703646986852327,0.0003703646986852327
0.409009,277.588,2.426,132,1,pythia_0.409009B_trajectory,B3,interpolated Pythia trajectories,pythia_0.409009B_trajectory,1495,2.426,2.4263567360612672,0.00035673606126707114,0.00035673606126707114
0.409009,281.912,2.4277,134,1,pythia_0.409009B_trajectory,B3,interpolated Pythia trajectories,pythia_0.409009B_trajectory,1496,2.4277,2.42524799934356,-0.002452000656440134,0.002452000656440134
0.409009,286.304,2.4285,136,1,pythia_0.409009B_trajectory,B3,interpolated Pythia trajectories,pythia_0.409009B_trajectory,1497,2.4285,2.424143888214275,-0.0043561117857251475,0.0043561117857251475
0.409009,290.764,2.4226,139,1,pythia_0.409009B_trajectory,B3,interpolated Pythia trajectories,pythia_0.409009B_trajectory,1498,2.4226,2.4230446474950775,0.0004446474950774437,0.0004446474950774437
0.409009,295.293,2.4196,141,1,pythia_0.409009B_trajectory,B3,interpolated Pythia trajectories,pythia_0.409009B_trajectory,1499,2.4196,2.421950266311728,0.0023502663117280775,0.0023502663117280775
0.409009,299.893,2.4219,143,1,pythia_0.409009B_trajectory,B3,interpolated Pythia trajectories,pythia_0.409009B_trajectory,1500,2.4219,2.4208605022003455,-0.0010394977996543986,0.0010394977996543986
1.040867,0.134,4.2162,0,1,pythia_1.040867B_trajectory,B3,interpolated Pythia trajectories,pythia_1.040867B_trajectory,1501,4.2162,4.215862659148774,-0.0003373408512254983,0.0003373408512254983
1.040867,0.136,4.2056,0,1,pythia_1.040867B_trajectory,B3,interpolated Pythia trajectories,pythia_1.040867B_trajectory,1502,4.2056,4.206855122582107,0.0012551225821075818,0.0012551225821075818
1.040867,0.138,4.1963,0,1,pythia_1.040867B_trajectory,B3,interpolated Pythia trajectories,pythia_1.040867B_trajectory,1503,4.1963,4.1980155478050705,0.0017155478050705497,0.0017155478050705497
1.040867,0.14,4.1888,0,1,pythia_1.040867B_trajectory,B3,interpolated Pythia trajectories,pythia_1.040867B_trajectory,1504,4.1888,4.189338435843673,0.0005384358436737458,0.0005384358436737458
1.040867,0.143,4.182,0,1,pythia_1.040867B_trajectory,B3,interpolated Pythia trajectories,pythia_1.040867B_trajectory,1505,4.182,4.176615981263732,-0.005384018736268814,0.005384018736268814
1.040867,0.145,4.1702,0,1,pythia_1.040867B_trajectory,B3,interpolated Pythia trajectories,pythia_1.040867B_trajectory,1506,4.1702,4.168322606705301,-0.001877393294699381,0.001877393294699381
1.040867,0.147,4.1651,0,1,pythia_1.040867B_trajectory,B3,interpolated Pythia trajectories,pythia_1.040867B_trajectory,1507,4.1651,4.160174361917798,-0.004925638082201367,0.004925638082201367
1.040867,0.149,4.1566,0,1,pythia_1.040867B_trajectory,B3,interpolated Pythia trajectories,pythia_1.040867B_trajectory,1508,4.1566,4.152166783851619,-0.004433216148380659,0.004433216148380659
1.040867,0.152,4.1492,0,1,pythia_1.040867B_trajectory,B3,interpolated Pythia trajectories,pythia_1.040867B_trajectory,1509,4.1492,4.14040988066867,-0.008790119331330004,0.008790119331330004
1.040867,0.154,4.1344,0,1,pythia_1.040867B_trajectory,B3,interpolated Pythia trajectories,pythia_1.040867B_trajectory,1510,4.1344,4.1327356953197425,-0.0016643046802577999,0.0016643046802577999
1.040867,0.156,4.1309,0,1,pythia_1.040867B_trajectory,B3,interpolated Pythia trajectories,pythia_1.040867B_trajectory,1511,4.1309,4.125188020203819,-0.005711979796180877,0.005711979796180877
1.040867,0.159,4.1223,0,1,pythia_1.040867B_trajectory,B3,interpolated Pythia trajectories,pythia_1.040867B_trajectory,1512,4.1223,4.114095732386788,-0.008204267613211691,0.008204267613211691
1.040867,0.161,4.1133,0,1,pythia_1.040867B_trajectory,B3,interpolated Pythia trajectories,pythia_1.040867B_trajectory,1513,4.1133,4.106848614375489,-0.0064513856245103085,0.0064513856245103085
1.040867,0.164,4.1062,0,1,pythia_1.040867B_trajectory,B3,interpolated Pythia trajectories,pythia_1.040867B_trajectory,1514,4.1062,4.09619128397725,-0.010008716022750441,0.010008716022750441
1.040867,0.166,4.095,0,1,pythia_1.040867B_trajectory,B3,interpolated Pythia trajectories,pythia_1.040867B_trajectory,1515,4.095,4.0892240467380825,-0.005775953261917266,0.005775953261917266
1.040867,0.169,4.0875,0,1,pythia_1.040867B_trajectory,B3,interpolated Pythia trajectories,pythia_1.040867B_trajectory,1516,4.0875,4.078972194817046,-0.00852780518295404,0.00852780518295404
1.040867,0.172,4.0784,0,1,pythia_1.040867B_trajectory,B3,interpolated Pythia trajectories,pythia_1.040867B_trajectory,1517,4.0784,4.068950655811365,-0.009449344188634967,0.009449344188634967
1.040867,0.174,4.0652,0,1,pythia_1.040867B_trajectory,B3,interpolated Pythia trajectories,pythia_1.040867B_trajectory,1518,4.0652,4.062393087243315,-0.002806912756684987,0.002806912756684987
1.040867,0.177,4.0609,0,1,pythia_1.040867B_trajectory,B3,interpolated Pythia trajectories,pythia_1.040867B_trajectory,1519,4.0609,4.052735524713445,-0.00816447528655484,0.00816447528655484
1.040867,0.18,4.0524,0,1,pythia_1.040867B_trajectory,B3,interpolated Pythia trajectories,pythia_1.040867B_trajectory,1520,4.0524,4.0432852223503755,-0.009114777649624095,0.009114777649624095
1.040867,0.183,4.0459,0,1,pythia_1.040867B_trajectory,B3,interpolated Pythia trajectories,pythia_1.040867B_trajectory,1521,4.0459,4.0340343873741,-0.01186561262589958,0.01186561262589958
1.040867,0.185,4.0366,0,1,pythia_1.040867B_trajectory,B3,interpolated Pythia trajectories,pythia_1.040867B_trajectory,1522,4.0366,4.027974319573862,-0.008625680426137983,0.008625680426137983
1.040867,0.188,4.0216,0,1,pythia_1.040867B_trajectory,B3,interpolated Pythia trajectories,pythia_1.040867B_trajectory,1523,4.0216,4.01903972635825,-0.002560273641750044,0.002560273641750044
1.040867,0.191,4.0183,0,1,pythia_1.040867B_trajectory,B3,interpolated Pythia trajectories,pythia_1.040867B_trajectory,1524,4.0183,4.010285771240643,-0.008014228759357422,0.008014228759357422
1.040867,0.194,4.0098,0,1,pythia_1.040867B_trajectory,B3,interpolated Pythia trajectories,pythia_1.040867B_trajectory,1525,4.0098,4.001706049703122,-0.008093950296878205,0.008093950296878205
1.040867,0.197,4.0032,0,1,pythia_1.040867B_trajectory,B3,interpolated Pythia trajectories,pythia_1.040867B_trajectory,1526,4.0032,3.993294478900225,-0.009905521099774717,0.009905521099774717
1.040867,0.2,3.9915,0,1,pythia_1.040867B_trajectory,B3,interpolated Pythia trajectories,pythia_1.040867B_trajectory,1527,3.9915,3.9850452768944793,-0.006454723105520532,0.006454723105520532
1.040867,0.203,3.9853,0,1,pythia_1.040867B_trajectory,B3,interpolated Pythia trajectories,pythia_1.040867B_trajectory,1528,3.9853,3.97695294352094,-0.0083470564790602,0.0083470564790602
1.040867,0.207,3.9728,0,1,pythia_1.040867B_trajectory,B3,interpolated Pythia trajectories,pythia_1.040867B_trajectory,1529,3.9728,3.9663981695892714,-0.006401830410728504,0.006401830410728504
1.040867,0.21,3.9675,0,1,pythia_1.040867B_trajectory,B3,interpolated Pythia trajectories,pythia_1.040867B_trajectory,1530,3.9675,3.9586519267233844,-0.008848073276615409,0.008848073276615409
1.040867,0.213,3.9583,0,1,pythia_1.040867B_trajectory,B3,interpolated Pythia trajectories,pythia_1.040867B_trajectory,1531,3.9583,3.9510460367696423,-0.007253963230357652,0.007253963230357652
1.040867,0.216,3.9482,0,1,pythia_1.040867B_trajectory,B3,interpolated Pythia trajectories,pythia_1.040867B_trajectory,1532,3.9482,3.943576032945812,-0.004623967054187883,0.004623967054187883
1.040867,0.22,3.9414,0,1,pythia_1.040867B_trajectory,B3,interpolated Pythia trajectories,pythia_1.040867B_trajectory,1533,3.9414,3.933820062094628,-0.007579937905371814,0.007579937905371814
1.040867,0.223,3.9321,0,1,pythia_1.040867B_trajectory,B3,interpolated Pythia trajectories,pythia_1.040867B_trajectory,1534,3.9321,3.9266508662285458,-0.005449133771454395,0.005449133771454395
1.040867,0.227,3.9213,0,1,pythia_1.040867B_trajectory,B3,interpolated Pythia trajectories,pythia_1.040867B_trajectory,1535,3.9213,3.917281682262595,-0.00401831773740513,0.00401831773740513
1.040867,0.23,3.917,0,1,pythia_1.040867B_trajectory,B3,interpolated Pythia trajectories,pythia_1.040867B_trajectory,1536,3.917,3.910392375208163,-0.0066076247918367415,0.0066076247918367415
1.040867,0.234,3.9062,0,1,pythia_1.040867B_trajectory,B3,interpolated Pythia trajectories,pythia_1.040867B_trajectory,1537,3.9062,3.901383482832757,-0.004816517167243184,0.004816517167243184
1.040867,0.237,3.8976,0,1,pythia_1.040867B_trajectory,B3,interpolated Pythia trajectories,pythia_1.040867B_trajectory,1538,3.8976,3.8947551763616683,-0.002844823638331828,0.002844823638331828
1.040867,0.241,3.8905,0,1,pythia_1.040867B_trajectory,B3,interpolated Pythia trajectories,pythia_1.040867B_trajectory,1539,3.8905,3.8860826151580197,-0.0044173848419801764,0.0044173848419801764
1.040867,0.245,3.8805,0,1,pythia_1.040867B_trajectory,B3,interpolated Pythia trajectories,pythia_1.040867B_trajectory,1540,3.8805,3.8775923539463983,-0.00290764605360172,0.00290764605360172
1.040867,0.249,3.8758,0,1,pythia_1.040867B_trajectory,B3,interpolated Pythia trajectories,pythia_1.040867B_trajectory,1541,3.8758,3.869277676877121,-0.006522323122879037,0.006522323122879037
1.040867,0.253,3.8628,0,1,pythia_1.040867B_trajectory,B3,interpolated Pythia trajectories,pythia_1.040867B_trajectory,1542,3.8628,3.8611322183733474,-0.001667781626652598,0.001667781626652598
1.040867,0.256,3.856,0,1,pythia_1.040867B_trajectory,B3,interpolated Pythia trajectories,pythia_1.040867B_trajectory,1543,3.856,3.8551305298126692,-0.0008694701873306343,0.0008694701873306343
1.040867,0.26,3.8437,0,1,pythia_1.040867B_trajectory,B3,interpolated Pythia trajectories,pythia_1.040867B_trajectory,1544,3.8437,3.847266857395936,0.003566857395935763,0.003566857395935763
1.040867,0.265,3.8395,0,1,pythia_1.040867B_trajectory,B3,interpolated Pythia trajectories,pythia_1.040867B_trajectory,1545,3.8395,3.8376522729766203,-0.0018477270233798748,0.0018477270233798748
1.040867,0.269,3.8309,0,1,pythia_1.040867B_trajectory,B3,interpolated Pythia trajectories,pythia_1.040867B_trajectory,1546,3.8309,3.8301262559569187,-0.0007737440430815035,0.0007737440430815035
1.040867,0.273,3.8254,0,1,pythia_1.040867B_trajectory,B3,interpolated Pythia trajectories,pythia_1.040867B_trajectory,1547,3.8254,3.822742125546494,-0.0026578744535061816,0.0026578744535061816
1.040867,0.277,3.8191,0,1,pythia_1.040867B_trajectory,B3,interpolated Pythia trajectories,pythia_1.040867B_trajectory,1548,3.8191,3.8154951858808115,-0.0036048141191886707,0.0036048141191886707
1.040867,0.281,3.8063,0,1,pythia_1.040867B_trajectory,B3,interpolated Pythia trajectories,pythia_1.040867B_trajectory,1549,3.8063,3.8083809614803195,0.002080961480319665,0.002080961480319665
1.040867,0.286,3.8,0,1,pythia_1.040867B_trajectory,B3,interpolated Pythia trajectories,pythia_1.040867B_trajectory,1550,3.8,3.7996683278893544,-0.00033167211064544233,0.00033167211064544233
1.040867,0.29,3.7943,0,1,pythia_1.040867B_trajectory,B3,interpolated Pythia trajectories,pythia_1.040867B_trajectory,1551,3.7943,3.7928374020831104,-0.0014625979168894077,0.0014625979168894077
1.040867,0.295,3.7877,0,1,pythia_1.040867B_trajectory,B3,interpolated Pythia trajectories,pythia_1.040867B_trajectory,1552,3.7877,3.784466410294951,-0.003233589705049056,0.003233589705049056
1.040867,0.299,3.7767,0,1,pythia_1.040867B_trajectory,B3,interpolated Pythia trajectories,pythia_1.040867B_trajectory,1553,3.7767,3.7778992938327196,0.0011992938327196612,0.0011992938327196612
1.040867,0.304,3.7733,0,1,pythia_1.040867B_trajectory,B3,interpolated Pythia trajectories,pythia_1.040867B_trajectory,1554,3.7733,3.769846789605297,-0.0034532103947029213,0.0034532103947029213
1.040867,0.309,3.7697,0,1,pythia_1.040867B_trajectory,B3,interpolated Pythia trajectories,pythia_1.040867B_trajectory,1555,3.7697,3.761962036220612,-0.007737963779387957,0.007737963779387957
1.040867,0.314,3.7573,0,1,pythia_1.040867B_trajectory,B3,interpolated Pythia trajectories,pythia_1.040867B_trajectory,1556,3.7573,3.7542389082539005,-0.0030610917460993647,0.0030610917460993647
1.040867,0.318,3.7524,0,1,pythia_1.040867B_trajectory,B3,interpolated Pythia trajectories,pythia_1.040867B_trajectory,1557,3.7524,3.7481728626288153,-0.0042271373711848526,0.0042271373711848526
1.040867,0.323,3.7457,0,1,pythia_1.040867B_trajectory,B3,interpolated Pythia trajectories,pythia_1.040867B_trajectory,1558,3.7457,3.7407262218035617,-0.004973778196438072,0.004973778196438072
1.040867,0.328,3.74,0,1,pythia_1.040867B_trajectory,B3,interpolated Pythia trajectories,pythia_1.040867B_trajectory,1559,3.74,3.733425674035608,-0.006574325964392003,0.006574325964392003
1.040867,0.334,3.7317,0,1,pythia_1.040867B_trajectory,B3,interpolated Pythia trajectories,pythia_1.040867B_trajectory,1560,3.7317,3.7248507968248794,-0.006849203175120611,0.006849203175120611
1.040867,0.339,3.7226,0,1,pythia_1.040867B_trajectory,B3,interpolated Pythia trajectories,pythia_1.040867B_trajectory,1561,3.7226,3.7178542976397226,-0.004745702360277271,0.004745702360277271
1.040867,0.344,3.7145,0,1,pythia_1.040867B_trajectory,B3,interpolated Pythia trajectories,pythia_1.040867B_trajectory,1562,3.7145,3.710988642088525,-0.003511357911475166,0.003511357911475166
1.040867,0.349,3.712,0,1,pythia_1.040867B_trajectory,B3,interpolated Pythia trajectories,pythia_1.040867B_trajectory,1563,3.712,3.7042495340856965,-0.007750465914303728,0.007750465914303728
1.040867,0.355,3.7022,0,1,pythia_1.040867B_trajectory,B3,interpolated Pythia trajectories,pythia_1.040867B_trajectory,1564,3.7022,3.696323893393108,-0.005876106606891973,0.005876106606891973
1.040867,0.36,3.6941,0,1,pythia_1.040867B_trajectory,B3,interpolated Pythia trajectories,pythia_1.040867B_trajectory,1565,3.6941,3.6898490359460663,-0.004250964053933881,0.004250964053933881
1.040867,0.366,3.6901,0,1,pythia_1.040867B_trajectory,B3,interpolated Pythia trajectories,pythia_1.040867B_trajectory,1566,3.6901,3.6822294877243467,-0.007870512275653496,0.007870512275653496
1.040867,0.372,3.6786,0,1,pythia_1.040867B_trajectory,B3,interpolated Pythia trajectories,pythia_1.040867B_trajectory,1567,3.6786,3.674768155882413,-0.003831844117586858,0.003831844117586858
1.040867,0.377,3.6744,0,1,pythia_1.040867B_trajectory,B3,interpolated Pythia trajectories,pythia_1.040867B_trajectory,1568,3.6744,3.6686670753090693,-0.005732924690930563,0.005732924690930563
1.040867,0.383,3.6672,0,1,pythia_1.040867B_trajectory,B3,interpolated Pythia trajectories,pythia_1.040867B_trajectory,1569,3.6672,3.661481064621505,-0.005718935378494994,0.005718935378494994
1.040867,0.389,3.6657,0,1,pythia_1.040867B_trajectory,B3,interpolated Pythia trajectories,pythia_1.040867B_trajectory,1570,3.6657,3.654437710314663,-0.011262289685337379,0.011262289685337379
1.040867,0.395,3.655,0,1,pythia_1.040867B_trajectory,B3,interpolated Pythia trajectories,pythia_1.040867B_trajectory,1571,3.655,3.647532044645957,-0.007467955354042655,0.007467955354042655
1.040867,0.402,3.648,0,1,pythia_1.040867B_trajectory,B3,interpolated Pythia trajectories,pythia_1.040867B_trajectory,1572,3.648,3.6396431702755594,-0.00835682972444074,0.00835682972444074
1.040867,0.408,3.6392,0,1,pythia_1.040867B_trajectory,B3,interpolated Pythia trajectories,pythia_1.040867B_trajectory,1573,3.6392,3.633019934278254,-0.006180065721746342,0.006180065721746342
1.040867,0.414,3.6325,0,1,pythia_1.040867B_trajectory,B3,interpolated Pythia trajectories,pythia_1.040867B_trajectory,1574,3.6325,3.6265202004796917,-0.005979799520308138,0.005979799520308138
1.040867,0.421,3.6275,0,1,pythia_1.040867B_trajectory,B3,interpolated Pythia trajectories,pythia_1.040867B_trajectory,1575,3.6275,3.6190878870048535,-0.008412112995146437,0.008412112995146437
1.040867,0.427,3.6191,0,1,pythia_1.040867B_trajectory,B3,interpolated Pythia trajectories,pythia_1.040867B_trajectory,1576,3.6191,3.6128421200669494,-0.006257879933050603,0.006257879933050603
1.040867,0.434,3.6093,0,1,pythia_1.040867B_trajectory,B3,interpolated Pythia trajectories,pythia_1.040867B_trajectory,1577,3.6093,3.6056958501861205,-0.003604149813879687,0.003604149813879687
1.040867,0.441,3.6023,0,1,pythia_1.040867B_trajectory,B3,interpolated Pythia trajectories,pythia_1.040867B_trajectory,1578,3.6023,3.59869560019144,-0.003604399808560199,0.003604399808560199
1.040867,0.447,3.5942,0,1,pythia_1.040867B_trajectory,B3,interpolated Pythia trajectories,pythia_1.040867B_trajectory,1579,3.5942,3.5928076330534093,-0.0013923669465905064,0.0013923669465905064
1.040867,0.454,3.5935,0,1,pythia_1.040867B_trajectory,B3,interpolated Pythia trajectories,pythia_1.040867B_trajectory,1580,3.5935,3.586064885405228,-0.007435114594771974,0.007435114594771974
1.040867,0.461,3.5826,0,1,pythia_1.040867B_trajectory,B3,interpolated Pythia trajectories,pythia_1.040867B_trajectory,1581,3.5826,3.579453901996991,-0.0031460980030089125,0.0031460980030089125
1.040867,0.469,3.5762,0,1,pythia_1.040867B_trajectory,B3,interpolated Pythia trajectories,pythia_1.040867B_trajectory,1582,3.5762,3.57205405110461,-0.004145948895390106,0.004145948895390106
1.040867,0.476,3.5693,0,1,pythia_1.040867B_trajectory,B3,interpolated Pythia trajectories,pythia_1.040867B_trajectory,1583,3.5693,3.5657104876599233,-0.0035895123400768725,0.0035895123400768725
1.040867,0.483,3.5592,0,1,pythia_1.040867B_trajectory,B3,interpolated Pythia trajectories,pythia_1.040867B_trajectory,1584,3.5592,3.559485211414063,0.00028521141406301354,0.00028521141406301354
1.040867,0.491,3.5561,0,1,pythia_1.040867B_trajectory,B3,interpolated Pythia trajectories,pythia_1.040867B_trajectory,1585,3.5561,3.5525104919442807,-0.003589508055719115,0.003589508055719115
1.040867,0.499,3.5453,0,1,pythia_1.040867B_trajectory,B3,interpolated Pythia trajectories,pythia_1.040867B_trajectory,1586,3.5453,3.545679723463662,0.00037972346366199616,0.00037972346366199616
1.040867,0.506,3.5441,0,1,pythia_1.040867B_trajectory,B3,interpolated Pythia trajectories,pythia_1.040867B_trajectory,1587,3.5441,3.539816784685127,-0.004283215314872635,0.004283215314872635
1.040867,0.514,3.5351,0,1,pythia_1.040867B_trajectory,B3,interpolated Pythia trajectories,pythia_1.040867B_trajectory,1588,3.5351,3.5332420962712345,-0.0018579037287653755,0.0018579037287653755
1.040867,0.522,3.5286,0,1,pythia_1.040867B_trajectory,B3,interpolated Pythia trajectories,pythia_1.040867B_trajectory,1589,3.5286,3.526797090150075,-0.0018029098499248164,0.0018029098499248164
1.040867,0.53,3.5199,0,1,pythia_1.040867B_trajectory,B3,interpolated Pythia trajectories,pythia_1.040867B_trajectory,1590,3.5199,3.520477278937535,0.0005772789375351195,0.0005772789375351195
1.040867,0.539,3.5147,0,1,pythia_1.040867B_trajectory,B3,interpolated Pythia trajectories,pythia_1.040867B_trajectory,1591,3.5147,3.5135118331395967,-0.0011881668604032392,0.0011881668604032392
1.040867,0.547,3.5072,0,1,pythia_1.040867B_trajectory,B3,interpolated Pythia trajectories,pythia_1.040867B_trajectory,1592,3.5072,3.5074441484212264,0.0002441484212263312,0.0002441484212263312
1.040867,0.556,3.5005,0,1,pythia_1.040867B_trajectory,B3,interpolated Pythia trajectories,pythia_1.040867B_trajectory,1593,3.5005,3.500752325005772,0.00025232500577176964,0.00025232500577176964
1.040867,0.564,3.4964,0,1,pythia_1.040867B_trajectory,B3,interpolated Pythia trajectories,pythia_1.040867B_trajectory,1594,3.4964,3.4949193910374534,-0.0014806089625465368,0.0014806089625465368
1.040867,0.573,3.4882,0,1,pythia_1.040867B_trajectory,B3,interpolated Pythia trajectories,pythia_1.040867B_trajectory,1595,3.4882,3.4884826133208584,0.00028261332085843804,0.00028261332085843804
1.040867,0.582,3.4898,0,1,pythia_1.040867B_trajectory,B3,interpolated Pythia trajectories,pythia_1.040867B_trajectory,1596,3.4898,3.4821739494466026,-0.007626050553397157,0.007626050553397157
1.040867,0.591,3.4793,0,1,pythia_1.040867B_trajectory,B3,interpolated Pythia trajectories,pythia_1.040867B_trajectory,1597,3.4793,3.475988926702227,-0.003311073297772804,0.003311073297772804
1.040867,0.6,3.4726,0,1,pythia_1.040867B_trajectory,B3,interpolated Pythia trajectories,pythia_1.040867B_trajectory,1598,3.4726,3.4699232936327276,-0.0026767063672723523,0.0026767063672723523
1.040867,0.61,3.4682,0,1,pythia_1.040867B_trajectory,B3,interpolated Pythia trajectories,pythia_1.040867B_trajectory,1599,3.4682,3.463318813941685,-0.004881186058315112,0.004881186058315112
1.040867,0.619,3.4611,0,1,pythia_1.040867B_trajectory,B3,interpolated Pythia trajectories,pythia_1.040867B_trajectory,1600,3.4611,3.4574921803614576,-0.0036078196385425088,0.0036078196385425088
1.040867,0.629,3.4535,0,1,pythia_1.040867B_trajectory,B3,interpolated Pythia trajectories,pythia_1.040867B_trajectory,1601,3.4535,3.4511439893579645,-0.0023560106420355,0.0023560106420355
1.040867,0.638,3.4507,0,1,pythia_1.040867B_trajectory,B3,interpolated Pythia trajectories,pythia_1.040867B_trajectory,1602,3.4507,3.4455400814076396,-0.005159918592360313,0.005159918592360313
1.040867,0.648,3.4424,0,1,pythia_1.040867B_trajectory,B3,interpolated Pythia trajectories,pythia_1.040867B_trajectory,1603,3.4424,3.4394309845236792,-0.002969015476320891,0.002969015476320891
1.040867,0.659,3.4421,0,1,pythia_1.040867B_trajectory,B3,interpolated Pythia trajectories,pythia_1.040867B_trajectory,1604,3.4421,3.4328488245641187,-0.009251175435881276,0.009251175435881276
1.040867,0.669,3.4322,0,1,pythia_1.040867B_trajectory,B3,interpolated Pythia trajectories,pythia_1.040867B_trajectory,1605,3.4322,3.4269859200343458,-0.00521407996565415,0.00521407996565415
1.040867,0.679,3.4242,0,1,pythia_1.040867B_trajectory,B3,interpolated Pythia trajectories,pythia_1.040867B_trajectory,1606,3.4242,3.4212341205872256,-0.002965879412774264,0.002965879412774264
1.040867,0.69,3.4155,0,1,pythia_1.040867B_trajectory,B3,interpolated Pythia trajectories,pythia_1.040867B_trajectory,1607,3.4155,3.4150310617674853,-0.00046893823251492606,0.00046893823251492606
1.040867,0.701,3.4134,0,1,pythia_1.040867B_trajectory,B3,interpolated Pythia trajectories,pythia_1.040867B_trajectory,1608,3.4134,3.4089532953882484,-0.004446704611751784,0.004446704611751784
1.040867,0.711,3.4086,0,1,pythia_1.040867B_trajectory,B3,interpolated Pythia trajectories,pythia_1.040867B_trajectory,1609,3.4086,3.4035330392470553,-0.005066960752944549,0.005066960752944549
1.040867,0.723,3.4029,0,1,pythia_1.040867B_trajectory,B3,interpolated Pythia trajectories,pythia_1.040867B_trajectory,1610,3.4029,3.3971561104244286,-0.005743889575571259,0.005743889575571259
1.040867,0.734,3.3981,0,1,pythia_1.040867B_trajectory,B3,interpolated Pythia trajectories,pythia_1.040867B_trajectory,1611,3.3981,3.3914284694603154,-0.0066715305396845,0.0066715305396845
1.040867,0.745,3.3906,0,1,pythia_1.040867B_trajectory,B3,interpolated Pythia trajectories,pythia_1.040867B_trajectory,1612,3.3906,3.3858096485785643,-0.004790351421435801,0.004790351421435801
1.040867,0.757,3.3842,0,1,pythia_1.040867B_trajectory,B3,interpolated Pythia trajectories,pythia_1.040867B_trajectory,1613,3.3842,3.3797998749642324,-0.004400125035767477,0.004400125035767477
1.040867,0.769,3.379,0,1,pythia_1.040867B_trajectory,B3,interpolated Pythia trajectories,pythia_1.040867B_trajectory,1614,3.379,3.3739108114034644,-0.005089188596535621,0.005089188596535621
1.040867,0.781,3.3755,0,1,pythia_1.040867B_trajectory,B3,interpolated Pythia trajectories,pythia_1.040867B_trajectory,1615,3.3755,3.3681382056796147,-0.0073617943203854175,0.0073617943203854175
1.040867,0.793,3.3679,0,1,pythia_1.040867B_trajectory,B3,interpolated Pythia trajectories,pythia_1.040867B_trajectory,1616,3.3679,3.3624780177931513,-0.005421982206848863,0.005421982206848863
1.040867,0.805,3.3626,0,1,pythia_1.040867B_trajectory,B3,interpolated Pythia trajectories,pythia_1.040867B_trajectory,1617,3.3626,3.3569264063482604,-0.0056735936517395835,0.0056735936517395835
1.040867,0.818,3.3551,0,1,pythia_1.040867B_trajectory,B3,interpolated Pythia trajectories,pythia_1.040867B_trajectory,1618,3.3551,3.3510304508424777,-0.004069549157522445,0.004069549157522445
1.040867,0.83,3.3524,0,1,pythia_1.040867B_trajectory,B3,interpolated Pythia trajectories,pythia_1.040867B_trajectory,1619,3.3524,3.3456935021475793,-0.006706497852420501,0.006706497852420501
1.040867,0.843,3.346,0,1,pythia_1.040867B_trajectory,B3,interpolated Pythia trajectories,pythia_1.040867B_trajectory,1620,3.346,3.34002213312893,-0.005977866871070159,0.005977866871070159
1.040867,0.856,3.3383,0,1,pythia_1.040867B_trajectory,B3,interpolated Pythia trajectories,pythia_1.040867B_trajectory,1621,3.3383,3.3344616104706324,-0.0038383895293674364,0.0038383895293674364
1.040867,0.87,3.3328,0,1,pythia_1.040867B_trajectory,B3,interpolated Pythia trajectories,pythia_1.040867B_trajectory,1622,3.3328,3.3285929636369267,-0.004207036363073513,0.004207036363073513
1.040867,0.883,3.3282,0,1,pythia_1.040867B_trajectory,B3,interpolated Pythia trajectories,pythia_1.040867B_trajectory,1623,3.3282,3.323250726118543,-0.004949273881456939,0.004949273881456939
1.040867,0.897,3.3218,0,1,pythia_1.040867B_trajectory,B3,interpolated Pythia trajectories,pythia_1.040867B_trajectory,1624,3.3218,3.317608981994069,-0.004191018005931024,0.004191018005931024
1.040867,0.911,3.3174,0,1,pythia_1.040867B_trajectory,B3,interpolated Pythia trajectories,pythia_1.040867B_trajectory,1625,3.3174,3.3120788254232796,-0.005321174576720544,0.005321174576720544
1.040867,0.925,3.3093,0,1,pythia_1.040867B_trajectory,B3,interpolated Pythia trajectories,pythia_1.040867B_trajectory,1626,3.3093,3.3066563846586208,-0.0026436153413791352,0.0026436153413791352
1.040867,0.94,3.3061,0,1,pythia_1.040867B_trajectory,B3,interpolated Pythia trajectories,pythia_1.040867B_trajectory,1627,3.3061,3.3009619794551703,-0.00513802054482948,0.00513802054482948
1.040867,0.954,3.3019,0,1,pythia_1.040867B_trajectory,B3,interpolated Pythia trajectories,pythia_1.040867B_trajectory,1628,3.3019,3.2957511557433588,-0.006148844256641084,0.006148844256641084
1.040867,0.969,3.294,0,1,pythia_1.040867B_trajectory,B3,interpolated Pythia trajectories,pythia_1.040867B_trajectory,1629,3.294,3.2902756454073425,-0.0037243545926575194,0.0037243545926575194
1.040867,0.984,3.2894,0,1,pythia_1.040867B_trajectory,B3,interpolated Pythia trajectories,pythia_1.040867B_trajectory,1630,3.2894,3.284907557204882,-0.00449244279511829,0.00449244279511829
1.040867,1.0,3.2817,0,1,pythia_1.040867B_trajectory,B3,interpolated Pythia trajectories,pythia_1.040867B_trajectory,1631,3.2817,3.2792958369410714,-0.0024041630589284324,0.0024041630589284324
1.040867,1.015,3.2764,0,1,pythia_1.040867B_trajectory,B3,interpolated Pythia trajectories,pythia_1.040867B_trajectory,1632,3.2764,3.2741382406008346,-0.0022617593991656193,0.0022617593991656193
1.040867,1.031,3.2695,0,1,pythia_1.040867B_trajectory,B3,interpolated Pythia trajectories,pythia_1.040867B_trajectory,1633,3.2695,3.268743246776336,-0.0007567532236638641,0.0007567532236638641
1.040867,1.047,3.2661,0,1,pythia_1.040867B_trajectory,B3,interpolated Pythia trajectories,pythia_1.040867B_trajectory,1634,3.2661,3.2634543597686614,-0.0026456402313383975,0.0026456402313383975
1.040867,1.063,3.2614,0,1,pythia_1.040867B_trajectory,B3,interpolated Pythia trajectories,pythia_1.040867B_trajectory,1635,3.2614,3.258267918393095,-0.003132081606905146,0.003132081606905146
1.040867,1.08,3.2555,0,1,pythia_1.040867B_trajectory,B3,interpolated Pythia trajectories,pythia_1.040867B_trajectory,1636,3.2555,3.2528656825036153,-0.0026343174963847638,0.0026343174963847638
1.040867,1.097,3.251,0,1,pythia_1.040867B_trajectory,B3,interpolated Pythia trajectories,pythia_1.040867B_trajectory,1637,3.251,3.247571199545149,-0.0034288004548508333,0.0034288004548508333
1.040867,1.114,3.2408,0,1,pythia_1.040867B_trajectory,B3,interpolated Pythia trajectories,pythia_1.040867B_trajectory,1638,3.2408,3.2423806997219584,0.0015806997219582897,0.0015806997219582897
1.040867,1.131,3.2377,0,1,pythia_1.040867B_trajectory,B3,interpolated Pythia trajectories,pythia_1.040867B_trajectory,1639,3.2377,3.237290600110541,-0.0004093998894587614,0.0004093998894587614
1.040867,1.149,3.2334,0,1,pythia_1.040867B_trajectory,B3,interpolated Pythia trajectories,pythia_1.040867B_trajectory,1640,3.2334,3.2320067309515714,-0.0013932690484286248,0.0013932690484286248
1.040867,1.167,3.2294,0,1,pythia_1.040867B_trajectory,B3,interpolated Pythia trajectories,pythia_1.040867B_trajectory,1641,3.2294,3.226827756940022,-0.002572243059978163,0.002572243059978163
1.040867,1.185,3.2238,0,1,pythia_1.040867B_trajectory,B3,interpolated Pythia trajectories,pythia_1.040867B_trajectory,1642,3.2238,3.2217500252978786,-0.0020499747021216486,0.0020499747021216486
1.040867,1.203,3.2169,0,1,pythia_1.040867B_trajectory,B3,interpolated Pythia trajectories,pythia_1.040867B_trajectory,1643,3.2169,3.2167700634907144,-0.00012993650928549982,0.00012993650928549982
1.040867,1.222,3.215,0,1,pythia_1.040867B_trajectory,B3,interpolated Pythia trajectories,pythia_1.040867B_trajectory,1644,3.215,3.211615857290818,-0.0033841427091818588,0.0033841427091818588
1.040867,1.241,3.2059,0,1,pythia_1.040867B_trajectory,B3,interpolated Pythia trajectories,pythia_1.040867B_trajectory,1645,3.2059,3.206563212138669,0.0006632121386687118,0.0006632121386687118
1.040867,1.26,3.2049,0,1,pythia_1.040867B_trajectory,B3,interpolated Pythia trajectories,pythia_1.040867B_trajectory,1646,3.2049,3.2016086172327087,-0.003291382767291129,0.003291382767291129
1.040867,1.28,3.1997,0,1,pythia_1.040867B_trajectory,B3,interpolated Pythia trajectories,pythia_1.040867B_trajectory,1647,3.1997,3.1964955130835726,-0.003204486916427385,0.003204486916427385
1.040867,1.3,3.1969,0,1,pythia_1.040867B_trajectory,B3,interpolated Pythia trajectories,pythia_1.040867B_trajectory,1648,3.1969,3.191483652325342,-0.005416347674657818,0.005416347674657818
1.040867,1.32,3.1913,0,1,pythia_1.040867B_trajectory,B3,interpolated Pythia trajectories,pythia_1.040867B_trajectory,1649,3.1913,3.1865695182983584,-0.004730481701641587,0.004730481701641587
1.040867,1.341,3.1843,0,1,pythia_1.040867B_trajectory,B3,interpolated Pythia trajectories,pythia_1.040867B_trajectory,1650,3.1843,3.1815111997201484,-0.002788800279851511,0.002788800279851511
1.040867,1.362,3.1814,0,1,pythia_1.040867B_trajectory,B3,interpolated Pythia trajectories,pythia_1.040867B_trajectory,1651,3.1814,3.1765532615964833,-0.004846738403516682,0.004846738403516682
1.040867,1.383,3.1759,0,1,pythia_1.040867B_trajectory,B3,interpolated Pythia trajectories,pythia_1.040867B_trajectory,1652,3.1759,3.1716922096359443,-0.004207790364055608,0.004207790364055608
1.040867,1.404,3.1725,0,1,pythia_1.040867B_trajectory,B3,interpolated Pythia trajectories,pythia_1.040867B_trajectory,1653,3.1725,3.16692472190855,-0.0055752780914497535,0.0055752780914497535
1.040867,1.426,3.1707,0,1,pythia_1.040867B_trajectory,B3,interpolated Pythia trajectories,pythia_1.040867B_trajectory,1654,3.1707,3.1620271227787784,-0.008672877221221675,0.008672877221221675
1.040867,1.449,3.1605,0,1,pythia_1.040867B_trajectory,B3,interpolated Pythia trajectories,pythia_1.040867B_trajectory,1655,3.1605,3.157009243953925,-0.00349075604607485,0.00349075604607485
1.040867,1.471,3.1588,0,1,pythia_1.040867B_trajectory,B3,interpolated Pythia trajectories,pythia_1.040867B_trajectory,1656,3.1588,3.152304015604905,-0.0064959843950949114,0.0064959843950949114
1.040867,1.494,3.1514,0,1,pythia_1.040867B_trajectory,B3,interpolated Pythia trajectories,pythia_1.040867B_trajectory,1657,3.1514,3.1474802541107225,-0.0039197458892776815,0.0039197458892776815
1.040867,1.517,3.1501,0,1,pythia_1.040867B_trajectory,B3,interpolated Pythia trajectories,pythia_1.040867B_trajectory,1658,3.1501,3.1427506139306707,-0.007349386069329444,0.007349386069329444
1.040867,1.541,3.1426,0,1,pythia_1.040867B_trajectory,B3,interpolated Pythia trajectories,pythia_1.040867B_trajectory,1659,3.1426,3.137912202401738,-0.004687797598261767,0.004687797598261767
1.040867,1.565,3.139,0,1,pythia_1.040867B_trajectory,B3,interpolated Pythia trajectories,pythia_1.040867B_trajectory,1660,3.139,3.1331692873349963,-0.005830712665003457,0.005830712665003457
1.040867,1.589,3.1296,0,1,pythia_1.040867B_trajectory,B3,interpolated Pythia trajectories,pythia_1.040867B_trajectory,1661,3.1296,3.128518562184246,-0.0010814378157539828,0.0010814378157539828
1.040867,1.614,3.1268,0,1,pythia_1.040867B_trajectory,B3,interpolated Pythia trajectories,pythia_1.040867B_trajectory,1662,3.1268,3.1237687003695074,-0.0030312996304924233,0.0030312996304924233
1.040867,1.639,3.1204,0,1,pythia_1.040867B_trajectory,B3,interpolated Pythia trajectories,pythia_1.040867B_trajectory,1663,3.1204,3.119112081615322,-0.0012879183846781217,0.0012879183846781217
1.040867,1.665,3.1203,0,1,pythia_1.040867B_trajectory,B3,interpolated Pythia trajectories,pythia_1.040867B_trajectory,1664,3.1203,3.114364660011948,-0.0059353399880519575,0.0059353399880519575
1.040867,1.691,3.1163,0,1,pythia_1.040867B_trajectory,B3,interpolated Pythia trajectories,pythia_1.040867B_trajectory,1665,3.1163,3.10971118510097,-0.006588814899029849,0.006588814899029849
1.040867,1.717,3.1121,0,1,pythia_1.040867B_trajectory,B3,interpolated Pythia trajectories,pythia_1.040867B_trajectory,1666,3.1121,3.105148395582555,-0.006951604417444912,0.006951604417444912
1.040867,1.744,3.1092,0,1,pythia_1.040867B_trajectory,B3,interpolated Pythia trajectories,pythia_1.040867B_trajectory,1667,3.1092,3.1005027759087973,-0.00869722409120266,0.00869722409120266
1.040867,1.771,3.099,0,1,pythia_1.040867B_trajectory,B3,interpolated Pythia trajectories,pythia_1.040867B_trajectory,1668,3.099,3.095948307382296,-0.003051692617704216,0.003051692617704216
1.040867,1.799,3.0924,0,1,pythia_1.040867B_trajectory,B3,interpolated Pythia trajectories,pythia_1.040867B_trajectory,1669,3.0924,3.091318078820481,-0.0010819211795189965,0.0010819211795189965
1.040867,1.827,3.0908,0,1,pythia_1.040867B_trajectory,B3,interpolated Pythia trajectories,pythia_1.040867B_trajectory,1670,3.0908,3.0867791790970793,-0.004020820902920885,0.004020820902920885
1.040867,1.855,3.085,0,1,pythia_1.040867B_trajectory,B3,interpolated Pythia trajectories,pythia_1.040867B_trajectory,1671,3.085,3.082328447968932,-0.0026715520310678365,0.0026715520310678365
1.040867,1.884,3.0815,0,1,pythia_1.040867B_trajectory,B3,interpolated Pythia trajectories,pythia_1.040867B_trajectory,1672,3.0815,3.077808505795576,-0.0036914942044239396,0.0036914942044239396
1.040867,1.913,3.077,0,1,pythia_1.040867B_trajectory,B3,interpolated Pythia trajectories,pythia_1.040867B_trajectory,1673,3.077,3.07337674471533,-0.0036232552846700017,0.0036232552846700017
1.040867,1.943,3.0702,0,1,pythia_1.040867B_trajectory,B3,interpolated Pythia trajectories,pythia_1.040867B_trajectory,1674,3.0702,3.0688817472815044,-0.001318252718495394,0.001318252718495394
1.040867,1.973,3.0662,0,1,pythia_1.040867B_trajectory,B3,interpolated Pythia trajectories,pythia_1.040867B_trajectory,1675,3.0662,3.0644747109131645,-0.0017252890868353354,0.0017252890868353354
1.040867,2.004,3.0631,0,1,pythia_1.040867B_trajectory,B3,interpolated Pythia trajectories,pythia_1.040867B_trajectory,1676,3.0631,3.0600099746791107,-0.0030900253208892003,0.0030900253208892003
1.040867,2.035,3.0558,0,1,pythia_1.040867B_trajectory,B3,interpolated Pythia trajectories,pythia_1.040867B_trajectory,1677,3.0558,3.0556327699567083,-0.00016723004329177726,0.00016723004329177726
1.040867,2.067,3.0526,0,1,pythia_1.040867B_trajectory,B3,interpolated Pythia trajectories,pythia_1.040867B_trajectory,1678,3.0526,3.051202986808291,-0.001397013191708929,0.001397013191708929
1.040867,2.099,3.0434,1,1,pythia_1.040867B_trajectory,B3,interpolated Pythia trajectories,pythia_1.040867B_trajectory,1679,3.0434,3.046860118362305,0.003460118362304865,0.003460118362304865
1.040867,2.132,3.041,1,1,pythia_1.040867B_trajectory,B3,interpolated Pythia trajectories,pythia_1.040867B_trajectory,1680,3.041,3.0424694015287477,0.001469401528747749,0.001469401528747749
1.040867,2.165,3.0422,1,1,pythia_1.040867B_trajectory,B3,interpolated Pythia trajectories,pythia_1.040867B_trajectory,1681,3.0422,3.0381648166402453,-0.004035183359754502,0.004035183359754502
1.040867,2.199,3.0392,1,1,pythia_1.040867B_trajectory,B3,interpolated Pythia trajectories,pythia_1.040867B_trajectory,1682,3.0392,3.0338167457176253,-0.00538325428237485,0.00538325428237485
1.040867,2.233,3.0301,1,1,pythia_1.040867B_trajectory,B3,interpolated Pythia trajectories,pythia_1.040867B_trajectory,1683,3.0301,3.0295538782095313,-0.0005461217904687565,0.0005461217904687565
1.040867,2.268,3.0252,1,1,pythia_1.040867B_trajectory,B3,interpolated Pythia trajectories,pythia_1.040867B_trajectory,1684,3.0252,3.025251542783378,5.154278337826668e-05,5.154278337826668e-05
1.040867,2.303,3.0238,1,1,pythia_1.040867B_trajectory,B3,interpolated Pythia trajectories,pythia_1.040867B_trajectory,1685,3.0238,3.0210333553984983,-0.0027666446015017776,0.0027666446015017776
1.040867,2.339,3.0214,1,1,pythia_1.040867B_trajectory,B3,interpolated Pythia trajectories,pythia_1.040867B_trajectory,1686,3.0214,3.0167793968884706,-0.004620603111529231,0.004620603111529231
1.040867,2.375,3.0133,1,1,pythia_1.040867B_trajectory,B3,interpolated Pythia trajectories,pythia_1.040867B_trajectory,1687,3.0133,3.012608421823982,-0.0006915781760179485,0.0006915781760179485
1.040867,2.412,3.0086,1,1,pythia_1.040867B_trajectory,B3,interpolated Pythia trajectories,pythia_1.040867B_trajectory,1688,3.0086,3.0084050732834875,-0.00019492671651244464,0.00019492671651244464
1.040867,2.45,3.0065,1,1,pythia_1.040867B_trajectory,B3,interpolated Pythia trajectories,pythia_1.040867B_trajectory,1689,3.0065,3.004173163237622,-0.002326836762378104,0.002326836762378104
1.040867,2.488,3.0029,1,1,pythia_1.040867B_trajectory,B3,interpolated Pythia trajectories,pythia_1.040867B_trajectory,1690,3.0029,3.000024438635501,-0.0028755613644988465,0.0028755613644988465
1.040867,2.527,2.9992,1,1,pythia_1.040867B_trajectory,B3,interpolated Pythia trajectories,pythia_1.040867B_trajectory,1691,2.9992,2.995850026816551,-0.0033499731834489843,0.0033499731834489843
1.040867,2.566,2.9976,1,1,pythia_1.040867B_trajectory,B3,interpolated Pythia trajectories,pythia_1.040867B_trajectory,1692,2.9976,2.991757267419917,-0.005842732580082721,0.005842732580082721
1.040867,2.606,2.9933,1,1,pythia_1.040867B_trajectory,B3,interpolated Pythia trajectories,pythia_1.040867B_trajectory,1693,2.9933,2.9876414503279625,-0.005658549672037605,0.005658549672037605
1.040867,2.647,2.9875,1,1,pythia_1.040867B_trajectory,B3,interpolated Pythia trajectories,pythia_1.040867B_trajectory,1694,2.9875,2.983505813297317,-0.0039941867026827005,0.0039941867026827005
1.040867,2.688,2.9811,1,1,pythia_1.040867B_trajectory,B3,interpolated Pythia trajectories,pythia_1.040867B_trajectory,1695,2.9811,2.9794513604565833,-0.0016486395434167633,0.0016486395434167633
1.040867,2.73,2.9838,1,1,pythia_1.040867B_trajectory,B3,interpolated Pythia trajectories,pythia_1.040867B_trajectory,1696,2.9838,2.9753792751872803,-0.008420724812719715,0.008420724812719715
1.040867,2.773,2.977,1,1,pythia_1.040867B_trajectory,B3,interpolated Pythia trajectories,pythia_1.040867B_trajectory,1697,2.977,2.9712924731528023,-0.005707526847197553,0.005707526847197553
1.040867,2.816,2.9742,1,1,pythia_1.040867B_trajectory,B3,interpolated Pythia trajectories,pythia_1.040867B_trajectory,1698,2.9742,2.967285986097362,-0.0069140139026382386,0.0069140139026382386
1.040867,2.86,2.9689,1,1,pythia_1.040867B_trajectory,B3,interpolated Pythia trajectories,pythia_1.040867B_trajectory,1699,2.9689,2.963266575458995,-0.0056334245410050166,0.0056334245410050166
1.040867,2.904,2.96,1,1,pythia_1.040867B_trajectory,B3,interpolated Pythia trajectories,pythia_1.040867B_trajectory,1700,2.96,2.9593255396762306,-0.000674460323769388,0.000674460323769388
1.040867,2.949,2.9566,1,1,pythia_1.040867B_trajectory,B3,interpolated Pythia trajectories,pythia_1.040867B_trajectory,1701,2.9566,2.9553732080540946,-0.0012267919459052479,0.0012267919459052479
1.040867,2.995,2.9565,1,1,pythia_1.040867B_trajectory,B3,interpolated Pythia trajectories,pythia_1.040867B_trajectory,1702,2.9565,2.951412039505196,-0.0050879604948042,0.0050879604948042
1.040867,3.042,2.951,1,1,pythia_1.040867B_trajectory,B3,interpolated Pythia trajectories,pythia_1.040867B_trajectory,1703,2.951,2.9474443828574453,-0.003555617142554812,0.003555617142554812
1.040867,3.089,2.9455,1,1,pythia_1.040867B_trajectory,B3,interpolated Pythia trajectories,pythia_1.040867B_trajectory,1704,2.9455,2.943554419316431,-0.0019455806835688705,0.0019455806835688705
1.040867,3.138,2.9451,1,1,pythia_1.040867B_trajectory,B3,interpolated Pythia trajectories,pythia_1.040867B_trajectory,1705,2.9451,2.9395787671740106,-0.005521232825989486,0.005521232825989486
1.040867,3.186,2.9431,1,1,pythia_1.040867B_trajectory,B3,interpolated Pythia trajectories,pythia_1.040867B_trajectory,1706,2.9431,2.93576054840043,-0.007339451599569724,0.007339451599569724
1.040867,3.236,2.9324,1,1,pythia_1.040867B_trajectory,B3,interpolated Pythia trajectories,pythia_1.040867B_trajectory,1707,2.9324,2.9318607458260098,-0.0005392541739901446,0.0005392541739901446
1.040867,3.286,2.9288,1,1,pythia_1.040867B_trajectory,B3,interpolated Pythia trajectories,pythia_1.040867B_trajectory,1708,2.9288,2.928037311643977,-0.0007626883560227782,0.0007626883560227782
1.040867,3.338,2.9308,1,1,pythia_1.040867B_trajectory,B3,interpolated Pythia trajectories,pythia_1.040867B_trajectory,1709,2.9308,2.924139132583516,-0.006660867416484084,0.006660867416484084
1.040867,3.39,2.9222,1,1,pythia_1.040867B_trajectory,B3,interpolated Pythia trajectories,pythia_1.040867B_trajectory,1710,2.9222,2.9203179114939193,-0.0018820885060808479,0.0018820885060808479
1.040867,3.442,2.9197,1,1,pythia_1.040867B_trajectory,B3,interpolated Pythia trajectories,pythia_1.040867B_trajectory,1711,2.9197,2.9165709830718773,-0.003129016928122841,0.003129016928122841
1.040867,3.496,2.9132,1,1,pythia_1.040867B_trajectory,B3,interpolated Pythia trajectories,pythia_1.040867B_trajectory,1712,2.9132,2.9127558600502694,-0.00044413994973036,0.00044413994973036
1.040867,3.551,2.9153,1,1,pythia_1.040867B_trajectory,B3,interpolated Pythia trajectories,pythia_1.040867B_trajectory,1713,2.9153,2.9089468439972195,-0.0063531560027803025,0.0063531560027803025
1.040867,3.606,2.9089,1,1,pythia_1.040867B_trajectory,B3,interpolated Pythia trajectories,pythia_1.040867B_trajectory,1714,2.9089,2.905212597383733,-0.0036874026162672102,0.0036874026162672102
1.040867,3.662,2.9013,1,1,pythia_1.040867B_trajectory,B3,interpolated Pythia trajectories,pythia_1.040867B_trajectory,1715,2.9013,2.901484615271601,0.00018461527160118507,0.00018461527160118507
1.040867,3.719,2.8964,1,1,pythia_1.040867B_trajectory,B3,interpolated Pythia trajectories,pythia_1.040867B_trajectory,1716,2.8964,2.8977642536538077,0.0013642536538078787,0.0013642536538078787
1.040867,3.777,2.8953,1,1,pythia_1.040867B_trajectory,B3,interpolated Pythia trajectories,pythia_1.040867B_trajectory,1717,2.8953,2.894052793833891,-0.0012472061661092937,0.0012472061661092937
1.040867,3.836,2.8916,1,1,pythia_1.040867B_trajectory,B3,interpolated Pythia trajectories,pythia_1.040867B_trajectory,1718,2.8916,2.8903514448108694,-0.0012485551891305846,0.0012485551891305846
1.040867,3.896,2.8865,1,1,pythia_1.040867B_trajectory,B3,interpolated Pythia trajectories,pythia_1.040867B_trajectory,1719,2.8865,2.886661345690041,0.0001613456900413368,0.0001613456900413368
1.040867,3.956,2.8806,1,1,pythia_1.040867B_trajectory,B3,interpolated Pythia trajectories,pythia_1.040867B_trajectory,1720,2.8806,2.883043273307506,0.0024432733075063773,0.0024432733075063773
1.040867,4.018,2.882,1,1,pythia_1.040867B_trajectory,B3,interpolated Pythia trajectories,pythia_1.040867B_trajectory,1721,2.882,2.8793776474236292,-0.00262235257637089,0.00262235257637089
1.040867,4.08,2.8771,1,1,pythia_1.040867B_trajectory,B3,interpolated Pythia trajectories,pythia_1.040867B_trajectory,1722,2.8771,2.875783709308967,-0.0013162906910331174,0.0013162906910331174
1.040867,4.144,2.8739,1,1,pythia_1.040867B_trajectory,B3,interpolated Pythia trajectories,pythia_1.040867B_trajectory,1723,2.8739,2.872146424696295,-0.0017535753037050128,0.0017535753037050128
1.040867,4.209,2.8687,2,1,pythia_1.040867B_trajectory,B3,interpolated Pythia trajectories,pythia_1.040867B_trajectory,1724,2.8687,2.868525166558552,-0.00017483344144819668,0.00017483344144819668
1.040867,4.274,2.8642,2,1,pythia_1.040867B_trajectory,B3,interpolated Pythia trajectories,pythia_1.040867B_trajectory,1725,2.8642,2.8649747854749106,0.0007747854749107219,0.0007747854749107219
1.040867,4.341,2.8685,2,1,pythia_1.040867B_trajectory,B3,interpolated Pythia trajectories,pythia_1.040867B_trajectory,1726,2.8685,2.8613867711722003,-0.007113228827799745,0.007113228827799745
1.040867,4.408,2.8561,2,1,pythia_1.040867B_trajectory,B3,interpolated Pythia trajectories,pythia_1.040867B_trajectory,1727,2.8561,2.8578689433313387,0.0017689433313385905,0.0017689433313385905
1.040867,4.477,2.8584,2,1,pythia_1.040867B_trajectory,B3,interpolated Pythia trajectories,pythia_1.040867B_trajectory,1728,2.8584,2.8543169241887916,-0.004083075811208481,0.004083075811208481
1.040867,4.547,2.8509,2,1,pythia_1.040867B_trajectory,B3,interpolated Pythia trajectories,pythia_1.040867B_trajectory,1729,2.8509,2.8507843139619378,-0.00011568603806244582,0.00011568603806244582
1.040867,4.618,2.8482,2,1,pythia_1.040867B_trajectory,B3,interpolated Pythia trajectories,pythia_1.040867B_trajectory,1730,2.8482,2.8472716380069913,-0.0009283619930084974,0.0009283619930084974
1.040867,4.69,2.8455,2,1,pythia_1.040867B_trajectory,B3,interpolated Pythia trajectories,pythia_1.040867B_trajectory,1731,2.8455,2.8437793792231663,-0.001720620776833659,0.001720620776833659
1.040867,4.763,2.8397,2,1,pythia_1.040867B_trajectory,B3,interpolated Pythia trajectories,pythia_1.040867B_trajectory,1732,2.8397,2.8403079800505515,0.0006079800505514044,0.0006079800505514044
1.040867,4.837,2.8363,2,1,pythia_1.040867B_trajectory,B3,interpolated Pythia trajectories,pythia_1.040867B_trajectory,1733,2.8363,2.8368578444070716,0.0005578444070715172,0.0005578444070715172
1.040867,4.912,2.8338,2,1,pythia_1.040867B_trajectory,B3,interpolated Pythia trajectories,pythia_1.040867B_trajectory,1734,2.8338,2.833429339563572,-0.000370660436427972,0.000370660436427972
1.040867,4.989,2.8334,2,1,pythia_1.040867B_trajectory,B3,interpolated Pythia trajectories,pythia_1.040867B_trajectory,1735,2.8334,2.829978418584175,-0.003421581415825159,0.003421581415825159
1.040867,5.066,2.8274,2,1,pythia_1.040867B_trajectory,B3,interpolated Pythia trajectories,pythia_1.040867B_trajectory,1736,2.8274,2.8265950011339873,-0.0008049988660125962,0.0008049988660125962
1.040867,5.145,2.8269,2,1,pythia_1.040867B_trajectory,B3,interpolated Pythia trajectories,pythia_1.040867B_trajectory,1737,2.8269,2.8231914311520194,-0.0037085688479807644,0.0037085688479807644
1.040867,5.225,2.8232,2,1,pythia_1.040867B_trajectory,B3,interpolated Pythia trajectories,pythia_1.040867B_trajectory,1738,2.8232,2.8198122699424633,-0.0033877300575366753,0.0033877300575366753
1.040867,5.307,2.8151,2,1,pythia_1.040867B_trajectory,B3,interpolated Pythia trajectories,pythia_1.040867B_trajectory,1739,2.8151,2.816416668183884,0.0013166681838838734,0.0013166681838838734
1.040867,5.389,2.8165,2,1,pythia_1.040867B_trajectory,B3,interpolated Pythia trajectories,pythia_1.040867B_trajectory,1740,2.8165,2.8130875617357862,-0.0034124382642137796,0.0034124382642137796
1.040867,5.473,2.8101,2,1,pythia_1.040867B_trajectory,B3,interpolated Pythia trajectories,pythia_1.040867B_trajectory,1741,2.8101,2.809743817958218,-0.0003561820417816719,0.0003561820417816719
1.040867,5.559,2.8063,2,1,pythia_1.040867B_trajectory,B3,interpolated Pythia trajectories,pythia_1.040867B_trajectory,1742,2.8063,2.8063878308793715,8.783087937169753e-05,8.783087937169753e-05
1.040867,5.645,2.8068,2,1,pythia_1.040867B_trajectory,B3,interpolated Pythia trajectories,pythia_1.040867B_trajectory,1743,2.8068,2.8030976438672957,-0.0037023561327043097,0.0037023561327043097
1.040867,5.733,2.7998,2,1,pythia_1.040867B_trajectory,B3,interpolated Pythia trajectories,pythia_1.040867B_trajectory,1744,2.7998,2.7997966935422003,-3.306457799556739e-06,3.306457799556739e-06
1.040867,5.823,2.7986,2,1,pythia_1.040867B_trajectory,B3,interpolated Pythia trajectories,pythia_1.040867B_trajectory,1745,2.7986,2.796487131158256,-0.0021128688417437758,0.0021128688417437758
1.040867,5.913,2.791,2,1,pythia_1.040867B_trajectory,B3,interpolated Pythia trajectories,pythia_1.040867B_trajectory,1746,2.791,2.793242398550272,0.0022423985502721955,0.0022423985502721955
1.040867,6.005,2.7881,2,1,pythia_1.040867B_trajectory,B3,interpolated Pythia trajectories,pythia_1.040867B_trajectory,1747,2.7881,2.7899902482263816,0.001890248226381619,0.001890248226381619
1.040867,6.099,2.7858,2,1,pythia_1.040867B_trajectory,B3,interpolated Pythia trajectories,pythia_1.040867B_trajectory,1748,2.7858,2.7867326094437583,0.000932609443758281,0.000932609443758281
1.040867,6.194,2.7787,2,1,pythia_1.040867B_trajectory,B3,interpolated Pythia trajectories,pythia_1.040867B_trajectory,1749,2.7787,2.7835049604687128,0.0048049604687125935,0.0048049604687125935
1.040867,6.29,2.7774,3,1,pythia_1.040867B_trajectory,B3,interpolated Pythia trajectories,pythia_1.040867B_trajectory,1750,2.7774,2.780307067736878,0.0029070677368778775,0.0029070677368778775
1.040867,6.388,2.7786,3,1,pythia_1.040867B_trajectory,B3,interpolated Pythia trajectories,pythia_1.040867B_trajectory,1751,2.7786,2.777106348814324,-0.0014936511856760148,0.0014936511856760148
1.040867,6.488,2.7778,3,1,pythia_1.040867B_trajectory,B3,interpolated Pythia trajectories,pythia_1.040867B_trajectory,1752,2.7778,2.773904449147723,-0.0038955508522771076,0.0038955508522771076
1.040867,6.589,2.7725,3,1,pythia_1.040867B_trajectory,B3,interpolated Pythia trajectories,pythia_1.040867B_trajectory,1753,2.7725,2.7707340129861495,-0.0017659870138504452,0.0017659870138504452
1.040867,6.692,2.7653,3,1,pythia_1.040867B_trajectory,B3,interpolated Pythia trajectories,pythia_1.040867B_trajectory,1754,2.7653,2.767564220790674,0.0022642207906740097,0.0022642207906740097
1.040867,6.796,2.7655,3,1,pythia_1.040867B_trajectory,B3,interpolated Pythia trajectories,pythia_1.040867B_trajectory,1755,2.7655,2.764426385817517,-0.0010736141824829737,0.0010736141824829737
1.040867,6.902,2.7587,3,1,pythia_1.040867B_trajectory,B3,interpolated Pythia trajectories,pythia_1.040867B_trajectory,1756,2.7587,2.7612908249213346,0.0025908249213344448,0.0025908249213344448
1.040867,7.009,2.7588,3,1,pythia_1.040867B_trajectory,B3,interpolated Pythia trajectories,pythia_1.040867B_trajectory,1757,2.7588,2.7581875782707055,-0.0006124217292944323,0.0006124217292944323
1.040867,7.118,2.7565,3,1,pythia_1.040867B_trajectory,B3,interpolated Pythia trajectories,pythia_1.040867B_trajectory,1758,2.7565,2.755088056664616,-0.0014119433353840805,0.0014119433353840805
1.040867,7.229,2.7515,3,1,pythia_1.040867B_trajectory,B3,interpolated Pythia trajectories,pythia_1.040867B_trajectory,1759,2.7515,2.751993476342442,0.0004934763424420119,0.0004934763424420119
1.040867,7.342,2.7482,3,1,pythia_1.040867B_trajectory,B3,interpolated Pythia trajectories,pythia_1.040867B_trajectory,1760,2.7482,2.7489049882477032,0.0007049882477030422,0.0007049882477030422
1.040867,7.456,2.7444,3,1,pythia_1.040867B_trajectory,B3,interpolated Pythia trajectories,pythia_1.040867B_trajectory,1761,2.7444,2.7458502113400614,0.0014502113400611805,0.0014502113400611805
1.040867,7.572,2.7439,3,1,pythia_1.040867B_trajectory,B3,interpolated Pythia trajectories,pythia_1.040867B_trajectory,1762,2.7439,2.7428025980875788,-0.0010974019124212475,0.0010974019124212475
1.040867,7.69,2.7369,3,1,pythia_1.040867B_trajectory,B3,interpolated Pythia trajectories,pythia_1.040867B_trajectory,1763,2.7369,2.739763143952636,0.0028631439526360936,0.0028631439526360936
1.040867,7.81,2.7354,3,1,pythia_1.040867B_trajectory,B3,interpolated Pythia trajectories,pythia_1.040867B_trajectory,1764,2.7354,2.736732787146108,0.001332787146107961,0.001332787146107961
1.040867,7.932,2.7317,3,1,pythia_1.040867B_trajectory,B3,interpolated Pythia trajectories,pythia_1.040867B_trajectory,1765,2.7317,2.7337124105991375,0.002012410599137482,0.002012410599137482
1.040867,8.055,2.7312,3,1,pythia_1.040867B_trajectory,B3,interpolated Pythia trajectories,pythia_1.040867B_trajectory,1766,2.7312,2.7307268770316,-0.0004731229683998528,0.0004731229683998528
1.040867,8.181,2.7275,3,1,pythia_1.040867B_trajectory,B3,interpolated Pythia trajectories,pythia_1.040867B_trajectory,1767,2.7275,2.727728425855945,0.00022842585594506915,0.00022842585594506915
1.040867,8.308,2.7251,3,1,pythia_1.040867B_trajectory,B3,interpolated Pythia trajectories,pythia_1.040867B_trajectory,1768,2.7251,2.7247654014242446,-0.00033459857575524055,0.00033459857575524055
1.040867,8.438,2.723,4,1,pythia_1.040867B_trajectory,B3,interpolated Pythia trajectories,pythia_1.040867B_trajectory,1769,2.723,2.7217918297071835,-0.0012081702928163907,0.0012081702928163907
1.040867,8.569,2.7167,4,1,pythia_1.040867B_trajectory,B3,interpolated Pythia trajectories,pythia_1.040867B_trajectory,1770,2.7167,2.718854114425897,0.002154114425897191,0.002154114425897191
1.040867,8.703,2.7154,4,1,pythia_1.040867B_trajectory,B3,interpolated Pythia trajectories,pythia_1.040867B_trajectory,1771,2.7154,2.7159080033952208,0.0005080033952209462,0.0005080033952209462
1.040867,8.838,2.7128,4,1,pythia_1.040867B_trajectory,B3,interpolated Pythia trajectories,pythia_1.040867B_trajectory,1772,2.7128,2.7129980388650594,0.00019803886505931345,0.00019803886505931345
1.040867,8.976,2.7096,4,1,pythia_1.040867B_trajectory,B3,interpolated Pythia trajectories,pythia_1.040867B_trajectory,1773,2.7096,2.710081626653697,0.0004816266536971092,0.0004816266536971092
1.040867,9.116,2.7069,4,1,pythia_1.040867B_trajectory,B3,interpolated Pythia trajectories,pythia_1.040867B_trajectory,1774,2.7069,2.707181009030184,0.00028100903018390966,0.00028100903018390966
1.040867,9.258,2.7054,4,1,pythia_1.040867B_trajectory,B3,interpolated Pythia trajectories,pythia_1.040867B_trajectory,1775,2.7054,2.704296621256124,-0.0011033787438758935,0.0011033787438758935
1.040867,9.402,2.7005,4,1,pythia_1.040867B_trajectory,B3,interpolated Pythia trajectories,pythia_1.040867B_trajectory,1776,2.7005,2.701428863734721,0.0009288637347211193,0.0009288637347211193
1.040867,9.548,2.6994,4,1,pythia_1.040867B_trajectory,B3,interpolated Pythia trajectories,pythia_1.040867B_trajectory,1777,2.6994,2.698578103641395,-0.0008218963586048567,0.0008218963586048567
1.040867,9.697,2.6949,4,1,pythia_1.040867B_trajectory,B3,interpolated Pythia trajectories,pythia_1.040867B_trajectory,1778,2.6949,2.6957257203307616,0.000825720330761559,0.000825720330761559
1.040867,9.848,2.692,4,1,pythia_1.040867B_trajectory,B3,interpolated Pythia trajectories,pythia_1.040867B_trajectory,1779,2.692,2.6928917154203265,0.0008917154203262889,0.0008917154203262889
1.040867,10.002,2.6867,4,1,pythia_1.040867B_trajectory,B3,interpolated Pythia trajectories,pythia_1.040867B_trajectory,1780,2.6867,2.690058122184933,0.0033581221849328102,0.0033581221849328102
1.040867,10.157,2.6866,4,1,pythia_1.040867B_trajectory,B3,interpolated Pythia trajectories,pythia_1.040867B_trajectory,1781,2.6866,2.687261960828261,0.0006619608282609768,0.0006619608282609768
1.040867,10.316,2.6821,4,1,pythia_1.040867B_trajectory,B3,interpolated Pythia trajectories,pythia_1.040867B_trajectory,1782,2.6821,2.684449822210227,0.0023498222102267263,0.0023498222102267263
1.040867,10.476,2.6784,5,1,pythia_1.040867B_trajectory,B3,interpolated Pythia trajectories,pythia_1.040867B_trajectory,1783,2.6784,2.68167544664674,0.0032754466467399546,0.0032754466467399546
1.040867,10.64,2.6807,5,1,pythia_1.040867B_trajectory,B3,interpolated Pythia trajectories,pythia_1.040867B_trajectory,1784,2.6807,2.6788874357151364,-0.0018125642848634271,0.0018125642848634271
1.040867,10.805,2.6744,5,1,pythia_1.040867B_trajectory,B3,interpolated Pythia trajectories,pythia_1.040867B_trajectory,1785,2.6744,2.6761373848830576,0.0017373848830577465,0.0017373848830577465
1.040867,10.974,2.675,5,1,pythia_1.040867B_trajectory,B3,interpolated Pythia trajectories,pythia_1.040867B_trajectory,1786,2.675,2.67337583239455,-0.0016241676054500331,0.0016241676054500331
1.040867,11.145,2.6709,5,1,pythia_1.040867B_trajectory,B3,interpolated Pythia trajectories,pythia_1.040867B_trajectory,1787,2.6709,2.6706364531260682,-0.0002635468739318192,0.0002635468739318192
1.040867,11.318,2.6702,5,1,pythia_1.040867B_trajectory,B3,interpolated Pythia trajectories,pythia_1.040867B_trajectory,1788,2.6702,2.6679192383042354,-0.0022807616957645216,0.0022807616957645216
1.040867,11.495,2.6634,5,1,pythia_1.040867B_trajectory,B3,interpolated Pythia trajectories,pythia_1.040867B_trajectory,1789,2.6634,2.665193667931981,0.0017936679319809912,0.0017936679319809912
1.040867,11.674,2.6616,5,1,pythia_1.040867B_trajectory,B3,interpolated Pythia trajectories,pythia_1.040867B_trajectory,1790,2.6616,2.66249138997723,0.0008913899772298173,0.0008913899772298173
1.040867,11.855,2.6575,5,1,pythia_1.040867B_trajectory,B3,interpolated Pythia trajectories,pythia_1.040867B_trajectory,1791,2.6575,2.6598123132023055,0.002312313202305294,0.002312313202305294
1.040867,12.04,2.6581,5,1,pythia_1.040867B_trajectory,B3,interpolated Pythia trajectories,pythia_1.040867B_trajectory,1792,2.6581,2.657127594870781,-0.0009724051292190339,0.0009724051292190339
1.040867,12.228,2.6529,5,1,pythia_1.040867B_trajectory,B3,interpolated Pythia trajectories,pythia_1.040867B_trajectory,1793,2.6529,2.654452894202512,0.001552894202512256,0.001552894202512256
1.040867,12.418,2.6533,5,1,pythia_1.040867B_trajectory,B3,interpolated Pythia trajectories,pythia_1.040867B_trajectory,1794,2.6533,2.6518026878727397,-0.0014973121272605638,0.0014973121272605638
1.040867,12.612,2.6522,6,1,pythia_1.040867B_trajectory,B3,interpolated Pythia trajectories,pythia_1.040867B_trajectory,1795,2.6522,2.6491497057050593,-0.0030502942949408585,0.0030502942949408585
1.040867,12.808,2.6473,6,1,pythia_1.040867B_trajectory,B3,interpolated Pythia trajectories,pythia_1.040867B_trajectory,1796,2.6473,2.6465218921560267,-0.0007781078439732525,0.0007781078439732525
1.040867,13.008,2.6429,6,1,pythia_1.040867B_trajectory,B3,interpolated Pythia trajectories,pythia_1.040867B_trajectory,1797,2.6429,2.6438929789391965,0.000992978939196476,0.000992978939196476
1.040867,13.21,2.6432,6,1,pythia_1.040867B_trajectory,B3,interpolated Pythia trajectories,pythia_1.040867B_trajectory,1798,2.6432,2.6412897718031396,-0.0019102281968605972,0.0019102281968605972
1.040867,13.416,2.6394,6,1,pythia_1.040867B_trajectory,B3,interpolated Pythia trajectories,pythia_1.040867B_trajectory,1799,2.6394,2.6386869685100933,-0.0007130314899068679,0.0007130314899068679
1.040867,13.625,2.6359,6,1,pythia_1.040867B_trajectory,B3,interpolated Pythia trajectories,pythia_1.040867B_trajectory,1800,2.6359,2.6360980184318903,0.00019801843189037882,0.00019801843189037882
1.040867,13.837,2.6311,6,1,pythia_1.040867B_trajectory,B3,interpolated Pythia trajectories,pythia_1.040867B_trajectory,1801,2.6311,2.6335233222573153,0.0024233222573153412,0.0024233222573153412
1.040867,14.053,2.6342,6,1,pythia_1.040867B_trajectory,B3,interpolated Pythia trajectories,pythia_1.040867B_trajectory,1802,2.6342,2.630951459152991,-0.003248540847009096,0.003248540847009096
1.040867,14.272,2.6266,6,1,pythia_1.040867B_trajectory,B3,interpolated Pythia trajectories,pythia_1.040867B_trajectory,1803,2.6266,2.6283950192312235,0.0017950192312237157,0.0017950192312237157
1.040867,14.494,2.6268,6,1,pythia_1.040867B_trajectory,B3,interpolated Pythia trajectories,pythia_1.040867B_trajectory,1804,2.6268,2.6258542981676234,-0.000945701832376411,0.000945701832376411
1.040867,14.72,2.6256,7,1,pythia_1.040867B_trajectory,B3,interpolated Pythia trajectories,pythia_1.040867B_trajectory,1805,2.6256,2.623318454075653,-0.0022815459243470393,0.0022815459243470393
1.040867,14.949,2.6212,7,1,pythia_1.040867B_trajectory,B3,interpolated Pythia trajectories,pythia_1.040867B_trajectory,1806,2.6212,2.6207992744118713,-0.00040072558812864756,0.00040072558812864756
1.040867,15.182,2.6177,7,1,pythia_1.040867B_trajectory,B3,interpolated Pythia trajectories,pythia_1.040867B_trajectory,1807,2.6177,2.618286284008522,0.0005862840085217869,0.0005862840085217869
1.040867,15.418,2.615,7,1,pythia_1.040867B_trajectory,B3,interpolated Pythia trajectories,pythia_1.040867B_trajectory,1808,2.615,2.6157907610193267,0.0007907610193265135,0.0007907610193265135
1.040867,15.659,2.6104,7,1,pythia_1.040867B_trajectory,B3,interpolated Pythia trajectories,pythia_1.040867B_trajectory,1809,2.6104,2.6132923207811403,0.002892320781140434,0.002892320781140434
1.040867,15.903,2.6131,7,1,pythia_1.040867B_trajectory,B3,interpolated Pythia trajectories,pythia_1.040867B_trajectory,1810,2.6131,2.6108124220705644,-0.002287577929435791,0.002287577929435791
1.040867,16.15,2.6076,7,1,pythia_1.040867B_trajectory,B3,interpolated Pythia trajectories,pythia_1.040867B_trajectory,1811,2.6076,2.6083511451989043,0.0007511451989041795,0.0007511451989041795
1.040867,16.402,2.6106,7,1,pythia_1.040867B_trajectory,B3,interpolated Pythia trajectories,pythia_1.040867B_trajectory,1812,2.6106,2.6058892051102007,-0.004710794889799086,0.004710794889799086
1.040867,16.657,2.6054,7,1,pythia_1.040867B_trajectory,B3,interpolated Pythia trajectories,pythia_1.040867B_trajectory,1813,2.6054,2.6034467508419024,-0.001953249158097581,0.001953249158097581
1.040867,16.917,2.6014,8,1,pythia_1.040867B_trajectory,B3,interpolated Pythia trajectories,pythia_1.040867B_trajectory,1814,2.6014,2.601005190802594,-0.0003948091974059764,0.0003948091974059764
1.040867,17.18,2.5998,8,1,pythia_1.040867B_trajectory,B3,interpolated Pythia trajectories,pythia_1.040867B_trajectory,1815,2.5998,2.598583839635271,-0.0012161603647289354,0.0012161603647289354
1.040867,17.448,2.5967,8,1,pythia_1.040867B_trajectory,B3,interpolated Pythia trajectories,pythia_1.040867B_trajectory,1816,2.5967,2.5961647757271127,-0.0005352242728871026,0.0005352242728871026
1.040867,17.72,2.594,8,1,pythia_1.040867B_trajectory,B3,interpolated Pythia trajectories,pythia_1.040867B_trajectory,1817,2.594,2.5937577522896755,-0.00024224771032432812,0.00024224771032432812
1.040867,17.996,2.5922,8,1,pythia_1.040867B_trajectory,B3,interpolated Pythia trajectories,pythia_1.040867B_trajectory,1818,2.5922,2.5913631912619466,-0.0008368087380534739,0.0008368087380534739
1.040867,18.276,2.5869,8,1,pythia_1.040867B_trajectory,B3,interpolated Pythia trajectories,pythia_1.040867B_trajectory,1819,2.5869,2.588981483188255,0.0020814831882551843,0.0020814831882551843
1.040867,18.561,2.5864,8,1,pythia_1.040867B_trajectory,B3,interpolated Pythia trajectories,pythia_1.040867B_trajectory,1820,2.5864,2.586604730955577,0.00020473095557704823,0.00020473095557704823
1.040867,18.85,2.5867,9,1,pythia_1.040867B_trajectory,B3,interpolated Pythia trajectories,pythia_1.040867B_trajectory,1821,2.5867,2.5842418470045314,-0.0024581529954685877,0.0024581529954685877
1.040867,19.144,2.5819,9,1,pythia_1.040867B_trajectory,B3,interpolated Pythia trajectories,pythia_1.040867B_trajectory,1822,2.5819,2.581885188561224,-1.4811438775907959e-05,1.4811438775907959e-05
1.040867,19.442,2.5755,9,1,pythia_1.040867B_trajectory,B3,interpolated Pythia trajectories,pythia_1.040867B_trajectory,1823,2.5755,2.579543271679296,0.00404327167929619,0.00404327167929619
1.040867,19.745,2.5809,9,1,pythia_1.040867B_trajectory,B3,interpolated Pythia trajectories,pythia_1.040867B_trajectory,1824,2.5809,2.5772087011400817,-0.0036912988599184793,0.0036912988599184793
1.040867,20.052,2.5747,9,1,pythia_1.040867B_trajectory,B3,interpolated Pythia trajectories,pythia_1.040867B_trajectory,1825,2.5747,2.574889615112888,0.00018961511288795307,0.00018961511288795307
1.040867,20.365,2.5721,9,1,pythia_1.040867B_trajectory,B3,interpolated Pythia trajectories,pythia_1.040867B_trajectory,1826,2.5721,2.572571525870296,0.00047152587029630766,0.00047152587029630766
1.040867,20.682,2.5686,9,1,pythia_1.040867B_trajectory,B3,interpolated Pythia trajectories,pythia_1.040867B_trajectory,1827,2.5686,2.5702698316839383,0.0016698316839383054,0.0016698316839383054
1.040867,21.004,2.5687,10,1,pythia_1.040867B_trajectory,B3,interpolated Pythia trajectories,pythia_1.040867B_trajectory,1828,2.5687,2.567977603831136,-0.0007223961688640479,0.0007223961688640479
1.040867,21.331,2.5639,10,1,pythia_1.040867B_trajectory,B3,interpolated Pythia trajectories,pythia_1.040867B_trajectory,1829,2.5639,2.565695357446034,0.001795357446034096,0.001795357446034096
1.040867,21.664,2.5587,10,1,pythia_1.040867B_trajectory,B3,interpolated Pythia trajectories,pythia_1.040867B_trajectory,1830,2.5587,2.5634167980294427,0.0047167980294426926,0.0047167980294426926
1.040867,22.001,2.5598,10,1,pythia_1.040867B_trajectory,B3,interpolated Pythia trajectories,pythia_1.040867B_trajectory,1831,2.5598,2.561156056561994,0.0013560565619941123,0.0013560565619941123
1.040867,22.344,2.5566,10,1,pythia_1.040867B_trajectory,B3,interpolated Pythia trajectories,pythia_1.040867B_trajectory,1832,2.5566,2.558900126334035,0.002300126334035202,0.002300126334035202
1.040867,22.692,2.5565,10,1,pythia_1.040867B_trajectory,B3,interpolated Pythia trajectories,pythia_1.040867B_trajectory,1833,2.5565,2.556656160773528,0.00015616077352786917,0.00015616077352786917
1.040867,23.045,2.5543,11,1,pythia_1.040867B_trajectory,B3,interpolated Pythia trajectories,pythia_1.040867B_trajectory,1834,2.5543,2.554424509299049,0.00012450929904916919,0.00012450929904916919
1.040867,23.404,2.5519,11,1,pythia_1.040867B_trajectory,B3,interpolated Pythia trajectories,pythia_1.040867B_trajectory,1835,2.5519,2.5521993565025793,0.0002993565025795064,0.0002993565025795064
1.040867,23.769,2.5499,11,1,pythia_1.040867B_trajectory,B3,interpolated Pythia trajectories,pythia_1.040867B_trajectory,1836,2.5499,2.549981358364552,8.135836455203105e-05,8.135836455203105e-05
1.040867,24.139,2.5498,11,1,pythia_1.040867B_trajectory,B3,interpolated Pythia trajectories,pythia_1.040867B_trajectory,1837,2.5498,2.5477770304957783,-0.002022969504221539,0.002022969504221539
1.040867,24.515,2.5471,11,1,pythia_1.040867B_trajectory,B3,interpolated Pythia trajectories,pythia_1.040867B_trajectory,1838,2.5471,2.545580821362221,-0.0015191786377788397,0.0015191786377788397
1.040867,24.897,2.5421,11,1,pythia_1.040867B_trajectory,B3,interpolated Pythia trajectories,pythia_1.040867B_trajectory,1839,2.5421,2.543393280017042,0.0012932800170419867,0.0012932800170419867
1.040867,25.285,2.5439,12,1,pythia_1.040867B_trajectory,B3,interpolated Pythia trajectories,pythia_1.040867B_trajectory,1840,2.5439,2.54121492042903,-0.0026850795709698616,0.0026850795709698616
1.040867,25.679,2.5394,12,1,pythia_1.040867B_trajectory,B3,interpolated Pythia trajectories,pythia_1.040867B_trajectory,1841,2.5394,2.5390462228689605,-0.00035377713103956765,0.00035377713103956765
1.040867,26.079,2.538,12,1,pythia_1.040867B_trajectory,B3,interpolated Pythia trajectories,pythia_1.040867B_trajectory,1842,2.538,2.536887635276165,-0.0011123647238346912,0.0011123647238346912
1.040867,26.485,2.5365,12,1,pythia_1.040867B_trajectory,B3,interpolated Pythia trajectories,pythia_1.040867B_trajectory,1843,2.5365,2.5347395746019505,-0.0017604253980496587,0.0017604253980496587
1.040867,26.898,2.5315,12,1,pythia_1.040867B_trajectory,B3,interpolated Pythia trajectories,pythia_1.040867B_trajectory,1844,2.5315,2.532597291942097,0.0010972919420972893,0.0010972919420972893
1.040867,27.317,2.5277,13,1,pythia_1.040867B_trajectory,B3,interpolated Pythia trajectories,pythia_1.040867B_trajectory,1845,2.5277,2.5304664833739365,0.002766483373936701,0.002766483373936701
1.040867,27.742,2.5279,13,1,pythia_1.040867B_trajectory,B3,interpolated Pythia trajectories,pythia_1.040867B_trajectory,1846,2.5279,2.528347474424433,0.0004474744244333806,0.0004474744244333806
1.040867,28.174,2.5258,13,1,pythia_1.040867B_trajectory,B3,interpolated Pythia trajectories,pythia_1.040867B_trajectory,1847,2.5258,2.5262357244712845,0.00043572447128470415,0.00043572447128470415
1.040867,28.613,2.5219,13,1,pythia_1.040867B_trajectory,B3,interpolated Pythia trajectories,pythia_1.040867B_trajectory,1848,2.5219,2.5241317925723834,0.002231792572383373,0.002231792572383373
1.040867,29.059,2.5213,13,1,pythia_1.040867B_trajectory,B3,interpolated Pythia trajectories,pythia_1.040867B_trajectory,1849,2.5213,2.522036202881068,0.0007362028810677934,0.0007362028810677934
1.040867,29.512,2.5212,14,1,pythia_1.040867B_trajectory,B3,interpolated Pythia trajectories,pythia_1.040867B_trajectory,1850,2.5212,2.519949445990553,-0.001250554009446958,0.001250554009446958
1.040867,29.971,2.5201,14,1,pythia_1.040867B_trajectory,B3,interpolated Pythia trajectories,pythia_1.040867B_trajectory,1851,2.5201,2.517876452149371,-0.0022235478506287265,0.0022235478506287265
1.040867,30.438,2.5158,14,1,pythia_1.040867B_trajectory,B3,interpolated Pythia trajectories,pythia_1.040867B_trajectory,1852,2.5158,2.515808617402306,8.617402305954869e-06,8.617402305954869e-06
1.040867,30.912,2.5148,14,1,pythia_1.040867B_trajectory,B3,interpolated Pythia trajectories,pythia_1.040867B_trajectory,1853,2.5148,2.513750900830772,-0.0010490991692280183,0.0010490991692280183
1.040867,31.394,2.511,15,1,pythia_1.040867B_trajectory,B3,interpolated Pythia trajectories,pythia_1.040867B_trajectory,1854,2.511,2.5116994575517286,0.0006994575517285107,0.0006994575517285107
1.040867,31.883,2.5064,15,1,pythia_1.040867B_trajectory,B3,interpolated Pythia trajectories,pythia_1.040867B_trajectory,1855,2.5064,2.509659009071611,0.003259009071610919,0.003259009071610919
1.040867,32.38,2.5053,15,1,pythia_1.040867B_trajectory,B3,interpolated Pythia trajectories,pythia_1.040867B_trajectory,1856,2.5053,2.5076258158479354,0.002325815847935342,0.002325815847935342
1.040867,32.884,2.5068,15,1,pythia_1.040867B_trajectory,B3,interpolated Pythia trajectories,pythia_1.040867B_trajectory,1857,2.5068,2.505604373607866,-0.0011956263921342192,0.0011956263921342192
1.040867,33.396,2.5052,15,1,pythia_1.040867B_trajectory,B3,interpolated Pythia trajectories,pythia_1.040867B_trajectory,1858,2.5052,2.503591046657055,-0.0016089533429450853,0.0016089533429450853
1.040867,33.917,2.5036,16,1,pythia_1.040867B_trajectory,B3,interpolated Pythia trajectories,pythia_1.040867B_trajectory,1859,2.5036,2.501582481680756,-0.002017518319243905,0.002017518319243905
1.040867,34.445,2.5004,16,1,pythia_1.040867B_trajectory,B3,interpolated Pythia trajectories,pythia_1.040867B_trajectory,1860,2.5004,2.4995868214233035,-0.0008131785766964938,0.0008131785766964938
1.040867,34.982,2.497,16,1,pythia_1.040867B_trajectory,B3,interpolated Pythia trajectories,pythia_1.040867B_trajectory,1861,2.497,2.49759690714641,0.0005969071464102527,0.0005969071464102527
1.040867,35.526,2.4967,16,1,pythia_1.040867B_trajectory,B3,interpolated Pythia trajectories,pythia_1.040867B_trajectory,1862,2.4967,2.495620524912513,-0.0010794750874869585,0.0010794750874869585
1.040867,36.08,2.4926,17,1,pythia_1.040867B_trajectory,B3,interpolated Pythia trajectories,pythia_1.040867B_trajectory,1863,2.4926,2.49364722730024,0.0010472273002402055,0.0010472273002402055
1.040867,36.642,2.4906,17,1,pythia_1.040867B_trajectory,B3,interpolated Pythia trajectories,pythia_1.040867B_trajectory,1864,2.4906,2.4916846673180912,0.0010846673180910926,0.0010846673180910926
1.040867,37.213,2.4925,17,1,pythia_1.040867B_trajectory,B3,interpolated Pythia trajectories,pythia_1.040867B_trajectory,1865,2.4925,2.489729744895258,-0.0027702551047421586,0.0027702551047421586
1.040867,37.792,2.4868,18,1,pythia_1.040867B_trajectory,B3,interpolated Pythia trajectories,pythia_1.040867B_trajectory,1866,2.4868,2.487786249294353,0.00098624929435287,0.00098624929435287
1.040867,38.381,2.4866,18,1,pythia_1.040867B_trajectory,B3,interpolated Pythia trajectories,pythia_1.040867B_trajectory,1867,2.4866,2.485847903431443,-0.0007520965685570147,0.0007520965685570147
1.040867,38.979,2.4818,18,1,pythia_1.040867B_trajectory,B3,interpolated Pythia trajectories,pythia_1.040867B_trajectory,1868,2.4818,2.483918503500592,0.0021185035005921726,0.0021185035005921726
1.040867,39.586,2.4828,18,1,pythia_1.040867B_trajectory,B3,interpolated Pythia trajectories,pythia_1.040867B_trajectory,1869,2.4828,2.481998427700853,-0.0008015722991472352,0.0008015722991472352
1.040867,40.203,2.4815,19,1,pythia_1.040867B_trajectory,B3,interpolated Pythia trajectories,pythia_1.040867B_trajectory,1870,2.4815,2.480084956694288,-0.0014150433057120715,0.0014150433057120715
1.040867,40.829,2.4747,19,1,pythia_1.040867B_trajectory,B3,interpolated Pythia trajectories,pythia_1.040867B_trajectory,1871,2.4747,2.478181607280775,0.0034816072807752896,0.0034816072807752896
1.040867,41.465,2.4724,19,1,pythia_1.040867B_trajectory,B3,interpolated Pythia trajectories,pythia_1.040867B_trajectory,1872,2.4724,2.4762857254397344,0.003885725439734422,0.003885725439734422
1.040867,42.111,2.4738,20,1,pythia_1.040867B_trajectory,B3,interpolated Pythia trajectories,pythia_1.040867B_trajectory,1873,2.4738,2.4743977587529247,0.0005977587529244488,0.0005977587529244488
1.040867,42.767,2.4701,20,1,pythia_1.040867B_trajectory,B3,interpolated Pythia trajectories,pythia_1.040867B_trajectory,1874,2.4701,2.4725181255310718,0.002418125531071791,0.002418125531071791
1.040867,43.433,2.4676,20,1,pythia_1.040867B_trajectory,B3,interpolated Pythia trajectories,pythia_1.040867B_trajectory,1875,2.4676,2.4706472159979787,0.003047215997978636,0.003047215997978636
1.040867,44.11,2.4679,21,1,pythia_1.040867B_trajectory,B3,interpolated Pythia trajectories,pythia_1.040867B_trajectory,1876,2.4679,2.468782666380678,0.000882666380677577,0.000882666380677577
1.040867,44.797,2.4647,21,1,pythia_1.040867B_trajectory,B3,interpolated Pythia trajectories,pythia_1.040867B_trajectory,1877,2.4647,2.4669276480222413,0.00222764802224118,0.00222764802224118
1.040867,45.495,2.4677,21,1,pythia_1.040867B_trajectory,B3,interpolated Pythia trajectories,pythia_1.040867B_trajectory,1878,2.4677,2.4650798492213988,-0.0026201507786010048,0.0026201507786010048
1.040867,46.204,2.4612,22,1,pythia_1.040867B_trajectory,B3,interpolated Pythia trajectories,pythia_1.040867B_trajectory,1879,2.4612,2.4632397099323327,0.0020397099323328227,0.0020397099323328227
1.040867,46.923,2.465,22,1,pythia_1.040867B_trajectory,B3,interpolated Pythia trajectories,pythia_1.040867B_trajectory,1880,2.465,2.4614101609645944,-0.00358983903540544,0.00358983903540544
1.040867,47.654,2.4574,22,1,pythia_1.040867B_trajectory,B3,interpolated Pythia trajectories,pythia_1.040867B_trajectory,1881,2.4574,2.4595864976121815,0.0021864976121817037,0.0021864976121817037
1.040867,48.397,2.4607,23,1,pythia_1.040867B_trajectory,B3,interpolated Pythia trajectories,pythia_1.040867B_trajectory,1882,2.4607,2.4577692252982977,-0.0029307747017024433,0.0029307747017024433
1.040867,49.15,2.4556,23,1,pythia_1.040867B_trajectory,B3,interpolated Pythia trajectories,pythia_1.040867B_trajectory,1883,2.4556,2.4559635671012945,0.0003635671012944819,0.0003635671012944819
1.040867,49.916,2.4511,23,1,pythia_1.040867B_trajectory,B3,interpolated Pythia trajectories,pythia_1.040867B_trajectory,1884,2.4511,2.454162704878666,0.0030627048786660005,0.0030627048786660005
1.040867,50.694,2.4562,24,1,pythia_1.040867B_trajectory,B3,interpolated Pythia trajectories,pythia_1.040867B_trajectory,1885,2.4562,2.452369479037712,-0.0038305209622877534,0.0038305209622877534
1.040867,51.483,2.4489,24,1,pythia_1.040867B_trajectory,B3,interpolated Pythia trajectories,pythia_1.040867B_trajectory,1886,2.4489,2.450586518137772,0.0016865181377720972,0.0016865181377720972
1.040867,52.285,2.4515,25,1,pythia_1.040867B_trajectory,B3,interpolated Pythia trajectories,pythia_1.040867B_trajectory,1887,2.4515,2.4488096678300053,-0.0026903321699944804,0.0026903321699944804
1.040867,53.1,2.4463,25,1,pythia_1.040867B_trajectory,B3,interpolated Pythia trajectories,pythia_1.040867B_trajectory,1888,2.4463,2.4470393988321866,0.0007393988321866551,0.0007393988321866551
1.040867,53.927,2.4453,25,1,pythia_1.040867B_trajectory,B3,interpolated Pythia trajectories,pythia_1.040867B_trajectory,1889,2.4453,2.445278261048479,-2.1738951521133032e-05,2.1738951521133032e-05
1.040867,54.767,2.4434,26,1,pythia_1.040867B_trajectory,B3,interpolated Pythia trajectories,pythia_1.040867B_trajectory,1890,2.4434,2.4435244762869703,0.00012447628697032087,0.00012447628697032087
1.040867,55.62,2.4415,26,1,pythia_1.040867B_trajectory,B3,interpolated Pythia trajectories,pythia_1.040867B_trajectory,1891,2.4415,2.44177843289276,0.0002784328927600832,0.0002784328927600832
1.040867,56.487,2.4388,27,1,pythia_1.040867B_trajectory,B3,interpolated Pythia trajectories,pythia_1.040867B_trajectory,1892,2.4388,2.440038506027437,0.0012385060274371362,0.0012385060274371362
1.040867,57.367,2.4411,27,1,pythia_1.040867B_trajectory,B3,interpolated Pythia trajectories,pythia_1.040867B_trajectory,1893,2.4411,2.4383070978964945,-0.002792902103505579,0.002792902103505579
1.040867,58.26,2.4363,27,1,pythia_1.040867B_trajectory,B3,interpolated Pythia trajectories,pythia_1.040867B_trajectory,1894,2.4363,2.4365845194744638,0.00028451947446361814,0.00028451947446361814
1.040867,59.168,2.4337,28,1,pythia_1.040867B_trajectory,B3,interpolated Pythia trajectories,pythia_1.040867B_trajectory,1895,2.4337,2.4348673136195518,0.001167313619551802,0.001167313619551802
1.040867,60.09,2.433,28,1,pythia_1.040867B_trajectory,B3,interpolated Pythia trajectories,pythia_1.040867B_trajectory,1896,2.433,2.433157802422593,0.0001578024225930008,0.0001578024225930008
1.040867,61.026,2.4311,29,1,pythia_1.040867B_trajectory,B3,interpolated Pythia trajectories,pythia_1.040867B_trajectory,1897,2.4311,2.4314563344877342,0.0003563344877344221,0.0003563344877344221
1.040867,61.976,2.4275,29,1,pythia_1.040867B_trajectory,B3,interpolated Pythia trajectories,pythia_1.040867B_trajectory,1898,2.4275,2.4297632341698003,0.0022632341698001213,0.0022632341698001213
1.040867,62.942,2.4304,30,1,pythia_1.040867B_trajectory,B3,interpolated Pythia trajectories,pythia_1.040867B_trajectory,1899,2.4304,2.4280753423249952,-0.002324657675004893,0.002324657675004893
1.040867,63.922,2.4249,30,1,pythia_1.040867B_trajectory,B3,interpolated Pythia trajectories,pythia_1.040867B_trajectory,1900,2.4249,2.4263965335473126,0.0014965335473124952,0.0014965335473124952
1.040867,64.918,2.428,31,1,pythia_1.040867B_trajectory,B3,interpolated Pythia trajectories,pythia_1.040867B_trajectory,1901,2.428,2.424723735292752,-0.0032762647072477336,0.0032762647072477336
1.040867,65.929,2.4219,31,1,pythia_1.040867B_trajectory,B3,interpolated Pythia trajectories,pythia_1.040867B_trajectory,1902,2.4219,2.423059006540669,0.0011590065406692496,0.0011590065406692496
1.040867,66.956,2.4187,32,1,pythia_1.040867B_trajectory,B3,interpolated Pythia trajectories,pythia_1.040867B_trajectory,1903,2.4187,2.421401054405907,0.0027010544059069552,0.0027010544059069552
1.040867,67.999,2.4213,32,1,pythia_1.040867B_trajectory,B3,interpolated Pythia trajectories,pythia_1.040867B_trajectory,1904,2.4213,2.419750256127757,-0.001549743872243159,0.001549743872243159
1.040867,69.058,2.4219,33,1,pythia_1.040867B_trajectory,B3,interpolated Pythia trajectories,pythia_1.040867B_trajectory,1905,2.4219,2.418106963898999,-0.0037930361010007907,0.0037930361010007907
1.040867,70.134,2.417,33,1,pythia_1.040867B_trajectory,B3,interpolated Pythia trajectories,pythia_1.040867B_trajectory,1906,2.417,2.416469999501804,-0.0005300004981956263,0.0005300004981956263
1.040867,71.227,2.4116,34,1,pythia_1.040867B_trajectory,B3,interpolated Pythia trajectories,pythia_1.040867B_trajectory,1907,2.4116,2.414839756587491,0.003239756587491094,0.003239756587491094
1.040867,72.336,2.4137,34,1,pythia_1.040867B_trajectory,B3,interpolated Pythia trajectories,pythia_1.040867B_trajectory,1908,2.4137,2.413218051170756,-0.00048194882924379456,0.00048194882924379456
1.040867,73.463,2.4107,35,1,pythia_1.040867B_trajectory,B3,interpolated Pythia trajectories,pythia_1.040867B_trajectory,1909,2.4107,2.411602302580463,0.00090230258046331,0.00090230258046331
1.040867,74.608,2.4089,35,1,pythia_1.040867B_trajectory,B3,interpolated Pythia trajectories,pythia_1.040867B_trajectory,1910,2.4089,2.4099929159460327,0.0010929159460326687,0.0010929159460326687
1.040867,75.77,2.4073,36,1,pythia_1.040867B_trajectory,B3,interpolated Pythia trajectories,pythia_1.040867B_trajectory,1911,2.4073,2.4083916350070043,0.0010916350070040437,0.0010916350070040437
1.040867,76.95,2.4044,36,1,pythia_1.040867B_trajectory,B3,interpolated Pythia trajectories,pythia_1.040867B_trajectory,1912,2.4044,2.4067973962342273,0.0023973962342274113,0.0023973962342274113
1.040867,78.149,2.4055,37,1,pythia_1.040867B_trajectory,B3,interpolated Pythia trajectories,pythia_1.040867B_trajectory,1913,2.4055,2.40520922023438,-0.00029077976561975305,0.00029077976561975305
1.040867,79.366,2.4058,37,1,pythia_1.040867B_trajectory,B3,interpolated Pythia trajectories,pythia_1.040867B_trajectory,1914,2.4058,2.403628779223699,-0.0021712207763009417,0.0021712207763009417
1.040867,80.603,2.4016,38,1,pythia_1.040867B_trajectory,B3,interpolated Pythia trajectories,pythia_1.040867B_trajectory,1915,2.4016,2.402053837663157,0.00045383766315687524,0.00045383766315687524
1.040867,81.858,2.4032,39,1,pythia_1.040867B_trajectory,B3,interpolated Pythia trajectories,pythia_1.040867B_trajectory,1916,2.4032,2.400487280494074,-0.00271271950592622,0.00271271950592622
1.040867,83.133,2.4002,39,1,pythia_1.040867B_trajectory,B3,interpolated Pythia trajectories,pythia_1.040867B_trajectory,1917,2.4002,2.398926925969963,-0.001273074030037069,0.001273074030037069
1.040867,84.428,2.3966,40,1,pythia_1.040867B_trajectory,B3,interpolated Pythia trajectories,pythia_1.040867B_trajectory,1918,2.3966,2.3973731390995603,0.0007731390995604492,0.0007731390995604492
1.040867,85.744,2.3955,41,1,pythia_1.040867B_trajectory,B3,interpolated Pythia trajectories,pythia_1.040867B_trajectory,1919,2.3955,2.3958250961772025,0.0003250961772023331,0.0003250961772023331
1.040867,87.079,2.3953,41,1,pythia_1.040867B_trajectory,B3,interpolated Pythia trajectories,pythia_1.040867B_trajectory,1920,2.3953,2.394285467592876,-0.0010145324071242356,0.0010145324071242356
1.040867,88.436,2.395,42,1,pythia_1.040867B_trajectory,B3,interpolated Pythia trajectories,pythia_1.040867B_trajectory,1921,2.395,2.3927511222000555,-0.0022488777999445375,0.0022488777999445375
1.040867,89.813,2.3918,42,1,pythia_1.040867B_trajectory,B3,interpolated Pythia trajectories,pythia_1.040867B_trajectory,1922,2.3918,2.391224661744499,-0.0005753382555009345,0.0005753382555009345
1.040867,91.212,2.3865,43,1,pythia_1.040867B_trajectory,B3,interpolated Pythia trajectories,pythia_1.040867B_trajectory,1923,2.3865,2.3897041859912296,0.0032041859912297355,0.0032041859912297355
1.040867,92.633,2.3873,44,1,pythia_1.040867B_trajectory,B3,interpolated Pythia trajectories,pythia_1.040867B_trajectory,1924,2.3873,2.388190054114384,0.0008900541143836982,0.0008900541143836982
1.040867,94.076,2.386,45,1,pythia_1.040867B_trajectory,B3,interpolated Pythia trajectories,pythia_1.040867B_trajectory,1925,2.386,2.386682601805531,0.0006826018055310357,0.0006826018055310357
1.040867,95.542,2.3828,45,1,pythia_1.040867B_trajectory,B3,interpolated Pythia trajectories,pythia_1.040867B_trajectory,1926,2.3828,2.3851811280944517,0.002381128094451679,0.002381128094451679
1.040867,97.03,2.3813,46,1,pythia_1.040867B_trajectory,B3,interpolated Pythia trajectories,pythia_1.040867B_trajectory,1927,2.3813,2.3836869783806836,0.00238697838068358,0.00238697838068358
1.040867,98.542,2.3839,47,1,pythia_1.040867B_trajectory,B3,interpolated Pythia trajectories,pythia_1.040867B_trajectory,1928,2.3839,2.3821984727511745,-0.0017015272488256628,0.0017015272488256628
1.040867,100.077,2.3824,47,1,pythia_1.040867B_trajectory,B3,interpolated Pythia trajectories,pythia_1.040867B_trajectory,1929,2.3824,2.3807169312776724,-0.0016830687223277074,0.0016830687223277074
1.040867,101.636,2.3781,48,1,pythia_1.040867B_trajectory,B3,interpolated Pythia trajectories,pythia_1.040867B_trajectory,1930,2.3781,2.379241701726176,0.0011417017261763363,0.0011417017261763363
1.040867,103.219,2.3784,49,1,pythia_1.040867B_trajectory,B3,interpolated Pythia trajectories,pythia_1.040867B_trajectory,1931,2.3784,2.377773103543651,-0.0006268964563491686,0.0006268964563491686
1.040867,104.827,2.3774,50,1,pythia_1.040867B_trajectory,B3,interpolated Pythia trajectories,pythia_1.040867B_trajectory,1932,2.3774,2.3763105339068633,-0.0010894660931368705,0.0010894660931368705
1.040867,106.46,2.3744,50,1,pythia_1.040867B_trajectory,B3,interpolated Pythia trajectories,pythia_1.040867B_trajectory,1933,2.3744,2.3748543227619106,0.00045432276191048615,0.00045432276191048615
1.040867,108.118,2.3733,51,1,pythia_1.040867B_trajectory,B3,interpolated Pythia trajectories,pythia_1.040867B_trajectory,1934,2.3733,2.3734047780679584,0.00010477806795838873,0.00010477806795838873
1.040867,109.802,2.3718,52,1,pythia_1.040867B_trajectory,B3,interpolated Pythia trajectories,pythia_1.040867B_trajectory,1935,2.3718,2.3719613379760185,0.0001613379760185829,0.0001613379760185829
1.040867,111.513,2.3729,53,1,pythia_1.040867B_trajectory,B3,interpolated Pythia trajectories,pythia_1.040867B_trajectory,1936,2.3729,2.3705234869118312,-0.0023765130881687746,0.0023765130881687746
1.040867,113.25,2.3687,54,1,pythia_1.040867B_trajectory,B3,interpolated Pythia trajectories,pythia_1.040867B_trajectory,1937,2.3687,2.3690923847460987,0.0003923847460987062,0.0003923847460987062
1.040867,115.014,2.3711,55,1,pythia_1.040867B_trajectory,B3,interpolated Pythia trajectories,pythia_1.040867B_trajectory,1938,2.3711,2.367667505416044,-0.003432494583956114,0.003432494583956114
1.040867,116.806,2.3676,55,1,pythia_1.040867B_trajectory,B3,interpolated Pythia trajectories,pythia_1.040867B_trajectory,1939,2.3676,2.366248365928383,-0.0013516340716170916,0.0013516340716170916
1.040867,118.625,2.3663,56,1,pythia_1.040867B_trajectory,B3,interpolated Pythia trajectories,pythia_1.040867B_trajectory,1940,2.3663,2.3648360616686372,-0.001463938331362602,0.001463938331362602
1.040867,120.473,2.3626,57,1,pythia_1.040867B_trajectory,B3,interpolated Pythia trajectories,pythia_1.040867B_trajectory,1941,2.3626,2.36342934502765,0.0008293450276499748,0.0008293450276499748
1.040867,122.35,2.3609,58,1,pythia_1.040867B_trajectory,B3,interpolated Pythia trajectories,pythia_1.040867B_trajectory,1942,2.3609,2.362028545491574,0.001128545491574151,0.001128545491574151
1.040867,124.256,2.3574,59,1,pythia_1.040867B_trajectory,B3,interpolated Pythia trajectories,pythia_1.040867B_trajectory,1943,2.3574,2.360633970926008,0.0032339709260078564,0.0032339709260078564
1.040867,126.191,2.3602,60,1,pythia_1.040867B_trajectory,B3,interpolated Pythia trajectories,pythia_1.040867B_trajectory,1944,2.3602,2.3592459084534747,-0.0009540915465251487,0.0009540915465251487
1.040867,128.157,2.3589,61,1,pythia_1.040867B_trajectory,B3,interpolated Pythia trajectories,pythia_1.040867B_trajectory,1945,2.3589,2.3578632325482634,-0.0010367674517368641,0.0010367674517368641
1.040867,130.154,2.3525,62,1,pythia_1.040867B_trajectory,B3,interpolated Pythia trajectories,pythia_1.040867B_trajectory,1946,2.3525,2.3564862732127403,0.0039862732127402545,0.0039862732127402545
1.040867,132.181,2.3518,63,1,pythia_1.040867B_trajectory,B3,interpolated Pythia trajectories,pythia_1.040867B_trajectory,1947,2.3518,2.3551160083140457,0.003316008314045771,0.003316008314045771
1.040867,134.24,2.3574,64,1,pythia_1.040867B_trajectory,B3,interpolated Pythia trajectories,pythia_1.040867B_trajectory,1948,2.3574,2.353751373910835,-0.0036486260891650524,0.0036486260891650524
1.040867,136.331,2.3528,65,1,pythia_1.040867B_trajectory,B3,interpolated Pythia trajectories,pythia_1.040867B_trajectory,1949,2.3528,2.352392677448304,-0.00040732255169562137,0.00040732255169562137
1.040867,138.455,2.3563,66,1,pythia_1.040867B_trajectory,B3,interpolated Pythia trajectories,pythia_1.040867B_trajectory,1950,2.3563,2.351039575085111,-0.005260424914888873,0.005260424914888873
1.040867,140.612,2.3475,67,1,pythia_1.040867B_trajectory,B3,interpolated Pythia trajectories,pythia_1.040867B_trajectory,1951,2.3475,2.3496923711767517,0.0021923711767515286,0.0021923711767515286
1.040867,142.802,2.3465,68,1,pythia_1.040867B_trajectory,B3,interpolated Pythia trajectories,pythia_1.040867B_trajectory,1952,2.3465,2.348351349769656,0.0018513497696561743,0.0018513497696561743
1.040867,145.027,2.3483,69,1,pythia_1.040867B_trajectory,B3,interpolated Pythia trajectories,pythia_1.040867B_trajectory,1953,2.3483,2.347015586552008,-0.0012844134479919056,0.0012844134479919056
1.040867,147.286,2.3434,70,1,pythia_1.040867B_trajectory,B3,interpolated Pythia trajectories,pythia_1.040867B_trajectory,1954,2.3434,2.3456859800731475,0.00228598007314762,0.00228598007314762
1.040867,149.58,2.3457,71,1,pythia_1.040867B_trajectory,B3,interpolated Pythia trajectories,pythia_1.040867B_trajectory,1955,2.3457,2.3443622198166665,-0.0013377801833334146,0.0013377801833334146
1.040867,151.91,2.3432,72,1,pythia_1.040867B_trajectory,B3,interpolated Pythia trajectories,pythia_1.040867B_trajectory,1956,2.3432,2.343044021571371,-0.00015597842862913325,0.00015597842862913325
1.040867,154.277,2.3415,73,1,pythia_1.040867B_trajectory,B3,interpolated Pythia trajectories,pythia_1.040867B_trajectory,1957,2.3415,2.3417311260043547,0.00023112600435482022,0.00023112600435482022
1.040867,156.68,2.3421,74,1,pythia_1.040867B_trajectory,B3,interpolated Pythia trajectories,pythia_1.040867B_trajectory,1958,2.3421,2.3404243741999426,-0.001675625800057201,0.001675625800057201
1.040867,159.121,2.3384,76,1,pythia_1.040867B_trajectory,B3,interpolated Pythia trajectories,pythia_1.040867B_trajectory,1959,2.3384,2.3391229613450397,0.0007229613450396855,0.0007229613450396855
1.040867,161.6,2.3403,77,1,pythia_1.040867B_trajectory,B3,interpolated Pythia trajectories,pythia_1.040867B_trajectory,1960,2.3403,2.3378271825457224,-0.0024728174542776316,0.0024728174542776316
1.040867,164.117,2.3386,78,1,pythia_1.040867B_trajectory,B3,interpolated Pythia trajectories,pythia_1.040867B_trajectory,1961,2.3386,2.3365373132822915,-0.002062686717708484,0.002062686717708484
1.040867,166.674,2.3327,79,1,pythia_1.040867B_trajectory,B3,interpolated Pythia trajectories,pythia_1.040867B_trajectory,1962,2.3327,2.3352526152437343,0.002552615243734291,0.002552615243734291
1.040867,169.27,2.3352,80,1,pythia_1.040867B_trajectory,B3,interpolated Pythia trajectories,pythia_1.040867B_trajectory,1963,2.3352,2.3339738732425346,-0.0012261267574653623,0.0012261267574653623
1.040867,171.907,2.3362,82,1,pythia_1.040867B_trajectory,B3,interpolated Pythia trajectories,pythia_1.040867B_trajectory,1964,2.3362,2.332700379726429,-0.0034996202735708692,0.0034996202735708692
1.040867,174.585,2.3294,83,1,pythia_1.040867B_trajectory,B3,interpolated Pythia trajectories,pythia_1.040867B_trajectory,1965,2.3294,2.3314324220355376,0.00203242203553744,0.00203242203553744
1.040867,177.304,2.3294,84,1,pythia_1.040867B_trajectory,B3,interpolated Pythia trajectories,pythia_1.040867B_trajectory,1966,2.3294,2.3301702683632595,0.0007702683632593299,0.0007702683632593299
1.040867,180.066,2.3287,86,1,pythia_1.040867B_trajectory,B3,interpolated Pythia trajectories,pythia_1.040867B_trajectory,1967,2.3287,2.328913267278509,0.00021326727850912164,0.00021326727850912164
1.040867,182.871,2.3271,87,1,pythia_1.040867B_trajectory,B3,interpolated Pythia trajectories,pythia_1.040867B_trajectory,1968,2.3271,2.3276617039603904,0.0005617039603902363,0.0005617039603902363
1.040867,185.72,2.326,88,1,pythia_1.040867B_trajectory,B3,interpolated Pythia trajectories,pythia_1.040867B_trajectory,1969,2.326,2.326415411481944,0.00041541148194390587,0.00041541148194390587
1.040867,188.613,2.3206,90,1,pythia_1.040867B_trajectory,B3,interpolated Pythia trajectories,pythia_1.040867B_trajectory,1970,2.3206,2.3251746633315187,0.004574663331518458,0.004574663331518458
1.040867,191.551,2.3234,91,1,pythia_1.040867B_trajectory,B3,interpolated Pythia trajectories,pythia_1.040867B_trajectory,1971,2.3234,2.323939298216049,0.0005392982160490334,0.0005392982160490334
1.040867,194.535,2.3215,93,1,pythia_1.040867B_trajectory,B3,interpolated Pythia trajectories,pythia_1.040867B_trajectory,1972,2.3215,2.32270916978151,0.0012091697815099778,0.0012091697815099778
1.040867,197.566,2.3243,94,1,pythia_1.040867B_trajectory,B3,interpolated Pythia trajectories,pythia_1.040867B_trajectory,1973,2.3243,2.3214841457443613,-0.0028158542556386834,0.0028158542556386834
1.040867,200.643,2.3168,96,1,pythia_1.040867B_trajectory,B3,interpolated Pythia trajectories,pythia_1.040867B_trajectory,1974,2.3168,2.3202648917613966,0.003464891761396416,0.003464891761396416
1.040867,203.769,2.3184,97,1,pythia_1.040867B_trajectory,B3,interpolated Pythia trajectories,pythia_1.040867B_trajectory,1975,2.3184,2.319050485786586,0.000650485786585886,0.000650485786585886
1.040867,206.943,2.3198,99,1,pythia_1.040867B_trajectory,B3,interpolated Pythia trajectories,pythia_1.040867B_trajectory,1976,2.3198,2.317841588067825,-0.0019584119321747195,0.0019584119321747195
1.040867,210.167,2.3146,100,1,pythia_1.040867B_trajectory,B3,interpolated Pythia trajectories,pythia_1.040867B_trajectory,1977,2.3146,2.3166377014620565,0.002037701462056507,0.002037701462056507
1.040867,213.441,2.3133,102,1,pythia_1.040867B_trajectory,B3,interpolated Pythia trajectories,pythia_1.040867B_trajectory,1978,2.3133,2.3154390947779566,0.002139094777956707,0.002139094777956707
1.040867,216.766,2.3136,103,1,pythia_1.040867B_trajectory,B3,interpolated Pythia trajectories,pythia_1.040867B_trajectory,1979,2.3136,2.314245663435636,0.0006456634356357682,0.0006456634356357682
1.040867,220.142,2.314,105,1,pythia_1.040867B_trajectory,B3,interpolated Pythia trajectories,pythia_1.040867B_trajectory,1980,2.314,2.313057661881991,-0.000942338118008923,0.000942338118008923
1.040867,223.572,2.3126,106,1,pythia_1.040867B_trajectory,B3,interpolated Pythia trajectories,pythia_1.040867B_trajectory,1981,2.3126,2.3118743023683104,-0.0007256976316898367,0.0007256976316898367
1.040867,227.054,2.3111,108,1,pythia_1.040867B_trajectory,B3,interpolated Pythia trajectories,pythia_1.040867B_trajectory,1982,2.3111,2.310696535385864,-0.00040346461413598433,0.00040346461413598433
1.040867,230.591,2.3116,110,1,pythia_1.040867B_trajectory,B3,interpolated Pythia trajectories,pythia_1.040867B_trajectory,1983,2.3116,2.30952359882836,-0.0020764011716400965,0.0020764011716400965
1.040867,234.183,2.3066,112,1,pythia_1.040867B_trajectory,B3,interpolated Pythia trajectories,pythia_1.040867B_trajectory,1984,2.3066,2.308355757512089,0.0017557575120892288,0.0017557575120892288
1.040867,237.831,2.307,113,1,pythia_1.040867B_trajectory,B3,interpolated Pythia trajectories,pythia_1.040867B_trajectory,1985,2.307,2.307192942993581,0.00019294299358119105,0.00019294299358119105
1.040867,241.536,2.3068,115,1,pythia_1.040867B_trajectory,B3,interpolated Pythia trajectories,pythia_1.040867B_trajectory,1986,2.3068,2.306035094638241,-0.0007649053617591051,0.0007649053617591051
1.040867,245.299,2.3028,117,1,pythia_1.040867B_trajectory,B3,interpolated Pythia trajectories,pythia_1.040867B_trajectory,1987,2.3028,2.304882159104107,0.0020821591041069176,0.0020821591041069176
1.040867,249.12,2.3049,119,1,pythia_1.040867B_trajectory,B3,interpolated Pythia trajectories,pythia_1.040867B_trajectory,1988,2.3049,2.303734387280451,-0.0011656127195487365,0.0011656127195487365
1.040867,253.001,2.3012,121,1,pythia_1.040867B_trajectory,B3,interpolated Pythia trajectories,pythia_1.040867B_trajectory,1989,2.3012,2.3025914298720607,0.0013914298720605345,0.0013914298720605345
1.040867,256.942,2.302,122,1,pythia_1.040867B_trajectory,B3,interpolated Pythia trajectories,pythia_1.040867B_trajectory,1990,2.302,2.301453538786898,-0.0005464612131018676,0.0005464612131018676
1.040867,260.944,2.2999,124,1,pythia_1.040867B_trajectory,B3,interpolated Pythia trajectories,pythia_1.040867B_trajectory,1991,2.2999,2.300320668689564,0.0004206686895638079,0.0004206686895638079
1.040867,265.009,2.2999,126,1,pythia_1.040867B_trajectory,B3,interpolated Pythia trajectories,pythia_1.040867B_trajectory,1992,2.2999,2.299192505146607,-0.0007074948533931646,0.0007074948533931646
1.040867,269.138,2.3009,128,1,pythia_1.040867B_trajectory,B3,interpolated Pythia trajectories,pythia_1.040867B_trajectory,1993,2.3009,2.2980690299736284,-0.00283097002637156,0.00283097002637156
1.040867,273.33,2.2934,130,1,pythia_1.040867B_trajectory,B3,interpolated Pythia trajectories,pythia_1.040867B_trajectory,1994,2.2934,2.296950757544714,0.0035507575447137896,0.0035507575447137896
1.040867,277.588,2.2983,132,1,pythia_1.040867B_trajectory,B3,interpolated Pythia trajectories,pythia_1.040867B_trajectory,1995,2.2983,2.295837128907296,-0.002462871092703711,0.002462871092703711
1.040867,281.912,2.2949,134,1,pythia_1.040867B_trajectory,B3,interpolated Pythia trajectories,pythia_1.040867B_trajectory,1996,2.2949,2.294728392189589,-0.00017160781041125617,0.00017160781041125617
1.040867,286.304,2.2956,136,1,pythia_1.040867B_trajectory,B3,interpolated Pythia trajectories,pythia_1.040867B_trajectory,1997,2.2956,2.293624281060304,-0.0019757189396960584,0.0019757189396960584
1.040867,290.764,2.2929,139,1,pythia_1.040867B_trajectory,B3,interpolated Pythia trajectories,pythia_1.040867B_trajectory,1998,2.2929,2.2925250403411064,-0.00037495965889355887,0.00037495965889355887
1.040867,295.293,2.2923,141,1,pythia_1.040867B_trajectory,B3,interpolated Pythia trajectories,pythia_1.040867B_trajectory,1999,2.2923,2.291430659157757,-0.0008693408422431048,0.0008693408422431048
1.040867,299.893,2.2939,143,1,pythia_1.040867B_trajectory,B3,interpolated Pythia trajectories,pythia_1.040867B_trajectory,2000,2.2939,2.2903408950463744,-0.003559104953625436,0.003559104953625436
1.416184,0.134,4.1845,0,1,pythia_1.416184B_trajectory,B3,interpolated Pythia trajectories,pythia_1.416184B_trajectory,2001,4.1845,4.181156438075205,-0.003343561924794791,0.003343561924794791
1.416184,0.136,4.1743,0,1,pythia_1.416184B_trajectory,B3,interpolated Pythia trajectories,pythia_1.416184B_trajectory,2002,4.1743,4.172148901508537,-0.0021510984914625553,0.0021510984914625553
1.416184,0.138,4.164,0,1,pythia_1.416184B_trajectory,B3,interpolated Pythia trajectories,pythia_1.416184B_trajectory,2003,4.164,4.1633093267315004,-0.0006906732684992534,0.0006906732684992534
1.416184,0.14,4.1568,0,1,pythia_1.416184B_trajectory,B3,interpolated Pythia trajectories,pythia_1.416184B_trajectory,2004,4.1568,4.154632214770104,-0.002167785229895358,0.002167785229895358
1.416184,0.143,4.1465,0,1,pythia_1.416184B_trajectory,B3,interpolated Pythia trajectories,pythia_1.416184B_trajectory,2005,4.1465,4.1419097601901615,-0.0045902398098380814,0.0045902398098380814
1.416184,0.145,4.1391,0,1,pythia_1.416184B_trajectory,B3,interpolated Pythia trajectories,pythia_1.416184B_trajectory,2006,4.1391,4.133616385631731,-0.005483614368269052,0.005483614368269052
1.416184,0.147,4.1275,0,1,pythia_1.416184B_trajectory,B3,interpolated Pythia trajectories,pythia_1.416184B_trajectory,2007,4.1275,4.125468140844228,-0.0020318591557719756,0.0020318591557719756
1.416184,0.149,4.1183,0,1,pythia_1.416184B_trajectory,B3,interpolated Pythia trajectories,pythia_1.416184B_trajectory,2008,4.1183,4.11746056277805,-0.0008394372219493462,0.0008394372219493462
1.416184,0.152,4.1122,0,1,pythia_1.416184B_trajectory,B3,interpolated Pythia trajectories,pythia_1.416184B_trajectory,2009,4.1122,4.1057036595951,-0.006496340404899215,0.006496340404899215
1.416184,0.154,4.1068,0,1,pythia_1.416184B_trajectory,B3,interpolated Pythia trajectories,pythia_1.416184B_trajectory,2010,4.1068,4.098029474246173,-0.00877052575382642,0.00877052575382642
1.416184,0.156,4.0963,0,1,pythia_1.416184B_trajectory,B3,interpolated Pythia trajectories,pythia_1.416184B_trajectory,2011,4.0963,4.090481799130249,-0.0058182008697516,0.0058182008697516
1.416184,0.159,4.0834,0,1,pythia_1.416184B_trajectory,B3,interpolated Pythia trajectories,pythia_1.416184B_trajectory,2012,4.0834,4.079389511313218,-0.004010488686781777,0.004010488686781777
1.416184,0.161,4.0759,0,1,pythia_1.416184B_trajectory,B3,interpolated Pythia trajectories,pythia_1.416184B_trajectory,2013,4.0759,4.07214239330192,-0.003757606698079563,0.003757606698079563
1.416184,0.164,4.0663,0,1,pythia_1.416184B_trajectory,B3,interpolated Pythia trajectories,pythia_1.416184B_trajectory,2014,4.0663,4.06148506290368,-0.004814937096320193,0.004814937096320193
1.416184,0.166,4.0624,0,1,pythia_1.416184B_trajectory,B3,interpolated Pythia trajectories,pythia_1.416184B_trajectory,2015,4.0624,4.054517825664513,-0.00788217433548688,0.00788217433548688
1.416184,0.169,4.0539,0,1,pythia_1.416184B_trajectory,B3,interpolated Pythia trajectories,pythia_1.416184B_trajectory,2016,4.0539,4.044265973743477,-0.009634026256522432,0.009634026256522432
1.416184,0.172,4.0441,0,1,pythia_1.416184B_trajectory,B3,interpolated Pythia trajectories,pythia_1.416184B_trajectory,2017,4.0441,4.034244434737796,-0.009855565262204102,0.009855565262204102
1.416184,0.174,4.0407,0,1,pythia_1.416184B_trajectory,B3,interpolated Pythia trajectories,pythia_1.416184B_trajectory,2018,4.0407,4.027686866169746,-0.013013133830254375,0.013013133830254375
1.416184,0.177,4.026,0,1,pythia_1.416184B_trajectory,B3,interpolated Pythia trajectories,pythia_1.416184B_trajectory,2019,4.026,4.018029303639876,-0.007970696360123597,0.007970696360123597
1.416184,0.18,4.0184,0,1,pythia_1.416184B_trajectory,B3,interpolated Pythia trajectories,pythia_1.416184B_trajectory,2020,4.0184,4.008579001276805,-0.009820998723194307,0.009820998723194307
1.416184,0.183,4.0078,0,1,pythia_1.416184B_trajectory,B3,interpolated Pythia trajectories,pythia_1.416184B_trajectory,2021,4.0078,3.9993281663005305,-0.008471833699469133,0.008471833699469133
1.416184,0.185,3.9994,0,1,pythia_1.416184B_trajectory,B3,interpolated Pythia trajectories,pythia_1.416184B_trajectory,2022,3.9994,3.9932680985002924,-0.006131901499707659,0.006131901499707659
1.416184,0.188,3.9954,0,1,pythia_1.416184B_trajectory,B3,interpolated Pythia trajectories,pythia_1.416184B_trajectory,2023,3.9954,3.9843335052846807,-0.011066494715319397,0.011066494715319397
1.416184,0.191,3.9851,0,1,pythia_1.416184B_trajectory,B3,interpolated Pythia trajectories,pythia_1.416184B_trajectory,2024,3.9851,3.9755795501670734,-0.009520449832926658,0.009520449832926658
1.416184,0.194,3.9776,0,1,pythia_1.416184B_trajectory,B3,interpolated Pythia trajectories,pythia_1.416184B_trajectory,2025,3.9776,3.966999828629552,-0.010600171370447775,0.010600171370447775
1.416184,0.197,3.972,0,1,pythia_1.416184B_trajectory,B3,interpolated Pythia trajectories,pythia_1.416184B_trajectory,2026,3.972,3.958588257826656,-0.013411742173344177,0.013411742173344177
1.416184,0.2,3.9602,0,1,pythia_1.416184B_trajectory,B3,interpolated Pythia trajectories,pythia_1.416184B_trajectory,2027,3.9602,3.9503390558209097,-0.009860944179090225,0.009860944179090225
1.416184,0.203,3.9492,0,1,pythia_1.416184B_trajectory,B3,interpolated Pythia trajectories,pythia_1.416184B_trajectory,2028,3.9492,3.9422467224473703,-0.006953277552629533,0.006953277552629533
1.416184,0.207,3.9406,0,1,pythia_1.416184B_trajectory,B3,interpolated Pythia trajectories,pythia_1.416184B_trajectory,2029,3.9406,3.931691948515702,-0.008908051484298074,0.008908051484298074
1.416184,0.21,3.9326,0,1,pythia_1.416184B_trajectory,B3,interpolated Pythia trajectories,pythia_1.416184B_trajectory,2030,3.9326,3.923945705649815,-0.008654294350185054,0.008654294350185054
1.416184,0.213,3.9252,0,1,pythia_1.416184B_trajectory,B3,interpolated Pythia trajectories,pythia_1.416184B_trajectory,2031,3.9252,3.916339815696073,-0.008860184303926655,0.008860184303926655
1.416184,0.216,3.9187,0,1,pythia_1.416184B_trajectory,B3,interpolated Pythia trajectories,pythia_1.416184B_trajectory,2032,3.9187,3.9088698118722425,-0.009830188127757378,0.009830188127757378
1.416184,0.22,3.9041,0,1,pythia_1.416184B_trajectory,B3,interpolated Pythia trajectories,pythia_1.416184B_trajectory,2033,3.9041,3.899113841021059,-0.00498615897894128,0.00498615897894128
1.416184,0.223,3.8989,0,1,pythia_1.416184B_trajectory,B3,interpolated Pythia trajectories,pythia_1.416184B_trajectory,2034,3.8989,3.891944645154976,-0.006955354845023631,0.006955354845023631
1.416184,0.227,3.8913,0,1,pythia_1.416184B_trajectory,B3,interpolated Pythia trajectories,pythia_1.416184B_trajectory,2035,3.8913,3.882575461189025,-0.008724538810975346,0.008724538810975346
1.416184,0.23,3.8778,0,1,pythia_1.416184B_trajectory,B3,interpolated Pythia trajectories,pythia_1.416184B_trajectory,2036,3.8778,3.875686154134593,-0.0021138458654070824,0.0021138458654070824
1.416184,0.234,3.8748,0,1,pythia_1.416184B_trajectory,B3,interpolated Pythia trajectories,pythia_1.416184B_trajectory,2037,3.8748,3.866677261759187,-0.00812273824081311,0.00812273824081311
1.416184,0.237,3.8655,0,1,pythia_1.416184B_trajectory,B3,interpolated Pythia trajectories,pythia_1.416184B_trajectory,2038,3.8655,3.8600489552880983,-0.005451044711901609,0.005451044711901609
1.416184,0.241,3.857,0,1,pythia_1.416184B_trajectory,B3,interpolated Pythia trajectories,pythia_1.416184B_trajectory,2039,3.857,3.8513763940844497,-0.005623605915550556,0.005623605915550556
1.416184,0.245,3.8488,0,1,pythia_1.416184B_trajectory,B3,interpolated Pythia trajectories,pythia_1.416184B_trajectory,2040,3.8488,3.8428861328728288,-0.005913867127171457,0.005913867127171457
1.416184,0.249,3.8381,0,1,pythia_1.416184B_trajectory,B3,interpolated Pythia trajectories,pythia_1.416184B_trajectory,2041,3.8381,3.8345714558035517,-0.0035285441964481024,0.0035285441964481024
1.416184,0.253,3.8324,0,1,pythia_1.416184B_trajectory,B3,interpolated Pythia trajectories,pythia_1.416184B_trajectory,2042,3.8324,3.8264259972997783,-0.005974002700221526,0.005974002700221526
1.416184,0.256,3.8214,0,1,pythia_1.416184B_trajectory,B3,interpolated Pythia trajectories,pythia_1.416184B_trajectory,2043,3.8214,3.8204243087390997,-0.0009756912609004686,0.0009756912609004686
1.416184,0.26,3.8121,0,1,pythia_1.416184B_trajectory,B3,interpolated Pythia trajectories,pythia_1.416184B_trajectory,2044,3.8121,3.8125606363223663,0.00046063632236625907,0.00046063632236625907
1.416184,0.265,3.8052,0,1,pythia_1.416184B_trajectory,B3,interpolated Pythia trajectories,pythia_1.416184B_trajectory,2045,3.8052,3.8029460519030502,-0.002253948096949898,0.002253948096949898
1.416184,0.269,3.7971,0,1,pythia_1.416184B_trajectory,B3,interpolated Pythia trajectories,pythia_1.416184B_trajectory,2046,3.7971,3.795420034883349,-0.0016799651166508056,0.0016799651166508056
1.416184,0.273,3.7847,0,1,pythia_1.416184B_trajectory,B3,interpolated Pythia trajectories,pythia_1.416184B_trajectory,2047,3.7847,3.788035904472925,0.0033359044729248666,0.0033359044729248666
1.416184,0.277,3.7827,0,1,pythia_1.416184B_trajectory,B3,interpolated Pythia trajectories,pythia_1.416184B_trajectory,2048,3.7827,3.7807889648072424,-0.001911035192757815,0.001911035192757815
1.416184,0.281,3.7741,0,1,pythia_1.416184B_trajectory,B3,interpolated Pythia trajectories,pythia_1.416184B_trajectory,2049,3.7741,3.77367474040675,-0.0004252595932499048,0.0004252595932499048
1.416184,0.286,3.7654,0,1,pythia_1.416184B_trajectory,B3,interpolated Pythia trajectories,pythia_1.416184B_trajectory,2050,3.7654,3.7649621068157844,-0.00043789318421572077,0.00043789318421572077
1.416184,0.29,3.7626,0,1,pythia_1.416184B_trajectory,B3,interpolated Pythia trajectories,pythia_1.416184B_trajectory,2051,3.7626,3.758131181009541,-0.004468818990459145,0.004468818990459145
1.416184,0.295,3.7554,0,1,pythia_1.416184B_trajectory,B3,interpolated Pythia trajectories,pythia_1.416184B_trajectory,2052,3.7554,3.7497601892213814,-0.005639810778618415,0.005639810778618415
1.416184,0.299,3.748,0,1,pythia_1.416184B_trajectory,B3,interpolated Pythia trajectories,pythia_1.416184B_trajectory,2053,3.748,3.74319307275915,-0.0048069272408501895,0.0048069272408501895
1.416184,0.304,3.7385,0,1,pythia_1.416184B_trajectory,B3,interpolated Pythia trajectories,pythia_1.416184B_trajectory,2054,3.7385,3.735140568531728,-0.0033594314682723336,0.0033594314682723336
1.416184,0.309,3.7319,0,1,pythia_1.416184B_trajectory,B3,interpolated Pythia trajectories,pythia_1.416184B_trajectory,2055,3.7319,3.7272558151470423,-0.0046441848529577,0.0046441848529577
1.416184,0.314,3.7251,0,1,pythia_1.416184B_trajectory,B3,interpolated Pythia trajectories,pythia_1.416184B_trajectory,2056,3.7251,3.7195326871803314,-0.005567312819668491,0.005567312819668491
1.416184,0.318,3.7186,0,1,pythia_1.416184B_trajectory,B3,interpolated Pythia trajectories,pythia_1.416184B_trajectory,2057,3.7186,3.7134666415552458,-0.005133358444754155,0.005133358444754155
1.416184,0.323,3.7168,0,1,pythia_1.416184B_trajectory,B3,interpolated Pythia trajectories,pythia_1.416184B_trajectory,2058,3.7168,3.706020000729992,-0.010779999270007945,0.010779999270007945
1.416184,0.328,3.7057,0,1,pythia_1.416184B_trajectory,B3,interpolated Pythia trajectories,pythia_1.416184B_trajectory,2059,3.7057,3.698719452962038,-0.006980547037962026,0.006980547037962026
1.416184,0.334,3.7017,0,1,pythia_1.416184B_trajectory,B3,interpolated Pythia trajectories,pythia_1.416184B_trajectory,2060,3.7017,3.69014457575131,-0.011555424248690382,0.011555424248690382
1.416184,0.339,3.6883,0,1,pythia_1.416184B_trajectory,B3,interpolated Pythia trajectories,pythia_1.416184B_trajectory,2061,3.6883,3.683148076566153,-0.00515192343384685,0.00515192343384685
1.416184,0.344,3.6828,0,1,pythia_1.416184B_trajectory,B3,interpolated Pythia trajectories,pythia_1.416184B_trajectory,2062,3.6828,3.676282421014956,-0.006517578985044015,0.006517578985044015
1.416184,0.349,3.6761,0,1,pythia_1.416184B_trajectory,B3,interpolated Pythia trajectories,pythia_1.416184B_trajectory,2063,3.6761,3.669543313012127,-0.006556686987873039,0.006556686987873039
1.416184,0.355,3.6701,0,1,pythia_1.416184B_trajectory,B3,interpolated Pythia trajectories,pythia_1.416184B_trajectory,2064,3.6701,3.6616176723195384,-0.008482327680461754,0.008482327680461754
1.416184,0.36,3.6649,0,1,pythia_1.416184B_trajectory,B3,interpolated Pythia trajectories,pythia_1.416184B_trajectory,2065,3.6649,3.6551428148724963,-0.009757185127503565,0.009757185127503565
1.416184,0.366,3.6546,0,1,pythia_1.416184B_trajectory,B3,interpolated Pythia trajectories,pythia_1.416184B_trajectory,2066,3.6546,3.6475232666507766,-0.007076733349223208,0.007076733349223208
1.416184,0.372,3.6449,0,1,pythia_1.416184B_trajectory,B3,interpolated Pythia trajectories,pythia_1.416184B_trajectory,2067,3.6449,3.640061934808843,-0.004838065191156815,0.004838065191156815
1.416184,0.377,3.6425,0,1,pythia_1.416184B_trajectory,B3,interpolated Pythia trajectories,pythia_1.416184B_trajectory,2068,3.6425,3.6339608542354997,-0.008539145764500322,0.008539145764500322
1.416184,0.383,3.6347,0,1,pythia_1.416184B_trajectory,B3,interpolated Pythia trajectories,pythia_1.416184B_trajectory,2069,3.6347,3.6267748435479357,-0.007925156452064375,0.007925156452064375
1.416184,0.389,3.6257,0,1,pythia_1.416184B_trajectory,B3,interpolated Pythia trajectories,pythia_1.416184B_trajectory,2070,3.6257,3.6197314892410932,-0.00596851075890692,0.00596851075890692
1.416184,0.395,3.6192,0,1,pythia_1.416184B_trajectory,B3,interpolated Pythia trajectories,pythia_1.416184B_trajectory,2071,3.6192,3.612825823572388,-0.006374176427612177,0.006374176427612177
1.416184,0.402,3.614,0,1,pythia_1.416184B_trajectory,B3,interpolated Pythia trajectories,pythia_1.416184B_trajectory,2072,3.614,3.60493694920199,-0.009063050798010064,0.009063050798010064
1.416184,0.408,3.602,0,1,pythia_1.416184B_trajectory,B3,interpolated Pythia trajectories,pythia_1.416184B_trajectory,2073,3.602,3.598313713204684,-0.0036862867953160183,0.0036862867953160183
1.416184,0.414,3.6022,0,1,pythia_1.416184B_trajectory,B3,interpolated Pythia trajectories,pythia_1.416184B_trajectory,2074,3.6022,3.5918139794061217,-0.010386020593878165,0.010386020593878165
1.416184,0.421,3.5898,0,1,pythia_1.416184B_trajectory,B3,interpolated Pythia trajectories,pythia_1.416184B_trajectory,2075,3.5898,3.584381665931284,-0.0054183340687159465,0.0054183340687159465
1.416184,0.427,3.5837,0,1,pythia_1.416184B_trajectory,B3,interpolated Pythia trajectories,pythia_1.416184B_trajectory,2076,3.5837,3.57813589899338,-0.005564101006620081,0.005564101006620081
1.416184,0.434,3.5756,0,1,pythia_1.416184B_trajectory,B3,interpolated Pythia trajectories,pythia_1.416184B_trajectory,2077,3.5756,3.5709896291125514,-0.004610370887448756,0.004610370887448756
1.416184,0.441,3.5682,0,1,pythia_1.416184B_trajectory,B3,interpolated Pythia trajectories,pythia_1.416184B_trajectory,2078,3.5682,3.5639893791178707,-0.004210620882129312,0.004210620882129312
1.416184,0.447,3.5616,0,1,pythia_1.416184B_trajectory,B3,interpolated Pythia trajectories,pythia_1.416184B_trajectory,2079,3.5616,3.5581014119798398,-0.0034985880201601205,0.0034985880201601205
1.416184,0.454,3.5546,0,1,pythia_1.416184B_trajectory,B3,interpolated Pythia trajectories,pythia_1.416184B_trajectory,2080,3.5546,3.5513586643316586,-0.003241335668341616,0.003241335668341616
1.416184,0.461,3.5504,0,1,pythia_1.416184B_trajectory,B3,interpolated Pythia trajectories,pythia_1.416184B_trajectory,2081,3.5504,3.5447476809234217,-0.0056523190765780384,0.0056523190765780384
1.416184,0.469,3.5398,0,1,pythia_1.416184B_trajectory,B3,interpolated Pythia trajectories,pythia_1.416184B_trajectory,2082,3.5398,3.537347830031041,-0.00245216996895925,0.00245216996895925
1.416184,0.476,3.541,0,1,pythia_1.416184B_trajectory,B3,interpolated Pythia trajectories,pythia_1.416184B_trajectory,2083,3.541,3.5310042665863532,-0.009995733413646679,0.009995733413646679
1.416184,0.483,3.5276,0,1,pythia_1.416184B_trajectory,B3,interpolated Pythia trajectories,pythia_1.416184B_trajectory,2084,3.5276,3.5247789903404936,-0.0028210096595064904,0.0028210096595064904
1.416184,0.491,3.5201,0,1,pythia_1.416184B_trajectory,B3,interpolated Pythia trajectories,pythia_1.416184B_trajectory,2085,3.5201,3.517804270870711,-0.0022957291292886595,0.0022957291292886595
1.416184,0.499,3.5116,0,1,pythia_1.416184B_trajectory,B3,interpolated Pythia trajectories,pythia_1.416184B_trajectory,2086,3.5116,3.5109735023900925,-0.000626497609907517,0.000626497609907517
1.416184,0.506,3.505,0,1,pythia_1.416184B_trajectory,B3,interpolated Pythia trajectories,pythia_1.416184B_trajectory,2087,3.505,3.5051105636115576,0.00011056361155770134,0.00011056361155770134
1.416184,0.514,3.5008,0,1,pythia_1.416184B_trajectory,B3,interpolated Pythia trajectories,pythia_1.416184B_trajectory,2088,3.5008,3.498535875197665,-0.0022641248023349547,0.0022641248023349547
1.416184,0.522,3.4902,0,1,pythia_1.416184B_trajectory,B3,interpolated Pythia trajectories,pythia_1.416184B_trajectory,2089,3.4902,3.492090869076505,0.0018908690765049307,0.0018908690765049307
1.416184,0.53,3.4855,0,1,pythia_1.416184B_trajectory,B3,interpolated Pythia trajectories,pythia_1.416184B_trajectory,2090,3.4855,3.4857710578639653,0.0002710578639653072,0.0002710578639653072
1.416184,0.539,3.4811,0,1,pythia_1.416184B_trajectory,B3,interpolated Pythia trajectories,pythia_1.416184B_trajectory,2091,3.4811,3.478805612066027,-0.0022943879339729634,0.0022943879339729634
1.416184,0.547,3.475,0,1,pythia_1.416184B_trajectory,B3,interpolated Pythia trajectories,pythia_1.416184B_trajectory,2092,3.475,3.472737927347657,-0.002262072652343239,0.002262072652343239
1.416184,0.556,3.4644,0,1,pythia_1.416184B_trajectory,B3,interpolated Pythia trajectories,pythia_1.416184B_trajectory,2093,3.4644,3.4660461039322024,0.0016461039322024362,0.0016461039322024362
1.416184,0.564,3.463,0,1,pythia_1.416184B_trajectory,B3,interpolated Pythia trajectories,pythia_1.416184B_trajectory,2094,3.463,3.460213169963884,-0.002786830036116239,0.002786830036116239
1.416184,0.573,3.4566,0,1,pythia_1.416184B_trajectory,B3,interpolated Pythia trajectories,pythia_1.416184B_trajectory,2095,3.4566,3.4537763922472884,-0.00282360775271151,0.00282360775271151
1.416184,0.582,3.4487,0,1,pythia_1.416184B_trajectory,B3,interpolated Pythia trajectories,pythia_1.416184B_trajectory,2096,3.4487,3.447467728373033,-0.0012322716269670408,0.0012322716269670408
1.416184,0.591,3.4459,0,1,pythia_1.416184B_trajectory,B3,interpolated Pythia trajectories,pythia_1.416184B_trajectory,2097,3.4459,3.4412827056286575,-0.004617294371342506,0.004617294371342506
1.416184,0.6,3.4377,0,1,pythia_1.416184B_trajectory,B3,interpolated Pythia trajectories,pythia_1.416184B_trajectory,2098,3.4377,3.4352170725591575,-0.0024829274408424418,0.0024829274408424418
1.416184,0.61,3.4344,0,1,pythia_1.416184B_trajectory,B3,interpolated Pythia trajectories,pythia_1.416184B_trajectory,2099,3.4344,3.4286125928681153,-0.0057874071318848586,0.0057874071318848586
1.416184,0.619,3.4233,0,1,pythia_1.416184B_trajectory,B3,interpolated Pythia trajectories,pythia_1.416184B_trajectory,2100,3.4233,3.4227859592878875,-0.0005140407121122514,0.0005140407121122514
1.416184,0.629,3.4227,0,1,pythia_1.416184B_trajectory,B3,interpolated Pythia trajectories,pythia_1.416184B_trajectory,2101,3.4227,3.4164377682843945,-0.00626223171560536,0.00626223171560536
1.416184,0.638,3.4135,0,1,pythia_1.416184B_trajectory,B3,interpolated Pythia trajectories,pythia_1.416184B_trajectory,2102,3.4135,3.41083386033407,-0.0026661396659299896,0.0026661396659299896
1.416184,0.648,3.4096,0,1,pythia_1.416184B_trajectory,B3,interpolated Pythia trajectories,pythia_1.416184B_trajectory,2103,3.4096,3.40472476345011,-0.004875236549890083,0.004875236549890083
1.416184,0.659,3.4043,0,1,pythia_1.416184B_trajectory,B3,interpolated Pythia trajectories,pythia_1.416184B_trajectory,2104,3.4043,3.398142603490549,-0.006157396509451019,0.006157396509451019
1.416184,0.669,3.3966,0,1,pythia_1.416184B_trajectory,B3,interpolated Pythia trajectories,pythia_1.416184B_trajectory,2105,3.3966,3.3922796989607766,-0.004320301039223207,0.004320301039223207
1.416184,0.679,3.3932,0,1,pythia_1.416184B_trajectory,B3,interpolated Pythia trajectories,pythia_1.416184B_trajectory,2106,3.3932,3.3865278995136556,-0.00667210048634459,0.00667210048634459
1.416184,0.69,3.3882,0,1,pythia_1.416184B_trajectory,B3,interpolated Pythia trajectories,pythia_1.416184B_trajectory,2107,3.3882,3.3803248406939153,-0.007875159306084623,0.007875159306084623
1.416184,0.701,3.3797,0,1,pythia_1.416184B_trajectory,B3,interpolated Pythia trajectories,pythia_1.416184B_trajectory,2108,3.3797,3.3742470743146793,-0.005452925685320853,0.005452925685320853
1.416184,0.711,3.3761,0,1,pythia_1.416184B_trajectory,B3,interpolated Pythia trajectories,pythia_1.416184B_trajectory,2109,3.3761,3.3688268181734857,-0.007273181826514374,0.007273181826514374
1.416184,0.723,3.3662,0,1,pythia_1.416184B_trajectory,B3,interpolated Pythia trajectories,pythia_1.416184B_trajectory,2110,3.3662,3.362449889350859,-0.003750110649141103,0.003750110649141103
1.416184,0.734,3.3641,0,1,pythia_1.416184B_trajectory,B3,interpolated Pythia trajectories,pythia_1.416184B_trajectory,2111,3.3641,3.3567222483867463,-0.0073777516132538246,0.0073777516132538246
1.416184,0.745,3.3611,0,1,pythia_1.416184B_trajectory,B3,interpolated Pythia trajectories,pythia_1.416184B_trajectory,2112,3.3611,3.351103427504995,-0.009996572495004852,0.009996572495004852
1.416184,0.757,3.3545,0,1,pythia_1.416184B_trajectory,B3,interpolated Pythia trajectories,pythia_1.416184B_trajectory,2113,3.3545,3.345093653890663,-0.009406346109336994,0.009406346109336994
1.416184,0.769,3.3492,0,1,pythia_1.416184B_trajectory,B3,interpolated Pythia trajectories,pythia_1.416184B_trajectory,2114,3.3492,3.339204590329895,-0.00999540967010537,0.00999540967010537
1.416184,0.781,3.3372,0,1,pythia_1.416184B_trajectory,B3,interpolated Pythia trajectories,pythia_1.416184B_trajectory,2115,3.3372,3.333431984606045,-0.003768015393954993,0.003768015393954993
1.416184,0.793,3.3364,0,1,pythia_1.416184B_trajectory,B3,interpolated Pythia trajectories,pythia_1.416184B_trajectory,2116,3.3364,3.3277717967195812,-0.008628203280418578,0.008628203280418578
1.416184,0.805,3.3277,0,1,pythia_1.416184B_trajectory,B3,interpolated Pythia trajectories,pythia_1.416184B_trajectory,2117,3.3277,3.322220185274691,-0.005479814725309229,0.005479814725309229
1.416184,0.818,3.3216,0,1,pythia_1.416184B_trajectory,B3,interpolated Pythia trajectories,pythia_1.416184B_trajectory,2118,3.3216,3.3163242297689077,-0.00527577023109238,0.00527577023109238
1.416184,0.83,3.3198,0,1,pythia_1.416184B_trajectory,B3,interpolated Pythia trajectories,pythia_1.416184B_trajectory,2119,3.3198,3.3109872810740097,-0.008812718925990115,0.008812718925990115
1.416184,0.843,3.3102,0,1,pythia_1.416184B_trajectory,B3,interpolated Pythia trajectories,pythia_1.416184B_trajectory,2120,3.3102,3.3053159120553604,-0.004884087944639681,0.004884087944639681
1.416184,0.856,3.3041,0,1,pythia_1.416184B_trajectory,B3,interpolated Pythia trajectories,pythia_1.416184B_trajectory,2121,3.3041,3.2997553893970633,-0.004344610602936783,0.004344610602936783
1.416184,0.87,3.3018,0,1,pythia_1.416184B_trajectory,B3,interpolated Pythia trajectories,pythia_1.416184B_trajectory,2122,3.3018,3.293886742563357,-0.007913257436642951,0.007913257436642951
1.416184,0.883,3.2922,0,1,pythia_1.416184B_trajectory,B3,interpolated Pythia trajectories,pythia_1.416184B_trajectory,2123,3.2922,3.2885445050449733,-0.0036554949550264837,0.0036554949550264837
1.416184,0.897,3.2892,0,1,pythia_1.416184B_trajectory,B3,interpolated Pythia trajectories,pythia_1.416184B_trajectory,2124,3.2892,3.2829027609205,-0.006297239079500194,0.006297239079500194
1.416184,0.911,3.282,0,1,pythia_1.416184B_trajectory,B3,interpolated Pythia trajectories,pythia_1.416184B_trajectory,2125,3.282,3.27737260434971,-0.004627395650290023,0.004627395650290023
1.416184,0.925,3.2806,0,1,pythia_1.416184B_trajectory,B3,interpolated Pythia trajectories,pythia_1.416184B_trajectory,2126,3.2806,3.2719501635850516,-0.008649836414948542,0.008649836414948542
1.416184,0.94,3.2688,0,1,pythia_1.416184B_trajectory,B3,interpolated Pythia trajectories,pythia_1.416184B_trajectory,2127,3.2688,3.2662557583816003,-0.002544241618399834,0.002544241618399834
1.416184,0.954,3.2653,0,1,pythia_1.416184B_trajectory,B3,interpolated Pythia trajectories,pythia_1.416184B_trajectory,2128,3.2653,3.2610449346697887,-0.0042550653302111385,0.0042550653302111385
1.416184,0.969,3.2614,0,1,pythia_1.416184B_trajectory,B3,interpolated Pythia trajectories,pythia_1.416184B_trajectory,2129,3.2614,3.255569424333773,-0.0058305756662271335,0.0058305756662271335
1.416184,0.984,3.2543,0,1,pythia_1.416184B_trajectory,B3,interpolated Pythia trajectories,pythia_1.416184B_trajectory,2130,3.2543,3.250201336131312,-0.004098663868688401,0.004098663868688401
1.416184,1.0,3.2418,0,1,pythia_1.416184B_trajectory,B3,interpolated Pythia trajectories,pythia_1.416184B_trajectory,2131,3.2418,3.2445896158675014,0.0027896158675013716,0.0027896158675013716
1.416184,1.015,3.241,0,1,pythia_1.416184B_trajectory,B3,interpolated Pythia trajectories,pythia_1.416184B_trajectory,2132,3.241,3.239432019527265,-0.0015679804727350977,0.0015679804727350977
1.416184,1.031,3.2357,0,1,pythia_1.416184B_trajectory,B3,interpolated Pythia trajectories,pythia_1.416184B_trajectory,2133,3.2357,3.234037025702767,-0.0016629742972331663,0.0016629742972331663
1.416184,1.047,3.2302,0,1,pythia_1.416184B_trajectory,B3,interpolated Pythia trajectories,pythia_1.416184B_trajectory,2134,3.2302,3.2287481386950914,-0.001451861304908597,0.001451861304908597
1.416184,1.063,3.2254,0,1,pythia_1.416184B_trajectory,B3,interpolated Pythia trajectories,pythia_1.416184B_trajectory,2135,3.2254,3.2235616973195254,-0.0018383026804746905,0.0018383026804746905
1.416184,1.08,3.2201,0,1,pythia_1.416184B_trajectory,B3,interpolated Pythia trajectories,pythia_1.416184B_trajectory,2136,3.2201,3.218159461430046,-0.001940538569953798,0.001940538569953798
1.416184,1.097,3.2124,0,1,pythia_1.416184B_trajectory,B3,interpolated Pythia trajectories,pythia_1.416184B_trajectory,2137,3.2124,3.2128649784715795,0.0004649784715793359,0.0004649784715793359
1.416184,1.114,3.2088,0,1,pythia_1.416184B_trajectory,B3,interpolated Pythia trajectories,pythia_1.416184B_trajectory,2138,3.2088,3.2076744786483884,-0.0011255213516117024,0.0011255213516117024
1.416184,1.131,3.2047,0,1,pythia_1.416184B_trajectory,B3,interpolated Pythia trajectories,pythia_1.416184B_trajectory,2139,3.2047,3.2025843790369715,-0.0021156209630284195,0.0021156209630284195
1.416184,1.149,3.1992,0,1,pythia_1.416184B_trajectory,B3,interpolated Pythia trajectories,pythia_1.416184B_trajectory,2140,3.1992,3.1973005098780023,-0.0018994901219975269,0.0018994901219975269
1.416184,1.167,3.1943,0,1,pythia_1.416184B_trajectory,B3,interpolated Pythia trajectories,pythia_1.416184B_trajectory,2141,3.1943,3.192121535866452,-0.0021784641335482746,0.0021784641335482746
1.416184,1.185,3.1908,0,1,pythia_1.416184B_trajectory,B3,interpolated Pythia trajectories,pythia_1.416184B_trajectory,2142,3.1908,3.1870438042243086,-0.0037561957756913067,0.0037561957756913067
1.416184,1.203,3.1844,0,1,pythia_1.416184B_trajectory,B3,interpolated Pythia trajectories,pythia_1.416184B_trajectory,2143,3.1844,3.1820638424171444,-0.002336157582855769,0.002336157582855769
1.416184,1.222,3.1814,0,1,pythia_1.416184B_trajectory,B3,interpolated Pythia trajectories,pythia_1.416184B_trajectory,2144,3.1814,3.176909636217249,-0.004490363782751139,0.004490363782751139
1.416184,1.241,3.1739,0,1,pythia_1.416184B_trajectory,B3,interpolated Pythia trajectories,pythia_1.416184B_trajectory,2145,3.1739,3.1718569910650993,-0.0020430089349008362,0.0020430089349008362
1.416184,1.26,3.1715,0,1,pythia_1.416184B_trajectory,B3,interpolated Pythia trajectories,pythia_1.416184B_trajectory,2146,3.1715,3.1669023961591396,-0.004597603840860387,0.004597603840860387
1.416184,1.28,3.1652,0,1,pythia_1.416184B_trajectory,B3,interpolated Pythia trajectories,pythia_1.416184B_trajectory,2147,3.1652,3.161789292010003,-0.003410707989996986,0.003410707989996986
1.416184,1.3,3.1606,0,1,pythia_1.416184B_trajectory,B3,interpolated Pythia trajectories,pythia_1.416184B_trajectory,2148,3.1606,3.156777431251772,-0.0038225687482280613,0.0038225687482280613
1.416184,1.32,3.1556,0,1,pythia_1.416184B_trajectory,B3,interpolated Pythia trajectories,pythia_1.416184B_trajectory,2149,3.1556,3.1518632972247884,-0.0037367027752117643,0.0037367027752117643
1.416184,1.341,3.1554,0,1,pythia_1.416184B_trajectory,B3,interpolated Pythia trajectories,pythia_1.416184B_trajectory,2150,3.1554,3.146804978646579,-0.008595021353421384,0.008595021353421384
1.416184,1.362,3.1462,0,1,pythia_1.416184B_trajectory,B3,interpolated Pythia trajectories,pythia_1.416184B_trajectory,2151,3.1462,3.141847040522914,-0.004352959477085694,0.004352959477085694
1.416184,1.383,3.1434,0,1,pythia_1.416184B_trajectory,B3,interpolated Pythia trajectories,pythia_1.416184B_trajectory,2152,3.1434,3.1369859885623748,-0.006414011437625433,0.006414011437625433
1.416184,1.404,3.1384,0,1,pythia_1.416184B_trajectory,B3,interpolated Pythia trajectories,pythia_1.416184B_trajectory,2153,3.1384,3.1322185008349805,-0.006181499165019311,0.006181499165019311
1.416184,1.426,3.1309,0,1,pythia_1.416184B_trajectory,B3,interpolated Pythia trajectories,pythia_1.416184B_trajectory,2154,3.1309,3.1273209017052093,-0.00357909829479075,0.00357909829479075
1.416184,1.449,3.1301,0,1,pythia_1.416184B_trajectory,B3,interpolated Pythia trajectories,pythia_1.416184B_trajectory,2155,3.1301,3.122303022880355,-0.00779697711964511,0.00779697711964511
1.416184,1.471,3.1208,0,1,pythia_1.416184B_trajectory,B3,interpolated Pythia trajectories,pythia_1.416184B_trajectory,2156,3.1208,3.117597794531335,-0.0032022054686651202,0.0032022054686651202
1.416184,1.494,3.1168,0,1,pythia_1.416184B_trajectory,B3,interpolated Pythia trajectories,pythia_1.416184B_trajectory,2157,3.1168,3.112774033037153,-0.004025966962847072,0.004025966962847072
1.416184,1.517,3.1131,0,1,pythia_1.416184B_trajectory,B3,interpolated Pythia trajectories,pythia_1.416184B_trajectory,2158,3.1131,3.108044392857101,-0.005055607142899099,0.005055607142899099
1.416184,1.541,3.1132,0,1,pythia_1.416184B_trajectory,B3,interpolated Pythia trajectories,pythia_1.416184B_trajectory,2159,3.1132,3.103205981328168,-0.009994018671831917,0.009994018671831917
1.416184,1.565,3.1085,0,1,pythia_1.416184B_trajectory,B3,interpolated Pythia trajectories,pythia_1.416184B_trajectory,2160,3.1085,3.0984630662614263,-0.010036933738573506,0.010036933738573506
1.416184,1.589,3.0971,0,1,pythia_1.416184B_trajectory,B3,interpolated Pythia trajectories,pythia_1.416184B_trajectory,2161,3.0971,3.0938123411106764,-0.003287658889323808,0.003287658889323808
1.416184,1.614,3.098,0,1,pythia_1.416184B_trajectory,B3,interpolated Pythia trajectories,pythia_1.416184B_trajectory,2162,3.098,3.089062479295938,-0.008937520704062063,0.008937520704062063
1.416184,1.639,3.0878,0,1,pythia_1.416184B_trajectory,B3,interpolated Pythia trajectories,pythia_1.416184B_trajectory,2163,3.0878,3.084405860541753,-0.0033941394582472917,0.0033941394582472917
1.416184,1.665,3.087,0,1,pythia_1.416184B_trajectory,B3,interpolated Pythia trajectories,pythia_1.416184B_trajectory,2164,3.087,3.0796584389383783,-0.007341561061621871,0.007341561061621871
1.416184,1.691,3.0802,0,1,pythia_1.416184B_trajectory,B3,interpolated Pythia trajectories,pythia_1.416184B_trajectory,2165,3.0802,3.075004964027401,-0.005195035972599182,0.005195035972599182
1.416184,1.717,3.0745,0,1,pythia_1.416184B_trajectory,B3,interpolated Pythia trajectories,pythia_1.416184B_trajectory,2166,3.0745,3.0704421745089854,-0.004057825491014633,0.004057825491014633
1.416184,1.744,3.0711,0,1,pythia_1.416184B_trajectory,B3,interpolated Pythia trajectories,pythia_1.416184B_trajectory,2167,3.0711,3.065796554835228,-0.0053034451647717695,0.0053034451647717695
1.416184,1.771,3.065,0,1,pythia_1.416184B_trajectory,B3,interpolated Pythia trajectories,pythia_1.416184B_trajectory,2168,3.065,3.0612420863087264,-0.00375791369127354,0.00375791369127354
1.416184,1.799,3.0595,0,1,pythia_1.416184B_trajectory,B3,interpolated Pythia trajectories,pythia_1.416184B_trajectory,2169,3.0595,3.056611857746911,-0.0028881422530888656,0.0028881422530888656
1.416184,1.827,3.0532,0,1,pythia_1.416184B_trajectory,B3,interpolated Pythia trajectories,pythia_1.416184B_trajectory,2170,3.0532,3.05207295802351,-0.0011270419764897177,0.0011270419764897177
1.416184,1.855,3.0472,0,1,pythia_1.416184B_trajectory,B3,interpolated Pythia trajectories,pythia_1.416184B_trajectory,2171,3.0472,3.0476222268953626,0.00042222689536242086,0.00042222689536242086
1.416184,1.884,3.0451,0,1,pythia_1.416184B_trajectory,B3,interpolated Pythia trajectories,pythia_1.416184B_trajectory,2172,3.0451,3.043102284722006,-0.001997715277993972,0.001997715277993972
1.416184,1.913,3.0429,0,1,pythia_1.416184B_trajectory,B3,interpolated Pythia trajectories,pythia_1.416184B_trajectory,2173,3.0429,3.038670523641761,-0.004229476358239115,0.004229476358239115
1.416184,1.943,3.0393,0,1,pythia_1.416184B_trajectory,B3,interpolated Pythia trajectories,pythia_1.416184B_trajectory,2174,3.0393,3.0341755262079344,-0.005124473792065487,0.005124473792065487
1.416184,1.973,3.0328,0,1,pythia_1.416184B_trajectory,B3,interpolated Pythia trajectories,pythia_1.416184B_trajectory,2175,3.0328,3.0297684898395953,-0.0030315101604045935,0.0030315101604045935
1.416184,2.004,3.0277,0,1,pythia_1.416184B_trajectory,B3,interpolated Pythia trajectories,pythia_1.416184B_trajectory,2176,3.0277,3.0253037536055407,-0.002396246394459123,0.002396246394459123
1.416184,2.035,3.0255,0,1,pythia_1.416184B_trajectory,B3,interpolated Pythia trajectories,pythia_1.416184B_trajectory,2177,3.0255,3.0209265488831383,-0.004573451116861804,0.004573451116861804
1.416184,2.067,3.0185,0,1,pythia_1.416184B_trajectory,B3,interpolated Pythia trajectories,pythia_1.416184B_trajectory,2178,3.0185,3.016496765734722,-0.002003234265278042,0.002003234265278042
1.416184,2.099,3.0093,1,1,pythia_1.416184B_trajectory,B3,interpolated Pythia trajectories,pythia_1.416184B_trajectory,2179,3.0093,3.0121538972887354,0.0028538972887353076,0.0028538972887353076
1.416184,2.132,3.0075,1,1,pythia_1.416184B_trajectory,B3,interpolated Pythia trajectories,pythia_1.416184B_trajectory,2180,3.0075,3.007763180455178,0.00026318045517825794,0.00026318045517825794
1.416184,2.165,3.0001,1,1,pythia_1.416184B_trajectory,B3,interpolated Pythia trajectories,pythia_1.416184B_trajectory,2181,3.0001,3.0034585955666753,0.00335859556667506,0.00335859556667506
1.416184,2.199,2.9999,1,1,pythia_1.416184B_trajectory,B3,interpolated Pythia trajectories,pythia_1.416184B_trajectory,2182,2.9999,2.9991105246440553,-0.0007894753559445356,0.0007894753559445356
1.416184,2.233,2.9945,1,1,pythia_1.416184B_trajectory,B3,interpolated Pythia trajectories,pythia_1.416184B_trajectory,2183,2.9945,2.9948476571359617,0.0003476571359617431,0.0003476571359617431
1.416184,2.268,2.9913,1,1,pythia_1.416184B_trajectory,B3,interpolated Pythia trajectories,pythia_1.416184B_trajectory,2184,2.9913,2.990545321709809,-0.0007546782901908244,0.0007546782901908244
1.416184,2.303,2.988,1,1,pythia_1.416184B_trajectory,B3,interpolated Pythia trajectories,pythia_1.416184B_trajectory,2185,2.988,2.9863271343249287,-0.0016728656750713,0.0016728656750713
1.416184,2.339,2.9826,1,1,pythia_1.416184B_trajectory,B3,interpolated Pythia trajectories,pythia_1.416184B_trajectory,2186,2.9826,2.982073175814901,-0.000526824185099084,0.000526824185099084
1.416184,2.375,2.9806,1,1,pythia_1.416184B_trajectory,B3,interpolated Pythia trajectories,pythia_1.416184B_trajectory,2187,2.9806,2.977902200750412,-0.0026977992495877956,0.0026977992495877956
1.416184,2.412,2.9768,1,1,pythia_1.416184B_trajectory,B3,interpolated Pythia trajectories,pythia_1.416184B_trajectory,2188,2.9768,2.9736988522099175,-0.0031011477900824147,0.0031011477900824147
1.416184,2.45,2.9721,1,1,pythia_1.416184B_trajectory,B3,interpolated Pythia trajectories,pythia_1.416184B_trajectory,2189,2.9721,2.9694669421640523,-0.002633057835947916,0.002633057835947916
1.416184,2.488,2.9697,1,1,pythia_1.416184B_trajectory,B3,interpolated Pythia trajectories,pythia_1.416184B_trajectory,2190,2.9697,2.965318217561931,-0.004381782438068971,0.004381782438068971
1.416184,2.527,2.9674,1,1,pythia_1.416184B_trajectory,B3,interpolated Pythia trajectories,pythia_1.416184B_trajectory,2191,2.9674,2.9611438057429815,-0.00625619425701851,0.00625619425701851
1.416184,2.566,2.96,1,1,pythia_1.416184B_trajectory,B3,interpolated Pythia trajectories,pythia_1.416184B_trajectory,2192,2.96,2.957051046346347,-0.002948953653652886,0.002948953653652886
1.416184,2.606,2.9588,1,1,pythia_1.416184B_trajectory,B3,interpolated Pythia trajectories,pythia_1.416184B_trajectory,2193,2.9588,2.9529352292543933,-0.005864770745606762,0.005864770745606762
1.416184,2.647,2.952,1,1,pythia_1.416184B_trajectory,B3,interpolated Pythia trajectories,pythia_1.416184B_trajectory,2194,2.952,2.9487995922237475,-0.003200407776252412,0.003200407776252412
1.416184,2.688,2.9518,1,1,pythia_1.416184B_trajectory,B3,interpolated Pythia trajectories,pythia_1.416184B_trajectory,2195,2.9518,2.9447451393830137,-0.007054860616986236,0.007054860616986236
1.416184,2.73,2.9449,1,1,pythia_1.416184B_trajectory,B3,interpolated Pythia trajectories,pythia_1.416184B_trajectory,2196,2.9449,2.9406730541137107,-0.004226945886289357,0.004226945886289357
1.416184,2.773,2.9386,1,1,pythia_1.416184B_trajectory,B3,interpolated Pythia trajectories,pythia_1.416184B_trajectory,2197,2.9386,2.9365862520792327,-0.0020137479207673614,0.0020137479207673614
1.416184,2.816,2.9374,1,1,pythia_1.416184B_trajectory,B3,interpolated Pythia trajectories,pythia_1.416184B_trajectory,2198,2.9374,2.9325797650237924,-0.004820234976207427,0.004820234976207427
1.416184,2.86,2.9294,1,1,pythia_1.416184B_trajectory,B3,interpolated Pythia trajectories,pythia_1.416184B_trajectory,2199,2.9294,2.928560354385425,-0.0008396456145747244,0.0008396456145747244
1.416184,2.904,2.9279,1,1,pythia_1.416184B_trajectory,B3,interpolated Pythia trajectories,pythia_1.416184B_trajectory,2200,2.9279,2.924619318602661,-0.003280681397339169,0.003280681397339169
1.416184,2.949,2.9227,1,1,pythia_1.416184B_trajectory,B3,interpolated Pythia trajectories,pythia_1.416184B_trajectory,2201,2.9227,2.920666986980525,-0.002033013019474783,0.002033013019474783
1.416184,2.995,2.9213,1,1,pythia_1.416184B_trajectory,B3,interpolated Pythia trajectories,pythia_1.416184B_trajectory,2202,2.9213,2.916705818431627,-0.004594181568373212,0.004594181568373212
1.416184,3.042,2.9179,1,1,pythia_1.416184B_trajectory,B3,interpolated Pythia trajectories,pythia_1.416184B_trajectory,2203,2.9179,2.9127381617838757,-0.005161838216124259,0.005161838216124259
1.416184,3.089,2.9152,1,1,pythia_1.416184B_trajectory,B3,interpolated Pythia trajectories,pythia_1.416184B_trajectory,2204,2.9152,2.9088481982428616,-0.006351801757138453,0.006351801757138453
1.416184,3.138,2.9102,1,1,pythia_1.416184B_trajectory,B3,interpolated Pythia trajectories,pythia_1.416184B_trajectory,2205,2.9102,2.904872546100441,-0.005327453899559131,0.005327453899559131
1.416184,3.186,2.9051,1,1,pythia_1.416184B_trajectory,B3,interpolated Pythia trajectories,pythia_1.416184B_trajectory,2206,2.9051,2.9010543273268605,-0.004045672673139489,0.004045672673139489
1.416184,3.236,2.902,1,1,pythia_1.416184B_trajectory,B3,interpolated Pythia trajectories,pythia_1.416184B_trajectory,2207,2.902,2.89715452475244,-0.0048454752475599605,0.0048454752475599605
1.416184,3.286,2.8947,1,1,pythia_1.416184B_trajectory,B3,interpolated Pythia trajectories,pythia_1.416184B_trajectory,2208,2.8947,2.893331090570407,-0.0013689094295927795,0.0013689094295927795
1.416184,3.338,2.8934,1,1,pythia_1.416184B_trajectory,B3,interpolated Pythia trajectories,pythia_1.416184B_trajectory,2209,2.8934,2.8894329115099464,-0.003967088490053783,0.003967088490053783
1.416184,3.39,2.8902,1,1,pythia_1.416184B_trajectory,B3,interpolated Pythia trajectories,pythia_1.416184B_trajectory,2210,2.8902,2.8856116904203493,-0.00458830957965084,0.00458830957965084
1.416184,3.442,2.885,1,1,pythia_1.416184B_trajectory,B3,interpolated Pythia trajectories,pythia_1.416184B_trajectory,2211,2.885,2.881864761998308,-0.003135238001691576,0.003135238001691576
1.416184,3.496,2.8799,1,1,pythia_1.416184B_trajectory,B3,interpolated Pythia trajectories,pythia_1.416184B_trajectory,2212,2.8799,2.8780496389767,-0.0018503610233002732,0.0018503610233002732
1.416184,3.551,2.8776,1,1,pythia_1.416184B_trajectory,B3,interpolated Pythia trajectories,pythia_1.416184B_trajectory,2213,2.8776,2.87424062292365,-0.003359377076350256,0.003359377076350256
1.416184,3.606,2.8689,1,1,pythia_1.416184B_trajectory,B3,interpolated Pythia trajectories,pythia_1.416184B_trajectory,2214,2.8689,2.8705063763101633,0.0016063763101632489,0.0016063763101632489
1.416184,3.662,2.8687,1,1,pythia_1.416184B_trajectory,B3,interpolated Pythia trajectories,pythia_1.416184B_trajectory,2215,2.8687,2.8667783941980316,-0.001921605801968429,0.001921605801968429
1.416184,3.719,2.8687,1,1,pythia_1.416184B_trajectory,B3,interpolated Pythia trajectories,pythia_1.416184B_trajectory,2216,2.8687,2.863058032580238,-0.005641967419761862,0.005641967419761862
1.416184,3.777,2.8613,1,1,pythia_1.416184B_trajectory,B3,interpolated Pythia trajectories,pythia_1.416184B_trajectory,2217,2.8613,2.8593465727603213,-0.001953427239678618,0.001953427239678618
1.416184,3.836,2.8583,1,1,pythia_1.416184B_trajectory,B3,interpolated Pythia trajectories,pythia_1.416184B_trajectory,2218,2.8583,2.8556452237373,-0.0026547762627000537,0.0026547762627000537
1.416184,3.896,2.8519,1,1,pythia_1.416184B_trajectory,B3,interpolated Pythia trajectories,pythia_1.416184B_trajectory,2219,2.8519,2.851955124616472,5.512461647194655e-05,5.512461647194655e-05
1.416184,3.956,2.8501,1,1,pythia_1.416184B_trajectory,B3,interpolated Pythia trajectories,pythia_1.416184B_trajectory,2220,2.8501,2.848337052233936,-0.0017629477660636717,0.0017629477660636717
1.416184,4.018,2.8471,1,1,pythia_1.416184B_trajectory,B3,interpolated Pythia trajectories,pythia_1.416184B_trajectory,2221,2.8471,2.8446714263500597,-0.0024285736499405353,0.0024285736499405353
1.416184,4.08,2.8461,1,1,pythia_1.416184B_trajectory,B3,interpolated Pythia trajectories,pythia_1.416184B_trajectory,2222,2.8461,2.8410774882353973,-0.005022511764602555,0.005022511764602555
1.416184,4.144,2.8356,1,1,pythia_1.416184B_trajectory,B3,interpolated Pythia trajectories,pythia_1.416184B_trajectory,2223,2.8356,2.8374402036227253,0.0018402036227254115,0.0018402036227254115
1.416184,4.209,2.8345,2,1,pythia_1.416184B_trajectory,B3,interpolated Pythia trajectories,pythia_1.416184B_trajectory,2224,2.8345,2.8338189454849823,-0.0006810545150175429,0.0006810545150175429
1.416184,4.274,2.8266,2,1,pythia_1.416184B_trajectory,B3,interpolated Pythia trajectories,pythia_1.416184B_trajectory,2225,2.8266,2.830268564401341,0.0036685644013410013,0.0036685644013410013
1.416184,4.341,2.8252,2,1,pythia_1.416184B_trajectory,B3,interpolated Pythia trajectories,pythia_1.416184B_trajectory,2226,2.8252,2.8266805500986307,0.001480550098630573,0.001480550098630573
1.416184,4.408,2.8225,2,1,pythia_1.416184B_trajectory,B3,interpolated Pythia trajectories,pythia_1.416184B_trajectory,2227,2.8225,2.823162722257769,0.0006627222577693104,0.0006627222577693104
1.416184,4.477,2.8236,2,1,pythia_1.416184B_trajectory,B3,interpolated Pythia trajectories,pythia_1.416184B_trajectory,2228,2.8236,2.819610703115222,-0.003989296884777893,0.003989296884777893
1.416184,4.547,2.8189,2,1,pythia_1.416184B_trajectory,B3,interpolated Pythia trajectories,pythia_1.416184B_trajectory,2229,2.8189,2.816078092888368,-0.002821907111631994,0.002821907111631994
1.416184,4.618,2.8153,2,1,pythia_1.416184B_trajectory,B3,interpolated Pythia trajectories,pythia_1.416184B_trajectory,2230,2.8153,2.8125654169334218,-0.0027345830665783666,0.0027345830665783666
1.416184,4.69,2.8112,2,1,pythia_1.416184B_trajectory,B3,interpolated Pythia trajectories,pythia_1.416184B_trajectory,2231,2.8112,2.809073158149597,-0.002126841850402794,0.002126841850402794
1.416184,4.763,2.8066,2,1,pythia_1.416184B_trajectory,B3,interpolated Pythia trajectories,pythia_1.416184B_trajectory,2232,2.8066,2.805601758976982,-0.0009982410230180427,0.0009982410230180427
1.416184,4.837,2.8054,2,1,pythia_1.416184B_trajectory,B3,interpolated Pythia trajectories,pythia_1.416184B_trajectory,2233,2.8054,2.8021516233335024,-0.0032483766664976876,0.0032483766664976876
1.416184,4.912,2.8012,2,1,pythia_1.416184B_trajectory,B3,interpolated Pythia trajectories,pythia_1.416184B_trajectory,2234,2.8012,2.7987231184900025,-0.002476881509997586,0.002476881509997586
1.416184,4.989,2.7958,2,1,pythia_1.416184B_trajectory,B3,interpolated Pythia trajectories,pythia_1.416184B_trajectory,2235,2.7958,2.7952721975106054,-0.0005278024893944355,0.0005278024893944355
1.416184,5.066,2.7935,2,1,pythia_1.416184B_trajectory,B3,interpolated Pythia trajectories,pythia_1.416184B_trajectory,2236,2.7935,2.791888780060418,-0.0016112199395816873,0.0016112199395816873
1.416184,5.145,2.7876,2,1,pythia_1.416184B_trajectory,B3,interpolated Pythia trajectories,pythia_1.416184B_trajectory,2237,2.7876,2.78848521007845,0.0008852100784499939,0.0008852100784499939
1.416184,5.225,2.789,2,1,pythia_1.416184B_trajectory,B3,interpolated Pythia trajectories,pythia_1.416184B_trajectory,2238,2.789,2.7851060488688937,-0.0038939511311064656,0.0038939511311064656
1.416184,5.307,2.786,2,1,pythia_1.416184B_trajectory,B3,interpolated Pythia trajectories,pythia_1.416184B_trajectory,2239,2.786,2.7817104471103145,-0.004289552889685577,0.004289552889685577
1.416184,5.389,2.7802,2,1,pythia_1.416184B_trajectory,B3,interpolated Pythia trajectories,pythia_1.416184B_trajectory,2240,2.7802,2.7783813406622166,-0.001818659337783135,0.001818659337783135
1.416184,5.473,2.7736,2,1,pythia_1.416184B_trajectory,B3,interpolated Pythia trajectories,pythia_1.416184B_trajectory,2241,2.7736,2.7750375968846486,0.0014375968846485065,0.0014375968846485065
1.416184,5.559,2.7702,2,1,pythia_1.416184B_trajectory,B3,interpolated Pythia trajectories,pythia_1.416184B_trajectory,2242,2.7702,2.771681609805802,0.00148160980580192,0.00148160980580192
1.416184,5.645,2.7664,2,1,pythia_1.416184B_trajectory,B3,interpolated Pythia trajectories,pythia_1.416184B_trajectory,2243,2.7664,2.7683914227937256,0.0019914227937256612,0.0019914227937256612
1.416184,5.733,2.7685,2,1,pythia_1.416184B_trajectory,B3,interpolated Pythia trajectories,pythia_1.416184B_trajectory,2244,2.7685,2.7650904724686307,-0.0034095275313692497,0.0034095275313692497
1.416184,5.823,2.766,2,1,pythia_1.416184B_trajectory,B3,interpolated Pythia trajectories,pythia_1.416184B_trajectory,2245,2.766,2.7617809100846866,-0.00421908991531339,0.00421908991531339
1.416184,5.913,2.7598,2,1,pythia_1.416184B_trajectory,B3,interpolated Pythia trajectories,pythia_1.416184B_trajectory,2246,2.7598,2.7585361774767025,-0.0012638225232972644,0.0012638225232972644
1.416184,6.005,2.7555,2,1,pythia_1.416184B_trajectory,B3,interpolated Pythia trajectories,pythia_1.416184B_trajectory,2247,2.7555,2.755284027152812,-0.00021597284718799514,0.00021597284718799514
1.416184,6.099,2.7541,2,1,pythia_1.416184B_trajectory,B3,interpolated Pythia trajectories,pythia_1.416184B_trajectory,2248,2.7541,2.7520263883701888,-0.002073611629811456,0.002073611629811456
1.416184,6.194,2.7486,2,1,pythia_1.416184B_trajectory,B3,interpolated Pythia trajectories,pythia_1.416184B_trajectory,2249,2.7486,2.748798739395143,0.00019873939514303274,0.00019873939514303274
1.416184,6.29,2.7424,3,1,pythia_1.416184B_trajectory,B3,interpolated Pythia trajectories,pythia_1.416184B_trajectory,2250,2.7424,2.7456008466633084,0.003200846663308443,0.003200846663308443
1.416184,6.388,2.7411,3,1,pythia_1.416184B_trajectory,B3,interpolated Pythia trajectories,pythia_1.416184B_trajectory,2251,2.7411,2.7424001277407544,0.0013001277407544976,0.0013001277407544976
1.416184,6.488,2.7459,3,1,pythia_1.416184B_trajectory,B3,interpolated Pythia trajectories,pythia_1.416184B_trajectory,2252,2.7459,2.7391982280741534,-0.0067017719258464226,0.0067017719258464226
1.416184,6.589,2.7356,3,1,pythia_1.416184B_trajectory,B3,interpolated Pythia trajectories,pythia_1.416184B_trajectory,2253,2.7356,2.73602779191258,0.00042779191258013327,0.00042779191258013327
1.416184,6.692,2.7367,3,1,pythia_1.416184B_trajectory,B3,interpolated Pythia trajectories,pythia_1.416184B_trajectory,2254,2.7367,2.732857999717104,-0.003842000282896052,0.003842000282896052
1.416184,6.796,2.727,3,1,pythia_1.416184B_trajectory,B3,interpolated Pythia trajectories,pythia_1.416184B_trajectory,2255,2.727,2.7297201647439473,0.0027201647439474286,0.0027201647439474286
1.416184,6.902,2.7283,3,1,pythia_1.416184B_trajectory,B3,interpolated Pythia trajectories,pythia_1.416184B_trajectory,2256,2.7283,2.7265846038477646,-0.0017153961522353711,0.0017153961522353711
1.416184,7.009,2.7248,3,1,pythia_1.416184B_trajectory,B3,interpolated Pythia trajectories,pythia_1.416184B_trajectory,2257,2.7248,2.723481357197136,-0.0013186428028642005,0.0013186428028642005
1.416184,7.118,2.7238,3,1,pythia_1.416184B_trajectory,B3,interpolated Pythia trajectories,pythia_1.416184B_trajectory,2258,2.7238,2.720381835591046,-0.0034181644089543717,0.0034181644089543717
1.416184,7.229,2.715,3,1,pythia_1.416184B_trajectory,B3,interpolated Pythia trajectories,pythia_1.416184B_trajectory,2259,2.715,2.7172872552688725,0.0022872552688726344,0.0022872552688726344
1.416184,7.342,2.7138,3,1,pythia_1.416184B_trajectory,B3,interpolated Pythia trajectories,pythia_1.416184B_trajectory,2260,2.7138,2.7141987671741337,0.000398767174133674,0.000398767174133674
1.416184,7.456,2.7114,3,1,pythia_1.416184B_trajectory,B3,interpolated Pythia trajectories,pythia_1.416184B_trajectory,2261,2.7114,2.7111439902664918,-0.0002560097335080336,0.0002560097335080336
1.416184,7.572,2.7085,3,1,pythia_1.416184B_trajectory,B3,interpolated Pythia trajectories,pythia_1.416184B_trajectory,2262,2.7085,2.708096377014009,-0.0004036229859907259,0.0004036229859907259
1.416184,7.69,2.7062,3,1,pythia_1.416184B_trajectory,B3,interpolated Pythia trajectories,pythia_1.416184B_trajectory,2263,2.7062,2.7050569228790664,-0.0011430771209335333,0.0011430771209335333
1.416184,7.81,2.7003,3,1,pythia_1.416184B_trajectory,B3,interpolated Pythia trajectories,pythia_1.416184B_trajectory,2264,2.7003,2.702026566072538,0.0017265660725382936,0.0017265660725382936
1.416184,7.932,2.697,3,1,pythia_1.416184B_trajectory,B3,interpolated Pythia trajectories,pythia_1.416184B_trajectory,2265,2.697,2.6990061895255684,0.0020061895255683027,0.0020061895255683027
1.416184,8.055,2.6972,3,1,pythia_1.416184B_trajectory,B3,interpolated Pythia trajectories,pythia_1.416184B_trajectory,2266,2.6972,2.696020655958031,-0.001179344041969177,0.001179344041969177
1.416184,8.181,2.6941,3,1,pythia_1.416184B_trajectory,B3,interpolated Pythia trajectories,pythia_1.416184B_trajectory,2267,2.6941,2.6930222047823755,-0.001077795217624633,0.001077795217624633
1.416184,8.308,2.6909,3,1,pythia_1.416184B_trajectory,B3,interpolated Pythia trajectories,pythia_1.416184B_trajectory,2268,2.6909,2.6900591803506755,-0.0008408196493245867,0.0008408196493245867
1.416184,8.438,2.6862,4,1,pythia_1.416184B_trajectory,B3,interpolated Pythia trajectories,pythia_1.416184B_trajectory,2269,2.6862,2.6870856086336143,0.0008856086336144209,0.0008856086336144209
1.416184,8.569,2.6807,4,1,pythia_1.416184B_trajectory,B3,interpolated Pythia trajectories,pythia_1.416184B_trajectory,2270,2.6807,2.6841478933523275,0.0034478933523276467,0.0034478933523276467
1.416184,8.703,2.6823,4,1,pythia_1.416184B_trajectory,B3,interpolated Pythia trajectories,pythia_1.416184B_trajectory,2271,2.6823,2.681201782321651,-0.001098217678348945,0.001098217678348945
1.416184,8.838,2.6777,4,1,pythia_1.416184B_trajectory,B3,interpolated Pythia trajectories,pythia_1.416184B_trajectory,2272,2.6777,2.67829181779149,0.0005918177914896461,0.0005918177914896461
1.416184,8.976,2.673,4,1,pythia_1.416184B_trajectory,B3,interpolated Pythia trajectories,pythia_1.416184B_trajectory,2273,2.673,2.6753754055801275,0.0023754055801274987,0.0023754055801274987
1.416184,9.116,2.6764,4,1,pythia_1.416184B_trajectory,B3,interpolated Pythia trajectories,pythia_1.416184B_trajectory,2274,2.6764,2.6724747879566144,-0.003925212043385695,0.003925212043385695
1.416184,9.258,2.664,4,1,pythia_1.416184B_trajectory,B3,interpolated Pythia trajectories,pythia_1.416184B_trajectory,2275,2.664,2.669590400182555,0.0055904001825548555,0.0055904001825548555
1.416184,9.402,2.6659,4,1,pythia_1.416184B_trajectory,B3,interpolated Pythia trajectories,pythia_1.416184B_trajectory,2276,2.6659,2.666722642661152,0.000822642661151729,0.000822642661151729
1.416184,9.548,2.6676,4,1,pythia_1.416184B_trajectory,B3,interpolated Pythia trajectories,pythia_1.416184B_trajectory,2277,2.6676,2.6638718825678254,-0.0037281174321748267,0.0037281174321748267
1.416184,9.697,2.6614,4,1,pythia_1.416184B_trajectory,B3,interpolated Pythia trajectories,pythia_1.416184B_trajectory,2278,2.6614,2.6610194992571916,-0.0003805007428083762,0.0003805007428083762
1.416184,9.848,2.661,4,1,pythia_1.416184B_trajectory,B3,interpolated Pythia trajectories,pythia_1.416184B_trajectory,2279,2.661,2.658185494346757,-0.002814505653243149,0.002814505653243149
1.416184,10.002,2.6548,4,1,pythia_1.416184B_trajectory,B3,interpolated Pythia trajectories,pythia_1.416184B_trajectory,2280,2.6548,2.6553519011113633,0.0005519011113634953,0.0005519011113634953
1.416184,10.157,2.6521,4,1,pythia_1.416184B_trajectory,B3,interpolated Pythia trajectories,pythia_1.416184B_trajectory,2281,2.6521,2.6525557397546913,0.0004557397546913755,0.0004557397546913755
1.416184,10.316,2.6491,4,1,pythia_1.416184B_trajectory,B3,interpolated Pythia trajectories,pythia_1.416184B_trajectory,2282,2.6491,2.649743601136657,0.0006436011366570682,0.0006436011366570682
1.416184,10.476,2.6468,5,1,pythia_1.416184B_trajectory,B3,interpolated Pythia trajectories,pythia_1.416184B_trajectory,2283,2.6468,2.6469692255731703,0.00016922557317045062,0.00016922557317045062
1.416184,10.64,2.6449,5,1,pythia_1.416184B_trajectory,B3,interpolated Pythia trajectories,pythia_1.416184B_trajectory,2284,2.6449,2.644181214641567,-0.0007187853584329496,0.0007187853584329496
1.416184,10.805,2.6447,5,1,pythia_1.416184B_trajectory,B3,interpolated Pythia trajectories,pythia_1.416184B_trajectory,2285,2.6447,2.641431163809488,-0.00326883619051177,0.00326883619051177
1.416184,10.974,2.6392,5,1,pythia_1.416184B_trajectory,B3,interpolated Pythia trajectories,pythia_1.416184B_trajectory,2286,2.6392,2.6386696113209807,-0.0005303886790195556,0.0005303886790195556
1.416184,11.145,2.6374,5,1,pythia_1.416184B_trajectory,B3,interpolated Pythia trajectories,pythia_1.416184B_trajectory,2287,2.6374,2.6359302320524987,-0.0014697679475013103,0.0014697679475013103
1.416184,11.318,2.6338,5,1,pythia_1.416184B_trajectory,B3,interpolated Pythia trajectories,pythia_1.416184B_trajectory,2288,2.6338,2.6332130172306663,-0.000586982769333666,0.000586982769333666
1.416184,11.495,2.6305,5,1,pythia_1.416184B_trajectory,B3,interpolated Pythia trajectories,pythia_1.416184B_trajectory,2289,2.6305,2.6304874468584116,-1.2553141588433903e-05,1.2553141588433903e-05
1.416184,11.674,2.6301,5,1,pythia_1.416184B_trajectory,B3,interpolated Pythia trajectories,pythia_1.416184B_trajectory,2290,2.6301,2.62778516890366,-0.0023148310963398977,0.0023148310963398977
1.416184,11.855,2.6251,5,1,pythia_1.416184B_trajectory,B3,interpolated Pythia trajectories,pythia_1.416184B_trajectory,2291,2.6251,2.6251060921287364,6.092128736145952e-06,6.092128736145952e-06
1.416184,12.04,2.6252,5,1,pythia_1.416184B_trajectory,B3,interpolated Pythia trajectories,pythia_1.416184B_trajectory,2292,2.6252,2.622421373797211,-0.002778626202788903,0.002778626202788903
1.416184,12.228,2.6173,5,1,pythia_1.416184B_trajectory,B3,interpolated Pythia trajectories,pythia_1.416184B_trajectory,2293,2.6173,2.6197466731289425,0.0024466731289423116,0.0024466731289423116
1.416184,12.418,2.6199,5,1,pythia_1.416184B_trajectory,B3,interpolated Pythia trajectories,pythia_1.416184B_trajectory,2294,2.6199,2.61709646679917,-0.002803533200829822,0.002803533200829822
1.416184,12.612,2.6142,6,1,pythia_1.416184B_trajectory,B3,interpolated Pythia trajectories,pythia_1.416184B_trajectory,2295,2.6142,2.61444348463149,0.000243484631490265,0.000243484631490265
1.416184,12.808,2.6146,6,1,pythia_1.416184B_trajectory,B3,interpolated Pythia trajectories,pythia_1.416184B_trajectory,2296,2.6146,2.611815671082457,-0.0027843289175426555,0.0027843289175426555
1.416184,13.008,2.6073,6,1,pythia_1.416184B_trajectory,B3,interpolated Pythia trajectories,pythia_1.416184B_trajectory,2297,2.6073,2.609186757865627,0.0018867578656269757,0.0018867578656269757
1.416184,13.21,2.6057,6,1,pythia_1.416184B_trajectory,B3,interpolated Pythia trajectories,pythia_1.416184B_trajectory,2298,2.6057,2.60658355072957,0.0008835507295699152,0.0008835507295699152
1.416184,13.416,2.6042,6,1,pythia_1.416184B_trajectory,B3,interpolated Pythia trajectories,pythia_1.416184B_trajectory,2299,2.6042,2.603980747436524,-0.00021925256347588018,0.00021925256347588018
1.416184,13.625,2.6006,6,1,pythia_1.416184B_trajectory,B3,interpolated Pythia trajectories,pythia_1.416184B_trajectory,2300,2.6006,2.6013917973583207,0.0007917973583206894,0.0007917973583206894
1.416184,13.837,2.5997,6,1,pythia_1.416184B_trajectory,B3,interpolated Pythia trajectories,pythia_1.416184B_trajectory,2301,2.5997,2.5988171011837458,-0.0008828988162541407,0.0008828988162541407
1.416184,14.053,2.5926,6,1,pythia_1.416184B_trajectory,B3,interpolated Pythia trajectories,pythia_1.416184B_trajectory,2302,2.5926,2.596245238079421,0.003645238079421187,0.003645238079421187
1.416184,14.272,2.594,6,1,pythia_1.416184B_trajectory,B3,interpolated Pythia trajectories,pythia_1.416184B_trajectory,2303,2.594,2.593688798157654,-0.00031120184234589843,0.00031120184234589843
1.416184,14.494,2.5904,6,1,pythia_1.416184B_trajectory,B3,interpolated Pythia trajectories,pythia_1.416184B_trajectory,2304,2.5904,2.591148077094054,0.0007480770940540005,0.0007480770940540005
1.416184,14.72,2.588,7,1,pythia_1.416184B_trajectory,B3,interpolated Pythia trajectories,pythia_1.416184B_trajectory,2305,2.588,2.5886122330020833,0.00061223300208324,0.00061223300208324
1.416184,14.949,2.5883,7,1,pythia_1.416184B_trajectory,B3,interpolated Pythia trajectories,pythia_1.416184B_trajectory,2306,2.5883,2.5860930533383018,-0.0022069466616980726,0.0022069466616980726
1.416184,15.182,2.585,7,1,pythia_1.416184B_trajectory,B3,interpolated Pythia trajectories,pythia_1.416184B_trajectory,2307,2.585,2.583580062934952,-0.0014199370650480603,0.0014199370650480603
1.416184,15.418,2.5806,7,1,pythia_1.416184B_trajectory,B3,interpolated Pythia trajectories,pythia_1.416184B_trajectory,2308,2.5806,2.581084539945757,0.0004845399457571453,0.0004845399457571453
1.416184,15.659,2.578,7,1,pythia_1.416184B_trajectory,B3,interpolated Pythia trajectories,pythia_1.416184B_trajectory,2309,2.578,2.5785860997075707,0.0005860997075708418,0.0005860997075708418
1.416184,15.903,2.575,7,1,pythia_1.416184B_trajectory,B3,interpolated Pythia trajectories,pythia_1.416184B_trajectory,2310,2.575,2.576106200996995,0.0011062009969946551,0.0011062009969946551
1.416184,16.15,2.5739,7,1,pythia_1.416184B_trajectory,B3,interpolated Pythia trajectories,pythia_1.416184B_trajectory,2311,2.5739,2.5736449241253347,-0.00025507587466533366,0.00025507587466533366
1.416184,16.402,2.5704,7,1,pythia_1.416184B_trajectory,B3,interpolated Pythia trajectories,pythia_1.416184B_trajectory,2312,2.5704,2.571182984036631,0.0007829840366313512,0.0007829840366313512
1.416184,16.657,2.5673,7,1,pythia_1.416184B_trajectory,B3,interpolated Pythia trajectories,pythia_1.416184B_trajectory,2313,2.5673,2.568740529768333,0.0014405297683328655,0.0014405297683328655
1.416184,16.917,2.5693,8,1,pythia_1.416184B_trajectory,B3,interpolated Pythia trajectories,pythia_1.416184B_trajectory,2314,2.5693,2.5662989697290244,-0.0030010302709757575,0.0030010302709757575
1.416184,17.18,2.5621,8,1,pythia_1.416184B_trajectory,B3,interpolated Pythia trajectories,pythia_1.416184B_trajectory,2315,2.5621,2.563877618561701,0.0017776185617011109,0.0017776185617011109
1.416184,17.448,2.5579,8,1,pythia_1.416184B_trajectory,B3,interpolated Pythia trajectories,pythia_1.416184B_trajectory,2316,2.5579,2.561458554653543,0.0035585546535430446,0.0035585546535430446
1.416184,17.72,2.5602,8,1,pythia_1.416184B_trajectory,B3,interpolated Pythia trajectories,pythia_1.416184B_trajectory,2317,2.5602,2.559051531216106,-0.0011484687838940744,0.0011484687838940744
1.416184,17.996,2.556,8,1,pythia_1.416184B_trajectory,B3,interpolated Pythia trajectories,pythia_1.416184B_trajectory,2318,2.556,2.556656970188377,0.0006569701883769596,0.0006569701883769596
1.416184,18.276,2.5556,8,1,pythia_1.416184B_trajectory,B3,interpolated Pythia trajectories,pythia_1.416184B_trajectory,2319,2.5556,2.5542752621146856,-0.0013247378853145086,0.0013247378853145086
1.416184,18.561,2.5498,8,1,pythia_1.416184B_trajectory,B3,interpolated Pythia trajectories,pythia_1.416184B_trajectory,2320,2.5498,2.5518985098820073,0.0020985098820074377,0.0020985098820074377
1.416184,18.85,2.5483,9,1,pythia_1.416184B_trajectory,B3,interpolated Pythia trajectories,pythia_1.416184B_trajectory,2321,2.5483,2.549535625930962,0.0012356259309620476,0.0012356259309620476
1.416184,19.144,2.549,9,1,pythia_1.416184B_trajectory,B3,interpolated Pythia trajectories,pythia_1.416184B_trajectory,2322,2.549,2.5471789674876546,-0.001821032512345333,0.001821032512345333
1.416184,19.442,2.5437,9,1,pythia_1.416184B_trajectory,B3,interpolated Pythia trajectories,pythia_1.416184B_trajectory,2323,2.5437,2.5448370506057265,0.0011370506057266638,0.0011370506057266638
1.416184,19.745,2.5434,9,1,pythia_1.416184B_trajectory,B3,interpolated Pythia trajectories,pythia_1.416184B_trajectory,2324,2.5434,2.542502480066512,-0.0008975199334879669,0.0008975199334879669
1.416184,20.052,2.5396,9,1,pythia_1.416184B_trajectory,B3,interpolated Pythia trajectories,pythia_1.416184B_trajectory,2325,2.5396,2.5401833940393184,0.0005833940393182857,0.0005833940393182857
1.416184,20.365,2.5354,9,1,pythia_1.416184B_trajectory,B3,interpolated Pythia trajectories,pythia_1.416184B_trajectory,2326,2.5354,2.5378653047967266,0.002465304796726464,0.002465304796726464
1.416184,20.682,2.537,9,1,pythia_1.416184B_trajectory,B3,interpolated Pythia trajectories,pythia_1.416184B_trajectory,2327,2.537,2.5355636106103687,-0.0014363893896311986,0.0014363893896311986
1.416184,21.004,2.5327,10,1,pythia_1.416184B_trajectory,B3,interpolated Pythia trajectories,pythia_1.416184B_trajectory,2328,2.5327,2.533271382757567,0.0005713827575668518,0.0005713827575668518
1.416184,21.331,2.5315,10,1,pythia_1.416184B_trajectory,B3,interpolated Pythia trajectories,pythia_1.416184B_trajectory,2329,2.5315,2.5309891363724644,-0.0005108636275354961,0.0005108636275354961
1.416184,21.664,2.5283,10,1,pythia_1.416184B_trajectory,B3,interpolated Pythia trajectories,pythia_1.416184B_trajectory,2330,2.5283,2.528710576955873,0.0004105769558728767,0.0004105769558728767
1.416184,22.001,2.5265,10,1,pythia_1.416184B_trajectory,B3,interpolated Pythia trajectories,pythia_1.416184B_trajectory,2331,2.5265,2.5264498354884246,-5.016451157535684e-05,5.016451157535684e-05
1.416184,22.344,2.5227,10,1,pythia_1.416184B_trajectory,B3,interpolated Pythia trajectories,pythia_1.416184B_trajectory,2332,2.5227,2.5241939052604656,0.0014939052604656666,0.0014939052604656666
1.416184,22.692,2.5234,10,1,pythia_1.416184B_trajectory,B3,interpolated Pythia trajectories,pythia_1.416184B_trajectory,2333,2.5234,2.5219499396999585,-0.001450060300041578,0.001450060300041578
1.416184,23.045,2.519,11,1,pythia_1.416184B_trajectory,B3,interpolated Pythia trajectories,pythia_1.416184B_trajectory,2334,2.519,2.5197182882254796,0.0007182882254794798,0.0007182882254794798
1.416184,23.404,2.5181,11,1,pythia_1.416184B_trajectory,B3,interpolated Pythia trajectories,pythia_1.416184B_trajectory,2335,2.5181,2.5174931354290098,-0.0006068645709902398,0.0006068645709902398
1.416184,23.769,2.5168,11,1,pythia_1.416184B_trajectory,B3,interpolated Pythia trajectories,pythia_1.416184B_trajectory,2336,2.5168,2.5152751372909825,-0.001524862709017416,0.001524862709017416
1.416184,24.139,2.5115,11,1,pythia_1.416184B_trajectory,B3,interpolated Pythia trajectories,pythia_1.416184B_trajectory,2337,2.5115,2.5130708094222087,0.0015708094222088853,0.0015708094222088853
1.416184,24.515,2.5087,11,1,pythia_1.416184B_trajectory,B3,interpolated Pythia trajectories,pythia_1.416184B_trajectory,2338,2.5087,2.510874600288652,0.0021746002886517957,0.0021746002886517957
1.416184,24.897,2.5116,11,1,pythia_1.416184B_trajectory,B3,interpolated Pythia trajectories,pythia_1.416184B_trajectory,2339,2.5116,2.5086870589434724,-0.002912941056527618,0.002912941056527618
1.416184,25.285,2.5073,12,1,pythia_1.416184B_trajectory,B3,interpolated Pythia trajectories,pythia_1.416184B_trajectory,2340,2.5073,2.50650869935546,-0.0007913006445399162,0.0007913006445399162
1.416184,25.679,2.5054,12,1,pythia_1.416184B_trajectory,B3,interpolated Pythia trajectories,pythia_1.416184B_trajectory,2341,2.5054,2.504340001795391,-0.0010599982046088918,0.0010599982046088918
1.416184,26.079,2.5007,12,1,pythia_1.416184B_trajectory,B3,interpolated Pythia trajectories,pythia_1.416184B_trajectory,2342,2.5007,2.5021814142025955,0.0014814142025953991,0.0014814142025953991
1.416184,26.485,2.4981,12,1,pythia_1.416184B_trajectory,B3,interpolated Pythia trajectories,pythia_1.416184B_trajectory,2343,2.4981,2.500033353528381,0.0019333535283809766,0.0019333535283809766
1.416184,26.898,2.4971,12,1,pythia_1.416184B_trajectory,B3,interpolated Pythia trajectories,pythia_1.416184B_trajectory,2344,2.4971,2.4978910708685276,0.000791070868527477,0.000791070868527477
1.416184,27.317,2.4969,13,1,pythia_1.416184B_trajectory,B3,interpolated Pythia trajectories,pythia_1.416184B_trajectory,2345,2.4969,2.495760262300367,-0.0011397376996331587,0.0011397376996331587
1.416184,27.742,2.493,13,1,pythia_1.416184B_trajectory,B3,interpolated Pythia trajectories,pythia_1.416184B_trajectory,2346,2.493,2.4936412533508636,0.0006412533508637352,0.0006412533508637352
1.416184,28.174,2.4911,13,1,pythia_1.416184B_trajectory,B3,interpolated Pythia trajectories,pythia_1.416184B_trajectory,2347,2.4911,2.491529503397715,0.00042950339771508084,0.00042950339771508084
1.416184,28.613,2.4926,13,1,pythia_1.416184B_trajectory,B3,interpolated Pythia trajectories,pythia_1.416184B_trajectory,2348,2.4926,2.489425571498814,-0.0031744285011860995,0.0031744285011860995
1.416184,29.059,2.486,13,1,pythia_1.416184B_trajectory,B3,interpolated Pythia trajectories,pythia_1.416184B_trajectory,2349,2.486,2.4873299818074983,0.001329981807498104,0.001329981807498104
1.416184,29.512,2.484,14,1,pythia_1.416184B_trajectory,B3,interpolated Pythia trajectories,pythia_1.416184B_trajectory,2350,2.484,2.4852432249169834,0.0012432249169833653,0.0012432249169833653
1.416184,29.971,2.4834,14,1,pythia_1.416184B_trajectory,B3,interpolated Pythia trajectories,pythia_1.416184B_trajectory,2351,2.4834,2.4831702310758015,-0.0002297689241985701,0.0002297689241985701
1.416184,30.438,2.4805,14,1,pythia_1.416184B_trajectory,B3,interpolated Pythia trajectories,pythia_1.416184B_trajectory,2352,2.4805,2.4811023963287364,0.0006023963287362655,0.0006023963287362655
1.416184,30.912,2.4814,14,1,pythia_1.416184B_trajectory,B3,interpolated Pythia trajectories,pythia_1.416184B_trajectory,2353,2.4814,2.4790446797572026,-0.0023553202427972764,0.0023553202427972764
1.416184,31.394,2.478,15,1,pythia_1.416184B_trajectory,B3,interpolated Pythia trajectories,pythia_1.416184B_trajectory,2354,2.478,2.476993236478159,-0.0010067635218411475,0.0010067635218411475
1.416184,31.883,2.4759,15,1,pythia_1.416184B_trajectory,B3,interpolated Pythia trajectories,pythia_1.416184B_trajectory,2355,2.4759,2.474952787998041,-0.0009472120019591301,0.0009472120019591301
1.416184,32.38,2.4762,15,1,pythia_1.416184B_trajectory,B3,interpolated Pythia trajectories,pythia_1.416184B_trajectory,2356,2.4762,2.472919594774366,-0.0032804052256341087,0.0032804052256341087
1.416184,32.884,2.4673,15,1,pythia_1.416184B_trajectory,B3,interpolated Pythia trajectories,pythia_1.416184B_trajectory,2357,2.4673,2.4708981525342963,0.003598152534296517,0.003598152534296517
1.416184,33.396,2.4676,15,1,pythia_1.416184B_trajectory,B3,interpolated Pythia trajectories,pythia_1.416184B_trajectory,2358,2.4676,2.468884825583485,0.001284825583485194,0.001284825583485194
1.416184,33.917,2.468,16,1,pythia_1.416184B_trajectory,B3,interpolated Pythia trajectories,pythia_1.416184B_trajectory,2359,2.468,2.4668762606071866,-0.0011237393928134054,0.0011237393928134054
1.416184,34.445,2.4643,16,1,pythia_1.416184B_trajectory,B3,interpolated Pythia trajectories,pythia_1.416184B_trajectory,2360,2.4643,2.4648806003497334,0.0005806003497332846,0.0005806003497332846
1.416184,34.982,2.4633,16,1,pythia_1.416184B_trajectory,B3,interpolated Pythia trajectories,pythia_1.416184B_trajectory,2361,2.4633,2.46289068607284,-0.0004093139271597046,0.0004093139271597046
1.416184,35.526,2.4623,16,1,pythia_1.416184B_trajectory,B3,interpolated Pythia trajectories,pythia_1.416184B_trajectory,2362,2.4623,2.460914303838943,-0.0013856961610567708,0.0013856961610567708
1.416184,36.08,2.457,17,1,pythia_1.416184B_trajectory,B3,interpolated Pythia trajectories,pythia_1.416184B_trajectory,2363,2.457,2.4589410062266706,0.001941006226670705,0.001941006226670705
1.416184,36.642,2.4555,17,1,pythia_1.416184B_trajectory,B3,interpolated Pythia trajectories,pythia_1.416184B_trajectory,2364,2.4555,2.4569784462445217,0.0014784462445218693,0.0014784462445218693
1.416184,37.213,2.4517,17,1,pythia_1.416184B_trajectory,B3,interpolated Pythia trajectories,pythia_1.416184B_trajectory,2365,2.4517,2.4550235238216884,0.0033235238216882124,0.0033235238216882124
1.416184,37.792,2.4515,18,1,pythia_1.416184B_trajectory,B3,interpolated Pythia trajectories,pythia_1.416184B_trajectory,2366,2.4515,2.4530800282207834,0.0015800282207836247,0.0015800282207836247
1.416184,38.381,2.4524,18,1,pythia_1.416184B_trajectory,B3,interpolated Pythia trajectories,pythia_1.416184B_trajectory,2367,2.4524,2.4511416823578736,-0.0012583176421263609,0.0012583176421263609
1.416184,38.979,2.452,18,1,pythia_1.416184B_trajectory,B3,interpolated Pythia trajectories,pythia_1.416184B_trajectory,2368,2.452,2.4492122824270224,-0.002787717572977577,0.002787717572977577
1.416184,39.586,2.4446,18,1,pythia_1.416184B_trajectory,B3,interpolated Pythia trajectories,pythia_1.416184B_trajectory,2369,2.4446,2.4472922066272833,0.002692206627283422,0.002692206627283422
1.416184,40.203,2.4477,19,1,pythia_1.416184B_trajectory,B3,interpolated Pythia trajectories,pythia_1.416184B_trajectory,2370,2.4477,2.4453787356207184,-0.0023212643792818177,0.0023212643792818177
1.416184,40.829,2.4408,19,1,pythia_1.416184B_trajectory,B3,interpolated Pythia trajectories,pythia_1.416184B_trajectory,2371,2.4408,2.4434753862072056,0.0026753862072057544,0.0026753862072057544
1.416184,41.465,2.442,19,1,pythia_1.416184B_trajectory,B3,interpolated Pythia trajectories,pythia_1.416184B_trajectory,2372,2.442,2.4415795043661648,-0.0004204956338353938,0.0004204956338353938
1.416184,42.111,2.4384,20,1,pythia_1.416184B_trajectory,B3,interpolated Pythia trajectories,pythia_1.416184B_trajectory,2373,2.4384,2.439691537679355,0.0012915376793549704,0.0012915376793549704
1.416184,42.767,2.4363,20,1,pythia_1.416184B_trajectory,B3,interpolated Pythia trajectories,pythia_1.416184B_trajectory,2374,2.4363,2.4378119044575026,0.0015119044575024887,0.0015119044575024887
1.416184,43.433,2.4386,20,1,pythia_1.416184B_trajectory,B3,interpolated Pythia trajectories,pythia_1.416184B_trajectory,2375,2.4386,2.435940994924409,-0.0026590050755910255,0.0026590050755910255
1.416184,44.11,2.4352,21,1,pythia_1.416184B_trajectory,B3,interpolated Pythia trajectories,pythia_1.416184B_trajectory,2376,2.4352,2.434076445307108,-0.001123554692891826,0.001123554692891826
1.416184,44.797,2.4314,21,1,pythia_1.416184B_trajectory,B3,interpolated Pythia trajectories,pythia_1.416184B_trajectory,2377,2.4314,2.4322214269486717,0.0008214269486717107,0.0008214269486717107
1.416184,45.495,2.4315,21,1,pythia_1.416184B_trajectory,B3,interpolated Pythia trajectories,pythia_1.416184B_trajectory,2378,2.4315,2.430373628147829,-0.0011263718521710153,0.0011263718521710153
1.416184,46.204,2.4272,22,1,pythia_1.416184B_trajectory,B3,interpolated Pythia trajectories,pythia_1.416184B_trajectory,2379,2.4272,2.428533488858763,0.0013334888587630545,0.0013334888587630545
1.416184,46.923,2.4255,22,1,pythia_1.416184B_trajectory,B3,interpolated Pythia trajectories,pythia_1.416184B_trajectory,2380,2.4255,2.4267039398910253,0.0012039398910252963,0.0012039398910252963
1.416184,47.654,2.4224,22,1,pythia_1.416184B_trajectory,B3,interpolated Pythia trajectories,pythia_1.416184B_trajectory,2381,2.4224,2.4248802765386124,0.0024802765386122694,0.0024802765386122694
1.416184,48.397,2.4286,23,1,pythia_1.416184B_trajectory,B3,interpolated Pythia trajectories,pythia_1.416184B_trajectory,2382,2.4286,2.423063004224728,-0.00553699577527178,0.00553699577527178
1.416184,49.15,2.4196,23,1,pythia_1.416184B_trajectory,B3,interpolated Pythia trajectories,pythia_1.416184B_trajectory,2383,2.4196,2.421257346027725,0.0016573460277249374,0.0016573460277249374
1.416184,49.916,2.417,23,1,pythia_1.416184B_trajectory,B3,interpolated Pythia trajectories,pythia_1.416184B_trajectory,2384,2.417,2.4194564838050963,0.0024564838050964433,0.0024564838050964433
1.416184,50.694,2.415,24,1,pythia_1.416184B_trajectory,B3,interpolated Pythia trajectories,pythia_1.416184B_trajectory,2385,2.415,2.4176632579641426,0.0026632579641425735,0.0026632579641425735
1.416184,51.483,2.4131,24,1,pythia_1.416184B_trajectory,B3,interpolated Pythia trajectories,pythia_1.416184B_trajectory,2386,2.4131,2.4158802970642026,0.002780297064202575,0.002780297064202575
1.416184,52.285,2.4112,25,1,pythia_1.416184B_trajectory,B3,interpolated Pythia trajectories,pythia_1.416184B_trajectory,2387,2.4112,2.4141034467564353,0.0029034467564352795,0.0029034467564352795
1.416184,53.1,2.413,25,1,pythia_1.416184B_trajectory,B3,interpolated Pythia trajectories,pythia_1.416184B_trajectory,2388,2.413,2.412333177758617,-0.000666822241382814,0.000666822241382814
1.416184,53.927,2.412,25,1,pythia_1.416184B_trajectory,B3,interpolated Pythia trajectories,pythia_1.416184B_trajectory,2389,2.412,2.4105720399749093,-0.0014279600250906022,0.0014279600250906022
1.416184,54.767,2.4103,26,1,pythia_1.416184B_trajectory,B3,interpolated Pythia trajectories,pythia_1.416184B_trajectory,2390,2.4103,2.4088182552134008,-0.0014817447865991262,0.0014817447865991262
1.416184,55.62,2.4037,26,1,pythia_1.416184B_trajectory,B3,interpolated Pythia trajectories,pythia_1.416184B_trajectory,2391,2.4037,2.4070722118191905,0.0033722118191903405,0.0033722118191903405
1.416184,56.487,2.4041,27,1,pythia_1.416184B_trajectory,B3,interpolated Pythia trajectories,pythia_1.416184B_trajectory,2392,2.4041,2.4053322849538676,0.001232284953867513,0.001232284953867513
1.416184,57.367,2.4019,27,1,pythia_1.416184B_trajectory,B3,interpolated Pythia trajectories,pythia_1.416184B_trajectory,2393,2.4019,2.403600876822925,0.0017008768229249682,0.0017008768229249682
1.416184,58.26,2.4037,27,1,pythia_1.416184B_trajectory,B3,interpolated Pythia trajectories,pythia_1.416184B_trajectory,2394,2.4037,2.401878298400894,-0.001821701599105996,0.001821701599105996
1.416184,59.168,2.3999,28,1,pythia_1.416184B_trajectory,B3,interpolated Pythia trajectories,pythia_1.416184B_trajectory,2395,2.3999,2.400161092545982,0.00026109254598205567,0.00026109254598205567
1.416184,60.09,2.4004,28,1,pythia_1.416184B_trajectory,B3,interpolated Pythia trajectories,pythia_1.416184B_trajectory,2396,2.4004,2.3984515813490233,-0.0019484186509766133,0.0019484186509766133
1.416184,61.026,2.3967,29,1,pythia_1.416184B_trajectory,B3,interpolated Pythia trajectories,pythia_1.416184B_trajectory,2397,2.3967,2.3967501134141647,5.011341416460979e-05,5.011341416460979e-05
1.416184,61.976,2.3921,29,1,pythia_1.416184B_trajectory,B3,interpolated Pythia trajectories,pythia_1.416184B_trajectory,2398,2.3921,2.3950570130962308,0.002957013096230643,0.002957013096230643
1.416184,62.942,2.3952,30,1,pythia_1.416184B_trajectory,B3,interpolated Pythia trajectories,pythia_1.416184B_trajectory,2399,2.3952,2.3933691212514256,-0.0018308787485743494,0.0018308787485743494
1.416184,63.922,2.3887,30,1,pythia_1.416184B_trajectory,B3,interpolated Pythia trajectories,pythia_1.416184B_trajectory,2400,2.3887,2.391690312473743,0.0029903124737429287,0.0029903124737429287
1.416184,64.918,2.3911,31,1,pythia_1.416184B_trajectory,B3,interpolated Pythia trajectories,pythia_1.416184B_trajectory,2401,2.3911,2.3900175142191826,-0.001082485780817155,0.001082485780817155
1.416184,65.929,2.3862,31,1,pythia_1.416184B_trajectory,B3,interpolated Pythia trajectories,pythia_1.416184B_trajectory,2402,2.3862,2.3883527854670996,0.002152785467099516,0.002152785467099516
1.416184,66.956,2.3853,32,1,pythia_1.416184B_trajectory,B3,interpolated Pythia trajectories,pythia_1.416184B_trajectory,2403,2.3853,2.386694833332337,0.001394833332336809,0.001394833332336809
1.416184,67.999,2.384,32,1,pythia_1.416184B_trajectory,B3,interpolated Pythia trajectories,pythia_1.416184B_trajectory,2404,2.384,2.3850440350541873,0.0010440350541873755,0.0010440350541873755
1.416184,69.058,2.3863,33,1,pythia_1.416184B_trajectory,B3,interpolated Pythia trajectories,pythia_1.416184B_trajectory,2405,2.3863,2.3834007428254296,-0.002899257174570291,0.002899257174570291
1.416184,70.134,2.3837,33,1,pythia_1.416184B_trajectory,B3,interpolated Pythia trajectories,pythia_1.416184B_trajectory,2406,2.3837,2.3817637784282346,-0.0019362215717655396,0.0019362215717655396
1.416184,71.227,2.3841,34,1,pythia_1.416184B_trajectory,B3,interpolated Pythia trajectories,pythia_1.416184B_trajectory,2407,2.3841,2.3801335355139215,-0.003966464486078625,0.003966464486078625
1.416184,72.336,2.3796,34,1,pythia_1.416184B_trajectory,B3,interpolated Pythia trajectories,pythia_1.416184B_trajectory,2408,2.3796,2.3785118300971866,-0.0010881699028133518,0.0010881699028133518
1.416184,73.463,2.3779,35,1,pythia_1.416184B_trajectory,B3,interpolated Pythia trajectories,pythia_1.416184B_trajectory,2409,2.3779,2.3768960815068936,-0.001003918493106326,0.001003918493106326
1.416184,74.608,2.3731,35,1,pythia_1.416184B_trajectory,B3,interpolated Pythia trajectories,pythia_1.416184B_trajectory,2410,2.3731,2.375286694872463,0.0021866948724631463,0.0021866948724631463
1.416184,75.77,2.3753,36,1,pythia_1.416184B_trajectory,B3,interpolated Pythia trajectories,pythia_1.416184B_trajectory,2411,2.3753,2.3736854139334342,-0.0016145860665659484,0.0016145860665659484
1.416184,76.95,2.3718,36,1,pythia_1.416184B_trajectory,B3,interpolated Pythia trajectories,pythia_1.416184B_trajectory,2412,2.3718,2.3720911751606577,0.00029117516065779725,0.00029117516065779725
1.416184,78.149,2.3686,37,1,pythia_1.416184B_trajectory,B3,interpolated Pythia trajectories,pythia_1.416184B_trajectory,2413,2.3686,2.3705029991608106,0.0019029991608108254,0.0019029991608108254
1.416184,79.366,2.3695,37,1,pythia_1.416184B_trajectory,B3,interpolated Pythia trajectories,pythia_1.416184B_trajectory,2414,2.3695,2.368922558150129,-0.0005774418498707412,0.0005774418498707412
1.416184,80.603,2.3632,38,1,pythia_1.416184B_trajectory,B3,interpolated Pythia trajectories,pythia_1.416184B_trajectory,2415,2.3632,2.3673476165895875,0.0041476165895875106,0.0041476165895875106
1.416184,81.858,2.3675,39,1,pythia_1.416184B_trajectory,B3,interpolated Pythia trajectories,pythia_1.416184B_trajectory,2416,2.3675,2.365781059420504,-0.0017189405794959534,0.0017189405794959534
1.416184,83.133,2.3653,39,1,pythia_1.416184B_trajectory,B3,interpolated Pythia trajectories,pythia_1.416184B_trajectory,2417,2.3653,2.3642207048963932,-0.0010792951036067144,0.0010792951036067144
1.416184,84.428,2.3629,40,1,pythia_1.416184B_trajectory,B3,interpolated Pythia trajectories,pythia_1.416184B_trajectory,2418,2.3629,2.362666918025991,-0.00023308197400861985,0.00023308197400861985
1.416184,85.744,2.3636,41,1,pythia_1.416184B_trajectory,B3,interpolated Pythia trajectories,pythia_1.416184B_trajectory,2419,2.3636,2.361118875103633,-0.002481124896366982,0.002481124896366982
1.416184,87.079,2.3573,41,1,pythia_1.416184B_trajectory,B3,interpolated Pythia trajectories,pythia_1.416184B_trajectory,2420,2.3573,2.3595792465193064,0.0022792465193064437,0.0022792465193064437
1.416184,88.436,2.356,42,1,pythia_1.416184B_trajectory,B3,interpolated Pythia trajectories,pythia_1.416184B_trajectory,2421,2.356,2.358044901126486,0.0020449011264860317,0.0020449011264860317
1.416184,89.813,2.3577,42,1,pythia_1.416184B_trajectory,B3,interpolated Pythia trajectories,pythia_1.416184B_trajectory,2422,2.3577,2.3565184406709294,-0.0011815593290704918,0.0011815593290704918
1.416184,91.212,2.3538,43,1,pythia_1.416184B_trajectory,B3,interpolated Pythia trajectories,pythia_1.416184B_trajectory,2423,2.3538,2.3549979649176596,0.0011979649176594442,0.0011979649176594442
1.416184,92.633,2.355,44,1,pythia_1.416184B_trajectory,B3,interpolated Pythia trajectories,pythia_1.416184B_trajectory,2424,2.355,2.3534838330408148,-0.0015161669591852167,0.0015161669591852167
1.416184,94.076,2.3535,45,1,pythia_1.416184B_trajectory,B3,interpolated Pythia trajectories,pythia_1.416184B_trajectory,2425,2.3535,2.3519763807319616,-0.0015236192680383454,0.0015236192680383454
1.416184,95.542,2.3481,45,1,pythia_1.416184B_trajectory,B3,interpolated Pythia trajectories,pythia_1.416184B_trajectory,2426,2.3481,2.3504749070208817,0.0023749070208816114,0.0023749070208816114
1.416184,97.03,2.3455,46,1,pythia_1.416184B_trajectory,B3,interpolated Pythia trajectories,pythia_1.416184B_trajectory,2427,2.3455,2.348980757307114,0.0034807573071140574,0.0034807573071140574
1.416184,98.542,2.3518,47,1,pythia_1.416184B_trajectory,B3,interpolated Pythia trajectories,pythia_1.416184B_trajectory,2428,2.3518,2.347492251677605,-0.004307748322395,0.004307748322395
1.416184,100.077,2.3462,47,1,pythia_1.416184B_trajectory,B3,interpolated Pythia trajectories,pythia_1.416184B_trajectory,2429,2.3462,2.3460107102041023,-0.000189289795897718,0.000189289795897718
1.416184,101.636,2.3476,48,1,pythia_1.416184B_trajectory,B3,interpolated Pythia trajectories,pythia_1.416184B_trajectory,2430,2.3476,2.3445354806526066,-0.0030645193473932686,0.0030645193473932686
1.416184,103.219,2.3433,49,1,pythia_1.416184B_trajectory,B3,interpolated Pythia trajectories,pythia_1.416184B_trajectory,2431,2.3433,2.3430668824700813,-0.00023311752991883594,0.00023311752991883594
1.416184,104.827,2.3402,50,1,pythia_1.416184B_trajectory,B3,interpolated Pythia trajectories,pythia_1.416184B_trajectory,2432,2.3402,2.3416043128332937,0.001404312833293897,0.001404312833293897
1.416184,106.46,2.3431,50,1,pythia_1.416184B_trajectory,B3,interpolated Pythia trajectories,pythia_1.416184B_trajectory,2433,2.3431,2.3401481016883414,-0.0029518983116587627,0.0029518983116587627
1.416184,108.118,2.3384,51,1,pythia_1.416184B_trajectory,B3,interpolated Pythia trajectories,pythia_1.416184B_trajectory,2434,2.3384,2.338698556994389,0.0002985569943891875,0.0002985569943891875
1.416184,109.802,2.3367,52,1,pythia_1.416184B_trajectory,B3,interpolated Pythia trajectories,pythia_1.416184B_trajectory,2435,2.3367,2.337255116902449,0.0005551169024489155,0.0005551169024489155
1.416184,111.513,2.337,53,1,pythia_1.416184B_trajectory,B3,interpolated Pythia trajectories,pythia_1.416184B_trajectory,2436,2.337,2.335817265838261,-0.0011827341617389742,0.0011827341617389742
1.416184,113.25,2.3354,54,1,pythia_1.416184B_trajectory,B3,interpolated Pythia trajectories,pythia_1.416184B_trajectory,2437,2.3354,2.334386163672529,-0.001013836327470763,0.001013836327470763
1.416184,115.014,2.3334,55,1,pythia_1.416184B_trajectory,B3,interpolated Pythia trajectories,pythia_1.416184B_trajectory,2438,2.3334,2.3329612843424745,-0.00043871565752562347,0.00043871565752562347
1.416184,116.806,2.3336,55,1,pythia_1.416184B_trajectory,B3,interpolated Pythia trajectories,pythia_1.416184B_trajectory,2439,2.3336,2.3315421448548133,-0.00205785514518686,0.00205785514518686
1.416184,118.625,2.33,56,1,pythia_1.416184B_trajectory,B3,interpolated Pythia trajectories,pythia_1.416184B_trajectory,2440,2.33,2.3301298405950677,0.00012984059506759849,0.00012984059506759849
1.416184,120.473,2.3273,57,1,pythia_1.416184B_trajectory,B3,interpolated Pythia trajectories,pythia_1.416184B_trajectory,2441,2.3273,2.3287231239540804,0.0014231239540802854,0.0014231239540802854
1.416184,122.35,2.3252,58,1,pythia_1.416184B_trajectory,B3,interpolated Pythia trajectories,pythia_1.416184B_trajectory,2442,2.3252,2.3273223244180046,0.0021223244180044176,0.0021223244180044176
1.416184,124.256,2.3247,59,1,pythia_1.416184B_trajectory,B3,interpolated Pythia trajectories,pythia_1.416184B_trajectory,2443,2.3247,2.3259277498524384,0.0012277498524384534,0.0012277498524384534
1.416184,126.191,2.324,60,1,pythia_1.416184B_trajectory,B3,interpolated Pythia trajectories,pythia_1.416184B_trajectory,2444,2.324,2.324539687379905,0.0005396873799052848,0.0005396873799052848
1.416184,128.157,2.3248,61,1,pythia_1.416184B_trajectory,B3,interpolated Pythia trajectories,pythia_1.416184B_trajectory,2445,2.3248,2.323157011474694,-0.0016429885253064214,0.0016429885253064214
1.416184,130.154,2.3234,62,1,pythia_1.416184B_trajectory,B3,interpolated Pythia trajectories,pythia_1.416184B_trajectory,2446,2.3234,2.3217800521391707,-0.0016199478608291962,0.0016199478608291962
1.416184,132.181,2.3173,63,1,pythia_1.416184B_trajectory,B3,interpolated Pythia trajectories,pythia_1.416184B_trajectory,2447,2.3173,2.320409787240476,0.0031097872404761695,0.0031097872404761695
1.416184,134.24,2.3192,64,1,pythia_1.416184B_trajectory,B3,interpolated Pythia trajectories,pythia_1.416184B_trajectory,2448,2.3192,2.3190451528372655,-0.00015484716273439503,0.00015484716273439503
1.416184,136.331,2.319,65,1,pythia_1.416184B_trajectory,B3,interpolated Pythia trajectories,pythia_1.416184B_trajectory,2449,2.319,2.3176864563747346,-0.0013135436252653676,0.0013135436252653676
1.416184,138.455,2.317,66,1,pythia_1.416184B_trajectory,B3,interpolated Pythia trajectories,pythia_1.416184B_trajectory,2450,2.317,2.3163333540115416,-0.0006666459884585585,0.0006666459884585585
1.416184,140.612,2.3148,67,1,pythia_1.416184B_trajectory,B3,interpolated Pythia trajectories,pythia_1.416184B_trajectory,2451,2.3148,2.3149861501031825,0.00018615010318256964,0.00018615010318256964
1.416184,142.802,2.3141,68,1,pythia_1.416184B_trajectory,B3,interpolated Pythia trajectories,pythia_1.416184B_trajectory,2452,2.3141,2.3136451286960864,-0.0004548713039134178,0.0004548713039134178
1.416184,145.027,2.3113,69,1,pythia_1.416184B_trajectory,B3,interpolated Pythia trajectories,pythia_1.416184B_trajectory,2453,2.3113,2.3123093654784386,0.0010093654784384398,0.0010093654784384398
1.416184,147.286,2.3108,70,1,pythia_1.416184B_trajectory,B3,interpolated Pythia trajectories,pythia_1.416184B_trajectory,2454,2.3108,2.310979758999578,0.00017975899957800578,0.00017975899957800578
1.416184,149.58,2.3095,71,1,pythia_1.416184B_trajectory,B3,interpolated Pythia trajectories,pythia_1.416184B_trajectory,2455,2.3095,2.309655998743097,0.0001559987430970189,0.0001559987430970189
1.416184,151.91,2.307,72,1,pythia_1.416184B_trajectory,B3,interpolated Pythia trajectories,pythia_1.416184B_trajectory,2456,2.307,2.3083378004978012,0.0013378004978013003,0.0013378004978013003
1.416184,154.277,2.3066,73,1,pythia_1.416184B_trajectory,B3,interpolated Pythia trajectories,pythia_1.416184B_trajectory,2457,2.3066,2.307024904930785,0.0004249049307851749,0.0004249049307851749
1.416184,156.68,2.3052,74,1,pythia_1.416184B_trajectory,B3,interpolated Pythia trajectories,pythia_1.416184B_trajectory,2458,2.3052,2.305718153126373,0.0005181531263729333,0.0005181531263729333
1.416184,159.121,2.3048,76,1,pythia_1.416184B_trajectory,B3,interpolated Pythia trajectories,pythia_1.416184B_trajectory,2459,2.3048,2.30441674027147,-0.00038325972853003876,0.00038325972853003876
1.416184,161.6,2.3041,77,1,pythia_1.416184B_trajectory,B3,interpolated Pythia trajectories,pythia_1.416184B_trajectory,2460,2.3041,2.303120961472153,-0.000979038527847198,0.000979038527847198
1.416184,164.117,2.2993,78,1,pythia_1.416184B_trajectory,B3,interpolated Pythia trajectories,pythia_1.416184B_trajectory,2461,2.2993,2.301831092208722,0.00253109220872183,0.00253109220872183
1.416184,166.674,2.3017,79,1,pythia_1.416184B_trajectory,B3,interpolated Pythia trajectories,pythia_1.416184B_trajectory,2462,2.3017,2.3005463941701647,-0.001153605829835147,0.001153605829835147
1.416184,169.27,2.2986,80,1,pythia_1.416184B_trajectory,B3,interpolated Pythia trajectories,pythia_1.416184B_trajectory,2463,2.2986,2.2992676521689654,0.0006676521689654713,0.0006676521689654713
1.416184,171.907,2.296,82,1,pythia_1.416184B_trajectory,B3,interpolated Pythia trajectories,pythia_1.416184B_trajectory,2464,2.296,2.2979941586528594,0.001994158652859568,0.001994158652859568
1.416184,174.585,2.297,83,1,pythia_1.416184B_trajectory,B3,interpolated Pythia trajectories,pythia_1.416184B_trajectory,2465,2.297,2.296726200961968,-0.000273799038032152,0.000273799038032152
1.416184,177.304,2.2944,84,1,pythia_1.416184B_trajectory,B3,interpolated Pythia trajectories,pythia_1.416184B_trajectory,2466,2.2944,2.29546404728969,0.0010640472896898956,0.0010640472896898956
1.416184,180.066,2.293,86,1,pythia_1.416184B_trajectory,B3,interpolated Pythia trajectories,pythia_1.416184B_trajectory,2467,2.293,2.2942070462049395,0.0012070462049393882,0.0012070462049393882
1.416184,182.871,2.2885,87,1,pythia_1.416184B_trajectory,B3,interpolated Pythia trajectories,pythia_1.416184B_trajectory,2468,2.2885,2.292955482886821,0.00445548288682085,0.00445548288682085
1.416184,185.72,2.293,88,1,pythia_1.416184B_trajectory,B3,interpolated Pythia trajectories,pythia_1.416184B_trajectory,2469,2.293,2.2917091904083744,-0.0012908095916257523,0.0012908095916257523
1.416184,188.613,2.292,90,1,pythia_1.416184B_trajectory,B3,interpolated Pythia trajectories,pythia_1.416184B_trajectory,2470,2.292,2.290468442257949,-0.0015315577420507154,0.0015315577420507154
1.416184,191.551,2.288,91,1,pythia_1.416184B_trajectory,B3,interpolated Pythia trajectories,pythia_1.416184B_trajectory,2471,2.288,2.2892330771424794,0.001233077142479555,0.001233077142479555
1.416184,194.535,2.2891,93,1,pythia_1.416184B_trajectory,B3,interpolated Pythia trajectories,pythia_1.416184B_trajectory,2472,2.2891,2.2880029487079403,-0.0010970512920596143,0.0010970512920596143
1.416184,197.566,2.2854,94,1,pythia_1.416184B_trajectory,B3,interpolated Pythia trajectories,pythia_1.416184B_trajectory,2473,2.2854,2.2867779246707918,0.0013779246707916748,0.0013779246707916748
1.416184,200.643,2.2844,96,1,pythia_1.416184B_trajectory,B3,interpolated Pythia trajectories,pythia_1.416184B_trajectory,2474,2.2844,2.285558670687827,0.0011586706878268238,0.0011586706878268238
1.416184,203.769,2.2861,97,1,pythia_1.416184B_trajectory,B3,interpolated Pythia trajectories,pythia_1.416184B_trajectory,2475,2.2861,2.2843442647130163,-0.001755735286983473,0.001755735286983473
1.416184,206.943,2.2839,99,1,pythia_1.416184B_trajectory,B3,interpolated Pythia trajectories,pythia_1.416184B_trajectory,2476,2.2839,2.2831353669942556,-0.000764633005744475,0.000764633005744475
1.416184,210.167,2.2836,100,1,pythia_1.416184B_trajectory,B3,interpolated Pythia trajectories,pythia_1.416184B_trajectory,2477,2.2836,2.281931480388487,-0.0016685196115129308,0.0016685196115129308
1.416184,213.441,2.2797,102,1,pythia_1.416184B_trajectory,B3,interpolated Pythia trajectories,pythia_1.416184B_trajectory,2478,2.2797,2.2807328737043866,0.0010328737043865388,0.0010328737043865388
1.416184,216.766,2.2786,103,1,pythia_1.416184B_trajectory,B3,interpolated Pythia trajectories,pythia_1.416184B_trajectory,2479,2.2786,2.2795394423620663,0.0009394423620663339,0.0009394423620663339
1.416184,220.142,2.2759,105,1,pythia_1.416184B_trajectory,B3,interpolated Pythia trajectories,pythia_1.416184B_trajectory,2480,2.2759,2.2783514408084216,0.0024514408084215233,0.0024514408084215233
1.416184,223.572,2.2795,106,1,pythia_1.416184B_trajectory,B3,interpolated Pythia trajectories,pythia_1.416184B_trajectory,2481,2.2795,2.277168081294741,-0.002331918705259284,0.002331918705259284
1.416184,227.054,2.2763,108,1,pythia_1.416184B_trajectory,B3,interpolated Pythia trajectories,pythia_1.416184B_trajectory,2482,2.2763,2.2759903143122946,-0.0003096856877053966,0.0003096856877053966
1.416184,230.591,2.2795,110,1,pythia_1.416184B_trajectory,B3,interpolated Pythia trajectories,pythia_1.416184B_trajectory,2483,2.2795,2.27481737775479,-0.004682622245209878,0.004682622245209878
1.416184,234.183,2.2721,112,1,pythia_1.416184B_trajectory,B3,interpolated Pythia trajectories,pythia_1.416184B_trajectory,2484,2.2721,2.27364953643852,0.0015495364385200716,0.0015495364385200716
1.416184,237.831,2.2724,113,1,pythia_1.416184B_trajectory,B3,interpolated Pythia trajectories,pythia_1.416184B_trajectory,2485,2.2724,2.2724867219200116,8.67219200113567e-05,8.67219200113567e-05
1.416184,241.536,2.2717,115,1,pythia_1.416184B_trajectory,B3,interpolated Pythia trajectories,pythia_1.416184B_trajectory,2486,2.2717,2.271328873564671,-0.0003711264353292165,0.0003711264353292165
1.416184,245.299,2.2722,117,1,pythia_1.416184B_trajectory,B3,interpolated Pythia trajectories,pythia_1.416184B_trajectory,2487,2.2722,2.2701759380305373,-0.0020240619694629203,0.0020240619694629203
1.416184,249.12,2.2693,119,1,pythia_1.416184B_trajectory,B3,interpolated Pythia trajectories,pythia_1.416184B_trajectory,2488,2.2693,2.2690281662068816,-0.00027183379311823685,0.00027183379311823685
1.416184,253.001,2.2654,121,1,pythia_1.416184B_trajectory,B3,interpolated Pythia trajectories,pythia_1.416184B_trajectory,2489,2.2654,2.267885208798491,0.002485208798491012,0.002485208798491012
1.416184,256.942,2.2673,122,1,pythia_1.416184B_trajectory,B3,interpolated Pythia trajectories,pythia_1.416184B_trajectory,2490,2.2673,2.2667473177133286,-0.0005526822866714909,0.0005526822866714909
1.416184,260.944,2.2679,124,1,pythia_1.416184B_trajectory,B3,interpolated Pythia trajectories,pythia_1.416184B_trajectory,2491,2.2679,2.2656144476159943,-0.00228555238400574,0.00228555238400574
1.416184,265.009,2.2632,126,1,pythia_1.416184B_trajectory,B3,interpolated Pythia trajectories,pythia_1.416184B_trajectory,2492,2.2632,2.2644862840730373,0.0012862840730374359,0.0012862840730374359
1.416184,269.138,2.2651,128,1,pythia_1.416184B_trajectory,B3,interpolated Pythia trajectories,pythia_1.416184B_trajectory,2493,2.2651,2.263362808900059,-0.0017371910999410822,0.0017371910999410822
1.416184,273.33,2.2638,130,1,pythia_1.416184B_trajectory,B3,interpolated Pythia trajectories,pythia_1.416184B_trajectory,2494,2.2638,2.2622445364711443,-0.001555463528855494,0.001555463528855494
1.416184,277.588,2.2602,132,1,pythia_1.416184B_trajectory,B3,interpolated Pythia trajectories,pythia_1.416184B_trajectory,2495,2.2602,2.2611309078337265,0.000930907833726291,0.000930907833726291
1.416184,281.912,2.2616,134,1,pythia_1.416184B_trajectory,B3,interpolated Pythia trajectories,pythia_1.416184B_trajectory,2496,2.2616,2.2600221711160193,-0.0015778288839807253,0.0015778288839807253
1.416184,286.304,2.2539,136,1,pythia_1.416184B_trajectory,B3,interpolated Pythia trajectories,pythia_1.416184B_trajectory,2497,2.2539,2.2589180599867342,0.0050180599867344355,0.0050180599867344355
1.416184,290.764,2.2589,139,1,pythia_1.416184B_trajectory,B3,interpolated Pythia trajectories,pythia_1.416184B_trajectory,2498,2.2589,2.257818819267537,-0.0010811807324633271,0.0010811807324633271
1.416184,295.293,2.2523,141,1,pythia_1.416184B_trajectory,B3,interpolated Pythia trajectories,pythia_1.416184B_trajectory,2499,2.2523,2.2567244380841873,0.004424438084187354,0.004424438084187354
1.416184,299.893,2.2583,143,1,pythia_1.416184B_trajectory,B3,interpolated Pythia trajectories,pythia_1.416184B_trajectory,2500,2.2583,2.255634673972805,-0.0026653260271953805,0.0026653260271953805
11.965825,0.134,4.0229,0,1,pythia_11.965825B_trajectory,B3,interpolated Pythia trajectories,pythia_11.965825B_trajectory,2501,4.0229,4.018901235594227,-0.003998764405772626,0.003998764405772626
11.965825,0.136,4.0139,0,1,pythia_11.965825B_trajectory,B3,interpolated Pythia trajectories,pythia_11.965825B_trajectory,2502,4.0139,4.009893699027559,-0.004006300972440258,0.004006300972440258
11.965825,0.138,4.0009,0,1,pythia_11.965825B_trajectory,B3,interpolated Pythia trajectories,pythia_11.965825B_trajectory,2503,4.0009,4.001054124250523,0.00015412425052296896,0.00015412425052296896
11.965825,0.14,3.9916,0,1,pythia_11.965825B_trajectory,B3,interpolated Pythia trajectories,pythia_11.965825B_trajectory,2504,3.9916,3.9923770122891264,0.0007770122891264108,0.0007770122891264108
11.965825,0.143,3.9808,0,1,pythia_11.965825B_trajectory,B3,interpolated Pythia trajectories,pythia_11.965825B_trajectory,2505,3.9808,3.9796545577091837,-0.0011454422908161455,0.0011454422908161455
11.965825,0.145,3.9771,0,1,pythia_11.965825B_trajectory,B3,interpolated Pythia trajectories,pythia_11.965825B_trajectory,2506,3.9771,3.971361183150753,-0.0057388168492469305,0.0057388168492469305
11.965825,0.147,3.9668,0,1,pythia_11.965825B_trajectory,B3,interpolated Pythia trajectories,pythia_11.965825B_trajectory,2507,3.9668,3.9632129383632506,-0.003587061636749489,0.003587061636749489
11.965825,0.149,3.9594,0,1,pythia_11.965825B_trajectory,B3,interpolated Pythia trajectories,pythia_11.965825B_trajectory,2508,3.9594,3.9552053602970725,-0.0041946397029275495,0.0041946397029275495
11.965825,0.152,3.952,0,1,pythia_11.965825B_trajectory,B3,interpolated Pythia trajectories,pythia_11.965825B_trajectory,2509,3.952,3.943448457114123,-0.008551542885876895,0.008551542885876895
11.965825,0.154,3.9419,0,1,pythia_11.965825B_trajectory,B3,interpolated Pythia trajectories,pythia_11.965825B_trajectory,2510,3.9419,3.935774271765195,-0.006125728234804839,0.006125728234804839
11.965825,0.156,3.935,0,1,pythia_11.965825B_trajectory,B3,interpolated Pythia trajectories,pythia_11.965825B_trajectory,2511,3.935,3.9282265966492713,-0.006773403350728735,0.006773403350728735
11.965825,0.159,3.9255,0,1,pythia_11.965825B_trajectory,B3,interpolated Pythia trajectories,pythia_11.965825B_trajectory,2512,3.9255,3.917134308832241,-0.008365691167758982,0.008365691167758982
11.965825,0.161,3.9139,0,1,pythia_11.965825B_trajectory,B3,interpolated Pythia trajectories,pythia_11.965825B_trajectory,2513,3.9139,3.909887190820942,-0.004012809179057886,0.004012809179057886
11.965825,0.164,3.9102,0,1,pythia_11.965825B_trajectory,B3,interpolated Pythia trajectories,pythia_11.965825B_trajectory,2514,3.9102,3.899229860422702,-0.010970139577298088,0.010970139577298088
11.965825,0.166,3.8952,0,1,pythia_11.965825B_trajectory,B3,interpolated Pythia trajectories,pythia_11.965825B_trajectory,2515,3.8952,3.892262623183535,-0.0029373768164648872,0.0029373768164648872
11.965825,0.169,3.8889,0,1,pythia_11.965825B_trajectory,B3,interpolated Pythia trajectories,pythia_11.965825B_trajectory,2516,3.8889,3.8820107712624994,-0.006889228737500641,0.006889228737500641
11.965825,0.172,3.8828,0,1,pythia_11.965825B_trajectory,B3,interpolated Pythia trajectories,pythia_11.965825B_trajectory,2517,3.8828,3.8719892322568183,-0.010810767743181682,0.010810767743181682
11.965825,0.174,3.873,0,1,pythia_11.965825B_trajectory,B3,interpolated Pythia trajectories,pythia_11.965825B_trajectory,2518,3.873,3.865431663688768,-0.0075683363112322155,0.0075683363112322155
11.965825,0.177,3.8644,0,1,pythia_11.965825B_trajectory,B3,interpolated Pythia trajectories,pythia_11.965825B_trajectory,2519,3.8644,3.855774101158898,-0.008625898841101876,0.008625898841101876
11.965825,0.18,3.8529,0,1,pythia_11.965825B_trajectory,B3,interpolated Pythia trajectories,pythia_11.965825B_trajectory,2520,3.8529,3.846323798795828,-0.006576201204171905,0.006576201204171905
11.965825,0.183,3.846,0,1,pythia_11.965825B_trajectory,B3,interpolated Pythia trajectories,pythia_11.965825B_trajectory,2521,3.846,3.8370729638195527,-0.008927036180447434,0.008927036180447434
11.965825,0.185,3.8379,0,1,pythia_11.965825B_trajectory,B3,interpolated Pythia trajectories,pythia_11.965825B_trajectory,2522,3.8379,3.8310128960193146,-0.006887103980685261,0.006887103980685261
11.965825,0.188,3.8296,0,1,pythia_11.965825B_trajectory,B3,interpolated Pythia trajectories,pythia_11.965825B_trajectory,2523,3.8296,3.822078302803703,-0.00752169719629725,0.00752169719629725
11.965825,0.191,3.8217,0,1,pythia_11.965825B_trajectory,B3,interpolated Pythia trajectories,pythia_11.965825B_trajectory,2524,3.8217,3.8133243476860956,-0.008375652313904247,0.008375652313904247
11.965825,0.194,3.8074,0,1,pythia_11.965825B_trajectory,B3,interpolated Pythia trajectories,pythia_11.965825B_trajectory,2525,3.8074,3.8047446261485742,-0.0026553738514256686,0.0026553738514256686
11.965825,0.197,3.8053,0,1,pythia_11.965825B_trajectory,B3,interpolated Pythia trajectories,pythia_11.965825B_trajectory,2526,3.8053,3.796333055345678,-0.008966944654321907,0.008966944654321907
11.965825,0.2,3.7942,0,1,pythia_11.965825B_trajectory,B3,interpolated Pythia trajectories,pythia_11.965825B_trajectory,2527,3.7942,3.788083853339932,-0.0061161466600681,0.0061161466600681
11.965825,0.203,3.7885,0,1,pythia_11.965825B_trajectory,B3,interpolated Pythia trajectories,pythia_11.965825B_trajectory,2528,3.7885,3.7799915199663925,-0.00850848003360749,0.00850848003360749
11.965825,0.207,3.7773,0,1,pythia_11.965825B_trajectory,B3,interpolated Pythia trajectories,pythia_11.965825B_trajectory,2529,3.7773,3.769436746034724,-0.007863253965275874,0.007863253965275874
11.965825,0.21,3.7723,0,1,pythia_11.965825B_trajectory,B3,interpolated Pythia trajectories,pythia_11.965825B_trajectory,2530,3.7723,3.761690503168837,-0.010609496831162968,0.010609496831162968
11.965825,0.213,3.765,0,1,pythia_11.965825B_trajectory,B3,interpolated Pythia trajectories,pythia_11.965825B_trajectory,2531,3.765,3.7540846132150953,-0.01091538678490478,0.01091538678490478
11.965825,0.216,3.7509,0,1,pythia_11.965825B_trajectory,B3,interpolated Pythia trajectories,pythia_11.965825B_trajectory,2532,3.7509,3.7466146093912647,-0.004285390608735451,0.004285390608735451
11.965825,0.22,3.7456,0,1,pythia_11.965825B_trajectory,B3,interpolated Pythia trajectories,pythia_11.965825B_trajectory,2533,3.7456,3.736858638540081,-0.008741361459918995,0.008741361459918995
11.965825,0.223,3.7376,0,1,pythia_11.965825B_trajectory,B3,interpolated Pythia trajectories,pythia_11.965825B_trajectory,2534,3.7376,3.7296894426739984,-0.007910557326001655,0.007910557326001655
11.965825,0.227,3.7281,0,1,pythia_11.965825B_trajectory,B3,interpolated Pythia trajectories,pythia_11.965825B_trajectory,2535,3.7281,3.720320258708047,-0.007779741291952913,0.007779741291952913
11.965825,0.23,3.7196,0,1,pythia_11.965825B_trajectory,B3,interpolated Pythia trajectories,pythia_11.965825B_trajectory,2536,3.7196,3.7134309516536153,-0.0061690483463845425,0.0061690483463845425
11.965825,0.234,3.7102,0,1,pythia_11.965825B_trajectory,B3,interpolated Pythia trajectories,pythia_11.965825B_trajectory,2537,3.7102,3.704422059278209,-0.005777940721790831,0.005777940721790831
11.965825,0.237,3.7014,0,1,pythia_11.965825B_trajectory,B3,interpolated Pythia trajectories,pythia_11.965825B_trajectory,2538,3.7014,3.6977937528071205,-0.003606247192879497,0.003606247192879497
11.965825,0.241,3.6935,0,1,pythia_11.965825B_trajectory,B3,interpolated Pythia trajectories,pythia_11.965825B_trajectory,2539,3.6935,3.689121191603472,-0.004378808396527933,0.004378808396527933
11.965825,0.245,3.6818,0,1,pythia_11.965825B_trajectory,B3,interpolated Pythia trajectories,pythia_11.965825B_trajectory,2540,3.6818,3.680630930391851,-0.0011690696081489982,0.0011690696081489982
11.965825,0.249,3.6761,0,1,pythia_11.965825B_trajectory,B3,interpolated Pythia trajectories,pythia_11.965825B_trajectory,2541,3.6761,3.672316253322574,-0.003783746677425981,0.003783746677425981
11.965825,0.253,3.6653,0,1,pythia_11.965825B_trajectory,B3,interpolated Pythia trajectories,pythia_11.965825B_trajectory,2542,3.6653,3.6641707948188005,-0.0011292051811992998,0.0011292051811992998
11.965825,0.256,3.657,0,1,pythia_11.965825B_trajectory,B3,interpolated Pythia trajectories,pythia_11.965825B_trajectory,2543,3.657,3.658169106258122,0.0011691062581218326,0.0011691062581218326
11.965825,0.26,3.6482,0,1,pythia_11.965825B_trajectory,B3,interpolated Pythia trajectories,pythia_11.965825B_trajectory,2544,3.6482,3.6503054338413885,0.0021054338413883933,0.0021054338413883933
11.965825,0.265,3.6428,0,1,pythia_11.965825B_trajectory,B3,interpolated Pythia trajectories,pythia_11.965825B_trajectory,2545,3.6428,3.6406908494220724,-0.0021091505779273767,0.0021091505779273767
11.965825,0.269,3.6342,0,1,pythia_11.965825B_trajectory,B3,interpolated Pythia trajectories,pythia_11.965825B_trajectory,2546,3.6342,3.6331648324023713,-0.0010351675976285613,0.0010351675976285613
11.965825,0.273,3.6318,0,1,pythia_11.965825B_trajectory,B3,interpolated Pythia trajectories,pythia_11.965825B_trajectory,2547,3.6318,3.625780701991947,-0.00601929800805312,0.00601929800805312
11.965825,0.277,3.6173,0,1,pythia_11.965825B_trajectory,B3,interpolated Pythia trajectories,pythia_11.965825B_trajectory,2548,3.6173,3.6185337623262646,0.001233762326264376,0.001233762326264376
11.965825,0.281,3.6108,0,1,pythia_11.965825B_trajectory,B3,interpolated Pythia trajectories,pythia_11.965825B_trajectory,2549,3.6108,3.611419537925772,0.0006195379257722955,0.0006195379257722955
11.965825,0.286,3.6087,0,1,pythia_11.965825B_trajectory,B3,interpolated Pythia trajectories,pythia_11.965825B_trajectory,2550,3.6087,3.6027069043348066,-0.005993095665193238,0.005993095665193238
11.965825,0.29,3.597,0,1,pythia_11.965825B_trajectory,B3,interpolated Pythia trajectories,pythia_11.965825B_trajectory,2551,3.597,3.595875978528563,-0.0011240214714369756,0.0011240214714369756
11.965825,0.295,3.5926,0,1,pythia_11.965825B_trajectory,B3,interpolated Pythia trajectories,pythia_11.965825B_trajectory,2552,3.5926,3.5875049867404036,-0.0050950132595963815,0.0050950132595963815
11.965825,0.299,3.5878,0,1,pythia_11.965825B_trajectory,B3,interpolated Pythia trajectories,pythia_11.965825B_trajectory,2553,3.5878,3.5809378702781722,-0.00686212972182787,0.00686212972182787
11.965825,0.304,3.5786,0,1,pythia_11.965825B_trajectory,B3,interpolated Pythia trajectories,pythia_11.965825B_trajectory,2554,3.5786,3.57288536605075,-0.005714633949249759,0.005714633949249759
11.965825,0.309,3.571,0,1,pythia_11.965825B_trajectory,B3,interpolated Pythia trajectories,pythia_11.965825B_trajectory,2555,3.571,3.5650006126660645,-0.00599938733393568,0.00599938733393568
11.965825,0.314,3.5648,0,1,pythia_11.965825B_trajectory,B3,interpolated Pythia trajectories,pythia_11.965825B_trajectory,2556,3.5648,3.5572774846993536,-0.007522515300646404,0.007522515300646404
11.965825,0.318,3.5584,0,1,pythia_11.965825B_trajectory,B3,interpolated Pythia trajectories,pythia_11.965825B_trajectory,2557,3.5584,3.551211439074268,-0.007188560925731835,0.007188560925731835
11.965825,0.323,3.5537,0,1,pythia_11.965825B_trajectory,B3,interpolated Pythia trajectories,pythia_11.965825B_trajectory,2558,3.5537,3.5437647982490144,-0.009935201750985723,0.009935201750985723
11.965825,0.328,3.5415,0,1,pythia_11.965825B_trajectory,B3,interpolated Pythia trajectories,pythia_11.965825B_trajectory,2559,3.5415,3.5364642504810604,-0.005035749518939703,0.005035749518939703
11.965825,0.334,3.5358,0,1,pythia_11.965825B_trajectory,B3,interpolated Pythia trajectories,pythia_11.965825B_trajectory,2560,3.5358,3.527889373270332,-0.007910626729668024,0.007910626729668024
11.965825,0.339,3.5257,0,1,pythia_11.965825B_trajectory,B3,interpolated Pythia trajectories,pythia_11.965825B_trajectory,2561,3.5257,3.5208928740851753,-0.004807125914824795,0.004807125914824795
11.965825,0.344,3.5219,0,1,pythia_11.965825B_trajectory,B3,interpolated Pythia trajectories,pythia_11.965825B_trajectory,2562,3.5219,3.514027218533978,-0.007872781466021994,0.007872781466021994
11.965825,0.349,3.5121,0,1,pythia_11.965825B_trajectory,B3,interpolated Pythia trajectories,pythia_11.965825B_trajectory,2563,3.5121,3.507288110531149,-0.004811889468851138,0.004811889468851138
11.965825,0.355,3.5081,0,1,pythia_11.965825B_trajectory,B3,interpolated Pythia trajectories,pythia_11.965825B_trajectory,2564,3.5081,3.4993624698385606,-0.008737530161439633,0.008737530161439633
11.965825,0.36,3.4981,0,1,pythia_11.965825B_trajectory,B3,interpolated Pythia trajectories,pythia_11.965825B_trajectory,2565,3.4981,3.4928876123915185,-0.005212387608481528,0.005212387608481528
11.965825,0.366,3.4955,0,1,pythia_11.965825B_trajectory,B3,interpolated Pythia trajectories,pythia_11.965825B_trajectory,2566,3.4955,3.485268064169799,-0.010231935830200989,0.010231935830200989
11.965825,0.372,3.4866,0,1,pythia_11.965825B_trajectory,B3,interpolated Pythia trajectories,pythia_11.965825B_trajectory,2567,3.4866,3.477806732327865,-0.008793267672134952,0.008793267672134952
11.965825,0.377,3.4771,0,1,pythia_11.965825B_trajectory,B3,interpolated Pythia trajectories,pythia_11.965825B_trajectory,2568,3.4771,3.471705651754522,-0.005394348245478131,0.005394348245478131
11.965825,0.383,3.4719,0,1,pythia_11.965825B_trajectory,B3,interpolated Pythia trajectories,pythia_11.965825B_trajectory,2569,3.4719,3.464519641066958,-0.007380358933042341,0.007380358933042341
11.965825,0.389,3.4686,0,1,pythia_11.965825B_trajectory,B3,interpolated Pythia trajectories,pythia_11.965825B_trajectory,2570,3.4686,3.4574762867601154,-0.01112371323988448,0.01112371323988448
11.965825,0.395,3.4545,0,1,pythia_11.965825B_trajectory,B3,interpolated Pythia trajectories,pythia_11.965825B_trajectory,2571,3.4545,3.45057062109141,-0.003929378908589687,0.003929378908589687
11.965825,0.402,3.4522,0,1,pythia_11.965825B_trajectory,B3,interpolated Pythia trajectories,pythia_11.965825B_trajectory,2572,3.4522,3.442681746721012,-0.00951825327898792,0.00951825327898792
11.965825,0.408,3.441,0,1,pythia_11.965825B_trajectory,B3,interpolated Pythia trajectories,pythia_11.965825B_trajectory,2573,3.441,3.436058510723706,-0.004941489276293787,0.004941489276293787
11.965825,0.414,3.439,0,1,pythia_11.965825B_trajectory,B3,interpolated Pythia trajectories,pythia_11.965825B_trajectory,2574,3.439,3.429558776925144,-0.009441223074856175,0.009441223074856175
11.965825,0.421,3.4313,0,1,pythia_11.965825B_trajectory,B3,interpolated Pythia trajectories,pythia_11.965825B_trajectory,2575,3.4313,3.422126463450306,-0.009173536549693662,0.009173536549693662
11.965825,0.427,3.4247,0,1,pythia_11.965825B_trajectory,B3,interpolated Pythia trajectories,pythia_11.965825B_trajectory,2576,3.4247,3.415880696512402,-0.008819303487598074,0.008819303487598074
11.965825,0.434,3.415,0,1,pythia_11.965825B_trajectory,B3,interpolated Pythia trajectories,pythia_11.965825B_trajectory,2577,3.415,3.4087344266315736,-0.00626557336842648,0.00626557336842648
11.965825,0.441,3.4099,0,1,pythia_11.965825B_trajectory,B3,interpolated Pythia trajectories,pythia_11.965825B_trajectory,2578,3.4099,3.401734176636893,-0.008165823363107005,0.008165823363107005
11.965825,0.447,3.4049,0,1,pythia_11.965825B_trajectory,B3,interpolated Pythia trajectories,pythia_11.965825B_trajectory,2579,3.4049,3.395846209498862,-0.009053790501138081,0.009053790501138081
11.965825,0.454,3.3941,0,1,pythia_11.965825B_trajectory,B3,interpolated Pythia trajectories,pythia_11.965825B_trajectory,2580,3.3941,3.389103461850681,-0.0049965381493191074,0.0049965381493191074
11.965825,0.461,3.3886,0,1,pythia_11.965825B_trajectory,B3,interpolated Pythia trajectories,pythia_11.965825B_trajectory,2581,3.3886,3.382492478442444,-0.006107521557555895,0.006107521557555895
11.965825,0.469,3.383,0,1,pythia_11.965825B_trajectory,B3,interpolated Pythia trajectories,pythia_11.965825B_trajectory,2582,3.383,3.375092627550063,-0.007907372449937,0.007907372449937
11.965825,0.476,3.3741,0,1,pythia_11.965825B_trajectory,B3,interpolated Pythia trajectories,pythia_11.965825B_trajectory,2583,3.3741,3.3687490641053754,-0.005350935894624431,0.005350935894624431
11.965825,0.483,3.3665,0,1,pythia_11.965825B_trajectory,B3,interpolated Pythia trajectories,pythia_11.965825B_trajectory,2584,3.3665,3.362523787859516,-0.003976212140484048,0.003976212140484048
11.965825,0.491,3.3572,0,1,pythia_11.965825B_trajectory,B3,interpolated Pythia trajectories,pythia_11.965825B_trajectory,2585,3.3572,3.3555490683897333,-0.0016509316102668592,0.0016509316102668592
11.965825,0.499,3.3526,0,1,pythia_11.965825B_trajectory,B3,interpolated Pythia trajectories,pythia_11.965825B_trajectory,2586,3.3526,3.3487182999091147,-0.003881700090885065,0.003881700090885065
11.965825,0.506,3.345,0,1,pythia_11.965825B_trajectory,B3,interpolated Pythia trajectories,pythia_11.965825B_trajectory,2587,3.345,3.34285536113058,-0.002144638869420401,0.002144638869420401
11.965825,0.514,3.3335,0,1,pythia_11.965825B_trajectory,B3,interpolated Pythia trajectories,pythia_11.965825B_trajectory,2588,3.3335,3.336280672716687,0.002780672716687249,0.002780672716687249
11.965825,0.522,3.3309,0,1,pythia_11.965825B_trajectory,B3,interpolated Pythia trajectories,pythia_11.965825B_trajectory,2589,3.3309,3.3298356665955273,-0.0010643334044728725,0.0010643334044728725
11.965825,0.53,3.3231,0,1,pythia_11.965825B_trajectory,B3,interpolated Pythia trajectories,pythia_11.965825B_trajectory,2590,3.3231,3.3235158553829875,0.00041585538298738456,0.00041585538298738456
11.965825,0.539,3.3186,0,1,pythia_11.965825B_trajectory,B3,interpolated Pythia trajectories,pythia_11.965825B_trajectory,2591,3.3186,3.3165504095850493,-0.002049590414950675,0.002049590414950675
11.965825,0.547,3.3151,0,1,pythia_11.965825B_trajectory,B3,interpolated Pythia trajectories,pythia_11.965825B_trajectory,2592,3.3151,3.310482724866679,-0.004617275133321108,0.004617275133321108
11.965825,0.556,3.3027,0,1,pythia_11.965825B_trajectory,B3,interpolated Pythia trajectories,pythia_11.965825B_trajectory,2593,3.3027,3.3037909014512246,0.0010909014512243687,0.0010909014512243687
11.965825,0.564,3.3022,0,1,pythia_11.965825B_trajectory,B3,interpolated Pythia trajectories,pythia_11.965825B_trajectory,2594,3.3022,3.297957967482906,-0.004242032517093985,0.004242032517093985
11.965825,0.573,3.2943,0,1,pythia_11.965825B_trajectory,B3,interpolated Pythia trajectories,pythia_11.965825B_trajectory,2595,3.2943,3.2915211897663106,-0.0027788102336891995,0.0027788102336891995
11.965825,0.582,3.2868,0,1,pythia_11.965825B_trajectory,B3,interpolated Pythia trajectories,pythia_11.965825B_trajectory,2596,3.2868,3.2852125258920553,-0.0015874741079446864,0.0015874741079446864
11.965825,0.591,3.2822,0,1,pythia_11.965825B_trajectory,B3,interpolated Pythia trajectories,pythia_11.965825B_trajectory,2597,3.2822,3.2790275031476797,-0.00317249685232035,0.00317249685232035
11.965825,0.6,3.2765,0,1,pythia_11.965825B_trajectory,B3,interpolated Pythia trajectories,pythia_11.965825B_trajectory,2598,3.2765,3.2729618700781797,-0.0035381299218202322,0.0035381299218202322
11.965825,0.61,3.2725,0,1,pythia_11.965825B_trajectory,B3,interpolated Pythia trajectories,pythia_11.965825B_trajectory,2599,3.2725,3.2663573903871375,-0.006142609612862504,0.006142609612862504
11.965825,0.619,3.2654,0,1,pythia_11.965825B_trajectory,B3,interpolated Pythia trajectories,pythia_11.965825B_trajectory,2600,3.2654,3.2605307568069097,-0.004869243193090345,0.004869243193090345
11.965825,0.629,3.2609,0,1,pythia_11.965825B_trajectory,B3,interpolated Pythia trajectories,pythia_11.965825B_trajectory,2601,3.2609,3.2541825658034167,-0.006717434196583216,0.006717434196583216
11.965825,0.638,3.2483,0,1,pythia_11.965825B_trajectory,B3,interpolated Pythia trajectories,pythia_11.965825B_trajectory,2602,3.2483,3.248578657853092,0.00027865785309222346,0.00027865785309222346
11.965825,0.648,3.2455,0,1,pythia_11.965825B_trajectory,B3,interpolated Pythia trajectories,pythia_11.965825B_trajectory,2603,3.2455,3.2424695609691323,-0.0030304390308675266,0.0030304390308675266
11.965825,0.659,3.2403,0,1,pythia_11.965825B_trajectory,B3,interpolated Pythia trajectories,pythia_11.965825B_trajectory,2604,3.2403,3.2358874010095713,-0.004412598990428673,0.004412598990428673
11.965825,0.669,3.2349,0,1,pythia_11.965825B_trajectory,B3,interpolated Pythia trajectories,pythia_11.965825B_trajectory,2605,3.2349,3.230024496479799,-0.004875503520201274,0.004875503520201274
11.965825,0.679,3.2313,0,1,pythia_11.965825B_trajectory,B3,interpolated Pythia trajectories,pythia_11.965825B_trajectory,2606,3.2313,3.224272697032678,-0.007027302967322235,0.007027302967322235
11.965825,0.69,3.2207,0,1,pythia_11.965825B_trajectory,B3,interpolated Pythia trajectories,pythia_11.965825B_trajectory,2607,3.2207,3.2180696382129375,-0.0026303617870624407,0.0026303617870624407
11.965825,0.701,3.2193,0,1,pythia_11.965825B_trajectory,B3,interpolated Pythia trajectories,pythia_11.965825B_trajectory,2608,3.2193,3.2119918718337015,-0.007308128166298555,0.007308128166298555
11.965825,0.711,3.2109,0,1,pythia_11.965825B_trajectory,B3,interpolated Pythia trajectories,pythia_11.965825B_trajectory,2609,3.2109,3.206571615692508,-0.004328384307492161,0.004328384307492161
11.965825,0.723,3.2088,0,1,pythia_11.965825B_trajectory,B3,interpolated Pythia trajectories,pythia_11.965825B_trajectory,2610,3.2088,3.200194686869881,-0.008605313130118919,0.008605313130118919
11.965825,0.734,3.2029,0,1,pythia_11.965825B_trajectory,B3,interpolated Pythia trajectories,pythia_11.965825B_trajectory,2611,3.2029,3.1944670459057685,-0.008432954094231615,0.008432954094231615
11.965825,0.745,3.1976,0,1,pythia_11.965825B_trajectory,B3,interpolated Pythia trajectories,pythia_11.965825B_trajectory,2612,3.1976,3.1888482250240173,-0.008751774975982674,0.008751774975982674
11.965825,0.757,3.1894,0,1,pythia_11.965825B_trajectory,B3,interpolated Pythia trajectories,pythia_11.965825B_trajectory,2613,3.1894,3.182838451409685,-0.006561548590314992,0.006561548590314992
11.965825,0.769,3.1839,0,1,pythia_11.965825B_trajectory,B3,interpolated Pythia trajectories,pythia_11.965825B_trajectory,2614,3.1839,3.176949387848917,-0.006950612151082947,0.006950612151082947
11.965825,0.781,3.1788,0,1,pythia_11.965825B_trajectory,B3,interpolated Pythia trajectories,pythia_11.965825B_trajectory,2615,3.1788,3.1711767821250674,-0.007623217874932475,0.007623217874932475
11.965825,0.793,3.1734,0,1,pythia_11.965825B_trajectory,B3,interpolated Pythia trajectories,pythia_11.965825B_trajectory,2616,3.1734,3.1655165942386034,-0.007883405761396567,0.007883405761396567
11.965825,0.805,3.1662,0,1,pythia_11.965825B_trajectory,B3,interpolated Pythia trajectories,pythia_11.965825B_trajectory,2617,3.1662,3.159964982793713,-0.00623501720628683,0.00623501720628683
11.965825,0.818,3.1623,0,1,pythia_11.965825B_trajectory,B3,interpolated Pythia trajectories,pythia_11.965825B_trajectory,2618,3.1623,3.15406902728793,-0.008230972712070184,0.008230972712070184
11.965825,0.83,3.1533,0,1,pythia_11.965825B_trajectory,B3,interpolated Pythia trajectories,pythia_11.965825B_trajectory,2619,3.1533,3.148732078593032,-0.004567921406968267,0.004567921406968267
11.965825,0.843,3.1492,0,1,pythia_11.965825B_trajectory,B3,interpolated Pythia trajectories,pythia_11.965825B_trajectory,2620,3.1492,3.1430607095743825,-0.00613929042561745,0.00613929042561745
11.965825,0.856,3.1422,0,1,pythia_11.965825B_trajectory,B3,interpolated Pythia trajectories,pythia_11.965825B_trajectory,2621,3.1422,3.1375001869160855,-0.004699813083914428,0.004699813083914428
11.965825,0.87,3.1399,0,1,pythia_11.965825B_trajectory,B3,interpolated Pythia trajectories,pythia_11.965825B_trajectory,2622,3.1399,3.1316315400823793,-0.008268459917620596,0.008268459917620596
11.965825,0.883,3.1289,0,1,pythia_11.965825B_trajectory,B3,interpolated Pythia trajectories,pythia_11.965825B_trajectory,2623,3.1289,3.1262893025639955,-0.0026106974360042834,0.0026106974360042834
11.965825,0.897,3.1241,0,1,pythia_11.965825B_trajectory,B3,interpolated Pythia trajectories,pythia_11.965825B_trajectory,2624,3.1241,3.120647558439522,-0.003452441560477748,0.003452441560477748
11.965825,0.911,3.1184,0,1,pythia_11.965825B_trajectory,B3,interpolated Pythia trajectories,pythia_11.965825B_trajectory,2625,3.1184,3.115117401868732,-0.0032825981312676333,0.0032825981312676333
11.965825,0.925,3.1108,0,1,pythia_11.965825B_trajectory,B3,interpolated Pythia trajectories,pythia_11.965825B_trajectory,2626,3.1108,3.109694961104074,-0.0011050388959259472,0.0011050388959259472
11.965825,0.94,3.1068,0,1,pythia_11.965825B_trajectory,B3,interpolated Pythia trajectories,pythia_11.965825B_trajectory,2627,3.1068,3.1040005559006225,-0.0027994440993772685,0.0027994440993772685
11.965825,0.954,3.1034,0,1,pythia_11.965825B_trajectory,B3,interpolated Pythia trajectories,pythia_11.965825B_trajectory,2628,3.1034,3.098789732188811,-0.004610267811189228,0.004610267811189228
11.965825,0.969,3.0919,0,1,pythia_11.965825B_trajectory,B3,interpolated Pythia trajectories,pythia_11.965825B_trajectory,2629,3.0919,3.093314221852795,0.0014142218527952721,0.0014142218527952721
11.965825,0.984,3.0909,0,1,pythia_11.965825B_trajectory,B3,interpolated Pythia trajectories,pythia_11.965825B_trajectory,2630,3.0909,3.087946133650334,-0.00295386634966599,0.00295386634966599
11.965825,1.0,3.0859,0,1,pythia_11.965825B_trajectory,B3,interpolated Pythia trajectories,pythia_11.965825B_trajectory,2631,3.0859,3.0823344133865236,-0.0035655866134765013,0.0035655866134765013
11.965825,1.015,3.0805,0,1,pythia_11.965825B_trajectory,B3,interpolated Pythia trajectories,pythia_11.965825B_trajectory,2632,3.0805,3.077176817046287,-0.003323182953712589,0.003323182953712589
11.965825,1.031,3.0759,0,1,pythia_11.965825B_trajectory,B3,interpolated Pythia trajectories,pythia_11.965825B_trajectory,2633,3.0759,3.071781823221789,-0.0041181767782108025,0.0041181767782108025
11.965825,1.047,3.0729,0,1,pythia_11.965825B_trajectory,B3,interpolated Pythia trajectories,pythia_11.965825B_trajectory,2634,3.0729,3.0664929362141136,-0.006407063785886624,0.006407063785886624
11.965825,1.063,3.0604,0,1,pythia_11.965825B_trajectory,B3,interpolated Pythia trajectories,pythia_11.965825B_trajectory,2635,3.0604,3.0613064948385476,0.0009064948385475446,0.0009064948385475446
11.965825,1.08,3.0576,0,1,pythia_11.965825B_trajectory,B3,interpolated Pythia trajectories,pythia_11.965825B_trajectory,2636,3.0576,3.0559042589490684,-0.0016957410509315096,0.0016957410509315096
11.965825,1.097,3.0549,0,1,pythia_11.965825B_trajectory,B3,interpolated Pythia trajectories,pythia_11.965825B_trajectory,2637,3.0549,3.0506097759906017,-0.004290224009398269,0.004290224009398269
11.965825,1.114,3.0467,0,1,pythia_11.965825B_trajectory,B3,interpolated Pythia trajectories,pythia_11.965825B_trajectory,2638,3.0467,3.0454192761674106,-0.00128072383258937,0.00128072383258937
11.965825,1.131,3.0422,0,1,pythia_11.965825B_trajectory,B3,interpolated Pythia trajectories,pythia_11.965825B_trajectory,2639,3.0422,3.0403291765559937,-0.001870823444006131,0.001870823444006131
11.965825,1.149,3.0414,0,1,pythia_11.965825B_trajectory,B3,interpolated Pythia trajectories,pythia_11.965825B_trajectory,2640,3.0414,3.0350453073970245,-0.006354692602975387,0.006354692602975387
11.965825,1.167,3.0308,0,1,pythia_11.965825B_trajectory,B3,interpolated Pythia trajectories,pythia_11.965825B_trajectory,2641,3.0308,3.029866333385474,-0.0009336666145260963,0.0009336666145260963
11.965825,1.185,3.0283,0,1,pythia_11.965825B_trajectory,B3,interpolated Pythia trajectories,pythia_11.965825B_trajectory,2642,3.0283,3.0247886017433308,-0.0035113982566694624,0.0035113982566694624
11.965825,1.203,3.0223,0,1,pythia_11.965825B_trajectory,B3,interpolated Pythia trajectories,pythia_11.965825B_trajectory,2643,3.0223,3.0198086399361665,-0.0024913600638334366,0.0024913600638334366
11.965825,1.222,3.0157,0,1,pythia_11.965825B_trajectory,B3,interpolated Pythia trajectories,pythia_11.965825B_trajectory,2644,3.0157,3.014654433736271,-0.0010455662637287588,0.0010455662637287588
11.965825,1.241,3.0124,0,1,pythia_11.965825B_trajectory,B3,interpolated Pythia trajectories,pythia_11.965825B_trajectory,2645,3.0124,3.0096017885841215,-0.0027982114158784377,0.0027982114158784377
11.965825,1.26,3.007,0,1,pythia_11.965825B_trajectory,B3,interpolated Pythia trajectories,pythia_11.965825B_trajectory,2646,3.007,3.004647193678162,-0.002352806321838319,0.002352806321838319
11.965825,1.28,3.0048,0,1,pythia_11.965825B_trajectory,B3,interpolated Pythia trajectories,pythia_11.965825B_trajectory,2647,3.0048,2.9995340895290252,-0.0052659104709746885,0.0052659104709746885
11.965825,1.3,2.9968,0,1,pythia_11.965825B_trajectory,B3,interpolated Pythia trajectories,pythia_11.965825B_trajectory,2648,2.9968,2.994522228770794,-0.002277771229205694,0.002277771229205694
11.965825,1.32,2.9937,0,1,pythia_11.965825B_trajectory,B3,interpolated Pythia trajectories,pythia_11.965825B_trajectory,2649,2.9937,2.9896080947438106,-0.00409190525618941,0.00409190525618941
11.965825,1.341,2.9869,0,1,pythia_11.965825B_trajectory,B3,interpolated Pythia trajectories,pythia_11.965825B_trajectory,2650,2.9869,2.984549776165601,-0.002350223834398868,0.002350223834398868
11.965825,1.362,2.9844,0,1,pythia_11.965825B_trajectory,B3,interpolated Pythia trajectories,pythia_11.965825B_trajectory,2651,2.9844,2.9795918380419364,-0.00480816195806355,0.00480816195806355
11.965825,1.383,2.9811,0,1,pythia_11.965825B_trajectory,B3,interpolated Pythia trajectories,pythia_11.965825B_trajectory,2652,2.9811,2.974730786081397,-0.006369213918603123,0.006369213918603123
11.965825,1.404,2.972,0,1,pythia_11.965825B_trajectory,B3,interpolated Pythia trajectories,pythia_11.965825B_trajectory,2653,2.972,2.9699632983540027,-0.00203670164599723,0.00203670164599723
11.965825,1.426,2.9686,0,1,pythia_11.965825B_trajectory,B3,interpolated Pythia trajectories,pythia_11.965825B_trajectory,2654,2.9686,2.9650656992242315,-0.0035343007757684397,0.0035343007757684397
11.965825,1.449,2.9629,0,1,pythia_11.965825B_trajectory,B3,interpolated Pythia trajectories,pythia_11.965825B_trajectory,2655,2.9629,2.960047820399377,-0.002852179600622673,0.002852179600622673
11.965825,1.471,2.9615,0,1,pythia_11.965825B_trajectory,B3,interpolated Pythia trajectories,pythia_11.965825B_trajectory,2656,2.9615,2.955342592050357,-0.0061574079496429235,0.0061574079496429235
11.965825,1.494,2.9581,0,1,pythia_11.965825B_trajectory,B3,interpolated Pythia trajectories,pythia_11.965825B_trajectory,2657,2.9581,2.950518830556175,-0.007581169443824809,0.007581169443824809
11.965825,1.517,2.9514,0,1,pythia_11.965825B_trajectory,B3,interpolated Pythia trajectories,pythia_11.965825B_trajectory,2658,2.9514,2.9457891903761233,-0.0056108096238767224,0.0056108096238767224
11.965825,1.541,2.9449,0,1,pythia_11.965825B_trajectory,B3,interpolated Pythia trajectories,pythia_11.965825B_trajectory,2659,2.9449,2.9409507788471903,-0.003949221152809823,0.003949221152809823
11.965825,1.565,2.9439,0,1,pythia_11.965825B_trajectory,B3,interpolated Pythia trajectories,pythia_11.965825B_trajectory,2660,2.9439,2.9362078637804485,-0.007692136219551671,0.007692136219551671
11.965825,1.589,2.9384,0,1,pythia_11.965825B_trajectory,B3,interpolated Pythia trajectories,pythia_11.965825B_trajectory,2661,2.9384,2.9315571386296986,-0.006842861370301545,0.006842861370301545
11.965825,1.614,2.9316,0,1,pythia_11.965825B_trajectory,B3,interpolated Pythia trajectories,pythia_11.965825B_trajectory,2662,2.9316,2.92680727681496,-0.004792723185039982,0.004792723185039982
11.965825,1.639,2.9266,0,1,pythia_11.965825B_trajectory,B3,interpolated Pythia trajectories,pythia_11.965825B_trajectory,2663,2.9266,2.922150658060775,-0.004449341939225082,0.004449341939225082
11.965825,1.665,2.9222,0,1,pythia_11.965825B_trajectory,B3,interpolated Pythia trajectories,pythia_11.965825B_trajectory,2664,2.9222,2.9174032364574005,-0.004796763542599614,0.004796763542599614
11.965825,1.691,2.9209,0,1,pythia_11.965825B_trajectory,B3,interpolated Pythia trajectories,pythia_11.965825B_trajectory,2665,2.9209,2.912749761546423,-0.008150238453576986,0.008150238453576986
11.965825,1.717,2.9133,0,1,pythia_11.965825B_trajectory,B3,interpolated Pythia trajectories,pythia_11.965825B_trajectory,2666,2.9133,2.9081869720280076,-0.005113027971992423,0.005113027971992423
11.965825,1.744,2.907,0,1,pythia_11.965825B_trajectory,B3,interpolated Pythia trajectories,pythia_11.965825B_trajectory,2667,2.907,2.9035413523542504,-0.0034586476457496573,0.0034586476457496573
11.965825,1.771,2.9001,0,1,pythia_11.965825B_trajectory,B3,interpolated Pythia trajectories,pythia_11.965825B_trajectory,2668,2.9001,2.8989868838277486,-0.001113116172251516,0.001113116172251516
11.965825,1.799,2.8965,0,1,pythia_11.965825B_trajectory,B3,interpolated Pythia trajectories,pythia_11.965825B_trajectory,2669,2.8965,2.894356655265933,-0.0021433447340668543,0.0021433447340668543
11.965825,1.827,2.8934,0,1,pythia_11.965825B_trajectory,B3,interpolated Pythia trajectories,pythia_11.965825B_trajectory,2670,2.8934,2.8898177555425324,-0.003582244457467798,0.003582244457467798
11.965825,1.855,2.8912,0,1,pythia_11.965825B_trajectory,B3,interpolated Pythia trajectories,pythia_11.965825B_trajectory,2671,2.8912,2.8853670244143848,-0.005832975585615241,0.005832975585615241
11.965825,1.884,2.8831,0,1,pythia_11.965825B_trajectory,B3,interpolated Pythia trajectories,pythia_11.965825B_trajectory,2672,2.8831,2.8808470822410284,-0.0022529177589718508,0.0022529177589718508
11.965825,1.913,2.877,0,1,pythia_11.965825B_trajectory,B3,interpolated Pythia trajectories,pythia_11.965825B_trajectory,2673,2.877,2.876415321160783,-0.0005846788392167568,0.0005846788392167568
11.965825,1.943,2.8771,0,1,pythia_11.965825B_trajectory,B3,interpolated Pythia trajectories,pythia_11.965825B_trajectory,2674,2.8771,2.8719203237269566,-0.005179676273043388,0.005179676273043388
11.965825,1.973,2.8696,0,1,pythia_11.965825B_trajectory,B3,interpolated Pythia trajectories,pythia_11.965825B_trajectory,2675,2.8696,2.8675132873586175,-0.0020867126413826043,0.0020867126413826043
11.965825,2.004,2.8632,0,1,pythia_11.965825B_trajectory,B3,interpolated Pythia trajectories,pythia_11.965825B_trajectory,2676,2.8632,2.863048551124563,-0.00015144887543705465,0.00015144887543705465
11.965825,2.035,2.8617,0,1,pythia_11.965825B_trajectory,B3,interpolated Pythia trajectories,pythia_11.965825B_trajectory,2677,2.8617,2.8586713464021605,-0.003028653597839437,0.003028653597839437
11.965825,2.067,2.8552,0,1,pythia_11.965825B_trajectory,B3,interpolated Pythia trajectories,pythia_11.965825B_trajectory,2678,2.8552,2.854241563253744,-0.0009584367462558419,0.0009584367462558419
11.965825,2.099,2.8496,1,1,pythia_11.965825B_trajectory,B3,interpolated Pythia trajectories,pythia_11.965825B_trajectory,2679,2.8496,2.8498986948077576,0.00029869480775746027,0.00029869480775746027
11.965825,2.132,2.8428,1,1,pythia_11.965825B_trajectory,B3,interpolated Pythia trajectories,pythia_11.965825B_trajectory,2680,2.8428,2.8455079779742003,0.002707977974200304,0.002707977974200304
11.965825,2.165,2.8422,1,1,pythia_11.965825B_trajectory,B3,interpolated Pythia trajectories,pythia_11.965825B_trajectory,2681,2.8422,2.8412033930856975,-0.000996606914302589,0.000996606914302589
11.965825,2.199,2.8376,1,1,pythia_11.965825B_trajectory,B3,interpolated Pythia trajectories,pythia_11.965825B_trajectory,2682,2.8376,2.8368553221630775,-0.0007446778369226692,0.0007446778369226692
11.965825,2.233,2.8351,1,1,pythia_11.965825B_trajectory,B3,interpolated Pythia trajectories,pythia_11.965825B_trajectory,2683,2.8351,2.832592454654984,-0.0025075453450162932,0.0025075453450162932
11.965825,2.268,2.8317,1,1,pythia_11.965825B_trajectory,B3,interpolated Pythia trajectories,pythia_11.965825B_trajectory,2684,2.8317,2.8282901192288312,-0.0034098807711688828,0.0034098807711688828
11.965825,2.303,2.8278,1,1,pythia_11.965825B_trajectory,B3,interpolated Pythia trajectories,pythia_11.965825B_trajectory,2685,2.8278,2.824071931843951,-0.0037280681560489803,0.0037280681560489803
11.965825,2.339,2.8213,1,1,pythia_11.965825B_trajectory,B3,interpolated Pythia trajectories,pythia_11.965825B_trajectory,2686,2.8213,2.8198179733339233,-0.0014820266660766634,0.0014820266660766634
11.965825,2.375,2.8166,1,1,pythia_11.965825B_trajectory,B3,interpolated Pythia trajectories,pythia_11.965825B_trajectory,2687,2.8166,2.8156469982694343,-0.0009530017305658944,0.0009530017305658944
11.965825,2.412,2.8121,1,1,pythia_11.965825B_trajectory,B3,interpolated Pythia trajectories,pythia_11.965825B_trajectory,2688,2.8121,2.8114436497289397,-0.0006563502710603686,0.0006563502710603686
11.965825,2.45,2.8109,1,1,pythia_11.965825B_trajectory,B3,interpolated Pythia trajectories,pythia_11.965825B_trajectory,2689,2.8109,2.8072117396830745,-0.0036882603169257067,0.0036882603169257067
11.965825,2.488,2.8064,1,1,pythia_11.965825B_trajectory,B3,interpolated Pythia trajectories,pythia_11.965825B_trajectory,2690,2.8064,2.8030630150809532,-0.0033369849190467704,0.0033369849190467704
11.965825,2.527,2.8025,1,1,pythia_11.965825B_trajectory,B3,interpolated Pythia trajectories,pythia_11.965825B_trajectory,2691,2.8025,2.7988886032620037,-0.003611396737996486,0.003611396737996486
11.965825,2.566,2.7963,1,1,pythia_11.965825B_trajectory,B3,interpolated Pythia trajectories,pythia_11.965825B_trajectory,2692,2.7963,2.7947958438653693,-0.0015041561346307297,0.0015041561346307297
11.965825,2.606,2.7949,1,1,pythia_11.965825B_trajectory,B3,interpolated Pythia trajectories,pythia_11.965825B_trajectory,2693,2.7949,2.7906800267734155,-0.004219973226584628,0.004219973226584628
11.965825,2.647,2.7928,1,1,pythia_11.965825B_trajectory,B3,interpolated Pythia trajectories,pythia_11.965825B_trajectory,2694,2.7928,2.7865443897427697,-0.006255610257230426,0.006255610257230426
11.965825,2.688,2.7865,1,1,pythia_11.965825B_trajectory,B3,interpolated Pythia trajectories,pythia_11.965825B_trajectory,2695,2.7865,2.782489936902036,-0.004010063097964256,0.004010063097964256
11.965825,2.73,2.7821,1,1,pythia_11.965825B_trajectory,B3,interpolated Pythia trajectories,pythia_11.965825B_trajectory,2696,2.7821,2.778417851632733,-0.0036821483672668798,0.0036821483672668798
11.965825,2.773,2.7759,1,1,pythia_11.965825B_trajectory,B3,interpolated Pythia trajectories,pythia_11.965825B_trajectory,2697,2.7759,2.774331049598255,-0.001568950401745095,0.001568950401745095
11.965825,2.816,2.7726,1,1,pythia_11.965825B_trajectory,B3,interpolated Pythia trajectories,pythia_11.965825B_trajectory,2698,2.7726,2.7703245625428146,-0.002275437457185614,0.002275437457185614
11.965825,2.86,2.769,1,1,pythia_11.965825B_trajectory,B3,interpolated Pythia trajectories,pythia_11.965825B_trajectory,2699,2.769,2.7663051519044473,-0.002694848095552871,0.002694848095552871
11.965825,2.904,2.7689,1,1,pythia_11.965825B_trajectory,B3,interpolated Pythia trajectories,pythia_11.965825B_trajectory,2700,2.7689,2.762364116121683,-0.006535883878316717,0.006535883878316717
11.965825,2.949,2.7622,1,1,pythia_11.965825B_trajectory,B3,interpolated Pythia trajectories,pythia_11.965825B_trajectory,2701,2.7622,2.7584117844995473,-0.0037882155004527185,0.0037882155004527185
11.965825,2.995,2.7564,1,1,pythia_11.965825B_trajectory,B3,interpolated Pythia trajectories,pythia_11.965825B_trajectory,2702,2.7564,2.754450615950649,-0.0019493840493511883,0.0019493840493511883
11.965825,3.042,2.7573,1,1,pythia_11.965825B_trajectory,B3,interpolated Pythia trajectories,pythia_11.965825B_trajectory,2703,2.7573,2.750482959302898,-0.006817040697101984,0.006817040697101984
11.965825,3.089,2.7466,1,1,pythia_11.965825B_trajectory,B3,interpolated Pythia trajectories,pythia_11.965825B_trajectory,2704,2.7466,2.7465929957618838,-7.004238116170569e-06,7.004238116170569e-06
11.965825,3.138,2.7427,1,1,pythia_11.965825B_trajectory,B3,interpolated Pythia trajectories,pythia_11.965825B_trajectory,2705,2.7427,2.742617343619463,-8.265638053694957e-05,8.265638053694957e-05
11.965825,3.186,2.7421,1,1,pythia_11.965825B_trajectory,B3,interpolated Pythia trajectories,pythia_11.965825B_trajectory,2706,2.7421,2.7387991248458827,-0.0033008751541174775,0.0033008751541174775
11.965825,3.236,2.7383,1,1,pythia_11.965825B_trajectory,B3,interpolated Pythia trajectories,pythia_11.965825B_trajectory,2707,2.7383,2.7348993222714624,-0.0034006777285378043,0.0034006777285378043
11.965825,3.286,2.7356,1,1,pythia_11.965825B_trajectory,B3,interpolated Pythia trajectories,pythia_11.965825B_trajectory,2708,2.7356,2.7310758880894292,-0.004524111910570561,0.004524111910570561
11.965825,3.338,2.7318,1,1,pythia_11.965825B_trajectory,B3,interpolated Pythia trajectories,pythia_11.965825B_trajectory,2709,2.7318,2.7271777090289686,-0.004622290971031173,0.004622290971031173
11.965825,3.39,2.7256,1,1,pythia_11.965825B_trajectory,B3,interpolated Pythia trajectories,pythia_11.965825B_trajectory,2710,2.7256,2.7233564879393715,-0.002243512060628561,0.002243512060628561
11.965825,3.442,2.7249,1,1,pythia_11.965825B_trajectory,B3,interpolated Pythia trajectories,pythia_11.965825B_trajectory,2711,2.7249,2.7196095595173304,-0.005290440482669467,0.005290440482669467
11.965825,3.496,2.7186,1,1,pythia_11.965825B_trajectory,B3,interpolated Pythia trajectories,pythia_11.965825B_trajectory,2712,2.7186,2.715794436495722,-0.0028055635042778526,0.0028055635042778526
11.965825,3.551,2.7193,1,1,pythia_11.965825B_trajectory,B3,interpolated Pythia trajectories,pythia_11.965825B_trajectory,2713,2.7193,2.711985420442672,-0.007314579557327949,0.007314579557327949
11.965825,3.606,2.7122,1,1,pythia_11.965825B_trajectory,B3,interpolated Pythia trajectories,pythia_11.965825B_trajectory,2714,2.7122,2.7082511738291855,-0.003948826170814712,0.003948826170814712
11.965825,3.662,2.7027,1,1,pythia_11.965825B_trajectory,B3,interpolated Pythia trajectories,pythia_11.965825B_trajectory,2715,2.7027,2.704523191717054,0.001823191717053696,0.001823191717053696
11.965825,3.719,2.7008,1,1,pythia_11.965825B_trajectory,B3,interpolated Pythia trajectories,pythia_11.965825B_trajectory,2716,2.7008,2.7008028300992604,2.8300992602758868e-06,2.8300992602758868e-06
11.965825,3.777,2.7014,1,1,pythia_11.965825B_trajectory,B3,interpolated Pythia trajectories,pythia_11.965825B_trajectory,2717,2.7014,2.6970913702793435,-0.004308629720656487,0.004308629720656487
11.965825,3.836,2.6954,1,1,pythia_11.965825B_trajectory,B3,interpolated Pythia trajectories,pythia_11.965825B_trajectory,2718,2.6954,2.693390021256322,-0.0020099787436778094,0.0020099787436778094
11.965825,3.896,2.6905,1,1,pythia_11.965825B_trajectory,B3,interpolated Pythia trajectories,pythia_11.965825B_trajectory,2719,2.6905,2.6896999221354942,-0.0008000778645058659,0.0008000778645058659
11.965825,3.956,2.6887,1,1,pythia_11.965825B_trajectory,B3,interpolated Pythia trajectories,pythia_11.965825B_trajectory,2720,2.6887,2.6860818497529584,-0.002618150247041484,0.002618150247041484
11.965825,4.018,2.6855,1,1,pythia_11.965825B_trajectory,B3,interpolated Pythia trajectories,pythia_11.965825B_trajectory,2721,2.6855,2.682416223869082,-0.0030837761309183698,0.0030837761309183698
11.965825,4.08,2.6799,1,1,pythia_11.965825B_trajectory,B3,interpolated Pythia trajectories,pythia_11.965825B_trajectory,2722,2.6799,2.6788222857544195,-0.0010777142455804523,0.0010777142455804523
11.965825,4.144,2.6743,1,1,pythia_11.965825B_trajectory,B3,interpolated Pythia trajectories,pythia_11.965825B_trajectory,2723,2.6743,2.6751850011417475,0.000885001141747388,0.000885001141747388
11.965825,4.209,2.6715,2,1,pythia_11.965825B_trajectory,B3,interpolated Pythia trajectories,pythia_11.965825B_trajectory,2724,2.6715,2.6715637430040045,6.374300400446842e-05,6.374300400446842e-05
11.965825,4.274,2.6689,2,1,pythia_11.965825B_trajectory,B3,interpolated Pythia trajectories,pythia_11.965825B_trajectory,2725,2.6689,2.668013361920363,-0.0008866380796366258,0.0008866380796366258
11.965825,4.341,2.6656,2,1,pythia_11.965825B_trajectory,B3,interpolated Pythia trajectories,pythia_11.965825B_trajectory,2726,2.6656,2.664425347617653,-0.0011746523823470412,0.0011746523823470412
11.965825,4.408,2.6643,2,1,pythia_11.965825B_trajectory,B3,interpolated Pythia trajectories,pythia_11.965825B_trajectory,2727,2.6643,2.6609075197767913,-0.0033924802232085938,0.0033924802232085938
11.965825,4.477,2.6568,2,1,pythia_11.965825B_trajectory,B3,interpolated Pythia trajectories,pythia_11.965825B_trajectory,2728,2.6568,2.657355500634244,0.0005555006342441438,0.0005555006342441438
11.965825,4.547,2.6576,2,1,pythia_11.965825B_trajectory,B3,interpolated Pythia trajectories,pythia_11.965825B_trajectory,2729,2.6576,2.6538228904073904,-0.0037771095926095732,0.0037771095926095732
11.965825,4.618,2.6501,2,1,pythia_11.965825B_trajectory,B3,interpolated Pythia trajectories,pythia_11.965825B_trajectory,2730,2.6501,2.650310214452444,0.0002102144524438465,0.0002102144524438465
11.965825,4.69,2.6451,2,1,pythia_11.965825B_trajectory,B3,interpolated Pythia trajectories,pythia_11.965825B_trajectory,2731,2.6451,2.6468179556686193,0.0017179556686195419,0.0017179556686195419
11.965825,4.763,2.6421,2,1,pythia_11.965825B_trajectory,B3,interpolated Pythia trajectories,pythia_11.965825B_trajectory,2732,2.6421,2.643346556496004,0.0012465564960040254,0.0012465564960040254
11.965825,4.837,2.6394,2,1,pythia_11.965825B_trajectory,B3,interpolated Pythia trajectories,pythia_11.965825B_trajectory,2733,2.6394,2.6398964208525246,0.0004964208525244374,0.0004964208525244374
11.965825,4.912,2.6375,2,1,pythia_11.965825B_trajectory,B3,interpolated Pythia trajectories,pythia_11.965825B_trajectory,2734,2.6375,2.6364679160090247,-0.0010320839909754298,0.0010320839909754298
11.965825,4.989,2.6339,2,1,pythia_11.965825B_trajectory,B3,interpolated Pythia trajectories,pythia_11.965825B_trajectory,2735,2.6339,2.6330169950296276,-0.0008830049703725251,0.0008830049703725251
11.965825,5.066,2.6303,2,1,pythia_11.965825B_trajectory,B3,interpolated Pythia trajectories,pythia_11.965825B_trajectory,2736,2.6303,2.6296335775794404,-0.000666422420559698,0.000666422420559698
11.965825,5.145,2.628,2,1,pythia_11.965825B_trajectory,B3,interpolated Pythia trajectories,pythia_11.965825B_trajectory,2737,2.628,2.626230007597472,-0.0017699924025280644,0.0017699924025280644
11.965825,5.225,2.6224,2,1,pythia_11.965825B_trajectory,B3,interpolated Pythia trajectories,pythia_11.965825B_trajectory,2738,2.6224,2.622850846387916,0.00045084638791603737,0.00045084638791603737
11.965825,5.307,2.6192,2,1,pythia_11.965825B_trajectory,B3,interpolated Pythia trajectories,pythia_11.965825B_trajectory,2739,2.6192,2.6194552446293367,0.00025524462933645964,0.00025524462933645964
11.965825,5.389,2.6164,2,1,pythia_11.965825B_trajectory,B3,interpolated Pythia trajectories,pythia_11.965825B_trajectory,2740,2.6164,2.616126138181239,-0.00027386181876121185,0.00027386181876121185
11.965825,5.473,2.6139,2,1,pythia_11.965825B_trajectory,B3,interpolated Pythia trajectories,pythia_11.965825B_trajectory,2741,2.6139,2.6127823944036708,-0.0011176055963293408,0.0011176055963293408
11.965825,5.559,2.6077,2,1,pythia_11.965825B_trajectory,B3,interpolated Pythia trajectories,pythia_11.965825B_trajectory,2742,2.6077,2.609426407324824,0.0017264073248242084,0.0017264073248242084
11.965825,5.645,2.6082,2,1,pythia_11.965825B_trajectory,B3,interpolated Pythia trajectories,pythia_11.965825B_trajectory,2743,2.6082,2.606136220312748,-0.002063779687252243,0.002063779687252243
11.965825,5.733,2.6003,2,1,pythia_11.965825B_trajectory,B3,interpolated Pythia trajectories,pythia_11.965825B_trajectory,2744,2.6003,2.602835269987653,0.002535269987653077,0.002535269987653077
11.965825,5.823,2.6003,2,1,pythia_11.965825B_trajectory,B3,interpolated Pythia trajectories,pythia_11.965825B_trajectory,2745,2.6003,2.599525707603709,-0.0007742923962910098,0.0007742923962910098
11.965825,5.913,2.5944,2,1,pythia_11.965825B_trajectory,B3,interpolated Pythia trajectories,pythia_11.965825B_trajectory,2746,2.5944,2.5962809749957247,0.0018809749957249267,0.0018809749957249267
11.965825,6.005,2.5898,2,1,pythia_11.965825B_trajectory,B3,interpolated Pythia trajectories,pythia_11.965825B_trajectory,2747,2.5898,2.5930288246718343,0.003228824671834385,0.003228824671834385
11.965825,6.099,2.5937,2,1,pythia_11.965825B_trajectory,B3,interpolated Pythia trajectories,pythia_11.965825B_trajectory,2748,2.5937,2.589771185889211,-0.003928814110789158,0.003928814110789158
11.965825,6.194,2.5808,2,1,pythia_11.965825B_trajectory,B3,interpolated Pythia trajectories,pythia_11.965825B_trajectory,2749,2.5808,2.5865435369141654,0.005743536914165404,0.005743536914165404
11.965825,6.29,2.5817,3,1,pythia_11.965825B_trajectory,B3,interpolated Pythia trajectories,pythia_11.965825B_trajectory,2750,2.5817,2.5833456441823306,0.0016456441823304857,0.0016456441823304857
11.965825,6.388,2.5849,3,1,pythia_11.965825B_trajectory,B3,interpolated Pythia trajectories,pythia_11.965825B_trajectory,2751,2.5849,2.5801449252597766,-0.00475507474022363,0.00475507474022363
11.965825,6.488,2.5777,3,1,pythia_11.965825B_trajectory,B3,interpolated Pythia trajectories,pythia_11.965825B_trajectory,2752,2.5777,2.5769430255931756,-0.0007569744068245399,0.0007569744068245399
11.965825,6.589,2.5757,3,1,pythia_11.965825B_trajectory,B3,interpolated Pythia trajectories,pythia_11.965825B_trajectory,2753,2.5757,2.573772589431602,-0.001927410568397736,0.001927410568397736
11.965825,6.692,2.5734,3,1,pythia_11.965825B_trajectory,B3,interpolated Pythia trajectories,pythia_11.965825B_trajectory,2754,2.5734,2.570602797236126,-0.0027972027638738517,0.0027972027638738517
11.965825,6.796,2.5659,3,1,pythia_11.965825B_trajectory,B3,interpolated Pythia trajectories,pythia_11.965825B_trajectory,2755,2.5659,2.5674649622629695,0.001564962262969427,0.001564962262969427
11.965825,6.902,2.5645,3,1,pythia_11.965825B_trajectory,B3,interpolated Pythia trajectories,pythia_11.965825B_trajectory,2756,2.5645,2.5643294013667868,-0.00017059863321300384,0.00017059863321300384
11.965825,7.009,2.564,3,1,pythia_11.965825B_trajectory,B3,interpolated Pythia trajectories,pythia_11.965825B_trajectory,2757,2.564,2.561226154716158,-0.002773845283841947,0.002773845283841947
11.965825,7.118,2.5589,3,1,pythia_11.965825B_trajectory,B3,interpolated Pythia trajectories,pythia_11.965825B_trajectory,2758,2.5589,2.558126633110068,-0.0007733668899319035,0.0007733668899319035
11.965825,7.229,2.5577,3,1,pythia_11.965825B_trajectory,B3,interpolated Pythia trajectories,pythia_11.965825B_trajectory,2759,2.5577,2.5550320527878947,-0.0026679472121053927,0.0026679472121053927
11.965825,7.342,2.5539,3,1,pythia_11.965825B_trajectory,B3,interpolated Pythia trajectories,pythia_11.965825B_trajectory,2760,2.5539,2.551943564693156,-0.0019564353068441953,0.0019564353068441953
11.965825,7.456,2.5501,3,1,pythia_11.965825B_trajectory,B3,interpolated Pythia trajectories,pythia_11.965825B_trajectory,2761,2.5501,2.548888787785514,-0.001211212214486057,0.001211212214486057
11.965825,7.572,2.5494,3,1,pythia_11.965825B_trajectory,B3,interpolated Pythia trajectories,pythia_11.965825B_trajectory,2762,2.5494,2.5458411745330314,-0.003558825466968507,0.003558825466968507
11.965825,7.69,2.5412,3,1,pythia_11.965825B_trajectory,B3,interpolated Pythia trajectories,pythia_11.965825B_trajectory,2763,2.5412,2.5428017203980886,0.0016017203980887018,0.0016017203980887018
11.965825,7.81,2.541,3,1,pythia_11.965825B_trajectory,B3,interpolated Pythia trajectories,pythia_11.965825B_trajectory,2764,2.541,2.5397713635915604,-0.0012286364084395096,0.0012286364084395096
11.965825,7.932,2.5385,3,1,pythia_11.965825B_trajectory,B3,interpolated Pythia trajectories,pythia_11.965825B_trajectory,2765,2.5385,2.5367509870445906,-0.0017490129554094125,0.0017490129554094125
11.965825,8.055,2.5369,3,1,pythia_11.965825B_trajectory,B3,interpolated Pythia trajectories,pythia_11.965825B_trajectory,2766,2.5369,2.533765453477053,-0.0031345465229470904,0.0031345465229470904
11.965825,8.181,2.5295,3,1,pythia_11.965825B_trajectory,B3,interpolated Pythia trajectories,pythia_11.965825B_trajectory,2767,2.5295,2.5307670023013977,0.0012670023013976461,0.0012670023013976461
11.965825,8.308,2.5268,3,1,pythia_11.965825B_trajectory,B3,interpolated Pythia trajectories,pythia_11.965825B_trajectory,2768,2.5268,2.5278039778696977,0.0010039778696975254,0.0010039778696975254
11.965825,8.438,2.5236,4,1,pythia_11.965825B_trajectory,B3,interpolated Pythia trajectories,pythia_11.965825B_trajectory,2769,2.5236,2.5248304061526365,0.0012304061526364762,0.0012304061526364762
11.965825,8.569,2.5207,4,1,pythia_11.965825B_trajectory,B3,interpolated Pythia trajectories,pythia_11.965825B_trajectory,2770,2.5207,2.5218926908713497,0.0011926908713495443,0.0011926908713495443
11.965825,8.703,2.5206,4,1,pythia_11.965825B_trajectory,B3,interpolated Pythia trajectories,pythia_11.965825B_trajectory,2771,2.5206,2.5189465798406734,-0.0016534201593265685,0.0016534201593265685
11.965825,8.838,2.5163,4,1,pythia_11.965825B_trajectory,B3,interpolated Pythia trajectories,pythia_11.965825B_trajectory,2772,2.5163,2.516036615310512,-0.0002633846894881664,0.0002633846894881664
11.965825,8.976,2.5122,4,1,pythia_11.965825B_trajectory,B3,interpolated Pythia trajectories,pythia_11.965825B_trajectory,2773,2.5122,2.5131202030991497,0.0009202030991497523,0.0009202030991497523
11.965825,9.116,2.5152,4,1,pythia_11.965825B_trajectory,B3,interpolated Pythia trajectories,pythia_11.965825B_trajectory,2774,2.5152,2.5102195854756366,-0.004980414524363486,0.004980414524363486
11.965825,9.258,2.508,4,1,pythia_11.965825B_trajectory,B3,interpolated Pythia trajectories,pythia_11.965825B_trajectory,2775,2.508,2.507335197701577,-0.0006648022984228064,0.0006648022984228064
11.965825,9.402,2.5078,4,1,pythia_11.965825B_trajectory,B3,interpolated Pythia trajectories,pythia_11.965825B_trajectory,2776,2.5078,2.504467440180174,-0.003332559819825942,0.003332559819825942
11.965825,9.548,2.5031,4,1,pythia_11.965825B_trajectory,B3,interpolated Pythia trajectories,pythia_11.965825B_trajectory,2777,2.5031,2.5016166800868476,-0.0014833199131523145,0.0014833199131523145
11.965825,9.697,2.5023,4,1,pythia_11.965825B_trajectory,B3,interpolated Pythia trajectories,pythia_11.965825B_trajectory,2778,2.5023,2.498764296776214,-0.0035357032237861574,0.0035357032237861574
11.965825,9.848,2.5004,4,1,pythia_11.965825B_trajectory,B3,interpolated Pythia trajectories,pythia_11.965825B_trajectory,2779,2.5004,2.495930291865779,-0.004469708134220873,0.004469708134220873
11.965825,10.002,2.4934,4,1,pythia_11.965825B_trajectory,B3,interpolated Pythia trajectories,pythia_11.965825B_trajectory,2780,2.4934,2.4930966986303855,-0.0003033013696143172,0.0003033013696143172
11.965825,10.157,2.4877,4,1,pythia_11.965825B_trajectory,B3,interpolated Pythia trajectories,pythia_11.965825B_trajectory,2781,2.4877,2.4903005372737135,0.0026005372737136767,0.0026005372737136767
11.965825,10.316,2.4882,4,1,pythia_11.965825B_trajectory,B3,interpolated Pythia trajectories,pythia_11.965825B_trajectory,2782,2.4882,2.487488398655679,-0.0007116013443209113,0.0007116013443209113
11.965825,10.476,2.4826,5,1,pythia_11.965825B_trajectory,B3,interpolated Pythia trajectories,pythia_11.965825B_trajectory,2783,2.4826,2.4847140230921925,0.0021140230921923298,0.0021140230921923298
11.965825,10.64,2.4817,5,1,pythia_11.965825B_trajectory,B3,interpolated Pythia trajectories,pythia_11.965825B_trajectory,2784,2.4817,2.481926012160589,0.00022601216058903972,0.00022601216058903972
11.965825,10.805,2.4817,5,1,pythia_11.965825B_trajectory,B3,interpolated Pythia trajectories,pythia_11.965825B_trajectory,2785,2.4817,2.4791759613285103,-0.002524038671489759,0.002524038671489759
11.965825,10.974,2.4746,5,1,pythia_11.965825B_trajectory,B3,interpolated Pythia trajectories,pythia_11.965825B_trajectory,2786,2.4746,2.476414408840003,0.0018144088400027236,0.0018144088400027236
11.965825,11.145,2.4744,5,1,pythia_11.965825B_trajectory,B3,interpolated Pythia trajectories,pythia_11.965825B_trajectory,2787,2.4744,2.473675029571521,-0.000724970428479299,0.000724970428479299
11.965825,11.318,2.469,5,1,pythia_11.965825B_trajectory,B3,interpolated Pythia trajectories,pythia_11.965825B_trajectory,2788,2.469,2.4709578147496885,0.001957814749688591,0.001957814749688591
11.965825,11.495,2.4656,5,1,pythia_11.965825B_trajectory,B3,interpolated Pythia trajectories,pythia_11.965825B_trajectory,2789,2.4656,2.468232244377434,0.0026322443774340343,0.0026322443774340343
11.965825,11.674,2.469,5,1,pythia_11.965825B_trajectory,B3,interpolated Pythia trajectories,pythia_11.965825B_trajectory,2790,2.469,2.4655299664226824,-0.003470033577317455,0.003470033577317455
11.965825,11.855,2.4645,5,1,pythia_11.965825B_trajectory,B3,interpolated Pythia trajectories,pythia_11.965825B_trajectory,2791,2.4645,2.4628508896477586,-0.0016491103522415784,0.0016491103522415784
11.965825,12.04,2.4601,5,1,pythia_11.965825B_trajectory,B3,interpolated Pythia trajectories,pythia_11.965825B_trajectory,2792,2.4601,2.4601661713162333,6.617131623309902e-05,6.617131623309902e-05
11.965825,12.228,2.4608,5,1,pythia_11.965825B_trajectory,B3,interpolated Pythia trajectories,pythia_11.965825B_trajectory,2793,2.4608,2.4574914706479647,-0.0033085293520351833,0.0033085293520351833
11.965825,12.418,2.4569,5,1,pythia_11.965825B_trajectory,B3,interpolated Pythia trajectories,pythia_11.965825B_trajectory,2794,2.4569,2.4548412643181923,-0.0020587356818078106,0.0020587356818078106
11.965825,12.612,2.4522,6,1,pythia_11.965825B_trajectory,B3,interpolated Pythia trajectories,pythia_11.965825B_trajectory,2795,2.4522,2.4521882821505123,-1.1717849487613563e-05,1.1717849487613563e-05
11.965825,12.808,2.4505,6,1,pythia_11.965825B_trajectory,B3,interpolated Pythia trajectories,pythia_11.965825B_trajectory,2796,2.4505,2.4495604686014794,-0.0009395313985205433,0.0009395313985205433
11.965825,13.008,2.4443,6,1,pythia_11.965825B_trajectory,B3,interpolated Pythia trajectories,pythia_11.965825B_trajectory,2797,2.4443,2.446931555384649,0.002631555384648987,0.002631555384648987
11.965825,13.21,2.4397,6,1,pythia_11.965825B_trajectory,B3,interpolated Pythia trajectories,pythia_11.965825B_trajectory,2798,2.4397,2.4443283482485922,0.00462834824859204,0.00462834824859204
11.965825,13.416,2.443,6,1,pythia_11.965825B_trajectory,B3,interpolated Pythia trajectories,pythia_11.965825B_trajectory,2799,2.443,2.4417255449555464,-0.0012744550444536706,0.0012744550444536706
11.965825,13.625,2.4408,6,1,pythia_11.965825B_trajectory,B3,interpolated Pythia trajectories,pythia_11.965825B_trajectory,2800,2.4408,2.439136594877343,-0.0016634051226569468,0.0016634051226569468
11.965825,13.837,2.4364,6,1,pythia_11.965825B_trajectory,B3,interpolated Pythia trajectories,pythia_11.965825B_trajectory,2801,2.4364,2.436561898702768,0.00016189870276805962,0.00016189870276805962
11.965825,14.053,2.4371,6,1,pythia_11.965825B_trajectory,B3,interpolated Pythia trajectories,pythia_11.965825B_trajectory,2802,2.4371,2.4339900355984434,-0.003109964401556642,0.003109964401556642
11.965825,14.272,2.4348,6,1,pythia_11.965825B_trajectory,B3,interpolated Pythia trajectories,pythia_11.965825B_trajectory,2803,2.4348,2.431433595676676,-0.0033664043233239127,0.0033664043233239127
11.965825,14.494,2.4264,6,1,pythia_11.965825B_trajectory,B3,interpolated Pythia trajectories,pythia_11.965825B_trajectory,2804,2.4264,2.428892874613076,0.0024928746130759016,0.0024928746130759016
11.965825,14.72,2.4232,7,1,pythia_11.965825B_trajectory,B3,interpolated Pythia trajectories,pythia_11.965825B_trajectory,2805,2.4232,2.4263570305211055,0.003157030521105497,0.003157030521105497
11.965825,14.949,2.4251,7,1,pythia_11.965825B_trajectory,B3,interpolated Pythia trajectories,pythia_11.965825B_trajectory,2806,2.4251,2.423837850857324,-0.0012621491426760834,0.0012621491426760834
11.965825,15.182,2.4236,7,1,pythia_11.965825B_trajectory,B3,interpolated Pythia trajectories,pythia_11.965825B_trajectory,2807,2.4236,2.421324860453974,-0.0022751395460258728,0.0022751395460258728
11.965825,15.418,2.4213,7,1,pythia_11.965825B_trajectory,B3,interpolated Pythia trajectories,pythia_11.965825B_trajectory,2808,2.4213,2.4188293374647793,-0.002470662535220658,0.002470662535220658
11.965825,15.659,2.4149,7,1,pythia_11.965825B_trajectory,B3,interpolated Pythia trajectories,pythia_11.965825B_trajectory,2809,2.4149,2.416330897226593,0.0014308972265930642,0.0014308972265930642
11.965825,15.903,2.4157,7,1,pythia_11.965825B_trajectory,B3,interpolated Pythia trajectories,pythia_11.965825B_trajectory,2810,2.4157,2.413850998516017,-0.0018490014839831481,0.0018490014839831481
11.965825,16.15,2.4099,7,1,pythia_11.965825B_trajectory,B3,interpolated Pythia trajectories,pythia_11.965825B_trajectory,2811,2.4099,2.411389721644357,0.0014897216443570116,0.0014897216443570116
11.965825,16.402,2.4079,7,1,pythia_11.965825B_trajectory,B3,interpolated Pythia trajectories,pythia_11.965825B_trajectory,2812,2.4079,2.4089277815556533,0.0010277815556531955,0.0010277815556531955
11.965825,16.657,2.4024,7,1,pythia_11.965825B_trajectory,B3,interpolated Pythia trajectories,pythia_11.965825B_trajectory,2813,2.4024,2.406485327287355,0.00408532728735489,0.00408532728735489
11.965825,16.917,2.4043,8,1,pythia_11.965825B_trajectory,B3,interpolated Pythia trajectories,pythia_11.965825B_trajectory,2814,2.4043,2.4040437672480466,-0.00025623275195352235,0.00025623275195352235
11.965825,17.18,2.4031,8,1,pythia_11.965825B_trajectory,B3,interpolated Pythia trajectories,pythia_11.965825B_trajectory,2815,2.4031,2.4016224160807234,-0.0014775839192764373,0.0014775839192764373
11.965825,17.448,2.4014,8,1,pythia_11.965825B_trajectory,B3,interpolated Pythia trajectories,pythia_11.965825B_trajectory,2816,2.4014,2.3992033521725653,-0.0021966478274348944,0.0021966478274348944
11.965825,17.72,2.3975,8,1,pythia_11.965825B_trajectory,B3,interpolated Pythia trajectories,pythia_11.965825B_trajectory,2817,2.3975,2.396796328735128,-0.000703671264871808,0.000703671264871808
11.965825,17.996,2.3924,8,1,pythia_11.965825B_trajectory,B3,interpolated Pythia trajectories,pythia_11.965825B_trajectory,2818,2.3924,2.394401767707399,0.002001767707399349,0.002001767707399349
11.965825,18.276,2.3908,8,1,pythia_11.965825B_trajectory,B3,interpolated Pythia trajectories,pythia_11.965825B_trajectory,2819,2.3908,2.392020059633708,0.0012200596337077485,0.0012200596337077485
11.965825,18.561,2.3904,8,1,pythia_11.965825B_trajectory,B3,interpolated Pythia trajectories,pythia_11.965825B_trajectory,2820,2.3904,2.3896433074010295,-0.0007566925989705986,0.0007566925989705986
11.965825,18.85,2.3918,9,1,pythia_11.965825B_trajectory,B3,interpolated Pythia trajectories,pythia_11.965825B_trajectory,2821,2.3918,2.387280423449984,-0.004519576550015891,0.004519576550015891
11.965825,19.144,2.3878,9,1,pythia_11.965825B_trajectory,B3,interpolated Pythia trajectories,pythia_11.965825B_trajectory,2822,2.3878,2.384923765006677,-0.0028762349933231235,0.0028762349933231235
11.965825,19.442,2.3832,9,1,pythia_11.965825B_trajectory,B3,interpolated Pythia trajectories,pythia_11.965825B_trajectory,2823,2.3832,2.3825818481247487,-0.0006181518752512716,0.0006181518752512716
11.965825,19.745,2.3764,9,1,pythia_11.965825B_trajectory,B3,interpolated Pythia trajectories,pythia_11.965825B_trajectory,2824,2.3764,2.3802472775855343,0.003847277585534492,0.003847277585534492
11.965825,20.052,2.3753,9,1,pythia_11.965825B_trajectory,B3,interpolated Pythia trajectories,pythia_11.965825B_trajectory,2825,2.3753,2.3779281915583406,0.002628191558340376,0.002628191558340376
11.965825,20.365,2.3746,9,1,pythia_11.965825B_trajectory,B3,interpolated Pythia trajectories,pythia_11.965825B_trajectory,2826,2.3746,2.3756101023157488,0.0010101023157487177,0.0010101023157487177
11.965825,20.682,2.3768,9,1,pythia_11.965825B_trajectory,B3,interpolated Pythia trajectories,pythia_11.965825B_trajectory,2827,2.3768,2.373308408129391,-0.003491591870608879,0.003491591870608879
11.965825,21.004,2.3761,10,1,pythia_11.965825B_trajectory,B3,interpolated Pythia trajectories,pythia_11.965825B_trajectory,2828,2.3761,2.3710161802765892,-0.005083819723410876,0.005083819723410876
11.965825,21.331,2.3717,10,1,pythia_11.965825B_trajectory,B3,interpolated Pythia trajectories,pythia_11.965825B_trajectory,2829,2.3717,2.3687339338914866,-0.0029660661085135764,0.0029660661085135764
11.965825,21.664,2.3684,10,1,pythia_11.965825B_trajectory,B3,interpolated Pythia trajectories,pythia_11.965825B_trajectory,2830,2.3684,2.3664553744748953,-0.0019446255251045486,0.0019446255251045486
11.965825,22.001,2.3625,10,1,pythia_11.965825B_trajectory,B3,interpolated Pythia trajectories,pythia_11.965825B_trajectory,2831,2.3625,2.364194633007447,0.0016946330074469884,0.0016946330074469884
11.965825,22.344,2.3596,10,1,pythia_11.965825B_trajectory,B3,interpolated Pythia trajectories,pythia_11.965825B_trajectory,2832,2.3596,2.361938702779488,0.002338702779487889,0.002338702779487889
11.965825,22.692,2.361,10,1,pythia_11.965825B_trajectory,B3,interpolated Pythia trajectories,pythia_11.965825B_trajectory,2833,2.361,2.3596947372189807,-0.0013052627810195006,0.0013052627810195006
11.965825,23.045,2.3555,11,1,pythia_11.965825B_trajectory,B3,interpolated Pythia trajectories,pythia_11.965825B_trajectory,2834,2.3555,2.357463085744502,0.001963085744501658,0.001963085744501658
11.965825,23.404,2.3522,11,1,pythia_11.965825B_trajectory,B3,interpolated Pythia trajectories,pythia_11.965825B_trajectory,2835,2.3522,2.355237932948032,0.0030379329480321182,0.0030379329480321182
11.965825,23.769,2.3545,11,1,pythia_11.965825B_trajectory,B3,interpolated Pythia trajectories,pythia_11.965825B_trajectory,2836,2.3545,2.3530199348100047,-0.0014800651899951056,0.0014800651899951056
11.965825,24.139,2.3523,11,1,pythia_11.965825B_trajectory,B3,interpolated Pythia trajectories,pythia_11.965825B_trajectory,2837,2.3523,2.350815606941231,-0.001484393058769129,0.001484393058769129
11.965825,24.515,2.3493,11,1,pythia_11.965825B_trajectory,B3,interpolated Pythia trajectories,pythia_11.965825B_trajectory,2838,2.3493,2.348619397807674,-0.0006806021923257966,0.0006806021923257966
11.965825,24.897,2.3486,11,1,pythia_11.965825B_trajectory,B3,interpolated Pythia trajectories,pythia_11.965825B_trajectory,2839,2.3486,2.3464318564624946,-0.0021681435375051628,0.0021681435375051628
11.965825,25.285,2.3444,12,1,pythia_11.965825B_trajectory,B3,interpolated Pythia trajectories,pythia_11.965825B_trajectory,2840,2.3444,2.344253496874482,-0.00014650312551767186,0.00014650312551767186
11.965825,25.679,2.3447,12,1,pythia_11.965825B_trajectory,B3,interpolated Pythia trajectories,pythia_11.965825B_trajectory,2841,2.3447,2.342084799314413,-0.0026152006855868493,0.0026152006855868493
11.965825,26.079,2.3401,12,1,pythia_11.965825B_trajectory,B3,interpolated Pythia trajectories,pythia_11.965825B_trajectory,2842,2.3401,2.3399262117216177,-0.00017378827838232525,0.00017378827838232525
11.965825,26.485,2.3394,12,1,pythia_11.965825B_trajectory,B3,interpolated Pythia trajectories,pythia_11.965825B_trajectory,2843,2.3394,2.337778151047403,-0.0016218489525967605,0.0016218489525967605
11.965825,26.898,2.3385,12,1,pythia_11.965825B_trajectory,B3,interpolated Pythia trajectories,pythia_11.965825B_trajectory,2844,2.3385,2.3356358683875498,-0.002864131612450027,0.002864131612450027
11.965825,27.317,2.3332,13,1,pythia_11.965825B_trajectory,B3,interpolated Pythia trajectories,pythia_11.965825B_trajectory,2845,2.3332,2.333505059819389,0.0003050598193889975,0.0003050598193889975
11.965825,27.742,2.3331,13,1,pythia_11.965825B_trajectory,B3,interpolated Pythia trajectories,pythia_11.965825B_trajectory,2846,2.3331,2.331386050869886,-0.001713949130114134,0.001713949130114134
11.965825,28.174,2.3272,13,1,pythia_11.965825B_trajectory,B3,interpolated Pythia trajectories,pythia_11.965825B_trajectory,2847,2.3272,2.329274300916737,0.002074300916737215,0.002074300916737215
11.965825,28.613,2.3279,13,1,pythia_11.965825B_trajectory,B3,interpolated Pythia trajectories,pythia_11.965825B_trajectory,2848,2.3279,2.327170369017836,-0.0007296309821640534,0.0007296309821640534
11.965825,29.059,2.323,13,1,pythia_11.965825B_trajectory,B3,interpolated Pythia trajectories,pythia_11.965825B_trajectory,2849,2.323,2.3250747793265205,0.0020747793265205594,0.0020747793265205594
11.965825,29.512,2.3247,14,1,pythia_11.965825B_trajectory,B3,interpolated Pythia trajectories,pythia_11.965825B_trajectory,2850,2.3247,2.3229880224360056,-0.001711977563994438,0.001711977563994438
11.965825,29.971,2.3222,14,1,pythia_11.965825B_trajectory,B3,interpolated Pythia trajectories,pythia_11.965825B_trajectory,2851,2.3222,2.3209150285948237,-0.0012849714051763605,0.0012849714051763605
11.965825,30.438,2.3181,14,1,pythia_11.965825B_trajectory,B3,interpolated Pythia trajectories,pythia_11.965825B_trajectory,2852,2.3181,2.3188471938477586,0.0007471938477587869,0.0007471938477587869
11.965825,30.912,2.3146,14,1,pythia_11.965825B_trajectory,B3,interpolated Pythia trajectories,pythia_11.965825B_trajectory,2853,2.3146,2.3167894772762248,0.0021894772762247605,0.0021894772762247605
11.965825,31.394,2.3157,15,1,pythia_11.965825B_trajectory,B3,interpolated Pythia trajectories,pythia_11.965825B_trajectory,2854,2.3157,2.3147380339971813,-0.000961966002818837,0.000961966002818837
11.965825,31.883,2.3123,15,1,pythia_11.965825B_trajectory,B3,interpolated Pythia trajectories,pythia_11.965825B_trajectory,2855,2.3123,2.3126975855170633,0.0003975855170632592,0.0003975855170632592
11.965825,32.38,2.3086,15,1,pythia_11.965825B_trajectory,B3,interpolated Pythia trajectories,pythia_11.965825B_trajectory,2856,2.3086,2.310664392293388,0.00206439229338784,0.00206439229338784
11.965825,32.884,2.3093,15,1,pythia_11.965825B_trajectory,B3,interpolated Pythia trajectories,pythia_11.965825B_trajectory,2857,2.3093,2.3086429500533185,-0.0006570499466813651,0.0006570499466813651
11.965825,33.396,2.3091,15,1,pythia_11.965825B_trajectory,B3,interpolated Pythia trajectories,pythia_11.965825B_trajectory,2858,2.3091,2.3066296231025074,-0.002470376897492521,0.002470376897492521
11.965825,33.917,2.3058,16,1,pythia_11.965825B_trajectory,B3,interpolated Pythia trajectories,pythia_11.965825B_trajectory,2859,2.3058,2.3046210581262088,-0.001178941873791306,0.001178941873791306
11.965825,34.445,2.3032,16,1,pythia_11.965825B_trajectory,B3,interpolated Pythia trajectories,pythia_11.965825B_trajectory,2860,2.3032,2.3026253978687556,-0.0005746021312442728,0.0005746021312442728
11.965825,34.982,2.3042,16,1,pythia_11.965825B_trajectory,B3,interpolated Pythia trajectories,pythia_11.965825B_trajectory,2861,2.3042,2.3006354835918623,-0.003564516408137486,0.003564516408137486
11.965825,35.526,2.2975,16,1,pythia_11.965825B_trajectory,B3,interpolated Pythia trajectories,pythia_11.965825B_trajectory,2862,2.2975,2.2986591013579654,0.0011591013579654863,0.0011591013579654863
11.965825,36.08,2.2946,17,1,pythia_11.965825B_trajectory,B3,interpolated Pythia trajectories,pythia_11.965825B_trajectory,2863,2.2946,2.2966858037456928,0.0020858037456927825,0.0020858037456927825
11.965825,36.642,2.2926,17,1,pythia_11.965825B_trajectory,B3,interpolated Pythia trajectories,pythia_11.965825B_trajectory,2864,2.2926,2.294723243763544,0.0021232437635436696,0.0021232437635436696
11.965825,37.213,2.2908,17,1,pythia_11.965825B_trajectory,B3,interpolated Pythia trajectories,pythia_11.965825B_trajectory,2865,2.2908,2.2927683213407106,0.001968321340710677,0.001968321340710677
11.965825,37.792,2.288,18,1,pythia_11.965825B_trajectory,B3,interpolated Pythia trajectories,pythia_11.965825B_trajectory,2866,2.288,2.2908248257398056,0.002824825739805803,0.002824825739805803
11.965825,38.381,2.2888,18,1,pythia_11.965825B_trajectory,B3,interpolated Pythia trajectories,pythia_11.965825B_trajectory,2867,2.2888,2.2888864798768958,8.647987689558434e-05,8.647987689558434e-05
11.965825,38.979,2.2904,18,1,pythia_11.965825B_trajectory,B3,interpolated Pythia trajectories,pythia_11.965825B_trajectory,2868,2.2904,2.2869570799460446,-0.0034429200539554117,0.0034429200539554117
11.965825,39.586,2.2797,18,1,pythia_11.965825B_trajectory,B3,interpolated Pythia trajectories,pythia_11.965825B_trajectory,2869,2.2797,2.2850370041463055,0.005337004146305446,0.005337004146305446
11.965825,40.203,2.2813,19,1,pythia_11.965825B_trajectory,B3,interpolated Pythia trajectories,pythia_11.965825B_trajectory,2870,2.2813,2.2831235331397406,0.0018235331397407073,0.0018235331397407073
11.965825,40.829,2.2801,19,1,pythia_11.965825B_trajectory,B3,interpolated Pythia trajectories,pythia_11.965825B_trajectory,2871,2.2801,2.281220183726228,0.001120183726227797,0.001120183726227797
11.965825,41.465,2.2773,19,1,pythia_11.965825B_trajectory,B3,interpolated Pythia trajectories,pythia_11.965825B_trajectory,2872,2.2773,2.279324301885187,0.0020243018851870964,0.0020243018851870964
11.965825,42.111,2.2764,20,1,pythia_11.965825B_trajectory,B3,interpolated Pythia trajectories,pythia_11.965825B_trajectory,2873,2.2764,2.2774363351983773,0.0010363351983770919,0.0010363351983770919
11.965825,42.767,2.2753,20,1,pythia_11.965825B_trajectory,B3,interpolated Pythia trajectories,pythia_11.965825B_trajectory,2874,2.2753,2.275556701976525,0.00025670197652472027,0.00025670197652472027
11.965825,43.433,2.2726,20,1,pythia_11.965825B_trajectory,B3,interpolated Pythia trajectories,pythia_11.965825B_trajectory,2875,2.2726,2.2736857924434313,0.0010857924434310995,0.0010857924434310995
11.965825,44.11,2.2735,21,1,pythia_11.965825B_trajectory,B3,interpolated Pythia trajectories,pythia_11.965825B_trajectory,2876,2.2735,2.2718212428261304,-0.0016787571738694496,0.0016787571738694496
11.965825,44.797,2.2733,21,1,pythia_11.965825B_trajectory,B3,interpolated Pythia trajectories,pythia_11.965825B_trajectory,2877,2.2733,2.269966224467694,-0.0033337755323059604,0.0033337755323059604
11.965825,45.495,2.268,21,1,pythia_11.965825B_trajectory,B3,interpolated Pythia trajectories,pythia_11.965825B_trajectory,2878,2.268,2.2681184256668514,0.00011842566685160705,0.00011842566685160705
11.965825,46.204,2.2698,22,1,pythia_11.965825B_trajectory,B3,interpolated Pythia trajectories,pythia_11.965825B_trajectory,2879,2.2698,2.2662782863777853,-0.0035217136222147616,0.0035217136222147616
11.965825,46.923,2.265,22,1,pythia_11.965825B_trajectory,B3,interpolated Pythia trajectories,pythia_11.965825B_trajectory,2880,2.265,2.2644487374100475,-0.0005512625899526391,0.0005512625899526391
11.965825,47.654,2.2622,22,1,pythia_11.965825B_trajectory,B3,interpolated Pythia trajectories,pythia_11.965825B_trajectory,2881,2.2622,2.2626250740576346,0.00042507405763458905,0.00042507405763458905
11.965825,48.397,2.2594,23,1,pythia_11.965825B_trajectory,B3,interpolated Pythia trajectories,pythia_11.965825B_trajectory,2882,2.2594,2.2608078017437503,0.0014078017437504364,0.0014078017437504364
11.965825,49.15,2.2664,23,1,pythia_11.965825B_trajectory,B3,interpolated Pythia trajectories,pythia_11.965825B_trajectory,2883,2.2664,2.259002143546747,-0.00739785645325286,0.00739785645325286
11.965825,49.916,2.2554,23,1,pythia_11.965825B_trajectory,B3,interpolated Pythia trajectories,pythia_11.965825B_trajectory,2884,2.2554,2.2572012813241185,0.0018012813241186088,0.0018012813241186088
11.965825,50.694,2.2593,24,1,pythia_11.965825B_trajectory,B3,interpolated Pythia trajectories,pythia_11.965825B_trajectory,2885,2.2593,2.255408055483165,-0.0038919445168352773,0.0038919445168352773
11.965825,51.483,2.2539,24,1,pythia_11.965825B_trajectory,B3,interpolated Pythia trajectories,pythia_11.965825B_trajectory,2886,2.2539,2.253625094583225,-0.00027490541677499536,0.00027490541677499536
11.965825,52.285,2.2519,25,1,pythia_11.965825B_trajectory,B3,interpolated Pythia trajectories,pythia_11.965825B_trajectory,2887,2.2519,2.2518482442754575,-5.175572454252375e-05,5.175572454252375e-05
11.965825,53.1,2.2523,25,1,pythia_11.965825B_trajectory,B3,interpolated Pythia trajectories,pythia_11.965825B_trajectory,2888,2.2523,2.250077975277639,-0.0022220247223607714,0.0022220247223607714
11.965825,53.927,2.2486,25,1,pythia_11.965825B_trajectory,B3,interpolated Pythia trajectories,pythia_11.965825B_trajectory,2889,2.2486,2.2483168374939315,-0.0002831625060686349,0.0002831625060686349
11.965825,54.767,2.2484,26,1,pythia_11.965825B_trajectory,B3,interpolated Pythia trajectories,pythia_11.965825B_trajectory,2890,2.2484,2.246563052732423,-0.0018369472675772158,0.0018369472675772158
11.965825,55.62,2.2477,26,1,pythia_11.965825B_trajectory,B3,interpolated Pythia trajectories,pythia_11.965825B_trajectory,2891,2.2477,2.2448170093382127,-0.0028829906617873213,0.0028829906617873213
11.965825,56.487,2.2395,27,1,pythia_11.965825B_trajectory,B3,interpolated Pythia trajectories,pythia_11.965825B_trajectory,2892,2.2395,2.24307708247289,0.003577082472889792,0.003577082472889792
11.965825,57.367,2.2411,27,1,pythia_11.965825B_trajectory,B3,interpolated Pythia trajectories,pythia_11.965825B_trajectory,2893,2.2411,2.241345674341947,0.0002456743419472218,0.0002456743419472218
11.965825,58.26,2.2426,27,1,pythia_11.965825B_trajectory,B3,interpolated Pythia trajectories,pythia_11.965825B_trajectory,2894,2.2426,2.2396230959199164,-0.0029769040800835533,0.0029769040800835533
11.965825,59.168,2.2396,28,1,pythia_11.965825B_trajectory,B3,interpolated Pythia trajectories,pythia_11.965825B_trajectory,2895,2.2396,2.2379058900650044,-0.0016941099349954136,0.0016941099349954136
11.965825,60.09,2.237,28,1,pythia_11.965825B_trajectory,B3,interpolated Pythia trajectories,pythia_11.965825B_trajectory,2896,2.237,2.2361963788680455,-0.000803621131954646,0.000803621131954646
11.965825,61.026,2.2326,29,1,pythia_11.965825B_trajectory,B3,interpolated Pythia trajectories,pythia_11.965825B_trajectory,2897,2.2326,2.234494910933187,0.001894910933186722,0.001894910933186722
11.965825,61.976,2.2354,29,1,pythia_11.965825B_trajectory,B3,interpolated Pythia trajectories,pythia_11.965825B_trajectory,2898,2.2354,2.232801810615253,-0.002598189384746874,0.002598189384746874
11.965825,62.942,2.2332,30,1,pythia_11.965825B_trajectory,B3,interpolated Pythia trajectories,pythia_11.965825B_trajectory,2899,2.2332,2.231113918770448,-0.002086081229552228,0.002086081229552228
11.965825,63.922,2.23,30,1,pythia_11.965825B_trajectory,B3,interpolated Pythia trajectories,pythia_11.965825B_trajectory,2900,2.23,2.229435109992765,-0.0005648900072348084,0.0005648900072348084
11.965825,64.918,2.2265,31,1,pythia_11.965825B_trajectory,B3,interpolated Pythia trajectories,pythia_11.965825B_trajectory,2901,2.2265,2.227762311738205,0.00126231173820468,0.00126231173820468
11.965825,65.929,2.225,31,1,pythia_11.965825B_trajectory,B3,interpolated Pythia trajectories,pythia_11.965825B_trajectory,2902,2.225,2.226097582986122,0.0010975829861217257,0.0010975829861217257
11.965825,66.956,2.2229,32,1,pythia_11.965825B_trajectory,B3,interpolated Pythia trajectories,pythia_11.965825B_trajectory,2903,2.2229,2.224439630851359,0.0015396308513588863,0.0015396308513588863
11.965825,67.999,2.2214,32,1,pythia_11.965825B_trajectory,B3,interpolated Pythia trajectories,pythia_11.965825B_trajectory,2904,2.2214,2.2227888325732095,0.0013888325732094309,0.0013888325732094309
11.965825,69.058,2.2206,33,1,pythia_11.965825B_trajectory,B3,interpolated Pythia trajectories,pythia_11.965825B_trajectory,2905,2.2206,2.2211455403444518,0.0005455403444516449,0.0005455403444516449
11.965825,70.134,2.2218,33,1,pythia_11.965825B_trajectory,B3,interpolated Pythia trajectories,pythia_11.965825B_trajectory,2906,2.2218,2.219508575947257,-0.002291424052743185,0.002291424052743185
11.965825,71.227,2.223,34,1,pythia_11.965825B_trajectory,B3,interpolated Pythia trajectories,pythia_11.965825B_trajectory,2907,2.223,2.2178783330329437,-0.005121666967056182,0.005121666967056182
11.965825,72.336,2.2179,34,1,pythia_11.965825B_trajectory,B3,interpolated Pythia trajectories,pythia_11.965825B_trajectory,2908,2.2179,2.216256627616209,-0.0016433723837914194,0.0016433723837914194
11.965825,73.463,2.214,35,1,pythia_11.965825B_trajectory,B3,interpolated Pythia trajectories,pythia_11.965825B_trajectory,2909,2.214,2.2146408790259158,0.0006408790259158081,0.0006408790259158081
11.965825,74.608,2.2125,35,1,pythia_11.965825B_trajectory,B3,interpolated Pythia trajectories,pythia_11.965825B_trajectory,2910,2.2125,2.2130314923914853,0.0005314923914854219,0.0005314923914854219
11.965825,75.77,2.2097,36,1,pythia_11.965825B_trajectory,B3,interpolated Pythia trajectories,pythia_11.965825B_trajectory,2911,2.2097,2.2114302114524564,0.0017302114524562207,0.0017302114524562207
11.965825,76.95,2.2113,36,1,pythia_11.965825B_trajectory,B3,interpolated Pythia trajectories,pythia_11.965825B_trajectory,2912,2.2113,2.20983597267968,-0.0014640273203201382,0.0014640273203201382
11.965825,78.149,2.2127,37,1,pythia_11.965825B_trajectory,B3,interpolated Pythia trajectories,pythia_11.965825B_trajectory,2913,2.2127,2.208247796679833,-0.0044522033201670475,0.0044522033201670475
11.965825,79.366,2.2122,37,1,pythia_11.965825B_trajectory,B3,interpolated Pythia trajectories,pythia_11.965825B_trajectory,2914,2.2122,2.2066673556691514,-0.005532644330848768,0.005532644330848768
11.965825,80.603,2.2011,38,1,pythia_11.965825B_trajectory,B3,interpolated Pythia trajectories,pythia_11.965825B_trajectory,2915,2.2011,2.2050924141086097,0.003992414108609843,0.003992414108609843
11.965825,81.858,2.203,39,1,pythia_11.965825B_trajectory,B3,interpolated Pythia trajectories,pythia_11.965825B_trajectory,2916,2.203,2.2035258569395264,0.0005258569395265589,0.0005258569395265589
11.965825,83.133,2.2025,39,1,pythia_11.965825B_trajectory,B3,interpolated Pythia trajectories,pythia_11.965825B_trajectory,2917,2.2025,2.2019655024154154,-0.0005344975845846811,0.0005344975845846811
11.965825,84.428,2.2025,40,1,pythia_11.965825B_trajectory,B3,interpolated Pythia trajectories,pythia_11.965825B_trajectory,2918,2.2025,2.2004117155450134,-0.0020882844549867663,0.0020882844549867663
11.965825,85.744,2.2,41,1,pythia_11.965825B_trajectory,B3,interpolated Pythia trajectories,pythia_11.965825B_trajectory,2919,2.2,2.198863672622655,-0.0011363273773450366,0.0011363273773450366
11.965825,87.079,2.201,41,1,pythia_11.965825B_trajectory,B3,interpolated Pythia trajectories,pythia_11.965825B_trajectory,2920,2.201,2.1973240440383286,-0.003675955961671473,0.003675955961671473
11.965825,88.436,2.1922,42,1,pythia_11.965825B_trajectory,B3,interpolated Pythia trajectories,pythia_11.965825B_trajectory,2921,2.1922,2.195789698645508,0.003589698645507955,0.003589698645507955
11.965825,89.813,2.1953,42,1,pythia_11.965825B_trajectory,B3,interpolated Pythia trajectories,pythia_11.965825B_trajectory,2922,2.1953,2.1942632381899516,-0.0010367618100484144,0.0010367618100484144
11.965825,91.212,2.1924,43,1,pythia_11.965825B_trajectory,B3,interpolated Pythia trajectories,pythia_11.965825B_trajectory,2923,2.1924,2.1927427624366818,0.00034276243668163175,0.00034276243668163175
11.965825,92.633,2.1916,44,1,pythia_11.965825B_trajectory,B3,interpolated Pythia trajectories,pythia_11.965825B_trajectory,2924,2.1916,2.191228630559837,-0.00037136944016324946,0.00037136944016324946
11.965825,94.076,2.1895,45,1,pythia_11.965825B_trajectory,B3,interpolated Pythia trajectories,pythia_11.965825B_trajectory,2925,2.1895,2.189721178250984,0.0002211782509839999,0.0002211782509839999
11.965825,95.542,2.1904,45,1,pythia_11.965825B_trajectory,B3,interpolated Pythia trajectories,pythia_11.965825B_trajectory,2926,2.1904,2.188219704539904,-0.0021802954600960156,0.0021802954600960156
11.965825,97.03,2.1866,46,1,pythia_11.965825B_trajectory,B3,interpolated Pythia trajectories,pythia_11.965825B_trajectory,2927,2.1866,2.186725554826136,0.0001255548261362982,0.0001255548261362982
11.965825,98.542,2.1851,47,1,pythia_11.965825B_trajectory,B3,interpolated Pythia trajectories,pythia_11.965825B_trajectory,2928,2.1851,2.185237049196627,0.00013704919662727022,0.00013704919662727022
11.965825,100.077,2.1843,47,1,pythia_11.965825B_trajectory,B3,interpolated Pythia trajectories,pythia_11.965825B_trajectory,2929,2.1843,2.1837555077231245,-0.0005444922768753635,0.0005444922768753635
11.965825,101.636,2.1833,48,1,pythia_11.965825B_trajectory,B3,interpolated Pythia trajectories,pythia_11.965825B_trajectory,2930,2.1833,2.182280278171629,-0.0010197218283711784,0.0010197218283711784
11.965825,103.219,2.1783,49,1,pythia_11.965825B_trajectory,B3,interpolated Pythia trajectories,pythia_11.965825B_trajectory,2931,2.1783,2.1808116799891035,0.002511679989103399,0.002511679989103399
11.965825,104.827,2.1778,50,1,pythia_11.965825B_trajectory,B3,interpolated Pythia trajectories,pythia_11.965825B_trajectory,2932,2.1778,2.179349110352316,0.0015491103523159744,0.0015491103523159744
11.965825,106.46,2.182,50,1,pythia_11.965825B_trajectory,B3,interpolated Pythia trajectories,pythia_11.965825B_trajectory,2933,2.182,2.1778928992073636,-0.00410710079263632,0.00410710079263632
11.965825,108.118,2.1754,51,1,pythia_11.965825B_trajectory,B3,interpolated Pythia trajectories,pythia_11.965825B_trajectory,2934,2.1754,2.1764433545134114,0.0010433545134116429,0.0010433545134116429
11.965825,109.802,2.1769,52,1,pythia_11.965825B_trajectory,B3,interpolated Pythia trajectories,pythia_11.965825B_trajectory,2935,2.1769,2.174999914421471,-0.0019000855785287207,0.0019000855785287207
11.965825,111.513,2.1758,53,1,pythia_11.965825B_trajectory,B3,interpolated Pythia trajectories,pythia_11.965825B_trajectory,2936,2.1758,2.1735620633572834,-0.0022379366427167646,0.0022379366427167646
11.965825,113.25,2.1717,54,1,pythia_11.965825B_trajectory,B3,interpolated Pythia trajectories,pythia_11.965825B_trajectory,2937,2.1717,2.1721309611915514,0.00043096119155139334,0.00043096119155139334
11.965825,115.014,2.1688,55,1,pythia_11.965825B_trajectory,B3,interpolated Pythia trajectories,pythia_11.965825B_trajectory,2938,2.1688,2.1707060818614967,0.0019060818614966557,0.0019060818614966557
11.965825,116.806,2.1686,55,1,pythia_11.965825B_trajectory,B3,interpolated Pythia trajectories,pythia_11.965825B_trajectory,2939,2.1686,2.1692869423738355,0.0006869423738353753,0.0006869423738353753
11.965825,118.625,2.1662,56,1,pythia_11.965825B_trajectory,B3,interpolated Pythia trajectories,pythia_11.965825B_trajectory,2940,2.1662,2.16787463811409,0.0016746381140899658,0.0016746381140899658
11.965825,120.473,2.1662,57,1,pythia_11.965825B_trajectory,B3,interpolated Pythia trajectories,pythia_11.965825B_trajectory,2941,2.1662,2.1664679214731026,0.00026792147310272796,0.00026792147310272796
11.965825,122.35,2.165,58,1,pythia_11.965825B_trajectory,B3,interpolated Pythia trajectories,pythia_11.965825B_trajectory,2942,2.165,2.1650671219370268,6.71219370267373e-05,6.71219370267373e-05
11.965825,124.256,2.1639,59,1,pythia_11.965825B_trajectory,B3,interpolated Pythia trajectories,pythia_11.965825B_trajectory,2943,2.1639,2.1636725473714606,-0.00022745262853929304,0.00022745262853929304
11.965825,126.191,2.1613,60,1,pythia_11.965825B_trajectory,B3,interpolated Pythia trajectories,pythia_11.965825B_trajectory,2944,2.1613,2.1622844848989273,0.0009844848989271071,0.0009844848989271071
11.965825,128.157,2.1601,61,1,pythia_11.965825B_trajectory,B3,interpolated Pythia trajectories,pythia_11.965825B_trajectory,2945,2.1601,2.160901808993716,0.0008018089937160688,0.0008018089937160688
11.965825,130.154,2.1608,62,1,pythia_11.965825B_trajectory,B3,interpolated Pythia trajectories,pythia_11.965825B_trajectory,2946,2.1608,2.159524849658193,-0.0012751503418071408,0.0012751503418071408
11.965825,132.181,2.1563,63,1,pythia_11.965825B_trajectory,B3,interpolated Pythia trajectories,pythia_11.965825B_trajectory,2947,2.1563,2.1581545847594983,0.001854584759498401,0.001854584759498401
11.965825,134.24,2.1608,64,1,pythia_11.965825B_trajectory,B3,interpolated Pythia trajectories,pythia_11.965825B_trajectory,2948,2.1608,2.1567899503562877,-0.004010049643712321,0.004010049643712321
11.965825,136.331,2.1559,65,1,pythia_11.965825B_trajectory,B3,interpolated Pythia trajectories,pythia_11.965825B_trajectory,2949,2.1559,2.155431253893757,-0.0004687461062431453,0.0004687461062431453
11.965825,138.455,2.1564,66,1,pythia_11.965825B_trajectory,B3,interpolated Pythia trajectories,pythia_11.965825B_trajectory,2950,2.1564,2.154078151530564,-0.002321848469436283,0.002321848469436283
11.965825,140.612,2.1513,67,1,pythia_11.965825B_trajectory,B3,interpolated Pythia trajectories,pythia_11.965825B_trajectory,2951,2.1513,2.1527309476222047,0.001430947622204748,0.001430947622204748
11.965825,142.802,2.1549,68,1,pythia_11.965825B_trajectory,B3,interpolated Pythia trajectories,pythia_11.965825B_trajectory,2952,2.1549,2.1513899262151086,-0.003510073784891432,0.003510073784891432
11.965825,145.027,2.154,69,1,pythia_11.965825B_trajectory,B3,interpolated Pythia trajectories,pythia_11.965825B_trajectory,2953,2.154,2.1500541629974608,-0.003945837002539143,0.003945837002539143
11.965825,147.286,2.1497,70,1,pythia_11.965825B_trajectory,B3,interpolated Pythia trajectories,pythia_11.965825B_trajectory,2954,2.1497,2.1487245565186,-0.0009754434813999957,0.0009754434813999957
11.965825,149.58,2.1476,71,1,pythia_11.965825B_trajectory,B3,interpolated Pythia trajectories,pythia_11.965825B_trajectory,2955,2.1476,2.147400796262119,-0.0001992037378810707,0.0001992037378810707
11.965825,151.91,2.1469,72,1,pythia_11.965825B_trajectory,B3,interpolated Pythia trajectories,pythia_11.965825B_trajectory,2956,2.1469,2.1460825980168234,-0.0008174019831765911,0.0008174019831765911
11.965825,154.277,2.1448,73,1,pythia_11.965825B_trajectory,B3,interpolated Pythia trajectories,pythia_11.965825B_trajectory,2957,2.1448,2.1447697024498074,-3.0297550192681655e-05,3.0297550192681655e-05
11.965825,156.68,2.145,74,1,pythia_11.965825B_trajectory,B3,interpolated Pythia trajectories,pythia_11.965825B_trajectory,2958,2.145,2.1434629506453953,-0.001537049354604747,0.001537049354604747
11.965825,159.121,2.1418,76,1,pythia_11.965825B_trajectory,B3,interpolated Pythia trajectories,pythia_11.965825B_trajectory,2959,2.1418,2.1421615377904923,0.00036153779049241663,0.00036153779049241663
11.965825,161.6,2.14,77,1,pythia_11.965825B_trajectory,B3,interpolated Pythia trajectories,pythia_11.965825B_trajectory,2960,2.14,2.140865758991175,0.0008657589911749142,0.0008657589911749142
11.965825,164.117,2.1388,78,1,pythia_11.965825B_trajectory,B3,interpolated Pythia trajectories,pythia_11.965825B_trajectory,2961,2.1388,2.139575889727744,0.0007758897277443388,0.0007758897277443388
11.965825,166.674,2.137,79,1,pythia_11.965825B_trajectory,B3,interpolated Pythia trajectories,pythia_11.965825B_trajectory,2962,2.137,2.138291191689187,0.001291191689186899,0.001291191689186899
11.965825,169.27,2.1365,80,1,pythia_11.965825B_trajectory,B3,interpolated Pythia trajectories,pythia_11.965825B_trajectory,2963,2.1365,2.1370124496879876,0.0005124496879878038,0.0005124496879878038
11.965825,171.907,2.1371,82,1,pythia_11.965825B_trajectory,B3,interpolated Pythia trajectories,pythia_11.965825B_trajectory,2964,2.1371,2.1357389561718816,-0.0013610438281186354,0.0013610438281186354
11.965825,174.585,2.1369,83,1,pythia_11.965825B_trajectory,B3,interpolated Pythia trajectories,pythia_11.965825B_trajectory,2965,2.1369,2.13447099848099,-0.0024290015190095993,0.0024290015190095993
11.965825,177.304,2.1294,84,1,pythia_11.965825B_trajectory,B3,interpolated Pythia trajectories,pythia_11.965825B_trajectory,2966,2.1294,2.133208844808712,0.0038088448087121307,0.0038088448087121307
11.965825,180.066,2.1327,86,1,pythia_11.965825B_trajectory,B3,interpolated Pythia trajectories,pythia_11.965825B_trajectory,2967,2.1327,2.1319518437239617,-0.0007481562760380811,0.0007481562760380811
11.965825,182.871,2.1307,87,1,pythia_11.965825B_trajectory,B3,interpolated Pythia trajectories,pythia_11.965825B_trajectory,2968,2.1307,2.130700280405843,2.804058429894951e-07,2.804058429894951e-07
11.965825,185.72,2.1319,88,1,pythia_11.965825B_trajectory,B3,interpolated Pythia trajectories,pythia_11.965825B_trajectory,2969,2.1319,2.1294539879273966,-0.0024460120726033097,0.0024460120726033097
11.965825,188.613,2.1281,90,1,pythia_11.965825B_trajectory,B3,interpolated Pythia trajectories,pythia_11.965825B_trajectory,2970,2.1281,2.1282132397769713,0.00011323977697141885,0.00011323977697141885
11.965825,191.551,2.1281,91,1,pythia_11.965825B_trajectory,B3,interpolated Pythia trajectories,pythia_11.965825B_trajectory,2971,2.1281,2.1269778746615016,-0.0011221253384983143,0.0011221253384983143
11.965825,194.535,2.1256,93,1,pythia_11.965825B_trajectory,B3,interpolated Pythia trajectories,pythia_11.965825B_trajectory,2972,2.1256,2.1257477462269625,0.000147746226962564,0.000147746226962564
11.965825,197.566,2.1246,94,1,pythia_11.965825B_trajectory,B3,interpolated Pythia trajectories,pythia_11.965825B_trajectory,2973,2.1246,2.124522722189814,-7.72778101860716e-05,7.72778101860716e-05
11.965825,200.643,2.1259,96,1,pythia_11.965825B_trajectory,B3,interpolated Pythia trajectories,pythia_11.965825B_trajectory,2974,2.1259,2.1233034682068492,-0.0025965317931508913,0.0025965317931508913
11.965825,203.769,2.1246,97,1,pythia_11.965825B_trajectory,B3,interpolated Pythia trajectories,pythia_11.965825B_trajectory,2975,2.1246,2.1220890622320385,-0.0025109377679615186,0.0025109377679615186
11.965825,206.943,2.1175,99,1,pythia_11.965825B_trajectory,B3,interpolated Pythia trajectories,pythia_11.965825B_trajectory,2976,2.1175,2.1208801645132778,0.003380164513277606,0.003380164513277606
11.965825,210.167,2.1212,100,1,pythia_11.965825B_trajectory,B3,interpolated Pythia trajectories,pythia_11.965825B_trajectory,2977,2.1212,2.119676277907509,-0.0015237220924908534,0.0015237220924908534
11.965825,213.441,2.1187,102,1,pythia_11.965825B_trajectory,B3,interpolated Pythia trajectories,pythia_11.965825B_trajectory,2978,2.1187,2.118477671223409,-0.00022232877659122963,0.00022232877659122963
11.965825,216.766,2.116,103,1,pythia_11.965825B_trajectory,B3,interpolated Pythia trajectories,pythia_11.965825B_trajectory,2979,2.116,2.1172842398810885,0.0012842398810883893,0.0012842398810883893
11.965825,220.142,2.1158,105,1,pythia_11.965825B_trajectory,B3,interpolated Pythia trajectories,pythia_11.965825B_trajectory,2980,2.1158,2.1160962383274438,0.000296238327443632,0.000296238327443632
11.965825,223.572,2.1101,106,1,pythia_11.965825B_trajectory,B3,interpolated Pythia trajectories,pythia_11.965825B_trajectory,2981,2.1101,2.114912878813763,0.004812878813762911,0.004812878813762911
11.965825,227.054,2.1153,108,1,pythia_11.965825B_trajectory,B3,interpolated Pythia trajectories,pythia_11.965825B_trajectory,2982,2.1153,2.113735111831317,-0.001564888168683165,0.001564888168683165
11.965825,230.591,2.1141,110,1,pythia_11.965825B_trajectory,B3,interpolated Pythia trajectories,pythia_11.965825B_trajectory,2983,2.1141,2.1125621752738124,-0.0015378247261876865,0.0015378247261876865
11.965825,234.183,2.1118,112,1,pythia_11.965825B_trajectory,B3,interpolated Pythia trajectories,pythia_11.965825B_trajectory,2984,2.1118,2.1113943339575423,-0.00040566604245784177,0.00040566604245784177
11.965825,237.831,2.1087,113,1,pythia_11.965825B_trajectory,B3,interpolated Pythia trajectories,pythia_11.965825B_trajectory,2985,2.1087,2.1102315194390338,0.001531519439033957,0.001531519439033957
11.965825,241.536,2.1093,115,1,pythia_11.965825B_trajectory,B3,interpolated Pythia trajectories,pythia_11.965825B_trajectory,2986,2.1093,2.109073671083693,-0.00022632891630713914,0.00022632891630713914
11.965825,245.299,2.1106,117,1,pythia_11.965825B_trajectory,B3,interpolated Pythia trajectories,pythia_11.965825B_trajectory,2987,2.1106,2.1079207355495595,-0.0026792644504403107,0.0026792644504403107
11.965825,249.12,2.1054,119,1,pythia_11.965825B_trajectory,B3,interpolated Pythia trajectories,pythia_11.965825B_trajectory,2988,2.1054,2.106772963725904,0.0013729637259038974,0.0013729637259038974
11.965825,253.001,2.106,121,1,pythia_11.965825B_trajectory,B3,interpolated Pythia trajectories,pythia_11.965825B_trajectory,2989,2.106,2.1056300063175133,-0.00036999368248658016,0.00036999368248658016
11.965825,256.942,2.1017,122,1,pythia_11.965825B_trajectory,B3,interpolated Pythia trajectories,pythia_11.965825B_trajectory,2990,2.1017,2.104492115232351,0.002792115232350678,0.002792115232350678
11.965825,260.944,2.1018,124,1,pythia_11.965825B_trajectory,B3,interpolated Pythia trajectories,pythia_11.965825B_trajectory,2991,2.1018,2.1033592451350165,0.001559245135016596,0.001559245135016596
11.965825,265.009,2.1032,126,1,pythia_11.965825B_trajectory,B3,interpolated Pythia trajectories,pythia_11.965825B_trajectory,2992,2.1032,2.1022310815920595,-0.0009689184079406665,0.0009689184079406665
11.965825,269.138,2.0988,128,1,pythia_11.965825B_trajectory,B3,interpolated Pythia trajectories,pythia_11.965825B_trajectory,2993,2.0988,2.101107606419081,0.0023076064190807877,0.0023076064190807877
11.965825,273.33,2.1003,130,1,pythia_11.965825B_trajectory,B3,interpolated Pythia trajectories,pythia_11.965825B_trajectory,2994,2.1003,2.0999893339901665,-0.0003106660098333158,0.0003106660098333158
11.965825,277.588,2.0972,132,1,pythia_11.965825B_trajectory,B3,interpolated Pythia trajectories,pythia_11.965825B_trajectory,2995,2.0972,2.0988757053527487,0.0016757053527487464,0.0016757053527487464
11.965825,281.912,2.0993,134,1,pythia_11.965825B_trajectory,B3,interpolated Pythia trajectories,pythia_11.965825B_trajectory,2996,2.0993,2.0977669686350415,-0.0015330313649584149,0.0015330313649584149
11.965825,286.304,2.0961,136,1,pythia_11.965825B_trajectory,B3,interpolated Pythia trajectories,pythia_11.965825B_trajectory,2997,2.0961,2.0966628575057564,0.0005628575057565754,0.0005628575057565754
11.965825,290.764,2.0948,139,1,pythia_11.965825B_trajectory,B3,interpolated Pythia trajectories,pythia_11.965825B_trajectory,2998,2.0948,2.095563616786559,0.0007636167865587851,0.0007636167865587851
11.965825,295.293,2.0964,141,1,pythia_11.965825B_trajectory,B3,interpolated Pythia trajectories,pythia_11.965825B_trajectory,2999,2.0964,2.0944692356032095,-0.0019307643967905186,0.0019307643967905186
11.965825,299.893,2.0936,143,1,pythia_11.965825B_trajectory,B3,interpolated Pythia trajectories,pythia_11.965825B_trajectory,3000,2.0936,2.093379471491827,-0.00022052850817289027,0.00022052850817289027
2.782831,0.134,4.1185,0,1,pythia_2.782831B_trajectory,B3,interpolated Pythia trajectories,pythia_2.782831B_trajectory,3001,4.1185,4.1166262208615,-0.0018737791385001756,0.0018737791385001756
2.782831,0.136,4.11,0,1,pythia_2.782831B_trajectory,B3,interpolated Pythia trajectories,pythia_2.782831B_trajectory,3002,4.11,4.107618684294832,-0.0023813157051684186,0.0023813157051684186
2.782831,0.138,4.0963,0,1,pythia_2.782831B_trajectory,B3,interpolated Pythia trajectories,pythia_2.782831B_trajectory,3003,4.0963,4.098779109517795,0.002479109517794953,0.002479109517794953
2.782831,0.14,4.0913,0,1,pythia_2.782831B_trajectory,B3,interpolated Pythia trajectories,pythia_2.782831B_trajectory,3004,4.0913,4.090101997556399,-0.0011980024436013537,0.0011980024436013537
2.782831,0.143,4.0785,0,1,pythia_2.782831B_trajectory,B3,interpolated Pythia trajectories,pythia_2.782831B_trajectory,3005,4.0785,4.077379542976456,-0.0011204570235436861,0.0011204570235436861
2.782831,0.145,4.0755,0,1,pythia_2.782831B_trajectory,B3,interpolated Pythia trajectories,pythia_2.782831B_trajectory,3006,4.0755,4.069086168418026,-0.006413831581974172,0.006413831581974172
2.782831,0.147,4.0666,0,1,pythia_2.782831B_trajectory,B3,interpolated Pythia trajectories,pythia_2.782831B_trajectory,3007,4.0666,4.060937923630523,-0.00566207636947702,0.00566207636947702
2.782831,0.149,4.0565,0,1,pythia_2.782831B_trajectory,B3,interpolated Pythia trajectories,pythia_2.782831B_trajectory,3008,4.0565,4.052930345564345,-0.003569654435654712,0.003569654435654712
2.782831,0.152,4.0509,0,1,pythia_2.782831B_trajectory,B3,interpolated Pythia trajectories,pythia_2.782831B_trajectory,3009,4.0509,4.041173442381395,-0.009726557618605192,0.009726557618605192
2.782831,0.154,4.0385,0,1,pythia_2.782831B_trajectory,B3,interpolated Pythia trajectories,pythia_2.782831B_trajectory,3010,4.0385,4.033499257032467,-0.005000742967532723,0.005000742967532723
2.782831,0.156,4.0297,0,1,pythia_2.782831B_trajectory,B3,interpolated Pythia trajectories,pythia_2.782831B_trajectory,3011,4.0297,4.0259515819165435,-0.003748418083456606,0.003748418083456606
2.782831,0.159,4.02,0,1,pythia_2.782831B_trajectory,B3,interpolated Pythia trajectories,pythia_2.782831B_trajectory,3012,4.02,4.014859294099513,-0.005140705900486431,0.005140705900486431
2.782831,0.161,4.0118,0,1,pythia_2.782831B_trajectory,B3,interpolated Pythia trajectories,pythia_2.782831B_trajectory,3013,4.0118,4.007612176088214,-0.0041878239117858485,0.0041878239117858485
2.782831,0.164,4.0057,0,1,pythia_2.782831B_trajectory,B3,interpolated Pythia trajectories,pythia_2.782831B_trajectory,3014,4.0057,3.9969548456899746,-0.008745154310025427,0.008745154310025427
2.782831,0.166,3.9966,0,1,pythia_2.782831B_trajectory,B3,interpolated Pythia trajectories,pythia_2.782831B_trajectory,3015,3.9966,3.9899876084508072,-0.006612391549192687,0.006612391549192687
2.782831,0.169,3.988,0,1,pythia_2.782831B_trajectory,B3,interpolated Pythia trajectories,pythia_2.782831B_trajectory,3016,3.988,3.979735756529772,-0.008264243470228028,0.008264243470228028
2.782831,0.172,3.9819,0,1,pythia_2.782831B_trajectory,B3,interpolated Pythia trajectories,pythia_2.782831B_trajectory,3017,3.9819,3.969714217524091,-0.012185782475909068,0.012185782475909068
2.782831,0.174,3.9684,0,1,pythia_2.782831B_trajectory,B3,interpolated Pythia trajectories,pythia_2.782831B_trajectory,3018,3.9684,3.9631566489560406,-0.005243351043959343,0.005243351043959343
2.782831,0.177,3.964,0,1,pythia_2.782831B_trajectory,B3,interpolated Pythia trajectories,pythia_2.782831B_trajectory,3019,3.964,3.95349908642617,-0.010500913573829873,0.010500913573829873
2.782831,0.18,3.9541,0,1,pythia_2.782831B_trajectory,B3,interpolated Pythia trajectories,pythia_2.782831B_trajectory,3020,3.9541,3.9440487840631,-0.010051215936899727,0.010051215936899727
2.782831,0.183,3.9472,0,1,pythia_2.782831B_trajectory,B3,interpolated Pythia trajectories,pythia_2.782831B_trajectory,3021,3.9472,3.934797949086825,-0.012402050913175255,0.012402050913175255
2.782831,0.185,3.9338,0,1,pythia_2.782831B_trajectory,B3,interpolated Pythia trajectories,pythia_2.782831B_trajectory,3022,3.9338,3.9287378812865867,-0.005062118713413444,0.005062118713413444
2.782831,0.188,3.9298,0,1,pythia_2.782831B_trajectory,B3,interpolated Pythia trajectories,pythia_2.782831B_trajectory,3023,3.9298,3.919803288070975,-0.009996711929025182,0.009996711929025182
2.782831,0.191,3.9186,0,1,pythia_2.782831B_trajectory,B3,interpolated Pythia trajectories,pythia_2.782831B_trajectory,3024,3.9186,3.9110493329533678,-0.00755066704663232,0.00755066704663232
2.782831,0.194,3.912,0,1,pythia_2.782831B_trajectory,B3,interpolated Pythia trajectories,pythia_2.782831B_trajectory,3025,3.912,3.902469611415847,-0.009530388584153116,0.009530388584153116
2.782831,0.197,3.9027,0,1,pythia_2.782831B_trajectory,B3,interpolated Pythia trajectories,pythia_2.782831B_trajectory,3026,3.9027,3.89405804061295,-0.008641959387049702,0.008641959387049702
2.782831,0.2,3.8916,0,1,pythia_2.782831B_trajectory,B3,interpolated Pythia trajectories,pythia_2.782831B_trajectory,3027,3.8916,3.885808838607204,-0.005791161392795896,0.005791161392795896
2.782831,0.203,3.8852,0,1,pythia_2.782831B_trajectory,B3,interpolated Pythia trajectories,pythia_2.782831B_trajectory,3028,3.8852,3.877716505233665,-0.0074834947663351414,0.0074834947663351414
2.782831,0.207,3.8734,0,1,pythia_2.782831B_trajectory,B3,interpolated Pythia trajectories,pythia_2.782831B_trajectory,3029,3.8734,3.867161731301996,-0.006238268698004035,0.006238268698004035
2.782831,0.21,3.8679,0,1,pythia_2.782831B_trajectory,B3,interpolated Pythia trajectories,pythia_2.782831B_trajectory,3030,3.8679,3.8594154884361096,-0.008484511563890518,0.008484511563890518
2.782831,0.213,3.8614,0,1,pythia_2.782831B_trajectory,B3,interpolated Pythia trajectories,pythia_2.782831B_trajectory,3031,3.8614,3.8518095984823675,-0.009590401517632685,0.009590401517632685
2.782831,0.216,3.8531,0,1,pythia_2.782831B_trajectory,B3,interpolated Pythia trajectories,pythia_2.782831B_trajectory,3032,3.8531,3.8443395946585373,-0.008760405341462718,0.008760405341462718
2.782831,0.22,3.8416,0,1,pythia_2.782831B_trajectory,B3,interpolated Pythia trajectories,pythia_2.782831B_trajectory,3033,3.8416,3.834583623807353,-0.007016376192646945,0.007016376192646945
2.782831,0.223,3.8315,0,1,pythia_2.782831B_trajectory,B3,interpolated Pythia trajectories,pythia_2.782831B_trajectory,3034,3.8315,3.827414427941271,-0.00408557205872917,0.00408557205872917
2.782831,0.227,3.822,0,1,pythia_2.782831B_trajectory,B3,interpolated Pythia trajectories,pythia_2.782831B_trajectory,3035,3.822,3.8180452439753196,-0.003954756024680428,0.003954756024680428
2.782831,0.23,3.8175,0,1,pythia_2.782831B_trajectory,B3,interpolated Pythia trajectories,pythia_2.782831B_trajectory,3036,3.8175,3.811155936920888,-0.006344063079112061,0.006344063079112061
2.782831,0.234,3.8092,0,1,pythia_2.782831B_trajectory,B3,interpolated Pythia trajectories,pythia_2.782831B_trajectory,3037,3.8092,3.8021470445454817,-0.00705295545451845,0.00705295545451845
2.782831,0.237,3.7999,0,1,pythia_2.782831B_trajectory,B3,interpolated Pythia trajectories,pythia_2.782831B_trajectory,3038,3.7999,3.795518738074393,-0.00438126192560695,0.00438126192560695
2.782831,0.241,3.7901,0,1,pythia_2.782831B_trajectory,B3,interpolated Pythia trajectories,pythia_2.782831B_trajectory,3039,3.7901,3.7868461768707444,-0.003253823129255373,0.003253823129255373
2.782831,0.245,3.7814,0,1,pythia_2.782831B_trajectory,B3,interpolated Pythia trajectories,pythia_2.782831B_trajectory,3040,3.7814,3.778355915659123,-0.0030440843408769958,0.0030440843408769958
2.782831,0.249,3.7732,0,1,pythia_2.782831B_trajectory,B3,interpolated Pythia trajectories,pythia_2.782831B_trajectory,3041,3.7732,3.770041238589846,-0.0031587614101540318,0.0031587614101540318
2.782831,0.253,3.7683,0,1,pythia_2.782831B_trajectory,B3,interpolated Pythia trajectories,pythia_2.782831B_trajectory,3042,3.7683,3.7618957800860726,-0.006404219913927367,0.006404219913927367
2.782831,0.256,3.7561,0,1,pythia_2.782831B_trajectory,B3,interpolated Pythia trajectories,pythia_2.782831B_trajectory,3043,3.7561,3.755894091525394,-0.00020590847460599804,0.00020590847460599804
2.782831,0.26,3.7495,0,1,pythia_2.782831B_trajectory,B3,interpolated Pythia trajectories,pythia_2.782831B_trajectory,3044,3.7495,3.7480304191086606,-0.001469580891339195,0.001469580891339195
2.782831,0.265,3.7387,0,1,pythia_2.782831B_trajectory,B3,interpolated Pythia trajectories,pythia_2.782831B_trajectory,3045,3.7387,3.738415834689345,-0.00028416531065511563,0.00028416531065511563
2.782831,0.269,3.7323,0,1,pythia_2.782831B_trajectory,B3,interpolated Pythia trajectories,pythia_2.782831B_trajectory,3046,3.7323,3.7308898176696434,-0.001410182330356502,0.001410182330356502
2.782831,0.273,3.724,0,1,pythia_2.782831B_trajectory,B3,interpolated Pythia trajectories,pythia_2.782831B_trajectory,3047,3.724,3.723505687259219,-0.0004943127407810444,0.0004943127407810444
2.782831,0.277,3.7168,0,1,pythia_2.782831B_trajectory,B3,interpolated Pythia trajectories,pythia_2.782831B_trajectory,3048,3.7168,3.7162587475935367,-0.0005412524064634106,0.0005412524064634106
2.782831,0.281,3.7086,0,1,pythia_2.782831B_trajectory,B3,interpolated Pythia trajectories,pythia_2.782831B_trajectory,3049,3.7086,3.7091445231930447,0.0005445231930445438,0.0005445231930445438
2.782831,0.286,3.7012,0,1,pythia_2.782831B_trajectory,B3,interpolated Pythia trajectories,pythia_2.782831B_trajectory,3050,3.7012,3.700431889602079,-0.000768110397920907,0.000768110397920907
2.782831,0.29,3.6928,0,1,pythia_2.782831B_trajectory,B3,interpolated Pythia trajectories,pythia_2.782831B_trajectory,3051,3.6928,3.693600963795835,0.0008009637958350524,0.0008009637958350524
2.782831,0.295,3.6888,0,1,pythia_2.782831B_trajectory,B3,interpolated Pythia trajectories,pythia_2.782831B_trajectory,3052,3.6888,3.6852299720076758,-0.0035700279923243095,0.0035700279923243095
2.782831,0.299,3.682,0,1,pythia_2.782831B_trajectory,B3,interpolated Pythia trajectories,pythia_2.782831B_trajectory,3053,3.682,3.6786628555454444,-0.003337144454555574,0.003337144454555574
2.782831,0.304,3.6733,0,1,pythia_2.782831B_trajectory,B3,interpolated Pythia trajectories,pythia_2.782831B_trajectory,3054,3.6733,3.670610351318022,-0.00268964868197763,0.00268964868197763
2.782831,0.309,3.666,0,1,pythia_2.782831B_trajectory,B3,interpolated Pythia trajectories,pythia_2.782831B_trajectory,3055,3.666,3.6627255979333366,-0.0032744020666632956,0.0032744020666632956
2.782831,0.314,3.6578,0,1,pythia_2.782831B_trajectory,B3,interpolated Pythia trajectories,pythia_2.782831B_trajectory,3056,3.6578,3.6550024699666257,-0.0027975300333742403,0.0027975300333742403
2.782831,0.318,3.6542,0,1,pythia_2.782831B_trajectory,B3,interpolated Pythia trajectories,pythia_2.782831B_trajectory,3057,3.6542,3.6489364243415405,-0.005263575658459363,0.005263575658459363
2.782831,0.323,3.6511,0,1,pythia_2.782831B_trajectory,B3,interpolated Pythia trajectories,pythia_2.782831B_trajectory,3058,3.6511,3.6414897835162865,-0.009610216483713518,0.009610216483713518
2.782831,0.328,3.638,0,1,pythia_2.782831B_trajectory,B3,interpolated Pythia trajectories,pythia_2.782831B_trajectory,3059,3.638,3.634189235748333,-0.0038107642516669316,0.0038107642516669316
2.782831,0.334,3.6347,0,1,pythia_2.782831B_trajectory,B3,interpolated Pythia trajectories,pythia_2.782831B_trajectory,3060,3.6347,3.6256143585376046,-0.009085641462395433,0.009085641462395433
2.782831,0.339,3.6258,0,1,pythia_2.782831B_trajectory,B3,interpolated Pythia trajectories,pythia_2.782831B_trajectory,3061,3.6258,3.6186178593524474,-0.007182140647552515,0.007182140647552515
2.782831,0.344,3.6197,0,1,pythia_2.782831B_trajectory,B3,interpolated Pythia trajectories,pythia_2.782831B_trajectory,3062,3.6197,3.61175220380125,-0.007947796198749746,0.007947796198749746
2.782831,0.349,3.6113,0,1,pythia_2.782831B_trajectory,B3,interpolated Pythia trajectories,pythia_2.782831B_trajectory,3063,3.6113,3.605013095798421,-0.006286904201578736,0.006286904201578736
2.782831,0.355,3.6025,0,1,pythia_2.782831B_trajectory,B3,interpolated Pythia trajectories,pythia_2.782831B_trajectory,3064,3.6025,3.597087455105833,-0.005412544894166871,0.005412544894166871
2.782831,0.36,3.5964,0,1,pythia_2.782831B_trajectory,B3,interpolated Pythia trajectories,pythia_2.782831B_trajectory,3065,3.5964,3.590612597658791,-0.0057874023412090025,0.0057874023412090025
2.782831,0.366,3.5857,0,1,pythia_2.782831B_trajectory,B3,interpolated Pythia trajectories,pythia_2.782831B_trajectory,3066,3.5857,3.5829930494370714,-0.0027069505629286894,0.0027069505629286894
2.782831,0.372,3.5817,0,1,pythia_2.782831B_trajectory,B3,interpolated Pythia trajectories,pythia_2.782831B_trajectory,3067,3.5817,3.5755317175951378,-0.006168282404862335,0.006168282404862335
2.782831,0.377,3.577,0,1,pythia_2.782831B_trajectory,B3,interpolated Pythia trajectories,pythia_2.782831B_trajectory,3068,3.577,3.569430637021794,-0.0075693629782058736,0.0075693629782058736
2.782831,0.383,3.57,0,1,pythia_2.782831B_trajectory,B3,interpolated Pythia trajectories,pythia_2.782831B_trajectory,3069,3.57,3.56224462633423,-0.007755373665769838,0.007755373665769838
2.782831,0.389,3.5631,0,1,pythia_2.782831B_trajectory,B3,interpolated Pythia trajectories,pythia_2.782831B_trajectory,3070,3.5631,3.5552012720273876,-0.007898727972612374,0.007898727972612374
2.782831,0.395,3.5564,0,1,pythia_2.782831B_trajectory,B3,interpolated Pythia trajectories,pythia_2.782831B_trajectory,3071,3.5564,3.5482956063586824,-0.008104393641317653,0.008104393641317653
2.782831,0.402,3.5464,0,1,pythia_2.782831B_trajectory,B3,interpolated Pythia trajectories,pythia_2.782831B_trajectory,3072,3.5464,3.540406731988284,-0.005993268011716069,0.005993268011716069
2.782831,0.408,3.5418,0,1,pythia_2.782831B_trajectory,B3,interpolated Pythia trajectories,pythia_2.782831B_trajectory,3073,3.5418,3.5337834959909786,-0.008016504009021208,0.008016504009021208
2.782831,0.414,3.5339,0,1,pythia_2.782831B_trajectory,B3,interpolated Pythia trajectories,pythia_2.782831B_trajectory,3074,3.5339,3.5272837621924165,-0.00661623780758358,0.00661623780758358
2.782831,0.421,3.5292,0,1,pythia_2.782831B_trajectory,B3,interpolated Pythia trajectories,pythia_2.782831B_trajectory,3075,3.5292,3.5198514487175787,-0.00934855128242118,0.00934855128242118
2.782831,0.427,3.5236,0,1,pythia_2.782831B_trajectory,B3,interpolated Pythia trajectories,pythia_2.782831B_trajectory,3076,3.5236,3.5136056817796746,-0.009994318220325482,0.009994318220325482
2.782831,0.434,3.5155,0,1,pythia_2.782831B_trajectory,B3,interpolated Pythia trajectories,pythia_2.782831B_trajectory,3077,3.5155,3.5064594118988457,-0.009040588101154157,0.009040588101154157
2.782831,0.441,3.5036,0,1,pythia_2.782831B_trajectory,B3,interpolated Pythia trajectories,pythia_2.782831B_trajectory,3078,3.5036,3.499459161904165,-0.004140838095834987,0.004140838095834987
2.782831,0.447,3.4995,0,1,pythia_2.782831B_trajectory,B3,interpolated Pythia trajectories,pythia_2.782831B_trajectory,3079,3.4995,3.493571194766134,-0.0059288052338657415,0.0059288052338657415
2.782831,0.454,3.4897,0,1,pythia_2.782831B_trajectory,B3,interpolated Pythia trajectories,pythia_2.782831B_trajectory,3080,3.4897,3.4868284471179534,-0.0028715528820466574,0.0028715528820466574
2.782831,0.461,3.486,0,1,pythia_2.782831B_trajectory,B3,interpolated Pythia trajectories,pythia_2.782831B_trajectory,3081,3.486,3.480217463709716,-0.005782536290284135,0.005782536290284135
2.782831,0.469,3.4776,0,1,pythia_2.782831B_trajectory,B3,interpolated Pythia trajectories,pythia_2.782831B_trajectory,3082,3.4776,3.472817612817335,-0.00478238718266466,0.00478238718266466
2.782831,0.476,3.4713,0,1,pythia_2.782831B_trajectory,B3,interpolated Pythia trajectories,pythia_2.782831B_trajectory,3083,3.4713,3.466474049372648,-0.004825950627351805,0.004825950627351805
2.782831,0.483,3.4635,0,1,pythia_2.782831B_trajectory,B3,interpolated Pythia trajectories,pythia_2.782831B_trajectory,3084,3.4635,3.4602487731267884,-0.0032512268732114435,0.0032512268732114435
2.782831,0.491,3.4567,0,1,pythia_2.782831B_trajectory,B3,interpolated Pythia trajectories,pythia_2.782831B_trajectory,3085,3.4567,3.4532740536570055,-0.0034259463429946457,0.0034259463429946457
2.782831,0.499,3.4497,0,1,pythia_2.782831B_trajectory,B3,interpolated Pythia trajectories,pythia_2.782831B_trajectory,3086,3.4497,3.446443285176387,-0.003256714823613116,0.003256714823613116
2.782831,0.506,3.4451,0,1,pythia_2.782831B_trajectory,B3,interpolated Pythia trajectories,pythia_2.782831B_trajectory,3087,3.4451,3.4405803463978524,-0.004519653602147677,0.004519653602147677
2.782831,0.514,3.4386,0,1,pythia_2.782831B_trajectory,B3,interpolated Pythia trajectories,pythia_2.782831B_trajectory,3088,3.4386,3.4340056579839597,-0.004594342016040365,0.004594342016040365
2.782831,0.522,3.43,0,1,pythia_2.782831B_trajectory,B3,interpolated Pythia trajectories,pythia_2.782831B_trajectory,3089,3.43,3.4275606518628,-0.002439348137200259,0.002439348137200259
2.782831,0.53,3.4214,0,1,pythia_2.782831B_trajectory,B3,interpolated Pythia trajectories,pythia_2.782831B_trajectory,3090,3.4214,3.4212408406502597,-0.00015915934974053414,0.00015915934974053414
2.782831,0.539,3.4171,0,1,pythia_2.782831B_trajectory,B3,interpolated Pythia trajectories,pythia_2.782831B_trajectory,3091,3.4171,3.4142753948523215,-0.0028246051476785716,0.0028246051476785716
2.782831,0.547,3.4083,0,1,pythia_2.782831B_trajectory,B3,interpolated Pythia trajectories,pythia_2.782831B_trajectory,3092,3.4083,3.4082077101339516,-9.228986604847833e-05,9.228986604847833e-05
2.782831,0.556,3.4047,0,1,pythia_2.782831B_trajectory,B3,interpolated Pythia trajectories,pythia_2.782831B_trajectory,3093,3.4047,3.4015158867184967,-0.0031841132815033646,0.0031841132815033646
2.782831,0.564,3.401,0,1,pythia_2.782831B_trajectory,B3,interpolated Pythia trajectories,pythia_2.782831B_trajectory,3094,3.401,3.395682952750178,-0.005317047249821627,0.005317047249821627
2.782831,0.573,3.3906,0,1,pythia_2.782831B_trajectory,B3,interpolated Pythia trajectories,pythia_2.782831B_trajectory,3095,3.3906,3.389246175033583,-0.0013538249664168944,0.0013538249664168944
2.782831,0.582,3.3865,0,1,pythia_2.782831B_trajectory,B3,interpolated Pythia trajectories,pythia_2.782831B_trajectory,3096,3.3865,3.3829375111593274,-0.003562488840672451,0.003562488840672451
2.782831,0.591,3.3783,0,1,pythia_2.782831B_trajectory,B3,interpolated Pythia trajectories,pythia_2.782831B_trajectory,3097,3.3783,3.376752488414952,-0.001547511585048067,0.001547511585048067
2.782831,0.6,3.3736,0,1,pythia_2.782831B_trajectory,B3,interpolated Pythia trajectories,pythia_2.782831B_trajectory,3098,3.3736,3.3706868553454523,-0.002913144654547839,0.002913144654547839
2.782831,0.61,3.3696,0,1,pythia_2.782831B_trajectory,B3,interpolated Pythia trajectories,pythia_2.782831B_trajectory,3099,3.3696,3.3640823756544096,-0.005517624345590555,0.005517624345590555
2.782831,0.619,3.361,0,1,pythia_2.782831B_trajectory,B3,interpolated Pythia trajectories,pythia_2.782831B_trajectory,3100,3.361,3.3582557420741823,-0.0027442579258178945,0.0027442579258178945
2.782831,0.629,3.3603,0,1,pythia_2.782831B_trajectory,B3,interpolated Pythia trajectories,pythia_2.782831B_trajectory,3101,3.3603,3.3519075510706893,-0.008392448929310792,0.008392448929310792
2.782831,0.638,3.35,0,1,pythia_2.782831B_trajectory,B3,interpolated Pythia trajectories,pythia_2.782831B_trajectory,3102,3.35,3.3463036431203648,-0.0036963568796353208,0.0036963568796353208
2.782831,0.648,3.3454,0,1,pythia_2.782831B_trajectory,B3,interpolated Pythia trajectories,pythia_2.782831B_trajectory,3103,3.3454,3.3401945462364044,-0.005205453763595713,0.005205453763595713
2.782831,0.659,3.3461,0,1,pythia_2.782831B_trajectory,B3,interpolated Pythia trajectories,pythia_2.782831B_trajectory,3104,3.3461,3.333612386276844,-0.012487613723155988,0.012487613723155988
2.782831,0.669,3.3317,0,1,pythia_2.782831B_trajectory,B3,interpolated Pythia trajectories,pythia_2.782831B_trajectory,3105,3.3317,3.327749481747071,-0.003950518252929136,0.003950518252929136
2.782831,0.679,3.3264,0,1,pythia_2.782831B_trajectory,B3,interpolated Pythia trajectories,pythia_2.782831B_trajectory,3106,3.3264,3.3219976822999504,-0.004402317700049618,0.004402317700049618
2.782831,0.69,3.3206,0,1,pythia_2.782831B_trajectory,B3,interpolated Pythia trajectories,pythia_2.782831B_trajectory,3107,3.3206,3.31579462348021,-0.004805376519790183,0.004805376519790183
2.782831,0.701,3.3171,0,1,pythia_2.782831B_trajectory,B3,interpolated Pythia trajectories,pythia_2.782831B_trajectory,3108,3.3171,3.3097168571009736,-0.007383142899026307,0.007383142899026307
2.782831,0.711,3.3104,0,1,pythia_2.782831B_trajectory,B3,interpolated Pythia trajectories,pythia_2.782831B_trajectory,3109,3.3104,3.3042966009597805,-0.006103399040219504,0.006103399040219504
2.782831,0.723,3.3012,0,1,pythia_2.782831B_trajectory,B3,interpolated Pythia trajectories,pythia_2.782831B_trajectory,3110,3.3012,3.2979196721371533,-0.0032803278628468213,0.0032803278628468213
2.782831,0.734,3.297,0,1,pythia_2.782831B_trajectory,B3,interpolated Pythia trajectories,pythia_2.782831B_trajectory,3111,3.297,3.2921920311730406,-0.004807968826959552,0.004807968826959552
2.782831,0.745,3.2899,0,1,pythia_2.782831B_trajectory,B3,interpolated Pythia trajectories,pythia_2.782831B_trajectory,3112,3.2899,3.2865732102912895,-0.003326789708710365,0.003326789708710365
2.782831,0.757,3.2875,0,1,pythia_2.782831B_trajectory,B3,interpolated Pythia trajectories,pythia_2.782831B_trajectory,3113,3.2875,3.2805634366769576,-0.006936563323042488,0.006936563323042488
2.782831,0.769,3.2816,0,1,pythia_2.782831B_trajectory,B3,interpolated Pythia trajectories,pythia_2.782831B_trajectory,3114,3.2816,3.2746743731161896,-0.006925626883810487,0.006925626883810487
2.782831,0.781,3.2776,0,1,pythia_2.782831B_trajectory,B3,interpolated Pythia trajectories,pythia_2.782831B_trajectory,3115,3.2776,3.2689017673923395,-0.008698232607660561,0.008698232607660561
2.782831,0.793,3.272,0,1,pythia_2.782831B_trajectory,B3,interpolated Pythia trajectories,pythia_2.782831B_trajectory,3116,3.272,3.263241579505876,-0.008758420494123786,0.008758420494123786
2.782831,0.805,3.2643,0,1,pythia_2.782831B_trajectory,B3,interpolated Pythia trajectories,pythia_2.782831B_trajectory,3117,3.2643,3.257689968060985,-0.006610031939014771,0.006610031939014771
2.782831,0.818,3.2569,0,1,pythia_2.782831B_trajectory,B3,interpolated Pythia trajectories,pythia_2.782831B_trajectory,3118,3.2569,3.2517940125552025,-0.0051059874447974,0.0051059874447974
2.782831,0.83,3.256,0,1,pythia_2.782831B_trajectory,B3,interpolated Pythia trajectories,pythia_2.782831B_trajectory,3119,3.256,3.246457063860304,-0.009542936139695701,0.009542936139695701
2.782831,0.843,3.2443,0,1,pythia_2.782831B_trajectory,B3,interpolated Pythia trajectories,pythia_2.782831B_trajectory,3120,3.2443,3.240785694841655,-0.0035143051583448326,0.0035143051583448326
2.782831,0.856,3.2375,0,1,pythia_2.782831B_trajectory,B3,interpolated Pythia trajectories,pythia_2.782831B_trajectory,3121,3.2375,3.2352251721833576,-0.002274827816642233,0.002274827816642233
2.782831,0.87,3.233,0,1,pythia_2.782831B_trajectory,B3,interpolated Pythia trajectories,pythia_2.782831B_trajectory,3122,3.233,3.229356525349652,-0.0036434746503481996,0.0036434746503481996
2.782831,0.883,3.2295,0,1,pythia_2.782831B_trajectory,B3,interpolated Pythia trajectories,pythia_2.782831B_trajectory,3123,3.2295,3.2240142878312676,-0.005485712168732171,0.005485712168732171
2.782831,0.897,3.2211,0,1,pythia_2.782831B_trajectory,B3,interpolated Pythia trajectories,pythia_2.782831B_trajectory,3124,3.2211,3.2183725437067943,-0.002727456293205588,0.002727456293205588
2.782831,0.911,3.2144,0,1,pythia_2.782831B_trajectory,B3,interpolated Pythia trajectories,pythia_2.782831B_trajectory,3125,3.2144,3.2128423871360043,-0.0015576128639955833,0.0015576128639955833
2.782831,0.925,3.2131,0,1,pythia_2.782831B_trajectory,B3,interpolated Pythia trajectories,pythia_2.782831B_trajectory,3126,3.2131,3.207419946371346,-0.005680053628653869,0.005680053628653869
2.782831,0.94,3.205,0,1,pythia_2.782831B_trajectory,B3,interpolated Pythia trajectories,pythia_2.782831B_trajectory,3127,3.205,3.201725541167895,-0.003274458832104976,0.003274458832104976
2.782831,0.954,3.2016,0,1,pythia_2.782831B_trajectory,B3,interpolated Pythia trajectories,pythia_2.782831B_trajectory,3128,3.2016,3.1965147174560835,-0.005085282543916492,0.005085282543916492
2.782831,0.969,3.1956,0,1,pythia_2.782831B_trajectory,B3,interpolated Pythia trajectories,pythia_2.782831B_trajectory,3129,3.1956,3.1910392071200677,-0.004560792879932496,0.004560792879932496
2.782831,0.984,3.191,0,1,pythia_2.782831B_trajectory,B3,interpolated Pythia trajectories,pythia_2.782831B_trajectory,3130,3.191,3.1856711189176066,-0.005328881082393266,0.005328881082393266
2.782831,1.0,3.1852,0,1,pythia_2.782831B_trajectory,B3,interpolated Pythia trajectories,pythia_2.782831B_trajectory,3131,3.1852,3.180059398653796,-0.005140601346203866,0.005140601346203866
2.782831,1.015,3.1754,0,1,pythia_2.782831B_trajectory,B3,interpolated Pythia trajectories,pythia_2.782831B_trajectory,3132,3.1754,3.17490180231356,-0.000498197686439994,0.000498197686439994
2.782831,1.031,3.1714,0,1,pythia_2.782831B_trajectory,B3,interpolated Pythia trajectories,pythia_2.782831B_trajectory,3133,3.1714,3.169506808489061,-0.0018931915109390296,0.0018931915109390296
2.782831,1.047,3.162,0,1,pythia_2.782831B_trajectory,B3,interpolated Pythia trajectories,pythia_2.782831B_trajectory,3134,3.162,3.164217921481386,0.0022179214813862203,0.0022179214813862203
2.782831,1.063,3.158,0,1,pythia_2.782831B_trajectory,B3,interpolated Pythia trajectories,pythia_2.782831B_trajectory,3135,3.158,3.1590314801058197,0.001031480105819771,0.001031480105819771
2.782831,1.08,3.1601,0,1,pythia_2.782831B_trajectory,B3,interpolated Pythia trajectories,pythia_2.782831B_trajectory,3136,3.1601,3.1536292442163405,-0.00647075578365941,0.00647075578365941
2.782831,1.097,3.1507,0,1,pythia_2.782831B_trajectory,B3,interpolated Pythia trajectories,pythia_2.782831B_trajectory,3137,3.1507,3.148334761257874,-0.002365238742126241,0.002365238742126241
2.782831,1.114,3.1433,0,1,pythia_2.782831B_trajectory,B3,interpolated Pythia trajectories,pythia_2.782831B_trajectory,3138,3.1433,3.143144261434683,-0.00015573856531680974,0.00015573856531680974
2.782831,1.131,3.1416,0,1,pythia_2.782831B_trajectory,B3,interpolated Pythia trajectories,pythia_2.782831B_trajectory,3139,3.1416,3.1380541618232662,-0.0035458381767337066,0.0035458381767337066
2.782831,1.149,3.1329,0,1,pythia_2.782831B_trajectory,B3,interpolated Pythia trajectories,pythia_2.782831B_trajectory,3140,3.1329,3.1327702926642966,-0.0001297073357031664,0.0001297073357031664
2.782831,1.167,3.1325,0,1,pythia_2.782831B_trajectory,B3,interpolated Pythia trajectories,pythia_2.782831B_trajectory,3141,3.1325,3.1275913186527466,-0.0049086813472531965,0.0049086813472531965
2.782831,1.185,3.1271,0,1,pythia_2.782831B_trajectory,B3,interpolated Pythia trajectories,pythia_2.782831B_trajectory,3142,3.1271,3.1225135870106033,-0.00458641298939666,0.00458641298939666
2.782831,1.203,3.1192,0,1,pythia_2.782831B_trajectory,B3,interpolated Pythia trajectories,pythia_2.782831B_trajectory,3143,3.1192,3.117533625203439,-0.0016663747965610654,0.0016663747965610654
2.782831,1.222,3.113,0,1,pythia_2.782831B_trajectory,B3,interpolated Pythia trajectories,pythia_2.782831B_trajectory,3144,3.113,3.112379419003543,-0.0006205809964567877,0.0006205809964567877
2.782831,1.241,3.1071,0,1,pythia_2.782831B_trajectory,B3,interpolated Pythia trajectories,pythia_2.782831B_trajectory,3145,3.1071,3.107326773851394,0.0002267738513941353,0.0002267738513941353
2.782831,1.26,3.1068,0,1,pythia_2.782831B_trajectory,B3,interpolated Pythia trajectories,pythia_2.782831B_trajectory,3146,3.1068,3.102372178945434,-0.00442782105456585,0.00442782105456585
2.782831,1.28,3.0995,0,1,pythia_2.782831B_trajectory,B3,interpolated Pythia trajectories,pythia_2.782831B_trajectory,3147,3.0995,3.0972590747962974,-0.0022409252037025595,0.0022409252037025595
2.782831,1.3,3.0953,0,1,pythia_2.782831B_trajectory,B3,interpolated Pythia trajectories,pythia_2.782831B_trajectory,3148,3.0953,3.092247214038067,-0.0030527859619331466,0.0030527859619331466
2.782831,1.32,3.0925,0,1,pythia_2.782831B_trajectory,B3,interpolated Pythia trajectories,pythia_2.782831B_trajectory,3149,3.0925,3.087333080011083,-0.005166919988916607,0.005166919988916607
2.782831,1.341,3.0872,0,1,pythia_2.782831B_trajectory,B3,interpolated Pythia trajectories,pythia_2.782831B_trajectory,3150,3.0872,3.082274761432873,-0.0049252385671270105,0.0049252385671270105
2.782831,1.362,3.0824,0,1,pythia_2.782831B_trajectory,B3,interpolated Pythia trajectories,pythia_2.782831B_trajectory,3151,3.0824,3.0773168233092085,-0.00508317669079128,0.00508317669079128
2.782831,1.383,3.0826,0,1,pythia_2.782831B_trajectory,B3,interpolated Pythia trajectories,pythia_2.782831B_trajectory,3152,3.0826,3.072455771348669,-0.010144228651330689,0.010144228651330689
2.782831,1.404,3.0765,0,1,pythia_2.782831B_trajectory,B3,interpolated Pythia trajectories,pythia_2.782831B_trajectory,3153,3.0765,3.0676882836212753,-0.008811716378724466,0.008811716378724466
2.782831,1.426,3.0687,0,1,pythia_2.782831B_trajectory,B3,interpolated Pythia trajectories,pythia_2.782831B_trajectory,3154,3.0687,3.0627906844915036,-0.005909315508496604,0.005909315508496604
2.782831,1.449,3.0619,0,1,pythia_2.782831B_trajectory,B3,interpolated Pythia trajectories,pythia_2.782831B_trajectory,3155,3.0619,3.0577728056666498,-0.0041271943333502925,0.0041271943333502925
2.782831,1.471,3.0588,0,1,pythia_2.782831B_trajectory,B3,interpolated Pythia trajectories,pythia_2.782831B_trajectory,3156,3.0588,3.0530675773176297,-0.005732422682370508,0.005732422682370508
2.782831,1.494,3.0527,0,1,pythia_2.782831B_trajectory,B3,interpolated Pythia trajectories,pythia_2.782831B_trajectory,3157,3.0527,3.0482438158234473,-0.004456184176552913,0.004456184176552913
2.782831,1.517,3.0475,0,1,pythia_2.782831B_trajectory,B3,interpolated Pythia trajectories,pythia_2.782831B_trajectory,3158,3.0475,3.043514175643396,-0.003985824356603995,0.003985824356603995
2.782831,1.541,3.0421,0,1,pythia_2.782831B_trajectory,B3,interpolated Pythia trajectories,pythia_2.782831B_trajectory,3159,3.0421,3.038675764114463,-0.003424235885537197,0.003424235885537197
2.782831,1.565,3.0384,0,1,pythia_2.782831B_trajectory,B3,interpolated Pythia trajectories,pythia_2.782831B_trajectory,3160,3.0384,3.033932849047721,-0.00446715095227912,0.00446715095227912
2.782831,1.589,3.0301,0,1,pythia_2.782831B_trajectory,B3,interpolated Pythia trajectories,pythia_2.782831B_trajectory,3161,3.0301,3.029282123896971,-0.0008178761030288584,0.0008178761030288584
2.782831,1.614,3.0313,0,1,pythia_2.782831B_trajectory,B3,interpolated Pythia trajectories,pythia_2.782831B_trajectory,3162,3.0313,3.024532262082232,-0.006767737917767747,0.006767737917767747
2.782831,1.639,3.025,0,1,pythia_2.782831B_trajectory,B3,interpolated Pythia trajectories,pythia_2.782831B_trajectory,3163,3.025,3.019875643328047,-0.005124356671952768,0.005124356671952768
2.782831,1.665,3.0155,0,1,pythia_2.782831B_trajectory,B3,interpolated Pythia trajectories,pythia_2.782831B_trajectory,3164,3.0155,3.015128221724673,-0.0003717782753267507,0.0003717782753267507
2.782831,1.691,3.0186,0,1,pythia_2.782831B_trajectory,B3,interpolated Pythia trajectories,pythia_2.782831B_trajectory,3165,3.0186,3.010474746813695,-0.00812525318630497,0.00812525318630497
2.782831,1.717,3.0112,0,1,pythia_2.782831B_trajectory,B3,interpolated Pythia trajectories,pythia_2.782831B_trajectory,3166,3.0112,3.0059119572952797,-0.005288042704720386,0.005288042704720386
2.782831,1.744,3.0051,0,1,pythia_2.782831B_trajectory,B3,interpolated Pythia trajectories,pythia_2.782831B_trajectory,3167,3.0051,3.0012663376215225,-0.003833662378477598,0.003833662378477598
2.782831,1.771,2.9996,0,1,pythia_2.782831B_trajectory,B3,interpolated Pythia trajectories,pythia_2.782831B_trajectory,3168,2.9996,2.996711869095021,-0.0028881309049788584,0.0028881309049788584
2.782831,1.799,2.9955,0,1,pythia_2.782831B_trajectory,B3,interpolated Pythia trajectories,pythia_2.782831B_trajectory,3169,2.9955,2.992081640533206,-0.00341835946679403,0.00341835946679403
2.782831,1.827,2.9889,0,1,pythia_2.782831B_trajectory,B3,interpolated Pythia trajectories,pythia_2.782831B_trajectory,3170,2.9889,2.9875427408098045,-0.001357259190195581,0.001357259190195581
2.782831,1.855,2.9828,0,1,pythia_2.782831B_trajectory,B3,interpolated Pythia trajectories,pythia_2.782831B_trajectory,3171,2.9828,2.9830920096816573,0.00029200968165721264,0.00029200968165721264
2.782831,1.884,2.9799,0,1,pythia_2.782831B_trajectory,B3,interpolated Pythia trajectories,pythia_2.782831B_trajectory,3172,2.9799,2.978572067508301,-0.0013279324916992685,0.0013279324916992685
2.782831,1.913,2.9786,0,1,pythia_2.782831B_trajectory,B3,interpolated Pythia trajectories,pythia_2.782831B_trajectory,3173,2.9786,2.974140306428055,-0.004459693571944978,0.004459693571944978
2.782831,1.943,2.9721,0,1,pythia_2.782831B_trajectory,B3,interpolated Pythia trajectories,pythia_2.782831B_trajectory,3174,2.9721,2.969645308994229,-0.0024546910057710036,0.0024546910057710036
2.782831,1.973,2.9672,0,1,pythia_2.782831B_trajectory,B3,interpolated Pythia trajectories,pythia_2.782831B_trajectory,3175,2.9672,2.9652382726258897,-0.001961727374110378,0.001961727374110378
2.782831,2.004,2.9604,0,1,pythia_2.782831B_trajectory,B3,interpolated Pythia trajectories,pythia_2.782831B_trajectory,3176,2.9604,2.9607735363918355,0.00037353639183557164,0.00037353639183557164
2.782831,2.035,2.9588,0,1,pythia_2.782831B_trajectory,B3,interpolated Pythia trajectories,pythia_2.782831B_trajectory,3177,2.9588,2.956396331669433,-0.0024036683305670437,0.0024036683305670437
2.782831,2.067,2.9502,0,1,pythia_2.782831B_trajectory,B3,interpolated Pythia trajectories,pythia_2.782831B_trajectory,3178,2.9502,2.9519665485210163,0.001766548521016098,0.001766548521016098
2.782831,2.099,2.95,1,1,pythia_2.782831B_trajectory,B3,interpolated Pythia trajectories,pythia_2.782831B_trajectory,3179,2.95,2.94762368007503,-0.002376319924970005,0.002376319924970005
2.782831,2.132,2.9415,1,1,pythia_2.782831B_trajectory,B3,interpolated Pythia trajectories,pythia_2.782831B_trajectory,3180,2.9415,2.9432329632414724,0.0017329632414724294,0.0017329632414724294
2.782831,2.165,2.9368,1,1,pythia_2.782831B_trajectory,B3,interpolated Pythia trajectories,pythia_2.782831B_trajectory,3181,2.9368,2.93892837835297,0.002128378352970195,0.002128378352970195
2.782831,2.199,2.9371,1,1,pythia_2.782831B_trajectory,B3,interpolated Pythia trajectories,pythia_2.782831B_trajectory,3182,2.9371,2.93458030743035,-0.0025196925696500116,0.0025196925696500116
2.782831,2.233,2.9309,1,1,pythia_2.782831B_trajectory,B3,interpolated Pythia trajectories,pythia_2.782831B_trajectory,3183,2.9309,2.9303174399222565,-0.000582560077743377,0.000582560077743377
2.782831,2.268,2.9283,1,1,pythia_2.782831B_trajectory,B3,interpolated Pythia trajectories,pythia_2.782831B_trajectory,3184,2.9283,2.9260151044961034,-0.0022848955038967667,0.0022848955038967667
2.782831,2.303,2.9246,1,1,pythia_2.782831B_trajectory,B3,interpolated Pythia trajectories,pythia_2.782831B_trajectory,3185,2.9246,2.921796917111223,-0.002803082888776842,0.002803082888776842
2.782831,2.339,2.9208,1,1,pythia_2.782831B_trajectory,B3,interpolated Pythia trajectories,pythia_2.782831B_trajectory,3186,2.9208,2.917542958601196,-0.003257041398804006,0.003257041398804006
2.782831,2.375,2.9166,1,1,pythia_2.782831B_trajectory,B3,interpolated Pythia trajectories,pythia_2.782831B_trajectory,3187,2.9166,2.913371983536707,-0.0032280164632929598,0.0032280164632929598
2.782831,2.412,2.9124,1,1,pythia_2.782831B_trajectory,B3,interpolated Pythia trajectories,pythia_2.782831B_trajectory,3188,2.9124,2.9091686349962123,-0.003231365003787623,0.003231365003787623
2.782831,2.45,2.9092,1,1,pythia_2.782831B_trajectory,B3,interpolated Pythia trajectories,pythia_2.782831B_trajectory,3189,2.9092,2.9049367249503466,-0.004263275049653181,0.004263275049653181
2.782831,2.488,2.9051,1,1,pythia_2.782831B_trajectory,B3,interpolated Pythia trajectories,pythia_2.782831B_trajectory,3190,2.9051,2.900788000348226,-0.004311999651774201,0.004311999651774201
2.782831,2.527,2.903,1,1,pythia_2.782831B_trajectory,B3,interpolated Pythia trajectories,pythia_2.782831B_trajectory,3191,2.903,2.8966135885292763,-0.0063864114707237185,0.0063864114707237185
2.782831,2.566,2.895,1,1,pythia_2.782831B_trajectory,B3,interpolated Pythia trajectories,pythia_2.782831B_trajectory,3192,2.895,2.892520829132642,-0.0024791708673581603,0.0024791708673581603
2.782831,2.606,2.8927,1,1,pythia_2.782831B_trajectory,B3,interpolated Pythia trajectories,pythia_2.782831B_trajectory,3193,2.8927,2.8884050120406877,-0.00429498795931238,0.00429498795931238
2.782831,2.647,2.8883,1,1,pythia_2.782831B_trajectory,B3,interpolated Pythia trajectories,pythia_2.782831B_trajectory,3194,2.8883,2.884269375010042,-0.004030624989958209,0.004030624989958209
2.782831,2.688,2.881,1,1,pythia_2.782831B_trajectory,B3,interpolated Pythia trajectories,pythia_2.782831B_trajectory,3195,2.881,2.8802149221693085,-0.0007850778306912609,0.0007850778306912609
2.782831,2.73,2.8819,1,1,pythia_2.782831B_trajectory,B3,interpolated Pythia trajectories,pythia_2.782831B_trajectory,3196,2.8819,2.8761428369000055,-0.005757163099994411,0.005757163099994411
2.782831,2.773,2.8753,1,1,pythia_2.782831B_trajectory,B3,interpolated Pythia trajectories,pythia_2.782831B_trajectory,3197,2.8753,2.872056034865527,-0.0032439651344731146,0.0032439651344731146
2.782831,2.816,2.875,1,1,pythia_2.782831B_trajectory,B3,interpolated Pythia trajectories,pythia_2.782831B_trajectory,3198,2.875,2.868049547810087,-0.006950452189912859,0.006950452189912859
2.782831,2.86,2.8668,1,1,pythia_2.782831B_trajectory,B3,interpolated Pythia trajectories,pythia_2.782831B_trajectory,3199,2.8668,2.86403013717172,-0.0027698628282801785,0.0027698628282801785
2.782831,2.904,2.8579,1,1,pythia_2.782831B_trajectory,B3,interpolated Pythia trajectories,pythia_2.782831B_trajectory,3200,2.8579,2.8600891013889553,0.00218910138895545,0.00218910138895545
2.782831,2.949,2.8599,1,1,pythia_2.782831B_trajectory,B3,interpolated Pythia trajectories,pythia_2.782831B_trajectory,3201,2.8599,2.8561367697668194,-0.0037632302331807033,0.0037632302331807033
2.782831,2.995,2.8532,1,1,pythia_2.782831B_trajectory,B3,interpolated Pythia trajectories,pythia_2.782831B_trajectory,3202,2.8532,2.852175601217921,-0.00102439878207905,0.00102439878207905
2.782831,3.042,2.8499,1,1,pythia_2.782831B_trajectory,B3,interpolated Pythia trajectories,pythia_2.782831B_trajectory,3203,2.8499,2.84820794457017,-0.001692055429829864,0.001692055429829864
2.782831,3.089,2.848,1,1,pythia_2.782831B_trajectory,B3,interpolated Pythia trajectories,pythia_2.782831B_trajectory,3204,2.848,2.8443179810291563,-0.003682018970843526,0.003682018970843526
2.782831,3.138,2.8416,1,1,pythia_2.782831B_trajectory,B3,interpolated Pythia trajectories,pythia_2.782831B_trajectory,3205,2.8416,2.8403423288867353,-0.0012576711132648022,0.0012576711132648022
2.782831,3.186,2.841,1,1,pythia_2.782831B_trajectory,B3,interpolated Pythia trajectories,pythia_2.782831B_trajectory,3206,2.841,2.836524110113155,-0.00447588988684533,0.00447588988684533
2.782831,3.236,2.8347,1,1,pythia_2.782831B_trajectory,B3,interpolated Pythia trajectories,pythia_2.782831B_trajectory,3207,2.8347,2.832624307538735,-0.002075692461265266,0.002075692461265266
2.782831,3.286,2.8322,1,1,pythia_2.782831B_trajectory,B3,interpolated Pythia trajectories,pythia_2.782831B_trajectory,3208,2.8322,2.828800873356702,-0.0033991266432980005,0.0033991266432980005
2.782831,3.338,2.827,1,1,pythia_2.782831B_trajectory,B3,interpolated Pythia trajectories,pythia_2.782831B_trajectory,3209,2.827,2.8249026942962407,-0.0020973057037592113,0.0020973057037592113
2.782831,3.39,2.8279,1,1,pythia_2.782831B_trajectory,B3,interpolated Pythia trajectories,pythia_2.782831B_trajectory,3210,2.8279,2.821081473206644,-0.006818526793356039,0.006818526793356039
2.782831,3.442,2.8206,1,1,pythia_2.782831B_trajectory,B3,interpolated Pythia trajectories,pythia_2.782831B_trajectory,3211,2.8206,2.8173345447846025,-0.0032654552153976724,0.0032654552153976724
2.782831,3.496,2.8155,1,1,pythia_2.782831B_trajectory,B3,interpolated Pythia trajectories,pythia_2.782831B_trajectory,3212,2.8155,2.813519421762994,-0.0019805782370059255,0.0019805782370059255
2.782831,3.551,2.8118,1,1,pythia_2.782831B_trajectory,B3,interpolated Pythia trajectories,pythia_2.782831B_trajectory,3213,2.8118,2.8097104057099442,-0.0020895942900556186,0.0020895942900556186
2.782831,3.606,2.8094,1,1,pythia_2.782831B_trajectory,B3,interpolated Pythia trajectories,pythia_2.782831B_trajectory,3214,2.8094,2.8059761590964576,-0.00342384090354253,0.00342384090354253
2.782831,3.662,2.8062,1,1,pythia_2.782831B_trajectory,B3,interpolated Pythia trajectories,pythia_2.782831B_trajectory,3215,2.8062,2.802248176984326,-0.003951823015674094,0.003951823015674094
2.782831,3.719,2.7991,1,1,pythia_2.782831B_trajectory,B3,interpolated Pythia trajectories,pythia_2.782831B_trajectory,3216,2.7991,2.798527815366533,-0.0005721846334671987,0.0005721846334671987
2.782831,3.777,2.7973,1,1,pythia_2.782831B_trajectory,B3,interpolated Pythia trajectories,pythia_2.782831B_trajectory,3217,2.7973,2.7948163555466157,-0.002483644453384226,0.002483644453384226
2.782831,3.836,2.7941,1,1,pythia_2.782831B_trajectory,B3,interpolated Pythia trajectories,pythia_2.782831B_trajectory,3218,2.7941,2.7911150065235946,-0.00298499347640524,0.00298499347640524
2.782831,3.896,2.7905,1,1,pythia_2.782831B_trajectory,B3,interpolated Pythia trajectories,pythia_2.782831B_trajectory,3219,2.7905,2.7874249074027664,-0.0030750925972338194,0.0030750925972338194
2.782831,3.956,2.7858,1,1,pythia_2.782831B_trajectory,B3,interpolated Pythia trajectories,pythia_2.782831B_trajectory,3220,2.7858,2.783806835020231,-0.001993164979769091,0.001993164979769091
2.782831,4.018,2.7785,1,1,pythia_2.782831B_trajectory,B3,interpolated Pythia trajectories,pythia_2.782831B_trajectory,3221,2.7785,2.780141209136354,0.001641209136353794,0.001641209136353794
2.782831,4.08,2.7791,1,1,pythia_2.782831B_trajectory,B3,interpolated Pythia trajectories,pythia_2.782831B_trajectory,3222,2.7791,2.776547271021692,-0.00255272897830805,0.00255272897830805
2.782831,4.144,2.777,1,1,pythia_2.782831B_trajectory,B3,interpolated Pythia trajectories,pythia_2.782831B_trajectory,3223,2.777,2.7729099864090196,-0.00409001359098049,0.00409001359098049
2.782831,4.209,2.7689,2,1,pythia_2.782831B_trajectory,B3,interpolated Pythia trajectories,pythia_2.782831B_trajectory,3224,2.7689,2.769288728271277,0.00038872827127711673,0.00038872827127711673
2.782831,4.274,2.7641,2,1,pythia_2.782831B_trajectory,B3,interpolated Pythia trajectories,pythia_2.782831B_trajectory,3225,2.7641,2.765738347187636,0.0016383471876357802,0.0016383471876357802
2.782831,4.341,2.76,2,1,pythia_2.782831B_trajectory,B3,interpolated Pythia trajectories,pythia_2.782831B_trajectory,3226,2.76,2.762150332884925,0.0021503328849252767,0.0021503328849252767
2.782831,4.408,2.7629,2,1,pythia_2.782831B_trajectory,B3,interpolated Pythia trajectories,pythia_2.782831B_trajectory,3227,2.7629,2.758632505044064,-0.004267494955936257,0.004267494955936257
2.782831,4.477,2.7545,2,1,pythia_2.782831B_trajectory,B3,interpolated Pythia trajectories,pythia_2.782831B_trajectory,3228,2.7545,2.7550804859015168,0.0005804859015166031,0.0005804859015166031
2.782831,4.547,2.7533,2,1,pythia_2.782831B_trajectory,B3,interpolated Pythia trajectories,pythia_2.782831B_trajectory,3229,2.7533,2.751547875674663,-0.0017521243253368901,0.0017521243253368901
2.782831,4.618,2.7446,2,1,pythia_2.782831B_trajectory,B3,interpolated Pythia trajectories,pythia_2.782831B_trajectory,3230,2.7446,2.748035199719716,0.0034351997197159534,0.0034351997197159534
2.782831,4.69,2.7448,2,1,pythia_2.782831B_trajectory,B3,interpolated Pythia trajectories,pythia_2.782831B_trajectory,3231,2.7448,2.7445429409358915,-0.00025705906410866675,0.00025705906410866675
2.782831,4.763,2.7415,2,1,pythia_2.782831B_trajectory,B3,interpolated Pythia trajectories,pythia_2.782831B_trajectory,3232,2.7415,2.7410715417632763,-0.0004284582367235501,0.0004284582367235501
2.782831,4.837,2.7413,2,1,pythia_2.782831B_trajectory,B3,interpolated Pythia trajectories,pythia_2.782831B_trajectory,3233,2.7413,2.7376214061197968,-0.003678593880203085,0.003678593880203085
2.782831,4.912,2.7371,2,1,pythia_2.782831B_trajectory,B3,interpolated Pythia trajectories,pythia_2.782831B_trajectory,3234,2.7371,2.734192901276297,-0.0029070987237029833,0.0029070987237029833
2.782831,4.989,2.734,2,1,pythia_2.782831B_trajectory,B3,interpolated Pythia trajectories,pythia_2.782831B_trajectory,3235,2.734,2.7307419802968997,-0.0032580197031002456,0.0032580197031002456
2.782831,5.066,2.7284,2,1,pythia_2.782831B_trajectory,B3,interpolated Pythia trajectories,pythia_2.782831B_trajectory,3236,2.7284,2.7273585628467125,-0.0010414371532876388,0.0010414371532876388
2.782831,5.145,2.7237,2,1,pythia_2.782831B_trajectory,B3,interpolated Pythia trajectories,pythia_2.782831B_trajectory,3237,2.7237,2.7239549928647446,0.0002549928647446187,0.0002549928647446187
2.782831,5.225,2.7199,2,1,pythia_2.782831B_trajectory,B3,interpolated Pythia trajectories,pythia_2.782831B_trajectory,3238,2.7199,2.7205758316551885,0.0006758316551884747,0.0006758316551884747
2.782831,5.307,2.7196,2,1,pythia_2.782831B_trajectory,B3,interpolated Pythia trajectories,pythia_2.782831B_trajectory,3239,2.7196,2.717180229896609,-0.0024197701033910057,0.0024197701033910057
2.782831,5.389,2.7123,2,1,pythia_2.782831B_trajectory,B3,interpolated Pythia trajectories,pythia_2.782831B_trajectory,3240,2.7123,2.7138511234485114,0.0015511234485114933,0.0015511234485114933
2.782831,5.473,2.7162,2,1,pythia_2.782831B_trajectory,B3,interpolated Pythia trajectories,pythia_2.782831B_trajectory,3241,2.7162,2.7105073796709434,-0.005692620329056819,0.005692620329056819
2.782831,5.559,2.7101,2,1,pythia_2.782831B_trajectory,B3,interpolated Pythia trajectories,pythia_2.782831B_trajectory,3242,2.7101,2.7071513925920963,-0.002948607407903925,0.002948607407903925
2.782831,5.645,2.7068,2,1,pythia_2.782831B_trajectory,B3,interpolated Pythia trajectories,pythia_2.782831B_trajectory,3243,2.7068,2.7038612055800204,-0.0029387944199794624,0.0029387944199794624
2.782831,5.733,2.6989,2,1,pythia_2.782831B_trajectory,B3,interpolated Pythia trajectories,pythia_2.782831B_trajectory,3244,2.6989,2.700560255254925,0.0016602552549249694,0.0016602552549249694
2.782831,5.823,2.7005,2,1,pythia_2.782831B_trajectory,B3,interpolated Pythia trajectories,pythia_2.782831B_trajectory,3245,2.7005,2.6972506928709814,-0.003249307129018497,0.003249307129018497
2.782831,5.913,2.6958,2,1,pythia_2.782831B_trajectory,B3,interpolated Pythia trajectories,pythia_2.782831B_trajectory,3246,2.6958,2.6940059602629973,-0.0017940397370028727,0.0017940397370028727
2.782831,6.005,2.6954,2,1,pythia_2.782831B_trajectory,B3,interpolated Pythia trajectories,pythia_2.782831B_trajectory,3247,2.6954,2.690753809939107,-0.004646190060892952,0.004646190060892952
2.782831,6.099,2.6901,2,1,pythia_2.782831B_trajectory,B3,interpolated Pythia trajectories,pythia_2.782831B_trajectory,3248,2.6901,2.6874961711564835,-0.00260382884351662,0.00260382884351662
2.782831,6.194,2.6863,2,1,pythia_2.782831B_trajectory,B3,interpolated Pythia trajectories,pythia_2.782831B_trajectory,3249,2.6863,2.684268522181438,-0.0020314778185621662,0.0020314778185621662
2.782831,6.29,2.6811,3,1,pythia_2.782831B_trajectory,B3,interpolated Pythia trajectories,pythia_2.782831B_trajectory,3250,2.6811,2.6810706294496027,-2.93705503970898e-05,2.93705503970898e-05
2.782831,6.388,2.6763,3,1,pythia_2.782831B_trajectory,B3,interpolated Pythia trajectories,pythia_2.782831B_trajectory,3251,2.6763,2.6778699105270487,0.0015699105270488012,0.0015699105270488012
2.782831,6.488,2.6703,3,1,pythia_2.782831B_trajectory,B3,interpolated Pythia trajectories,pythia_2.782831B_trajectory,3252,2.6703,2.674668010860448,0.004368010860448024,0.004368010860448024
2.782831,6.589,2.6692,3,1,pythia_2.782831B_trajectory,B3,interpolated Pythia trajectories,pythia_2.782831B_trajectory,3253,2.6692,2.6714975746988747,0.0022975746988747048,0.0022975746988747048
2.782831,6.692,2.6723,3,1,pythia_2.782831B_trajectory,B3,interpolated Pythia trajectories,pythia_2.782831B_trajectory,3254,2.6723,2.6683277825033986,-0.00397221749660126,0.00397221749660126
2.782831,6.796,2.6613,3,1,pythia_2.782831B_trajectory,B3,interpolated Pythia trajectories,pythia_2.782831B_trajectory,3255,2.6613,2.6651899475302416,0.003889947530241411,0.003889947530241411
2.782831,6.902,2.6598,3,1,pythia_2.782831B_trajectory,B3,interpolated Pythia trajectories,pythia_2.782831B_trajectory,3256,2.6598,2.6620543866340594,0.002254386634059191,0.002254386634059191
2.782831,7.009,2.6588,3,1,pythia_2.782831B_trajectory,B3,interpolated Pythia trajectories,pythia_2.782831B_trajectory,3257,2.6588,2.6589511399834307,0.0001511399834308591,0.0001511399834308591
2.782831,7.118,2.6548,3,1,pythia_2.782831B_trajectory,B3,interpolated Pythia trajectories,pythia_2.782831B_trajectory,3258,2.6548,2.6558516183773406,0.0010516183773408017,0.0010516183773408017
2.782831,7.229,2.66,3,1,pythia_2.782831B_trajectory,B3,interpolated Pythia trajectories,pythia_2.782831B_trajectory,3259,2.66,2.6527570380551673,-0.007242961944832871,0.007242961944832871
2.782831,7.342,2.6491,3,1,pythia_2.782831B_trajectory,B3,interpolated Pythia trajectories,pythia_2.782831B_trajectory,3260,2.6491,2.6496685499604284,0.0005685499604286548,0.0005685499604286548
2.782831,7.456,2.646,3,1,pythia_2.782831B_trajectory,B3,interpolated Pythia trajectories,pythia_2.782831B_trajectory,3261,2.646,2.6466137730527866,0.0006137730527866481,0.0006137730527866481
2.782831,7.572,2.6435,3,1,pythia_2.782831B_trajectory,B3,interpolated Pythia trajectories,pythia_2.782831B_trajectory,3262,2.6435,2.6435661598003035,6.615980030355573e-05,6.615980030355573e-05
2.782831,7.69,2.6405,3,1,pythia_2.782831B_trajectory,B3,interpolated Pythia trajectories,pythia_2.782831B_trajectory,3263,2.6405,2.640526705665361,2.670566536133734e-05,2.670566536133734e-05
2.782831,7.81,2.6375,3,1,pythia_2.782831B_trajectory,B3,interpolated Pythia trajectories,pythia_2.782831B_trajectory,3264,2.6375,2.6374963488588326,-3.651141167626548e-06,3.651141167626548e-06
2.782831,7.932,2.6348,3,1,pythia_2.782831B_trajectory,B3,interpolated Pythia trajectories,pythia_2.782831B_trajectory,3265,2.6348,2.6344759723118627,-0.00032402768813710736,0.00032402768813710736
2.782831,8.055,2.6343,3,1,pythia_2.782831B_trajectory,B3,interpolated Pythia trajectories,pythia_2.782831B_trajectory,3266,2.6343,2.631490438744325,-0.002809561255674886,0.002809561255674886
2.782831,8.181,2.6252,3,1,pythia_2.782831B_trajectory,B3,interpolated Pythia trajectories,pythia_2.782831B_trajectory,3267,2.6252,2.62849198756867,0.003291987568669885,0.003291987568669885
2.782831,8.308,2.6255,3,1,pythia_2.782831B_trajectory,B3,interpolated Pythia trajectories,pythia_2.782831B_trajectory,3268,2.6255,2.62552896313697,2.8963136969650805e-05,2.8963136969650805e-05
2.782831,8.438,2.6231,4,1,pythia_2.782831B_trajectory,B3,interpolated Pythia trajectories,pythia_2.782831B_trajectory,3269,2.6231,2.6225553914199087,-0.0005446085800913103,0.0005446085800913103
2.782831,8.569,2.6205,4,1,pythia_2.782831B_trajectory,B3,interpolated Pythia trajectories,pythia_2.782831B_trajectory,3270,2.6205,2.6196176761386223,-0.000882323861377543,0.000882323861377543
2.782831,8.703,2.6182,4,1,pythia_2.782831B_trajectory,B3,interpolated Pythia trajectories,pythia_2.782831B_trajectory,3271,2.6182,2.6166715651079455,-0.0015284348920543422,0.0015284348920543422
2.782831,8.838,2.6139,4,1,pythia_2.782831B_trajectory,B3,interpolated Pythia trajectories,pythia_2.782831B_trajectory,3272,2.6139,2.6137616005777846,-0.00013839942221549606,0.00013839942221549606
2.782831,8.976,2.6123,4,1,pythia_2.782831B_trajectory,B3,interpolated Pythia trajectories,pythia_2.782831B_trajectory,3273,2.6123,2.610845188366422,-0.0014548116335779682,0.0014548116335779682
2.782831,9.116,2.6096,4,1,pythia_2.782831B_trajectory,B3,interpolated Pythia trajectories,pythia_2.782831B_trajectory,3274,2.6096,2.6079445707429088,-0.0016554292570911677,0.0016554292570911677
2.782831,9.258,2.6025,4,1,pythia_2.782831B_trajectory,B3,interpolated Pythia trajectories,pythia_2.782831B_trajectory,3275,2.6025,2.6050601829688493,0.0025601829688493005,0.0025601829688493005
2.782831,9.402,2.6026,4,1,pythia_2.782831B_trajectory,B3,interpolated Pythia trajectories,pythia_2.782831B_trajectory,3276,2.6026,2.6021924254474462,-0.0004075745525535801,0.0004075745525535801
2.782831,9.548,2.6025,4,1,pythia_2.782831B_trajectory,B3,interpolated Pythia trajectories,pythia_2.782831B_trajectory,3277,2.6025,2.59934166535412,-0.00315833464587989,0.00315833464587989
2.782831,9.697,2.5951,4,1,pythia_2.782831B_trajectory,B3,interpolated Pythia trajectories,pythia_2.782831B_trajectory,3278,2.5951,2.5964892820434864,0.0013892820434864284,0.0013892820434864284
2.782831,9.848,2.5933,4,1,pythia_2.782831B_trajectory,B3,interpolated Pythia trajectories,pythia_2.782831B_trajectory,3279,2.5933,2.5936552771330517,0.00035527713305150144,0.00035527713305150144
2.782831,10.002,2.5902,4,1,pythia_2.782831B_trajectory,B3,interpolated Pythia trajectories,pythia_2.782831B_trajectory,3280,2.5902,2.5908216838976577,0.000621683897657821,0.000621683897657821
2.782831,10.157,2.5913,4,1,pythia_2.782831B_trajectory,B3,interpolated Pythia trajectories,pythia_2.782831B_trajectory,3281,2.5913,2.5880255225409856,-0.0032744774590143244,0.0032744774590143244
2.782831,10.316,2.5819,4,1,pythia_2.782831B_trajectory,B3,interpolated Pythia trajectories,pythia_2.782831B_trajectory,3282,2.5819,2.5852133839229516,0.0033133839229515516,0.0033133839229515516
2.782831,10.476,2.5821,5,1,pythia_2.782831B_trajectory,B3,interpolated Pythia trajectories,pythia_2.782831B_trajectory,3283,2.5821,2.582439008359465,0.0003390083594649873,0.0003390083594649873
2.782831,10.64,2.58,5,1,pythia_2.782831B_trajectory,B3,interpolated Pythia trajectories,pythia_2.782831B_trajectory,3284,2.58,2.579650997427861,-0.000349002572138879,0.000349002572138879
2.782831,10.805,2.5738,5,1,pythia_2.782831B_trajectory,B3,interpolated Pythia trajectories,pythia_2.782831B_trajectory,3285,2.5738,2.5769009465957824,0.0031009465957825277,0.0031009465957825277
2.782831,10.974,2.571,5,1,pythia_2.782831B_trajectory,B3,interpolated Pythia trajectories,pythia_2.782831B_trajectory,3286,2.571,2.574139394107275,0.0031393941072748177,0.0031393941072748177
2.782831,11.145,2.5729,5,1,pythia_2.782831B_trajectory,B3,interpolated Pythia trajectories,pythia_2.782831B_trajectory,3287,2.5729,2.571400014838793,-0.0014999851612071957,0.0014999851612071957
2.782831,11.318,2.5698,5,1,pythia_2.782831B_trajectory,B3,interpolated Pythia trajectories,pythia_2.782831B_trajectory,3288,2.5698,2.5686828000169606,-0.0011171999830392743,0.0011171999830392743
2.782831,11.495,2.5682,5,1,pythia_2.782831B_trajectory,B3,interpolated Pythia trajectories,pythia_2.782831B_trajectory,3289,2.5682,2.565957229644706,-0.002242770355294077,0.002242770355294077
2.782831,11.674,2.567,5,1,pythia_2.782831B_trajectory,B3,interpolated Pythia trajectories,pythia_2.782831B_trajectory,3290,2.567,2.563254951689955,-0.003745048310045185,0.003745048310045185
2.782831,11.855,2.5601,5,1,pythia_2.782831B_trajectory,B3,interpolated Pythia trajectories,pythia_2.782831B_trajectory,3291,2.5601,2.5605758749150307,0.00047587491503087165,0.00047587491503087165
2.782831,12.04,2.5586,5,1,pythia_2.782831B_trajectory,B3,interpolated Pythia trajectories,pythia_2.782831B_trajectory,3292,2.5586,2.557891156583506,-0.0007088434164943536,0.0007088434164943536
2.782831,12.228,2.5558,5,1,pythia_2.782831B_trajectory,B3,interpolated Pythia trajectories,pythia_2.782831B_trajectory,3293,2.5558,2.5552164559152373,-0.0005835440847627993,0.0005835440847627993
2.782831,12.418,2.5518,5,1,pythia_2.782831B_trajectory,B3,interpolated Pythia trajectories,pythia_2.782831B_trajectory,3294,2.5518,2.552566249585465,0.0007662495854647844,0.0007662495854647844
2.782831,12.612,2.5497,6,1,pythia_2.782831B_trajectory,B3,interpolated Pythia trajectories,pythia_2.782831B_trajectory,3295,2.5497,2.5499132674177845,0.00021326741778437963,0.00021326741778437963
2.782831,12.808,2.55,6,1,pythia_2.782831B_trajectory,B3,interpolated Pythia trajectories,pythia_2.782831B_trajectory,3296,2.55,2.547285453868752,-0.002714546131247886,0.002714546131247886
2.782831,13.008,2.5474,6,1,pythia_2.782831B_trajectory,B3,interpolated Pythia trajectories,pythia_2.782831B_trajectory,3297,2.5474,2.5446565406519217,-0.002743459348078403,0.002743459348078403
2.782831,13.21,2.5428,6,1,pythia_2.782831B_trajectory,B3,interpolated Pythia trajectories,pythia_2.782831B_trajectory,3298,2.5428,2.5420533335158644,-0.000746666484135794,0.000746666484135794
2.782831,13.416,2.5378,6,1,pythia_2.782831B_trajectory,B3,interpolated Pythia trajectories,pythia_2.782831B_trajectory,3299,2.5378,2.5394505302228185,0.0016505302228186913,0.0016505302228186913
2.782831,13.625,2.5365,6,1,pythia_2.782831B_trajectory,B3,interpolated Pythia trajectories,pythia_2.782831B_trajectory,3300,2.5365,2.536861580144615,0.0003615801446148481,0.0003615801446148481
2.782831,13.837,2.5333,6,1,pythia_2.782831B_trajectory,B3,interpolated Pythia trajectories,pythia_2.782831B_trajectory,3301,2.5333,2.53428688397004,0.0009868839700399867,0.0009868839700399867
2.782831,14.053,2.5322,6,1,pythia_2.782831B_trajectory,B3,interpolated Pythia trajectories,pythia_2.782831B_trajectory,3302,2.5322,2.531715020865716,-0.00048497913428402484,0.00048497913428402484
2.782831,14.272,2.5298,6,1,pythia_2.782831B_trajectory,B3,interpolated Pythia trajectories,pythia_2.782831B_trajectory,3303,2.5298,2.5291585809439487,-0.0006414190560510846,0.0006414190560510846
2.782831,14.494,2.5266,6,1,pythia_2.782831B_trajectory,B3,interpolated Pythia trajectories,pythia_2.782831B_trajectory,3304,2.5266,2.526617859880348,1.7859880347970147e-05,1.7859880347970147e-05
2.782831,14.72,2.5231,7,1,pythia_2.782831B_trajectory,B3,interpolated Pythia trajectories,pythia_2.782831B_trajectory,3305,2.5231,2.524082015788378,0.0009820157883781988,0.0009820157883781988
2.782831,14.949,2.5186,7,1,pythia_2.782831B_trajectory,B3,interpolated Pythia trajectories,pythia_2.782831B_trajectory,3306,2.5186,2.521562836124596,0.0029628361245959134,0.0029628361245959134
2.782831,15.182,2.518,7,1,pythia_2.782831B_trajectory,B3,interpolated Pythia trajectories,pythia_2.782831B_trajectory,3307,2.518,2.5190498457212467,0.0010498457212468892,0.0010498457212468892
2.782831,15.418,2.5165,7,1,pythia_2.782831B_trajectory,B3,interpolated Pythia trajectories,pythia_2.782831B_trajectory,3308,2.5165,2.516554322732052,5.432273205174809e-05,5.432273205174809e-05
2.782831,15.659,2.516,7,1,pythia_2.782831B_trajectory,B3,interpolated Pythia trajectories,pythia_2.782831B_trajectory,3309,2.516,2.5140558824938655,-0.0019441175061345461,0.0019441175061345461
2.782831,15.903,2.5101,7,1,pythia_2.782831B_trajectory,B3,interpolated Pythia trajectories,pythia_2.782831B_trajectory,3310,2.5101,2.5115759837832896,0.0014759837832896139,0.0014759837832896139
2.782831,16.15,2.5105,7,1,pythia_2.782831B_trajectory,B3,interpolated Pythia trajectories,pythia_2.782831B_trajectory,3311,2.5105,2.5091147069116295,-0.0013852930883704317,0.0013852930883704317
2.782831,16.402,2.5057,7,1,pythia_2.782831B_trajectory,B3,interpolated Pythia trajectories,pythia_2.782831B_trajectory,3312,2.5057,2.506652766822926,0.0009527668229258879,0.0009527668229258879
2.782831,16.657,2.5014,7,1,pythia_2.782831B_trajectory,B3,interpolated Pythia trajectories,pythia_2.782831B_trajectory,3313,2.5014,2.5042103125546276,0.002810312554627714,0.002810312554627714
2.782831,16.917,2.5026,8,1,pythia_2.782831B_trajectory,B3,interpolated Pythia trajectories,pythia_2.782831B_trajectory,3314,2.5026,2.501768752515319,-0.000831247484680997,0.000831247484680997
2.782831,17.18,2.501,8,1,pythia_2.782831B_trajectory,B3,interpolated Pythia trajectories,pythia_2.782831B_trajectory,3315,2.501,2.499347401347996,-0.001652598652003956,0.001652598652003956
2.782831,17.448,2.4963,8,1,pythia_2.782831B_trajectory,B3,interpolated Pythia trajectories,pythia_2.782831B_trajectory,3316,2.4963,2.4969283374398374,0.0006283374398372565,0.0006283374398372565
2.782831,17.72,2.4948,8,1,pythia_2.782831B_trajectory,B3,interpolated Pythia trajectories,pythia_2.782831B_trajectory,3317,2.4948,2.4945213140024007,-0.0002786859975993927,0.0002786859975993927
2.782831,17.996,2.494,8,1,pythia_2.782831B_trajectory,B3,interpolated Pythia trajectories,pythia_2.782831B_trajectory,3318,2.494,2.492126752974672,-0.0018732470253284284,0.0018732470253284284
2.782831,18.276,2.4885,8,1,pythia_2.782831B_trajectory,B3,interpolated Pythia trajectories,pythia_2.782831B_trajectory,3319,2.4885,2.48974504490098,0.0012450449009797637,0.0012450449009797637
2.782831,18.561,2.4837,8,1,pythia_2.782831B_trajectory,B3,interpolated Pythia trajectories,pythia_2.782831B_trajectory,3320,2.4837,2.487368292668302,0.0036682926683022643,0.0036682926683022643
2.782831,18.85,2.4872,9,1,pythia_2.782831B_trajectory,B3,interpolated Pythia trajectories,pythia_2.782831B_trajectory,3321,2.4872,2.4850054087172566,-0.0021945912827434633,0.0021945912827434633
2.782831,19.144,2.4831,9,1,pythia_2.782831B_trajectory,B3,interpolated Pythia trajectories,pythia_2.782831B_trajectory,3322,2.4831,2.482648750273949,-0.0004512497260509285,0.0004512497260509285
2.782831,19.442,2.4793,9,1,pythia_2.782831B_trajectory,B3,interpolated Pythia trajectories,pythia_2.782831B_trajectory,3323,2.4793,2.4803068333920213,0.0010068333920214556,0.0010068333920214556
2.782831,19.745,2.4769,9,1,pythia_2.782831B_trajectory,B3,interpolated Pythia trajectories,pythia_2.782831B_trajectory,3324,2.4769,2.4779722628528065,0.0010722628528063716,0.0010722628528063716
2.782831,20.052,2.4767,9,1,pythia_2.782831B_trajectory,B3,interpolated Pythia trajectories,pythia_2.782831B_trajectory,3325,2.4767,2.475653176825613,-0.0010468231743869794,0.0010468231743869794
2.782831,20.365,2.4732,9,1,pythia_2.782831B_trajectory,B3,interpolated Pythia trajectories,pythia_2.782831B_trajectory,3326,2.4732,2.4733350875830213,0.00013508758302149815,0.00013508758302149815
2.782831,20.682,2.4687,9,1,pythia_2.782831B_trajectory,B3,interpolated Pythia trajectories,pythia_2.782831B_trajectory,3327,2.4687,2.471033393396663,0.0023333933966629417,0.0023333933966629417
2.782831,21.004,2.4652,10,1,pythia_2.782831B_trajectory,B3,interpolated Pythia trajectories,pythia_2.782831B_trajectory,3328,2.4652,2.4687411655438614,0.003541165543861524,0.003541165543861524
2.782831,21.331,2.4684,10,1,pythia_2.782831B_trajectory,B3,interpolated Pythia trajectories,pythia_2.782831B_trajectory,3329,2.4684,2.4664589191587587,-0.0019410808412412273,0.0019410808412412273
2.782831,21.664,2.4666,10,1,pythia_2.782831B_trajectory,B3,interpolated Pythia trajectories,pythia_2.782831B_trajectory,3330,2.4666,2.464180359742168,-0.0024196402578322562,0.0024196402578322562
2.782831,22.001,2.4641,10,1,pythia_2.782831B_trajectory,B3,interpolated Pythia trajectories,pythia_2.782831B_trajectory,3331,2.4641,2.4619196182747194,-0.002180381725280789,0.002180381725280789
2.782831,22.344,2.4608,10,1,pythia_2.782831B_trajectory,B3,interpolated Pythia trajectories,pythia_2.782831B_trajectory,3332,2.4608,2.45966368804676,-0.0011363119532399324,0.0011363119532399324
2.782831,22.692,2.4588,10,1,pythia_2.782831B_trajectory,B3,interpolated Pythia trajectories,pythia_2.782831B_trajectory,3333,2.4588,2.4574197224862533,-0.0013802775137468082,0.0013802775137468082
2.782831,23.045,2.4549,11,1,pythia_2.782831B_trajectory,B3,interpolated Pythia trajectories,pythia_2.782831B_trajectory,3334,2.4549,2.4551880710117744,0.00028807101177452665,0.00028807101177452665
2.782831,23.404,2.4527,11,1,pythia_2.782831B_trajectory,B3,interpolated Pythia trajectories,pythia_2.782831B_trajectory,3335,2.4527,2.452962918215304,0.0002629182153039977,0.0002629182153039977
2.782831,23.769,2.4507,11,1,pythia_2.782831B_trajectory,B3,interpolated Pythia trajectories,pythia_2.782831B_trajectory,3336,2.4507,2.450744920077277,4.492007727696645e-05,4.492007727696645e-05
2.782831,24.139,2.4489,11,1,pythia_2.782831B_trajectory,B3,interpolated Pythia trajectories,pythia_2.782831B_trajectory,3337,2.4489,2.448540592208503,-0.00035940779149701285,0.00035940779149701285
2.782831,24.515,2.4438,11,1,pythia_2.782831B_trajectory,B3,interpolated Pythia trajectories,pythia_2.782831B_trajectory,3338,2.4438,2.4463443830749463,0.0025443830749463103,0.0025443830749463103
2.782831,24.897,2.4454,11,1,pythia_2.782831B_trajectory,B3,interpolated Pythia trajectories,pythia_2.782831B_trajectory,3339,2.4454,2.444156841729767,-0.0012431582702325805,0.0012431582702325805
2.782831,25.285,2.4429,12,1,pythia_2.782831B_trajectory,B3,interpolated Pythia trajectories,pythia_2.782831B_trajectory,3340,2.4429,2.4419784821417547,-0.0009215178582451244,0.0009215178582451244
2.782831,25.679,2.4427,12,1,pythia_2.782831B_trajectory,B3,interpolated Pythia trajectories,pythia_2.782831B_trajectory,3341,2.4427,2.4398097845816853,-0.002890215418314579,0.002890215418314579
2.782831,26.079,2.4397,12,1,pythia_2.782831B_trajectory,B3,interpolated Pythia trajectories,pythia_2.782831B_trajectory,3342,2.4397,2.4376511969888903,-0.0020488030111098787,0.0020488030111098787
2.782831,26.485,2.4404,12,1,pythia_2.782831B_trajectory,B3,interpolated Pythia trajectories,pythia_2.782831B_trajectory,3343,2.4404,2.4355031363146757,-0.00489686368532416,0.00489686368532416
2.782831,26.898,2.4332,12,1,pythia_2.782831B_trajectory,B3,interpolated Pythia trajectories,pythia_2.782831B_trajectory,3344,2.4332,2.4333608536548224,0.00016085365482254588,0.00016085365482254588
2.782831,27.317,2.4315,13,1,pythia_2.782831B_trajectory,B3,interpolated Pythia trajectories,pythia_2.782831B_trajectory,3345,2.4315,2.4312300450866613,-0.0002699549133389212,0.0002699549133389212
2.782831,27.742,2.4288,13,1,pythia_2.782831B_trajectory,B3,interpolated Pythia trajectories,pythia_2.782831B_trajectory,3346,2.4288,2.429111036137158,0.00031103613715810496,0.00031103613715810496
2.782831,28.174,2.4257,13,1,pythia_2.782831B_trajectory,B3,interpolated Pythia trajectories,pythia_2.782831B_trajectory,3347,2.4257,2.4269992861840093,0.0012992861840093184,0.0012992861840093184
2.782831,28.613,2.4235,13,1,pythia_2.782831B_trajectory,B3,interpolated Pythia trajectories,pythia_2.782831B_trajectory,3348,2.4235,2.4248953542851086,0.0013953542851083967,0.0013953542851083967
2.782831,29.059,2.4272,13,1,pythia_2.782831B_trajectory,B3,interpolated Pythia trajectories,pythia_2.782831B_trajectory,3349,2.4272,2.4227997645937926,-0.004400235406207376,0.004400235406207376
2.782831,29.512,2.4237,14,1,pythia_2.782831B_trajectory,B3,interpolated Pythia trajectories,pythia_2.782831B_trajectory,3350,2.4237,2.420713007703278,-0.0029869922967220575,0.0029869922967220575
2.782831,29.971,2.4188,14,1,pythia_2.782831B_trajectory,B3,interpolated Pythia trajectories,pythia_2.782831B_trajectory,3351,2.4188,2.418640013862096,-0.00015998613790424443,0.00015998613790424443
2.782831,30.438,2.4145,14,1,pythia_2.782831B_trajectory,B3,interpolated Pythia trajectories,pythia_2.782831B_trajectory,3352,2.4145,2.416572179115031,0.002072179115031325,0.002072179115031325
2.782831,30.912,2.4166,14,1,pythia_2.782831B_trajectory,B3,interpolated Pythia trajectories,pythia_2.782831B_trajectory,3353,2.4166,2.4145144625434973,-0.0020855374565025286,0.0020855374565025286
2.782831,31.394,2.4109,15,1,pythia_2.782831B_trajectory,B3,interpolated Pythia trajectories,pythia_2.782831B_trajectory,3354,2.4109,2.412463019264454,0.001563019264454013,0.001563019264454013
2.782831,31.883,2.4085,15,1,pythia_2.782831B_trajectory,B3,interpolated Pythia trajectories,pythia_2.782831B_trajectory,3355,2.4085,2.410422570784336,0.0019225707843357753,0.0019225707843357753
2.782831,32.38,2.4082,15,1,pythia_2.782831B_trajectory,B3,interpolated Pythia trajectories,pythia_2.782831B_trajectory,3356,2.4082,2.4083893775606606,0.00018937756066073064,0.00018937756066073064
2.782831,32.884,2.4076,15,1,pythia_2.782831B_trajectory,B3,interpolated Pythia trajectories,pythia_2.782831B_trajectory,3357,2.4076,2.406367935320591,-0.0012320646794088397,0.0012320646794088397
2.782831,33.396,2.4066,15,1,pythia_2.782831B_trajectory,B3,interpolated Pythia trajectories,pythia_2.782831B_trajectory,3358,2.4066,2.40435460836978,-0.002245391630220084,0.002245391630220084
2.782831,33.917,2.403,16,1,pythia_2.782831B_trajectory,B3,interpolated Pythia trajectories,pythia_2.782831B_trajectory,3359,2.403,2.4023460433934813,-0.0006539566065186797,0.0006539566065186797
2.782831,34.445,2.3993,16,1,pythia_2.782831B_trajectory,B3,interpolated Pythia trajectories,pythia_2.782831B_trajectory,3360,2.3993,2.400350383136028,0.0010503831360280103,0.0010503831360280103
2.782831,34.982,2.4001,16,1,pythia_2.782831B_trajectory,B3,interpolated Pythia trajectories,pythia_2.782831B_trajectory,3361,2.4001,2.398360468859135,-0.0017395311408652248,0.0017395311408652248
2.782831,35.526,2.3965,16,1,pythia_2.782831B_trajectory,B3,interpolated Pythia trajectories,pythia_2.782831B_trajectory,3362,2.3965,2.396384086625238,-0.00011591337476213326,0.00011591337476213326
2.782831,36.08,2.3964,17,1,pythia_2.782831B_trajectory,B3,interpolated Pythia trajectories,pythia_2.782831B_trajectory,3363,2.3964,2.3944107890129653,-0.0019892109870345287,0.0019892109870345287
2.782831,36.642,2.3895,17,1,pythia_2.782831B_trajectory,B3,interpolated Pythia trajectories,pythia_2.782831B_trajectory,3364,2.3895,2.3924482290308164,0.002948229030816485,0.002948229030816485
2.782831,37.213,2.392,17,1,pythia_2.782831B_trajectory,B3,interpolated Pythia trajectories,pythia_2.782831B_trajectory,3365,2.392,2.3904933066079828,-0.0015066933920171444,0.0015066933920171444
2.782831,37.792,2.3895,18,1,pythia_2.782831B_trajectory,B3,interpolated Pythia trajectories,pythia_2.782831B_trajectory,3366,2.3895,2.3885498110070777,-0.0009501889929222074,0.0009501889929222074
2.782831,38.381,2.3832,18,1,pythia_2.782831B_trajectory,B3,interpolated Pythia trajectories,pythia_2.782831B_trajectory,3367,2.3832,2.386611465144168,0.0034114651441679023,0.0034114651441679023
2.782831,38.979,2.3828,18,1,pythia_2.782831B_trajectory,B3,interpolated Pythia trajectories,pythia_2.782831B_trajectory,3368,2.3828,2.384682065213317,0.00188206521331713,0.00188206521331713
2.782831,39.586,2.3794,18,1,pythia_2.782831B_trajectory,B3,interpolated Pythia trajectories,pythia_2.782831B_trajectory,3369,2.3794,2.3827619894135776,0.0033619894135776818,0.0033619894135776818
2.782831,40.203,2.3824,19,1,pythia_2.782831B_trajectory,B3,interpolated Pythia trajectories,pythia_2.782831B_trajectory,3370,2.3824,2.3808485184070127,-0.0015514815929873471,0.0015514815929873471
2.782831,40.829,2.3785,19,1,pythia_2.782831B_trajectory,B3,interpolated Pythia trajectories,pythia_2.782831B_trajectory,3371,2.3785,2.3789451689935004,0.0004451689935005554,0.0004451689935005554
2.782831,41.465,2.3762,19,1,pythia_2.782831B_trajectory,B3,interpolated Pythia trajectories,pythia_2.782831B_trajectory,3372,2.3762,2.3770492871524596,0.0008492871524596879,0.0008492871524596879
2.782831,42.111,2.3775,20,1,pythia_2.782831B_trajectory,B3,interpolated Pythia trajectories,pythia_2.782831B_trajectory,3373,2.3775,2.3751613204656494,-0.0023386795343505185,0.0023386795343505185
2.782831,42.767,2.3711,20,1,pythia_2.782831B_trajectory,B3,interpolated Pythia trajectories,pythia_2.782831B_trajectory,3374,2.3711,2.373281687243797,0.0021816872437967483,0.0021816872437967483
2.782831,43.433,2.3749,20,1,pythia_2.782831B_trajectory,B3,interpolated Pythia trajectories,pythia_2.782831B_trajectory,3375,2.3749,2.371410777710704,-0.0034892222892959346,0.0034892222892959346
2.782831,44.11,2.3689,21,1,pythia_2.782831B_trajectory,B3,interpolated Pythia trajectories,pythia_2.782831B_trajectory,3376,2.3689,2.369546228093403,0.0006462280934029785,0.0006462280934029785
2.782831,44.797,2.3717,21,1,pythia_2.782831B_trajectory,B3,interpolated Pythia trajectories,pythia_2.782831B_trajectory,3377,2.3717,2.367691209734966,-0.00400879026503409,0.00400879026503409
2.782831,45.495,2.3661,21,1,pythia_2.782831B_trajectory,B3,interpolated Pythia trajectories,pythia_2.782831B_trajectory,3378,2.3661,2.365843410934124,-0.0002565890658758896,0.0002565890658758896
2.782831,46.204,2.3626,22,1,pythia_2.782831B_trajectory,B3,interpolated Pythia trajectories,pythia_2.782831B_trajectory,3379,2.3626,2.3640032716450574,0.0014032716450573801,0.0014032716450573801
2.782831,46.923,2.3623,22,1,pythia_2.782831B_trajectory,B3,interpolated Pythia trajectories,pythia_2.782831B_trajectory,3380,2.3623,2.3621737226773196,-0.00012627732268022385,0.00012627732268022385
2.782831,47.654,2.3622,22,1,pythia_2.782831B_trajectory,B3,interpolated Pythia trajectories,pythia_2.782831B_trajectory,3381,2.3622,2.3603500593249067,-0.0018499406750933645,0.0018499406750933645
2.782831,48.397,2.3574,23,1,pythia_2.782831B_trajectory,B3,interpolated Pythia trajectories,pythia_2.782831B_trajectory,3382,2.3574,2.3585327870110224,0.0011327870110222626,0.0011327870110222626
2.782831,49.15,2.3571,23,1,pythia_2.782831B_trajectory,B3,interpolated Pythia trajectories,pythia_2.782831B_trajectory,3383,2.3571,2.3567271288140192,-0.00037287118598072766,0.00037287118598072766
2.782831,49.916,2.3571,23,1,pythia_2.782831B_trajectory,B3,interpolated Pythia trajectories,pythia_2.782831B_trajectory,3384,2.3571,2.3549262665913906,-0.0021737334086093796,0.0021737334086093796
2.782831,50.694,2.3531,24,1,pythia_2.782831B_trajectory,B3,interpolated Pythia trajectories,pythia_2.782831B_trajectory,3385,2.3531,2.3531330407504374,3.304075043741861e-05,3.304075043741861e-05
2.782831,51.483,2.352,24,1,pythia_2.782831B_trajectory,B3,interpolated Pythia trajectories,pythia_2.782831B_trajectory,3386,2.352,2.3513500798504974,-0.000649920149502492,0.000649920149502492
2.782831,52.285,2.35,25,1,pythia_2.782831B_trajectory,B3,interpolated Pythia trajectories,pythia_2.782831B_trajectory,3387,2.35,2.34957322954273,-0.0004267704572700204,0.0004267704572700204
2.782831,53.1,2.3511,25,1,pythia_2.782831B_trajectory,B3,interpolated Pythia trajectories,pythia_2.782831B_trajectory,3388,2.3511,2.3478029605449118,-0.003297039455088413,0.003297039455088413
2.782831,53.927,2.3456,25,1,pythia_2.782831B_trajectory,B3,interpolated Pythia trajectories,pythia_2.782831B_trajectory,3389,2.3456,2.346041822761204,0.00044182276120396935,0.00044182276120396935
2.782831,54.767,2.3451,26,1,pythia_2.782831B_trajectory,B3,interpolated Pythia trajectories,pythia_2.782831B_trajectory,3390,2.3451,2.3442880379996955,-0.0008119620003044226,0.0008119620003044226
2.782831,55.62,2.3378,26,1,pythia_2.782831B_trajectory,B3,interpolated Pythia trajectories,pythia_2.782831B_trajectory,3391,2.3378,2.342541994605485,0.004741994605484745,0.004741994605484745
2.782831,56.487,2.3406,27,1,pythia_2.782831B_trajectory,B3,interpolated Pythia trajectories,pythia_2.782831B_trajectory,3392,2.3406,2.3408020677401624,0.00020206774016262585,0.00020206774016262585
2.782831,57.367,2.3373,27,1,pythia_2.782831B_trajectory,B3,interpolated Pythia trajectories,pythia_2.782831B_trajectory,3393,2.3373,2.3390706596092197,0.001770659609219738,0.001770659609219738
2.782831,58.26,2.3381,27,1,pythia_2.782831B_trajectory,B3,interpolated Pythia trajectories,pythia_2.782831B_trajectory,3394,2.3381,2.3373480811871885,-0.0007519188128113363,0.0007519188128113363
2.782831,59.168,2.3357,28,1,pythia_2.782831B_trajectory,B3,interpolated Pythia trajectories,pythia_2.782831B_trajectory,3395,2.3357,2.3356308753322765,-6.912466772357462e-05,6.912466772357462e-05
2.782831,60.09,2.3325,28,1,pythia_2.782831B_trajectory,B3,interpolated Pythia trajectories,pythia_2.782831B_trajectory,3396,2.3325,2.3339213641353176,0.001421364135317571,0.001421364135317571
2.782831,61.026,2.3308,29,1,pythia_2.782831B_trajectory,B3,interpolated Pythia trajectories,pythia_2.782831B_trajectory,3397,2.3308,2.332219896200459,0.0014198962004590143,0.0014198962004590143
2.782831,61.976,2.3318,29,1,pythia_2.782831B_trajectory,B3,interpolated Pythia trajectories,pythia_2.782831B_trajectory,3398,2.3318,2.330526795882525,-0.00127320411747478,0.00127320411747478
2.782831,62.942,2.3267,30,1,pythia_2.782831B_trajectory,B3,interpolated Pythia trajectories,pythia_2.782831B_trajectory,3399,2.3267,2.32883890403772,0.0021389040377197688,0.0021389040377197688
2.782831,63.922,2.3272,30,1,pythia_2.782831B_trajectory,B3,interpolated Pythia trajectories,pythia_2.782831B_trajectory,3400,2.3272,2.3271600952600378,-3.9904739962182134e-05,3.9904739962182134e-05
2.782831,64.918,2.3265,31,1,pythia_2.782831B_trajectory,B3,interpolated Pythia trajectories,pythia_2.782831B_trajectory,3401,2.3265,2.3254872970054774,-0.0010127029945223853,0.0010127029945223853
2.782831,65.929,2.3232,31,1,pythia_2.782831B_trajectory,B3,interpolated Pythia trajectories,pythia_2.782831B_trajectory,3402,2.3232,2.323822568253394,0.000622568253394018,0.000622568253394018
2.782831,66.956,2.3227,32,1,pythia_2.782831B_trajectory,B3,interpolated Pythia trajectories,pythia_2.782831B_trajectory,3403,2.3227,2.3221646161186316,-0.0005353838813686451,0.0005353838813686451
2.782831,67.999,2.3216,32,1,pythia_2.782831B_trajectory,B3,interpolated Pythia trajectories,pythia_2.782831B_trajectory,3404,2.3216,2.3205138178404816,-0.0010861821595185006,0.0010861821595185006
2.782831,69.058,2.3204,33,1,pythia_2.782831B_trajectory,B3,interpolated Pythia trajectories,pythia_2.782831B_trajectory,3405,2.3204,2.3188705256117244,-0.0015294743882754425,0.0015294743882754425
2.782831,70.134,2.3166,33,1,pythia_2.782831B_trajectory,B3,interpolated Pythia trajectories,pythia_2.782831B_trajectory,3406,2.3166,2.317233561214529,0.0006335612145287328,0.0006335612145287328
2.782831,71.227,2.3132,34,1,pythia_2.782831B_trajectory,B3,interpolated Pythia trajectories,pythia_2.782831B_trajectory,3407,2.3132,2.3156033183002163,0.0024033183002161174,0.0024033183002161174
2.782831,72.336,2.3143,34,1,pythia_2.782831B_trajectory,B3,interpolated Pythia trajectories,pythia_2.782831B_trajectory,3408,2.3143,2.3139816128834814,-0.0003183871165184371,0.0003183871165184371
2.782831,73.463,2.3119,35,1,pythia_2.782831B_trajectory,B3,interpolated Pythia trajectories,pythia_2.782831B_trajectory,3409,2.3119,2.312365864293188,0.0004658642931878454,0.0004658642931878454
2.782831,74.608,2.3094,35,1,pythia_2.782831B_trajectory,B3,interpolated Pythia trajectories,pythia_2.782831B_trajectory,3410,2.3094,2.3107564776587575,0.001356477658757349,0.001356477658757349
2.782831,75.77,2.3108,36,1,pythia_2.782831B_trajectory,B3,interpolated Pythia trajectories,pythia_2.782831B_trajectory,3411,2.3108,2.309155196719729,-0.0016448032802709456,0.0016448032802709456
2.782831,76.95,2.3051,36,1,pythia_2.782831B_trajectory,B3,interpolated Pythia trajectories,pythia_2.782831B_trajectory,3412,2.3051,2.307560957946952,0.0024609579469521137,0.0024609579469521137
2.782831,78.149,2.3054,37,1,pythia_2.782831B_trajectory,B3,interpolated Pythia trajectories,pythia_2.782831B_trajectory,3413,2.3054,2.305972781947105,0.0005727819471048612,0.0005727819471048612
2.782831,79.366,2.3064,37,1,pythia_2.782831B_trajectory,B3,interpolated Pythia trajectories,pythia_2.782831B_trajectory,3414,2.3064,2.304392340936424,-0.0020076590635760283,0.0020076590635760283
2.782831,80.603,2.2995,38,1,pythia_2.782831B_trajectory,B3,interpolated Pythia trajectories,pythia_2.782831B_trajectory,3415,2.2995,2.302817399375882,0.0033173993758817133,0.0033173993758817133
2.782831,81.858,2.2987,39,1,pythia_2.782831B_trajectory,B3,interpolated Pythia trajectories,pythia_2.782831B_trajectory,3416,2.2987,2.301250842206799,0.002550842206798798,0.002550842206798798
2.782831,83.133,2.298,39,1,pythia_2.782831B_trajectory,B3,interpolated Pythia trajectories,pythia_2.782831B_trajectory,3417,2.298,2.2996904876826876,0.001690487682687536,0.001690487682687536
2.782831,84.428,2.2965,40,1,pythia_2.782831B_trajectory,B3,interpolated Pythia trajectories,pythia_2.782831B_trajectory,3418,2.2965,2.2981367008122855,0.0016367008122855076,0.0016367008122855076
2.782831,85.744,2.2983,41,1,pythia_2.782831B_trajectory,B3,interpolated Pythia trajectories,pythia_2.782831B_trajectory,3419,2.2983,2.2965886578899277,-0.0017113421100720672,0.0017113421100720672
2.782831,87.079,2.2998,41,1,pythia_2.782831B_trajectory,B3,interpolated Pythia trajectories,pythia_2.782831B_trajectory,3420,2.2998,2.2950490293056007,-0.004750970694399115,0.004750970694399115
2.782831,88.436,2.294,42,1,pythia_2.782831B_trajectory,B3,interpolated Pythia trajectories,pythia_2.782831B_trajectory,3421,2.294,2.2935146839127807,-0.00048531608721935626,0.00048531608721935626
2.782831,89.813,2.2919,42,1,pythia_2.782831B_trajectory,B3,interpolated Pythia trajectories,pythia_2.782831B_trajectory,3422,2.2919,2.291988223457224,8.822345722414582e-05,8.822345722414582e-05
2.782831,91.212,2.2895,43,1,pythia_2.782831B_trajectory,B3,interpolated Pythia trajectories,pythia_2.782831B_trajectory,3423,2.2895,2.2904677477039543,0.0009677477039544691,0.0009677477039544691
2.782831,92.633,2.2859,44,1,pythia_2.782831B_trajectory,B3,interpolated Pythia trajectories,pythia_2.782831B_trajectory,3424,2.2859,2.288953615827109,0.0030536158271092795,0.0030536158271092795
2.782831,94.076,2.2879,45,1,pythia_2.782831B_trajectory,B3,interpolated Pythia trajectories,pythia_2.782831B_trajectory,3425,2.2879,2.287446163518256,-0.00045383648174412983,0.00045383648174412983
2.782831,95.542,2.2864,45,1,pythia_2.782831B_trajectory,B3,interpolated Pythia trajectories,pythia_2.782831B_trajectory,3426,2.2864,2.2859446898071765,-0.0004553101928235215,0.0004553101928235215
2.782831,97.03,2.2845,46,1,pythia_2.782831B_trajectory,B3,interpolated Pythia trajectories,pythia_2.782831B_trajectory,3427,2.2845,2.2844505400934088,-4.945990659122046e-05,4.945990659122046e-05
2.782831,98.542,2.2837,47,1,pythia_2.782831B_trajectory,B3,interpolated Pythia trajectories,pythia_2.782831B_trajectory,3428,2.2837,2.2829620344638997,-0.0007379655361003934,0.0007379655361003934
2.782831,100.077,2.2797,47,1,pythia_2.782831B_trajectory,B3,interpolated Pythia trajectories,pythia_2.782831B_trajectory,3429,2.2797,2.281480492990397,0.0017804929903970645,0.0017804929903970645
2.782831,101.636,2.2817,48,1,pythia_2.782831B_trajectory,B3,interpolated Pythia trajectories,pythia_2.782831B_trajectory,3430,2.2817,2.280005263438901,-0.001694736561098864,0.001694736561098864
2.782831,103.219,2.2801,49,1,pythia_2.782831B_trajectory,B3,interpolated Pythia trajectories,pythia_2.782831B_trajectory,3431,2.2801,2.278536665256376,-0.001563334743623912,0.001563334743623912
2.782831,104.827,2.2762,50,1,pythia_2.782831B_trajectory,B3,interpolated Pythia trajectories,pythia_2.782831B_trajectory,3432,2.2762,2.277074095619588,0.0008740956195882887,0.0008740956195882887
2.782831,106.46,2.2745,50,1,pythia_2.782831B_trajectory,B3,interpolated Pythia trajectories,pythia_2.782831B_trajectory,3433,2.2745,2.2756178844746358,0.0011178844746355665,0.0011178844746355665
2.782831,108.118,2.2721,51,1,pythia_2.782831B_trajectory,B3,interpolated Pythia trajectories,pythia_2.782831B_trajectory,3434,2.2721,2.2741683397806836,0.002068339780683548,0.002068339780683548
2.782831,109.802,2.2719,52,1,pythia_2.782831B_trajectory,B3,interpolated Pythia trajectories,pythia_2.782831B_trajectory,3435,2.2719,2.2727248996887432,0.0008248996887432192,0.0008248996887432192
2.782831,111.513,2.2694,53,1,pythia_2.782831B_trajectory,B3,interpolated Pythia trajectories,pythia_2.782831B_trajectory,3436,2.2694,2.271287048624556,0.0018870486245559093,0.0018870486245559093
2.782831,113.25,2.2698,54,1,pythia_2.782831B_trajectory,B3,interpolated Pythia trajectories,pythia_2.782831B_trajectory,3437,2.2698,2.2698559464588235,5.5946458823452616e-05,5.5946458823452616e-05
2.782831,115.014,2.2699,55,1,pythia_2.782831B_trajectory,B3,interpolated Pythia trajectories,pythia_2.782831B_trajectory,3438,2.2699,2.268431067128769,-0.0014689328712309546,0.0014689328712309546
2.782831,116.806,2.2724,55,1,pythia_2.782831B_trajectory,B3,interpolated Pythia trajectories,pythia_2.782831B_trajectory,3439,2.2724,2.267011927641108,-0.00538807235889216,0.00538807235889216
2.782831,118.625,2.2662,56,1,pythia_2.782831B_trajectory,B3,interpolated Pythia trajectories,pythia_2.782831B_trajectory,3440,2.2662,2.265599623381362,-0.0006003766186379877,0.0006003766186379877
2.782831,120.473,2.2652,57,1,pythia_2.782831B_trajectory,B3,interpolated Pythia trajectories,pythia_2.782831B_trajectory,3441,2.2652,2.264192906740375,-0.0010070932596248916,0.0010070932596248916
2.782831,122.35,2.2627,58,1,pythia_2.782831B_trajectory,B3,interpolated Pythia trajectories,pythia_2.782831B_trajectory,3442,2.2627,2.262792107204299,9.210720429875252e-05,9.210720429875252e-05
2.782831,124.256,2.2602,59,1,pythia_2.782831B_trajectory,B3,interpolated Pythia trajectories,pythia_2.782831B_trajectory,3443,2.2602,2.2613975326387328,0.001197532638732568,0.001197532638732568
2.782831,126.191,2.2625,60,1,pythia_2.782831B_trajectory,B3,interpolated Pythia trajectories,pythia_2.782831B_trajectory,3444,2.2625,2.2600094701662,-0.00249052983380027,0.00249052983380027
2.782831,128.157,2.2572,61,1,pythia_2.782831B_trajectory,B3,interpolated Pythia trajectories,pythia_2.782831B_trajectory,3445,2.2572,2.258626794260988,0.001426794260988018,0.001426794260988018
2.782831,130.154,2.2618,62,1,pythia_2.782831B_trajectory,B3,interpolated Pythia trajectories,pythia_2.782831B_trajectory,3446,2.2618,2.2572498349254655,-0.00455016507453454,0.00455016507453454
2.782831,132.181,2.2578,63,1,pythia_2.782831B_trajectory,B3,interpolated Pythia trajectories,pythia_2.782831B_trajectory,3447,2.2578,2.255879570026771,-0.0019204299732291652,0.0019204299732291652
2.782831,134.24,2.2524,64,1,pythia_2.782831B_trajectory,B3,interpolated Pythia trajectories,pythia_2.782831B_trajectory,3448,2.2524,2.2545149356235603,0.0021149356235601324,0.0021149356235601324
2.782831,136.331,2.2514,65,1,pythia_2.782831B_trajectory,B3,interpolated Pythia trajectories,pythia_2.782831B_trajectory,3449,2.2514,2.253156239161029,0.0017562391610290717,0.0017562391610290717
2.782831,138.455,2.2505,66,1,pythia_2.782831B_trajectory,B3,interpolated Pythia trajectories,pythia_2.782831B_trajectory,3450,2.2505,2.251803136797836,0.00130313679783578,0.00130313679783578
2.782831,140.612,2.2482,67,1,pythia_2.782831B_trajectory,B3,interpolated Pythia trajectories,pythia_2.782831B_trajectory,3451,2.2482,2.250455932889477,0.002255932889476675,0.002255932889476675
2.782831,142.802,2.2475,68,1,pythia_2.782831B_trajectory,B3,interpolated Pythia trajectories,pythia_2.782831B_trajectory,3452,2.2475,2.249114911482381,0.0016149114823811317,0.0016149114823811317
2.782831,145.027,2.2507,69,1,pythia_2.782831B_trajectory,B3,interpolated Pythia trajectories,pythia_2.782831B_trajectory,3453,2.2507,2.247779148264733,-0.002920851735267238,0.002920851735267238
2.782831,147.286,2.2436,70,1,pythia_2.782831B_trajectory,B3,interpolated Pythia trajectories,pythia_2.782831B_trajectory,3454,2.2436,2.2464495417858727,0.0028495417858729333,0.0028495417858729333
2.782831,149.58,2.2488,71,1,pythia_2.782831B_trajectory,B3,interpolated Pythia trajectories,pythia_2.782831B_trajectory,3455,2.2488,2.2451257815293912,-0.003674218470608892,0.003674218470608892
2.782831,151.91,2.2433,72,1,pythia_2.782831B_trajectory,B3,interpolated Pythia trajectories,pythia_2.782831B_trajectory,3456,2.2433,2.2438075832840956,0.000507583284095503,0.000507583284095503
2.782831,154.277,2.2426,73,1,pythia_2.782831B_trajectory,B3,interpolated Pythia trajectories,pythia_2.782831B_trajectory,3457,2.2426,2.2424946877170795,-0.00010531228292043338,0.00010531228292043338
2.782831,156.68,2.2426,74,1,pythia_2.782831B_trajectory,B3,interpolated Pythia trajectories,pythia_2.782831B_trajectory,3458,2.2426,2.241187935912668,-0.0014120640873320767,0.0014120640873320767
2.782831,159.121,2.2375,76,1,pythia_2.782831B_trajectory,B3,interpolated Pythia trajectories,pythia_2.782831B_trajectory,3459,2.2375,2.239886523057765,0.0023865230577650998,0.0023865230577650998
2.782831,161.6,2.2373,77,1,pythia_2.782831B_trajectory,B3,interpolated Pythia trajectories,pythia_2.782831B_trajectory,3460,2.2373,2.238590744258447,0.0012907442584473294,0.0012907442584473294
2.782831,164.117,2.2385,78,1,pythia_2.782831B_trajectory,B3,interpolated Pythia trajectories,pythia_2.782831B_trajectory,3461,2.2385,2.2373008749950167,-0.0011991250049834257,0.0011991250049834257
2.782831,166.674,2.2354,79,1,pythia_2.782831B_trajectory,B3,interpolated Pythia trajectories,pythia_2.782831B_trajectory,3462,2.2354,2.2360161769564595,0.0006161769564596575,0.0006161769564596575
2.782831,169.27,2.2337,80,1,pythia_2.782831B_trajectory,B3,interpolated Pythia trajectories,pythia_2.782831B_trajectory,3463,2.2337,2.23473743495526,0.001037434955259986,0.001037434955259986
2.782831,171.907,2.2339,82,1,pythia_2.782831B_trajectory,B3,interpolated Pythia trajectories,pythia_2.782831B_trajectory,3464,2.2339,2.2334639414391537,-0.0004360585608464973,0.0004360585608464973
2.782831,174.585,2.2305,83,1,pythia_2.782831B_trajectory,B3,interpolated Pythia trajectories,pythia_2.782831B_trajectory,3465,2.2305,2.232195983748263,0.0016959837482626305,0.0016959837482626305
2.782831,177.304,2.2265,84,1,pythia_2.782831B_trajectory,B3,interpolated Pythia trajectories,pythia_2.782831B_trajectory,3466,2.2265,2.2309338300759842,0.00443383007598408,0.00443383007598408
2.782831,180.066,2.2302,86,1,pythia_2.782831B_trajectory,B3,interpolated Pythia trajectories,pythia_2.782831B_trajectory,3467,2.2302,2.229676828991234,-0.0005231710087660879,0.0005231710087660879
2.782831,182.871,2.2311,87,1,pythia_2.782831B_trajectory,B3,interpolated Pythia trajectories,pythia_2.782831B_trajectory,3468,2.2311,2.228425265673115,-0.00267473432688492,0.00267473432688492
2.782831,185.72,2.2294,88,1,pythia_2.782831B_trajectory,B3,interpolated Pythia trajectories,pythia_2.782831B_trajectory,3469,2.2294,2.227178973194669,-0.0022210268053308724,0.0022210268053308724
2.782831,188.613,2.2276,90,1,pythia_2.782831B_trajectory,B3,interpolated Pythia trajectories,pythia_2.782831B_trajectory,3470,2.2276,2.225938225044244,-0.0016617749557559236,0.0016617749557559236
2.782831,191.551,2.2242,91,1,pythia_2.782831B_trajectory,B3,interpolated Pythia trajectories,pythia_2.782831B_trajectory,3471,2.2242,2.224702859928774,0.0005028599287739688,0.0005028599287739688
2.782831,194.535,2.2206,93,1,pythia_2.782831B_trajectory,B3,interpolated Pythia trajectories,pythia_2.782831B_trajectory,3472,2.2206,2.2234727314942346,0.002872731494234504,0.002872731494234504
2.782831,197.566,2.2246,94,1,pythia_2.782831B_trajectory,B3,interpolated Pythia trajectories,pythia_2.782831B_trajectory,3473,2.2246,2.222247707457086,-0.002352292542914025,0.002352292542914025
2.782831,200.643,2.2234,96,1,pythia_2.782831B_trajectory,B3,interpolated Pythia trajectories,pythia_2.782831B_trajectory,3474,2.2234,2.221028453474122,-0.00237154652587801,0.00237154652587801
2.782831,203.769,2.2201,97,1,pythia_2.782831B_trajectory,B3,interpolated Pythia trajectories,pythia_2.782831B_trajectory,3475,2.2201,2.219814047499311,-0.00028595250068885747,0.00028595250068885747
2.782831,206.943,2.2169,99,1,pythia_2.782831B_trajectory,B3,interpolated Pythia trajectories,pythia_2.782831B_trajectory,3476,2.2169,2.21860514978055,0.0017051497805500304,0.0017051497805500304
2.782831,210.167,2.2172,100,1,pythia_2.782831B_trajectory,B3,interpolated Pythia trajectories,pythia_2.782831B_trajectory,3477,2.2172,2.2174012631747817,0.00020126317478164069,0.00020126317478164069
2.782831,213.441,2.219,102,1,pythia_2.782831B_trajectory,B3,interpolated Pythia trajectories,pythia_2.782831B_trajectory,3478,2.219,2.2162026564906814,-0.002797343509318484,0.002797343509318484
2.782831,216.766,2.2147,103,1,pythia_2.782831B_trajectory,B3,interpolated Pythia trajectories,pythia_2.782831B_trajectory,3479,2.2147,2.215009225148361,0.0003092251483609587,0.0003092251483609587
2.782831,220.142,2.2129,105,1,pythia_2.782831B_trajectory,B3,interpolated Pythia trajectories,pythia_2.782831B_trajectory,3480,2.2129,2.2138212235947163,0.0009212235947164693,0.0009212235947164693
2.782831,223.572,2.2157,106,1,pythia_2.782831B_trajectory,B3,interpolated Pythia trajectories,pythia_2.782831B_trajectory,3481,2.2157,2.2126378640810356,-0.003062135918964426,0.003062135918964426
2.782831,227.054,2.2128,108,1,pythia_2.782831B_trajectory,B3,interpolated Pythia trajectories,pythia_2.782831B_trajectory,3482,2.2128,2.211460097098589,-0.0013399029014111719,0.0013399029014111719
2.782831,230.591,2.2118,110,1,pythia_2.782831B_trajectory,B3,interpolated Pythia trajectories,pythia_2.782831B_trajectory,3483,2.2118,2.2102871605410845,-0.0015128394589156713,0.0015128394589156713
2.782831,234.183,2.2084,112,1,pythia_2.782831B_trajectory,B3,interpolated Pythia trajectories,pythia_2.782831B_trajectory,3484,2.2084,2.2091193192248144,0.0007193192248142743,0.0007193192248142743
2.782831,237.831,2.2066,113,1,pythia_2.782831B_trajectory,B3,interpolated Pythia trajectories,pythia_2.782831B_trajectory,3485,2.2066,2.2079565047063063,0.0013565047063064384,0.0013565047063064384
2.782831,241.536,2.2064,115,1,pythia_2.782831B_trajectory,B3,interpolated Pythia trajectories,pythia_2.782831B_trajectory,3486,2.2064,2.2067986563509656,0.0003986563509656982,0.0003986563509656982
2.782831,245.299,2.2062,117,1,pythia_2.782831B_trajectory,B3,interpolated Pythia trajectories,pythia_2.782831B_trajectory,3487,2.2062,2.2056457208168316,-0.0005542791831683047,0.0005542791831683047
2.782831,249.12,2.2011,119,1,pythia_2.782831B_trajectory,B3,interpolated Pythia trajectories,pythia_2.782831B_trajectory,3488,2.2011,2.2044979489931764,0.0033979489931765805,0.0033979489931765805
2.782831,253.001,2.2053,121,1,pythia_2.782831B_trajectory,B3,interpolated Pythia trajectories,pythia_2.782831B_trajectory,3489,2.2053,2.203354991584786,-0.0019450084152139446,0.0019450084152139446
2.782831,256.942,2.2016,122,1,pythia_2.782831B_trajectory,B3,interpolated Pythia trajectories,pythia_2.782831B_trajectory,3490,2.2016,2.2022171004996234,0.0006171004996233798,0.0006171004996233798
2.782831,260.944,2.2033,124,1,pythia_2.782831B_trajectory,B3,interpolated Pythia trajectories,pythia_2.782831B_trajectory,3491,2.2033,2.2010842304022886,-0.0022157695977114145,0.0022157695977114145
2.782831,265.009,2.2021,126,1,pythia_2.782831B_trajectory,B3,interpolated Pythia trajectories,pythia_2.782831B_trajectory,3492,2.2021,2.1999560668593316,-0.002143933140668519,0.002143933140668519
2.782831,269.138,2.1976,128,1,pythia_2.782831B_trajectory,B3,interpolated Pythia trajectories,pythia_2.782831B_trajectory,3493,2.1976,2.1988325916863536,0.0012325916863535902,0.0012325916863535902
2.782831,273.33,2.1988,130,1,pythia_2.782831B_trajectory,B3,interpolated Pythia trajectories,pythia_2.782831B_trajectory,3494,2.1988,2.1977143192574387,-0.0010856807425612125,0.0010856807425612125
2.782831,277.588,2.1943,132,1,pythia_2.782831B_trajectory,B3,interpolated Pythia trajectories,pythia_2.782831B_trajectory,3495,2.1943,2.1966006906200213,0.0023006906200211397,0.0023006906200211397
2.782831,281.912,2.1897,134,1,pythia_2.782831B_trajectory,B3,interpolated Pythia trajectories,pythia_2.782831B_trajectory,3496,2.1897,2.195491953902314,0.005791953902313907,0.005791953902313907
2.782831,286.304,2.1906,136,1,pythia_2.782831B_trajectory,B3,interpolated Pythia trajectories,pythia_2.782831B_trajectory,3497,2.1906,2.194387842773029,0.0037878427730291264,0.0037878427730291264
2.782831,290.764,2.1905,139,1,pythia_2.782831B_trajectory,B3,interpolated Pythia trajectories,pythia_2.782831B_trajectory,3498,2.1905,2.193288602053831,0.002788602053831024,0.002788602053831024
2.782831,295.293,2.1918,141,1,pythia_2.782831B_trajectory,B3,interpolated Pythia trajectories,pythia_2.782831B_trajectory,3499,2.1918,2.192194220870482,0.00039422087048190946,0.00039422087048190946
2.782831,299.893,2.1916,143,1,pythia_2.782831B_trajectory,B3,interpolated Pythia trajectories,pythia_2.782831B_trajectory,3500,2.1916,2.1911044567590996,-0.00049554324090062,0.00049554324090062
6.86104,0.134,4.0498,0,1,pythia_6.86104B_trajectory,B3,interpolated Pythia trajectories,pythia_6.86104B_trajectory,3501,4.0498,4.050588767367192,0.0007887673671920226,0.0007887673671920226
6.86104,0.136,4.0396,0,1,pythia_6.86104B_trajectory,B3,interpolated Pythia trajectories,pythia_6.86104B_trajectory,3502,4.0396,4.041581230800524,0.0019812308005242585,0.0019812308005242585
6.86104,0.138,4.0349,0,1,pythia_6.86104B_trajectory,B3,interpolated Pythia trajectories,pythia_6.86104B_trajectory,3503,4.0349,4.032741656023488,-0.002158343976512711,0.002158343976512711
6.86104,0.14,4.0253,0,1,pythia_6.86104B_trajectory,B3,interpolated Pythia trajectories,pythia_6.86104B_trajectory,3504,4.0253,4.0240645440620915,-0.001235455937908192,0.001235455937908192
6.86104,0.143,4.019,0,1,pythia_6.86104B_trajectory,B3,interpolated Pythia trajectories,pythia_6.86104B_trajectory,3505,4.019,4.011342089482149,-0.007657910517851363,0.007657910517851363
6.86104,0.145,4.0063,0,1,pythia_6.86104B_trajectory,B3,interpolated Pythia trajectories,pythia_6.86104B_trajectory,3506,4.0063,4.003048714923718,-0.003251285076282251,0.003251285076282251
6.86104,0.147,4.0013,0,1,pythia_6.86104B_trajectory,B3,interpolated Pythia trajectories,pythia_6.86104B_trajectory,3507,4.0013,3.9949004701362156,-0.006399529863784004,0.006399529863784004
6.86104,0.149,3.9925,0,1,pythia_6.86104B_trajectory,B3,interpolated Pythia trajectories,pythia_6.86104B_trajectory,3508,3.9925,3.9868928920700375,-0.0056071079299626625,0.0056071079299626625
6.86104,0.152,3.9809,0,1,pythia_6.86104B_trajectory,B3,interpolated Pythia trajectories,pythia_6.86104B_trajectory,3509,3.9809,3.9751359888870876,-0.0057640111129124705,0.0057640111129124705
6.86104,0.154,3.9727,0,1,pythia_6.86104B_trajectory,B3,interpolated Pythia trajectories,pythia_6.86104B_trajectory,3510,3.9727,3.9674618035381597,-0.0052381964618404275,0.0052381964618404275
6.86104,0.156,3.968,0,1,pythia_6.86104B_trajectory,B3,interpolated Pythia trajectories,pythia_6.86104B_trajectory,3511,3.968,3.959914128422236,-0.008085871577764081,0.008085871577764081
6.86104,0.159,3.9588,0,1,pythia_6.86104B_trajectory,B3,interpolated Pythia trajectories,pythia_6.86104B_trajectory,3512,3.9588,3.9488218406052056,-0.009978159394794517,0.009978159394794517
6.86104,0.161,3.9466,0,1,pythia_6.86104B_trajectory,B3,interpolated Pythia trajectories,pythia_6.86104B_trajectory,3513,3.9466,3.9415747225939066,-0.005025277406093487,0.005025277406093487
6.86104,0.164,3.9376,0,1,pythia_6.86104B_trajectory,B3,interpolated Pythia trajectories,pythia_6.86104B_trajectory,3514,3.9376,3.930917392195667,-0.006682607804333163,0.006682607804333163
6.86104,0.166,3.9322,0,1,pythia_6.86104B_trajectory,B3,interpolated Pythia trajectories,pythia_6.86104B_trajectory,3515,3.9322,3.9239501549564997,-0.008249845043500237,0.008249845043500237
6.86104,0.169,3.9189,0,1,pythia_6.86104B_trajectory,B3,interpolated Pythia trajectories,pythia_6.86104B_trajectory,3516,3.9189,3.9136983030354644,-0.005201696964535429,0.005201696964535429
6.86104,0.172,3.913,0,1,pythia_6.86104B_trajectory,B3,interpolated Pythia trajectories,pythia_6.86104B_trajectory,3517,3.913,3.9036767640297834,-0.009323235970216448,0.009323235970216448
6.86104,0.174,3.9063,0,1,pythia_6.86104B_trajectory,B3,interpolated Pythia trajectories,pythia_6.86104B_trajectory,3518,3.9063,3.897119195461733,-0.009180804538266862,0.009180804538266862
6.86104,0.177,3.8959,0,1,pythia_6.86104B_trajectory,B3,interpolated Pythia trajectories,pythia_6.86104B_trajectory,3519,3.8959,3.8874616329318625,-0.008438367068137609,0.008438367068137609
6.86104,0.18,3.8883,0,1,pythia_6.86104B_trajectory,B3,interpolated Pythia trajectories,pythia_6.86104B_trajectory,3520,3.8883,3.8780113305687927,-0.010288669431207431,0.010288669431207431
6.86104,0.183,3.8809,0,1,pythia_6.86104B_trajectory,B3,interpolated Pythia trajectories,pythia_6.86104B_trajectory,3521,3.8809,3.8687604955925172,-0.012139504407482793,0.012139504407482793
6.86104,0.185,3.8711,0,1,pythia_6.86104B_trajectory,B3,interpolated Pythia trajectories,pythia_6.86104B_trajectory,3522,3.8711,3.862700427792279,-0.008399572207721029,0.008399572207721029
6.86104,0.188,3.8685,0,1,pythia_6.86104B_trajectory,B3,interpolated Pythia trajectories,pythia_6.86104B_trajectory,3523,3.8685,3.8537658345766674,-0.014734165423332612,0.014734165423332612
6.86104,0.191,3.8557,0,1,pythia_6.86104B_trajectory,B3,interpolated Pythia trajectories,pythia_6.86104B_trajectory,3524,3.8557,3.84501187945906,-0.010688120540939927,0.010688120540939927
6.86104,0.194,3.841,0,1,pythia_6.86104B_trajectory,B3,interpolated Pythia trajectories,pythia_6.86104B_trajectory,3525,3.841,3.8364321579215392,-0.004567842078460949,0.004567842078460949
6.86104,0.197,3.8377,0,1,pythia_6.86104B_trajectory,B3,interpolated Pythia trajectories,pythia_6.86104B_trajectory,3526,3.8377,3.8280205871186426,-0.009679412881357319,0.009679412881357319
6.86104,0.2,3.8303,0,1,pythia_6.86104B_trajectory,B3,interpolated Pythia trajectories,pythia_6.86104B_trajectory,3527,3.8303,3.8197713851128965,-0.010528614887103327,0.010528614887103327
6.86104,0.203,3.8195,0,1,pythia_6.86104B_trajectory,B3,interpolated Pythia trajectories,pythia_6.86104B_trajectory,3528,3.8195,3.8116790517393575,-0.007820948260642613,0.007820948260642613
6.86104,0.207,3.8099,0,1,pythia_6.86104B_trajectory,B3,interpolated Pythia trajectories,pythia_6.86104B_trajectory,3529,3.8099,3.8011242778076886,-0.008775722192311264,0.008775722192311264
6.86104,0.21,3.8023,0,1,pythia_6.86104B_trajectory,B3,interpolated Pythia trajectories,pythia_6.86104B_trajectory,3530,3.8023,3.793378034941802,-0.008921965058197756,0.008921965058197756
6.86104,0.213,3.793,0,1,pythia_6.86104B_trajectory,B3,interpolated Pythia trajectories,pythia_6.86104B_trajectory,3531,3.793,3.78577214498806,-0.007227855011940232,0.007227855011940232
6.86104,0.216,3.7849,0,1,pythia_6.86104B_trajectory,B3,interpolated Pythia trajectories,pythia_6.86104B_trajectory,3532,3.7849,3.7783021411642297,-0.006597858835770243,0.006597858835770243
6.86104,0.22,3.7797,0,1,pythia_6.86104B_trajectory,B3,interpolated Pythia trajectories,pythia_6.86104B_trajectory,3533,3.7797,3.7685461703130456,-0.011153829686954442,0.011153829686954442
6.86104,0.223,3.7697,0,1,pythia_6.86104B_trajectory,B3,interpolated Pythia trajectories,pythia_6.86104B_trajectory,3534,3.7697,3.7613769744469634,-0.008323025553036434,0.008323025553036434
6.86104,0.227,3.7594,0,1,pythia_6.86104B_trajectory,B3,interpolated Pythia trajectories,pythia_6.86104B_trajectory,3535,3.7594,3.752007790481012,-0.00739220951898778,0.00739220951898778
6.86104,0.23,3.7479,0,1,pythia_6.86104B_trajectory,B3,interpolated Pythia trajectories,pythia_6.86104B_trajectory,3536,3.7479,3.7451184834265803,-0.00278151657341974,0.00278151657341974
6.86104,0.234,3.7394,0,1,pythia_6.86104B_trajectory,B3,interpolated Pythia trajectories,pythia_6.86104B_trajectory,3537,3.7394,3.736109591051174,-0.003290408948825707,0.003290408948825707
6.86104,0.237,3.7351,0,1,pythia_6.86104B_trajectory,B3,interpolated Pythia trajectories,pythia_6.86104B_trajectory,3538,3.7351,3.7294812845800855,-0.005618715419914544,0.005618715419914544
6.86104,0.241,3.7246,0,1,pythia_6.86104B_trajectory,B3,interpolated Pythia trajectories,pythia_6.86104B_trajectory,3539,3.7246,3.720808723376437,-0.0037912766235632667,0.0037912766235632667
6.86104,0.245,3.7187,0,1,pythia_6.86104B_trajectory,B3,interpolated Pythia trajectories,pythia_6.86104B_trajectory,3540,3.7187,3.7123184621648155,-0.006381537835184581,0.006381537835184581
6.86104,0.249,3.7074,0,1,pythia_6.86104B_trajectory,B3,interpolated Pythia trajectories,pythia_6.86104B_trajectory,3541,3.7074,3.7040037850955385,-0.003396214904461292,0.003396214904461292
6.86104,0.253,3.7005,0,1,pythia_6.86104B_trajectory,B3,interpolated Pythia trajectories,pythia_6.86104B_trajectory,3542,3.7005,3.695858326591765,-0.004641673408234848,0.004641673408234848
6.86104,0.256,3.6916,0,1,pythia_6.86104B_trajectory,B3,interpolated Pythia trajectories,pythia_6.86104B_trajectory,3543,3.6916,3.6898566380310864,-0.0017433619689137814,0.0017433619689137814
6.86104,0.26,3.6787,0,1,pythia_6.86104B_trajectory,B3,interpolated Pythia trajectories,pythia_6.86104B_trajectory,3544,3.6787,3.681992965614353,0.003292965614352994,0.003292965614352994
6.86104,0.265,3.6736,0,1,pythia_6.86104B_trajectory,B3,interpolated Pythia trajectories,pythia_6.86104B_trajectory,3545,3.6736,3.6723783811950375,-0.001221618804962521,0.001221618804962521
6.86104,0.269,3.6637,0,1,pythia_6.86104B_trajectory,B3,interpolated Pythia trajectories,pythia_6.86104B_trajectory,3546,3.6637,3.664852364175336,0.0011523641753359293,0.0011523641753359293
6.86104,0.273,3.6591,0,1,pythia_6.86104B_trajectory,B3,interpolated Pythia trajectories,pythia_6.86104B_trajectory,3547,3.6591,3.6574682337649116,-0.0016317662350884277,0.0016317662350884277
6.86104,0.277,3.6479,0,1,pythia_6.86104B_trajectory,B3,interpolated Pythia trajectories,pythia_6.86104B_trajectory,3548,3.6479,3.650221294099229,0.0023212940992292097,0.0023212940992292097
6.86104,0.281,3.6413,0,1,pythia_6.86104B_trajectory,B3,interpolated Pythia trajectories,pythia_6.86104B_trajectory,3549,3.6413,3.643107069698737,0.0018070696987368962,0.0018070696987368962
6.86104,0.286,3.6343,0,1,pythia_6.86104B_trajectory,B3,interpolated Pythia trajectories,pythia_6.86104B_trajectory,3550,3.6343,3.6343944361077716,9.443610777148947e-05,9.443610777148947e-05
6.86104,0.29,3.6317,0,1,pythia_6.86104B_trajectory,B3,interpolated Pythia trajectories,pythia_6.86104B_trajectory,3551,3.6317,3.6275635103015276,-0.0041364896984723565,0.0041364896984723565
6.86104,0.295,3.6233,0,1,pythia_6.86104B_trajectory,B3,interpolated Pythia trajectories,pythia_6.86104B_trajectory,3552,3.6233,3.619192518513368,-0.004107481486631759,0.004107481486631759
6.86104,0.299,3.6125,0,1,pythia_6.86104B_trajectory,B3,interpolated Pythia trajectories,pythia_6.86104B_trajectory,3553,3.6125,3.612625402051137,0.00012540205113698022,0.00012540205113698022
6.86104,0.304,3.6074,0,1,pythia_6.86104B_trajectory,B3,interpolated Pythia trajectories,pythia_6.86104B_trajectory,3554,3.6074,3.6045728978237146,-0.0028271021762855675,0.0028271021762855675
6.86104,0.309,3.6003,0,1,pythia_6.86104B_trajectory,B3,interpolated Pythia trajectories,pythia_6.86104B_trajectory,3555,3.6003,3.596688144439029,-0.003611855560970767,0.003611855560970767
6.86104,0.314,3.5925,0,1,pythia_6.86104B_trajectory,B3,interpolated Pythia trajectories,pythia_6.86104B_trajectory,3556,3.5925,3.588965016472318,-0.0035349835276816677,0.0035349835276816677
6.86104,0.318,3.5897,0,1,pythia_6.86104B_trajectory,B3,interpolated Pythia trajectories,pythia_6.86104B_trajectory,3557,3.5897,3.582898970847233,-0.006801029152767146,0.006801029152767146
6.86104,0.323,3.5795,0,1,pythia_6.86104B_trajectory,B3,interpolated Pythia trajectories,pythia_6.86104B_trajectory,3558,3.5795,3.575452330021979,-0.0040476699780209735,0.0040476699780209735
6.86104,0.328,3.5733,0,1,pythia_6.86104B_trajectory,B3,interpolated Pythia trajectories,pythia_6.86104B_trajectory,3559,3.5733,3.5681517822540254,-0.005148217745974737,0.005148217745974737
6.86104,0.334,3.5665,0,1,pythia_6.86104B_trajectory,B3,interpolated Pythia trajectories,pythia_6.86104B_trajectory,3560,3.5665,3.559576905043297,-0.006923094956702958,0.006923094956702958
6.86104,0.339,3.5596,0,1,pythia_6.86104B_trajectory,B3,interpolated Pythia trajectories,pythia_6.86104B_trajectory,3561,3.5596,3.55258040585814,-0.007019594141860264,0.007019594141860264
6.86104,0.344,3.5552,0,1,pythia_6.86104B_trajectory,B3,interpolated Pythia trajectories,pythia_6.86104B_trajectory,3562,3.5552,3.5457147503069426,-0.00948524969305753,0.00948524969305753
6.86104,0.349,3.5455,0,1,pythia_6.86104B_trajectory,B3,interpolated Pythia trajectories,pythia_6.86104B_trajectory,3563,3.5455,3.5389756423041137,-0.00652435769588644,0.00652435769588644
6.86104,0.355,3.5376,0,1,pythia_6.86104B_trajectory,B3,interpolated Pythia trajectories,pythia_6.86104B_trajectory,3564,3.5376,3.5310500016115256,-0.006549998388474254,0.006549998388474254
6.86104,0.36,3.5325,0,1,pythia_6.86104B_trajectory,B3,interpolated Pythia trajectories,pythia_6.86104B_trajectory,3565,3.5325,3.5245751441644835,-0.00792485583551672,0.00792485583551672
6.86104,0.366,3.5232,0,1,pythia_6.86104B_trajectory,B3,interpolated Pythia trajectories,pythia_6.86104B_trajectory,3566,3.5232,3.516955595942764,-0.0062444040572362525,0.0062444040572362525
6.86104,0.372,3.5164,0,1,pythia_6.86104B_trajectory,B3,interpolated Pythia trajectories,pythia_6.86104B_trajectory,3567,3.5164,3.50949426410083,-0.006905735899169763,0.006905735899169763
6.86104,0.377,3.5108,0,1,pythia_6.86104B_trajectory,B3,interpolated Pythia trajectories,pythia_6.86104B_trajectory,3568,3.5108,3.5033931835274865,-0.007406816472513622,0.007406816472513622
6.86104,0.383,3.5058,0,1,pythia_6.86104B_trajectory,B3,interpolated Pythia trajectories,pythia_6.86104B_trajectory,3569,3.5058,3.4962071728399224,-0.009592827160077366,0.009592827160077366
6.86104,0.389,3.4959,0,1,pythia_6.86104B_trajectory,B3,interpolated Pythia trajectories,pythia_6.86104B_trajectory,3570,3.4959,3.48916381853308,-0.006736181466919788,0.006736181466919788
6.86104,0.395,3.4907,0,1,pythia_6.86104B_trajectory,B3,interpolated Pythia trajectories,pythia_6.86104B_trajectory,3571,3.4907,3.482258152864375,-0.008441847135625125,0.008441847135625125
6.86104,0.402,3.4778,0,1,pythia_6.86104B_trajectory,B3,interpolated Pythia trajectories,pythia_6.86104B_trajectory,3572,3.4778,3.4743692784939766,-0.0034307215060231933,0.0034307215060231933
6.86104,0.408,3.4757,0,1,pythia_6.86104B_trajectory,B3,interpolated Pythia trajectories,pythia_6.86104B_trajectory,3573,3.4757,3.467746042496671,-0.007953957503328724,0.007953957503328724
6.86104,0.414,3.463,0,1,pythia_6.86104B_trajectory,B3,interpolated Pythia trajectories,pythia_6.86104B_trajectory,3574,3.463,3.461246308698109,-0.0017536913018911804,0.0017536913018911804
6.86104,0.421,3.4623,0,1,pythia_6.86104B_trajectory,B3,interpolated Pythia trajectories,pythia_6.86104B_trajectory,3575,3.4623,3.453813995223271,-0.008486004776728784,0.008486004776728784
6.86104,0.427,3.4544,0,1,pythia_6.86104B_trajectory,B3,interpolated Pythia trajectories,pythia_6.86104B_trajectory,3576,3.4544,3.447568228285367,-0.006831771714633117,0.006831771714633117
6.86104,0.434,3.4464,0,1,pythia_6.86104B_trajectory,B3,interpolated Pythia trajectories,pythia_6.86104B_trajectory,3577,3.4464,3.440421958404538,-0.0059780415954620025,0.0059780415954620025
6.86104,0.441,3.4367,0,1,pythia_6.86104B_trajectory,B3,interpolated Pythia trajectories,pythia_6.86104B_trajectory,3578,3.4367,3.4334217084098575,-0.00327829159014259,0.00327829159014259
6.86104,0.447,3.4314,0,1,pythia_6.86104B_trajectory,B3,interpolated Pythia trajectories,pythia_6.86104B_trajectory,3579,3.4314,3.4275337412718265,-0.0038662587281734773,0.0038662587281734773
6.86104,0.454,3.4231,0,1,pythia_6.86104B_trajectory,B3,interpolated Pythia trajectories,pythia_6.86104B_trajectory,3580,3.4231,3.420790993623646,-0.002309006376354006,0.002309006376354006
6.86104,0.461,3.4214,0,1,pythia_6.86104B_trajectory,B3,interpolated Pythia trajectories,pythia_6.86104B_trajectory,3581,3.4214,3.4141800102154085,-0.007219989784591707,0.007219989784591707
6.86104,0.469,3.4139,0,1,pythia_6.86104B_trajectory,B3,interpolated Pythia trajectories,pythia_6.86104B_trajectory,3582,3.4139,3.4067801593230276,-0.0071198406769723555,0.0071198406769723555
6.86104,0.476,3.407,0,1,pythia_6.86104B_trajectory,B3,interpolated Pythia trajectories,pythia_6.86104B_trajectory,3583,3.407,3.4004365958783405,-0.006563404121659566,0.006563404121659566
6.86104,0.483,3.3951,0,1,pythia_6.86104B_trajectory,B3,interpolated Pythia trajectories,pythia_6.86104B_trajectory,3584,3.3951,3.394211319632481,-0.0008886803675189903,0.0008886803675189903
6.86104,0.491,3.3898,0,1,pythia_6.86104B_trajectory,B3,interpolated Pythia trajectories,pythia_6.86104B_trajectory,3585,3.3898,3.387236600162698,-0.0025633998373022493,0.0025633998373022493
6.86104,0.499,3.387,0,1,pythia_6.86104B_trajectory,B3,interpolated Pythia trajectories,pythia_6.86104B_trajectory,3586,3.387,3.3804058316820793,-0.006594168317920701,0.006594168317920701
6.86104,0.506,3.3773,0,1,pythia_6.86104B_trajectory,B3,interpolated Pythia trajectories,pythia_6.86104B_trajectory,3587,3.3773,3.374542892903545,-0.002757107096455158,0.002757107096455158
6.86104,0.514,3.3678,0,1,pythia_6.86104B_trajectory,B3,interpolated Pythia trajectories,pythia_6.86104B_trajectory,3588,3.3678,3.367968204489652,0.0001682044896522683,0.0001682044896522683
6.86104,0.522,3.3622,0,1,pythia_6.86104B_trajectory,B3,interpolated Pythia trajectories,pythia_6.86104B_trajectory,3589,3.3622,3.3615231983684923,-0.0006768016315077396,0.0006768016315077396
6.86104,0.53,3.3526,0,1,pythia_6.86104B_trajectory,B3,interpolated Pythia trajectories,pythia_6.86104B_trajectory,3590,3.3526,3.355203387155952,0.002603387155952319,0.002603387155952319
6.86104,0.539,3.3465,0,1,pythia_6.86104B_trajectory,B3,interpolated Pythia trajectories,pythia_6.86104B_trajectory,3591,3.3465,3.348237941358014,0.0017379413580140834,0.0017379413580140834
6.86104,0.547,3.3439,0,1,pythia_6.86104B_trajectory,B3,interpolated Pythia trajectories,pythia_6.86104B_trajectory,3592,3.3439,3.342170256639644,-0.0017297433603560286,0.0017297433603560286
6.86104,0.556,3.3361,0,1,pythia_6.86104B_trajectory,B3,interpolated Pythia trajectories,pythia_6.86104B_trajectory,3593,3.3361,3.335478433224189,-0.0006215667758109333,0.0006215667758109333
6.86104,0.564,3.3293,0,1,pythia_6.86104B_trajectory,B3,interpolated Pythia trajectories,pythia_6.86104B_trajectory,3594,3.3293,3.3296454992558706,0.00034549925587068486,0.00034549925587068486
6.86104,0.573,3.3251,0,1,pythia_6.86104B_trajectory,B3,interpolated Pythia trajectories,pythia_6.86104B_trajectory,3595,3.3251,3.3232087215392756,-0.0018912784607243438,0.0018912784607243438
6.86104,0.582,3.3239,0,1,pythia_6.86104B_trajectory,B3,interpolated Pythia trajectories,pythia_6.86104B_trajectory,3596,3.3239,3.31690005766502,-0.006999942334980247,0.006999942334980247
6.86104,0.591,3.3128,0,1,pythia_6.86104B_trajectory,B3,interpolated Pythia trajectories,pythia_6.86104B_trajectory,3597,3.3128,3.3107150349206442,-0.0020849650793559604,0.0020849650793559604
6.86104,0.6,3.3077,0,1,pythia_6.86104B_trajectory,B3,interpolated Pythia trajectories,pythia_6.86104B_trajectory,3598,3.3077,3.3046494018511448,-0.0030505981488553324,0.0030505981488553324
6.86104,0.61,3.3019,0,1,pythia_6.86104B_trajectory,B3,interpolated Pythia trajectories,pythia_6.86104B_trajectory,3599,3.3019,3.298044922160102,-0.0038550778398978025,0.0038550778398978025
6.86104,0.619,3.2973,0,1,pythia_6.86104B_trajectory,B3,interpolated Pythia trajectories,pythia_6.86104B_trajectory,3600,3.2973,3.2922182885798748,-0.005081711420125146,0.005081711420125146
6.86104,0.629,3.2915,0,1,pythia_6.86104B_trajectory,B3,interpolated Pythia trajectories,pythia_6.86104B_trajectory,3601,3.2915,3.2858700975763817,-0.0056299024236183826,0.0056299024236183826
6.86104,0.638,3.2857,0,1,pythia_6.86104B_trajectory,B3,interpolated Pythia trajectories,pythia_6.86104B_trajectory,3602,3.2857,3.280266189626057,-0.005433810373942638,0.005433810373942638
6.86104,0.648,3.2774,0,1,pythia_6.86104B_trajectory,B3,interpolated Pythia trajectories,pythia_6.86104B_trajectory,3603,3.2774,3.274157092742097,-0.003242907257903216,0.003242907257903216
6.86104,0.659,3.2734,0,1,pythia_6.86104B_trajectory,B3,interpolated Pythia trajectories,pythia_6.86104B_trajectory,3604,3.2734,3.2675749327825363,-0.005825067217463786,0.005825067217463786
6.86104,0.669,3.2684,0,1,pythia_6.86104B_trajectory,B3,interpolated Pythia trajectories,pythia_6.86104B_trajectory,3605,3.2684,3.2617120282527634,-0.006687971747236787,0.006687971747236787
6.86104,0.679,3.2592,0,1,pythia_6.86104B_trajectory,B3,interpolated Pythia trajectories,pythia_6.86104B_trajectory,3606,3.2592,3.255960228805643,-0.003239771194357033,0.003239771194357033
6.86104,0.69,3.2535,0,1,pythia_6.86104B_trajectory,B3,interpolated Pythia trajectories,pythia_6.86104B_trajectory,3607,3.2535,3.2497571699859025,-0.0037428300140973647,0.0037428300140973647
6.86104,0.701,3.2474,0,1,pythia_6.86104B_trajectory,B3,interpolated Pythia trajectories,pythia_6.86104B_trajectory,3608,3.2474,3.243679403606666,-0.003720596393333775,0.003720596393333775
6.86104,0.711,3.2425,0,1,pythia_6.86104B_trajectory,B3,interpolated Pythia trajectories,pythia_6.86104B_trajectory,3609,3.2425,3.238259147465473,-0.0042408525345272174,0.0042408525345272174
6.86104,0.723,3.2379,0,1,pythia_6.86104B_trajectory,B3,interpolated Pythia trajectories,pythia_6.86104B_trajectory,3610,3.2379,3.2318822186428457,-0.006017781357154028,0.006017781357154028
6.86104,0.734,3.2343,0,1,pythia_6.86104B_trajectory,B3,interpolated Pythia trajectories,pythia_6.86104B_trajectory,3611,3.2343,3.226154577678733,-0.008145422321267137,0.008145422321267137
6.86104,0.745,3.2255,0,1,pythia_6.86104B_trajectory,B3,interpolated Pythia trajectories,pythia_6.86104B_trajectory,3612,3.2255,3.220535756796982,-0.004964243203017915,0.004964243203017915
6.86104,0.757,3.2205,0,1,pythia_6.86104B_trajectory,B3,interpolated Pythia trajectories,pythia_6.86104B_trajectory,3613,3.2205,3.21452598318265,-0.005974016817349881,0.005974016817349881
6.86104,0.769,3.2152,0,1,pythia_6.86104B_trajectory,B3,interpolated Pythia trajectories,pythia_6.86104B_trajectory,3614,3.2152,3.208636919621882,-0.006563080378117814,0.006563080378117814
6.86104,0.781,3.2096,0,1,pythia_6.86104B_trajectory,B3,interpolated Pythia trajectories,pythia_6.86104B_trajectory,3615,3.2096,3.202864313898032,-0.006735686101968064,0.006735686101968064
6.86104,0.793,3.2053,0,1,pythia_6.86104B_trajectory,B3,interpolated Pythia trajectories,pythia_6.86104B_trajectory,3616,3.2053,3.1972041260115684,-0.008095873988431368,0.008095873988431368
6.86104,0.805,3.1989,0,1,pythia_6.86104B_trajectory,B3,interpolated Pythia trajectories,pythia_6.86104B_trajectory,3617,3.1989,3.1916525145666776,-0.0072474854333224314,0.0072474854333224314
6.86104,0.818,3.1911,0,1,pythia_6.86104B_trajectory,B3,interpolated Pythia trajectories,pythia_6.86104B_trajectory,3618,3.1911,3.185756559060895,-0.005343440939105104,0.005343440939105104
6.86104,0.83,3.1852,0,1,pythia_6.86104B_trajectory,B3,interpolated Pythia trajectories,pythia_6.86104B_trajectory,3619,3.1852,3.1804196103659965,-0.004780389634003512,0.004780389634003512
6.86104,0.843,3.18,0,1,pythia_6.86104B_trajectory,B3,interpolated Pythia trajectories,pythia_6.86104B_trajectory,3620,3.18,3.1747482413473476,-0.005251758652652594,0.005251758652652594
6.86104,0.856,3.1746,0,1,pythia_6.86104B_trajectory,B3,interpolated Pythia trajectories,pythia_6.86104B_trajectory,3621,3.1746,3.16918771868905,-0.00541228131094984,0.00541228131094984
6.86104,0.87,3.1692,0,1,pythia_6.86104B_trajectory,B3,interpolated Pythia trajectories,pythia_6.86104B_trajectory,3622,3.1692,3.1633190718553443,-0.005880928144655684,0.005880928144655684
6.86104,0.883,3.1613,0,1,pythia_6.86104B_trajectory,B3,interpolated Pythia trajectories,pythia_6.86104B_trajectory,3623,3.1613,3.15797683433696,-0.0033231656630401396,0.0033231656630401396
6.86104,0.897,3.1566,0,1,pythia_6.86104B_trajectory,B3,interpolated Pythia trajectories,pythia_6.86104B_trajectory,3624,3.1566,3.1523350902124867,-0.004264909787513371,0.004264909787513371
6.86104,0.911,3.1518,0,1,pythia_6.86104B_trajectory,B3,interpolated Pythia trajectories,pythia_6.86104B_trajectory,3625,3.1518,3.1468049336416968,-0.004995066358303379,0.004995066358303379
6.86104,0.925,3.1442,0,1,pythia_6.86104B_trajectory,B3,interpolated Pythia trajectories,pythia_6.86104B_trajectory,3626,3.1442,3.1413824928770384,-0.0028175071229616933,0.0028175071229616933
6.86104,0.94,3.1413,0,1,pythia_6.86104B_trajectory,B3,interpolated Pythia trajectories,pythia_6.86104B_trajectory,3627,3.1413,3.1356880876735875,-0.005611912326412671,0.005611912326412671
6.86104,0.954,3.1349,0,1,pythia_6.86104B_trajectory,B3,interpolated Pythia trajectories,pythia_6.86104B_trajectory,3628,3.1349,3.130477263961776,-0.004422736038224073,0.004422736038224073
6.86104,0.969,3.1288,0,1,pythia_6.86104B_trajectory,B3,interpolated Pythia trajectories,pythia_6.86104B_trajectory,3629,3.1288,3.12500175362576,-0.0037982463742398664,0.0037982463742398664
6.86104,0.984,3.1203,0,1,pythia_6.86104B_trajectory,B3,interpolated Pythia trajectories,pythia_6.86104B_trajectory,3630,3.1203,3.119633665423299,-0.0006663345767008444,0.0006663345767008444
6.86104,1.0,3.1161,0,1,pythia_6.86104B_trajectory,B3,interpolated Pythia trajectories,pythia_6.86104B_trajectory,3631,3.1161,3.1140219451594886,-0.0020780548405112675,0.0020780548405112675
6.86104,1.015,3.1099,0,1,pythia_6.86104B_trajectory,B3,interpolated Pythia trajectories,pythia_6.86104B_trajectory,3632,3.1099,3.108864348819252,-0.0010356511807478874,0.0010356511807478874
6.86104,1.031,3.1068,0,1,pythia_6.86104B_trajectory,B3,interpolated Pythia trajectories,pythia_6.86104B_trajectory,3633,3.1068,3.1034693549947536,-0.003330645005246158,0.003330645005246158
6.86104,1.047,3.0985,0,1,pythia_6.86104B_trajectory,B3,interpolated Pythia trajectories,pythia_6.86104B_trajectory,3634,3.0985,3.0981804679870786,-0.00031953201292145295,0.00031953201292145295
6.86104,1.063,3.0944,0,1,pythia_6.86104B_trajectory,B3,interpolated Pythia trajectories,pythia_6.86104B_trajectory,3635,3.0944,3.092994026611512,-0.0014059733884876913,0.0014059733884876913
6.86104,1.08,3.0888,0,1,pythia_6.86104B_trajectory,B3,interpolated Pythia trajectories,pythia_6.86104B_trajectory,3636,3.0888,3.087591790722033,-0.001208209277967054,0.001208209277967054
6.86104,1.097,3.0839,0,1,pythia_6.86104B_trajectory,B3,interpolated Pythia trajectories,pythia_6.86104B_trajectory,3637,3.0839,3.0822973077635663,-0.0016026922364336116,0.0016026922364336116
6.86104,1.114,3.0819,0,1,pythia_6.86104B_trajectory,B3,interpolated Pythia trajectories,pythia_6.86104B_trajectory,3638,3.0819,3.0771068079403756,-0.004793192059624474,0.004793192059624474
6.86104,1.131,3.0732,0,1,pythia_6.86104B_trajectory,B3,interpolated Pythia trajectories,pythia_6.86104B_trajectory,3639,3.0732,3.0720167083289587,-0.0011832916710412533,0.0011832916710412533
6.86104,1.149,3.0707,0,1,pythia_6.86104B_trajectory,B3,interpolated Pythia trajectories,pythia_6.86104B_trajectory,3640,3.0707,3.066732839169989,-0.0039671608300109185,0.0039671608300109185
6.86104,1.167,3.0628,0,1,pythia_6.86104B_trajectory,B3,interpolated Pythia trajectories,pythia_6.86104B_trajectory,3641,3.0628,3.061553865158439,-0.0012461348415611084,0.0012461348415611084
6.86104,1.185,3.0618,0,1,pythia_6.86104B_trajectory,B3,interpolated Pythia trajectories,pythia_6.86104B_trajectory,3642,3.0618,3.0564761335162958,-0.005323866483704087,0.005323866483704087
6.86104,1.203,3.0548,0,1,pythia_6.86104B_trajectory,B3,interpolated Pythia trajectories,pythia_6.86104B_trajectory,3643,3.0548,3.0514961717091316,-0.0033038282908686156,0.0033038282908686156
6.86104,1.222,3.0517,0,1,pythia_6.86104B_trajectory,B3,interpolated Pythia trajectories,pythia_6.86104B_trajectory,3644,3.0517,3.0463419655092356,-0.0053580344907642186,0.0053580344907642186
6.86104,1.241,3.045,0,1,pythia_6.86104B_trajectory,B3,interpolated Pythia trajectories,pythia_6.86104B_trajectory,3645,3.045,3.0412893203570865,-0.0037106796429133837,0.0037106796429133837
6.86104,1.26,3.038,0,1,pythia_6.86104B_trajectory,B3,interpolated Pythia trajectories,pythia_6.86104B_trajectory,3646,3.038,3.0363347254511264,-0.001665274548873441,0.001665274548873441
6.86104,1.28,3.0341,0,1,pythia_6.86104B_trajectory,B3,interpolated Pythia trajectories,pythia_6.86104B_trajectory,3647,3.0341,3.03122162130199,-0.00287837869801022,0.00287837869801022
6.86104,1.3,3.0287,0,1,pythia_6.86104B_trajectory,B3,interpolated Pythia trajectories,pythia_6.86104B_trajectory,3648,3.0287,3.0262097605437592,-0.002490239456240939,0.002490239456240939
6.86104,1.32,3.0234,0,1,pythia_6.86104B_trajectory,B3,interpolated Pythia trajectories,pythia_6.86104B_trajectory,3649,3.0234,3.0212956265167756,-0.002104373483224453,0.002104373483224453
6.86104,1.341,3.0213,0,1,pythia_6.86104B_trajectory,B3,interpolated Pythia trajectories,pythia_6.86104B_trajectory,3650,3.0213,3.0162373079385656,-0.005062692061434504,0.005062692061434504
6.86104,1.362,3.0136,0,1,pythia_6.86104B_trajectory,B3,interpolated Pythia trajectories,pythia_6.86104B_trajectory,3651,3.0136,3.011279369814901,-0.002320630185098871,0.002320630185098871
6.86104,1.383,3.0114,0,1,pythia_6.86104B_trajectory,B3,interpolated Pythia trajectories,pythia_6.86104B_trajectory,3652,3.0114,3.0064183178543615,-0.004981682145638544,0.004981682145638544
6.86104,1.404,3.0122,0,1,pythia_6.86104B_trajectory,B3,interpolated Pythia trajectories,pythia_6.86104B_trajectory,3653,3.0122,3.0016508301269678,-0.010549169873032227,0.010549169873032227
6.86104,1.426,3.0011,0,1,pythia_6.86104B_trajectory,B3,interpolated Pythia trajectories,pythia_6.86104B_trajectory,3654,3.0011,2.996753230997196,-0.004346769002804063,0.004346769002804063
6.86104,1.449,2.9983,0,1,pythia_6.86104B_trajectory,B3,interpolated Pythia trajectories,pythia_6.86104B_trajectory,3655,2.9983,2.991735352172342,-0.006564647827657755,0.006564647827657755
6.86104,1.471,2.9921,0,1,pythia_6.86104B_trajectory,B3,interpolated Pythia trajectories,pythia_6.86104B_trajectory,3656,2.9921,2.987030123823322,-0.00506987617667809,0.00506987617667809
6.86104,1.494,2.9839,0,1,pythia_6.86104B_trajectory,B3,interpolated Pythia trajectories,pythia_6.86104B_trajectory,3657,2.9839,2.9822063623291397,-0.0016936376708605039,0.0016936376708605039
6.86104,1.517,2.9844,0,1,pythia_6.86104B_trajectory,B3,interpolated Pythia trajectories,pythia_6.86104B_trajectory,3658,2.9844,2.9774767221490883,-0.006923277850911624,0.006923277850911624
6.86104,1.541,2.9788,0,1,pythia_6.86104B_trajectory,B3,interpolated Pythia trajectories,pythia_6.86104B_trajectory,3659,2.9788,2.9726383106201553,-0.006161689379844848,0.006161689379844848
6.86104,1.565,2.969,0,1,pythia_6.86104B_trajectory,B3,interpolated Pythia trajectories,pythia_6.86104B_trajectory,3660,2.969,2.9678953955534135,-0.0011046044465863325,0.0011046044465863325
6.86104,1.589,2.9677,0,1,pythia_6.86104B_trajectory,B3,interpolated Pythia trajectories,pythia_6.86104B_trajectory,3661,2.9677,2.9632446704026636,-0.004455329597336188,0.004455329597336188
6.86104,1.614,2.9614,0,1,pythia_6.86104B_trajectory,B3,interpolated Pythia trajectories,pythia_6.86104B_trajectory,3662,2.9614,2.9584948085879246,-0.0029051914120752365,0.0029051914120752365
6.86104,1.639,2.9577,0,1,pythia_6.86104B_trajectory,B3,interpolated Pythia trajectories,pythia_6.86104B_trajectory,3663,2.9577,2.9538381898337396,-0.0038618101662604154,0.0038618101662604154
6.86104,1.665,2.9547,0,1,pythia_6.86104B_trajectory,B3,interpolated Pythia trajectories,pythia_6.86104B_trajectory,3664,2.9547,2.9490907682303655,-0.0056092317696343486,0.0056092317696343486
6.86104,1.691,2.9467,0,1,pythia_6.86104B_trajectory,B3,interpolated Pythia trajectories,pythia_6.86104B_trajectory,3665,2.9467,2.9444372933193876,-0.0022627066806122365,0.0022627066806122365
6.86104,1.717,2.9437,0,1,pythia_6.86104B_trajectory,B3,interpolated Pythia trajectories,pythia_6.86104B_trajectory,3666,2.9437,2.939874503800972,-0.0038254961990280556,0.0038254961990280556
6.86104,1.744,2.9362,0,1,pythia_6.86104B_trajectory,B3,interpolated Pythia trajectories,pythia_6.86104B_trajectory,3667,2.9362,2.935228884127215,-0.0009711158727849778,0.0009711158727849778
6.86104,1.771,2.9349,0,1,pythia_6.86104B_trajectory,B3,interpolated Pythia trajectories,pythia_6.86104B_trajectory,3668,2.9349,2.9306744156007136,-0.00422558439928622,0.00422558439928622
6.86104,1.799,2.927,0,1,pythia_6.86104B_trajectory,B3,interpolated Pythia trajectories,pythia_6.86104B_trajectory,3669,2.927,2.9260441870388982,-0.0009558129611018096,0.0009558129611018096
6.86104,1.827,2.9259,0,1,pythia_6.86104B_trajectory,B3,interpolated Pythia trajectories,pythia_6.86104B_trajectory,3670,2.9259,2.921505287315497,-0.004394712684502977,0.004394712684502977
6.86104,1.855,2.9192,0,1,pythia_6.86104B_trajectory,B3,interpolated Pythia trajectories,pythia_6.86104B_trajectory,3671,2.9192,2.9170545561873498,-0.0021454438126502495,0.0021454438126502495
6.86104,1.884,2.9145,0,1,pythia_6.86104B_trajectory,B3,interpolated Pythia trajectories,pythia_6.86104B_trajectory,3672,2.9145,2.9125346140139934,-0.001965385986006485,0.001965385986006485
6.86104,1.913,2.9072,0,1,pythia_6.86104B_trajectory,B3,interpolated Pythia trajectories,pythia_6.86104B_trajectory,3673,2.9072,2.9081028529337476,0.0009028529337475888,0.0009028529337475888
6.86104,1.943,2.9027,0,1,pythia_6.86104B_trajectory,B3,interpolated Pythia trajectories,pythia_6.86104B_trajectory,3674,2.9027,2.9036078554999216,0.0009078554999217836,0.0009078554999217836
6.86104,1.973,2.9015,0,1,pythia_6.86104B_trajectory,B3,interpolated Pythia trajectories,pythia_6.86104B_trajectory,3675,2.9015,2.899200819131582,-0.0022991808684178494,0.0022991808684178494
6.86104,2.004,2.8962,0,1,pythia_6.86104B_trajectory,B3,interpolated Pythia trajectories,pythia_6.86104B_trajectory,3676,2.8962,2.894736082897528,-0.0014639171024719566,0.0014639171024719566
6.86104,2.035,2.89,0,1,pythia_6.86104B_trajectory,B3,interpolated Pythia trajectories,pythia_6.86104B_trajectory,3677,2.89,2.8903588781751255,0.00035887817512536557,0.00035887817512536557
6.86104,2.067,2.8853,0,1,pythia_6.86104B_trajectory,B3,interpolated Pythia trajectories,pythia_6.86104B_trajectory,3678,2.8853,2.8859290950267087,0.0006290950267087148,0.0006290950267087148
6.86104,2.099,2.8824,1,1,pythia_6.86104B_trajectory,B3,interpolated Pythia trajectories,pythia_6.86104B_trajectory,3679,2.8824,2.8815862265807226,-0.0008137734192774637,0.0008137734192774637
6.86104,2.132,2.8774,1,1,pythia_6.86104B_trajectory,B3,interpolated Pythia trajectories,pythia_6.86104B_trajectory,3680,2.8774,2.877195509747165,-0.00020449025283530986,0.00020449025283530986
6.86104,2.165,2.8703,1,1,pythia_6.86104B_trajectory,B3,interpolated Pythia trajectories,pythia_6.86104B_trajectory,3681,2.8703,2.8728909248586625,0.0025909248586626354,0.0025909248586626354
6.86104,2.199,2.8684,1,1,pythia_6.86104B_trajectory,B3,interpolated Pythia trajectories,pythia_6.86104B_trajectory,3682,2.8684,2.8685428539360425,0.00014285393604263064,0.00014285393604263064
6.86104,2.233,2.8674,1,1,pythia_6.86104B_trajectory,B3,interpolated Pythia trajectories,pythia_6.86104B_trajectory,3683,2.8674,2.864279986427949,-0.0031200135720510502,0.0031200135720510502
6.86104,2.268,2.8617,1,1,pythia_6.86104B_trajectory,B3,interpolated Pythia trajectories,pythia_6.86104B_trajectory,3684,2.8617,2.859977651001796,-0.0017223489982041151,0.0017223489982041151
6.86104,2.303,2.8572,1,1,pythia_6.86104B_trajectory,B3,interpolated Pythia trajectories,pythia_6.86104B_trajectory,3685,2.8572,2.8557594636169155,-0.0014405363830847229,0.0014405363830847229
6.86104,2.339,2.8543,1,1,pythia_6.86104B_trajectory,B3,interpolated Pythia trajectories,pythia_6.86104B_trajectory,3686,2.8543,2.8515055051068883,-0.0027944948931115654,0.0027944948931115654
6.86104,2.375,2.8523,1,1,pythia_6.86104B_trajectory,B3,interpolated Pythia trajectories,pythia_6.86104B_trajectory,3687,2.8523,2.8473345300423993,-0.004965469957600721,0.004965469957600721
6.86104,2.412,2.8465,1,1,pythia_6.86104B_trajectory,B3,interpolated Pythia trajectories,pythia_6.86104B_trajectory,3688,2.8465,2.8431311815019047,-0.0033688184980951164,0.0033688184980951164
6.86104,2.45,2.8403,1,1,pythia_6.86104B_trajectory,B3,interpolated Pythia trajectories,pythia_6.86104B_trajectory,3689,2.8403,2.838899271456039,-0.001400728543961005,0.001400728543961005
6.86104,2.488,2.8412,1,1,pythia_6.86104B_trajectory,B3,interpolated Pythia trajectories,pythia_6.86104B_trajectory,3690,2.8412,2.8347505468539183,-0.006449453146081918,0.006449453146081918
6.86104,2.527,2.8315,1,1,pythia_6.86104B_trajectory,B3,interpolated Pythia trajectories,pythia_6.86104B_trajectory,3691,2.8315,2.8305761350349687,-0.0009238649650313846,0.0009238649650313846
6.86104,2.566,2.8322,1,1,pythia_6.86104B_trajectory,B3,interpolated Pythia trajectories,pythia_6.86104B_trajectory,3692,2.8322,2.8264833756383343,-0.005716624361665534,0.005716624361665534
6.86104,2.606,2.8227,1,1,pythia_6.86104B_trajectory,B3,interpolated Pythia trajectories,pythia_6.86104B_trajectory,3693,2.8227,2.82236755854638,-0.0003324414536201026,0.0003324414536201026
6.86104,2.647,2.8221,1,1,pythia_6.86104B_trajectory,B3,interpolated Pythia trajectories,pythia_6.86104B_trajectory,3694,2.8221,2.8182319215157343,-0.0038680784842655136,0.0038680784842655136
6.86104,2.688,2.8187,1,1,pythia_6.86104B_trajectory,B3,interpolated Pythia trajectories,pythia_6.86104B_trajectory,3695,2.8187,2.814177468675001,-0.004522531324999246,0.004522531324999246
6.86104,2.73,2.8173,1,1,pythia_6.86104B_trajectory,B3,interpolated Pythia trajectories,pythia_6.86104B_trajectory,3696,2.8173,2.810105383405698,-0.0071946165943019835,0.0071946165943019835
6.86104,2.773,2.8101,1,1,pythia_6.86104B_trajectory,B3,interpolated Pythia trajectories,pythia_6.86104B_trajectory,3697,2.8101,2.8060185813712195,-0.004081418628780309,0.004081418628780309
6.86104,2.816,2.8068,1,1,pythia_6.86104B_trajectory,B3,interpolated Pythia trajectories,pythia_6.86104B_trajectory,3698,2.8068,2.8020120943157796,-0.004787905684220384,0.004787905684220384
6.86104,2.86,2.8042,1,1,pythia_6.86104B_trajectory,B3,interpolated Pythia trajectories,pythia_6.86104B_trajectory,3699,2.8042,2.7979926836774123,-0.0062073163225875305,0.0062073163225875305
6.86104,2.904,2.7967,1,1,pythia_6.86104B_trajectory,B3,interpolated Pythia trajectories,pythia_6.86104B_trajectory,3700,2.7967,2.7940516478946478,-0.002648352105352192,0.002648352105352192
6.86104,2.949,2.796,1,1,pythia_6.86104B_trajectory,B3,interpolated Pythia trajectories,pythia_6.86104B_trajectory,3701,2.796,2.790099316272512,-0.005900683727487976,0.005900683727487976
6.86104,2.995,2.7888,1,1,pythia_6.86104B_trajectory,B3,interpolated Pythia trajectories,pythia_6.86104B_trajectory,3702,2.7888,2.7861381477236136,-0.0026618522763866004,0.0026618522763866004
6.86104,3.042,2.7855,1,1,pythia_6.86104B_trajectory,B3,interpolated Pythia trajectories,pythia_6.86104B_trajectory,3703,2.7855,2.7821704910758625,-0.0033295089241374143,0.0033295089241374143
6.86104,3.089,2.7816,1,1,pythia_6.86104B_trajectory,B3,interpolated Pythia trajectories,pythia_6.86104B_trajectory,3704,2.7816,2.7782805275348488,-0.0033194724651512963,0.0033194724651512963
6.86104,3.138,2.777,1,1,pythia_6.86104B_trajectory,B3,interpolated Pythia trajectories,pythia_6.86104B_trajectory,3705,2.777,2.7743048753924278,-0.0026951246075723745,0.0026951246075723745
6.86104,3.186,2.7769,1,1,pythia_6.86104B_trajectory,B3,interpolated Pythia trajectories,pythia_6.86104B_trajectory,3706,2.7769,2.7704866566188473,-0.006413343381152625,0.006413343381152625
6.86104,3.236,2.7666,1,1,pythia_6.86104B_trajectory,B3,interpolated Pythia trajectories,pythia_6.86104B_trajectory,3707,2.7666,2.7665868540444274,-1.314595557255771e-05,1.314595557255771e-05
6.86104,3.286,2.7654,1,1,pythia_6.86104B_trajectory,B3,interpolated Pythia trajectories,pythia_6.86104B_trajectory,3708,2.7654,2.7627634198623943,-0.002636580137605815,0.002636580137605815
6.86104,3.338,2.7616,1,1,pythia_6.86104B_trajectory,B3,interpolated Pythia trajectories,pythia_6.86104B_trajectory,3709,2.7616,2.758865240801933,-0.0027347591980668717,0.0027347591980668717
6.86104,3.39,2.7563,1,1,pythia_6.86104B_trajectory,B3,interpolated Pythia trajectories,pythia_6.86104B_trajectory,3710,2.7563,2.7550440197123365,-0.001255980287663494,0.001255980287663494
6.86104,3.442,2.7542,1,1,pythia_6.86104B_trajectory,B3,interpolated Pythia trajectories,pythia_6.86104B_trajectory,3711,2.7542,2.751297091290295,-0.002902908709704999,0.002902908709704999
6.86104,3.496,2.751,1,1,pythia_6.86104B_trajectory,B3,interpolated Pythia trajectories,pythia_6.86104B_trajectory,3712,2.751,2.7474819682686866,-0.0035180317313132647,0.0035180317313132647
6.86104,3.551,2.7469,1,1,pythia_6.86104B_trajectory,B3,interpolated Pythia trajectories,pythia_6.86104B_trajectory,3713,2.7469,2.7436729522156367,-0.003227047784363446,0.003227047784363446
6.86104,3.606,2.7449,1,1,pythia_6.86104B_trajectory,B3,interpolated Pythia trajectories,pythia_6.86104B_trajectory,3714,2.7449,2.73993870560215,-0.004961294397849869,0.004961294397849869
6.86104,3.662,2.7374,1,1,pythia_6.86104B_trajectory,B3,interpolated Pythia trajectories,pythia_6.86104B_trajectory,3715,2.7374,2.7362107234900184,-0.0011892765099816849,0.0011892765099816849
6.86104,3.719,2.7349,1,1,pythia_6.86104B_trajectory,B3,interpolated Pythia trajectories,pythia_6.86104B_trajectory,3716,2.7349,2.7324903618722254,-0.002409638127774727,0.002409638127774727
6.86104,3.777,2.7311,1,1,pythia_6.86104B_trajectory,B3,interpolated Pythia trajectories,pythia_6.86104B_trajectory,3717,2.7311,2.728778902052308,-0.0023210979476919746,0.0023210979476919746
6.86104,3.836,2.728,1,1,pythia_6.86104B_trajectory,B3,interpolated Pythia trajectories,pythia_6.86104B_trajectory,3718,2.728,2.725077553029287,-0.0029224469707131995,0.0029224469707131995
6.86104,3.896,2.7264,1,1,pythia_6.86104B_trajectory,B3,interpolated Pythia trajectories,pythia_6.86104B_trajectory,3719,2.7264,2.721387453908459,-0.005012546091541115,0.005012546091541115
6.86104,3.956,2.7179,1,1,pythia_6.86104B_trajectory,B3,interpolated Pythia trajectories,pythia_6.86104B_trajectory,3720,2.7179,2.7177693815259234,-0.0001306184740768046,0.0001306184740768046
6.86104,4.018,2.7105,1,1,pythia_6.86104B_trajectory,B3,interpolated Pythia trajectories,pythia_6.86104B_trajectory,3721,2.7105,2.7141037556420464,0.0036037556420462913,0.0036037556420462913
6.86104,4.08,2.711,1,1,pythia_6.86104B_trajectory,B3,interpolated Pythia trajectories,pythia_6.86104B_trajectory,3722,2.711,2.7105098175273845,-0.0004901824726153414,0.0004901824726153414
6.86104,4.144,2.7065,1,1,pythia_6.86104B_trajectory,B3,interpolated Pythia trajectories,pythia_6.86104B_trajectory,3723,2.7065,2.706872532914712,0.0003725329147119538,0.0003725329147119538
6.86104,4.209,2.707,2,1,pythia_6.86104B_trajectory,B3,interpolated Pythia trajectories,pythia_6.86104B_trajectory,3724,2.707,2.7032512747769695,-0.0037487252230303802,0.0037487252230303802
6.86104,4.274,2.6998,2,1,pythia_6.86104B_trajectory,B3,interpolated Pythia trajectories,pythia_6.86104B_trajectory,3725,2.6998,2.699700893693328,-9.910630667198106e-05,9.910630667198106e-05
6.86104,4.341,2.6926,2,1,pythia_6.86104B_trajectory,B3,interpolated Pythia trajectories,pythia_6.86104B_trajectory,3726,2.6926,2.6961128793906175,0.003512879390617396,0.003512879390617396
6.86104,4.408,2.6944,2,1,pythia_6.86104B_trajectory,B3,interpolated Pythia trajectories,pythia_6.86104B_trajectory,3727,2.6944,2.6925950515497563,-0.001804948450243593,0.001804948450243593
6.86104,4.477,2.688,2,1,pythia_6.86104B_trajectory,B3,interpolated Pythia trajectories,pythia_6.86104B_trajectory,3728,2.688,2.689043032407209,0.0010430324072090436,0.0010430324072090436
6.86104,4.547,2.6877,2,1,pythia_6.86104B_trajectory,B3,interpolated Pythia trajectories,pythia_6.86104B_trajectory,3729,2.6877,2.6855104221803554,-0.0021895778196445725,0.0021895778196445725
6.86104,4.618,2.6807,2,1,pythia_6.86104B_trajectory,B3,interpolated Pythia trajectories,pythia_6.86104B_trajectory,3730,2.6807,2.6819977462254085,0.0012977462254086802,0.0012977462254086802
6.86104,4.69,2.6822,2,1,pythia_6.86104B_trajectory,B3,interpolated Pythia trajectories,pythia_6.86104B_trajectory,3731,2.6822,2.678505487441584,-0.0036945125584160188,0.0036945125584160188
6.86104,4.763,2.6766,2,1,pythia_6.86104B_trajectory,B3,interpolated Pythia trajectories,pythia_6.86104B_trajectory,3732,2.6766,2.6750340882689687,-0.0015659117310313775,0.0015659117310313775
6.86104,4.837,2.6727,2,1,pythia_6.86104B_trajectory,B3,interpolated Pythia trajectories,pythia_6.86104B_trajectory,3733,2.6727,2.671583952625489,-0.0011160473745106536,0.0011160473745106536
6.86104,4.912,2.6658,2,1,pythia_6.86104B_trajectory,B3,interpolated Pythia trajectories,pythia_6.86104B_trajectory,3734,2.6658,2.6681554477819893,0.0023554477819893727,0.0023554477819893727
6.86104,4.989,2.6686,2,1,pythia_6.86104B_trajectory,B3,interpolated Pythia trajectories,pythia_6.86104B_trajectory,3735,2.6686,2.664704526802592,-0.003895473197407906,0.003895473197407906
6.86104,5.066,2.6624,2,1,pythia_6.86104B_trajectory,B3,interpolated Pythia trajectories,pythia_6.86104B_trajectory,3736,2.6624,2.661321109352405,-0.0010788906475949211,0.0010788906475949211
6.86104,5.145,2.6602,2,1,pythia_6.86104B_trajectory,B3,interpolated Pythia trajectories,pythia_6.86104B_trajectory,3737,2.6602,2.657917539370437,-0.0022824606295630545,0.0022824606295630545
6.86104,5.225,2.6539,2,1,pythia_6.86104B_trajectory,B3,interpolated Pythia trajectories,pythia_6.86104B_trajectory,3738,2.6539,2.654538378160881,0.0006383781608807482,0.0006383781608807482
6.86104,5.307,2.654,2,1,pythia_6.86104B_trajectory,B3,interpolated Pythia trajectories,pythia_6.86104B_trajectory,3739,2.654,2.6511427764023012,-0.002857223597698688,0.002857223597698688
6.86104,5.389,2.6454,2,1,pythia_6.86104B_trajectory,B3,interpolated Pythia trajectories,pythia_6.86104B_trajectory,3740,2.6454,2.647813669954204,0.0024136699542038897,0.0024136699542038897
6.86104,5.473,2.6427,2,1,pythia_6.86104B_trajectory,B3,interpolated Pythia trajectories,pythia_6.86104B_trajectory,3741,2.6427,2.644469926176636,0.0017699261766357388,0.0017699261766357388
6.86104,5.559,2.6449,2,1,pythia_6.86104B_trajectory,B3,interpolated Pythia trajectories,pythia_6.86104B_trajectory,3742,2.6449,2.6411139390977887,-0.003786060902211119,0.003786060902211119
6.86104,5.645,2.6422,2,1,pythia_6.86104B_trajectory,B3,interpolated Pythia trajectories,pythia_6.86104B_trajectory,3743,2.6422,2.637823752085713,-0.004376247914287035,0.004376247914287035
6.86104,5.733,2.6339,2,1,pythia_6.86104B_trajectory,B3,interpolated Pythia trajectories,pythia_6.86104B_trajectory,3744,2.6339,2.6345228017606175,0.000622801760617353,0.000622801760617353
6.86104,5.823,2.6348,2,1,pythia_6.86104B_trajectory,B3,interpolated Pythia trajectories,pythia_6.86104B_trajectory,3745,2.6348,2.631213239376674,-0.0035867606233259686,0.0035867606233259686
6.86104,5.913,2.6293,2,1,pythia_6.86104B_trajectory,B3,interpolated Pythia trajectories,pythia_6.86104B_trajectory,3746,2.6293,2.6279685067686898,-0.0013314932313104322,0.0013314932313104322
6.86104,6.005,2.623,2,1,pythia_6.86104B_trajectory,B3,interpolated Pythia trajectories,pythia_6.86104B_trajectory,3747,2.623,2.6247163564447993,0.001716356444799061,0.001716356444799061
6.86104,6.099,2.6257,2,1,pythia_6.86104B_trajectory,B3,interpolated Pythia trajectories,pythia_6.86104B_trajectory,3748,2.6257,2.621458717662176,-0.00424128233782417,0.00424128233782417
6.86104,6.194,2.6196,2,1,pythia_6.86104B_trajectory,B3,interpolated Pythia trajectories,pythia_6.86104B_trajectory,3749,2.6196,2.6182310686871304,-0.0013689313128697478,0.0013689313128697478
6.86104,6.29,2.6138,3,1,pythia_6.86104B_trajectory,B3,interpolated Pythia trajectories,pythia_6.86104B_trajectory,3750,2.6138,2.615033175955295,0.0012331759552952626,0.0012331759552952626
6.86104,6.388,2.6123,3,1,pythia_6.86104B_trajectory,B3,interpolated Pythia trajectories,pythia_6.86104B_trajectory,3751,2.6123,2.611832457032741,-0.00046754296725870503,0.00046754296725870503
6.86104,6.488,2.6081,3,1,pythia_6.86104B_trajectory,B3,interpolated Pythia trajectories,pythia_6.86104B_trajectory,3752,2.6081,2.6086305573661406,0.0005305573661407159,0.0005305573661407159
6.86104,6.589,2.6071,3,1,pythia_6.86104B_trajectory,B3,interpolated Pythia trajectories,pythia_6.86104B_trajectory,3753,2.6071,2.605460121204567,-0.0016398787954328142,0.0016398787954328142
6.86104,6.692,2.6023,3,1,pythia_6.86104B_trajectory,B3,interpolated Pythia trajectories,pythia_6.86104B_trajectory,3754,2.6023,2.602290329009091,-9.670990908983157e-06,9.670990908983157e-06
6.86104,6.796,2.599,3,1,pythia_6.86104B_trajectory,B3,interpolated Pythia trajectories,pythia_6.86104B_trajectory,3755,2.599,2.599152494035934,0.00015249403593387,0.00015249403593387
6.86104,6.902,2.5973,3,1,pythia_6.86104B_trajectory,B3,interpolated Pythia trajectories,pythia_6.86104B_trajectory,3756,2.5973,2.596016933139752,-0.001283066860248372,0.001283066860248372
6.86104,7.009,2.5936,3,1,pythia_6.86104B_trajectory,B3,interpolated Pythia trajectories,pythia_6.86104B_trajectory,3757,2.5936,2.592913686489123,-0.0006863135108767793,0.0006863135108767793
6.86104,7.118,2.5889,3,1,pythia_6.86104B_trajectory,B3,interpolated Pythia trajectories,pythia_6.86104B_trajectory,3758,2.5889,2.589814164883033,0.0009141648830328641,0.0009141648830328641
6.86104,7.229,2.5877,3,1,pythia_6.86104B_trajectory,B3,interpolated Pythia trajectories,pythia_6.86104B_trajectory,3759,2.5877,2.5867195845608597,-0.000980415439140181,0.000980415439140181
6.86104,7.342,2.5846,3,1,pythia_6.86104B_trajectory,B3,interpolated Pythia trajectories,pythia_6.86104B_trajectory,3760,2.5846,2.583631096466121,-0.0009689035338791285,0.0009689035338791285
6.86104,7.456,2.5808,3,1,pythia_6.86104B_trajectory,B3,interpolated Pythia trajectories,pythia_6.86104B_trajectory,3761,2.5808,2.580576319558479,-0.00022368044152099031,0.00022368044152099031
6.86104,7.572,2.5802,3,1,pythia_6.86104B_trajectory,B3,interpolated Pythia trajectories,pythia_6.86104B_trajectory,3762,2.5802,2.577528706305996,-0.0026712936940040954,0.0026712936940040954
6.86104,7.69,2.5711,3,1,pythia_6.86104B_trajectory,B3,interpolated Pythia trajectories,pythia_6.86104B_trajectory,3763,2.5711,2.5744892521710536,0.0033892521710536805,0.0033892521710536805
6.86104,7.81,2.5704,3,1,pythia_6.86104B_trajectory,B3,interpolated Pythia trajectories,pythia_6.86104B_trajectory,3764,2.5704,2.571458895364525,0.001058895364525192,0.001058895364525192
6.86104,7.932,2.5708,3,1,pythia_6.86104B_trajectory,B3,interpolated Pythia trajectories,pythia_6.86104B_trajectory,3765,2.5708,2.568438518817555,-0.0023614811824450577,0.0023614811824450577
6.86104,8.055,2.5666,3,1,pythia_6.86104B_trajectory,B3,interpolated Pythia trajectories,pythia_6.86104B_trajectory,3766,2.5666,2.5654529852500176,-0.0011470147499825778,0.0011470147499825778
6.86104,8.181,2.5601,3,1,pythia_6.86104B_trajectory,B3,interpolated Pythia trajectories,pythia_6.86104B_trajectory,3767,2.5601,2.5624545340743623,0.00235453407436248,0.00235453407436248
6.86104,8.308,2.5606,3,1,pythia_6.86104B_trajectory,B3,interpolated Pythia trajectories,pythia_6.86104B_trajectory,3768,2.5606,2.5594915096426623,-0.0011084903573377325,0.0011084903573377325
6.86104,8.438,2.5533,4,1,pythia_6.86104B_trajectory,B3,interpolated Pythia trajectories,pythia_6.86104B_trajectory,3769,2.5533,2.556517937925601,0.003217937925600989,0.003217937925600989
6.86104,8.569,2.5541,4,1,pythia_6.86104B_trajectory,B3,interpolated Pythia trajectories,pythia_6.86104B_trajectory,3770,2.5541,2.5535802226443147,-0.0005197773556853136,0.0005197773556853136
6.86104,8.703,2.552,4,1,pythia_6.86104B_trajectory,B3,interpolated Pythia trajectories,pythia_6.86104B_trajectory,3771,2.552,2.550634111613638,-0.0013658883863620908,0.0013658883863620908
6.86104,8.838,2.5502,4,1,pythia_6.86104B_trajectory,B3,interpolated Pythia trajectories,pythia_6.86104B_trajectory,3772,2.5502,2.547724147083477,-0.002475852916522747,0.002475852916522747
6.86104,8.976,2.5447,4,1,pythia_6.86104B_trajectory,B3,interpolated Pythia trajectories,pythia_6.86104B_trajectory,3773,2.5447,2.5448077348721143,0.00010773487211412913,0.00010773487211412913
6.86104,9.116,2.5431,4,1,pythia_6.86104B_trajectory,B3,interpolated Pythia trajectories,pythia_6.86104B_trajectory,3774,2.5431,2.541907117248601,-0.0011928827513987272,0.0011928827513987272
6.86104,9.258,2.5381,4,1,pythia_6.86104B_trajectory,B3,interpolated Pythia trajectories,pythia_6.86104B_trajectory,3775,2.5381,2.5390227294745418,0.0009227294745417502,0.0009227294745417502
6.86104,9.402,2.536,4,1,pythia_6.86104B_trajectory,B3,interpolated Pythia trajectories,pythia_6.86104B_trajectory,3776,2.536,2.5361549719531387,0.00015497195313862733,0.00015497195313862733
6.86104,9.548,2.5337,4,1,pythia_6.86104B_trajectory,B3,interpolated Pythia trajectories,pythia_6.86104B_trajectory,3777,2.5337,2.5333042118598126,-0.00039578814018748076,0.00039578814018748076
6.86104,9.697,2.5306,4,1,pythia_6.86104B_trajectory,B3,interpolated Pythia trajectories,pythia_6.86104B_trajectory,3778,2.5306,2.530451828549179,-0.00014817145082135497,0.00014817145082135497
6.86104,9.848,2.5277,4,1,pythia_6.86104B_trajectory,B3,interpolated Pythia trajectories,pythia_6.86104B_trajectory,3779,2.5277,2.527617823638744,-8.217636125573691e-05,8.217636125573691e-05
6.86104,10.002,2.5236,4,1,pythia_6.86104B_trajectory,B3,interpolated Pythia trajectories,pythia_6.86104B_trajectory,3780,2.5236,2.52478423040335,0.0011842304033500284,0.0011842304033500284
6.86104,10.157,2.5226,4,1,pythia_6.86104B_trajectory,B3,interpolated Pythia trajectories,pythia_6.86104B_trajectory,3781,2.5226,2.521988069046678,-0.0006119309533221262,0.0006119309533221262
6.86104,10.316,2.5174,4,1,pythia_6.86104B_trajectory,B3,interpolated Pythia trajectories,pythia_6.86104B_trajectory,3782,2.5174,2.519175930428644,0.0017759304286442124,0.0017759304286442124
6.86104,10.476,2.5151,5,1,pythia_6.86104B_trajectory,B3,interpolated Pythia trajectories,pythia_6.86104B_trajectory,3783,2.5151,2.5164015548651575,0.0013015548651575948,0.0013015548651575948
6.86104,10.64,2.5124,5,1,pythia_6.86104B_trajectory,B3,interpolated Pythia trajectories,pythia_6.86104B_trajectory,3784,2.5124,2.5136135439335536,0.0012135439335536624,0.0012135439335536624
6.86104,10.805,2.5137,5,1,pythia_6.86104B_trajectory,B3,interpolated Pythia trajectories,pythia_6.86104B_trajectory,3785,2.5137,2.510863493101475,-0.002836506898525215,0.002836506898525215
6.86104,10.974,2.5059,5,1,pythia_6.86104B_trajectory,B3,interpolated Pythia trajectories,pythia_6.86104B_trajectory,3786,2.5059,2.5081019406129674,0.0022019406129674124,0.0022019406129674124
6.86104,11.145,2.5032,5,1,pythia_6.86104B_trajectory,B3,interpolated Pythia trajectories,pythia_6.86104B_trajectory,3787,2.5032,2.5053625613444854,0.0021625613444853364,0.0021625613444853364
6.86104,11.318,2.5049,5,1,pythia_6.86104B_trajectory,B3,interpolated Pythia trajectories,pythia_6.86104B_trajectory,3788,2.5049,2.502645346522653,-0.0022546534773471016,0.0022546534773471016
6.86104,11.495,2.4996,5,1,pythia_6.86104B_trajectory,B3,interpolated Pythia trajectories,pythia_6.86104B_trajectory,3789,2.4996,2.4999197761503984,0.0003197761503983543,0.0003197761503983543
6.86104,11.674,2.496,5,1,pythia_6.86104B_trajectory,B3,interpolated Pythia trajectories,pythia_6.86104B_trajectory,3790,2.496,2.4972174981956474,0.0012174981956474262,0.0012174981956474262
6.86104,11.855,2.4931,5,1,pythia_6.86104B_trajectory,B3,interpolated Pythia trajectories,pythia_6.86104B_trajectory,3791,2.4931,2.494538421420723,0.001438421420723035,0.001438421420723035
6.86104,12.04,2.494,5,1,pythia_6.86104B_trajectory,B3,interpolated Pythia trajectories,pythia_6.86104B_trajectory,3792,2.494,2.4918537030891983,-0.002146296910801926,0.002146296910801926
6.86104,12.228,2.491,5,1,pythia_6.86104B_trajectory,B3,interpolated Pythia trajectories,pythia_6.86104B_trajectory,3793,2.491,2.4891790024209297,-0.0018209975790703936,0.0018209975790703936
6.86104,12.418,2.4841,5,1,pythia_6.86104B_trajectory,B3,interpolated Pythia trajectories,pythia_6.86104B_trajectory,3794,2.4841,2.4865287960911573,0.0024287960911570927,0.0024287960911570927
6.86104,12.612,2.4866,6,1,pythia_6.86104B_trajectory,B3,interpolated Pythia trajectories,pythia_6.86104B_trajectory,3795,2.4866,2.483875813923477,-0.0027241860765232495,0.0027241860765232495
6.86104,12.808,2.4795,6,1,pythia_6.86104B_trajectory,B3,interpolated Pythia trajectories,pythia_6.86104B_trajectory,3796,2.4795,2.4812480003744444,0.0017480003744445582,0.0017480003744445582
6.86104,13.008,2.4751,6,1,pythia_6.86104B_trajectory,B3,interpolated Pythia trajectories,pythia_6.86104B_trajectory,3797,2.4751,2.478619087157614,0.003519087157614287,0.003519087157614287
6.86104,13.21,2.474,6,1,pythia_6.86104B_trajectory,B3,interpolated Pythia trajectories,pythia_6.86104B_trajectory,3798,2.474,2.476015880021557,0.0020158800215566153,0.0020158800215566153
6.86104,13.416,2.4752,6,1,pythia_6.86104B_trajectory,B3,interpolated Pythia trajectories,pythia_6.86104B_trajectory,3799,2.4752,2.473413076728511,-0.0017869232714891048,0.0017869232714891048
6.86104,13.625,2.4706,6,1,pythia_6.86104B_trajectory,B3,interpolated Pythia trajectories,pythia_6.86104B_trajectory,3800,2.4706,2.4708241266503075,0.00022412665030735468,0.00022412665030735468
6.86104,13.837,2.4715,6,1,pythia_6.86104B_trajectory,B3,interpolated Pythia trajectories,pythia_6.86104B_trajectory,3801,2.4715,2.4682494304757325,-0.003250569524267277,0.003250569524267277
6.86104,14.053,2.4671,6,1,pythia_6.86104B_trajectory,B3,interpolated Pythia trajectories,pythia_6.86104B_trajectory,3802,2.4671,2.4656775673714084,-0.0014224326285914302,0.0014224326285914302
6.86104,14.272,2.4591,6,1,pythia_6.86104B_trajectory,B3,interpolated Pythia trajectories,pythia_6.86104B_trajectory,3803,2.4591,2.463121127449641,0.004021127449641337,0.004021127449641337
6.86104,14.494,2.4624,6,1,pythia_6.86104B_trajectory,B3,interpolated Pythia trajectories,pythia_6.86104B_trajectory,3804,2.4624,2.4605804063860406,-0.001819593613959558,0.001819593613959558
6.86104,14.72,2.4565,7,1,pythia_6.86104B_trajectory,B3,interpolated Pythia trajectories,pythia_6.86104B_trajectory,3805,2.4565,2.4580445622940705,0.0015445622940704062,0.0015445622940704062
6.86104,14.949,2.4566,7,1,pythia_6.86104B_trajectory,B3,interpolated Pythia trajectories,pythia_6.86104B_trajectory,3806,2.4566,2.4555253826302885,-0.0010746173697113726,0.0010746173697113726
6.86104,15.182,2.4511,7,1,pythia_6.86104B_trajectory,B3,interpolated Pythia trajectories,pythia_6.86104B_trajectory,3807,2.4511,2.453012392226939,0.0019123922269392857,0.0019123922269392857
6.86104,15.418,2.4517,7,1,pythia_6.86104B_trajectory,B3,interpolated Pythia trajectories,pythia_6.86104B_trajectory,3808,2.4517,2.4505168692377444,-0.0011831307622558462,0.0011831307622558462
6.86104,15.659,2.4475,7,1,pythia_6.86104B_trajectory,B3,interpolated Pythia trajectories,pythia_6.86104B_trajectory,3809,2.4475,2.448018428999558,0.0005184289995581182,0.0005184289995581182
6.86104,15.903,2.4451,7,1,pythia_6.86104B_trajectory,B3,interpolated Pythia trajectories,pythia_6.86104B_trajectory,3810,2.4451,2.445538530288982,0.00043853028898199753,0.00043853028898199753
6.86104,16.15,2.4354,7,1,pythia_6.86104B_trajectory,B3,interpolated Pythia trajectories,pythia_6.86104B_trajectory,3811,2.4354,2.443077253417322,0.00767725341732195,0.00767725341732195
6.86104,16.402,2.4381,7,1,pythia_6.86104B_trajectory,B3,interpolated Pythia trajectories,pythia_6.86104B_trajectory,3812,2.4381,2.4406153133286184,0.0025153133286184293,0.0025153133286184293
6.86104,16.657,2.4414,7,1,pythia_6.86104B_trajectory,B3,interpolated Pythia trajectories,pythia_6.86104B_trajectory,3813,2.4414,2.43817285906032,-0.0032271409396797957,0.0032271409396797957
6.86104,16.917,2.4381,8,1,pythia_6.86104B_trajectory,B3,interpolated Pythia trajectories,pythia_6.86104B_trajectory,3814,2.4381,2.4357312990210116,-0.002368700978988336,0.002368700978988336
6.86104,17.18,2.4329,8,1,pythia_6.86104B_trajectory,B3,interpolated Pythia trajectories,pythia_6.86104B_trajectory,3815,2.4329,2.4333099478536884,0.00040994785368830833,0.00040994785368830833
6.86104,17.448,2.4327,8,1,pythia_6.86104B_trajectory,B3,interpolated Pythia trajectories,pythia_6.86104B_trajectory,3816,2.4327,2.43089088394553,-0.0018091160544702056,0.0018091160544702056
6.86104,17.72,2.4303,8,1,pythia_6.86104B_trajectory,B3,interpolated Pythia trajectories,pythia_6.86104B_trajectory,3817,2.4303,2.428483860508093,-0.001816139491906732,0.001816139491906732
6.86104,17.996,2.4296,8,1,pythia_6.86104B_trajectory,B3,interpolated Pythia trajectories,pythia_6.86104B_trajectory,3818,2.4296,2.4260892994803642,-0.0035107005196359786,0.0035107005196359786
6.86104,18.276,2.4239,8,1,pythia_6.86104B_trajectory,B3,interpolated Pythia trajectories,pythia_6.86104B_trajectory,3819,2.4239,2.4237075914066724,-0.00019240859332780857,0.00019240859332780857
6.86104,18.561,2.422,8,1,pythia_6.86104B_trajectory,B3,interpolated Pythia trajectories,pythia_6.86104B_trajectory,3820,2.422,2.4213308391739945,-0.0006691608260056547,0.0006691608260056547
6.86104,18.85,2.4203,9,1,pythia_6.86104B_trajectory,B3,interpolated Pythia trajectories,pythia_6.86104B_trajectory,3821,2.4203,2.418967955222949,-0.0013320447770510668,0.0013320447770510668
6.86104,19.144,2.4153,9,1,pythia_6.86104B_trajectory,B3,interpolated Pythia trajectories,pythia_6.86104B_trajectory,3822,2.4153,2.4166112967796414,0.0013112967796415909,0.0013112967796415909
6.86104,19.442,2.4098,9,1,pythia_6.86104B_trajectory,B3,interpolated Pythia trajectories,pythia_6.86104B_trajectory,3823,2.4098,2.4142693798977137,0.004469379897713566,0.004469379897713566
6.86104,19.745,2.4108,9,1,pythia_6.86104B_trajectory,B3,interpolated Pythia trajectories,pythia_6.86104B_trajectory,3824,2.4108,2.411934809358499,0.0011348093584988561,0.0011348093584988561
6.86104,20.052,2.4103,9,1,pythia_6.86104B_trajectory,B3,interpolated Pythia trajectories,pythia_6.86104B_trajectory,3825,2.4103,2.4096157233313056,-0.0006842766686943058,0.0006842766686943058
6.86104,20.365,2.4048,9,1,pythia_6.86104B_trajectory,B3,interpolated Pythia trajectories,pythia_6.86104B_trajectory,3826,2.4048,2.407297634088714,0.0024976340887139514,0.0024976340887139514
6.86104,20.682,2.4034,9,1,pythia_6.86104B_trajectory,B3,interpolated Pythia trajectories,pythia_6.86104B_trajectory,3827,2.4034,2.4049959399023555,0.0015959399023555143,0.0015959399023555143
6.86104,21.004,2.4031,10,1,pythia_6.86104B_trajectory,B3,interpolated Pythia trajectories,pythia_6.86104B_trajectory,3828,2.4031,2.402703712049554,-0.00039628795044599485,0.00039628795044599485
6.86104,21.331,2.3974,10,1,pythia_6.86104B_trajectory,B3,interpolated Pythia trajectories,pythia_6.86104B_trajectory,3829,2.3974,2.400421465664451,0.0030214656644509397,0.0030214656644509397
6.86104,21.664,2.4006,10,1,pythia_6.86104B_trajectory,B3,interpolated Pythia trajectories,pythia_6.86104B_trajectory,3830,2.4006,2.3981429062478603,-0.0024570937521395386,0.0024570937521395386
6.86104,22.001,2.3986,10,1,pythia_6.86104B_trajectory,B3,interpolated Pythia trajectories,pythia_6.86104B_trajectory,3831,2.3986,2.395882164780412,-0.0027178352195882383,0.0027178352195882383
6.86104,22.344,2.3955,10,1,pythia_6.86104B_trajectory,B3,interpolated Pythia trajectories,pythia_6.86104B_trajectory,3832,2.3955,2.3936262345524524,-0.0018737654475478038,0.0018737654475478038
6.86104,22.692,2.3927,10,1,pythia_6.86104B_trajectory,B3,interpolated Pythia trajectories,pythia_6.86104B_trajectory,3833,2.3927,2.3913822689919457,-0.0013177310080543236,0.0013177310080543236
6.86104,23.045,2.3894,11,1,pythia_6.86104B_trajectory,B3,interpolated Pythia trajectories,pythia_6.86104B_trajectory,3834,2.3894,2.389150617517467,-0.0002493824825333668,0.0002493824825333668
6.86104,23.404,2.3844,11,1,pythia_6.86104B_trajectory,B3,interpolated Pythia trajectories,pythia_6.86104B_trajectory,3835,2.3844,2.3869254647209965,0.002525464720996684,0.002525464720996684
6.86104,23.769,2.3844,11,1,pythia_6.86104B_trajectory,B3,interpolated Pythia trajectories,pythia_6.86104B_trajectory,3836,2.3844,2.3847074665829693,0.00030746658296942897,0.00030746658296942897
6.86104,24.139,2.384,11,1,pythia_6.86104B_trajectory,B3,interpolated Pythia trajectories,pythia_6.86104B_trajectory,3837,2.384,2.3825031387141955,-0.0014968612858043961,0.0014968612858043961
6.86104,24.515,2.3839,11,1,pythia_6.86104B_trajectory,B3,interpolated Pythia trajectories,pythia_6.86104B_trajectory,3838,2.3839,2.3803069295806387,-0.0035930704193614105,0.0035930704193614105
6.86104,24.897,2.3761,11,1,pythia_6.86104B_trajectory,B3,interpolated Pythia trajectories,pythia_6.86104B_trajectory,3839,2.3761,2.3781193882354597,0.0020193882354595516,0.0020193882354595516
6.86104,25.285,2.3764,12,1,pythia_6.86104B_trajectory,B3,interpolated Pythia trajectories,pythia_6.86104B_trajectory,3840,2.3764,2.375941028647447,-0.00045897135255268395,0.00045897135255268395
6.86104,25.679,2.3728,12,1,pythia_6.86104B_trajectory,B3,interpolated Pythia trajectories,pythia_6.86104B_trajectory,3841,2.3728,2.3737723310873777,0.0009723310873779312,0.0009723310873779312
6.86104,26.079,2.3673,12,1,pythia_6.86104B_trajectory,B3,interpolated Pythia trajectories,pythia_6.86104B_trajectory,3842,2.3673,2.3716137434945828,0.004313743494582578,0.004313743494582578
6.86104,26.485,2.3648,12,1,pythia_6.86104B_trajectory,B3,interpolated Pythia trajectories,pythia_6.86104B_trajectory,3843,2.3648,2.369465682820368,0.004665682820368389,0.004665682820368389
6.86104,26.898,2.3705,12,1,pythia_6.86104B_trajectory,B3,interpolated Pythia trajectories,pythia_6.86104B_trajectory,3844,2.3705,2.367323400160515,-0.003176599839485039,0.003176599839485039
6.86104,27.317,2.3673,13,1,pythia_6.86104B_trajectory,B3,interpolated Pythia trajectories,pythia_6.86104B_trajectory,3845,2.3673,2.3651925915923537,-0.0021074084076464494,0.0021074084076464494
6.86104,27.742,2.3647,13,1,pythia_6.86104B_trajectory,B3,interpolated Pythia trajectories,pythia_6.86104B_trajectory,3846,2.3647,2.3630735826428504,-0.0016264173571496343,0.0016264173571496343
6.86104,28.174,2.362,13,1,pythia_6.86104B_trajectory,B3,interpolated Pythia trajectories,pythia_6.86104B_trajectory,3847,2.362,2.3609618326897017,-0.0010381673102983768,0.0010381673102983768
6.86104,28.613,2.359,13,1,pythia_6.86104B_trajectory,B3,interpolated Pythia trajectories,pythia_6.86104B_trajectory,3848,2.359,2.358857900790801,-0.0001420992091989426,0.0001420992091989426
6.86104,29.059,2.3577,13,1,pythia_6.86104B_trajectory,B3,interpolated Pythia trajectories,pythia_6.86104B_trajectory,3849,2.3577,2.356762311099485,-0.0009376889005148215,0.0009376889005148215
6.86104,29.512,2.3541,14,1,pythia_6.86104B_trajectory,B3,interpolated Pythia trajectories,pythia_6.86104B_trajectory,3850,2.3541,2.3546755542089706,0.0005755542089707077,0.0005755542089707077
6.86104,29.971,2.3514,14,1,pythia_6.86104B_trajectory,B3,interpolated Pythia trajectories,pythia_6.86104B_trajectory,3851,2.3514,2.3526025603677883,0.001202560367788319,0.001202560367788319
6.86104,30.438,2.3534,14,1,pythia_6.86104B_trajectory,B3,interpolated Pythia trajectories,pythia_6.86104B_trajectory,3852,2.3534,2.3505347256207236,-0.002865274379276528,0.002865274379276528
6.86104,30.912,2.3449,14,1,pythia_6.86104B_trajectory,B3,interpolated Pythia trajectories,pythia_6.86104B_trajectory,3853,2.3449,2.3484770090491898,0.0035770090491897832,0.0035770090491897832
6.86104,31.394,2.3461,15,1,pythia_6.86104B_trajectory,B3,interpolated Pythia trajectories,pythia_6.86104B_trajectory,3854,2.3461,2.3464255657701463,0.00032556577014641874,0.00032556577014641874
6.86104,31.883,2.344,15,1,pythia_6.86104B_trajectory,B3,interpolated Pythia trajectories,pythia_6.86104B_trajectory,3855,2.344,2.3443851172900283,0.0003851172900284361,0.0003851172900284361
6.86104,32.38,2.3463,15,1,pythia_6.86104B_trajectory,B3,interpolated Pythia trajectories,pythia_6.86104B_trajectory,3856,2.3463,2.342351924066353,-0.003948075933646766,0.003948075933646766
6.86104,32.884,2.3409,15,1,pythia_6.86104B_trajectory,B3,interpolated Pythia trajectories,pythia_6.86104B_trajectory,3857,2.3409,2.3403304818262836,-0.0005695181737164212,0.0005695181737164212
6.86104,33.396,2.3371,15,1,pythia_6.86104B_trajectory,B3,interpolated Pythia trajectories,pythia_6.86104B_trajectory,3858,2.3371,2.3383171548754724,0.0012171548754724704,0.0012171548754724704
6.86104,33.917,2.336,16,1,pythia_6.86104B_trajectory,B3,interpolated Pythia trajectories,pythia_6.86104B_trajectory,3859,2.336,2.336308589899174,0.00030858989917392776,0.00030858989917392776
6.86104,34.445,2.3316,16,1,pythia_6.86104B_trajectory,B3,interpolated Pythia trajectories,pythia_6.86104B_trajectory,3860,2.3316,2.3343129296417207,0.0027129296417207627,0.0027129296417207627
6.86104,34.982,2.335,16,1,pythia_6.86104B_trajectory,B3,interpolated Pythia trajectories,pythia_6.86104B_trajectory,3861,2.335,2.3323230153648273,-0.00267698463517263,0.00267698463517263
6.86104,35.526,2.3312,16,1,pythia_6.86104B_trajectory,B3,interpolated Pythia trajectories,pythia_6.86104B_trajectory,3862,2.3312,2.3303466331309304,-0.0008533668690695606,0.0008533668690695606
6.86104,36.08,2.3267,17,1,pythia_6.86104B_trajectory,B3,interpolated Pythia trajectories,pythia_6.86104B_trajectory,3863,2.3267,2.3283733355186578,0.0016733355186575594,0.0016733355186575594
6.86104,36.642,2.3261,17,1,pythia_6.86104B_trajectory,B3,interpolated Pythia trajectories,pythia_6.86104B_trajectory,3864,2.3261,2.326410775536509,0.00031077553650904477,0.00031077553650904477
6.86104,37.213,2.3256,17,1,pythia_6.86104B_trajectory,B3,interpolated Pythia trajectories,pythia_6.86104B_trajectory,3865,2.3256,2.324455853113675,-0.001144146886324915,0.001144146886324915
6.86104,37.792,2.3234,18,1,pythia_6.86104B_trajectory,B3,interpolated Pythia trajectories,pythia_6.86104B_trajectory,3866,2.3234,2.32251235751277,-0.0008876424872297228,0.0008876424872297228
6.86104,38.381,2.319,18,1,pythia_6.86104B_trajectory,B3,interpolated Pythia trajectories,pythia_6.86104B_trajectory,3867,2.319,2.3205740116498603,0.001574011649860374,0.001574011649860374
6.86104,38.979,2.3169,18,1,pythia_6.86104B_trajectory,B3,interpolated Pythia trajectories,pythia_6.86104B_trajectory,3868,2.3169,2.3186446117190096,0.0017446117190096366,0.0017446117190096366
6.86104,39.586,2.3182,18,1,pythia_6.86104B_trajectory,B3,interpolated Pythia trajectories,pythia_6.86104B_trajectory,3869,2.3182,2.31672453591927,-0.0014754640807299602,0.0014754640807299602
6.86104,40.203,2.3155,19,1,pythia_6.86104B_trajectory,B3,interpolated Pythia trajectories,pythia_6.86104B_trajectory,3870,2.3155,2.314811064912705,-0.0006889350872949507,0.0006889350872949507
6.86104,40.829,2.3101,19,1,pythia_6.86104B_trajectory,B3,interpolated Pythia trajectories,pythia_6.86104B_trajectory,3871,2.3101,2.312907715499193,0.0028077154991930087,0.0028077154991930087
6.86104,41.465,2.31,19,1,pythia_6.86104B_trajectory,B3,interpolated Pythia trajectories,pythia_6.86104B_trajectory,3872,2.31,2.311011833658152,0.0010118336581519394,0.0010118336581519394
6.86104,42.111,2.312,20,1,pythia_6.86104B_trajectory,B3,interpolated Pythia trajectories,pythia_6.86104B_trajectory,3873,2.312,2.309123866971342,-0.002876133028657968,0.002876133028657968
6.86104,42.767,2.3104,20,1,pythia_6.86104B_trajectory,B3,interpolated Pythia trajectories,pythia_6.86104B_trajectory,3874,2.3104,2.3072442337494894,-0.0031557662505106165,0.0031557662505106165
6.86104,43.433,2.3071,20,1,pythia_6.86104B_trajectory,B3,interpolated Pythia trajectories,pythia_6.86104B_trajectory,3875,2.3071,2.3053733242163963,-0.0017266757836038593,0.0017266757836038593
6.86104,44.11,2.302,21,1,pythia_6.86104B_trajectory,B3,interpolated Pythia trajectories,pythia_6.86104B_trajectory,3876,2.302,2.3035087745990954,0.001508774599095375,0.001508774599095375
6.86104,44.797,2.2987,21,1,pythia_6.86104B_trajectory,B3,interpolated Pythia trajectories,pythia_6.86104B_trajectory,3877,2.2987,2.3016537562406585,0.0029537562406583007,0.0029537562406583007
6.86104,45.495,2.3011,21,1,pythia_6.86104B_trajectory,B3,interpolated Pythia trajectories,pythia_6.86104B_trajectory,3878,2.3011,2.2998059574398164,-0.001294042560183506,0.001294042560183506
6.86104,46.204,2.2964,22,1,pythia_6.86104B_trajectory,B3,interpolated Pythia trajectories,pythia_6.86104B_trajectory,3879,2.2964,2.29796581815075,0.0015658181507496316,0.0015658181507496316
6.86104,46.923,2.2972,22,1,pythia_6.86104B_trajectory,B3,interpolated Pythia trajectories,pythia_6.86104B_trajectory,3880,2.2972,2.296136269183012,-0.0010637308169880733,0.0010637308169880733
6.86104,47.654,2.295,22,1,pythia_6.86104B_trajectory,B3,interpolated Pythia trajectories,pythia_6.86104B_trajectory,3881,2.295,2.294312605830599,-0.000687394169400779,0.000687394169400779
6.86104,48.397,2.2938,23,1,pythia_6.86104B_trajectory,B3,interpolated Pythia trajectories,pythia_6.86104B_trajectory,3882,2.2938,2.292495333516715,-0.0013046664832851995,0.0013046664832851995
6.86104,49.15,2.2904,23,1,pythia_6.86104B_trajectory,B3,interpolated Pythia trajectories,pythia_6.86104B_trajectory,3883,2.2904,2.2906896753197117,0.0002896753197116908,0.0002896753197116908
6.86104,49.916,2.2887,23,1,pythia_6.86104B_trajectory,B3,interpolated Pythia trajectories,pythia_6.86104B_trajectory,3884,2.2887,2.288888813097083,0.0001888130970830737,0.0001888130970830737
6.86104,50.694,2.284,24,1,pythia_6.86104B_trajectory,B3,interpolated Pythia trajectories,pythia_6.86104B_trajectory,3885,2.284,2.28709558725613,0.003095587256130017,0.003095587256130017
6.86104,51.483,2.2824,24,1,pythia_6.86104B_trajectory,B3,interpolated Pythia trajectories,pythia_6.86104B_trajectory,3886,2.2824,2.28531262635619,0.002912626356189829,0.002912626356189829
6.86104,52.285,2.287,25,1,pythia_6.86104B_trajectory,B3,interpolated Pythia trajectories,pythia_6.86104B_trajectory,3887,2.287,2.2835357760484225,-0.0034642239515774165,0.0034642239515774165
6.86104,53.1,2.2811,25,1,pythia_6.86104B_trajectory,B3,interpolated Pythia trajectories,pythia_6.86104B_trajectory,3888,2.2811,2.281765507050604,0.0006655070506043081,0.0006655070506043081
6.86104,53.927,2.2786,25,1,pythia_6.86104B_trajectory,B3,interpolated Pythia trajectories,pythia_6.86104B_trajectory,3889,2.2786,2.2800043692668965,0.0014043692668965768,0.0014043692668965768
6.86104,54.767,2.2803,26,1,pythia_6.86104B_trajectory,B3,interpolated Pythia trajectories,pythia_6.86104B_trajectory,3890,2.2803,2.278250584505388,-0.002049415494612017,0.002049415494612017
6.86104,55.62,2.2767,26,1,pythia_6.86104B_trajectory,B3,interpolated Pythia trajectories,pythia_6.86104B_trajectory,3891,2.2767,2.2765045411111773,-0.00019545888882266382,0.00019545888882266382
6.86104,56.487,2.2787,27,1,pythia_6.86104B_trajectory,B3,interpolated Pythia trajectories,pythia_6.86104B_trajectory,3892,2.2787,2.274764614245855,-0.003935385754145315,0.003935385754145315
6.86104,57.367,2.271,27,1,pythia_6.86104B_trajectory,B3,interpolated Pythia trajectories,pythia_6.86104B_trajectory,3893,2.271,2.273033206114912,0.0020332061149122005,0.0020332061149122005
6.86104,58.26,2.2751,27,1,pythia_6.86104B_trajectory,B3,interpolated Pythia trajectories,pythia_6.86104B_trajectory,3894,2.2751,2.271310627692881,-0.0037893723071191765,0.0037893723071191765
6.86104,59.168,2.2704,28,1,pythia_6.86104B_trajectory,B3,interpolated Pythia trajectories,pythia_6.86104B_trajectory,3895,2.2704,2.269593421837969,-0.000806578162031002,0.000806578162031002
6.86104,60.09,2.2709,28,1,pythia_6.86104B_trajectory,B3,interpolated Pythia trajectories,pythia_6.86104B_trajectory,3896,2.2709,2.26788391064101,-0.003016089358990115,0.003016089358990115
6.86104,61.026,2.2646,29,1,pythia_6.86104B_trajectory,B3,interpolated Pythia trajectories,pythia_6.86104B_trajectory,3897,2.2646,2.2661824427061514,0.0015824427061512658,0.0015824427061512658
6.86104,61.976,2.2632,29,1,pythia_6.86104B_trajectory,B3,interpolated Pythia trajectories,pythia_6.86104B_trajectory,3898,2.2632,2.2644893423882175,0.0012893423882176513,0.0012893423882176513
6.86104,62.942,2.2647,30,1,pythia_6.86104B_trajectory,B3,interpolated Pythia trajectories,pythia_6.86104B_trajectory,3899,2.2647,2.2628014505434124,-0.0018985494565875172,0.0018985494565875172
6.86104,63.922,2.2587,30,1,pythia_6.86104B_trajectory,B3,interpolated Pythia trajectories,pythia_6.86104B_trajectory,3900,2.2587,2.26112264176573,0.002422641765730038,0.002422641765730038
6.86104,64.918,2.2592,31,1,pythia_6.86104B_trajectory,B3,interpolated Pythia trajectories,pythia_6.86104B_trajectory,3901,2.2592,2.25944984351117,0.00024984351116996706,0.00024984351116996706
6.86104,65.929,2.2578,31,1,pythia_6.86104B_trajectory,B3,interpolated Pythia trajectories,pythia_6.86104B_trajectory,3902,2.2578,2.2577851147590864,-1.4885240913642406e-05,1.4885240913642406e-05
6.86104,66.956,2.2596,32,1,pythia_6.86104B_trajectory,B3,interpolated Pythia trajectories,pythia_6.86104B_trajectory,3903,2.2596,2.256127162624324,-0.00347283737567583,0.00347283737567583
6.86104,67.999,2.2533,32,1,pythia_6.86104B_trajectory,B3,interpolated Pythia trajectories,pythia_6.86104B_trajectory,3904,2.2533,2.254476364346174,0.0011763643461741857,0.0011763643461741857
6.86104,69.058,2.2559,33,1,pythia_6.86104B_trajectory,B3,interpolated Pythia trajectories,pythia_6.86104B_trajectory,3905,2.2559,2.252833072117417,-0.003066927882583226,0.003066927882583226
6.86104,70.134,2.2511,33,1,pythia_6.86104B_trajectory,B3,interpolated Pythia trajectories,pythia_6.86104B_trajectory,3906,2.2511,2.2511961077202214,9.610772022128344e-05,9.610772022128344e-05
6.86104,71.227,2.2472,34,1,pythia_6.86104B_trajectory,B3,interpolated Pythia trajectories,pythia_6.86104B_trajectory,3907,2.2472,2.2495658648059087,0.002365864805908835,0.002365864805908835
6.86104,72.336,2.2484,34,1,pythia_6.86104B_trajectory,B3,interpolated Pythia trajectories,pythia_6.86104B_trajectory,3908,2.2484,2.247944159389174,-0.0004558406108263746,0.0004558406108263746
6.86104,73.463,2.2453,35,1,pythia_6.86104B_trajectory,B3,interpolated Pythia trajectories,pythia_6.86104B_trajectory,3909,2.2453,2.2463284107988803,0.001028410798880497,0.001028410798880497
6.86104,74.608,2.2404,35,1,pythia_6.86104B_trajectory,B3,interpolated Pythia trajectories,pythia_6.86104B_trajectory,3910,2.2404,2.24471902416445,0.004319024164449736,0.004319024164449736
6.86104,75.77,2.2426,36,1,pythia_6.86104B_trajectory,B3,interpolated Pythia trajectories,pythia_6.86104B_trajectory,3911,2.2426,2.2431177432254215,0.0005177432254215297,0.0005177432254215297
6.86104,76.95,2.2432,36,1,pythia_6.86104B_trajectory,B3,interpolated Pythia trajectories,pythia_6.86104B_trajectory,3912,2.2432,2.2415235044526445,-0.0016764955473553833,0.0016764955473553833
6.86104,78.149,2.2381,37,1,pythia_6.86104B_trajectory,B3,interpolated Pythia trajectories,pythia_6.86104B_trajectory,3913,2.2381,2.2399353284527974,0.0018353284527972136,0.0018353284527972136
6.86104,79.366,2.2399,37,1,pythia_6.86104B_trajectory,B3,interpolated Pythia trajectories,pythia_6.86104B_trajectory,3914,2.2399,2.2383548874421164,-0.0015451125578835878,0.0015451125578835878
6.86104,80.603,2.2375,38,1,pythia_6.86104B_trajectory,B3,interpolated Pythia trajectories,pythia_6.86104B_trajectory,3915,2.2375,2.2367799458815742,-0.0007200541184255727,0.0007200541184255727
6.86104,81.858,2.2376,39,1,pythia_6.86104B_trajectory,B3,interpolated Pythia trajectories,pythia_6.86104B_trajectory,3916,2.2376,2.2352133887124914,-0.002386611287508611,0.002386611287508611
6.86104,83.133,2.2337,39,1,pythia_6.86104B_trajectory,B3,interpolated Pythia trajectories,pythia_6.86104B_trajectory,3917,2.2337,2.23365303418838,-4.6965811619781306e-05,4.6965811619781306e-05
6.86104,84.428,2.2297,40,1,pythia_6.86104B_trajectory,B3,interpolated Pythia trajectories,pythia_6.86104B_trajectory,3918,2.2297,2.232099247317978,0.002399247317978137,0.002399247317978137
6.86104,85.744,2.2299,41,1,pythia_6.86104B_trajectory,B3,interpolated Pythia trajectories,pythia_6.86104B_trajectory,3919,2.2299,2.23055120439562,0.000651204395619942,0.000651204395619942
6.86104,87.079,2.2282,41,1,pythia_6.86104B_trajectory,B3,interpolated Pythia trajectories,pythia_6.86104B_trajectory,3920,2.2282,2.229011575811293,0.0008115758112929861,0.0008115758112929861
6.86104,88.436,2.228,42,1,pythia_6.86104B_trajectory,B3,interpolated Pythia trajectories,pythia_6.86104B_trajectory,3921,2.228,2.227477230418473,-0.0005227695815270827,0.0005227695815270827
6.86104,89.813,2.2253,42,1,pythia_6.86104B_trajectory,B3,interpolated Pythia trajectories,pythia_6.86104B_trajectory,3922,2.2253,2.2259507699629166,0.0006507699629167973,0.0006507699629167973
6.86104,91.212,2.2244,43,1,pythia_6.86104B_trajectory,B3,interpolated Pythia trajectories,pythia_6.86104B_trajectory,3923,2.2244,2.2244302942096468,3.0294209646619663e-05,3.0294209646619663e-05
6.86104,92.633,2.2183,44,1,pythia_6.86104B_trajectory,B3,interpolated Pythia trajectories,pythia_6.86104B_trajectory,3924,2.2183,2.2229161623328015,0.004616162332801377,0.004616162332801377
6.86104,94.076,2.2241,45,1,pythia_6.86104B_trajectory,B3,interpolated Pythia trajectories,pythia_6.86104B_trajectory,3925,2.2241,2.2214087100239484,-0.002691289976051614,0.002691289976051614
6.86104,95.542,2.2167,45,1,pythia_6.86104B_trajectory,B3,interpolated Pythia trajectories,pythia_6.86104B_trajectory,3926,2.2167,2.219907236312869,0.0032072363128690107,0.0032072363128690107
6.86104,97.03,2.221,46,1,pythia_6.86104B_trajectory,B3,interpolated Pythia trajectories,pythia_6.86104B_trajectory,3927,2.221,2.218413086599101,-0.0025869134008988937,0.0025869134008988937
6.86104,98.542,2.2141,47,1,pythia_6.86104B_trajectory,B3,interpolated Pythia trajectories,pythia_6.86104B_trajectory,3928,2.2141,2.216924580969592,0.0028245809695919277,0.0028245809695919277
6.86104,100.077,2.2135,47,1,pythia_6.86104B_trajectory,B3,interpolated Pythia trajectories,pythia_6.86104B_trajectory,3929,2.2135,2.2154430394960896,0.0019430394960897601,0.0019430394960897601
6.86104,101.636,2.2138,48,1,pythia_6.86104B_trajectory,B3,interpolated Pythia trajectories,pythia_6.86104B_trajectory,3930,2.2138,2.2139678099445934,0.00016780994459342224,0.00016780994459342224
6.86104,103.219,2.2123,49,1,pythia_6.86104B_trajectory,B3,interpolated Pythia trajectories,pythia_6.86104B_trajectory,3931,2.2123,2.2124992117620685,0.00019921176206860736,0.00019921176206860736
6.86104,104.827,2.2086,50,1,pythia_6.86104B_trajectory,B3,interpolated Pythia trajectories,pythia_6.86104B_trajectory,3932,2.2086,2.2110366421252805,0.002436642125280386,0.002436642125280386
6.86104,106.46,2.2098,50,1,pythia_6.86104B_trajectory,B3,interpolated Pythia trajectories,pythia_6.86104B_trajectory,3933,2.2098,2.209580430980328,-0.00021956901967179476,0.00021956901967179476
6.86104,108.118,2.2044,51,1,pythia_6.86104B_trajectory,B3,interpolated Pythia trajectories,pythia_6.86104B_trajectory,3934,2.2044,2.208130886286376,0.0037308862863758563,0.0037308862863758563
6.86104,109.802,2.2069,52,1,pythia_6.86104B_trajectory,B3,interpolated Pythia trajectories,pythia_6.86104B_trajectory,3935,2.2069,2.2066874461944357,-0.00021255380556439718,0.00021255380556439718
6.86104,111.513,2.204,53,1,pythia_6.86104B_trajectory,B3,interpolated Pythia trajectories,pythia_6.86104B_trajectory,3936,2.204,2.2052495951302484,0.0012495951302482489,0.0012495951302482489
6.86104,113.25,2.2048,54,1,pythia_6.86104B_trajectory,B3,interpolated Pythia trajectories,pythia_6.86104B_trajectory,3937,2.2048,2.203818492964516,-0.0009815070354841637,0.0009815070354841637
6.86104,115.014,2.2026,55,1,pythia_6.86104B_trajectory,B3,interpolated Pythia trajectories,pythia_6.86104B_trajectory,3938,2.2026,2.2023936136344613,-0.00020638636553860223,0.00020638636553860223
6.86104,116.806,2.2,55,1,pythia_6.86104B_trajectory,B3,interpolated Pythia trajectories,pythia_6.86104B_trajectory,3939,2.2,2.2009744741468005,0.0009744741468002971,0.0009744741468002971
6.86104,118.625,2.1994,56,1,pythia_6.86104B_trajectory,B3,interpolated Pythia trajectories,pythia_6.86104B_trajectory,3940,2.1994,2.1995621698870544,0.00016216988705464175,0.00016216988705464175
6.86104,120.473,2.1984,57,1,pythia_6.86104B_trajectory,B3,interpolated Pythia trajectories,pythia_6.86104B_trajectory,3941,2.1984,2.1981554532460676,-0.0002445467539322621,0.0002445467539322621
6.86104,122.35,2.1999,58,1,pythia_6.86104B_trajectory,B3,interpolated Pythia trajectories,pythia_6.86104B_trajectory,3942,2.1999,2.1967546537099913,-0.0031453462900086215,0.0031453462900086215
6.86104,124.256,2.1908,59,1,pythia_6.86104B_trajectory,B3,interpolated Pythia trajectories,pythia_6.86104B_trajectory,3943,2.1908,2.195360079144425,0.004560079144425355,0.004560079144425355
6.86104,126.191,2.1946,60,1,pythia_6.86104B_trajectory,B3,interpolated Pythia trajectories,pythia_6.86104B_trajectory,3944,2.1946,2.1939720166718923,-0.0006279833281075398,0.0006279833281075398
6.86104,128.157,2.1886,61,1,pythia_6.86104B_trajectory,B3,interpolated Pythia trajectories,pythia_6.86104B_trajectory,3945,2.1886,2.1925893407666806,0.003989340766680449,0.003989340766680449
6.86104,130.154,2.1888,62,1,pythia_6.86104B_trajectory,B3,interpolated Pythia trajectories,pythia_6.86104B_trajectory,3946,2.1888,2.191212381431158,0.0024123814311578506,0.0024123814311578506
6.86104,132.181,2.1922,63,1,pythia_6.86104B_trajectory,B3,interpolated Pythia trajectories,pythia_6.86104B_trajectory,3947,2.1922,2.1898421165324633,-0.0023578834675368476,0.0023578834675368476
6.86104,134.24,2.1867,64,1,pythia_6.86104B_trajectory,B3,interpolated Pythia trajectories,pythia_6.86104B_trajectory,3948,2.1867,2.1884774821292527,0.001777482129252661,0.001777482129252661
6.86104,136.331,2.1882,65,1,pythia_6.86104B_trajectory,B3,interpolated Pythia trajectories,pythia_6.86104B_trajectory,3949,2.1882,2.1871187856667214,-0.0010812143332787905,0.0010812143332787905
6.86104,138.455,2.1863,66,1,pythia_6.86104B_trajectory,B3,interpolated Pythia trajectories,pythia_6.86104B_trajectory,3950,2.1863,2.1857656833035284,-0.0005343166964717483,0.0005343166964717483
6.86104,140.612,2.1858,67,1,pythia_6.86104B_trajectory,B3,interpolated Pythia trajectories,pythia_6.86104B_trajectory,3951,2.1858,2.1844184793951693,-0.001381520604830655,0.001381520604830655
6.86104,142.802,2.1857,68,1,pythia_6.86104B_trajectory,B3,interpolated Pythia trajectories,pythia_6.86104B_trajectory,3952,2.1857,2.1830774579880736,-0.0026225420119265763,0.0026225420119265763
6.86104,145.027,2.1804,69,1,pythia_6.86104B_trajectory,B3,interpolated Pythia trajectories,pythia_6.86104B_trajectory,3953,2.1804,2.1817416947704253,0.001341694770425228,0.001341694770425228
6.86104,147.286,2.1798,70,1,pythia_6.86104B_trajectory,B3,interpolated Pythia trajectories,pythia_6.86104B_trajectory,3954,2.1798,2.180412088291565,0.000612088291565005,0.000612088291565005
6.86104,149.58,2.1796,71,1,pythia_6.86104B_trajectory,B3,interpolated Pythia trajectories,pythia_6.86104B_trajectory,3955,2.1796,2.1790883280350837,-0.0005116719649165269,0.0005116719649165269
6.86104,151.91,2.178,72,1,pythia_6.86104B_trajectory,B3,interpolated Pythia trajectories,pythia_6.86104B_trajectory,3956,2.178,2.177770129789788,-0.00022987021021192433,0.00022987021021192433
6.86104,154.277,2.1795,73,1,pythia_6.86104B_trajectory,B3,interpolated Pythia trajectories,pythia_6.86104B_trajectory,3957,2.1795,2.176457234222772,-0.0030427657772280625,0.0030427657772280625
6.86104,156.68,2.1735,74,1,pythia_6.86104B_trajectory,B3,interpolated Pythia trajectories,pythia_6.86104B_trajectory,3958,2.1735,2.1751504824183603,0.0016504824183600775,0.0016504824183600775
6.86104,159.121,2.1726,76,1,pythia_6.86104B_trajectory,B3,interpolated Pythia trajectories,pythia_6.86104B_trajectory,3959,2.1726,2.1738490695634574,0.0012490695634572724,0.0012490695634572724
6.86104,161.6,2.1753,77,1,pythia_6.86104B_trajectory,B3,interpolated Pythia trajectories,pythia_6.86104B_trajectory,3960,2.1753,2.1725532907641396,-0.0027467092358604006,0.0027467092358604006
6.86104,164.117,2.169,78,1,pythia_6.86104B_trajectory,B3,interpolated Pythia trajectories,pythia_6.86104B_trajectory,3961,2.169,2.171263421500709,0.0022634215007091285,0.0022634215007091285
6.86104,166.674,2.1684,79,1,pythia_6.86104B_trajectory,B3,interpolated Pythia trajectories,pythia_6.86104B_trajectory,3962,2.1684,2.169978723462152,0.001578723462151821,0.001578723462151821
6.86104,169.27,2.1721,80,1,pythia_6.86104B_trajectory,B3,interpolated Pythia trajectories,pythia_6.86104B_trajectory,3963,2.1721,2.168699981460952,-0.0034000185390477,0.0034000185390477
6.86104,171.907,2.1633,82,1,pythia_6.86104B_trajectory,B3,interpolated Pythia trajectories,pythia_6.86104B_trajectory,3964,2.1633,2.167426487944846,0.004126487944846158,0.004126487944846158
6.86104,174.585,2.1665,83,1,pythia_6.86104B_trajectory,B3,interpolated Pythia trajectories,pythia_6.86104B_trajectory,3965,2.1665,2.166158530253955,-0.0003414697460448757,0.0003414697460448757
6.86104,177.304,2.1642,84,1,pythia_6.86104B_trajectory,B3,interpolated Pythia trajectories,pythia_6.86104B_trajectory,3966,2.1642,2.1648963765816767,0.0006963765816765388,0.0006963765816765388
6.86104,180.066,2.1676,86,1,pythia_6.86104B_trajectory,B3,interpolated Pythia trajectories,pythia_6.86104B_trajectory,3967,2.1676,2.1636393754969263,-0.003960624503073884,0.003960624503073884
6.86104,182.871,2.1616,87,1,pythia_6.86104B_trajectory,B3,interpolated Pythia trajectories,pythia_6.86104B_trajectory,3968,2.1616,2.1623878121788076,0.0007878121788076342,0.0007878121788076342
6.86104,185.72,2.1612,88,1,pythia_6.86104B_trajectory,B3,interpolated Pythia trajectories,pythia_6.86104B_trajectory,3969,2.1612,2.1611415197003616,-5.848029963839707e-05,5.848029963839707e-05
6.86104,188.613,2.1623,90,1,pythia_6.86104B_trajectory,B3,interpolated Pythia trajectories,pythia_6.86104B_trajectory,3970,2.1623,2.1599007715499363,-0.002399228450063795,0.002399228450063795
6.86104,191.551,2.1567,91,1,pythia_6.86104B_trajectory,B3,interpolated Pythia trajectories,pythia_6.86104B_trajectory,3971,2.1567,2.1586654064344666,0.0019654064344667432,0.0019654064344667432
6.86104,194.535,2.1572,93,1,pythia_6.86104B_trajectory,B3,interpolated Pythia trajectories,pythia_6.86104B_trajectory,3972,2.1572,2.157435277999927,0.00023527799992706377,0.00023527799992706377
6.86104,197.566,2.1555,94,1,pythia_6.86104B_trajectory,B3,interpolated Pythia trajectories,pythia_6.86104B_trajectory,3973,2.1555,2.1562102539627785,0.0007102539627785731,0.0007102539627785731
6.86104,200.643,2.1547,96,1,pythia_6.86104B_trajectory,B3,interpolated Pythia trajectories,pythia_6.86104B_trajectory,3974,2.1547,2.1549909999798142,0.00029099997981418824,0.00029099997981418824
6.86104,203.769,2.154,97,1,pythia_6.86104B_trajectory,B3,interpolated Pythia trajectories,pythia_6.86104B_trajectory,3975,2.154,2.1537765940050035,-0.00022340599499637293,0.00022340599499637293
6.86104,206.943,2.1554,99,1,pythia_6.86104B_trajectory,B3,interpolated Pythia trajectories,pythia_6.86104B_trajectory,3976,2.1554,2.1525676962862423,-0.0028323037137578666,0.0028323037137578666
6.86104,210.167,2.1505,100,1,pythia_6.86104B_trajectory,B3,interpolated Pythia trajectories,pythia_6.86104B_trajectory,3977,2.1505,2.151363809680474,0.0008638096804740591,0.0008638096804740591
6.86104,213.441,2.1512,102,1,pythia_6.86104B_trajectory,B3,interpolated Pythia trajectories,pythia_6.86104B_trajectory,3978,2.1512,2.150165202996374,-0.0010347970036259646,0.0010347970036259646
6.86104,216.766,2.1528,103,1,pythia_6.86104B_trajectory,B3,interpolated Pythia trajectories,pythia_6.86104B_trajectory,3979,2.1528,2.1489717716540535,-0.0038282283459465383,0.0038282283459465383
6.86104,220.142,2.1464,105,1,pythia_6.86104B_trajectory,B3,interpolated Pythia trajectories,pythia_6.86104B_trajectory,3980,2.1464,2.1477837701004088,0.0013837701004089098,0.0013837701004089098
6.86104,223.572,2.1475,106,1,pythia_6.86104B_trajectory,B3,interpolated Pythia trajectories,pythia_6.86104B_trajectory,3981,2.1475,2.146600410586728,-0.0008995894132719506,0.0008995894132719506
6.86104,227.054,2.1415,108,1,pythia_6.86104B_trajectory,B3,interpolated Pythia trajectories,pythia_6.86104B_trajectory,3982,2.1415,2.1454226436042814,0.003922643604281184,0.003922643604281184
6.86104,230.591,2.1413,110,1,pythia_6.86104B_trajectory,B3,interpolated Pythia trajectories,pythia_6.86104B_trajectory,3983,2.1413,2.144249707046777,0.0029497070467767728,0.0029497070467767728
6.86104,234.183,2.1471,112,1,pythia_6.86104B_trajectory,B3,interpolated Pythia trajectories,pythia_6.86104B_trajectory,3984,2.1471,2.143081865730507,-0.0040181342694931566,0.0040181342694931566
6.86104,237.831,2.1384,113,1,pythia_6.86104B_trajectory,B3,interpolated Pythia trajectories,pythia_6.86104B_trajectory,3985,2.1384,2.1419190512119988,0.0035190512119989137,0.0035190512119989137
6.86104,241.536,2.1435,115,1,pythia_6.86104B_trajectory,B3,interpolated Pythia trajectories,pythia_6.86104B_trajectory,3986,2.1435,2.140761202856658,-0.002738797143341909,0.002738797143341909
6.86104,245.299,2.1409,117,1,pythia_6.86104B_trajectory,B3,interpolated Pythia trajectories,pythia_6.86104B_trajectory,3987,2.1409,2.139608267322524,-0.001291732677475732,0.001291732677475732
6.86104,249.12,2.1373,119,1,pythia_6.86104B_trajectory,B3,interpolated Pythia trajectories,pythia_6.86104B_trajectory,3988,2.1373,2.138460495498869,0.0011604954988686522,0.0011604954988686522
6.86104,253.001,2.1362,121,1,pythia_6.86104B_trajectory,B3,interpolated Pythia trajectories,pythia_6.86104B_trajectory,3989,2.1362,2.1373175380904783,0.0011175380904782095,0.0011175380904782095
6.86104,256.942,2.1371,122,1,pythia_6.86104B_trajectory,B3,interpolated Pythia trajectories,pythia_6.86104B_trajectory,3990,2.1371,2.136179647005316,-0.0009203529946844036,0.0009203529946844036
6.86104,260.944,2.1386,124,1,pythia_6.86104B_trajectory,B3,interpolated Pythia trajectories,pythia_6.86104B_trajectory,3991,2.1386,2.135046776907981,-0.0035532230920187757,0.0035532230920187757
6.86104,265.009,2.1337,126,1,pythia_6.86104B_trajectory,B3,interpolated Pythia trajectories,pythia_6.86104B_trajectory,3992,2.1337,2.133918613365024,0.00021861336502393414,0.00021861336502393414
6.86104,269.138,2.1364,128,1,pythia_6.86104B_trajectory,B3,interpolated Pythia trajectories,pythia_6.86104B_trajectory,3993,2.1364,2.132795138192046,-0.0036048618079540518,0.0036048618079540518
6.86104,273.33,2.1309,130,1,pythia_6.86104B_trajectory,B3,interpolated Pythia trajectories,pythia_6.86104B_trajectory,3994,2.1309,2.131676865763131,0.0007768657631310738,0.0007768657631310738
6.86104,277.588,2.1307,132,1,pythia_6.86104B_trajectory,B3,interpolated Pythia trajectories,pythia_6.86104B_trajectory,3995,2.1307,2.1305632371257137,-0.0001367628742863225,0.0001367628742863225
6.86104,281.912,2.1276,134,1,pythia_6.86104B_trajectory,B3,interpolated Pythia trajectories,pythia_6.86104B_trajectory,3996,2.1276,2.1294545004080065,0.0018545004080063876,0.0018545004080063876
6.86104,286.304,2.1261,136,1,pythia_6.86104B_trajectory,B3,interpolated Pythia trajectories,pythia_6.86104B_trajectory,3997,2.1261,2.1283503892787214,0.002250389278721343,0.002250389278721343
6.86104,290.764,2.1247,139,1,pythia_6.86104B_trajectory,B3,interpolated Pythia trajectories,pythia_6.86104B_trajectory,3998,2.1247,2.1272511485595236,0.0025511485595237637,0.0025511485595237637
6.86104,295.293,2.1224,141,1,pythia_6.86104B_trajectory,B3,interpolated Pythia trajectories,pythia_6.86104B_trajectory,3999,2.1224,2.1261567673761745,0.0037567673761746967,0.0037567673761746967
6.86104,299.893,2.128,143,1,pythia_6.86104B_trajectory,B3,interpolated Pythia trajectories,pythia_6.86104B_trajectory,4000,2.128,2.125067003264792,-0.002932996735208082,0.002932996735208082
