index,model,target,observed_loss,predicted_loss
1,mean,metric/the_pile_arxiv_val_loss,7.0255866050720215,5.0389630397160845
1,mean,metric/the_pile_freelaw_val_loss,5.360580921173096,5.188490815460682
1,mean,metric/the_pile_pubmed_central_val_loss,6.536046981811523,5.184237415591876
1,mean,metric/the_pile_wikipedia_en_val_loss,5.639575004577637,5.834576606750488
1,mean,metric/the_pile_dm_mathematics_val_loss,5.820674896240234,3.9937245609859624
1,mean,metric/the_pile_github_val_loss,6.632823467254639,5.274727908273538
1,mean,metric/the_pile_stackexchange_val_loss,6.107803821563721,5.235173384348552
1,mean,metric/the_pile_gutenberg_pg_19_val_loss,4.726566791534424,5.4004930605491
1,mean,metric/the_pile_pile_cc_val_loss,5.169477939605713,5.734487369656563
1,mean,metric/the_pile_ubuntu_irc_val_loss,7.224245071411133,6.624332209428151
1,mean,metric/the_pile_hackernews_val_loss,5.206871032714844,5.393911674618721
1,mean,metric/the_pile_pubmed_abstracts_val_loss,5.892633438110352,5.431526934107144
1,mean,metric/the_pile_uspto_backgrounds_val_loss,5.417374610900879,5.12638458609581
2,mean,metric/the_pile_arxiv_val_loss,4.738541603088379,5.0389630397160845
2,mean,metric/the_pile_freelaw_val_loss,5.466145038604736,5.188490815460682
2,mean,metric/the_pile_pubmed_central_val_loss,5.808464050292969,5.184237415591876
2,mean,metric/the_pile_wikipedia_en_val_loss,5.42556619644165,5.834576606750488
2,mean,metric/the_pile_dm_mathematics_val_loss,4.61490535736084,3.9937245609859624
2,mean,metric/the_pile_github_val_loss,4.141744136810303,5.274727908273538
2,mean,metric/the_pile_stackexchange_val_loss,4.922904014587402,5.235173384348552
2,mean,metric/the_pile_gutenberg_pg_19_val_loss,4.954422473907471,5.4004930605491
2,mean,metric/the_pile_pile_cc_val_loss,5.343518733978272,5.734487369656563
2,mean,metric/the_pile_ubuntu_irc_val_loss,5.278083324432373,6.624332209428151
2,mean,metric/the_pile_hackernews_val_loss,4.80118989944458,5.393911674618721
2,mean,metric/the_pile_pubmed_abstracts_val_loss,5.653641700744629,5.431526934107144
2,mean,metric/the_pile_uspto_backgrounds_val_loss,5.584351062774658,5.12638458609581
3,mean,metric/the_pile_arxiv_val_loss,3.730258703231812,5.0389630397160845
3,mean,metric/the_pile_freelaw_val_loss,5.793972492218018,5.188490815460682
3,mean,metric/the_pile_pubmed_central_val_loss,4.72146463394165,5.184237415591876
3,mean,metric/the_pile_wikipedia_en_val_loss,5.933119773864746,5.834576606750488
3,mean,metric/the_pile_dm_mathematics_val_loss,4.077418327331543,3.9937245609859624
3,mean,metric/the_pile_github_val_loss,6.540956497192383,5.274727908273538
3,mean,metric/the_pile_stackexchange_val_loss,6.079324245452881,5.235173384348552
3,mean,metric/the_pile_gutenberg_pg_19_val_loss,5.561453819274902,5.4004930605491
3,mean,metric/the_pile_pile_cc_val_loss,5.506680965423584,5.734487369656563
3,mean,metric/the_pile_ubuntu_irc_val_loss,7.476072311401367,6.624332209428151
3,mean,metric/the_pile_hackernews_val_loss,5.495143413543701,5.393911674618721
3,mean,metric/the_pile_pubmed_abstracts_val_loss,5.626057624816895,5.431526934107144
3,mean,metric/the_pile_uspto_backgrounds_val_loss,5.50736665725708,5.12638458609581
4,mean,metric/the_pile_arxiv_val_loss,4.887355327606201,5.0389630397160845
4,mean,metric/the_pile_freelaw_val_loss,5.040224075317383,5.188490815460682
4,mean,metric/the_pile_pubmed_central_val_loss,5.371085166931152,5.184237415591876
4,mean,metric/the_pile_wikipedia_en_val_loss,5.858128547668457,5.834576606750488
4,mean,metric/the_pile_dm_mathematics_val_loss,5.298433780670166,3.9937245609859624
4,mean,metric/the_pile_github_val_loss,4.150362968444824,5.274727908273538
4,mean,metric/the_pile_stackexchange_val_loss,4.455072402954102,5.235173384348552
4,mean,metric/the_pile_gutenberg_pg_19_val_loss,5.095427989959717,5.4004930605491
4,mean,metric/the_pile_pile_cc_val_loss,5.828740119934082,5.734487369656563
4,mean,metric/the_pile_ubuntu_irc_val_loss,7.491352558135986,6.624332209428151
4,mean,metric/the_pile_hackernews_val_loss,5.551083087921143,5.393911674618721
4,mean,metric/the_pile_pubmed_abstracts_val_loss,5.268948078155518,5.431526934107144
4,mean,metric/the_pile_uspto_backgrounds_val_loss,4.475535392761231,5.12638458609581
5,mean,metric/the_pile_arxiv_val_loss,4.034541130065918,5.0389630397160845
5,mean,metric/the_pile_freelaw_val_loss,5.597909927368164,5.188490815460682
5,mean,metric/the_pile_pubmed_central_val_loss,4.6931257247924805,5.184237415591876
5,mean,metric/the_pile_wikipedia_en_val_loss,5.8146257400512695,5.834576606750488
5,mean,metric/the_pile_dm_mathematics_val_loss,2.008139610290528,3.9937245609859624
5,mean,metric/the_pile_github_val_loss,4.485220432281494,5.274727908273538
5,mean,metric/the_pile_stackexchange_val_loss,4.24920654296875,5.235173384348552
5,mean,metric/the_pile_gutenberg_pg_19_val_loss,5.003798007965088,5.4004930605491
5,mean,metric/the_pile_pile_cc_val_loss,5.760408401489258,5.734487369656563
5,mean,metric/the_pile_ubuntu_irc_val_loss,7.100966453552246,6.624332209428151
5,mean,metric/the_pile_hackernews_val_loss,5.329304218292236,5.393911674618721
5,mean,metric/the_pile_pubmed_abstracts_val_loss,5.664215087890625,5.431526934107144
5,mean,metric/the_pile_uspto_backgrounds_val_loss,4.813331127166748,5.12638458609581
6,mean,metric/the_pile_arxiv_val_loss,3.8481597900390634,5.0389630397160845
6,mean,metric/the_pile_freelaw_val_loss,5.519326210021973,5.188490815460682
6,mean,metric/the_pile_pubmed_central_val_loss,5.222227573394775,5.184237415591876
6,mean,metric/the_pile_wikipedia_en_val_loss,5.401707172393799,5.834576606750488
6,mean,metric/the_pile_dm_mathematics_val_loss,5.442045211791992,3.9937245609859624
6,mean,metric/the_pile_github_val_loss,4.315804481506348,5.274727908273538
6,mean,metric/the_pile_stackexchange_val_loss,5.147463321685791,5.235173384348552
6,mean,metric/the_pile_gutenberg_pg_19_val_loss,5.998071670532227,5.4004930605491
6,mean,metric/the_pile_pile_cc_val_loss,5.9236016273498535,5.734487369656563
6,mean,metric/the_pile_ubuntu_irc_val_loss,5.313143730163574,6.624332209428151
6,mean,metric/the_pile_hackernews_val_loss,5.817320823669434,5.393911674618721
6,mean,metric/the_pile_pubmed_abstracts_val_loss,6.0437750816345215,5.431526934107144
6,mean,metric/the_pile_uspto_backgrounds_val_loss,5.67151403427124,5.12638458609581
7,mean,metric/the_pile_arxiv_val_loss,5.365633010864258,5.0389630397160845
7,mean,metric/the_pile_freelaw_val_loss,5.7348151206970215,5.188490815460682
7,mean,metric/the_pile_pubmed_central_val_loss,4.126685619354248,5.184237415591876
7,mean,metric/the_pile_wikipedia_en_val_loss,5.565597534179688,5.834576606750488
7,mean,metric/the_pile_dm_mathematics_val_loss,2.9376449584960938,3.9937245609859624
7,mean,metric/the_pile_github_val_loss,5.73452091217041,5.274727908273538
7,mean,metric/the_pile_stackexchange_val_loss,5.128252029418945,5.235173384348552
7,mean,metric/the_pile_gutenberg_pg_19_val_loss,5.392933368682861,5.4004930605491
7,mean,metric/the_pile_pile_cc_val_loss,5.41911506652832,5.734487369656563
7,mean,metric/the_pile_ubuntu_irc_val_loss,5.869746685028076,6.624332209428151
7,mean,metric/the_pile_hackernews_val_loss,5.159833908081055,5.393911674618721
7,mean,metric/the_pile_pubmed_abstracts_val_loss,5.069451332092285,5.431526934107144
7,mean,metric/the_pile_uspto_backgrounds_val_loss,4.25531530380249,5.12638458609581
8,mean,metric/the_pile_arxiv_val_loss,7.175310134887695,5.0389630397160845
8,mean,metric/the_pile_freelaw_val_loss,3.980865478515625,5.188490815460682
8,mean,metric/the_pile_pubmed_central_val_loss,6.568063259124756,5.184237415591876
8,mean,metric/the_pile_wikipedia_en_val_loss,5.785682678222656,5.834576606750488
8,mean,metric/the_pile_dm_mathematics_val_loss,5.779679298400879,3.9937245609859624
8,mean,metric/the_pile_github_val_loss,6.64463996887207,5.274727908273538
8,mean,metric/the_pile_stackexchange_val_loss,6.25684118270874,5.235173384348552
8,mean,metric/the_pile_gutenberg_pg_19_val_loss,5.178667545318604,5.4004930605491
8,mean,metric/the_pile_pile_cc_val_loss,5.321898460388184,5.734487369656563
8,mean,metric/the_pile_ubuntu_irc_val_loss,7.332483768463135,6.624332209428151
8,mean,metric/the_pile_hackernews_val_loss,5.339742183685303,5.393911674618721
8,mean,metric/the_pile_pubmed_abstracts_val_loss,5.812262058258057,5.431526934107144
8,mean,metric/the_pile_uspto_backgrounds_val_loss,5.509659290313721,5.12638458609581
9,mean,metric/the_pile_arxiv_val_loss,5.732336521148682,5.0389630397160845
9,mean,metric/the_pile_freelaw_val_loss,6.613649368286133,5.188490815460682
9,mean,metric/the_pile_pubmed_central_val_loss,3.839976310729981,5.184237415591876
9,mean,metric/the_pile_wikipedia_en_val_loss,6.18618631362915,5.834576606750488
9,mean,metric/the_pile_dm_mathematics_val_loss,5.692158222198486,3.9937245609859624
9,mean,metric/the_pile_github_val_loss,7.759432315826416,5.274727908273538
9,mean,metric/the_pile_stackexchange_val_loss,6.9663615226745605,5.235173384348552
9,mean,metric/the_pile_gutenberg_pg_19_val_loss,6.6692962646484375,5.4004930605491
9,mean,metric/the_pile_pile_cc_val_loss,6.354576110839844,5.734487369656563
9,mean,metric/the_pile_ubuntu_irc_val_loss,8.405691146850586,6.624332209428151
9,mean,metric/the_pile_hackernews_val_loss,6.47177791595459,5.393911674618721
9,mean,metric/the_pile_pubmed_abstracts_val_loss,4.594342708587647,5.431526934107144
9,mean,metric/the_pile_uspto_backgrounds_val_loss,5.514229774475098,5.12638458609581
10,mean,metric/the_pile_arxiv_val_loss,4.920166969299316,5.0389630397160845
10,mean,metric/the_pile_freelaw_val_loss,5.735522270202637,5.188490815460682
10,mean,metric/the_pile_pubmed_central_val_loss,4.18813419342041,5.184237415591876
10,mean,metric/the_pile_wikipedia_en_val_loss,4.815326690673828,5.834576606750488
10,mean,metric/the_pile_dm_mathematics_val_loss,5.443886756896973,3.9937245609859624
10,mean,metric/the_pile_github_val_loss,5.298417091369629,5.274727908273538
10,mean,metric/the_pile_stackexchange_val_loss,5.052807331085205,5.235173384348552
10,mean,metric/the_pile_gutenberg_pg_19_val_loss,5.244697570800781,5.4004930605491
10,mean,metric/the_pile_pile_cc_val_loss,5.520979404449463,5.734487369656563
10,mean,metric/the_pile_ubuntu_irc_val_loss,7.628385543823242,6.624332209428151
10,mean,metric/the_pile_hackernews_val_loss,5.575355052947998,5.393911674618721
10,mean,metric/the_pile_pubmed_abstracts_val_loss,5.24343204498291,5.431526934107144
10,mean,metric/the_pile_uspto_backgrounds_val_loss,5.451025485992432,5.12638458609581
11,mean,metric/the_pile_arxiv_val_loss,7.649549961090088,5.0389630397160845
11,mean,metric/the_pile_freelaw_val_loss,3.8723204135894775,5.188490815460682
11,mean,metric/the_pile_pubmed_central_val_loss,6.194097995758057,5.184237415591876
11,mean,metric/the_pile_wikipedia_en_val_loss,6.082755088806152,5.834576606750488
11,mean,metric/the_pile_dm_mathematics_val_loss,6.095431327819824,3.9937245609859624
11,mean,metric/the_pile_github_val_loss,6.030669212341309,5.274727908273538
11,mean,metric/the_pile_stackexchange_val_loss,6.349047660827637,5.235173384348552
11,mean,metric/the_pile_gutenberg_pg_19_val_loss,5.227353572845459,5.4004930605491
11,mean,metric/the_pile_pile_cc_val_loss,6.076876163482666,5.734487369656563
11,mean,metric/the_pile_ubuntu_irc_val_loss,8.171777725219727,6.624332209428151
11,mean,metric/the_pile_hackernews_val_loss,5.95081901550293,5.393911674618721
11,mean,metric/the_pile_pubmed_abstracts_val_loss,5.37153434753418,5.431526934107144
11,mean,metric/the_pile_uspto_backgrounds_val_loss,5.747413158416748,5.12638458609581
12,mean,metric/the_pile_arxiv_val_loss,6.068508148193359,5.0389630397160845
12,mean,metric/the_pile_freelaw_val_loss,4.028927326202393,5.188490815460682
12,mean,metric/the_pile_pubmed_central_val_loss,4.410226821899414,5.184237415591876
12,mean,metric/the_pile_wikipedia_en_val_loss,5.977132320404053,5.834576606750488
12,mean,metric/the_pile_dm_mathematics_val_loss,5.78095817565918,3.9937245609859624
12,mean,metric/the_pile_github_val_loss,6.723077297210693,5.274727908273538
12,mean,metric/the_pile_stackexchange_val_loss,6.378947734832764,5.235173384348552
12,mean,metric/the_pile_gutenberg_pg_19_val_loss,4.868281841278076,5.4004930605491
12,mean,metric/the_pile_pile_cc_val_loss,5.962575435638428,5.734487369656563
12,mean,metric/the_pile_ubuntu_irc_val_loss,7.836051940917969,6.624332209428151
12,mean,metric/the_pile_hackernews_val_loss,5.869334697723389,5.393911674618721
12,mean,metric/the_pile_pubmed_abstracts_val_loss,5.124939918518066,5.431526934107144
12,mean,metric/the_pile_uspto_backgrounds_val_loss,5.561253070831299,5.12638458609581
13,mean,metric/the_pile_arxiv_val_loss,5.616719722747803,5.0389630397160845
13,mean,metric/the_pile_freelaw_val_loss,5.331273078918457,5.188490815460682
13,mean,metric/the_pile_pubmed_central_val_loss,3.885855674743652,5.184237415591876
13,mean,metric/the_pile_wikipedia_en_val_loss,5.94351863861084,5.834576606750488
13,mean,metric/the_pile_dm_mathematics_val_loss,5.511852741241455,3.9937245609859624
13,mean,metric/the_pile_github_val_loss,6.898706912994385,5.274727908273538
13,mean,metric/the_pile_stackexchange_val_loss,6.376709938049316,5.235173384348552
13,mean,metric/the_pile_gutenberg_pg_19_val_loss,5.554836273193359,5.4004930605491
13,mean,metric/the_pile_pile_cc_val_loss,5.542590618133545,5.734487369656563
13,mean,metric/the_pile_ubuntu_irc_val_loss,7.0256781578063965,6.624332209428151
13,mean,metric/the_pile_hackernews_val_loss,5.158526420593262,5.393911674618721
13,mean,metric/the_pile_pubmed_abstracts_val_loss,4.978461265563965,5.431526934107144
13,mean,metric/the_pile_uspto_backgrounds_val_loss,5.384755611419678,5.12638458609581
14,mean,metric/the_pile_arxiv_val_loss,5.436479568481445,5.0389630397160845
14,mean,metric/the_pile_freelaw_val_loss,5.218822956085205,5.188490815460682
14,mean,metric/the_pile_pubmed_central_val_loss,4.133479595184326,5.184237415591876
14,mean,metric/the_pile_wikipedia_en_val_loss,5.507219314575195,5.834576606750488
14,mean,metric/the_pile_dm_mathematics_val_loss,2.3308768272399902,3.9937245609859624
14,mean,metric/the_pile_github_val_loss,4.662861347198486,5.274727908273538
14,mean,metric/the_pile_stackexchange_val_loss,4.974141597747803,5.235173384348552
14,mean,metric/the_pile_gutenberg_pg_19_val_loss,5.0477824211120605,5.4004930605491
14,mean,metric/the_pile_pile_cc_val_loss,5.597803115844727,5.734487369656563
14,mean,metric/the_pile_ubuntu_irc_val_loss,5.373387336730957,6.624332209428151
14,mean,metric/the_pile_hackernews_val_loss,4.832281112670898,5.393911674618721
14,mean,metric/the_pile_pubmed_abstracts_val_loss,4.571138381958008,5.431526934107144
14,mean,metric/the_pile_uspto_backgrounds_val_loss,4.946125507354736,5.12638458609581
15,mean,metric/the_pile_arxiv_val_loss,4.835928916931152,5.0389630397160845
15,mean,metric/the_pile_freelaw_val_loss,5.9763712882995605,5.188490815460682
15,mean,metric/the_pile_pubmed_central_val_loss,4.696907997131348,5.184237415591876
15,mean,metric/the_pile_wikipedia_en_val_loss,5.286471366882324,5.834576606750488
15,mean,metric/the_pile_dm_mathematics_val_loss,2.612511157989502,3.9937245609859624
15,mean,metric/the_pile_github_val_loss,4.265994071960449,5.274727908273538
15,mean,metric/the_pile_stackexchange_val_loss,4.273486614227295,5.235173384348552
15,mean,metric/the_pile_gutenberg_pg_19_val_loss,5.212732315063477,5.4004930605491
15,mean,metric/the_pile_pile_cc_val_loss,5.70292329788208,5.734487369656563
15,mean,metric/the_pile_ubuntu_irc_val_loss,7.151707649230957,6.624332209428151
15,mean,metric/the_pile_hackernews_val_loss,4.99690580368042,5.393911674618721
15,mean,metric/the_pile_pubmed_abstracts_val_loss,4.784799575805664,5.431526934107144
15,mean,metric/the_pile_uspto_backgrounds_val_loss,4.6978535652160645,5.12638458609581
16,mean,metric/the_pile_arxiv_val_loss,4.263101577758789,5.0389630397160845
16,mean,metric/the_pile_freelaw_val_loss,4.731163024902344,5.188490815460682
16,mean,metric/the_pile_pubmed_central_val_loss,4.446780204772949,5.184237415591876
16,mean,metric/the_pile_wikipedia_en_val_loss,6.137884616851807,5.834576606750488
16,mean,metric/the_pile_dm_mathematics_val_loss,1.8533507585525515,3.9937245609859624
16,mean,metric/the_pile_github_val_loss,4.429530620574951,5.274727908273538
16,mean,metric/the_pile_stackexchange_val_loss,4.592880725860596,5.235173384348552
16,mean,metric/the_pile_gutenberg_pg_19_val_loss,5.278256893157959,5.4004930605491
16,mean,metric/the_pile_pile_cc_val_loss,5.888399600982666,5.734487369656563
16,mean,metric/the_pile_ubuntu_irc_val_loss,5.00335693359375,6.624332209428151
16,mean,metric/the_pile_hackernews_val_loss,5.570482730865479,5.393911674618721
16,mean,metric/the_pile_pubmed_abstracts_val_loss,5.373453140258789,5.431526934107144
16,mean,metric/the_pile_uspto_backgrounds_val_loss,4.804718494415283,5.12638458609581
17,mean,metric/the_pile_arxiv_val_loss,3.779206991195679,5.0389630397160845
17,mean,metric/the_pile_freelaw_val_loss,4.426825046539307,5.188490815460682
17,mean,metric/the_pile_pubmed_central_val_loss,5.9820075035095215,5.184237415591876
17,mean,metric/the_pile_wikipedia_en_val_loss,6.0802001953125,5.834576606750488
17,mean,metric/the_pile_dm_mathematics_val_loss,2.6709392070770264,3.9937245609859624
17,mean,metric/the_pile_github_val_loss,4.874502658843994,5.274727908273538
17,mean,metric/the_pile_stackexchange_val_loss,4.626718521118164,5.235173384348552
17,mean,metric/the_pile_gutenberg_pg_19_val_loss,5.488972187042236,5.4004930605491
17,mean,metric/the_pile_pile_cc_val_loss,5.748971939086914,5.734487369656563
17,mean,metric/the_pile_ubuntu_irc_val_loss,5.351980686187744,6.624332209428151
17,mean,metric/the_pile_hackernews_val_loss,5.358956336975098,5.393911674618721
17,mean,metric/the_pile_pubmed_abstracts_val_loss,6.06849479675293,5.431526934107144
17,mean,metric/the_pile_uspto_backgrounds_val_loss,4.903680324554443,5.12638458609581
18,mean,metric/the_pile_arxiv_val_loss,5.161006927490234,5.0389630397160845
18,mean,metric/the_pile_freelaw_val_loss,5.229340553283691,5.188490815460682
18,mean,metric/the_pile_pubmed_central_val_loss,4.228277683258057,5.184237415591876
18,mean,metric/the_pile_wikipedia_en_val_loss,5.453532695770264,5.834576606750488
18,mean,metric/the_pile_dm_mathematics_val_loss,2.4409642219543457,3.9937245609859624
18,mean,metric/the_pile_github_val_loss,4.761942863464356,5.274727908273538
18,mean,metric/the_pile_stackexchange_val_loss,4.659525871276856,5.235173384348552
18,mean,metric/the_pile_gutenberg_pg_19_val_loss,5.3418684005737305,5.4004930605491
18,mean,metric/the_pile_pile_cc_val_loss,5.253754138946533,5.734487369656563
18,mean,metric/the_pile_ubuntu_irc_val_loss,5.025073528289795,6.624332209428151
18,mean,metric/the_pile_hackernews_val_loss,5.077229022979736,5.393911674618721
18,mean,metric/the_pile_pubmed_abstracts_val_loss,5.035791397094727,5.431526934107144
18,mean,metric/the_pile_uspto_backgrounds_val_loss,5.336487293243408,5.12638458609581
19,mean,metric/the_pile_arxiv_val_loss,4.140886306762695,5.0389630397160845
19,mean,metric/the_pile_freelaw_val_loss,4.335186004638672,5.188490815460682
19,mean,metric/the_pile_pubmed_central_val_loss,5.162656307220459,5.184237415591876
19,mean,metric/the_pile_wikipedia_en_val_loss,5.283300876617432,5.834576606750488
19,mean,metric/the_pile_dm_mathematics_val_loss,2.4845540523529053,3.9937245609859624
19,mean,metric/the_pile_github_val_loss,5.453387260437012,5.274727908273538
19,mean,metric/the_pile_stackexchange_val_loss,4.819840431213379,5.235173384348552
19,mean,metric/the_pile_gutenberg_pg_19_val_loss,5.22469425201416,5.4004930605491
19,mean,metric/the_pile_pile_cc_val_loss,5.247750759124756,5.734487369656563
19,mean,metric/the_pile_ubuntu_irc_val_loss,5.317441940307617,6.624332209428151
19,mean,metric/the_pile_hackernews_val_loss,4.833442211151123,5.393911674618721
19,mean,metric/the_pile_pubmed_abstracts_val_loss,5.59989070892334,5.431526934107144
19,mean,metric/the_pile_uspto_backgrounds_val_loss,5.306461811065674,5.12638458609581
20,mean,metric/the_pile_arxiv_val_loss,5.3710455894470215,5.0389630397160845
20,mean,metric/the_pile_freelaw_val_loss,5.678719520568848,5.188490815460682
20,mean,metric/the_pile_pubmed_central_val_loss,4.048504829406738,5.184237415591876
20,mean,metric/the_pile_wikipedia_en_val_loss,5.386486530303955,5.834576606750488
20,mean,metric/the_pile_dm_mathematics_val_loss,5.511875629425049,3.9937245609859624
20,mean,metric/the_pile_github_val_loss,5.1697998046875,5.274727908273538
20,mean,metric/the_pile_stackexchange_val_loss,5.506645202636719,5.235173384348552
20,mean,metric/the_pile_gutenberg_pg_19_val_loss,4.875679969787598,5.4004930605491
20,mean,metric/the_pile_pile_cc_val_loss,5.347065448760986,5.734487369656563
20,mean,metric/the_pile_ubuntu_irc_val_loss,5.458584308624268,6.624332209428151
20,mean,metric/the_pile_hackernews_val_loss,4.99979829788208,5.393911674618721
20,mean,metric/the_pile_pubmed_abstracts_val_loss,4.78153657913208,5.431526934107144
20,mean,metric/the_pile_uspto_backgrounds_val_loss,5.3079118728637695,5.12638458609581
21,mean,metric/the_pile_arxiv_val_loss,3.7148549556732178,5.0389630397160845
21,mean,metric/the_pile_freelaw_val_loss,5.775569438934326,5.188490815460682
21,mean,metric/the_pile_pubmed_central_val_loss,4.841148376464844,5.184237415591876
21,mean,metric/the_pile_wikipedia_en_val_loss,5.580223083496094,5.834576606750488
21,mean,metric/the_pile_dm_mathematics_val_loss,5.613797664642334,3.9937245609859624
21,mean,metric/the_pile_github_val_loss,5.322590827941895,5.274727908273538
21,mean,metric/the_pile_stackexchange_val_loss,5.57145357131958,5.235173384348552
21,mean,metric/the_pile_gutenberg_pg_19_val_loss,5.821041584014893,5.4004930605491
21,mean,metric/the_pile_pile_cc_val_loss,5.878022193908691,5.734487369656563
21,mean,metric/the_pile_ubuntu_irc_val_loss,5.166763305664063,6.624332209428151
21,mean,metric/the_pile_hackernews_val_loss,5.064894676208496,5.393911674618721
21,mean,metric/the_pile_pubmed_abstracts_val_loss,5.783607482910156,5.431526934107144
21,mean,metric/the_pile_uspto_backgrounds_val_loss,4.927324771881104,5.12638458609581
22,mean,metric/the_pile_arxiv_val_loss,5.313518524169922,5.0389630397160845
22,mean,metric/the_pile_freelaw_val_loss,4.5764875411987305,5.188490815460682
22,mean,metric/the_pile_pubmed_central_val_loss,5.541999340057373,5.184237415591876
22,mean,metric/the_pile_wikipedia_en_val_loss,6.369202136993408,5.834576606750488
22,mean,metric/the_pile_dm_mathematics_val_loss,2.23321795463562,3.9937245609859624
22,mean,metric/the_pile_github_val_loss,4.412414073944092,5.274727908273538
22,mean,metric/the_pile_stackexchange_val_loss,5.349352836608887,5.235173384348552
22,mean,metric/the_pile_gutenberg_pg_19_val_loss,4.759934902191162,5.4004930605491
22,mean,metric/the_pile_pile_cc_val_loss,6.061858177185059,5.734487369656563
22,mean,metric/the_pile_ubuntu_irc_val_loss,7.594740867614746,6.624332209428151
22,mean,metric/the_pile_hackernews_val_loss,5.767696857452393,5.393911674618721
22,mean,metric/the_pile_pubmed_abstracts_val_loss,5.863641262054443,5.431526934107144
22,mean,metric/the_pile_uspto_backgrounds_val_loss,4.635516166687012,5.12638458609581
23,mean,metric/the_pile_arxiv_val_loss,5.221972465515137,5.0389630397160845
23,mean,metric/the_pile_freelaw_val_loss,5.052719593048096,5.188490815460682
23,mean,metric/the_pile_pubmed_central_val_loss,4.056276798248291,5.184237415591876
23,mean,metric/the_pile_wikipedia_en_val_loss,6.020731449127197,5.834576606750488
23,mean,metric/the_pile_dm_mathematics_val_loss,5.561578273773193,3.9937245609859624
23,mean,metric/the_pile_github_val_loss,4.91853141784668,5.274727908273538
23,mean,metric/the_pile_stackexchange_val_loss,5.417336463928223,5.235173384348552
23,mean,metric/the_pile_gutenberg_pg_19_val_loss,6.032251834869385,5.4004930605491
23,mean,metric/the_pile_pile_cc_val_loss,5.977203845977783,5.734487369656563
23,mean,metric/the_pile_ubuntu_irc_val_loss,4.856312274932861,6.624332209428151
23,mean,metric/the_pile_hackernews_val_loss,5.783515453338623,5.393911674618721
23,mean,metric/the_pile_pubmed_abstracts_val_loss,4.762035846710205,5.431526934107144
23,mean,metric/the_pile_uspto_backgrounds_val_loss,4.409957885742188,5.12638458609581
24,mean,metric/the_pile_arxiv_val_loss,7.729341983795166,5.0389630397160845
24,mean,metric/the_pile_freelaw_val_loss,3.967174530029297,5.188490815460682
24,mean,metric/the_pile_pubmed_central_val_loss,6.752795219421387,5.184237415591876
24,mean,metric/the_pile_wikipedia_en_val_loss,6.444605350494385,5.834576606750488
24,mean,metric/the_pile_dm_mathematics_val_loss,5.99164342880249,3.9937245609859624
24,mean,metric/the_pile_github_val_loss,5.654896259307861,5.274727908273538
24,mean,metric/the_pile_stackexchange_val_loss,6.138266563415527,5.235173384348552
24,mean,metric/the_pile_gutenberg_pg_19_val_loss,5.350730895996094,5.4004930605491
24,mean,metric/the_pile_pile_cc_val_loss,6.081203937530518,5.734487369656563
24,mean,metric/the_pile_ubuntu_irc_val_loss,7.689416885375977,6.624332209428151
24,mean,metric/the_pile_hackernews_val_loss,5.8698577880859375,5.393911674618721
24,mean,metric/the_pile_pubmed_abstracts_val_loss,5.93467378616333,5.431526934107144
24,mean,metric/the_pile_uspto_backgrounds_val_loss,4.452613830566406,5.12638458609581
25,mean,metric/the_pile_arxiv_val_loss,5.003495216369629,5.0389630397160845
25,mean,metric/the_pile_freelaw_val_loss,4.26286506652832,5.188490815460682
25,mean,metric/the_pile_pubmed_central_val_loss,4.548320293426514,5.184237415591876
25,mean,metric/the_pile_wikipedia_en_val_loss,6.2719340324401855,5.834576606750488
25,mean,metric/the_pile_dm_mathematics_val_loss,5.054658889770508,3.9937245609859624
25,mean,metric/the_pile_github_val_loss,4.913228511810303,5.274727908273538
25,mean,metric/the_pile_stackexchange_val_loss,4.174592971801758,5.235173384348552
25,mean,metric/the_pile_gutenberg_pg_19_val_loss,5.677281379699707,5.4004930605491
25,mean,metric/the_pile_pile_cc_val_loss,5.843257427215576,5.734487369656563
25,mean,metric/the_pile_ubuntu_irc_val_loss,5.450659275054932,6.624332209428151
25,mean,metric/the_pile_hackernews_val_loss,5.52943229675293,5.393911674618721
25,mean,metric/the_pile_pubmed_abstracts_val_loss,5.509744644165039,5.431526934107144
25,mean,metric/the_pile_uspto_backgrounds_val_loss,5.620926380157471,5.12638458609581
26,mean,metric/the_pile_arxiv_val_loss,3.882284879684448,5.0389630397160845
26,mean,metric/the_pile_freelaw_val_loss,5.688676834106445,5.188490815460682
26,mean,metric/the_pile_pubmed_central_val_loss,4.025252342224121,5.184237415591876
26,mean,metric/the_pile_wikipedia_en_val_loss,5.573357582092285,5.834576606750488
26,mean,metric/the_pile_dm_mathematics_val_loss,5.430081844329834,3.9937245609859624
26,mean,metric/the_pile_github_val_loss,6.123146057128906,5.274727908273538
26,mean,metric/the_pile_stackexchange_val_loss,5.667730808258057,5.235173384348552
26,mean,metric/the_pile_gutenberg_pg_19_val_loss,6.119208812713623,5.4004930605491
26,mean,metric/the_pile_pile_cc_val_loss,5.942705631256104,5.734487369656563
26,mean,metric/the_pile_ubuntu_irc_val_loss,5.740989685058594,6.624332209428151
26,mean,metric/the_pile_hackernews_val_loss,5.928955554962158,5.393911674618721
26,mean,metric/the_pile_pubmed_abstracts_val_loss,4.998274326324463,5.431526934107144
26,mean,metric/the_pile_uspto_backgrounds_val_loss,5.132785320281982,5.12638458609581
27,mean,metric/the_pile_arxiv_val_loss,5.64911413192749,5.0389630397160845
27,mean,metric/the_pile_freelaw_val_loss,4.26276159286499,5.188490815460682
27,mean,metric/the_pile_pubmed_central_val_loss,4.184984683990479,5.184237415591876
27,mean,metric/the_pile_wikipedia_en_val_loss,5.313239574432373,5.834576606750488
27,mean,metric/the_pile_dm_mathematics_val_loss,2.4710938930511475,3.9937245609859624
27,mean,metric/the_pile_github_val_loss,5.107607364654541,5.274727908273538
27,mean,metric/the_pile_stackexchange_val_loss,5.51455545425415,5.235173384348552
27,mean,metric/the_pile_gutenberg_pg_19_val_loss,4.910590171813965,5.4004930605491
27,mean,metric/the_pile_pile_cc_val_loss,5.607277870178223,5.734487369656563
27,mean,metric/the_pile_ubuntu_irc_val_loss,6.157212257385254,6.624332209428151
27,mean,metric/the_pile_hackernews_val_loss,4.921019554138184,5.393911674618721
27,mean,metric/the_pile_pubmed_abstracts_val_loss,4.804058074951172,5.431526934107144
27,mean,metric/the_pile_uspto_backgrounds_val_loss,5.396997451782227,5.12638458609581
28,mean,metric/the_pile_arxiv_val_loss,4.687304496765137,5.0389630397160845
28,mean,metric/the_pile_freelaw_val_loss,4.21182918548584,5.188490815460682
28,mean,metric/the_pile_pubmed_central_val_loss,6.05892276763916,5.184237415591876
28,mean,metric/the_pile_wikipedia_en_val_loss,5.891059398651123,5.834576606750488
28,mean,metric/the_pile_dm_mathematics_val_loss,1.8401778936386108,3.9937245609859624
28,mean,metric/the_pile_github_val_loss,4.645040035247803,5.274727908273538
28,mean,metric/the_pile_stackexchange_val_loss,4.333330154418945,5.235173384348552
28,mean,metric/the_pile_gutenberg_pg_19_val_loss,5.055291175842285,5.4004930605491
28,mean,metric/the_pile_pile_cc_val_loss,5.706452369689941,5.734487369656563
28,mean,metric/the_pile_ubuntu_irc_val_loss,7.238473415374756,6.624332209428151
28,mean,metric/the_pile_hackernews_val_loss,5.458417892456055,5.393911674618721
28,mean,metric/the_pile_pubmed_abstracts_val_loss,6.303548336029053,5.431526934107144
28,mean,metric/the_pile_uspto_backgrounds_val_loss,5.252003192901611,5.12638458609581
29,mean,metric/the_pile_arxiv_val_loss,5.658636569976807,5.0389630397160845
29,mean,metric/the_pile_freelaw_val_loss,6.026126384735107,5.188490815460682
29,mean,metric/the_pile_pubmed_central_val_loss,5.763899326324463,5.184237415591876
29,mean,metric/the_pile_wikipedia_en_val_loss,6.317204475402832,5.834576606750488
29,mean,metric/the_pile_dm_mathematics_val_loss,5.946868896484375,3.9937245609859624
29,mean,metric/the_pile_github_val_loss,8.14659309387207,5.274727908273538
29,mean,metric/the_pile_stackexchange_val_loss,7.142147064208984,5.235173384348552
29,mean,metric/the_pile_gutenberg_pg_19_val_loss,4.7790937423706055,5.4004930605491
29,mean,metric/the_pile_pile_cc_val_loss,5.957272052764893,5.734487369656563
29,mean,metric/the_pile_ubuntu_irc_val_loss,8.297920227050781,6.624332209428151
29,mean,metric/the_pile_hackernews_val_loss,5.942418098449707,5.393911674618721
29,mean,metric/the_pile_pubmed_abstracts_val_loss,5.617604732513428,5.431526934107144
29,mean,metric/the_pile_uspto_backgrounds_val_loss,4.1322197914123535,5.12638458609581
30,mean,metric/the_pile_arxiv_val_loss,6.861634254455566,5.0389630397160845
30,mean,metric/the_pile_freelaw_val_loss,5.755373954772949,5.188490815460682
30,mean,metric/the_pile_pubmed_central_val_loss,5.65870475769043,5.184237415591876
30,mean,metric/the_pile_wikipedia_en_val_loss,5.272236347198486,5.834576606750488
30,mean,metric/the_pile_dm_mathematics_val_loss,5.643309116363525,3.9937245609859624
30,mean,metric/the_pile_github_val_loss,4.5067949295043945,5.274727908273538
30,mean,metric/the_pile_stackexchange_val_loss,5.427286148071289,5.235173384348552
30,mean,metric/the_pile_gutenberg_pg_19_val_loss,4.814216136932373,5.4004930605491
30,mean,metric/the_pile_pile_cc_val_loss,5.754676342010498,5.734487369656563
30,mean,metric/the_pile_ubuntu_irc_val_loss,6.341269493103027,6.624332209428151
30,mean,metric/the_pile_hackernews_val_loss,5.69641637802124,5.393911674618721
30,mean,metric/the_pile_pubmed_abstracts_val_loss,5.775506496429443,5.431526934107144
30,mean,metric/the_pile_uspto_backgrounds_val_loss,4.324811458587647,5.12638458609581
31,mean,metric/the_pile_arxiv_val_loss,4.4081878662109375,5.0389630397160845
31,mean,metric/the_pile_freelaw_val_loss,5.024968147277832,5.188490815460682
31,mean,metric/the_pile_pubmed_central_val_loss,4.978406429290772,5.184237415591876
31,mean,metric/the_pile_wikipedia_en_val_loss,5.005675315856934,5.834576606750488
31,mean,metric/the_pile_dm_mathematics_val_loss,3.812377452850342,3.9937245609859624
31,mean,metric/the_pile_github_val_loss,5.920037746429443,5.274727908273538
31,mean,metric/the_pile_stackexchange_val_loss,5.920503616333008,5.235173384348552
31,mean,metric/the_pile_gutenberg_pg_19_val_loss,4.698957443237305,5.4004930605491
31,mean,metric/the_pile_pile_cc_val_loss,5.51257848739624,5.734487369656563
31,mean,metric/the_pile_ubuntu_irc_val_loss,7.735177040100098,6.624332209428151
31,mean,metric/the_pile_hackernews_val_loss,5.13293981552124,5.393911674618721
31,mean,metric/the_pile_pubmed_abstracts_val_loss,4.934744834899902,5.431526934107144
31,mean,metric/the_pile_uspto_backgrounds_val_loss,5.402326583862305,5.12638458609581
32,mean,metric/the_pile_arxiv_val_loss,8.051161766052246,5.0389630397160845
32,mean,metric/the_pile_freelaw_val_loss,3.874768495559693,5.188490815460682
32,mean,metric/the_pile_pubmed_central_val_loss,6.909854412078857,5.184237415591876
32,mean,metric/the_pile_wikipedia_en_val_loss,6.266665935516357,5.834576606750488
32,mean,metric/the_pile_dm_mathematics_val_loss,6.403696537017822,3.9937245609859624
32,mean,metric/the_pile_github_val_loss,7.658684730529785,5.274727908273538
32,mean,metric/the_pile_stackexchange_val_loss,7.126642227172852,5.235173384348552
32,mean,metric/the_pile_gutenberg_pg_19_val_loss,5.534601211547852,5.4004930605491
32,mean,metric/the_pile_pile_cc_val_loss,5.833001613616943,5.734487369656563
32,mean,metric/the_pile_ubuntu_irc_val_loss,7.933407306671143,6.624332209428151
32,mean,metric/the_pile_hackernews_val_loss,5.835553646087647,5.393911674618721
32,mean,metric/the_pile_pubmed_abstracts_val_loss,5.917235374450684,5.431526934107144
32,mean,metric/the_pile_uspto_backgrounds_val_loss,5.224470138549805,5.12638458609581
33,mean,metric/the_pile_arxiv_val_loss,6.746493816375732,5.0389630397160845
33,mean,metric/the_pile_freelaw_val_loss,5.766384124755859,5.188490815460682
33,mean,metric/the_pile_pubmed_central_val_loss,6.5935959815979,5.184237415591876
33,mean,metric/the_pile_wikipedia_en_val_loss,5.976674556732178,5.834576606750488
33,mean,metric/the_pile_dm_mathematics_val_loss,5.557881832122803,3.9937245609859624
33,mean,metric/the_pile_github_val_loss,4.100144386291504,5.274727908273538
33,mean,metric/the_pile_stackexchange_val_loss,5.102885246276856,5.235173384348552
33,mean,metric/the_pile_gutenberg_pg_19_val_loss,4.755634784698486,5.4004930605491
33,mean,metric/the_pile_pile_cc_val_loss,5.5495219230651855,5.734487369656563
33,mean,metric/the_pile_ubuntu_irc_val_loss,7.391046047210693,6.624332209428151
33,mean,metric/the_pile_hackernews_val_loss,5.420259475708008,5.393911674618721
33,mean,metric/the_pile_pubmed_abstracts_val_loss,6.314382076263428,5.431526934107144
33,mean,metric/the_pile_uspto_backgrounds_val_loss,5.821866989135742,5.12638458609581
34,mean,metric/the_pile_arxiv_val_loss,5.771609783172607,5.0389630397160845
34,mean,metric/the_pile_freelaw_val_loss,5.322272777557373,5.188490815460682
34,mean,metric/the_pile_pubmed_central_val_loss,5.388720512390137,5.184237415591876
34,mean,metric/the_pile_wikipedia_en_val_loss,6.635139465332031,5.834576606750488
34,mean,metric/the_pile_dm_mathematics_val_loss,5.31644344329834,3.9937245609859624
34,mean,metric/the_pile_github_val_loss,3.774742603302002,5.274727908273538
34,mean,metric/the_pile_stackexchange_val_loss,4.6902689933776855,5.235173384348552
34,mean,metric/the_pile_gutenberg_pg_19_val_loss,5.525582313537598,5.4004930605491
34,mean,metric/the_pile_pile_cc_val_loss,6.194097995758057,5.734487369656563
34,mean,metric/the_pile_ubuntu_irc_val_loss,5.430849552154541,6.624332209428151
34,mean,metric/the_pile_hackernews_val_loss,5.701431751251221,5.393911674618721
34,mean,metric/the_pile_pubmed_abstracts_val_loss,6.310952663421631,5.431526934107144
34,mean,metric/the_pile_uspto_backgrounds_val_loss,6.177484512329102,5.12638458609581
35,mean,metric/the_pile_arxiv_val_loss,5.152310848236084,5.0389630397160845
35,mean,metric/the_pile_freelaw_val_loss,6.016092777252197,5.188490815460682
35,mean,metric/the_pile_pubmed_central_val_loss,5.6132493019104,5.184237415591876
35,mean,metric/the_pile_wikipedia_en_val_loss,5.003716468811035,5.834576606750488
35,mean,metric/the_pile_dm_mathematics_val_loss,1.8262804746627808,3.9937245609859624
35,mean,metric/the_pile_github_val_loss,4.939427852630615,5.274727908273538
35,mean,metric/the_pile_stackexchange_val_loss,4.213974952697754,5.235173384348552
35,mean,metric/the_pile_gutenberg_pg_19_val_loss,5.9329681396484375,5.4004930605491
35,mean,metric/the_pile_pile_cc_val_loss,5.653165340423584,5.734487369656563
35,mean,metric/the_pile_ubuntu_irc_val_loss,5.710831165313721,6.624332209428151
35,mean,metric/the_pile_hackernews_val_loss,5.641227722167969,5.393911674618721
35,mean,metric/the_pile_pubmed_abstracts_val_loss,6.202215671539307,5.431526934107144
35,mean,metric/the_pile_uspto_backgrounds_val_loss,5.734169960021973,5.12638458609581
36,mean,metric/the_pile_arxiv_val_loss,3.753798723220825,5.0389630397160845
36,mean,metric/the_pile_freelaw_val_loss,6.316792964935303,5.188490815460682
36,mean,metric/the_pile_pubmed_central_val_loss,4.444733619689941,5.184237415591876
36,mean,metric/the_pile_wikipedia_en_val_loss,6.496055603027344,5.834576606750488
36,mean,metric/the_pile_dm_mathematics_val_loss,2.555508136749268,3.9937245609859624
36,mean,metric/the_pile_github_val_loss,5.468338489532471,5.274727908273538
36,mean,metric/the_pile_stackexchange_val_loss,4.637434482574463,5.235173384348552
36,mean,metric/the_pile_gutenberg_pg_19_val_loss,5.210977077484131,5.4004930605491
36,mean,metric/the_pile_pile_cc_val_loss,6.027653694152832,5.734487369656563
36,mean,metric/the_pile_ubuntu_irc_val_loss,5.130958557128906,6.624332209428151
36,mean,metric/the_pile_hackernews_val_loss,5.644321918487549,5.393911674618721
36,mean,metric/the_pile_pubmed_abstracts_val_loss,5.471099853515625,5.431526934107144
36,mean,metric/the_pile_uspto_backgrounds_val_loss,5.643436908721924,5.12638458609581
37,mean,metric/the_pile_arxiv_val_loss,5.026422023773193,5.0389630397160845
37,mean,metric/the_pile_freelaw_val_loss,5.072512626647949,5.188490815460682
37,mean,metric/the_pile_pubmed_central_val_loss,4.223289489746094,5.184237415591876
37,mean,metric/the_pile_wikipedia_en_val_loss,4.998081684112549,5.834576606750488
37,mean,metric/the_pile_dm_mathematics_val_loss,2.0003106594085693,3.9937245609859624
37,mean,metric/the_pile_github_val_loss,5.011911392211914,5.274727908273538
37,mean,metric/the_pile_stackexchange_val_loss,5.214371204376221,5.235173384348552
37,mean,metric/the_pile_gutenberg_pg_19_val_loss,5.35777759552002,5.4004930605491
37,mean,metric/the_pile_pile_cc_val_loss,5.670432090759277,5.734487369656563
37,mean,metric/the_pile_ubuntu_irc_val_loss,7.577400207519531,6.624332209428151
37,mean,metric/the_pile_hackernews_val_loss,5.103034973144531,5.393911674618721
37,mean,metric/the_pile_pubmed_abstracts_val_loss,4.877068042755127,5.431526934107144
37,mean,metric/the_pile_uspto_backgrounds_val_loss,4.46651554107666,5.12638458609581
38,mean,metric/the_pile_arxiv_val_loss,5.007805824279785,5.0389630397160845
38,mean,metric/the_pile_freelaw_val_loss,4.905384063720703,5.188490815460682
38,mean,metric/the_pile_pubmed_central_val_loss,6.044830799102783,5.184237415591876
38,mean,metric/the_pile_wikipedia_en_val_loss,5.689024925231934,5.834576606750488
38,mean,metric/the_pile_dm_mathematics_val_loss,5.543165683746338,3.9937245609859624
38,mean,metric/the_pile_github_val_loss,6.600042343139648,5.274727908273538
38,mean,metric/the_pile_stackexchange_val_loss,6.009766578674316,5.235173384348552
38,mean,metric/the_pile_gutenberg_pg_19_val_loss,5.248143672943115,5.4004930605491
38,mean,metric/the_pile_pile_cc_val_loss,5.204901218414307,5.734487369656563
38,mean,metric/the_pile_ubuntu_irc_val_loss,6.734470844268799,6.624332209428151
38,mean,metric/the_pile_hackernews_val_loss,5.271415710449219,5.393911674618721
38,mean,metric/the_pile_pubmed_abstracts_val_loss,5.445953369140625,5.431526934107144
38,mean,metric/the_pile_uspto_backgrounds_val_loss,4.392505168914795,5.12638458609581
39,mean,metric/the_pile_arxiv_val_loss,5.11309814453125,5.0389630397160845
39,mean,metric/the_pile_freelaw_val_loss,4.777293682098389,5.188490815460682
39,mean,metric/the_pile_pubmed_central_val_loss,5.109024524688721,5.184237415591876
39,mean,metric/the_pile_wikipedia_en_val_loss,4.968809604644775,5.834576606750488
39,mean,metric/the_pile_dm_mathematics_val_loss,2.236644506454468,3.9937245609859624
39,mean,metric/the_pile_github_val_loss,4.740827083587647,5.274727908273538
39,mean,metric/the_pile_stackexchange_val_loss,4.21690845489502,5.235173384348552
39,mean,metric/the_pile_gutenberg_pg_19_val_loss,5.307089805603027,5.4004930605491
39,mean,metric/the_pile_pile_cc_val_loss,5.59416389465332,5.734487369656563
39,mean,metric/the_pile_ubuntu_irc_val_loss,7.238756656646728,6.624332209428151
39,mean,metric/the_pile_hackernews_val_loss,5.03219747543335,5.393911674618721
39,mean,metric/the_pile_pubmed_abstracts_val_loss,5.572150707244873,5.431526934107144
39,mean,metric/the_pile_uspto_backgrounds_val_loss,5.002451419830322,5.12638458609581
40,mean,metric/the_pile_arxiv_val_loss,4.483772277832031,5.0389630397160845
40,mean,metric/the_pile_freelaw_val_loss,4.084653377532959,5.188490815460682
40,mean,metric/the_pile_pubmed_central_val_loss,4.152863502502441,5.184237415591876
40,mean,metric/the_pile_wikipedia_en_val_loss,6.1054534912109375,5.834576606750488
40,mean,metric/the_pile_dm_mathematics_val_loss,5.35400390625,3.9937245609859624
40,mean,metric/the_pile_github_val_loss,5.705118656158447,5.274727908273538
40,mean,metric/the_pile_stackexchange_val_loss,5.056640148162842,5.235173384348552
40,mean,metric/the_pile_gutenberg_pg_19_val_loss,5.576696872711182,5.4004930605491
40,mean,metric/the_pile_pile_cc_val_loss,5.732850074768066,5.734487369656563
40,mean,metric/the_pile_ubuntu_irc_val_loss,7.658815860748291,6.624332209428151
40,mean,metric/the_pile_hackernews_val_loss,5.443605422973633,5.393911674618721
40,mean,metric/the_pile_pubmed_abstracts_val_loss,5.044731616973877,5.431526934107144
40,mean,metric/the_pile_uspto_backgrounds_val_loss,5.474844932556152,5.12638458609581
41,mean,metric/the_pile_arxiv_val_loss,4.69763708114624,5.0389630397160845
41,mean,metric/the_pile_freelaw_val_loss,6.14774751663208,5.188490815460682
41,mean,metric/the_pile_pubmed_central_val_loss,5.504880428314209,5.184237415591876
41,mean,metric/the_pile_wikipedia_en_val_loss,5.891500949859619,5.834576606750488
41,mean,metric/the_pile_dm_mathematics_val_loss,2.5461370944976807,3.9937245609859624
41,mean,metric/the_pile_github_val_loss,3.768294095993042,5.274727908273538
41,mean,metric/the_pile_stackexchange_val_loss,4.877947807312012,5.235173384348552
41,mean,metric/the_pile_gutenberg_pg_19_val_loss,5.280606746673584,5.4004930605491
41,mean,metric/the_pile_pile_cc_val_loss,5.879600524902344,5.734487369656563
41,mean,metric/the_pile_ubuntu_irc_val_loss,5.807758808135986,6.624332209428151
41,mean,metric/the_pile_hackernews_val_loss,5.5165696144104,5.393911674618721
41,mean,metric/the_pile_pubmed_abstracts_val_loss,5.912353515625,5.431526934107144
41,mean,metric/the_pile_uspto_backgrounds_val_loss,5.507272720336914,5.12638458609581
42,mean,metric/the_pile_arxiv_val_loss,5.103385925292969,5.0389630397160845
42,mean,metric/the_pile_freelaw_val_loss,5.81681489944458,5.188490815460682
42,mean,metric/the_pile_pubmed_central_val_loss,4.879493713378906,5.184237415591876
42,mean,metric/the_pile_wikipedia_en_val_loss,5.411044597625732,5.834576606750488
42,mean,metric/the_pile_dm_mathematics_val_loss,2.4963607788085938,3.9937245609859624
42,mean,metric/the_pile_github_val_loss,4.072724342346191,5.274727908273538
42,mean,metric/the_pile_stackexchange_val_loss,5.021194934844971,5.235173384348552
42,mean,metric/the_pile_gutenberg_pg_19_val_loss,5.245903015136719,5.4004930605491
42,mean,metric/the_pile_pile_cc_val_loss,5.814209938049316,5.734487369656563
42,mean,metric/the_pile_ubuntu_irc_val_loss,7.312902450561523,6.624332209428151
42,mean,metric/the_pile_hackernews_val_loss,4.897205829620361,5.393911674618721
42,mean,metric/the_pile_pubmed_abstracts_val_loss,5.433531761169434,5.431526934107144
42,mean,metric/the_pile_uspto_backgrounds_val_loss,4.587443828582764,5.12638458609581
43,mean,metric/the_pile_arxiv_val_loss,3.9178929328918457,5.0389630397160845
43,mean,metric/the_pile_freelaw_val_loss,5.826865196228027,5.188490815460682
43,mean,metric/the_pile_pubmed_central_val_loss,5.672890663146973,5.184237415591876
43,mean,metric/the_pile_wikipedia_en_val_loss,5.243008136749268,5.834576606750488
43,mean,metric/the_pile_dm_mathematics_val_loss,1.9641127586364744,3.9937245609859624
43,mean,metric/the_pile_github_val_loss,4.958409309387207,5.274727908273538
43,mean,metric/the_pile_stackexchange_val_loss,4.631067276000977,5.235173384348552
43,mean,metric/the_pile_gutenberg_pg_19_val_loss,4.851532936096191,5.4004930605491
43,mean,metric/the_pile_pile_cc_val_loss,5.635731220245361,5.734487369656563
43,mean,metric/the_pile_ubuntu_irc_val_loss,7.241580486297607,6.624332209428151
43,mean,metric/the_pile_hackernews_val_loss,5.190623760223389,5.393911674618721
43,mean,metric/the_pile_pubmed_abstracts_val_loss,5.716239929199219,5.431526934107144
43,mean,metric/the_pile_uspto_backgrounds_val_loss,5.144834041595459,5.12638458609581
44,mean,metric/the_pile_arxiv_val_loss,4.936156749725342,5.0389630397160845
44,mean,metric/the_pile_freelaw_val_loss,4.4209465980529785,5.188490815460682
44,mean,metric/the_pile_pubmed_central_val_loss,4.081094264984131,5.184237415591876
44,mean,metric/the_pile_wikipedia_en_val_loss,6.294333934783936,5.834576606750488
44,mean,metric/the_pile_dm_mathematics_val_loss,2.0349221229553223,3.9937245609859624
44,mean,metric/the_pile_github_val_loss,4.572906017303467,5.274727908273538
44,mean,metric/the_pile_stackexchange_val_loss,4.647099018096924,5.235173384348552
44,mean,metric/the_pile_gutenberg_pg_19_val_loss,5.561471462249756,5.4004930605491
44,mean,metric/the_pile_pile_cc_val_loss,5.9413371086120605,5.734487369656563
44,mean,metric/the_pile_ubuntu_irc_val_loss,7.266517639160156,6.624332209428151
44,mean,metric/the_pile_hackernews_val_loss,5.63517951965332,5.393911674618721
44,mean,metric/the_pile_pubmed_abstracts_val_loss,5.1906046867370605,5.431526934107144
44,mean,metric/the_pile_uspto_backgrounds_val_loss,5.514040470123291,5.12638458609581
45,mean,metric/the_pile_arxiv_val_loss,3.638108968734741,5.0389630397160845
45,mean,metric/the_pile_freelaw_val_loss,5.1034135818481445,5.188490815460682
45,mean,metric/the_pile_pubmed_central_val_loss,5.953833103179932,5.184237415591876
45,mean,metric/the_pile_wikipedia_en_val_loss,6.57130241394043,5.834576606750488
45,mean,metric/the_pile_dm_mathematics_val_loss,3.2984423637390137,3.9937245609859624
45,mean,metric/the_pile_github_val_loss,5.690601825714111,5.274727908273538
45,mean,metric/the_pile_stackexchange_val_loss,5.021487236022949,5.235173384348552
45,mean,metric/the_pile_gutenberg_pg_19_val_loss,5.967015266418457,5.4004930605491
45,mean,metric/the_pile_pile_cc_val_loss,6.166713714599609,5.734487369656563
45,mean,metric/the_pile_ubuntu_irc_val_loss,7.760351181030273,6.624332209428151
45,mean,metric/the_pile_hackernews_val_loss,5.840293884277344,5.393911674618721
45,mean,metric/the_pile_pubmed_abstracts_val_loss,5.948450565338135,5.431526934107144
45,mean,metric/the_pile_uspto_backgrounds_val_loss,5.693654537200928,5.12638458609581
46,mean,metric/the_pile_arxiv_val_loss,4.831500053405762,5.0389630397160845
46,mean,metric/the_pile_freelaw_val_loss,4.930476188659668,5.188490815460682
46,mean,metric/the_pile_pubmed_central_val_loss,4.141411304473877,5.184237415591876
46,mean,metric/the_pile_wikipedia_en_val_loss,5.045565605163574,5.834576606750488
46,mean,metric/the_pile_dm_mathematics_val_loss,3.4484519958496094,3.9937245609859624
46,mean,metric/the_pile_github_val_loss,4.71076250076294,5.274727908273538
46,mean,metric/the_pile_stackexchange_val_loss,4.8421831130981445,5.235173384348552
46,mean,metric/the_pile_gutenberg_pg_19_val_loss,5.125277996063232,5.4004930605491
46,mean,metric/the_pile_pile_cc_val_loss,5.396003723144531,5.734487369656563
46,mean,metric/the_pile_ubuntu_irc_val_loss,5.420391082763672,6.624332209428151
46,mean,metric/the_pile_hackernews_val_loss,4.930731296539307,5.393911674618721
46,mean,metric/the_pile_pubmed_abstracts_val_loss,5.00034761428833,5.431526934107144
46,mean,metric/the_pile_uspto_backgrounds_val_loss,5.420869827270508,5.12638458609581
47,mean,metric/the_pile_arxiv_val_loss,8.440932273864746,5.0389630397160845
47,mean,metric/the_pile_freelaw_val_loss,6.074766635894775,5.188490815460682
47,mean,metric/the_pile_pubmed_central_val_loss,6.765743732452393,5.184237415591876
47,mean,metric/the_pile_wikipedia_en_val_loss,4.974913120269775,5.834576606750488
47,mean,metric/the_pile_dm_mathematics_val_loss,2.968883991241455,3.9937245609859624
47,mean,metric/the_pile_github_val_loss,7.715780258178711,5.274727908273538
47,mean,metric/the_pile_stackexchange_val_loss,6.937915325164795,5.235173384348552
47,mean,metric/the_pile_gutenberg_pg_19_val_loss,5.945170879364014,5.4004930605491
47,mean,metric/the_pile_pile_cc_val_loss,5.751434326171875,5.734487369656563
47,mean,metric/the_pile_ubuntu_irc_val_loss,5.861015319824219,6.624332209428151
47,mean,metric/the_pile_hackernews_val_loss,5.153534412384033,5.393911674618721
47,mean,metric/the_pile_pubmed_abstracts_val_loss,5.707162380218506,5.431526934107144
47,mean,metric/the_pile_uspto_backgrounds_val_loss,4.353992938995361,5.12638458609581
48,mean,metric/the_pile_arxiv_val_loss,4.1681437492370605,5.0389630397160845
48,mean,metric/the_pile_freelaw_val_loss,6.259349346160889,5.188490815460682
48,mean,metric/the_pile_pubmed_central_val_loss,4.611889362335205,5.184237415591876
48,mean,metric/the_pile_wikipedia_en_val_loss,5.667662143707275,5.834576606750488
48,mean,metric/the_pile_dm_mathematics_val_loss,5.244356632232666,3.9937245609859624
48,mean,metric/the_pile_github_val_loss,5.20815896987915,5.274727908273538
48,mean,metric/the_pile_stackexchange_val_loss,4.357894420623779,5.235173384348552
48,mean,metric/the_pile_gutenberg_pg_19_val_loss,5.897227764129639,5.4004930605491
48,mean,metric/the_pile_pile_cc_val_loss,5.876132011413574,5.734487369656563
48,mean,metric/the_pile_ubuntu_irc_val_loss,7.667821884155273,6.624332209428151
48,mean,metric/the_pile_hackernews_val_loss,5.675467014312744,5.393911674618721
48,mean,metric/the_pile_pubmed_abstracts_val_loss,5.309412002563477,5.431526934107144
48,mean,metric/the_pile_uspto_backgrounds_val_loss,4.402518272399902,5.12638458609581
49,mean,metric/the_pile_arxiv_val_loss,3.730212926864624,5.0389630397160845
49,mean,metric/the_pile_freelaw_val_loss,4.436660289764404,5.188490815460682
49,mean,metric/the_pile_pubmed_central_val_loss,6.001482009887695,5.184237415591876
49,mean,metric/the_pile_wikipedia_en_val_loss,6.172852516174316,5.834576606750488
49,mean,metric/the_pile_dm_mathematics_val_loss,5.698367595672607,3.9937245609859624
49,mean,metric/the_pile_github_val_loss,6.93580961227417,5.274727908273538
49,mean,metric/the_pile_stackexchange_val_loss,6.398937702178955,5.235173384348552
49,mean,metric/the_pile_gutenberg_pg_19_val_loss,5.574679851531982,5.4004930605491
49,mean,metric/the_pile_pile_cc_val_loss,5.760085105895996,5.734487369656563
49,mean,metric/the_pile_ubuntu_irc_val_loss,7.840114593505859,6.624332209428151
49,mean,metric/the_pile_hackernews_val_loss,5.721960544586182,5.393911674618721
49,mean,metric/the_pile_pubmed_abstracts_val_loss,5.851420879364014,5.431526934107144
49,mean,metric/the_pile_uspto_backgrounds_val_loss,4.941415786743164,5.12638458609581
50,mean,metric/the_pile_arxiv_val_loss,3.7966833114624015,5.0389630397160845
50,mean,metric/the_pile_freelaw_val_loss,5.021888732910156,5.188490815460682
50,mean,metric/the_pile_pubmed_central_val_loss,4.600696086883545,5.184237415591876
50,mean,metric/the_pile_wikipedia_en_val_loss,5.298296451568604,5.834576606750488
50,mean,metric/the_pile_dm_mathematics_val_loss,2.667093515396118,3.9937245609859624
50,mean,metric/the_pile_github_val_loss,6.491039276123047,5.274727908273538
50,mean,metric/the_pile_stackexchange_val_loss,6.010045051574707,5.235173384348552
50,mean,metric/the_pile_gutenberg_pg_19_val_loss,5.5225510597229,5.4004930605491
50,mean,metric/the_pile_pile_cc_val_loss,5.685656547546387,5.734487369656563
50,mean,metric/the_pile_ubuntu_irc_val_loss,6.783571720123291,6.624332209428151
50,mean,metric/the_pile_hackernews_val_loss,4.8601508140563965,5.393911674618721
50,mean,metric/the_pile_pubmed_abstracts_val_loss,5.374444007873535,5.431526934107144
50,mean,metric/the_pile_uspto_backgrounds_val_loss,4.758020877838135,5.12638458609581
51,mean,metric/the_pile_arxiv_val_loss,5.532787799835205,5.0389630397160845
51,mean,metric/the_pile_freelaw_val_loss,6.527656078338623,5.188490815460682
51,mean,metric/the_pile_pubmed_central_val_loss,5.950851917266846,5.184237415591876
51,mean,metric/the_pile_wikipedia_en_val_loss,6.630948543548584,5.834576606750488
51,mean,metric/the_pile_dm_mathematics_val_loss,5.167536735534668,3.9937245609859624
51,mean,metric/the_pile_github_val_loss,3.798149824142456,5.274727908273538
51,mean,metric/the_pile_stackexchange_val_loss,4.503209114074707,5.235173384348552
51,mean,metric/the_pile_gutenberg_pg_19_val_loss,6.162086009979248,5.4004930605491
51,mean,metric/the_pile_pile_cc_val_loss,6.187751293182373,5.734487369656563
51,mean,metric/the_pile_ubuntu_irc_val_loss,7.340127944946289,6.624332209428151
51,mean,metric/the_pile_hackernews_val_loss,5.700646877288818,5.393911674618721
51,mean,metric/the_pile_pubmed_abstracts_val_loss,4.946561813354492,5.431526934107144
51,mean,metric/the_pile_uspto_backgrounds_val_loss,5.756894588470459,5.12638458609581
52,mean,metric/the_pile_arxiv_val_loss,4.392882823944092,5.0389630397160845
52,mean,metric/the_pile_freelaw_val_loss,4.020063877105713,5.188490815460682
52,mean,metric/the_pile_pubmed_central_val_loss,5.173309326171875,5.184237415591876
52,mean,metric/the_pile_wikipedia_en_val_loss,6.295225143432617,5.834576606750488
52,mean,metric/the_pile_dm_mathematics_val_loss,2.4080824851989746,3.9937245609859624
52,mean,metric/the_pile_github_val_loss,5.564821720123291,5.274727908273538
52,mean,metric/the_pile_stackexchange_val_loss,5.0122971534729,5.235173384348552
52,mean,metric/the_pile_gutenberg_pg_19_val_loss,5.199732780456543,5.4004930605491
52,mean,metric/the_pile_pile_cc_val_loss,5.959908962249756,5.734487369656563
52,mean,metric/the_pile_ubuntu_irc_val_loss,7.7769455909729,6.624332209428151
52,mean,metric/the_pile_hackernews_val_loss,5.533198356628418,5.393911674618721
52,mean,metric/the_pile_pubmed_abstracts_val_loss,4.907405376434326,5.431526934107144
52,mean,metric/the_pile_uspto_backgrounds_val_loss,4.65257453918457,5.12638458609581
53,mean,metric/the_pile_arxiv_val_loss,7.007149696350098,5.0389630397160845
53,mean,metric/the_pile_freelaw_val_loss,3.991276979446411,5.188490815460682
53,mean,metric/the_pile_pubmed_central_val_loss,5.402833938598633,5.184237415591876
53,mean,metric/the_pile_wikipedia_en_val_loss,6.188725471496582,5.834576606750488
53,mean,metric/the_pile_dm_mathematics_val_loss,3.207134962081909,3.9937245609859624
53,mean,metric/the_pile_github_val_loss,5.462283134460449,5.274727908273538
53,mean,metric/the_pile_stackexchange_val_loss,5.98594331741333,5.235173384348552
53,mean,metric/the_pile_gutenberg_pg_19_val_loss,5.365267276763916,5.4004930605491
53,mean,metric/the_pile_pile_cc_val_loss,6.085532188415527,5.734487369656563
53,mean,metric/the_pile_ubuntu_irc_val_loss,7.815812587738037,6.624332209428151
53,mean,metric/the_pile_hackernews_val_loss,5.907251834869385,5.393911674618721
53,mean,metric/the_pile_pubmed_abstracts_val_loss,5.463828086853027,5.431526934107144
53,mean,metric/the_pile_uspto_backgrounds_val_loss,4.415454387664795,5.12638458609581
54,mean,metric/the_pile_arxiv_val_loss,4.346701622009277,5.0389630397160845
54,mean,metric/the_pile_freelaw_val_loss,5.3779706954956055,5.188490815460682
54,mean,metric/the_pile_pubmed_central_val_loss,5.9593939781188965,5.184237415591876
54,mean,metric/the_pile_wikipedia_en_val_loss,5.633344650268555,5.834576606750488
54,mean,metric/the_pile_dm_mathematics_val_loss,3.2429494857788086,3.9937245609859624
54,mean,metric/the_pile_github_val_loss,5.463810443878174,5.274727908273538
54,mean,metric/the_pile_stackexchange_val_loss,5.523324966430664,5.235173384348552
54,mean,metric/the_pile_gutenberg_pg_19_val_loss,5.239508152008057,5.4004930605491
54,mean,metric/the_pile_pile_cc_val_loss,5.1780619621276855,5.734487369656563
54,mean,metric/the_pile_ubuntu_irc_val_loss,7.30163049697876,6.624332209428151
54,mean,metric/the_pile_hackernews_val_loss,5.134288787841797,5.393911674618721
54,mean,metric/the_pile_pubmed_abstracts_val_loss,5.7298102378845215,5.431526934107144
54,mean,metric/the_pile_uspto_backgrounds_val_loss,4.760405540466309,5.12638458609581
55,mean,metric/the_pile_arxiv_val_loss,4.241799354553223,5.0389630397160845
55,mean,metric/the_pile_freelaw_val_loss,4.076106548309326,5.188490815460682
55,mean,metric/the_pile_pubmed_central_val_loss,5.621786594390869,5.184237415591876
55,mean,metric/the_pile_wikipedia_en_val_loss,6.162235736846924,5.834576606750488
55,mean,metric/the_pile_dm_mathematics_val_loss,5.391995906829834,3.9937245609859624
55,mean,metric/the_pile_github_val_loss,5.376951694488525,5.274727908273538
55,mean,metric/the_pile_stackexchange_val_loss,4.80318546295166,5.235173384348552
55,mean,metric/the_pile_gutenberg_pg_19_val_loss,5.207559585571289,5.4004930605491
55,mean,metric/the_pile_pile_cc_val_loss,5.744707584381104,5.734487369656563
55,mean,metric/the_pile_ubuntu_irc_val_loss,7.082707405090332,6.624332209428151
55,mean,metric/the_pile_hackernews_val_loss,5.2026472091674805,5.393911674618721
55,mean,metric/the_pile_pubmed_abstracts_val_loss,4.755011558532715,5.431526934107144
55,mean,metric/the_pile_uspto_backgrounds_val_loss,5.45875358581543,5.12638458609581
56,mean,metric/the_pile_arxiv_val_loss,4.411746025085449,5.0389630397160845
56,mean,metric/the_pile_freelaw_val_loss,5.112115859985352,5.188490815460682
56,mean,metric/the_pile_pubmed_central_val_loss,4.897669792175293,5.184237415591876
56,mean,metric/the_pile_wikipedia_en_val_loss,5.797713279724121,5.834576606750488
56,mean,metric/the_pile_dm_mathematics_val_loss,2.632209300994873,3.9937245609859624
56,mean,metric/the_pile_github_val_loss,5.026473045349121,5.274727908273538
56,mean,metric/the_pile_stackexchange_val_loss,4.733946800231934,5.235173384348552
56,mean,metric/the_pile_gutenberg_pg_19_val_loss,4.797581195831299,5.4004930605491
56,mean,metric/the_pile_pile_cc_val_loss,5.312499046325684,5.734487369656563
56,mean,metric/the_pile_ubuntu_irc_val_loss,5.271421432495117,6.624332209428151
56,mean,metric/the_pile_hackernews_val_loss,4.892145156860352,5.393911674618721
56,mean,metric/the_pile_pubmed_abstracts_val_loss,5.140616416931152,5.431526934107144
56,mean,metric/the_pile_uspto_backgrounds_val_loss,4.490816116333008,5.12638458609581
57,mean,metric/the_pile_arxiv_val_loss,6.986747741699219,5.0389630397160845
57,mean,metric/the_pile_freelaw_val_loss,5.346676349639893,5.188490815460682
57,mean,metric/the_pile_pubmed_central_val_loss,6.521917343139648,5.184237415591876
57,mean,metric/the_pile_wikipedia_en_val_loss,5.615074157714844,5.834576606750488
57,mean,metric/the_pile_dm_mathematics_val_loss,5.778436183929443,3.9937245609859624
57,mean,metric/the_pile_github_val_loss,6.708127975463867,5.274727908273538
57,mean,metric/the_pile_stackexchange_val_loss,6.087891101837158,5.235173384348552
57,mean,metric/the_pile_gutenberg_pg_19_val_loss,4.775575160980225,5.4004930605491
57,mean,metric/the_pile_pile_cc_val_loss,5.14619779586792,5.734487369656563
57,mean,metric/the_pile_ubuntu_irc_val_loss,7.10297155380249,6.624332209428151
57,mean,metric/the_pile_hackernews_val_loss,5.194708824157715,5.393911674618721
57,mean,metric/the_pile_pubmed_abstracts_val_loss,5.865085124969482,5.431526934107144
57,mean,metric/the_pile_uspto_backgrounds_val_loss,5.405097007751465,5.12638458609581
58,mean,metric/the_pile_arxiv_val_loss,4.8471198081970215,5.0389630397160845
58,mean,metric/the_pile_freelaw_val_loss,5.378610610961914,5.188490815460682
58,mean,metric/the_pile_pubmed_central_val_loss,5.90403413772583,5.184237415591876
58,mean,metric/the_pile_wikipedia_en_val_loss,5.149438858032227,5.834576606750488
58,mean,metric/the_pile_dm_mathematics_val_loss,5.416506290435791,3.9937245609859624
58,mean,metric/the_pile_github_val_loss,4.455813407897949,5.274727908273538
58,mean,metric/the_pile_stackexchange_val_loss,5.100099563598633,5.235173384348552
58,mean,metric/the_pile_gutenberg_pg_19_val_loss,5.167911052703857,5.4004930605491
58,mean,metric/the_pile_pile_cc_val_loss,5.20856237411499,5.734487369656563
58,mean,metric/the_pile_ubuntu_irc_val_loss,7.295760154724121,6.624332209428151
58,mean,metric/the_pile_hackernews_val_loss,5.22182035446167,5.393911674618721
58,mean,metric/the_pile_pubmed_abstracts_val_loss,5.887460231781006,5.431526934107144
58,mean,metric/the_pile_uspto_backgrounds_val_loss,5.430573463439941,5.12638458609581
59,mean,metric/the_pile_arxiv_val_loss,3.9652984142303462,5.0389630397160845
59,mean,metric/the_pile_freelaw_val_loss,6.612681865692139,5.188490815460682
59,mean,metric/the_pile_pubmed_central_val_loss,3.9468679428100586,5.184237415591876
59,mean,metric/the_pile_wikipedia_en_val_loss,6.555839538574219,5.834576606750488
59,mean,metric/the_pile_dm_mathematics_val_loss,5.376868724822998,3.9937245609859624
59,mean,metric/the_pile_github_val_loss,5.957604885101318,5.274727908273538
59,mean,metric/the_pile_stackexchange_val_loss,5.43524169921875,5.235173384348552
59,mean,metric/the_pile_gutenberg_pg_19_val_loss,6.635313034057617,5.4004930605491
59,mean,metric/the_pile_pile_cc_val_loss,6.283211708068848,5.734487369656563
59,mean,metric/the_pile_ubuntu_irc_val_loss,7.90532922744751,6.624332209428151
59,mean,metric/the_pile_hackernews_val_loss,6.110487937927246,5.393911674618721
59,mean,metric/the_pile_pubmed_abstracts_val_loss,4.728593826293945,5.431526934107144
59,mean,metric/the_pile_uspto_backgrounds_val_loss,5.506335735321045,5.12638458609581
60,mean,metric/the_pile_arxiv_val_loss,3.908792018890381,5.0389630397160845
60,mean,metric/the_pile_freelaw_val_loss,6.167742729187012,5.188490815460682
60,mean,metric/the_pile_pubmed_central_val_loss,4.469869136810303,5.184237415591876
60,mean,metric/the_pile_wikipedia_en_val_loss,6.070940971374512,5.834576606750488
60,mean,metric/the_pile_dm_mathematics_val_loss,5.220755577087402,3.9937245609859624
60,mean,metric/the_pile_github_val_loss,4.680066108703613,5.274727908273538
60,mean,metric/the_pile_stackexchange_val_loss,4.287607192993164,5.235173384348552
60,mean,metric/the_pile_gutenberg_pg_19_val_loss,5.089911460876465,5.4004930605491
60,mean,metric/the_pile_pile_cc_val_loss,5.978978157043457,5.734487369656563
60,mean,metric/the_pile_ubuntu_irc_val_loss,7.068933010101318,6.624332209428151
60,mean,metric/the_pile_hackernews_val_loss,5.550899982452393,5.393911674618721
60,mean,metric/the_pile_pubmed_abstracts_val_loss,5.132067680358887,5.431526934107144
60,mean,metric/the_pile_uspto_backgrounds_val_loss,5.589742183685303,5.12638458609581
61,mean,metric/the_pile_arxiv_val_loss,4.552950382232666,5.0389630397160845
61,mean,metric/the_pile_freelaw_val_loss,4.252624988555908,5.188490815460682
61,mean,metric/the_pile_pubmed_central_val_loss,5.622159957885742,5.184237415591876
61,mean,metric/the_pile_wikipedia_en_val_loss,5.93869686126709,5.834576606750488
61,mean,metric/the_pile_dm_mathematics_val_loss,3.5106608867645264,3.9937245609859624
61,mean,metric/the_pile_github_val_loss,4.733158111572266,5.274727908273538
61,mean,metric/the_pile_stackexchange_val_loss,4.370215892791748,5.235173384348552
61,mean,metric/the_pile_gutenberg_pg_19_val_loss,5.459442615509033,5.4004930605491
61,mean,metric/the_pile_pile_cc_val_loss,5.723842620849609,5.734487369656563
61,mean,metric/the_pile_ubuntu_irc_val_loss,7.355634689331055,6.624332209428151
61,mean,metric/the_pile_hackernews_val_loss,4.793247699737549,5.393911674618721
61,mean,metric/the_pile_pubmed_abstracts_val_loss,4.70800256729126,5.431526934107144
61,mean,metric/the_pile_uspto_backgrounds_val_loss,5.441554546356201,5.12638458609581
62,mean,metric/the_pile_arxiv_val_loss,4.182930946350098,5.0389630397160845
62,mean,metric/the_pile_freelaw_val_loss,5.533852577209473,5.188490815460682
62,mean,metric/the_pile_pubmed_central_val_loss,4.20123291015625,5.184237415591876
62,mean,metric/the_pile_wikipedia_en_val_loss,5.881320476531982,5.834576606750488
62,mean,metric/the_pile_dm_mathematics_val_loss,3.036623239517212,3.9937245609859624
62,mean,metric/the_pile_github_val_loss,4.398690700531006,5.274727908273538
62,mean,metric/the_pile_stackexchange_val_loss,4.46083402633667,5.235173384348552
62,mean,metric/the_pile_gutenberg_pg_19_val_loss,6.00164794921875,5.4004930605491
62,mean,metric/the_pile_pile_cc_val_loss,5.90737771987915,5.734487369656563
62,mean,metric/the_pile_ubuntu_irc_val_loss,5.824794769287109,6.624332209428151
62,mean,metric/the_pile_hackernews_val_loss,5.685764789581299,5.393911674618721
62,mean,metric/the_pile_pubmed_abstracts_val_loss,5.2286224365234375,5.431526934107144
62,mean,metric/the_pile_uspto_backgrounds_val_loss,4.514894962310791,5.12638458609581
63,mean,metric/the_pile_arxiv_val_loss,4.488585948944092,5.0389630397160845
63,mean,metric/the_pile_freelaw_val_loss,4.885903358459473,5.188490815460682
63,mean,metric/the_pile_pubmed_central_val_loss,5.504492282867432,5.184237415591876
63,mean,metric/the_pile_wikipedia_en_val_loss,6.050186634063721,5.834576606750488
63,mean,metric/the_pile_dm_mathematics_val_loss,5.163731098175049,3.9937245609859624
63,mean,metric/the_pile_github_val_loss,5.030057430267334,5.274727908273538
63,mean,metric/the_pile_stackexchange_val_loss,4.398993968963623,5.235173384348552
63,mean,metric/the_pile_gutenberg_pg_19_val_loss,5.353765964508057,5.4004930605491
63,mean,metric/the_pile_pile_cc_val_loss,5.584300518035889,5.734487369656563
63,mean,metric/the_pile_ubuntu_irc_val_loss,6.357541561126709,6.624332209428151
63,mean,metric/the_pile_hackernews_val_loss,5.351061820983887,5.393911674618721
63,mean,metric/the_pile_pubmed_abstracts_val_loss,4.4324951171875,5.431526934107144
63,mean,metric/the_pile_uspto_backgrounds_val_loss,4.8310980796813965,5.12638458609581
64,mean,metric/the_pile_arxiv_val_loss,3.7678377628326416,5.0389630397160845
64,mean,metric/the_pile_freelaw_val_loss,5.612824440002441,5.188490815460682
64,mean,metric/the_pile_pubmed_central_val_loss,4.211578369140625,5.184237415591876
64,mean,metric/the_pile_wikipedia_en_val_loss,6.416480541229248,5.834576606750488
64,mean,metric/the_pile_dm_mathematics_val_loss,3.821753978729248,3.9937245609859624
64,mean,metric/the_pile_github_val_loss,5.0211992263793945,5.274727908273538
64,mean,metric/the_pile_stackexchange_val_loss,5.538304328918457,5.235173384348552
64,mean,metric/the_pile_gutenberg_pg_19_val_loss,6.066100120544434,5.4004930605491
64,mean,metric/the_pile_pile_cc_val_loss,6.019536018371582,5.734487369656563
64,mean,metric/the_pile_ubuntu_irc_val_loss,5.850015640258789,6.624332209428151
64,mean,metric/the_pile_hackernews_val_loss,5.862129211425781,5.393911674618721
64,mean,metric/the_pile_pubmed_abstracts_val_loss,5.237085342407227,5.431526934107144
64,mean,metric/the_pile_uspto_backgrounds_val_loss,5.148263454437256,5.12638458609581
65,mean,metric/the_pile_arxiv_val_loss,4.367419719696045,5.0389630397160845
65,mean,metric/the_pile_freelaw_val_loss,4.768552303314209,5.188490815460682
65,mean,metric/the_pile_pubmed_central_val_loss,5.992532730102539,5.184237415591876
65,mean,metric/the_pile_wikipedia_en_val_loss,5.539706707000732,5.834576606750488
65,mean,metric/the_pile_dm_mathematics_val_loss,5.5456085205078125,3.9937245609859624
65,mean,metric/the_pile_github_val_loss,6.113979339599609,5.274727908273538
65,mean,metric/the_pile_stackexchange_val_loss,5.528487205505371,5.235173384348552
65,mean,metric/the_pile_gutenberg_pg_19_val_loss,4.915516376495361,5.4004930605491
65,mean,metric/the_pile_pile_cc_val_loss,5.18274450302124,5.734487369656563
65,mean,metric/the_pile_ubuntu_irc_val_loss,7.270689487457275,6.624332209428151
65,mean,metric/the_pile_hackernews_val_loss,4.866237163543701,5.393911674618721
65,mean,metric/the_pile_pubmed_abstracts_val_loss,5.7557573318481445,5.431526934107144
65,mean,metric/the_pile_uspto_backgrounds_val_loss,5.115623474121094,5.12638458609581
66,mean,metric/the_pile_arxiv_val_loss,5.594398498535156,5.0389630397160845
66,mean,metric/the_pile_freelaw_val_loss,5.503512859344482,5.188490815460682
66,mean,metric/the_pile_pubmed_central_val_loss,4.692560195922852,5.184237415591876
66,mean,metric/the_pile_wikipedia_en_val_loss,5.6902289390563965,5.834576606750488
66,mean,metric/the_pile_dm_mathematics_val_loss,5.406549453735352,3.9937245609859624
66,mean,metric/the_pile_github_val_loss,5.350276947021484,5.274727908273538
66,mean,metric/the_pile_stackexchange_val_loss,4.91867733001709,5.235173384348552
66,mean,metric/the_pile_gutenberg_pg_19_val_loss,5.266021728515625,5.4004930605491
66,mean,metric/the_pile_pile_cc_val_loss,5.253047466278076,5.734487369656563
66,mean,metric/the_pile_ubuntu_irc_val_loss,7.127767086029053,6.624332209428151
66,mean,metric/the_pile_hackernews_val_loss,5.073119640350342,5.393911674618721
66,mean,metric/the_pile_pubmed_abstracts_val_loss,4.9237961769104,5.431526934107144
66,mean,metric/the_pile_uspto_backgrounds_val_loss,4.447439670562744,5.12638458609581
67,mean,metric/the_pile_arxiv_val_loss,5.390546798706055,5.0389630397160845
67,mean,metric/the_pile_freelaw_val_loss,4.57432746887207,5.188490815460682
67,mean,metric/the_pile_pubmed_central_val_loss,5.041927814483643,5.184237415591876
67,mean,metric/the_pile_wikipedia_en_val_loss,4.916013240814209,5.834576606750488
67,mean,metric/the_pile_dm_mathematics_val_loss,2.080146312713623,3.9937245609859624
67,mean,metric/the_pile_github_val_loss,4.720692157745361,5.274727908273538
67,mean,metric/the_pile_stackexchange_val_loss,5.42894172668457,5.235173384348552
67,mean,metric/the_pile_gutenberg_pg_19_val_loss,5.018121719360352,5.4004930605491
67,mean,metric/the_pile_pile_cc_val_loss,5.65629768371582,5.734487369656563
67,mean,metric/the_pile_ubuntu_irc_val_loss,7.789737224578857,6.624332209428151
67,mean,metric/the_pile_hackernews_val_loss,5.236750602722168,5.393911674618721
67,mean,metric/the_pile_pubmed_abstracts_val_loss,5.5527873039245605,5.431526934107144
67,mean,metric/the_pile_uspto_backgrounds_val_loss,4.470640182495117,5.12638458609581
68,mean,metric/the_pile_arxiv_val_loss,5.465458393096924,5.0389630397160845
68,mean,metric/the_pile_freelaw_val_loss,5.229877948760986,5.188490815460682
68,mean,metric/the_pile_pubmed_central_val_loss,6.007363319396973,5.184237415591876
68,mean,metric/the_pile_wikipedia_en_val_loss,5.731409072875977,5.834576606750488
68,mean,metric/the_pile_dm_mathematics_val_loss,1.8064392805099487,3.9937245609859624
68,mean,metric/the_pile_github_val_loss,5.076081275939941,5.274727908273538
68,mean,metric/the_pile_stackexchange_val_loss,4.749902248382568,5.235173384348552
68,mean,metric/the_pile_gutenberg_pg_19_val_loss,4.843120098114014,5.4004930605491
68,mean,metric/the_pile_pile_cc_val_loss,5.298006057739258,5.734487369656563
68,mean,metric/the_pile_ubuntu_irc_val_loss,7.309943675994873,6.624332209428151
68,mean,metric/the_pile_hackernews_val_loss,5.241468906402588,5.393911674618721
68,mean,metric/the_pile_pubmed_abstracts_val_loss,5.101186275482178,5.431526934107144
68,mean,metric/the_pile_uspto_backgrounds_val_loss,5.396442890167236,5.12638458609581
69,mean,metric/the_pile_arxiv_val_loss,5.909402370452881,5.0389630397160845
69,mean,metric/the_pile_freelaw_val_loss,5.473536491394043,5.188490815460682
69,mean,metric/the_pile_pubmed_central_val_loss,6.408538818359375,5.184237415591876
69,mean,metric/the_pile_wikipedia_en_val_loss,5.650169372558594,5.834576606750488
69,mean,metric/the_pile_dm_mathematics_val_loss,5.787696361541748,3.9937245609859624
69,mean,metric/the_pile_github_val_loss,6.486886978149414,5.274727908273538
69,mean,metric/the_pile_stackexchange_val_loss,5.945801734924316,5.235173384348552
69,mean,metric/the_pile_gutenberg_pg_19_val_loss,5.227286815643311,5.4004930605491
69,mean,metric/the_pile_pile_cc_val_loss,5.097600936889648,5.734487369656563
69,mean,metric/the_pile_ubuntu_irc_val_loss,5.073175430297852,6.624332209428151
69,mean,metric/the_pile_hackernews_val_loss,4.861169338226318,5.393911674618721
69,mean,metric/the_pile_pubmed_abstracts_val_loss,5.861124038696289,5.431526934107144
69,mean,metric/the_pile_uspto_backgrounds_val_loss,5.427541255950928,5.12638458609581
70,mean,metric/the_pile_arxiv_val_loss,5.791354656219482,5.0389630397160845
70,mean,metric/the_pile_freelaw_val_loss,6.508427619934082,5.188490815460682
70,mean,metric/the_pile_pubmed_central_val_loss,3.8435235023498535,5.184237415591876
70,mean,metric/the_pile_wikipedia_en_val_loss,6.47025728225708,5.834576606750488
70,mean,metric/the_pile_dm_mathematics_val_loss,5.707548141479492,3.9937245609859624
70,mean,metric/the_pile_github_val_loss,7.632749080657959,5.274727908273538
70,mean,metric/the_pile_stackexchange_val_loss,6.859847068786621,5.235173384348552
70,mean,metric/the_pile_gutenberg_pg_19_val_loss,6.065375328063965,5.4004930605491
70,mean,metric/the_pile_pile_cc_val_loss,6.09637451171875,5.734487369656563
70,mean,metric/the_pile_ubuntu_irc_val_loss,7.978414535522461,6.624332209428151
70,mean,metric/the_pile_hackernews_val_loss,5.197091102600098,5.393911674618721
70,mean,metric/the_pile_pubmed_abstracts_val_loss,4.642446041107178,5.431526934107144
70,mean,metric/the_pile_uspto_backgrounds_val_loss,5.503211975097656,5.12638458609581
71,mean,metric/the_pile_arxiv_val_loss,5.805180549621582,5.0389630397160845
71,mean,metric/the_pile_freelaw_val_loss,5.130552768707275,5.188490815460682
71,mean,metric/the_pile_pubmed_central_val_loss,4.548441410064697,5.184237415591876
71,mean,metric/the_pile_wikipedia_en_val_loss,6.210517883300781,5.834576606750488
71,mean,metric/the_pile_dm_mathematics_val_loss,5.367944240570068,3.9937245609859624
71,mean,metric/the_pile_github_val_loss,3.9631152153015137,5.274727908273538
71,mean,metric/the_pile_stackexchange_val_loss,4.977492809295654,5.235173384348552
71,mean,metric/the_pile_gutenberg_pg_19_val_loss,5.732695579528809,5.4004930605491
71,mean,metric/the_pile_pile_cc_val_loss,5.959261417388916,5.734487369656563
71,mean,metric/the_pile_ubuntu_irc_val_loss,7.276486873626709,6.624332209428151
71,mean,metric/the_pile_hackernews_val_loss,4.988574504852295,5.393911674618721
71,mean,metric/the_pile_pubmed_abstracts_val_loss,5.318973064422607,5.431526934107144
71,mean,metric/the_pile_uspto_backgrounds_val_loss,4.468218803405762,5.12638458609581
72,mean,metric/the_pile_arxiv_val_loss,4.5284104347229,5.0389630397160845
72,mean,metric/the_pile_freelaw_val_loss,5.021412372589111,5.188490815460682
72,mean,metric/the_pile_pubmed_central_val_loss,4.184553623199463,5.184237415591876
72,mean,metric/the_pile_wikipedia_en_val_loss,5.882453441619873,5.834576606750488
72,mean,metric/the_pile_dm_mathematics_val_loss,1.8943628072738647,3.9937245609859624
72,mean,metric/the_pile_github_val_loss,4.313271522521973,5.274727908273538
72,mean,metric/the_pile_stackexchange_val_loss,4.894092082977295,5.235173384348552
72,mean,metric/the_pile_gutenberg_pg_19_val_loss,5.143965721130371,5.4004930605491
72,mean,metric/the_pile_pile_cc_val_loss,5.676901817321777,5.734487369656563
72,mean,metric/the_pile_ubuntu_irc_val_loss,5.29446268081665,6.624332209428151
72,mean,metric/the_pile_hackernews_val_loss,5.078130722045898,5.393911674618721
72,mean,metric/the_pile_pubmed_abstracts_val_loss,5.139644622802734,5.431526934107144
72,mean,metric/the_pile_uspto_backgrounds_val_loss,5.18558931350708,5.12638458609581
73,mean,metric/the_pile_arxiv_val_loss,5.847026348114014,5.0389630397160845
73,mean,metric/the_pile_freelaw_val_loss,4.17090368270874,5.188490815460682
73,mean,metric/the_pile_pubmed_central_val_loss,5.992398738861084,5.184237415591876
73,mean,metric/the_pile_wikipedia_en_val_loss,5.216383934020996,5.834576606750488
73,mean,metric/the_pile_dm_mathematics_val_loss,1.9412392377853396,3.9937245609859624
73,mean,metric/the_pile_github_val_loss,4.58021354675293,5.274727908273538
73,mean,metric/the_pile_stackexchange_val_loss,5.256517887115479,5.235173384348552
73,mean,metric/the_pile_gutenberg_pg_19_val_loss,5.497099876403809,5.4004930605491
73,mean,metric/the_pile_pile_cc_val_loss,5.770963668823242,5.734487369656563
73,mean,metric/the_pile_ubuntu_irc_val_loss,7.71484375,6.624332209428151
73,mean,metric/the_pile_hackernews_val_loss,5.143347263336182,5.393911674618721
73,mean,metric/the_pile_pubmed_abstracts_val_loss,4.813568115234375,5.431526934107144
73,mean,metric/the_pile_uspto_backgrounds_val_loss,5.390801906585693,5.12638458609581
74,mean,metric/the_pile_arxiv_val_loss,3.7244694232940674,5.0389630397160845
74,mean,metric/the_pile_freelaw_val_loss,6.008955001831055,5.188490815460682
74,mean,metric/the_pile_pubmed_central_val_loss,5.015145301818848,5.184237415591876
74,mean,metric/the_pile_wikipedia_en_val_loss,5.551737308502197,5.834576606750488
74,mean,metric/the_pile_dm_mathematics_val_loss,2.213706970214844,3.9937245609859624
74,mean,metric/the_pile_github_val_loss,5.282707214355469,5.274727908273538
74,mean,metric/the_pile_stackexchange_val_loss,4.475081920623779,5.235173384348552
74,mean,metric/the_pile_gutenberg_pg_19_val_loss,5.738177299499512,5.4004930605491
74,mean,metric/the_pile_pile_cc_val_loss,5.699779510498047,5.734487369656563
74,mean,metric/the_pile_ubuntu_irc_val_loss,7.424002647399902,6.624332209428151
74,mean,metric/the_pile_hackernews_val_loss,5.224193096160889,5.393911674618721
74,mean,metric/the_pile_pubmed_abstracts_val_loss,5.95237922668457,5.431526934107144
74,mean,metric/the_pile_uspto_backgrounds_val_loss,5.634478092193604,5.12638458609581
75,mean,metric/the_pile_arxiv_val_loss,5.42728853225708,5.0389630397160845
75,mean,metric/the_pile_freelaw_val_loss,4.204982280731201,5.188490815460682
75,mean,metric/the_pile_pubmed_central_val_loss,4.609395503997803,5.184237415591876
75,mean,metric/the_pile_wikipedia_en_val_loss,5.887691497802734,5.834576606750488
75,mean,metric/the_pile_dm_mathematics_val_loss,2.625043630599976,3.9937245609859624
75,mean,metric/the_pile_github_val_loss,5.196339130401611,5.274727908273538
75,mean,metric/the_pile_stackexchange_val_loss,4.854483604431152,5.235173384348552
75,mean,metric/the_pile_gutenberg_pg_19_val_loss,4.809972286224365,5.4004930605491
75,mean,metric/the_pile_pile_cc_val_loss,5.567836761474609,5.734487369656563
75,mean,metric/the_pile_ubuntu_irc_val_loss,5.589648246765137,6.624332209428151
75,mean,metric/the_pile_hackernews_val_loss,5.45860481262207,5.393911674618721
75,mean,metric/the_pile_pubmed_abstracts_val_loss,5.546303749084473,5.431526934107144
75,mean,metric/the_pile_uspto_backgrounds_val_loss,4.684337139129639,5.12638458609581
76,mean,metric/the_pile_arxiv_val_loss,3.808625459671021,5.0389630397160845
76,mean,metric/the_pile_freelaw_val_loss,4.172271728515625,5.188490815460682
76,mean,metric/the_pile_pubmed_central_val_loss,6.025245189666748,5.184237415591876
76,mean,metric/the_pile_wikipedia_en_val_loss,6.417995452880859,5.834576606750488
76,mean,metric/the_pile_dm_mathematics_val_loss,2.156200408935547,3.9937245609859624
76,mean,metric/the_pile_github_val_loss,7.242442607879639,5.274727908273538
76,mean,metric/the_pile_stackexchange_val_loss,6.76452112197876,5.235173384348552
76,mean,metric/the_pile_gutenberg_pg_19_val_loss,5.294261932373047,5.4004930605491
76,mean,metric/the_pile_pile_cc_val_loss,6.112255573272705,5.734487369656563
76,mean,metric/the_pile_ubuntu_irc_val_loss,8.157010078430176,6.624332209428151
76,mean,metric/the_pile_hackernews_val_loss,5.967411994934082,5.393911674618721
76,mean,metric/the_pile_pubmed_abstracts_val_loss,5.75397253036499,5.431526934107144
76,mean,metric/the_pile_uspto_backgrounds_val_loss,5.602794647216797,5.12638458609581
77,mean,metric/the_pile_arxiv_val_loss,5.121078968048096,5.0389630397160845
77,mean,metric/the_pile_freelaw_val_loss,4.186187267303467,5.188490815460682
77,mean,metric/the_pile_pubmed_central_val_loss,4.063381195068359,5.184237415591876
77,mean,metric/the_pile_wikipedia_en_val_loss,6.302750587463379,5.834576606750488
77,mean,metric/the_pile_dm_mathematics_val_loss,5.443887233734131,3.9937245609859624
77,mean,metric/the_pile_github_val_loss,5.611749172210693,5.274727908273538
77,mean,metric/the_pile_stackexchange_val_loss,4.944844722747803,5.235173384348552
77,mean,metric/the_pile_gutenberg_pg_19_val_loss,5.630401611328125,5.4004930605491
77,mean,metric/the_pile_pile_cc_val_loss,5.942869663238525,5.734487369656563
77,mean,metric/the_pile_ubuntu_irc_val_loss,7.535934925079346,6.624332209428151
77,mean,metric/the_pile_hackernews_val_loss,5.224102020263672,5.393911674618721
77,mean,metric/the_pile_pubmed_abstracts_val_loss,4.7171125411987305,5.431526934107144
77,mean,metric/the_pile_uspto_backgrounds_val_loss,4.852838516235352,5.12638458609581
78,mean,metric/the_pile_arxiv_val_loss,3.858219623565674,5.0389630397160845
78,mean,metric/the_pile_freelaw_val_loss,4.156088352203369,5.188490815460682
78,mean,metric/the_pile_pubmed_central_val_loss,4.626086711883545,5.184237415591876
78,mean,metric/the_pile_wikipedia_en_val_loss,5.930944919586182,5.834576606750488
78,mean,metric/the_pile_dm_mathematics_val_loss,5.597759246826172,3.9937245609859624
78,mean,metric/the_pile_github_val_loss,6.932406902313232,5.274727908273538
78,mean,metric/the_pile_stackexchange_val_loss,6.61055326461792,5.235173384348552
78,mean,metric/the_pile_gutenberg_pg_19_val_loss,5.215539455413818,5.4004930605491
78,mean,metric/the_pile_pile_cc_val_loss,5.969718933105469,5.734487369656563
78,mean,metric/the_pile_ubuntu_irc_val_loss,6.255069255828857,6.624332209428151
78,mean,metric/the_pile_hackernews_val_loss,5.891017913818359,5.393911674618721
78,mean,metric/the_pile_pubmed_abstracts_val_loss,5.587634086608887,5.431526934107144
78,mean,metric/the_pile_uspto_backgrounds_val_loss,5.581173419952393,5.12638458609581
79,mean,metric/the_pile_arxiv_val_loss,3.727626800537109,5.0389630397160845
79,mean,metric/the_pile_freelaw_val_loss,6.723914623260498,5.188490815460682
79,mean,metric/the_pile_pubmed_central_val_loss,5.971821308135986,5.184237415591876
79,mean,metric/the_pile_wikipedia_en_val_loss,6.803301334381104,5.834576606750488
79,mean,metric/the_pile_dm_mathematics_val_loss,2.1735620498657227,3.9937245609859624
79,mean,metric/the_pile_github_val_loss,5.423378944396973,5.274727908273538
79,mean,metric/the_pile_stackexchange_val_loss,4.563905715942383,5.235173384348552
79,mean,metric/the_pile_gutenberg_pg_19_val_loss,6.460148811340332,5.4004930605491
79,mean,metric/the_pile_pile_cc_val_loss,6.243809223175049,5.734487369656563
79,mean,metric/the_pile_ubuntu_irc_val_loss,4.812319278717041,6.624332209428151
79,mean,metric/the_pile_hackernews_val_loss,5.670177459716797,5.393911674618721
79,mean,metric/the_pile_pubmed_abstracts_val_loss,6.643232345581055,5.431526934107144
79,mean,metric/the_pile_uspto_backgrounds_val_loss,5.9026312828063965,5.12638458609581
80,mean,metric/the_pile_arxiv_val_loss,5.894128799438477,5.0389630397160845
80,mean,metric/the_pile_freelaw_val_loss,5.03297233581543,5.188490815460682
80,mean,metric/the_pile_pubmed_central_val_loss,6.359255313873291,5.184237415591876
80,mean,metric/the_pile_wikipedia_en_val_loss,5.048344135284424,5.834576606750488
80,mean,metric/the_pile_dm_mathematics_val_loss,2.041743755340576,3.9937245609859624
80,mean,metric/the_pile_github_val_loss,4.311027050018311,5.274727908273538
80,mean,metric/the_pile_stackexchange_val_loss,5.089498043060303,5.235173384348552
80,mean,metric/the_pile_gutenberg_pg_19_val_loss,5.29957389831543,5.4004930605491
80,mean,metric/the_pile_pile_cc_val_loss,5.273863315582275,5.734487369656563
80,mean,metric/the_pile_ubuntu_irc_val_loss,5.126842975616455,6.624332209428151
80,mean,metric/the_pile_hackernews_val_loss,5.253196716308594,5.393911674618721
80,mean,metric/the_pile_pubmed_abstracts_val_loss,6.036647319793701,5.431526934107144
80,mean,metric/the_pile_uspto_backgrounds_val_loss,5.4072771072387695,5.12638458609581
81,mean,metric/the_pile_arxiv_val_loss,5.168089389801025,5.0389630397160845
81,mean,metric/the_pile_freelaw_val_loss,4.097475051879883,5.188490815460682
81,mean,metric/the_pile_pubmed_central_val_loss,4.738083839416504,5.184237415591876
81,mean,metric/the_pile_wikipedia_en_val_loss,5.92235803604126,5.834576606750488
81,mean,metric/the_pile_dm_mathematics_val_loss,5.249316215515137,3.9937245609859624
81,mean,metric/the_pile_github_val_loss,5.1383233070373535,5.274727908273538
81,mean,metric/the_pile_stackexchange_val_loss,4.431123733520508,5.235173384348552
81,mean,metric/the_pile_gutenberg_pg_19_val_loss,5.588058471679688,5.4004930605491
81,mean,metric/the_pile_pile_cc_val_loss,5.878551006317139,5.734487369656563
81,mean,metric/the_pile_ubuntu_irc_val_loss,7.334853172302246,6.624332209428151
81,mean,metric/the_pile_hackernews_val_loss,5.261707782745361,5.393911674618721
81,mean,metric/the_pile_pubmed_abstracts_val_loss,5.541432857513428,5.431526934107144
81,mean,metric/the_pile_uspto_backgrounds_val_loss,4.52368688583374,5.12638458609581
82,mean,metric/the_pile_arxiv_val_loss,5.904451847076416,5.0389630397160845
82,mean,metric/the_pile_freelaw_val_loss,5.769182205200195,5.188490815460682
82,mean,metric/the_pile_pubmed_central_val_loss,4.696850299835205,5.184237415591876
82,mean,metric/the_pile_wikipedia_en_val_loss,4.823879241943359,5.834576606750488
82,mean,metric/the_pile_dm_mathematics_val_loss,5.727783679962158,3.9937245609859624
82,mean,metric/the_pile_github_val_loss,6.077179908752441,5.274727908273538
82,mean,metric/the_pile_stackexchange_val_loss,5.540137767791748,5.235173384348552
82,mean,metric/the_pile_gutenberg_pg_19_val_loss,5.70606803894043,5.4004930605491
82,mean,metric/the_pile_pile_cc_val_loss,5.532410144805908,5.734487369656563
82,mean,metric/the_pile_ubuntu_irc_val_loss,5.203817844390869,6.624332209428151
82,mean,metric/the_pile_hackernews_val_loss,5.678569316864014,5.393911674618721
82,mean,metric/the_pile_pubmed_abstracts_val_loss,5.487232685089111,5.431526934107144
82,mean,metric/the_pile_uspto_backgrounds_val_loss,4.3761420249938965,5.12638458609581
83,mean,metric/the_pile_arxiv_val_loss,5.075393199920654,5.0389630397160845
83,mean,metric/the_pile_freelaw_val_loss,6.445424556732178,5.188490815460682
83,mean,metric/the_pile_pubmed_central_val_loss,6.454787254333496,5.184237415591876
83,mean,metric/the_pile_wikipedia_en_val_loss,6.536040306091309,5.834576606750488
83,mean,metric/the_pile_dm_mathematics_val_loss,4.9015793800354,3.9937245609859624
83,mean,metric/the_pile_github_val_loss,4.821788311004639,5.274727908273538
83,mean,metric/the_pile_stackexchange_val_loss,3.950912952423096,5.235173384348552
83,mean,metric/the_pile_gutenberg_pg_19_val_loss,5.879345417022705,5.4004930605491
83,mean,metric/the_pile_pile_cc_val_loss,6.042532920837402,5.734487369656563
83,mean,metric/the_pile_ubuntu_irc_val_loss,7.179432392120361,6.624332209428151
83,mean,metric/the_pile_hackernews_val_loss,5.175995826721191,5.393911674618721
83,mean,metric/the_pile_pubmed_abstracts_val_loss,6.364803791046143,5.431526934107144
83,mean,metric/the_pile_uspto_backgrounds_val_loss,5.93247127532959,5.12638458609581
84,mean,metric/the_pile_arxiv_val_loss,4.098197937011719,5.0389630397160845
84,mean,metric/the_pile_freelaw_val_loss,5.798776626586914,5.188490815460682
84,mean,metric/the_pile_pubmed_central_val_loss,5.6239447593688965,5.184237415591876
84,mean,metric/the_pile_wikipedia_en_val_loss,5.720683574676514,5.834576606750488
84,mean,metric/the_pile_dm_mathematics_val_loss,1.895457983016968,3.9937245609859624
84,mean,metric/the_pile_github_val_loss,4.750450134277344,5.274727908273538
84,mean,metric/the_pile_stackexchange_val_loss,4.273987293243408,5.235173384348552
84,mean,metric/the_pile_gutenberg_pg_19_val_loss,5.4761643409729,5.4004930605491
84,mean,metric/the_pile_pile_cc_val_loss,5.420907020568848,5.734487369656563
84,mean,metric/the_pile_ubuntu_irc_val_loss,4.870192050933838,6.624332209428151
84,mean,metric/the_pile_hackernews_val_loss,5.3629679679870605,5.393911674618721
84,mean,metric/the_pile_pubmed_abstracts_val_loss,5.512203216552734,5.431526934107144
84,mean,metric/the_pile_uspto_backgrounds_val_loss,5.548117637634277,5.12638458609581
85,mean,metric/the_pile_arxiv_val_loss,6.351230144500732,5.0389630397160845
85,mean,metric/the_pile_freelaw_val_loss,6.526603221893311,5.188490815460682
85,mean,metric/the_pile_pubmed_central_val_loss,7.105541706085205,5.184237415591876
85,mean,metric/the_pile_wikipedia_en_val_loss,6.905886173248291,5.834576606750488
85,mean,metric/the_pile_dm_mathematics_val_loss,1.893263339996338,3.9937245609859624
85,mean,metric/the_pile_github_val_loss,3.81841492652893,5.274727908273538
85,mean,metric/the_pile_stackexchange_val_loss,4.982966423034668,5.235173384348552
85,mean,metric/the_pile_gutenberg_pg_19_val_loss,5.532324314117432,5.4004930605491
85,mean,metric/the_pile_pile_cc_val_loss,6.387294769287109,5.734487369656563
85,mean,metric/the_pile_ubuntu_irc_val_loss,5.368585109710693,6.624332209428151
85,mean,metric/the_pile_hackernews_val_loss,5.784358501434326,5.393911674618721
85,mean,metric/the_pile_pubmed_abstracts_val_loss,7.367510318756103,5.431526934107144
85,mean,metric/the_pile_uspto_backgrounds_val_loss,6.291447162628174,5.12638458609581
86,mean,metric/the_pile_arxiv_val_loss,6.849578857421875,5.0389630397160845
86,mean,metric/the_pile_freelaw_val_loss,5.184517860412598,5.188490815460682
86,mean,metric/the_pile_pubmed_central_val_loss,5.479054927825928,5.184237415591876
86,mean,metric/the_pile_wikipedia_en_val_loss,6.430743217468262,5.834576606750488
86,mean,metric/the_pile_dm_mathematics_val_loss,2.4588747024536133,3.9937245609859624
86,mean,metric/the_pile_github_val_loss,4.374997615814209,5.274727908273538
86,mean,metric/the_pile_stackexchange_val_loss,5.2870683670043945,5.235173384348552
86,mean,metric/the_pile_gutenberg_pg_19_val_loss,5.779410362243652,5.4004930605491
86,mean,metric/the_pile_pile_cc_val_loss,5.877424240112305,5.734487369656563
86,mean,metric/the_pile_ubuntu_irc_val_loss,5.402123928070068,6.624332209428151
86,mean,metric/the_pile_hackernews_val_loss,5.332662105560303,5.393911674618721
86,mean,metric/the_pile_pubmed_abstracts_val_loss,5.454739093780518,5.431526934107144
86,mean,metric/the_pile_uspto_backgrounds_val_loss,4.152404308319092,5.12638458609581
87,mean,metric/the_pile_arxiv_val_loss,4.096127033233643,5.0389630397160845
87,mean,metric/the_pile_freelaw_val_loss,5.953245162963867,5.188490815460682
87,mean,metric/the_pile_pubmed_central_val_loss,4.78422212600708,5.184237415591876
87,mean,metric/the_pile_wikipedia_en_val_loss,5.5802741050720215,5.834576606750488
87,mean,metric/the_pile_dm_mathematics_val_loss,5.238745212554932,3.9937245609859624
87,mean,metric/the_pile_github_val_loss,4.159611225128174,5.274727908273538
87,mean,metric/the_pile_stackexchange_val_loss,4.383962154388428,5.235173384348552
87,mean,metric/the_pile_gutenberg_pg_19_val_loss,5.635195255279541,5.4004930605491
87,mean,metric/the_pile_pile_cc_val_loss,5.742480754852295,5.734487369656563
87,mean,metric/the_pile_ubuntu_irc_val_loss,5.472236633300781,6.624332209428151
87,mean,metric/the_pile_hackernews_val_loss,4.863551616668701,5.393911674618721
87,mean,metric/the_pile_pubmed_abstracts_val_loss,4.93787145614624,5.431526934107144
87,mean,metric/the_pile_uspto_backgrounds_val_loss,5.496954441070557,5.12638458609581
88,mean,metric/the_pile_arxiv_val_loss,3.728371381759644,5.0389630397160845
88,mean,metric/the_pile_freelaw_val_loss,4.478529453277588,5.188490815460682
88,mean,metric/the_pile_pubmed_central_val_loss,5.153957366943359,5.184237415591876
88,mean,metric/the_pile_wikipedia_en_val_loss,6.22296667098999,5.834576606750488
88,mean,metric/the_pile_dm_mathematics_val_loss,3.768261671066284,3.9937245609859624
88,mean,metric/the_pile_github_val_loss,6.995357513427734,5.274727908273538
88,mean,metric/the_pile_stackexchange_val_loss,6.569522380828857,5.235173384348552
88,mean,metric/the_pile_gutenberg_pg_19_val_loss,5.117288589477539,5.4004930605491
88,mean,metric/the_pile_pile_cc_val_loss,6.034572124481201,5.734487369656563
88,mean,metric/the_pile_ubuntu_irc_val_loss,6.247410297393799,6.624332209428151
88,mean,metric/the_pile_hackernews_val_loss,5.808062553405762,5.393911674618721
88,mean,metric/the_pile_pubmed_abstracts_val_loss,5.353774070739746,5.431526934107144
88,mean,metric/the_pile_uspto_backgrounds_val_loss,5.642158031463623,5.12638458609581
89,mean,metric/the_pile_arxiv_val_loss,4.470522403717041,5.0389630397160845
89,mean,metric/the_pile_freelaw_val_loss,4.399294853210449,5.188490815460682
89,mean,metric/the_pile_pubmed_central_val_loss,6.020051956176758,5.184237415591876
89,mean,metric/the_pile_wikipedia_en_val_loss,5.3122968673706055,5.834576606750488
89,mean,metric/the_pile_dm_mathematics_val_loss,3.697586297988892,3.9937245609859624
89,mean,metric/the_pile_github_val_loss,4.418660640716553,5.274727908273538
89,mean,metric/the_pile_stackexchange_val_loss,5.100358963012695,5.235173384348552
89,mean,metric/the_pile_gutenberg_pg_19_val_loss,5.380251884460449,5.4004930605491
89,mean,metric/the_pile_pile_cc_val_loss,5.405994892120361,5.734487369656563
89,mean,metric/the_pile_ubuntu_irc_val_loss,4.954042434692383,6.624332209428151
89,mean,metric/the_pile_hackernews_val_loss,4.990312576293945,5.393911674618721
89,mean,metric/the_pile_pubmed_abstracts_val_loss,5.808455467224121,5.431526934107144
89,mean,metric/the_pile_uspto_backgrounds_val_loss,4.539729118347168,5.12638458609581
90,mean,metric/the_pile_arxiv_val_loss,3.786684989929199,5.0389630397160845
90,mean,metric/the_pile_freelaw_val_loss,4.832275390625,5.188490815460682
90,mean,metric/the_pile_pubmed_central_val_loss,4.898463726043701,5.184237415591876
90,mean,metric/the_pile_wikipedia_en_val_loss,5.967018127441406,5.834576606750488
90,mean,metric/the_pile_dm_mathematics_val_loss,5.4691572189331055,3.9937245609859624
90,mean,metric/the_pile_github_val_loss,4.576488971710205,5.274727908273538
90,mean,metric/the_pile_stackexchange_val_loss,4.967837810516357,5.235173384348552
90,mean,metric/the_pile_gutenberg_pg_19_val_loss,5.2604265213012695,5.4004930605491
90,mean,metric/the_pile_pile_cc_val_loss,5.560996055603027,5.734487369656563
90,mean,metric/the_pile_ubuntu_irc_val_loss,7.50966739654541,6.624332209428151
90,mean,metric/the_pile_hackernews_val_loss,5.474143981933594,5.393911674618721
90,mean,metric/the_pile_pubmed_abstracts_val_loss,5.560803890228272,5.431526934107144
90,mean,metric/the_pile_uspto_backgrounds_val_loss,5.446404457092285,5.12638458609581
91,mean,metric/the_pile_arxiv_val_loss,4.081962585449219,5.0389630397160845
91,mean,metric/the_pile_freelaw_val_loss,6.165113925933838,5.188490815460682
91,mean,metric/the_pile_pubmed_central_val_loss,4.666009902954102,5.184237415591876
91,mean,metric/the_pile_wikipedia_en_val_loss,6.321020603179932,5.834576606750488
91,mean,metric/the_pile_dm_mathematics_val_loss,5.397693157196045,3.9937245609859624
91,mean,metric/the_pile_github_val_loss,4.508846282958984,5.274727908273538
91,mean,metric/the_pile_stackexchange_val_loss,4.535510063171387,5.235173384348552
91,mean,metric/the_pile_gutenberg_pg_19_val_loss,5.260051250457764,5.4004930605491
91,mean,metric/the_pile_pile_cc_val_loss,5.899391174316406,5.734487369656563
91,mean,metric/the_pile_ubuntu_irc_val_loss,7.509303569793701,6.624332209428151
91,mean,metric/the_pile_hackernews_val_loss,4.841768741607666,5.393911674618721
91,mean,metric/the_pile_pubmed_abstracts_val_loss,4.521153450012207,5.431526934107144
91,mean,metric/the_pile_uspto_backgrounds_val_loss,5.45068359375,5.12638458609581
92,mean,metric/the_pile_arxiv_val_loss,4.762213706970215,5.0389630397160845
92,mean,metric/the_pile_freelaw_val_loss,4.70991849899292,5.188490815460682
92,mean,metric/the_pile_pubmed_central_val_loss,4.313742637634277,5.184237415591876
92,mean,metric/the_pile_wikipedia_en_val_loss,6.514005184173584,5.834576606750488
92,mean,metric/the_pile_dm_mathematics_val_loss,1.8676732778549197,3.9937245609859624
92,mean,metric/the_pile_github_val_loss,4.142496109008789,5.274727908273538
92,mean,metric/the_pile_stackexchange_val_loss,5.136071681976318,5.235173384348552
92,mean,metric/the_pile_gutenberg_pg_19_val_loss,5.97714900970459,5.4004930605491
92,mean,metric/the_pile_pile_cc_val_loss,6.119912147521973,5.734487369656563
92,mean,metric/the_pile_ubuntu_irc_val_loss,5.979384422302246,6.624332209428151
92,mean,metric/the_pile_hackernews_val_loss,5.572013854980469,5.393911674618721
92,mean,metric/the_pile_pubmed_abstracts_val_loss,5.282341003417969,5.431526934107144
92,mean,metric/the_pile_uspto_backgrounds_val_loss,4.786281585693359,5.12638458609581
93,mean,metric/the_pile_arxiv_val_loss,5.143677711486816,5.0389630397160845
93,mean,metric/the_pile_freelaw_val_loss,4.339475154876709,5.188490815460682
93,mean,metric/the_pile_pubmed_central_val_loss,5.236588001251221,5.184237415591876
93,mean,metric/the_pile_wikipedia_en_val_loss,6.161417007446289,5.834576606750488
93,mean,metric/the_pile_dm_mathematics_val_loss,5.597896575927734,3.9937245609859624
93,mean,metric/the_pile_github_val_loss,3.9871559143066406,5.274727908273538
93,mean,metric/the_pile_stackexchange_val_loss,5.010427951812744,5.235173384348552
93,mean,metric/the_pile_gutenberg_pg_19_val_loss,5.631441593170166,5.4004930605491
93,mean,metric/the_pile_pile_cc_val_loss,5.834495544433594,5.734487369656563
93,mean,metric/the_pile_ubuntu_irc_val_loss,7.437880516052246,6.624332209428151
93,mean,metric/the_pile_hackernews_val_loss,5.613288879394531,5.393911674618721
93,mean,metric/the_pile_pubmed_abstracts_val_loss,5.881497859954834,5.431526934107144
93,mean,metric/the_pile_uspto_backgrounds_val_loss,4.606175899505615,5.12638458609581
94,mean,metric/the_pile_arxiv_val_loss,5.694072246551514,5.0389630397160845
94,mean,metric/the_pile_freelaw_val_loss,6.133814334869385,5.188490815460682
94,mean,metric/the_pile_pubmed_central_val_loss,4.615987300872803,5.184237415591876
94,mean,metric/the_pile_wikipedia_en_val_loss,6.168385982513428,5.834576606750488
94,mean,metric/the_pile_dm_mathematics_val_loss,2.0505261421203613,3.9937245609859624
94,mean,metric/the_pile_github_val_loss,4.017833232879639,5.274727908273538
94,mean,metric/the_pile_stackexchange_val_loss,4.839486122131348,5.235173384348552
94,mean,metric/the_pile_gutenberg_pg_19_val_loss,4.945175647735596,5.4004930605491
94,mean,metric/the_pile_pile_cc_val_loss,5.907817363739014,5.734487369656563
94,mean,metric/the_pile_ubuntu_irc_val_loss,5.837466239929199,6.624332209428151
94,mean,metric/the_pile_hackernews_val_loss,5.617880344390869,5.393911674618721
94,mean,metric/the_pile_pubmed_abstracts_val_loss,5.0019378662109375,5.431526934107144
94,mean,metric/the_pile_uspto_backgrounds_val_loss,5.448984146118164,5.12638458609581
95,mean,metric/the_pile_arxiv_val_loss,5.569729328155518,5.0389630397160845
95,mean,metric/the_pile_freelaw_val_loss,4.584021091461182,5.188490815460682
95,mean,metric/the_pile_pubmed_central_val_loss,6.243238925933838,5.184237415591876
95,mean,metric/the_pile_wikipedia_en_val_loss,4.967664241790772,5.834576606750488
95,mean,metric/the_pile_dm_mathematics_val_loss,2.2835559844970703,3.9937245609859624
95,mean,metric/the_pile_github_val_loss,5.304216384887695,5.274727908273538
95,mean,metric/the_pile_stackexchange_val_loss,5.502353191375732,5.235173384348552
95,mean,metric/the_pile_gutenberg_pg_19_val_loss,4.858355522155762,5.4004930605491
95,mean,metric/the_pile_pile_cc_val_loss,5.313263893127441,5.734487369656563
95,mean,metric/the_pile_ubuntu_irc_val_loss,5.328341960906982,6.624332209428151
95,mean,metric/the_pile_hackernews_val_loss,4.928449630737305,5.393911674618721
95,mean,metric/the_pile_pubmed_abstracts_val_loss,5.668693542480469,5.431526934107144
95,mean,metric/the_pile_uspto_backgrounds_val_loss,4.525542736053467,5.12638458609581
96,mean,metric/the_pile_arxiv_val_loss,3.788387298583984,5.0389630397160845
96,mean,metric/the_pile_freelaw_val_loss,6.463272571563721,5.188490815460682
96,mean,metric/the_pile_pubmed_central_val_loss,5.5177435874938965,5.184237415591876
96,mean,metric/the_pile_wikipedia_en_val_loss,6.595051288604736,5.834576606750488
96,mean,metric/the_pile_dm_mathematics_val_loss,5.5673346519470215,3.9937245609859624
96,mean,metric/the_pile_github_val_loss,4.598535537719727,5.274727908273538
96,mean,metric/the_pile_stackexchange_val_loss,5.365974426269531,5.235173384348552
96,mean,metric/the_pile_gutenberg_pg_19_val_loss,6.356646537780762,5.4004930605491
96,mean,metric/the_pile_pile_cc_val_loss,6.224036693572998,5.734487369656563
96,mean,metric/the_pile_ubuntu_irc_val_loss,6.342473030090332,6.624332209428151
96,mean,metric/the_pile_hackernews_val_loss,5.989168643951416,5.393911674618721
96,mean,metric/the_pile_pubmed_abstracts_val_loss,4.7269287109375,5.431526934107144
96,mean,metric/the_pile_uspto_backgrounds_val_loss,4.746583938598633,5.12638458609581
1,reference_ols,metric/the_pile_arxiv_val_loss,7.0255866050720215,5.672992130314049
1,reference_ols,metric/the_pile_freelaw_val_loss,5.360580921173096,5.204584855726605
1,reference_ols,metric/the_pile_pubmed_central_val_loss,6.536046981811523,6.157715918711644
1,reference_ols,metric/the_pile_wikipedia_en_val_loss,5.639575004577637,5.426952159769062
1,reference_ols,metric/the_pile_dm_mathematics_val_loss,5.820674896240234,5.21568378275667
1,reference_ols,metric/the_pile_github_val_loss,6.632823467254639,6.063779178600867
1,reference_ols,metric/the_pile_stackexchange_val_loss,6.107803821563721,5.765376414503889
1,reference_ols,metric/the_pile_gutenberg_pg_19_val_loss,4.726566791534424,4.526586026171652
1,reference_ols,metric/the_pile_pile_cc_val_loss,5.169477939605713,4.987734450513176
1,reference_ols,metric/the_pile_ubuntu_irc_val_loss,7.224245071411133,7.163312408686001
1,reference_ols,metric/the_pile_hackernews_val_loss,5.206871032714844,5.003943193456486
1,reference_ols,metric/the_pile_pubmed_abstracts_val_loss,5.892633438110352,5.712712277823312
1,reference_ols,metric/the_pile_uspto_backgrounds_val_loss,5.417374610900879,5.330977066315214
2,reference_ols,metric/the_pile_arxiv_val_loss,4.738541603088379,5.16687413771842
2,reference_ols,metric/the_pile_freelaw_val_loss,5.466145038604736,5.196421877481576
2,reference_ols,metric/the_pile_pubmed_central_val_loss,5.808464050292969,5.19198508818352
2,reference_ols,metric/the_pile_wikipedia_en_val_loss,5.42556619644165,5.437788636348185
2,reference_ols,metric/the_pile_dm_mathematics_val_loss,4.61490535736084,3.0837526106888946
2,reference_ols,metric/the_pile_github_val_loss,4.141744136810303,4.243315866201629
2,reference_ols,metric/the_pile_stackexchange_val_loss,4.922904014587402,4.817772158215286
2,reference_ols,metric/the_pile_gutenberg_pg_19_val_loss,4.954422473907471,4.888976848394161
2,reference_ols,metric/the_pile_pile_cc_val_loss,5.343518733978272,5.39696174527339
2,reference_ols,metric/the_pile_ubuntu_irc_val_loss,5.278083324432373,5.680651520691324
2,reference_ols,metric/the_pile_hackernews_val_loss,4.80118989944458,4.600502844457559
2,reference_ols,metric/the_pile_pubmed_abstracts_val_loss,5.653641700744629,5.604779361355144
2,reference_ols,metric/the_pile_uspto_backgrounds_val_loss,5.584351062774658,5.409542165501668
3,reference_ols,metric/the_pile_arxiv_val_loss,3.730258703231812,3.5329292184367445
3,reference_ols,metric/the_pile_freelaw_val_loss,5.793972492218018,5.4945063276096215
3,reference_ols,metric/the_pile_pubmed_central_val_loss,4.72146463394165,5.441009278726443
3,reference_ols,metric/the_pile_wikipedia_en_val_loss,5.933119773864746,6.011138997856776
3,reference_ols,metric/the_pile_dm_mathematics_val_loss,4.077418327331543,4.480279192493943
3,reference_ols,metric/the_pile_github_val_loss,6.540956497192383,6.112248497205711
3,reference_ols,metric/the_pile_stackexchange_val_loss,6.079324245452881,5.741813796854509
3,reference_ols,metric/the_pile_gutenberg_pg_19_val_loss,5.561453819274902,5.647367437133445
3,reference_ols,metric/the_pile_pile_cc_val_loss,5.506680965423584,5.733743715380302
3,reference_ols,metric/the_pile_ubuntu_irc_val_loss,7.476072311401367,7.143155470354086
3,reference_ols,metric/the_pile_hackernews_val_loss,5.495143413543701,5.572645043649321
3,reference_ols,metric/the_pile_pubmed_abstracts_val_loss,5.626057624816895,5.746249552239998
3,reference_ols,metric/the_pile_uspto_backgrounds_val_loss,5.50736665725708,5.354590626003317
4,reference_ols,metric/the_pile_arxiv_val_loss,4.887355327606201,5.458763392604131
4,reference_ols,metric/the_pile_freelaw_val_loss,5.040224075317383,5.748742007001304
4,reference_ols,metric/the_pile_pubmed_central_val_loss,5.371085166931152,5.505866118157844
4,reference_ols,metric/the_pile_wikipedia_en_val_loss,5.858128547668457,6.1973768255047865
4,reference_ols,metric/the_pile_dm_mathematics_val_loss,5.298433780670166,4.686808813189139
4,reference_ols,metric/the_pile_github_val_loss,4.150362968444824,4.453096333081926
4,reference_ols,metric/the_pile_stackexchange_val_loss,4.455072402954102,4.779221325161353
4,reference_ols,metric/the_pile_gutenberg_pg_19_val_loss,5.095427989959717,5.412840074915448
4,reference_ols,metric/the_pile_pile_cc_val_loss,5.828740119934082,5.9495802935674655
4,reference_ols,metric/the_pile_ubuntu_irc_val_loss,7.491352558135986,7.082607518429258
4,reference_ols,metric/the_pile_hackernews_val_loss,5.551083087921143,5.545783849948892
4,reference_ols,metric/the_pile_pubmed_abstracts_val_loss,5.268948078155518,5.6282448628435855
4,reference_ols,metric/the_pile_uspto_backgrounds_val_loss,4.475535392761231,4.858345459233718
5,reference_ols,metric/the_pile_arxiv_val_loss,4.034541130065918,4.312726513890111
5,reference_ols,metric/the_pile_freelaw_val_loss,5.597909927368164,5.703757993162607
5,reference_ols,metric/the_pile_pubmed_central_val_loss,4.6931257247924805,5.223950507434361
5,reference_ols,metric/the_pile_wikipedia_en_val_loss,5.8146257400512695,6.034715486935597
5,reference_ols,metric/the_pile_dm_mathematics_val_loss,2.008139610290528,3.352133087522687
5,reference_ols,metric/the_pile_github_val_loss,4.485220432281494,4.917228637038749
5,reference_ols,metric/the_pile_stackexchange_val_loss,4.24920654296875,4.418198123352928
5,reference_ols,metric/the_pile_gutenberg_pg_19_val_loss,5.003798007965088,5.303267708139706
5,reference_ols,metric/the_pile_pile_cc_val_loss,5.760408401489258,5.856505321389302
5,reference_ols,metric/the_pile_ubuntu_irc_val_loss,7.100966453552246,7.118254872724805
5,reference_ols,metric/the_pile_hackernews_val_loss,5.329304218292236,5.446301708002279
5,reference_ols,metric/the_pile_pubmed_abstracts_val_loss,5.664215087890625,5.762036562212652
5,reference_ols,metric/the_pile_uspto_backgrounds_val_loss,4.813331127166748,5.272769834965472
6,reference_ols,metric/the_pile_arxiv_val_loss,3.8481597900390634,3.816458028065315
6,reference_ols,metric/the_pile_freelaw_val_loss,5.519326210021973,5.608121751050991
6,reference_ols,metric/the_pile_pubmed_central_val_loss,5.222227573394775,5.101553323412938
6,reference_ols,metric/the_pile_wikipedia_en_val_loss,5.401707172393799,5.875696157536028
6,reference_ols,metric/the_pile_dm_mathematics_val_loss,5.442045211791992,3.7220607411398436
6,reference_ols,metric/the_pile_github_val_loss,4.315804481506348,4.777933626909823
6,reference_ols,metric/the_pile_stackexchange_val_loss,5.147463321685791,5.083506560401193
6,reference_ols,metric/the_pile_gutenberg_pg_19_val_loss,5.998071670532227,5.76249971112528
6,reference_ols,metric/the_pile_pile_cc_val_loss,5.9236016273498535,6.000569916140376
6,reference_ols,metric/the_pile_ubuntu_irc_val_loss,5.313143730163574,5.5660225695647245
6,reference_ols,metric/the_pile_hackernews_val_loss,5.817320823669434,5.8108289551956975
6,reference_ols,metric/the_pile_pubmed_abstracts_val_loss,6.0437750816345215,5.9137789060787895
6,reference_ols,metric/the_pile_uspto_backgrounds_val_loss,5.67151403427124,5.42838312768595
7,reference_ols,metric/the_pile_arxiv_val_loss,5.365633010864258,5.814883052083299
7,reference_ols,metric/the_pile_freelaw_val_loss,5.7348151206970215,5.447042284995703
7,reference_ols,metric/the_pile_pubmed_central_val_loss,4.126685619354248,4.484189142522546
7,reference_ols,metric/the_pile_wikipedia_en_val_loss,5.565597534179688,5.9141251902361285
7,reference_ols,metric/the_pile_dm_mathematics_val_loss,2.9376449584960938,4.327588146931246
7,reference_ols,metric/the_pile_github_val_loss,5.73452091217041,6.141251979833533
7,reference_ols,metric/the_pile_stackexchange_val_loss,5.128252029418945,5.6594728478141505
7,reference_ols,metric/the_pile_gutenberg_pg_19_val_loss,5.392933368682861,5.638392996941906
7,reference_ols,metric/the_pile_pile_cc_val_loss,5.41911506652832,5.614940348422184
7,reference_ols,metric/the_pile_ubuntu_irc_val_loss,5.869746685028076,6.359362414851451
7,reference_ols,metric/the_pile_hackernews_val_loss,5.159833908081055,5.423838707271048
7,reference_ols,metric/the_pile_pubmed_abstracts_val_loss,5.069451332092285,4.95601044066064
7,reference_ols,metric/the_pile_uspto_backgrounds_val_loss,4.25531530380249,4.213307778018642
8,reference_ols,metric/the_pile_arxiv_val_loss,7.175310134887695,6.1866036817851215
8,reference_ols,metric/the_pile_freelaw_val_loss,3.980865478515625,3.596327534335004
8,reference_ols,metric/the_pile_pubmed_central_val_loss,6.568063259124756,6.0928090366527705
8,reference_ols,metric/the_pile_wikipedia_en_val_loss,5.785682678222656,5.781705910008499
8,reference_ols,metric/the_pile_dm_mathematics_val_loss,5.779679298400879,4.707954482970962
8,reference_ols,metric/the_pile_github_val_loss,6.64463996887207,6.061480571869635
8,reference_ols,metric/the_pile_stackexchange_val_loss,6.25684118270874,5.861485369022026
8,reference_ols,metric/the_pile_gutenberg_pg_19_val_loss,5.178667545318604,5.085443873358227
8,reference_ols,metric/the_pile_pile_cc_val_loss,5.321898460388184,5.435839620621769
8,reference_ols,metric/the_pile_ubuntu_irc_val_loss,7.332483768463135,7.3572293813380805
8,reference_ols,metric/the_pile_hackernews_val_loss,5.339742183685303,5.366706102319728
8,reference_ols,metric/the_pile_pubmed_abstracts_val_loss,5.812262058258057,5.723750993565268
8,reference_ols,metric/the_pile_uspto_backgrounds_val_loss,5.509659290313721,5.282517066957241
9,reference_ols,metric/the_pile_arxiv_val_loss,5.732336521148682,4.902765691773668
9,reference_ols,metric/the_pile_freelaw_val_loss,6.613649368286133,5.878001375201496
9,reference_ols,metric/the_pile_pubmed_central_val_loss,3.839976310729981,2.9735243483964937
9,reference_ols,metric/the_pile_wikipedia_en_val_loss,6.18618631362915,6.172765002611539
9,reference_ols,metric/the_pile_dm_mathematics_val_loss,5.692158222198486,5.507919007698398
9,reference_ols,metric/the_pile_github_val_loss,7.759432315826416,6.237124954018889
9,reference_ols,metric/the_pile_stackexchange_val_loss,6.9663615226745605,5.83496009327693
9,reference_ols,metric/the_pile_gutenberg_pg_19_val_loss,6.6692962646484375,6.066468511615701
9,reference_ols,metric/the_pile_pile_cc_val_loss,6.354576110839844,5.9955621240249055
9,reference_ols,metric/the_pile_ubuntu_irc_val_loss,8.405691146850586,7.301973886933754
9,reference_ols,metric/the_pile_hackernews_val_loss,6.47177791595459,5.718393908344473
9,reference_ols,metric/the_pile_pubmed_abstracts_val_loss,4.594342708587647,4.202569023058363
9,reference_ols,metric/the_pile_uspto_backgrounds_val_loss,5.514229774475098,5.268402028110388
10,reference_ols,metric/the_pile_arxiv_val_loss,4.920166969299316,5.6506691906067745
10,reference_ols,metric/the_pile_freelaw_val_loss,5.735522270202637,5.554273479562285
10,reference_ols,metric/the_pile_pubmed_central_val_loss,4.18813419342041,4.6500574815246045
10,reference_ols,metric/the_pile_wikipedia_en_val_loss,4.815326690673828,4.464501221368106
10,reference_ols,metric/the_pile_dm_mathematics_val_loss,5.443886756896973,4.329311681682708
10,reference_ols,metric/the_pile_github_val_loss,5.298417091369629,5.920061418513799
10,reference_ols,metric/the_pile_stackexchange_val_loss,5.052807331085205,5.707028415174865
10,reference_ols,metric/the_pile_gutenberg_pg_19_val_loss,5.244697570800781,5.576359013065596
10,reference_ols,metric/the_pile_pile_cc_val_loss,5.520979404449463,5.525256164955106
10,reference_ols,metric/the_pile_ubuntu_irc_val_loss,7.628385543823242,6.919866004580647
10,reference_ols,metric/the_pile_hackernews_val_loss,5.575355052947998,5.405201088502323
10,reference_ols,metric/the_pile_pubmed_abstracts_val_loss,5.24343204498291,5.34203627582175
10,reference_ols,metric/the_pile_uspto_backgrounds_val_loss,5.451025485992432,5.294404838781862
11,reference_ols,metric/the_pile_arxiv_val_loss,7.649549961090088,6.625746839565511
11,reference_ols,metric/the_pile_freelaw_val_loss,3.8723204135894775,2.977343068610518
11,reference_ols,metric/the_pile_pubmed_central_val_loss,6.194097995758057,5.995686127260676
11,reference_ols,metric/the_pile_wikipedia_en_val_loss,6.082755088806152,6.160204304840842
11,reference_ols,metric/the_pile_dm_mathematics_val_loss,6.095431327819824,5.345926189446278
11,reference_ols,metric/the_pile_github_val_loss,6.030669212341309,6.250990511355122
11,reference_ols,metric/the_pile_stackexchange_val_loss,6.349047660827637,6.125952827642762
11,reference_ols,metric/the_pile_gutenberg_pg_19_val_loss,5.227353572845459,5.177555470443055
11,reference_ols,metric/the_pile_pile_cc_val_loss,6.076876163482666,5.907391966086824
11,reference_ols,metric/the_pile_ubuntu_irc_val_loss,8.171777725219727,7.843845309072456
11,reference_ols,metric/the_pile_hackernews_val_loss,5.95081901550293,5.699013382327155
11,reference_ols,metric/the_pile_pubmed_abstracts_val_loss,5.37153434753418,5.51627536100069
11,reference_ols,metric/the_pile_uspto_backgrounds_val_loss,5.747413158416748,5.356742100653381
12,reference_ols,metric/the_pile_arxiv_val_loss,6.068508148193359,6.045454044122678
12,reference_ols,metric/the_pile_freelaw_val_loss,4.028927326202393,3.7417426727111787
12,reference_ols,metric/the_pile_pubmed_central_val_loss,4.410226821899414,5.107511853958409
12,reference_ols,metric/the_pile_wikipedia_en_val_loss,5.977132320404053,6.0104223551548905
12,reference_ols,metric/the_pile_dm_mathematics_val_loss,5.78095817565918,4.067046304560799
12,reference_ols,metric/the_pile_github_val_loss,6.723077297210693,5.885175260044602
12,reference_ols,metric/the_pile_stackexchange_val_loss,6.378947734832764,5.720828754141437
12,reference_ols,metric/the_pile_gutenberg_pg_19_val_loss,4.868281841278076,4.852728914955931
12,reference_ols,metric/the_pile_pile_cc_val_loss,5.962575435638428,5.804618901677825
12,reference_ols,metric/the_pile_ubuntu_irc_val_loss,7.836051940917969,7.416937388576196
12,reference_ols,metric/the_pile_hackernews_val_loss,5.869334697723389,5.597483894087141
12,reference_ols,metric/the_pile_pubmed_abstracts_val_loss,5.124939918518066,5.261740123600839
12,reference_ols,metric/the_pile_uspto_backgrounds_val_loss,5.561253070831299,5.378898140621377
13,reference_ols,metric/the_pile_arxiv_val_loss,5.616719722747803,5.153344418072171
13,reference_ols,metric/the_pile_freelaw_val_loss,5.331273078918457,5.713450445335526
13,reference_ols,metric/the_pile_pubmed_central_val_loss,3.885855674743652,3.217252792836544
13,reference_ols,metric/the_pile_wikipedia_en_val_loss,5.94351863861084,5.958544533046948
13,reference_ols,metric/the_pile_dm_mathematics_val_loss,5.511852741241455,5.405595854907642
13,reference_ols,metric/the_pile_github_val_loss,6.898706912994385,6.493827146626712
13,reference_ols,metric/the_pile_stackexchange_val_loss,6.376709938049316,6.0226905228739085
13,reference_ols,metric/the_pile_gutenberg_pg_19_val_loss,5.554836273193359,5.897875788269921
13,reference_ols,metric/the_pile_pile_cc_val_loss,5.542590618133545,5.782253271070418
13,reference_ols,metric/the_pile_ubuntu_irc_val_loss,7.0256781578063965,7.172950826533753
13,reference_ols,metric/the_pile_hackernews_val_loss,5.158526420593262,5.491851763693966
13,reference_ols,metric/the_pile_pubmed_abstracts_val_loss,4.978461265563965,4.731315519917306
13,reference_ols,metric/the_pile_uspto_backgrounds_val_loss,5.384755611419678,5.34365689602167
14,reference_ols,metric/the_pile_arxiv_val_loss,5.436479568481445,4.650932557655931
14,reference_ols,metric/the_pile_freelaw_val_loss,5.218822956085205,5.315253192856347
14,reference_ols,metric/the_pile_pubmed_central_val_loss,4.133479595184326,4.258637594396352
14,reference_ols,metric/the_pile_wikipedia_en_val_loss,5.507219314575195,5.6081566523790825
14,reference_ols,metric/the_pile_dm_mathematics_val_loss,2.3308768272399902,3.1079253691517046
14,reference_ols,metric/the_pile_github_val_loss,4.662861347198486,4.599072276031467
14,reference_ols,metric/the_pile_stackexchange_val_loss,4.974141597747803,4.834688880577331
14,reference_ols,metric/the_pile_gutenberg_pg_19_val_loss,5.0477824211120605,5.205828649016933
14,reference_ols,metric/the_pile_pile_cc_val_loss,5.597803115844727,5.631857074254369
14,reference_ols,metric/the_pile_ubuntu_irc_val_loss,5.373387336730957,5.998030083151776
14,reference_ols,metric/the_pile_hackernews_val_loss,4.832281112670898,4.631199038482313
14,reference_ols,metric/the_pile_pubmed_abstracts_val_loss,4.571138381958008,4.200937866701162
14,reference_ols,metric/the_pile_uspto_backgrounds_val_loss,4.946125507354736,5.0459671912879696
15,reference_ols,metric/the_pile_arxiv_val_loss,4.835928916931152,4.786317951446179
15,reference_ols,metric/the_pile_freelaw_val_loss,5.9763712882995605,5.763391120064348
15,reference_ols,metric/the_pile_pubmed_central_val_loss,4.696907997131348,5.1962915482370775
15,reference_ols,metric/the_pile_wikipedia_en_val_loss,5.286471366882324,5.727798693055283
15,reference_ols,metric/the_pile_dm_mathematics_val_loss,2.612511157989502,4.2380708718346645
15,reference_ols,metric/the_pile_github_val_loss,4.265994071960449,4.485677953356011
15,reference_ols,metric/the_pile_stackexchange_val_loss,4.273486614227295,4.22043834934663
15,reference_ols,metric/the_pile_gutenberg_pg_19_val_loss,5.212732315063477,5.506127197819036
15,reference_ols,metric/the_pile_pile_cc_val_loss,5.70292329788208,5.773043249146439
15,reference_ols,metric/the_pile_ubuntu_irc_val_loss,7.151707649230957,6.96104327746625
15,reference_ols,metric/the_pile_hackernews_val_loss,4.99690580368042,5.194210370706083
15,reference_ols,metric/the_pile_pubmed_abstracts_val_loss,4.784799575805664,5.055139378941385
15,reference_ols,metric/the_pile_uspto_backgrounds_val_loss,4.6978535652160645,5.106739943428459
16,reference_ols,metric/the_pile_arxiv_val_loss,4.263101577758789,4.5422062802289105
16,reference_ols,metric/the_pile_freelaw_val_loss,4.731163024902344,5.134974026447861
16,reference_ols,metric/the_pile_pubmed_central_val_loss,4.446780204772949,5.0519341354589935
16,reference_ols,metric/the_pile_wikipedia_en_val_loss,6.137884616851807,6.123993783759
16,reference_ols,metric/the_pile_dm_mathematics_val_loss,1.8533507585525515,0.1521023212590702
16,reference_ols,metric/the_pile_github_val_loss,4.429530620574951,4.19600889132629
16,reference_ols,metric/the_pile_stackexchange_val_loss,4.592880725860596,4.438449152352704
16,reference_ols,metric/the_pile_gutenberg_pg_19_val_loss,5.278256893157959,5.507707801847164
16,reference_ols,metric/the_pile_pile_cc_val_loss,5.888399600982666,5.89454615614659
16,reference_ols,metric/the_pile_ubuntu_irc_val_loss,5.00335693359375,4.901606660513181
16,reference_ols,metric/the_pile_hackernews_val_loss,5.570482730865479,5.508673739850549
16,reference_ols,metric/the_pile_pubmed_abstracts_val_loss,5.373453140258789,5.693781608364183
16,reference_ols,metric/the_pile_uspto_backgrounds_val_loss,4.804718494415283,5.124507067734215
17,reference_ols,metric/the_pile_arxiv_val_loss,3.779206991195679,4.002842191867348
17,reference_ols,metric/the_pile_freelaw_val_loss,4.426825046539307,5.143869308343204
17,reference_ols,metric/the_pile_pubmed_central_val_loss,5.9820075035095215,5.4488883396402725
17,reference_ols,metric/the_pile_wikipedia_en_val_loss,6.0802001953125,6.1706570063101305
17,reference_ols,metric/the_pile_dm_mathematics_val_loss,2.6709392070770264,4.1014342630175395
17,reference_ols,metric/the_pile_github_val_loss,4.874502658843994,5.566705377754532
17,reference_ols,metric/the_pile_stackexchange_val_loss,4.626718521118164,5.246218350826587
17,reference_ols,metric/the_pile_gutenberg_pg_19_val_loss,5.488972187042236,5.680936460225696
17,reference_ols,metric/the_pile_pile_cc_val_loss,5.748971939086914,5.922972351618349
17,reference_ols,metric/the_pile_ubuntu_irc_val_loss,5.351980686187744,6.234959438346588
17,reference_ols,metric/the_pile_hackernews_val_loss,5.358956336975098,5.624266512207802
17,reference_ols,metric/the_pile_pubmed_abstracts_val_loss,6.06849479675293,5.807398899812044
17,reference_ols,metric/the_pile_uspto_backgrounds_val_loss,4.903680324554443,5.277317564832025
18,reference_ols,metric/the_pile_arxiv_val_loss,5.161006927490234,5.080444223118598
18,reference_ols,metric/the_pile_freelaw_val_loss,5.229340553283691,5.318621638078976
18,reference_ols,metric/the_pile_pubmed_central_val_loss,4.228277683258057,4.9910121283787126
18,reference_ols,metric/the_pile_wikipedia_en_val_loss,5.453532695770264,5.685476511459834
18,reference_ols,metric/the_pile_dm_mathematics_val_loss,2.4409642219543457,3.8223885723508295
18,reference_ols,metric/the_pile_github_val_loss,4.761942863464356,5.122501372862787
18,reference_ols,metric/the_pile_stackexchange_val_loss,4.659525871276856,4.869114288763052
18,reference_ols,metric/the_pile_gutenberg_pg_19_val_loss,5.3418684005737305,5.480116061306081
18,reference_ols,metric/the_pile_pile_cc_val_loss,5.253754138946533,5.340594132028861
18,reference_ols,metric/the_pile_ubuntu_irc_val_loss,5.025073528289795,4.859358226869294
18,reference_ols,metric/the_pile_hackernews_val_loss,5.077229022979736,5.164235658207582
18,reference_ols,metric/the_pile_pubmed_abstracts_val_loss,5.035791397094727,5.414913471560684
18,reference_ols,metric/the_pile_uspto_backgrounds_val_loss,5.336487293243408,5.3401145194479644
19,reference_ols,metric/the_pile_arxiv_val_loss,4.140886306762695,4.984644639192777
19,reference_ols,metric/the_pile_freelaw_val_loss,4.335186004638672,4.753184888532205
19,reference_ols,metric/the_pile_pubmed_central_val_loss,5.162656307220459,5.404774910690118
19,reference_ols,metric/the_pile_wikipedia_en_val_loss,5.283300876617432,5.486138435224223
19,reference_ols,metric/the_pile_dm_mathematics_val_loss,2.4845540523529053,3.6819778555266867
19,reference_ols,metric/the_pile_github_val_loss,5.453387260437012,5.4728749955204465
19,reference_ols,metric/the_pile_stackexchange_val_loss,4.819840431213379,5.153047803066527
19,reference_ols,metric/the_pile_gutenberg_pg_19_val_loss,5.22469425201416,5.192274663313267
19,reference_ols,metric/the_pile_pile_cc_val_loss,5.247750759124756,5.371145849350933
19,reference_ols,metric/the_pile_ubuntu_irc_val_loss,5.317441940307617,6.176067184089242
19,reference_ols,metric/the_pile_hackernews_val_loss,4.833442211151123,4.942991174759499
19,reference_ols,metric/the_pile_pubmed_abstracts_val_loss,5.59989070892334,5.532779408541906
19,reference_ols,metric/the_pile_uspto_backgrounds_val_loss,5.306461811065674,5.272230361256833
20,reference_ols,metric/the_pile_arxiv_val_loss,5.3710455894470215,5.18884236845381
20,reference_ols,metric/the_pile_freelaw_val_loss,5.678719520568848,5.559710958508523
20,reference_ols,metric/the_pile_pubmed_central_val_loss,4.048504829406738,4.299991099023567
20,reference_ols,metric/the_pile_wikipedia_en_val_loss,5.386486530303955,5.747451073866115
20,reference_ols,metric/the_pile_dm_mathematics_val_loss,5.511875629425049,4.701121361731996
20,reference_ols,metric/the_pile_github_val_loss,5.1697998046875,5.751010775994361
20,reference_ols,metric/the_pile_stackexchange_val_loss,5.506645202636719,5.550245700769184
20,reference_ols,metric/the_pile_gutenberg_pg_19_val_loss,4.875679969787598,5.2053349900892005
20,reference_ols,metric/the_pile_pile_cc_val_loss,5.347065448760986,5.588326917865326
20,reference_ols,metric/the_pile_ubuntu_irc_val_loss,5.458584308624268,6.580985961445773
20,reference_ols,metric/the_pile_hackernews_val_loss,4.99979829788208,5.312748429109679
20,reference_ols,metric/the_pile_pubmed_abstracts_val_loss,4.78153657913208,4.8542036758046825
20,reference_ols,metric/the_pile_uspto_backgrounds_val_loss,5.3079118728637695,5.325193377160863
21,reference_ols,metric/the_pile_arxiv_val_loss,3.7148549556732178,3.2698147748487356
21,reference_ols,metric/the_pile_freelaw_val_loss,5.775569438934326,5.493129608128086
21,reference_ols,metric/the_pile_pubmed_central_val_loss,4.841148376464844,5.124432812746941
21,reference_ols,metric/the_pile_wikipedia_en_val_loss,5.580223083496094,5.88248081787113
21,reference_ols,metric/the_pile_dm_mathematics_val_loss,5.613797664642334,3.572710089265817
21,reference_ols,metric/the_pile_github_val_loss,5.322590827941895,5.591361588617558
21,reference_ols,metric/the_pile_stackexchange_val_loss,5.57145357131958,5.528934425043246
21,reference_ols,metric/the_pile_gutenberg_pg_19_val_loss,5.821041584014893,5.740244884152579
21,reference_ols,metric/the_pile_pile_cc_val_loss,5.878022193908691,5.877929048693066
21,reference_ols,metric/the_pile_ubuntu_irc_val_loss,5.166763305664063,5.651239384953518
21,reference_ols,metric/the_pile_hackernews_val_loss,5.064894676208496,5.355281544843434
21,reference_ols,metric/the_pile_pubmed_abstracts_val_loss,5.783607482910156,5.77678137824662
21,reference_ols,metric/the_pile_uspto_backgrounds_val_loss,4.927324771881104,5.231013193127408
22,reference_ols,metric/the_pile_arxiv_val_loss,5.313518524169922,5.570266126804952
22,reference_ols,metric/the_pile_freelaw_val_loss,4.5764875411987305,4.9627422245077994
22,reference_ols,metric/the_pile_pubmed_central_val_loss,5.541999340057373,5.287202547686211
22,reference_ols,metric/the_pile_wikipedia_en_val_loss,6.369202136993408,5.9402347231947354
22,reference_ols,metric/the_pile_dm_mathematics_val_loss,2.23321795463562,3.1022073600411026
22,reference_ols,metric/the_pile_github_val_loss,4.412414073944092,4.820341154110148
22,reference_ols,metric/the_pile_stackexchange_val_loss,5.349352836608887,5.397719252516039
22,reference_ols,metric/the_pile_gutenberg_pg_19_val_loss,4.759934902191162,4.388479795614818
22,reference_ols,metric/the_pile_pile_cc_val_loss,6.061858177185059,5.819790390893531
22,reference_ols,metric/the_pile_ubuntu_irc_val_loss,7.594740867614746,6.7169259675266595
22,reference_ols,metric/the_pile_hackernews_val_loss,5.767696857452393,5.66908215487019
22,reference_ols,metric/the_pile_pubmed_abstracts_val_loss,5.863641262054443,5.791151728480896
22,reference_ols,metric/the_pile_uspto_backgrounds_val_loss,4.635516166687012,4.947098981451527
23,reference_ols,metric/the_pile_arxiv_val_loss,5.221972465515137,5.256969689132534
23,reference_ols,metric/the_pile_freelaw_val_loss,5.052719593048096,5.6680736886820995
23,reference_ols,metric/the_pile_pubmed_central_val_loss,4.056276798248291,4.229980170438212
23,reference_ols,metric/the_pile_wikipedia_en_val_loss,6.020731449127197,6.180674221607624
23,reference_ols,metric/the_pile_dm_mathematics_val_loss,5.561578273773193,4.397315520456502
23,reference_ols,metric/the_pile_github_val_loss,4.91853141784668,5.102469183590175
23,reference_ols,metric/the_pile_stackexchange_val_loss,5.417336463928223,5.199693724261017
23,reference_ols,metric/the_pile_gutenberg_pg_19_val_loss,6.032251834869385,5.986542395171455
23,reference_ols,metric/the_pile_pile_cc_val_loss,5.977203845977783,5.874143245073979
23,reference_ols,metric/the_pile_ubuntu_irc_val_loss,4.856312274932861,3.7738684776759976
23,reference_ols,metric/the_pile_hackernews_val_loss,5.783515453338623,5.568106156371948
23,reference_ols,metric/the_pile_pubmed_abstracts_val_loss,4.762035846710205,4.916146543400772
23,reference_ols,metric/the_pile_uspto_backgrounds_val_loss,4.409957885742188,4.642492906903013
24,reference_ols,metric/the_pile_arxiv_val_loss,7.729341983795166,6.602756363611346
24,reference_ols,metric/the_pile_freelaw_val_loss,3.967174530029297,3.548458560275547
24,reference_ols,metric/the_pile_pubmed_central_val_loss,6.752795219421387,5.772270597502512
24,reference_ols,metric/the_pile_wikipedia_en_val_loss,6.444605350494385,6.170889935991113
24,reference_ols,metric/the_pile_dm_mathematics_val_loss,5.99164342880249,4.934443224487598
24,reference_ols,metric/the_pile_github_val_loss,5.654896259307861,6.203910415564222
24,reference_ols,metric/the_pile_stackexchange_val_loss,6.138266563415527,6.075203894607603
24,reference_ols,metric/the_pile_gutenberg_pg_19_val_loss,5.350730895996094,5.3292739732927155
24,reference_ols,metric/the_pile_pile_cc_val_loss,6.081203937530518,5.9077943694460915
24,reference_ols,metric/the_pile_ubuntu_irc_val_loss,7.689416885375977,7.468087136460021
24,reference_ols,metric/the_pile_hackernews_val_loss,5.8698577880859375,5.708547641139192
24,reference_ols,metric/the_pile_pubmed_abstracts_val_loss,5.93467378616333,5.525385417550201
24,reference_ols,metric/the_pile_uspto_backgrounds_val_loss,4.452613830566406,4.573286889468721
25,reference_ols,metric/the_pile_arxiv_val_loss,5.003495216369629,5.015227256363793
25,reference_ols,metric/the_pile_freelaw_val_loss,4.26286506652832,4.985378197074612
25,reference_ols,metric/the_pile_pubmed_central_val_loss,4.548320293426514,5.244169785796856
25,reference_ols,metric/the_pile_wikipedia_en_val_loss,6.2719340324401855,6.068847326633678
25,reference_ols,metric/the_pile_dm_mathematics_val_loss,5.054658889770508,4.438519942965451
25,reference_ols,metric/the_pile_github_val_loss,4.913228511810303,4.912773860322127
25,reference_ols,metric/the_pile_stackexchange_val_loss,4.174592971801758,4.144283210957972
25,reference_ols,metric/the_pile_gutenberg_pg_19_val_loss,5.677281379699707,5.572710032405393
25,reference_ols,metric/the_pile_pile_cc_val_loss,5.843257427215576,5.82942942150969
25,reference_ols,metric/the_pile_ubuntu_irc_val_loss,5.450659275054932,6.6850869863222195
25,reference_ols,metric/the_pile_hackernews_val_loss,5.52943229675293,5.401154853066077
25,reference_ols,metric/the_pile_pubmed_abstracts_val_loss,5.509744644165039,5.727448686153016
25,reference_ols,metric/the_pile_uspto_backgrounds_val_loss,5.620926380157471,5.501264477022222
26,reference_ols,metric/the_pile_arxiv_val_loss,3.882284879684448,4.1599432129667235
26,reference_ols,metric/the_pile_freelaw_val_loss,5.688676834106445,5.7420594889404635
26,reference_ols,metric/the_pile_pubmed_central_val_loss,4.025252342224121,3.8936535556906704
26,reference_ols,metric/the_pile_wikipedia_en_val_loss,5.573357582092285,6.039379763208209
26,reference_ols,metric/the_pile_dm_mathematics_val_loss,5.430081844329834,4.72248364104682
26,reference_ols,metric/the_pile_github_val_loss,6.123146057128906,6.174479878183571
26,reference_ols,metric/the_pile_stackexchange_val_loss,5.667730808258057,5.816577603095887
26,reference_ols,metric/the_pile_gutenberg_pg_19_val_loss,6.119208812713623,5.977527925004877
26,reference_ols,metric/the_pile_pile_cc_val_loss,5.942705631256104,5.976000000928327
26,reference_ols,metric/the_pile_ubuntu_irc_val_loss,5.740989685058594,6.766454307438311
26,reference_ols,metric/the_pile_hackernews_val_loss,5.928955554962158,5.721862713165862
26,reference_ols,metric/the_pile_pubmed_abstracts_val_loss,4.998274326324463,5.129614036541038
26,reference_ols,metric/the_pile_uspto_backgrounds_val_loss,5.132785320281982,5.343649245049942
27,reference_ols,metric/the_pile_arxiv_val_loss,5.64911413192749,5.465681824707124
27,reference_ols,metric/the_pile_freelaw_val_loss,4.26276159286499,4.6781690304454155
27,reference_ols,metric/the_pile_pubmed_central_val_loss,4.184984683990479,4.69856829342954
27,reference_ols,metric/the_pile_wikipedia_en_val_loss,5.313239574432373,5.5499166982360615
27,reference_ols,metric/the_pile_dm_mathematics_val_loss,2.4710938930511475,4.120997496583285
27,reference_ols,metric/the_pile_github_val_loss,5.107607364654541,5.610863869073502
27,reference_ols,metric/the_pile_stackexchange_val_loss,5.51455545425415,5.703062503307283
27,reference_ols,metric/the_pile_gutenberg_pg_19_val_loss,4.910590171813965,5.0571132287074905
27,reference_ols,metric/the_pile_pile_cc_val_loss,5.607277870178223,5.682572218471221
27,reference_ols,metric/the_pile_ubuntu_irc_val_loss,6.157212257385254,7.117803944255142
27,reference_ols,metric/the_pile_hackernews_val_loss,4.921019554138184,5.055621030472534
27,reference_ols,metric/the_pile_pubmed_abstracts_val_loss,4.804058074951172,4.871100841290638
27,reference_ols,metric/the_pile_uspto_backgrounds_val_loss,5.396997451782227,5.231804678141742
28,reference_ols,metric/the_pile_arxiv_val_loss,4.687304496765137,5.013498988385008
28,reference_ols,metric/the_pile_freelaw_val_loss,4.21182918548584,4.101963218209911
28,reference_ols,metric/the_pile_pubmed_central_val_loss,6.05892276763916,5.781118556328656
28,reference_ols,metric/the_pile_wikipedia_en_val_loss,5.891059398651123,5.874543475005431
28,reference_ols,metric/the_pile_dm_mathematics_val_loss,1.8401778936386108,0.8628365192902043
28,reference_ols,metric/the_pile_github_val_loss,4.645040035247803,4.607572640246236
28,reference_ols,metric/the_pile_stackexchange_val_loss,4.333330154418945,4.549567602776387
28,reference_ols,metric/the_pile_gutenberg_pg_19_val_loss,5.055291175842285,5.111350695190876
28,reference_ols,metric/the_pile_pile_cc_val_loss,5.706452369689941,5.7142687892927455
28,reference_ols,metric/the_pile_ubuntu_irc_val_loss,7.238473415374756,7.025392938423036
28,reference_ols,metric/the_pile_hackernews_val_loss,5.458417892456055,5.460429037186007
28,reference_ols,metric/the_pile_pubmed_abstracts_val_loss,6.303548336029053,6.0590533859984586
28,reference_ols,metric/the_pile_uspto_backgrounds_val_loss,5.252003192901611,5.221934505418824
29,reference_ols,metric/the_pile_arxiv_val_loss,5.658636569976807,6.0671159097443
29,reference_ols,metric/the_pile_freelaw_val_loss,6.026126384735107,5.433393700838744
29,reference_ols,metric/the_pile_pubmed_central_val_loss,5.763899326324463,5.335842431452135
29,reference_ols,metric/the_pile_wikipedia_en_val_loss,6.317204475402832,6.069247459831474
29,reference_ols,metric/the_pile_dm_mathematics_val_loss,5.946868896484375,4.391663365853124
29,reference_ols,metric/the_pile_github_val_loss,8.14659309387207,5.948950386314699
29,reference_ols,metric/the_pile_stackexchange_val_loss,7.142147064208984,6.061782575983984
29,reference_ols,metric/the_pile_gutenberg_pg_19_val_loss,4.7790937423706055,4.860979512598816
29,reference_ols,metric/the_pile_pile_cc_val_loss,5.957272052764893,5.864980025188539
29,reference_ols,metric/the_pile_ubuntu_irc_val_loss,8.297920227050781,7.683361388258656
29,reference_ols,metric/the_pile_hackernews_val_loss,5.942418098449707,5.631236002177474
29,reference_ols,metric/the_pile_pubmed_abstracts_val_loss,5.617604732513428,5.421963309191796
29,reference_ols,metric/the_pile_uspto_backgrounds_val_loss,4.1322197914123535,3.3261487945141086
30,reference_ols,metric/the_pile_arxiv_val_loss,6.861634254455566,6.059162006067909
30,reference_ols,metric/the_pile_freelaw_val_loss,5.755373954772949,5.52008171222099
30,reference_ols,metric/the_pile_pubmed_central_val_loss,5.65870475769043,5.479534354930263
30,reference_ols,metric/the_pile_wikipedia_en_val_loss,5.272236347198486,5.690797157532499
30,reference_ols,metric/the_pile_dm_mathematics_val_loss,5.643309116363525,4.349766073574827
30,reference_ols,metric/the_pile_github_val_loss,4.5067949295043945,5.452703158322508
30,reference_ols,metric/the_pile_stackexchange_val_loss,5.427286148071289,5.809548000375501
30,reference_ols,metric/the_pile_gutenberg_pg_19_val_loss,4.814216136932373,4.870853842523599
30,reference_ols,metric/the_pile_pile_cc_val_loss,5.754676342010498,5.78841713176843
30,reference_ols,metric/the_pile_ubuntu_irc_val_loss,6.341269493103027,7.322059623842494
30,reference_ols,metric/the_pile_hackernews_val_loss,5.69641637802124,5.552768810961304
30,reference_ols,metric/the_pile_pubmed_abstracts_val_loss,5.775506496429443,5.589556058737821
30,reference_ols,metric/the_pile_uspto_backgrounds_val_loss,4.324811458587647,4.19074799354198
31,reference_ols,metric/the_pile_arxiv_val_loss,4.4081878662109375,5.381803492128733
31,reference_ols,metric/the_pile_freelaw_val_loss,5.024968147277832,5.405504801699622
31,reference_ols,metric/the_pile_pubmed_central_val_loss,4.978406429290772,5.363644850685581
31,reference_ols,metric/the_pile_wikipedia_en_val_loss,5.005675315856934,5.044947718036384
31,reference_ols,metric/the_pile_dm_mathematics_val_loss,3.812377452850342,4.099211919050251
31,reference_ols,metric/the_pile_github_val_loss,5.920037746429443,5.601523255907014
31,reference_ols,metric/the_pile_stackexchange_val_loss,5.920503616333008,5.655523837497931
31,reference_ols,metric/the_pile_gutenberg_pg_19_val_loss,4.698957443237305,4.403484093365561
31,reference_ols,metric/the_pile_pile_cc_val_loss,5.51257848739624,5.511182336618067
31,reference_ols,metric/the_pile_ubuntu_irc_val_loss,7.735177040100098,7.153110390519338
31,reference_ols,metric/the_pile_hackernews_val_loss,5.13293981552124,5.336137439429143
31,reference_ols,metric/the_pile_pubmed_abstracts_val_loss,4.934744834899902,5.212943722845666
31,reference_ols,metric/the_pile_uspto_backgrounds_val_loss,5.402326583862305,5.345241005558147
32,reference_ols,metric/the_pile_arxiv_val_loss,8.051161766052246,6.71444542154098
32,reference_ols,metric/the_pile_freelaw_val_loss,3.874768495559693,2.8949107756973893
32,reference_ols,metric/the_pile_pubmed_central_val_loss,6.909854412078857,6.055726674075561
32,reference_ols,metric/the_pile_wikipedia_en_val_loss,6.266665935516357,6.148524686052699
32,reference_ols,metric/the_pile_dm_mathematics_val_loss,6.403696537017822,5.370011284477474
32,reference_ols,metric/the_pile_github_val_loss,7.658684730529785,6.344661656430266
32,reference_ols,metric/the_pile_stackexchange_val_loss,7.126642227172852,6.194937220932046
32,reference_ols,metric/the_pile_gutenberg_pg_19_val_loss,5.534601211547852,5.207432861847618
32,reference_ols,metric/the_pile_pile_cc_val_loss,5.833001613616943,5.887293728647257
32,reference_ols,metric/the_pile_ubuntu_irc_val_loss,7.933407306671143,7.860011019827352
32,reference_ols,metric/the_pile_hackernews_val_loss,5.835553646087647,5.687612189759969
32,reference_ols,metric/the_pile_pubmed_abstracts_val_loss,5.917235374450684,5.643763609091227
32,reference_ols,metric/the_pile_uspto_backgrounds_val_loss,5.224470138549805,5.307609848611997
33,reference_ols,metric/the_pile_arxiv_val_loss,6.746493816375732,5.816957303732639
33,reference_ols,metric/the_pile_freelaw_val_loss,5.766384124755859,5.628852346718091
33,reference_ols,metric/the_pile_pubmed_central_val_loss,6.5935959815979,5.833511749027066
33,reference_ols,metric/the_pile_wikipedia_en_val_loss,5.976674556732178,5.916729705292203
33,reference_ols,metric/the_pile_dm_mathematics_val_loss,5.557881832122803,4.774548069199316
33,reference_ols,metric/the_pile_github_val_loss,4.100144386291504,4.698884758886604
33,reference_ols,metric/the_pile_stackexchange_val_loss,5.102885246276856,5.415279859937966
33,reference_ols,metric/the_pile_gutenberg_pg_19_val_loss,4.755634784698486,4.363555935781211
33,reference_ols,metric/the_pile_pile_cc_val_loss,5.5495219230651855,5.624855940368379
33,reference_ols,metric/the_pile_ubuntu_irc_val_loss,7.391046047210693,7.059762187272376
33,reference_ols,metric/the_pile_hackernews_val_loss,5.420259475708008,5.398620614605516
33,reference_ols,metric/the_pile_pubmed_abstracts_val_loss,6.314382076263428,5.878606774104682
33,reference_ols,metric/the_pile_uspto_backgrounds_val_loss,5.821866989135742,5.700210328617719
34,reference_ols,metric/the_pile_arxiv_val_loss,5.771609783172607,5.381690356546666
34,reference_ols,metric/the_pile_freelaw_val_loss,5.322272777557373,5.879778683450385
34,reference_ols,metric/the_pile_pubmed_central_val_loss,5.388720512390137,5.471736338297735
34,reference_ols,metric/the_pile_wikipedia_en_val_loss,6.635139465332031,6.4087706958291415
34,reference_ols,metric/the_pile_dm_mathematics_val_loss,5.31644344329834,4.432525122167298
34,reference_ols,metric/the_pile_github_val_loss,3.774742603302002,2.879375036821702
34,reference_ols,metric/the_pile_stackexchange_val_loss,4.6902689933776855,4.343978476186221
34,reference_ols,metric/the_pile_gutenberg_pg_19_val_loss,5.525582313537598,5.700361707980378
34,reference_ols,metric/the_pile_pile_cc_val_loss,6.194097995758057,6.139241197127543
34,reference_ols,metric/the_pile_ubuntu_irc_val_loss,5.430849552154541,5.400746347797535
34,reference_ols,metric/the_pile_hackernews_val_loss,5.701431751251221,5.7537246822560295
34,reference_ols,metric/the_pile_pubmed_abstracts_val_loss,6.310952663421631,6.128609453661451
34,reference_ols,metric/the_pile_uspto_backgrounds_val_loss,6.177484512329102,5.778722960712086
35,reference_ols,metric/the_pile_arxiv_val_loss,5.152310848236084,4.716939294335378
35,reference_ols,metric/the_pile_freelaw_val_loss,6.016092777252197,5.478378996664386
35,reference_ols,metric/the_pile_pubmed_central_val_loss,5.6132493019104,5.525961051844333
35,reference_ols,metric/the_pile_wikipedia_en_val_loss,5.003716468811035,5.147414998890776
35,reference_ols,metric/the_pile_dm_mathematics_val_loss,1.8262804746627808,0.9422434401285229
35,reference_ols,metric/the_pile_github_val_loss,4.939427852630615,4.422595905782158
35,reference_ols,metric/the_pile_stackexchange_val_loss,4.213974952697754,4.030121599614589
35,reference_ols,metric/the_pile_gutenberg_pg_19_val_loss,5.9329681396484375,5.471111683318739
35,reference_ols,metric/the_pile_pile_cc_val_loss,5.653165340423584,5.672794167348231
35,reference_ols,metric/the_pile_ubuntu_irc_val_loss,5.710831165313721,6.656948043937651
35,reference_ols,metric/the_pile_hackernews_val_loss,5.641227722167969,5.276309532892386
35,reference_ols,metric/the_pile_pubmed_abstracts_val_loss,6.202215671539307,5.85559926637567
35,reference_ols,metric/the_pile_uspto_backgrounds_val_loss,5.734169960021973,5.305323193614729
36,reference_ols,metric/the_pile_arxiv_val_loss,3.753798723220825,3.4831718258094715
36,reference_ols,metric/the_pile_freelaw_val_loss,6.316792964935303,5.681487165741123
36,reference_ols,metric/the_pile_pubmed_central_val_loss,4.444733619689941,4.828034135025842
36,reference_ols,metric/the_pile_wikipedia_en_val_loss,6.496055603027344,6.147087858531493
36,reference_ols,metric/the_pile_dm_mathematics_val_loss,2.555508136749268,3.6751680521948673
36,reference_ols,metric/the_pile_github_val_loss,5.468338489532471,5.41295670545027
36,reference_ols,metric/the_pile_stackexchange_val_loss,4.637434482574463,5.047568093614961
36,reference_ols,metric/the_pile_gutenberg_pg_19_val_loss,5.210977077484131,5.660029744792078
36,reference_ols,metric/the_pile_pile_cc_val_loss,6.027653694152832,5.9263575050608575
36,reference_ols,metric/the_pile_ubuntu_irc_val_loss,5.130958557128906,5.600479539778256
36,reference_ols,metric/the_pile_hackernews_val_loss,5.644321918487549,5.614667933133691
36,reference_ols,metric/the_pile_pubmed_abstracts_val_loss,5.471099853515625,5.656159176031857
36,reference_ols,metric/the_pile_uspto_backgrounds_val_loss,5.643436908721924,5.473466909405878
37,reference_ols,metric/the_pile_arxiv_val_loss,5.026422023773193,5.3781352623491046
37,reference_ols,metric/the_pile_freelaw_val_loss,5.072512626647949,5.3396121972291875
37,reference_ols,metric/the_pile_pubmed_central_val_loss,4.223289489746094,4.613296170138045
37,reference_ols,metric/the_pile_wikipedia_en_val_loss,4.998081684112549,5.144237087122315
37,reference_ols,metric/the_pile_dm_mathematics_val_loss,2.0003106594085693,2.6710584660266523
37,reference_ols,metric/the_pile_github_val_loss,5.011911392211914,5.352885041755858
37,reference_ols,metric/the_pile_stackexchange_val_loss,5.214371204376221,5.314151108439298
37,reference_ols,metric/the_pile_gutenberg_pg_19_val_loss,5.35777759552002,5.533179308739729
37,reference_ols,metric/the_pile_pile_cc_val_loss,5.670432090759277,5.693579994739256
37,reference_ols,metric/the_pile_ubuntu_irc_val_loss,7.577400207519531,6.985918678119823
37,reference_ols,metric/the_pile_hackernews_val_loss,5.103034973144531,5.281770253627838
37,reference_ols,metric/the_pile_pubmed_abstracts_val_loss,4.877068042755127,4.991604773870764
37,reference_ols,metric/the_pile_uspto_backgrounds_val_loss,4.46651554107666,4.6141989644282955
38,reference_ols,metric/the_pile_arxiv_val_loss,5.007805824279785,5.5249197546640385
38,reference_ols,metric/the_pile_freelaw_val_loss,4.905384063720703,5.222523573538717
38,reference_ols,metric/the_pile_pubmed_central_val_loss,6.044830799102783,5.794106870716747
38,reference_ols,metric/the_pile_wikipedia_en_val_loss,5.689024925231934,5.6919475111250115
38,reference_ols,metric/the_pile_dm_mathematics_val_loss,5.543165683746338,5.056892136964678
38,reference_ols,metric/the_pile_github_val_loss,6.600042343139648,5.856122803224251
38,reference_ols,metric/the_pile_stackexchange_val_loss,6.009766578674316,5.610572724611833
38,reference_ols,metric/the_pile_gutenberg_pg_19_val_loss,5.248143672943115,5.29843972370662
38,reference_ols,metric/the_pile_pile_cc_val_loss,5.204901218414307,5.303498873519399
38,reference_ols,metric/the_pile_ubuntu_irc_val_loss,6.734470844268799,6.840343792424984
38,reference_ols,metric/the_pile_hackernews_val_loss,5.271415710449219,5.270563725771199
38,reference_ols,metric/the_pile_pubmed_abstracts_val_loss,5.445953369140625,5.60479291381826
38,reference_ols,metric/the_pile_uspto_backgrounds_val_loss,4.392505168914795,4.425635640805891
39,reference_ols,metric/the_pile_arxiv_val_loss,5.11309814453125,4.965977067669796
39,reference_ols,metric/the_pile_freelaw_val_loss,4.777293682098389,5.443092993904538
39,reference_ols,metric/the_pile_pubmed_central_val_loss,5.109024524688721,5.108540501751803
39,reference_ols,metric/the_pile_wikipedia_en_val_loss,4.968809604644775,4.991804818326551
39,reference_ols,metric/the_pile_dm_mathematics_val_loss,2.236644506454468,2.883705611295985
39,reference_ols,metric/the_pile_github_val_loss,4.740827083587647,4.666976297357721
39,reference_ols,metric/the_pile_stackexchange_val_loss,4.21690845489502,4.0034594137224335
39,reference_ols,metric/the_pile_gutenberg_pg_19_val_loss,5.307089805603027,5.413603539244978
39,reference_ols,metric/the_pile_pile_cc_val_loss,5.59416389465332,5.575993298542128
39,reference_ols,metric/the_pile_ubuntu_irc_val_loss,7.238756656646728,6.695124012998216
39,reference_ols,metric/the_pile_hackernews_val_loss,5.03219747543335,5.118654592725733
39,reference_ols,metric/the_pile_pubmed_abstracts_val_loss,5.572150707244873,5.599985418846837
39,reference_ols,metric/the_pile_uspto_backgrounds_val_loss,5.002451419830322,5.318803349997107
40,reference_ols,metric/the_pile_arxiv_val_loss,4.483772277832031,5.743200611963941
40,reference_ols,metric/the_pile_freelaw_val_loss,4.084653377532959,4.330050598016764
40,reference_ols,metric/the_pile_pubmed_central_val_loss,4.152863502502441,4.7251890281314095
40,reference_ols,metric/the_pile_wikipedia_en_val_loss,6.1054534912109375,6.1282989325258965
40,reference_ols,metric/the_pile_dm_mathematics_val_loss,5.35400390625,5.340251663561463
40,reference_ols,metric/the_pile_github_val_loss,5.705118656158447,6.273716940254077
40,reference_ols,metric/the_pile_stackexchange_val_loss,5.056640148162842,5.941636272242459
40,reference_ols,metric/the_pile_gutenberg_pg_19_val_loss,5.576696872711182,5.588331376156501
40,reference_ols,metric/the_pile_pile_cc_val_loss,5.732850074768066,5.908826810746883
40,reference_ols,metric/the_pile_ubuntu_irc_val_loss,7.658815860748291,7.567610981478545
40,reference_ols,metric/the_pile_hackernews_val_loss,5.443605422973633,5.659763682335913
40,reference_ols,metric/the_pile_pubmed_abstracts_val_loss,5.044731616973877,5.189492741406361
40,reference_ols,metric/the_pile_uspto_backgrounds_val_loss,5.474844932556152,5.359076605454172
41,reference_ols,metric/the_pile_arxiv_val_loss,4.69763708114624,5.599007493030708
41,reference_ols,metric/the_pile_freelaw_val_loss,6.14774751663208,5.796934349319242
41,reference_ols,metric/the_pile_pubmed_central_val_loss,5.504880428314209,5.832847342838868
41,reference_ols,metric/the_pile_wikipedia_en_val_loss,5.891500949859619,6.296958645410825
41,reference_ols,metric/the_pile_dm_mathematics_val_loss,2.5461370944976807,4.296187613148903
41,reference_ols,metric/the_pile_github_val_loss,3.768294095993042,3.1641843036145887
41,reference_ols,metric/the_pile_stackexchange_val_loss,4.877947807312012,4.7141936681283605
41,reference_ols,metric/the_pile_gutenberg_pg_19_val_loss,5.280606746673584,5.550544209601886
41,reference_ols,metric/the_pile_pile_cc_val_loss,5.879600524902344,6.02123090788759
41,reference_ols,metric/the_pile_ubuntu_irc_val_loss,5.807758808135986,6.220696740915472
41,reference_ols,metric/the_pile_hackernews_val_loss,5.5165696144104,5.622503725722009
41,reference_ols,metric/the_pile_pubmed_abstracts_val_loss,5.912353515625,6.133544032863859
41,reference_ols,metric/the_pile_uspto_backgrounds_val_loss,5.507272720336914,5.776647762251831
42,reference_ols,metric/the_pile_arxiv_val_loss,5.103385925292969,5.128944879157235
42,reference_ols,metric/the_pile_freelaw_val_loss,5.81681489944458,5.362444701172026
42,reference_ols,metric/the_pile_pubmed_central_val_loss,4.879493713378906,4.869343510126177
42,reference_ols,metric/the_pile_wikipedia_en_val_loss,5.411044597625732,5.511675259946278
42,reference_ols,metric/the_pile_dm_mathematics_val_loss,2.4963607788085938,3.2440219892200925
42,reference_ols,metric/the_pile_github_val_loss,4.072724342346191,3.9883432503036405
42,reference_ols,metric/the_pile_stackexchange_val_loss,5.021194934844971,5.009458557549238
42,reference_ols,metric/the_pile_gutenberg_pg_19_val_loss,5.245903015136719,5.309782651818446
42,reference_ols,metric/the_pile_pile_cc_val_loss,5.814209938049316,5.813879096284869
42,reference_ols,metric/the_pile_ubuntu_irc_val_loss,7.312902450561523,6.044746147301544
42,reference_ols,metric/the_pile_hackernews_val_loss,4.897205829620361,4.786807783515824
42,reference_ols,metric/the_pile_pubmed_abstracts_val_loss,5.433531761169434,5.621624636970388
42,reference_ols,metric/the_pile_uspto_backgrounds_val_loss,4.587443828582764,4.750877429812659
43,reference_ols,metric/the_pile_arxiv_val_loss,3.9178929328918457,4.241848119726836
43,reference_ols,metric/the_pile_freelaw_val_loss,5.826865196228027,5.398507899538782
43,reference_ols,metric/the_pile_pubmed_central_val_loss,5.672890663146973,5.150169244519165
43,reference_ols,metric/the_pile_wikipedia_en_val_loss,5.243008136749268,5.605287441926826
43,reference_ols,metric/the_pile_dm_mathematics_val_loss,1.9641127586364744,2.152095008794081
43,reference_ols,metric/the_pile_github_val_loss,4.958409309387207,5.198387532159422
43,reference_ols,metric/the_pile_stackexchange_val_loss,4.631067276000977,4.961837219844101
43,reference_ols,metric/the_pile_gutenberg_pg_19_val_loss,4.851532936096191,4.958946583137767
43,reference_ols,metric/the_pile_pile_cc_val_loss,5.635731220245361,5.7400339614627045
43,reference_ols,metric/the_pile_ubuntu_irc_val_loss,7.241580486297607,6.8263816322068935
43,reference_ols,metric/the_pile_hackernews_val_loss,5.190623760223389,5.45952555236324
43,reference_ols,metric/the_pile_pubmed_abstracts_val_loss,5.716239929199219,5.63899362874976
43,reference_ols,metric/the_pile_uspto_backgrounds_val_loss,5.144834041595459,5.342414015529876
44,reference_ols,metric/the_pile_arxiv_val_loss,4.936156749725342,5.079360192987703
44,reference_ols,metric/the_pile_freelaw_val_loss,4.4209465980529785,5.183461143354482
44,reference_ols,metric/the_pile_pubmed_central_val_loss,4.081094264984131,4.028042636596387
44,reference_ols,metric/the_pile_wikipedia_en_val_loss,6.294333934783936,6.135001790902815
44,reference_ols,metric/the_pile_dm_mathematics_val_loss,2.0349221229553223,4.144517815200231
44,reference_ols,metric/the_pile_github_val_loss,4.572906017303467,5.581257377699195
44,reference_ols,metric/the_pile_stackexchange_val_loss,4.647099018096924,5.321520681033329
44,reference_ols,metric/the_pile_gutenberg_pg_19_val_loss,5.561471462249756,5.765960083755802
44,reference_ols,metric/the_pile_pile_cc_val_loss,5.9413371086120605,5.986176673165079
44,reference_ols,metric/the_pile_ubuntu_irc_val_loss,7.266517639160156,7.01269733745854
44,reference_ols,metric/the_pile_hackernews_val_loss,5.63517951965332,5.690636154236733
44,reference_ols,metric/the_pile_pubmed_abstracts_val_loss,5.1906046867370605,5.2219953751595405
44,reference_ols,metric/the_pile_uspto_backgrounds_val_loss,5.514040470123291,5.36057018961234
45,reference_ols,metric/the_pile_arxiv_val_loss,3.638108968734741,2.8053224768436253
45,reference_ols,metric/the_pile_freelaw_val_loss,5.1034135818481445,5.538318583615716
45,reference_ols,metric/the_pile_pubmed_central_val_loss,5.953833103179932,5.177054240778961
45,reference_ols,metric/the_pile_wikipedia_en_val_loss,6.57130241394043,6.230396187370266
45,reference_ols,metric/the_pile_dm_mathematics_val_loss,3.2984423637390137,3.789325408490207
45,reference_ols,metric/the_pile_github_val_loss,5.690601825714111,5.918586499045889
45,reference_ols,metric/the_pile_stackexchange_val_loss,5.021487236022949,5.493372568958294
45,reference_ols,metric/the_pile_gutenberg_pg_19_val_loss,5.967015266418457,5.803206103762867
45,reference_ols,metric/the_pile_pile_cc_val_loss,6.166713714599609,6.0316183199720905
45,reference_ols,metric/the_pile_ubuntu_irc_val_loss,7.760351181030273,7.078917986991714
45,reference_ols,metric/the_pile_hackernews_val_loss,5.840293884277344,5.766559941170011
45,reference_ols,metric/the_pile_pubmed_abstracts_val_loss,5.948450565338135,5.760608677159029
45,reference_ols,metric/the_pile_uspto_backgrounds_val_loss,5.693654537200928,5.417940821581716
46,reference_ols,metric/the_pile_arxiv_val_loss,4.831500053405762,5.301605555440447
46,reference_ols,metric/the_pile_freelaw_val_loss,4.930476188659668,5.415790211327422
46,reference_ols,metric/the_pile_pubmed_central_val_loss,4.141411304473877,4.46567234222844
46,reference_ols,metric/the_pile_wikipedia_en_val_loss,5.045565605163574,5.1139987715729
46,reference_ols,metric/the_pile_dm_mathematics_val_loss,3.4484519958496094,4.152194762110279
46,reference_ols,metric/the_pile_github_val_loss,4.71076250076294,5.520196543931231
46,reference_ols,metric/the_pile_stackexchange_val_loss,4.8421831130981445,5.483692586249285
46,reference_ols,metric/the_pile_gutenberg_pg_19_val_loss,5.125277996063232,5.49819605889185
46,reference_ols,metric/the_pile_pile_cc_val_loss,5.396003723144531,5.557603831456706
46,reference_ols,metric/the_pile_ubuntu_irc_val_loss,5.420391082763672,6.278243421611336
46,reference_ols,metric/the_pile_hackernews_val_loss,4.930731296539307,5.109561587569052
46,reference_ols,metric/the_pile_pubmed_abstracts_val_loss,5.00034761428833,5.217850789726511
46,reference_ols,metric/the_pile_uspto_backgrounds_val_loss,5.420869827270508,5.302201219260883
47,reference_ols,metric/the_pile_arxiv_val_loss,8.440932273864746,5.964506257023126
47,reference_ols,metric/the_pile_freelaw_val_loss,6.074766635894775,5.3026612143232805
47,reference_ols,metric/the_pile_pubmed_central_val_loss,6.765743732452393,5.242782945325573
47,reference_ols,metric/the_pile_wikipedia_en_val_loss,4.974913120269775,4.545999454813543
47,reference_ols,metric/the_pile_dm_mathematics_val_loss,2.968883991241455,3.414371492111891
47,reference_ols,metric/the_pile_github_val_loss,7.715780258178711,5.5912660990253595
47,reference_ols,metric/the_pile_stackexchange_val_loss,6.937915325164795,5.646714071497957
47,reference_ols,metric/the_pile_gutenberg_pg_19_val_loss,5.945170879364014,5.481702431318207
47,reference_ols,metric/the_pile_pile_cc_val_loss,5.751434326171875,5.536271722530072
47,reference_ols,metric/the_pile_ubuntu_irc_val_loss,5.861015319824219,6.625595105196218
47,reference_ols,metric/the_pile_hackernews_val_loss,5.153534412384033,5.16462784195387
47,reference_ols,metric/the_pile_pubmed_abstracts_val_loss,5.707162380218506,5.435362820553238
47,reference_ols,metric/the_pile_uspto_backgrounds_val_loss,4.353992938995361,4.064711512288225
48,reference_ols,metric/the_pile_arxiv_val_loss,4.1681437492370605,4.7829289324535935
48,reference_ols,metric/the_pile_freelaw_val_loss,6.259349346160889,5.798502333144795
48,reference_ols,metric/the_pile_pubmed_central_val_loss,4.611889362335205,4.760160792228978
48,reference_ols,metric/the_pile_wikipedia_en_val_loss,5.667662143707275,6.053374938663462
48,reference_ols,metric/the_pile_dm_mathematics_val_loss,5.244356632232666,4.556105558833748
48,reference_ols,metric/the_pile_github_val_loss,5.20815896987915,5.420495617471378
48,reference_ols,metric/the_pile_stackexchange_val_loss,4.357894420623779,4.79708106796196
48,reference_ols,metric/the_pile_gutenberg_pg_19_val_loss,5.897227764129639,5.809606406879952
48,reference_ols,metric/the_pile_pile_cc_val_loss,5.876132011413574,5.917592805630826
48,reference_ols,metric/the_pile_ubuntu_irc_val_loss,7.667821884155273,7.283633192556025
48,reference_ols,metric/the_pile_hackernews_val_loss,5.675467014312744,5.513971249388646
48,reference_ols,metric/the_pile_pubmed_abstracts_val_loss,5.309412002563477,5.447557002454857
48,reference_ols,metric/the_pile_uspto_backgrounds_val_loss,4.402518272399902,4.618405807066672
49,reference_ols,metric/the_pile_arxiv_val_loss,3.730212926864624,3.6568682475019294
49,reference_ols,metric/the_pile_freelaw_val_loss,4.436660289764404,5.105684539332402
49,reference_ols,metric/the_pile_pubmed_central_val_loss,6.001482009887695,5.405928865747327
49,reference_ols,metric/the_pile_wikipedia_en_val_loss,6.172852516174316,6.183833710292664
49,reference_ols,metric/the_pile_dm_mathematics_val_loss,5.698367595672607,4.273915018640821
49,reference_ols,metric/the_pile_github_val_loss,6.93580961227417,6.087123531134924
49,reference_ols,metric/the_pile_stackexchange_val_loss,6.398937702178955,5.766208826146853
49,reference_ols,metric/the_pile_gutenberg_pg_19_val_loss,5.574679851531982,5.685028743902218
49,reference_ols,metric/the_pile_pile_cc_val_loss,5.760085105895996,5.957109259899672
49,reference_ols,metric/the_pile_ubuntu_irc_val_loss,7.840114593505859,7.323368451815951
49,reference_ols,metric/the_pile_hackernews_val_loss,5.721960544586182,5.724534978342371
49,reference_ols,metric/the_pile_pubmed_abstracts_val_loss,5.851420879364014,5.734702646224313
49,reference_ols,metric/the_pile_uspto_backgrounds_val_loss,4.941415786743164,5.243014101100471
50,reference_ols,metric/the_pile_arxiv_val_loss,3.7966833114624015,3.9330559545052344
50,reference_ols,metric/the_pile_freelaw_val_loss,5.021888732910156,5.055550096513845
50,reference_ols,metric/the_pile_pubmed_central_val_loss,4.600696086883545,4.828993992898159
50,reference_ols,metric/the_pile_wikipedia_en_val_loss,5.298296451568604,5.297584402961667
50,reference_ols,metric/the_pile_dm_mathematics_val_loss,2.667093515396118,2.661318803566037
50,reference_ols,metric/the_pile_github_val_loss,6.491039276123047,5.742672278902397
50,reference_ols,metric/the_pile_stackexchange_val_loss,6.010045051574707,5.606205182811997
50,reference_ols,metric/the_pile_gutenberg_pg_19_val_loss,5.5225510597229,5.358373470136263
50,reference_ols,metric/the_pile_pile_cc_val_loss,5.685656547546387,5.5681870900003005
50,reference_ols,metric/the_pile_ubuntu_irc_val_loss,6.783571720123291,6.1684554336032775
50,reference_ols,metric/the_pile_hackernews_val_loss,4.8601508140563965,4.731136898135366
50,reference_ols,metric/the_pile_pubmed_abstracts_val_loss,5.374444007873535,5.389748525089781
50,reference_ols,metric/the_pile_uspto_backgrounds_val_loss,4.758020877838135,5.0785058500149916
51,reference_ols,metric/the_pile_arxiv_val_loss,5.532787799835205,5.335602904909824
51,reference_ols,metric/the_pile_freelaw_val_loss,6.527656078338623,6.057257107743597
51,reference_ols,metric/the_pile_pubmed_central_val_loss,5.950851917266846,5.687177754734551
51,reference_ols,metric/the_pile_wikipedia_en_val_loss,6.630948543548584,6.455011705717177
51,reference_ols,metric/the_pile_dm_mathematics_val_loss,5.167536735534668,5.144684467327791
51,reference_ols,metric/the_pile_github_val_loss,3.798149824142456,3.2813067829431706
51,reference_ols,metric/the_pile_stackexchange_val_loss,4.503209114074707,4.346350834286009
51,reference_ols,metric/the_pile_gutenberg_pg_19_val_loss,6.162086009979248,5.785093391495283
51,reference_ols,metric/the_pile_pile_cc_val_loss,6.187751293182373,6.076289644084456
51,reference_ols,metric/the_pile_ubuntu_irc_val_loss,7.340127944946289,6.72905585198487
51,reference_ols,metric/the_pile_hackernews_val_loss,5.700646877288818,5.587563835930553
51,reference_ols,metric/the_pile_pubmed_abstracts_val_loss,4.946561813354492,5.434420766067452
51,reference_ols,metric/the_pile_uspto_backgrounds_val_loss,5.756894588470459,5.698233931416313
52,reference_ols,metric/the_pile_arxiv_val_loss,4.392882823944092,5.83395040895735
52,reference_ols,metric/the_pile_freelaw_val_loss,4.020063877105713,3.9572127674408746
52,reference_ols,metric/the_pile_pubmed_central_val_loss,5.173309326171875,5.614572628835426
52,reference_ols,metric/the_pile_wikipedia_en_val_loss,6.295225143432617,6.200221338279782
52,reference_ols,metric/the_pile_dm_mathematics_val_loss,2.4080824851989746,4.781137042769321
52,reference_ols,metric/the_pile_github_val_loss,5.564821720123291,5.825582551880722
52,reference_ols,metric/the_pile_stackexchange_val_loss,5.0122971534729,5.644712436273476
52,reference_ols,metric/the_pile_gutenberg_pg_19_val_loss,5.199732780456543,5.341326006289291
52,reference_ols,metric/the_pile_pile_cc_val_loss,5.959908962249756,5.923932149240317
52,reference_ols,metric/the_pile_ubuntu_irc_val_loss,7.7769455909729,7.636793596001449
52,reference_ols,metric/the_pile_hackernews_val_loss,5.533198356628418,5.657384082376666
52,reference_ols,metric/the_pile_pubmed_abstracts_val_loss,4.907405376434326,5.130202727953424
52,reference_ols,metric/the_pile_uspto_backgrounds_val_loss,4.65257453918457,4.973167929312918
53,reference_ols,metric/the_pile_arxiv_val_loss,7.007149696350098,6.419085092596813
53,reference_ols,metric/the_pile_freelaw_val_loss,3.991276979446411,3.718255204477041
53,reference_ols,metric/the_pile_pubmed_central_val_loss,5.402833938598633,5.713166971345587
53,reference_ols,metric/the_pile_wikipedia_en_val_loss,6.188725471496582,6.198911299627135
53,reference_ols,metric/the_pile_dm_mathematics_val_loss,3.207134962081909,4.973585072495229
53,reference_ols,metric/the_pile_github_val_loss,5.462283134460449,6.07437203135595
53,reference_ols,metric/the_pile_stackexchange_val_loss,5.98594331741333,6.041304009019745
53,reference_ols,metric/the_pile_gutenberg_pg_19_val_loss,5.365267276763916,5.388752590001208
53,reference_ols,metric/the_pile_pile_cc_val_loss,6.085532188415527,5.964228786889845
53,reference_ols,metric/the_pile_ubuntu_irc_val_loss,7.815812587738037,7.638822621919461
53,reference_ols,metric/the_pile_hackernews_val_loss,5.907251834869385,5.740970565099413
53,reference_ols,metric/the_pile_pubmed_abstracts_val_loss,5.463828086853027,5.527024540848067
53,reference_ols,metric/the_pile_uspto_backgrounds_val_loss,4.415454387664795,4.454718563348439
54,reference_ols,metric/the_pile_arxiv_val_loss,4.346701622009277,5.37552035300249
54,reference_ols,metric/the_pile_freelaw_val_loss,5.3779706954956055,5.264924365014845
54,reference_ols,metric/the_pile_pubmed_central_val_loss,5.9593939781188965,6.1860831000498475
54,reference_ols,metric/the_pile_wikipedia_en_val_loss,5.633344650268555,5.552543466036876
54,reference_ols,metric/the_pile_dm_mathematics_val_loss,3.2429494857788086,5.431153097598106
54,reference_ols,metric/the_pile_github_val_loss,5.463810443878174,6.12904472232805
54,reference_ols,metric/the_pile_stackexchange_val_loss,5.523324966430664,5.7229930346665165
54,reference_ols,metric/the_pile_gutenberg_pg_19_val_loss,5.239508152008057,5.181645356227714
54,reference_ols,metric/the_pile_pile_cc_val_loss,5.1780619621276855,5.065094405105895
54,reference_ols,metric/the_pile_ubuntu_irc_val_loss,7.30163049697876,7.163219253854766
54,reference_ols,metric/the_pile_hackernews_val_loss,5.134288787841797,5.041547843309342
54,reference_ols,metric/the_pile_pubmed_abstracts_val_loss,5.7298102378845215,5.693900674278423
54,reference_ols,metric/the_pile_uspto_backgrounds_val_loss,4.760405540466309,5.074174437449507
55,reference_ols,metric/the_pile_arxiv_val_loss,4.241799354553223,5.3805758090860385
55,reference_ols,metric/the_pile_freelaw_val_loss,4.076106548309326,4.248431900551521
55,reference_ols,metric/the_pile_pubmed_central_val_loss,5.621786594390869,5.542856694162222
55,reference_ols,metric/the_pile_wikipedia_en_val_loss,6.162235736846924,6.164166064659947
55,reference_ols,metric/the_pile_dm_mathematics_val_loss,5.391995906829834,4.990993320910138
55,reference_ols,metric/the_pile_github_val_loss,5.376951694488525,5.622027467301275
55,reference_ols,metric/the_pile_stackexchange_val_loss,4.80318546295166,5.385428443964827
55,reference_ols,metric/the_pile_gutenberg_pg_19_val_loss,5.207559585571289,5.35436327774133
55,reference_ols,metric/the_pile_pile_cc_val_loss,5.744707584381104,5.878494702949192
55,reference_ols,metric/the_pile_ubuntu_irc_val_loss,7.082707405090332,7.423354346155699
55,reference_ols,metric/the_pile_hackernews_val_loss,5.2026472091674805,5.575436902382838
55,reference_ols,metric/the_pile_pubmed_abstracts_val_loss,4.755011558532715,4.8666371728655475
55,reference_ols,metric/the_pile_uspto_backgrounds_val_loss,5.45875358581543,5.268401011920275
56,reference_ols,metric/the_pile_arxiv_val_loss,4.411746025085449,5.238924429614908
56,reference_ols,metric/the_pile_freelaw_val_loss,5.112115859985352,5.243612576143669
56,reference_ols,metric/the_pile_pubmed_central_val_loss,4.897669792175293,5.430562192111722
56,reference_ols,metric/the_pile_wikipedia_en_val_loss,5.797713279724121,5.717919547848128
56,reference_ols,metric/the_pile_dm_mathematics_val_loss,2.632209300994873,3.664048808346191
56,reference_ols,metric/the_pile_github_val_loss,5.026473045349121,5.269559599962398
56,reference_ols,metric/the_pile_stackexchange_val_loss,4.733946800231934,5.187671208854328
56,reference_ols,metric/the_pile_gutenberg_pg_19_val_loss,4.797581195831299,4.831829397077341
56,reference_ols,metric/the_pile_pile_cc_val_loss,5.312499046325684,5.446432359115018
56,reference_ols,metric/the_pile_ubuntu_irc_val_loss,5.271421432495117,6.102408714952178
56,reference_ols,metric/the_pile_hackernews_val_loss,4.892145156860352,5.124387788906352
56,reference_ols,metric/the_pile_pubmed_abstracts_val_loss,5.140616416931152,5.471879653610036
56,reference_ols,metric/the_pile_uspto_backgrounds_val_loss,4.490816116333008,4.767131133118744
57,reference_ols,metric/the_pile_arxiv_val_loss,6.986747741699219,5.663810891482755
57,reference_ols,metric/the_pile_freelaw_val_loss,5.346676349639893,5.227272764189857
57,reference_ols,metric/the_pile_pubmed_central_val_loss,6.521917343139648,6.217197507961941
57,reference_ols,metric/the_pile_wikipedia_en_val_loss,5.615074157714844,5.426257876934937
57,reference_ols,metric/the_pile_dm_mathematics_val_loss,5.778436183929443,5.441449815458425
57,reference_ols,metric/the_pile_github_val_loss,6.708127975463867,6.1118179591272135
57,reference_ols,metric/the_pile_stackexchange_val_loss,6.087891101837158,5.7439326656141185
57,reference_ols,metric/the_pile_gutenberg_pg_19_val_loss,4.775575160980225,4.7044065249290705
57,reference_ols,metric/the_pile_pile_cc_val_loss,5.14619779586792,4.950937758052336
57,reference_ols,metric/the_pile_ubuntu_irc_val_loss,7.10297155380249,7.145197887221075
57,reference_ols,metric/the_pile_hackernews_val_loss,5.194708824157715,4.967546492923285
57,reference_ols,metric/the_pile_pubmed_abstracts_val_loss,5.865085124969482,5.697573842058113
57,reference_ols,metric/the_pile_uspto_backgrounds_val_loss,5.405097007751465,5.306091712952384
58,reference_ols,metric/the_pile_arxiv_val_loss,4.8471198081970215,5.671353714110564
58,reference_ols,metric/the_pile_freelaw_val_loss,5.378610610961914,5.359180886825624
58,reference_ols,metric/the_pile_pubmed_central_val_loss,5.90403413772583,6.1949930860549935
58,reference_ols,metric/the_pile_wikipedia_en_val_loss,5.149438858032227,5.361945280942007
58,reference_ols,metric/the_pile_dm_mathematics_val_loss,5.416506290435791,5.374915388225688
58,reference_ols,metric/the_pile_github_val_loss,4.455813407897949,5.6331553544140265
58,reference_ols,metric/the_pile_stackexchange_val_loss,5.100099563598633,5.549017566642954
58,reference_ols,metric/the_pile_gutenberg_pg_19_val_loss,5.167911052703857,5.1937721860846064
58,reference_ols,metric/the_pile_pile_cc_val_loss,5.20856237411499,5.1180130319018255
58,reference_ols,metric/the_pile_ubuntu_irc_val_loss,7.295760154724121,6.9826560482190905
58,reference_ols,metric/the_pile_hackernews_val_loss,5.22182035446167,5.0607324465348
58,reference_ols,metric/the_pile_pubmed_abstracts_val_loss,5.887460231781006,5.770377164457348
58,reference_ols,metric/the_pile_uspto_backgrounds_val_loss,5.430573463439941,5.353073969282876
59,reference_ols,metric/the_pile_arxiv_val_loss,3.9652984142303462,4.18896054122434
59,reference_ols,metric/the_pile_freelaw_val_loss,6.612681865692139,5.7574653093122405
59,reference_ols,metric/the_pile_pubmed_central_val_loss,3.9468679428100586,3.4630635032261954
59,reference_ols,metric/the_pile_wikipedia_en_val_loss,6.555839538574219,6.190725652269851
59,reference_ols,metric/the_pile_dm_mathematics_val_loss,5.376868724822998,4.547128502322103
59,reference_ols,metric/the_pile_github_val_loss,5.957604885101318,6.0225718371763834
59,reference_ols,metric/the_pile_stackexchange_val_loss,5.43524169921875,5.545450692212022
59,reference_ols,metric/the_pile_gutenberg_pg_19_val_loss,6.635313034057617,5.961726694963237
59,reference_ols,metric/the_pile_pile_cc_val_loss,6.283211708068848,6.00089304255402
59,reference_ols,metric/the_pile_ubuntu_irc_val_loss,7.90532922744751,7.1445082224981515
59,reference_ols,metric/the_pile_hackernews_val_loss,6.110487937927246,5.698619157093826
59,reference_ols,metric/the_pile_pubmed_abstracts_val_loss,4.728593826293945,4.620760142545477
59,reference_ols,metric/the_pile_uspto_backgrounds_val_loss,5.506335735321045,5.321459596366518
60,reference_ols,metric/the_pile_arxiv_val_loss,3.908792018890381,3.8409249224898736
60,reference_ols,metric/the_pile_freelaw_val_loss,6.167742729187012,5.802833402257105
60,reference_ols,metric/the_pile_pubmed_central_val_loss,4.469869136810303,4.921238559103032
60,reference_ols,metric/the_pile_wikipedia_en_val_loss,6.070940971374512,6.096246774882748
60,reference_ols,metric/the_pile_dm_mathematics_val_loss,5.220755577087402,4.213205007633783
60,reference_ols,metric/the_pile_github_val_loss,4.680066108703613,5.028633462408334
60,reference_ols,metric/the_pile_stackexchange_val_loss,4.287607192993164,4.443417448142702
60,reference_ols,metric/the_pile_gutenberg_pg_19_val_loss,5.089911460876465,5.452584743426025
60,reference_ols,metric/the_pile_pile_cc_val_loss,5.978978157043457,5.922524075121814
60,reference_ols,metric/the_pile_ubuntu_irc_val_loss,7.068933010101318,6.864485484964387
60,reference_ols,metric/the_pile_hackernews_val_loss,5.550899982452393,5.567297964538984
60,reference_ols,metric/the_pile_pubmed_abstracts_val_loss,5.132067680358887,5.540824331456897
60,reference_ols,metric/the_pile_uspto_backgrounds_val_loss,5.589742183685303,5.441195466020684
61,reference_ols,metric/the_pile_arxiv_val_loss,4.552950382232666,4.820208631323595
61,reference_ols,metric/the_pile_freelaw_val_loss,4.252624988555908,4.767047292855262
61,reference_ols,metric/the_pile_pubmed_central_val_loss,5.622159957885742,5.137784014767358
61,reference_ols,metric/the_pile_wikipedia_en_val_loss,5.93869686126709,5.751812610311649
61,reference_ols,metric/the_pile_dm_mathematics_val_loss,3.5106608867645264,4.2272620882706375
61,reference_ols,metric/the_pile_github_val_loss,4.733158111572266,4.871034759828245
61,reference_ols,metric/the_pile_stackexchange_val_loss,4.370215892791748,4.651396366792758
61,reference_ols,metric/the_pile_gutenberg_pg_19_val_loss,5.459442615509033,5.264502461642884
61,reference_ols,metric/the_pile_pile_cc_val_loss,5.723842620849609,5.687501907862345
61,reference_ols,metric/the_pile_ubuntu_irc_val_loss,7.355634689331055,7.152122523209322
61,reference_ols,metric/the_pile_hackernews_val_loss,4.793247699737549,4.6106930737539376
61,reference_ols,metric/the_pile_pubmed_abstracts_val_loss,4.70800256729126,4.7229659991107615
61,reference_ols,metric/the_pile_uspto_backgrounds_val_loss,5.441554546356201,5.169967500100233
62,reference_ols,metric/the_pile_arxiv_val_loss,4.182930946350098,4.745396403594167
62,reference_ols,metric/the_pile_freelaw_val_loss,5.533852577209473,5.632735138828271
62,reference_ols,metric/the_pile_pubmed_central_val_loss,4.20123291015625,4.322238906005912
62,reference_ols,metric/the_pile_wikipedia_en_val_loss,5.881320476531982,6.089894222625862
62,reference_ols,metric/the_pile_dm_mathematics_val_loss,3.036623239517212,4.032255694778973
62,reference_ols,metric/the_pile_github_val_loss,4.398690700531006,5.182332930099287
62,reference_ols,metric/the_pile_stackexchange_val_loss,4.46083402633667,4.873763591127881
62,reference_ols,metric/the_pile_gutenberg_pg_19_val_loss,6.00164794921875,5.80395104504448
62,reference_ols,metric/the_pile_pile_cc_val_loss,5.90737771987915,5.930288650280624
62,reference_ols,metric/the_pile_ubuntu_irc_val_loss,5.824794769287109,6.285284918064628
62,reference_ols,metric/the_pile_hackernews_val_loss,5.685764789581299,5.663465824293423
62,reference_ols,metric/the_pile_pubmed_abstracts_val_loss,5.2286224365234375,5.3844576394700665
62,reference_ols,metric/the_pile_uspto_backgrounds_val_loss,4.514894962310791,4.876018183467603
63,reference_ols,metric/the_pile_arxiv_val_loss,4.488585948944092,4.3631543035457145
63,reference_ols,metric/the_pile_freelaw_val_loss,4.885903358459473,5.719448979446902
63,reference_ols,metric/the_pile_pubmed_central_val_loss,5.504492282867432,5.036799532609669
63,reference_ols,metric/the_pile_wikipedia_en_val_loss,6.050186634063721,6.218429802115479
63,reference_ols,metric/the_pile_dm_mathematics_val_loss,5.163731098175049,4.863658330105977
63,reference_ols,metric/the_pile_github_val_loss,5.030057430267334,4.610879622637658
63,reference_ols,metric/the_pile_stackexchange_val_loss,4.398993968963623,4.185172064880522
63,reference_ols,metric/the_pile_gutenberg_pg_19_val_loss,5.353765964508057,5.627974146084688
63,reference_ols,metric/the_pile_pile_cc_val_loss,5.584300518035889,5.841271675398321
63,reference_ols,metric/the_pile_ubuntu_irc_val_loss,6.357541561126709,7.0501003383806555
63,reference_ols,metric/the_pile_hackernews_val_loss,5.351061820983887,5.473488569301073
63,reference_ols,metric/the_pile_pubmed_abstracts_val_loss,4.4324951171875,3.929653866401197
63,reference_ols,metric/the_pile_uspto_backgrounds_val_loss,4.8310980796813965,5.030906821925954
64,reference_ols,metric/the_pile_arxiv_val_loss,3.7678377628326416,3.539737085212184
64,reference_ols,metric/the_pile_freelaw_val_loss,5.612824440002441,5.674402851725955
64,reference_ols,metric/the_pile_pubmed_central_val_loss,4.211578369140625,4.392863711544984
64,reference_ols,metric/the_pile_wikipedia_en_val_loss,6.416480541229248,6.214335612068409
64,reference_ols,metric/the_pile_dm_mathematics_val_loss,3.821753978729248,4.288073372004874
64,reference_ols,metric/the_pile_github_val_loss,5.0211992263793945,5.932056113905768
64,reference_ols,metric/the_pile_stackexchange_val_loss,5.538304328918457,5.6503542767685255
64,reference_ols,metric/the_pile_gutenberg_pg_19_val_loss,6.066100120544434,5.915152569213256
64,reference_ols,metric/the_pile_pile_cc_val_loss,6.019536018371582,6.039808788971845
64,reference_ols,metric/the_pile_ubuntu_irc_val_loss,5.850015640258789,6.837543937485884
64,reference_ols,metric/the_pile_hackernews_val_loss,5.862129211425781,5.7805450279096515
64,reference_ols,metric/the_pile_pubmed_abstracts_val_loss,5.237085342407227,5.431752105731072
64,reference_ols,metric/the_pile_uspto_backgrounds_val_loss,5.148263454437256,5.356534621082028
65,reference_ols,metric/the_pile_arxiv_val_loss,4.367419719696045,5.378719735752959
65,reference_ols,metric/the_pile_freelaw_val_loss,4.768552303314209,5.167996592028872
65,reference_ols,metric/the_pile_pubmed_central_val_loss,5.992532730102539,6.123841383172194
65,reference_ols,metric/the_pile_wikipedia_en_val_loss,5.539706707000732,5.475452911657996
65,reference_ols,metric/the_pile_dm_mathematics_val_loss,5.5456085205078125,5.305435613255178
65,reference_ols,metric/the_pile_github_val_loss,6.113979339599609,6.105664000768902
65,reference_ols,metric/the_pile_stackexchange_val_loss,5.528487205505371,5.740498636351611
65,reference_ols,metric/the_pile_gutenberg_pg_19_val_loss,4.915516376495361,4.940958967048413
65,reference_ols,metric/the_pile_pile_cc_val_loss,5.18274450302124,5.045632713522133
65,reference_ols,metric/the_pile_ubuntu_irc_val_loss,7.270689487457275,7.15257274574719
65,reference_ols,metric/the_pile_hackernews_val_loss,4.866237163543701,4.936644461102635
65,reference_ols,metric/the_pile_pubmed_abstracts_val_loss,5.7557573318481445,5.684738246553301
65,reference_ols,metric/the_pile_uspto_backgrounds_val_loss,5.115623474121094,5.249094437526951
66,reference_ols,metric/the_pile_arxiv_val_loss,5.594398498535156,5.298655906754978
66,reference_ols,metric/the_pile_freelaw_val_loss,5.503512859344482,5.359502338350687
66,reference_ols,metric/the_pile_pubmed_central_val_loss,4.692560195922852,5.627243149143018
66,reference_ols,metric/the_pile_wikipedia_en_val_loss,5.6902289390563965,5.753437205449969
66,reference_ols,metric/the_pile_dm_mathematics_val_loss,5.406549453735352,5.076620601210722
66,reference_ols,metric/the_pile_github_val_loss,5.350276947021484,5.625523040743414
66,reference_ols,metric/the_pile_stackexchange_val_loss,4.91867733001709,5.344393549759145
66,reference_ols,metric/the_pile_gutenberg_pg_19_val_loss,5.266021728515625,5.347931408747015
66,reference_ols,metric/the_pile_pile_cc_val_loss,5.253047466278076,5.365497574522289
66,reference_ols,metric/the_pile_ubuntu_irc_val_loss,7.127767086029053,6.844646642030559
66,reference_ols,metric/the_pile_hackernews_val_loss,5.073119640350342,5.26987727276629
66,reference_ols,metric/the_pile_pubmed_abstracts_val_loss,4.9237961769104,5.284889657634741
66,reference_ols,metric/the_pile_uspto_backgrounds_val_loss,4.447439670562744,4.598382991464877
67,reference_ols,metric/the_pile_arxiv_val_loss,5.390546798706055,5.96769993088412
67,reference_ols,metric/the_pile_freelaw_val_loss,4.57432746887207,5.157350685203926
67,reference_ols,metric/the_pile_pubmed_central_val_loss,5.041927814483643,5.473574496697132
67,reference_ols,metric/the_pile_wikipedia_en_val_loss,4.916013240814209,4.847599413077784
67,reference_ols,metric/the_pile_dm_mathematics_val_loss,2.080146312713623,3.344639274471581
67,reference_ols,metric/the_pile_github_val_loss,4.720692157745361,5.468021072584812
67,reference_ols,metric/the_pile_stackexchange_val_loss,5.42894172668457,5.660611390768637
67,reference_ols,metric/the_pile_gutenberg_pg_19_val_loss,5.018121719360352,5.299115698415182
67,reference_ols,metric/the_pile_pile_cc_val_loss,5.65629768371582,5.632072445417994
67,reference_ols,metric/the_pile_ubuntu_irc_val_loss,7.789737224578857,7.123417096049046
67,reference_ols,metric/the_pile_hackernews_val_loss,5.236750602722168,5.383798475449548
67,reference_ols,metric/the_pile_pubmed_abstracts_val_loss,5.5527873039245605,5.576388935771116
67,reference_ols,metric/the_pile_uspto_backgrounds_val_loss,4.470640182495117,4.603520661628179
68,reference_ols,metric/the_pile_arxiv_val_loss,5.465458393096924,5.1758485959145295
68,reference_ols,metric/the_pile_freelaw_val_loss,5.229877948760986,5.014397879862713
68,reference_ols,metric/the_pile_pubmed_central_val_loss,6.007363319396973,5.672749933334655
68,reference_ols,metric/the_pile_wikipedia_en_val_loss,5.731409072875977,5.6613463504991275
68,reference_ols,metric/the_pile_dm_mathematics_val_loss,1.8064392805099487,0.6354854554990483
68,reference_ols,metric/the_pile_github_val_loss,5.076081275939941,5.122916405058968
68,reference_ols,metric/the_pile_stackexchange_val_loss,4.749902248382568,4.770146263488964
68,reference_ols,metric/the_pile_gutenberg_pg_19_val_loss,4.843120098114014,4.72364092413257
68,reference_ols,metric/the_pile_pile_cc_val_loss,5.298006057739258,5.248791217206225
68,reference_ols,metric/the_pile_ubuntu_irc_val_loss,7.309943675994873,6.179416309790443
68,reference_ols,metric/the_pile_hackernews_val_loss,5.241468906402588,5.118276854493488
68,reference_ols,metric/the_pile_pubmed_abstracts_val_loss,5.101186275482178,5.27755700521167
68,reference_ols,metric/the_pile_uspto_backgrounds_val_loss,5.396442890167236,5.344979376839696
69,reference_ols,metric/the_pile_arxiv_val_loss,5.909402370452881,5.38868669578825
69,reference_ols,metric/the_pile_freelaw_val_loss,5.473536491394043,5.165257526901145
69,reference_ols,metric/the_pile_pubmed_central_val_loss,6.408538818359375,6.070544438039864
69,reference_ols,metric/the_pile_wikipedia_en_val_loss,5.650169372558594,5.403345845235806
69,reference_ols,metric/the_pile_dm_mathematics_val_loss,5.787696361541748,4.998065814886811
69,reference_ols,metric/the_pile_github_val_loss,6.486886978149414,5.660074770364179
69,reference_ols,metric/the_pile_stackexchange_val_loss,5.945801734924316,5.371170153620458
69,reference_ols,metric/the_pile_gutenberg_pg_19_val_loss,5.227286815643311,5.0949413105945105
69,reference_ols,metric/the_pile_pile_cc_val_loss,5.097600936889648,4.9337996585414
69,reference_ols,metric/the_pile_ubuntu_irc_val_loss,5.073175430297852,5.561529635513103
69,reference_ols,metric/the_pile_hackernews_val_loss,4.861169338226318,4.882784324753327
69,reference_ols,metric/the_pile_pubmed_abstracts_val_loss,5.861124038696289,5.756693221237833
69,reference_ols,metric/the_pile_uspto_backgrounds_val_loss,5.427541255950928,5.232549001026273
70,reference_ols,metric/the_pile_arxiv_val_loss,5.791354656219482,4.90242152650275
70,reference_ols,metric/the_pile_freelaw_val_loss,6.508427619934082,5.801791511150451
70,reference_ols,metric/the_pile_pubmed_central_val_loss,3.8435235023498535,2.863589545445807
70,reference_ols,metric/the_pile_wikipedia_en_val_loss,6.47025728225708,6.048989421887466
70,reference_ols,metric/the_pile_dm_mathematics_val_loss,5.707548141479492,5.29849831184612
70,reference_ols,metric/the_pile_github_val_loss,7.632749080657959,6.272710600907547
70,reference_ols,metric/the_pile_stackexchange_val_loss,6.859847068786621,5.913515505743834
70,reference_ols,metric/the_pile_gutenberg_pg_19_val_loss,6.065375328063965,5.99402557884377
70,reference_ols,metric/the_pile_pile_cc_val_loss,6.09637451171875,5.942807068122882
70,reference_ols,metric/the_pile_ubuntu_irc_val_loss,7.978414535522461,7.266760265152268
70,reference_ols,metric/the_pile_hackernews_val_loss,5.197091102600098,5.478437611566939
70,reference_ols,metric/the_pile_pubmed_abstracts_val_loss,4.642446041107178,4.309117149597855
70,reference_ols,metric/the_pile_uspto_backgrounds_val_loss,5.503211975097656,5.264893792668324
71,reference_ols,metric/the_pile_arxiv_val_loss,5.805180549621582,5.690721979673793
71,reference_ols,metric/the_pile_freelaw_val_loss,5.130552768707275,5.572705810842075
71,reference_ols,metric/the_pile_pubmed_central_val_loss,4.548441410064697,5.224264776690515
71,reference_ols,metric/the_pile_wikipedia_en_val_loss,6.210517883300781,6.0616625072337795
71,reference_ols,metric/the_pile_dm_mathematics_val_loss,5.367944240570068,4.456003824520118
71,reference_ols,metric/the_pile_github_val_loss,3.9631152153015137,4.24611583648472
71,reference_ols,metric/the_pile_stackexchange_val_loss,4.977492809295654,5.294605153436352
71,reference_ols,metric/the_pile_gutenberg_pg_19_val_loss,5.732695579528809,5.609765100281534
71,reference_ols,metric/the_pile_pile_cc_val_loss,5.959261417388916,5.927974536192854
71,reference_ols,metric/the_pile_ubuntu_irc_val_loss,7.276486873626709,6.935495391874558
71,reference_ols,metric/the_pile_hackernews_val_loss,4.988574504852295,5.03365220160305
71,reference_ols,metric/the_pile_pubmed_abstracts_val_loss,5.318973064422607,5.589314217807276
71,reference_ols,metric/the_pile_uspto_backgrounds_val_loss,4.468218803405762,4.718780030716143
72,reference_ols,metric/the_pile_arxiv_val_loss,4.5284104347229,4.893113150449206
72,reference_ols,metric/the_pile_freelaw_val_loss,5.021412372589111,5.417130686814219
72,reference_ols,metric/the_pile_pubmed_central_val_loss,4.184553623199463,4.488502855726895
72,reference_ols,metric/the_pile_wikipedia_en_val_loss,5.882453441619873,6.0137841207052425
72,reference_ols,metric/the_pile_dm_mathematics_val_loss,1.8943628072738647,2.2750454846440724
72,reference_ols,metric/the_pile_github_val_loss,4.313271522521973,4.7864536192965526
72,reference_ols,metric/the_pile_stackexchange_val_loss,4.894092082977295,5.1831038206042015
72,reference_ols,metric/the_pile_gutenberg_pg_19_val_loss,5.143965721130371,5.485369007760773
72,reference_ols,metric/the_pile_pile_cc_val_loss,5.676901817321777,5.873535114826885
72,reference_ols,metric/the_pile_ubuntu_irc_val_loss,5.29446268081665,6.000551448703067
72,reference_ols,metric/the_pile_hackernews_val_loss,5.078130722045898,5.3908974188752925
72,reference_ols,metric/the_pile_pubmed_abstracts_val_loss,5.139644622802734,5.399190966571926
72,reference_ols,metric/the_pile_uspto_backgrounds_val_loss,5.18558931350708,5.337377485405385
73,reference_ols,metric/the_pile_arxiv_val_loss,5.847026348114014,5.559834869271054
73,reference_ols,metric/the_pile_freelaw_val_loss,4.17090368270874,4.446414724059908
73,reference_ols,metric/the_pile_pubmed_central_val_loss,5.992398738861084,5.608953280825479
73,reference_ols,metric/the_pile_wikipedia_en_val_loss,5.216383934020996,5.683686456539577
73,reference_ols,metric/the_pile_dm_mathematics_val_loss,1.9412392377853396,3.0745426687302997
73,reference_ols,metric/the_pile_github_val_loss,4.58021354675293,5.0438291666545165
73,reference_ols,metric/the_pile_stackexchange_val_loss,5.256517887115479,5.326676341998325
73,reference_ols,metric/the_pile_gutenberg_pg_19_val_loss,5.497099876403809,5.371147121756713
73,reference_ols,metric/the_pile_pile_cc_val_loss,5.770963668823242,5.817728031076618
73,reference_ols,metric/the_pile_ubuntu_irc_val_loss,7.71484375,7.28905535340722
73,reference_ols,metric/the_pile_hackernews_val_loss,5.143347263336182,5.4051192520801505
73,reference_ols,metric/the_pile_pubmed_abstracts_val_loss,4.813568115234375,5.02354653956288
73,reference_ols,metric/the_pile_uspto_backgrounds_val_loss,5.390801906585693,5.183756814559409
74,reference_ols,metric/the_pile_arxiv_val_loss,3.7244694232940674,3.3746024875304568
74,reference_ols,metric/the_pile_freelaw_val_loss,6.008955001831055,5.646327140849049
74,reference_ols,metric/the_pile_pubmed_central_val_loss,5.015145301818848,5.32497317487379
74,reference_ols,metric/the_pile_wikipedia_en_val_loss,5.551737308502197,5.983758198435567
74,reference_ols,metric/the_pile_dm_mathematics_val_loss,2.213706970214844,3.910554684316864
74,reference_ols,metric/the_pile_github_val_loss,5.282707214355469,5.605115027172977
74,reference_ols,metric/the_pile_stackexchange_val_loss,4.475081920623779,5.110724135435435
74,reference_ols,metric/the_pile_gutenberg_pg_19_val_loss,5.738177299499512,5.7158486887665525
74,reference_ols,metric/the_pile_pile_cc_val_loss,5.699779510498047,5.882409939216089
74,reference_ols,metric/the_pile_ubuntu_irc_val_loss,7.424002647399902,7.13695629619499
74,reference_ols,metric/the_pile_hackernews_val_loss,5.224193096160889,5.5448830580761195
74,reference_ols,metric/the_pile_pubmed_abstracts_val_loss,5.95237922668457,5.817011070243662
74,reference_ols,metric/the_pile_uspto_backgrounds_val_loss,5.634478092193604,5.401804039932325
75,reference_ols,metric/the_pile_arxiv_val_loss,5.42728853225708,5.739396128049093
75,reference_ols,metric/the_pile_freelaw_val_loss,4.204982280731201,4.537181318300862
75,reference_ols,metric/the_pile_pubmed_central_val_loss,4.609395503997803,5.069024897226444
75,reference_ols,metric/the_pile_wikipedia_en_val_loss,5.887691497802734,5.935598672401057
75,reference_ols,metric/the_pile_dm_mathematics_val_loss,2.625043630599976,3.938906656680542
75,reference_ols,metric/the_pile_github_val_loss,5.196339130401611,5.570979775146279
75,reference_ols,metric/the_pile_stackexchange_val_loss,4.854483604431152,5.374330015605801
75,reference_ols,metric/the_pile_gutenberg_pg_19_val_loss,4.809972286224365,4.776408505751868
75,reference_ols,metric/the_pile_pile_cc_val_loss,5.567836761474609,5.747192754191432
75,reference_ols,metric/the_pile_ubuntu_irc_val_loss,5.589648246765137,6.173579662369702
75,reference_ols,metric/the_pile_hackernews_val_loss,5.45860481262207,5.621613121773125
75,reference_ols,metric/the_pile_pubmed_abstracts_val_loss,5.546303749084473,5.492181403190165
75,reference_ols,metric/the_pile_uspto_backgrounds_val_loss,4.684337139129639,5.103835322303052
76,reference_ols,metric/the_pile_arxiv_val_loss,3.808625459671021,4.29131190687527
76,reference_ols,metric/the_pile_freelaw_val_loss,4.172271728515625,4.503700926519427
76,reference_ols,metric/the_pile_pubmed_central_val_loss,6.025245189666748,5.590627653566218
76,reference_ols,metric/the_pile_wikipedia_en_val_loss,6.417995452880859,6.210386337758902
76,reference_ols,metric/the_pile_dm_mathematics_val_loss,2.156200408935547,4.200784682507371
76,reference_ols,metric/the_pile_github_val_loss,7.242442607879639,6.102457464616642
76,reference_ols,metric/the_pile_stackexchange_val_loss,6.76452112197876,5.891127892480397
76,reference_ols,metric/the_pile_gutenberg_pg_19_val_loss,5.294261932373047,5.5230538220047505
76,reference_ols,metric/the_pile_pile_cc_val_loss,6.112255573272705,6.003232391171211
76,reference_ols,metric/the_pile_ubuntu_irc_val_loss,8.157010078430176,7.502968014619571
76,reference_ols,metric/the_pile_hackernews_val_loss,5.967411994934082,5.768643208270617
76,reference_ols,metric/the_pile_pubmed_abstracts_val_loss,5.75397253036499,5.7448344083049285
76,reference_ols,metric/the_pile_uspto_backgrounds_val_loss,5.602794647216797,5.368294680618821
77,reference_ols,metric/the_pile_arxiv_val_loss,5.121078968048096,5.469991366371583
77,reference_ols,metric/the_pile_freelaw_val_loss,4.186187267303467,4.740018228233934
77,reference_ols,metric/the_pile_pubmed_central_val_loss,4.063381195068359,4.4973668324558576
77,reference_ols,metric/the_pile_wikipedia_en_val_loss,6.302750587463379,6.156652797046928
77,reference_ols,metric/the_pile_dm_mathematics_val_loss,5.443887233734131,5.264024548164321
77,reference_ols,metric/the_pile_github_val_loss,5.611749172210693,5.92828772768722
77,reference_ols,metric/the_pile_stackexchange_val_loss,4.944844722747803,5.642693578374895
77,reference_ols,metric/the_pile_gutenberg_pg_19_val_loss,5.630401611328125,5.660147972731226
77,reference_ols,metric/the_pile_pile_cc_val_loss,5.942869663238525,5.9350054185874095
77,reference_ols,metric/the_pile_ubuntu_irc_val_loss,7.535934925079346,7.47106872485149
77,reference_ols,metric/the_pile_hackernews_val_loss,5.224102020263672,5.592944570432424
77,reference_ols,metric/the_pile_pubmed_abstracts_val_loss,4.7171125411987305,4.6865123276189085
77,reference_ols,metric/the_pile_uspto_backgrounds_val_loss,4.852838516235352,5.151409994347031
78,reference_ols,metric/the_pile_arxiv_val_loss,3.858219623565674,4.600660375130924
78,reference_ols,metric/the_pile_freelaw_val_loss,4.156088352203369,4.487834419127029
78,reference_ols,metric/the_pile_pubmed_central_val_loss,4.626086711883545,5.376736890470034
78,reference_ols,metric/the_pile_wikipedia_en_val_loss,5.930944919586182,6.172397909092585
78,reference_ols,metric/the_pile_dm_mathematics_val_loss,5.597759246826172,4.697247349074486
78,reference_ols,metric/the_pile_github_val_loss,6.932406902313232,6.199234523882359
78,reference_ols,metric/the_pile_stackexchange_val_loss,6.61055326461792,5.959925456149071
78,reference_ols,metric/the_pile_gutenberg_pg_19_val_loss,5.215539455413818,5.515898787386346
78,reference_ols,metric/the_pile_pile_cc_val_loss,5.969718933105469,5.983305494564204
78,reference_ols,metric/the_pile_ubuntu_irc_val_loss,6.255069255828857,7.429175390452853
78,reference_ols,metric/the_pile_hackernews_val_loss,5.891017913818359,5.7594479006976425
78,reference_ols,metric/the_pile_pubmed_abstracts_val_loss,5.587634086608887,5.655977808496907
78,reference_ols,metric/the_pile_uspto_backgrounds_val_loss,5.581173419952393,5.388046616659658
79,reference_ols,metric/the_pile_arxiv_val_loss,3.727626800537109,3.154935132563352
79,reference_ols,metric/the_pile_freelaw_val_loss,6.723914623260498,5.671175950764707
79,reference_ols,metric/the_pile_pubmed_central_val_loss,5.971821308135986,5.288595727659529
79,reference_ols,metric/the_pile_wikipedia_en_val_loss,6.803301334381104,6.177774170157969
79,reference_ols,metric/the_pile_dm_mathematics_val_loss,2.1735620498657227,3.0957229824069956
79,reference_ols,metric/the_pile_github_val_loss,5.423378944396973,4.870475139199135
79,reference_ols,metric/the_pile_stackexchange_val_loss,4.563905715942383,4.642640012822902
79,reference_ols,metric/the_pile_gutenberg_pg_19_val_loss,6.460148811340332,5.866229648917269
79,reference_ols,metric/the_pile_pile_cc_val_loss,6.243809223175049,5.903400380273729
79,reference_ols,metric/the_pile_ubuntu_irc_val_loss,4.812319278717041,3.723870344901025
79,reference_ols,metric/the_pile_hackernews_val_loss,5.670177459716797,5.5766047224836575
79,reference_ols,metric/the_pile_pubmed_abstracts_val_loss,6.643232345581055,5.97855896371681
79,reference_ols,metric/the_pile_uspto_backgrounds_val_loss,5.9026312828063965,5.493105587877936
80,reference_ols,metric/the_pile_arxiv_val_loss,5.894128799438477,5.5645230706592335
80,reference_ols,metric/the_pile_freelaw_val_loss,5.03297233581543,4.914441143628786
80,reference_ols,metric/the_pile_pubmed_central_val_loss,6.359255313873291,5.940608104103299
80,reference_ols,metric/the_pile_wikipedia_en_val_loss,5.048344135284424,5.044540448626
80,reference_ols,metric/the_pile_dm_mathematics_val_loss,2.041743755340576,2.257210268632645
80,reference_ols,metric/the_pile_github_val_loss,4.311027050018311,4.50585261012208
80,reference_ols,metric/the_pile_stackexchange_val_loss,5.089498043060303,5.006054673942529
80,reference_ols,metric/the_pile_gutenberg_pg_19_val_loss,5.29957389831543,5.2855907891017155
80,reference_ols,metric/the_pile_pile_cc_val_loss,5.273863315582275,5.238225055841363
80,reference_ols,metric/the_pile_ubuntu_irc_val_loss,5.126842975616455,4.77269810284849
80,reference_ols,metric/the_pile_hackernews_val_loss,5.253196716308594,5.2124629345216835
80,reference_ols,metric/the_pile_pubmed_abstracts_val_loss,6.036647319793701,6.016782516179503
80,reference_ols,metric/the_pile_uspto_backgrounds_val_loss,5.4072771072387695,5.348842411911101
81,reference_ols,metric/the_pile_arxiv_val_loss,5.168089389801025,5.7910842574192
81,reference_ols,metric/the_pile_freelaw_val_loss,4.097475051879883,4.307672965516368
81,reference_ols,metric/the_pile_pubmed_central_val_loss,4.738083839416504,5.458441753415499
81,reference_ols,metric/the_pile_wikipedia_en_val_loss,5.92235803604126,6.11049122002167
81,reference_ols,metric/the_pile_dm_mathematics_val_loss,5.249316215515137,4.526577743885144
81,reference_ols,metric/the_pile_github_val_loss,5.1383233070373535,5.563385206942315
81,reference_ols,metric/the_pile_stackexchange_val_loss,4.431123733520508,5.107312011373014
81,reference_ols,metric/the_pile_gutenberg_pg_19_val_loss,5.588058471679688,5.460078644292463
81,reference_ols,metric/the_pile_pile_cc_val_loss,5.878551006317139,5.88222794042742
81,reference_ols,metric/the_pile_ubuntu_irc_val_loss,7.334853172302246,7.472985215324097
81,reference_ols,metric/the_pile_hackernews_val_loss,5.261707782745361,5.517845026870119
81,reference_ols,metric/the_pile_pubmed_abstracts_val_loss,5.541432857513428,5.5750642642433235
81,reference_ols,metric/the_pile_uspto_backgrounds_val_loss,4.52368688583374,4.834967601161111
82,reference_ols,metric/the_pile_arxiv_val_loss,5.904451847076416,6.103640703019099
82,reference_ols,metric/the_pile_freelaw_val_loss,5.769182205200195,5.392035225969886
82,reference_ols,metric/the_pile_pubmed_central_val_loss,4.696850299835205,5.29321213968954
82,reference_ols,metric/the_pile_wikipedia_en_val_loss,4.823879241943359,4.46848017649018
82,reference_ols,metric/the_pile_dm_mathematics_val_loss,5.727783679962158,3.563594243005057
82,reference_ols,metric/the_pile_github_val_loss,6.077179908752441,5.598480395532347
82,reference_ols,metric/the_pile_stackexchange_val_loss,5.540137767791748,5.519894305186073
82,reference_ols,metric/the_pile_gutenberg_pg_19_val_loss,5.70606803894043,5.54540803370858
82,reference_ols,metric/the_pile_pile_cc_val_loss,5.532410144805908,5.454523207992047
82,reference_ols,metric/the_pile_ubuntu_irc_val_loss,5.203817844390869,5.359719463857017
82,reference_ols,metric/the_pile_hackernews_val_loss,5.678569316864014,5.358684632762851
82,reference_ols,metric/the_pile_pubmed_abstracts_val_loss,5.487232685089111,5.469817556039271
82,reference_ols,metric/the_pile_uspto_backgrounds_val_loss,4.3761420249938965,4.486091610168971
83,reference_ols,metric/the_pile_arxiv_val_loss,5.075393199920654,4.130106760753369
83,reference_ols,metric/the_pile_freelaw_val_loss,6.445424556732178,6.086723721728586
83,reference_ols,metric/the_pile_pubmed_central_val_loss,6.454787254333496,5.310172480970748
83,reference_ols,metric/the_pile_wikipedia_en_val_loss,6.536040306091309,6.033015297055149
83,reference_ols,metric/the_pile_dm_mathematics_val_loss,4.9015793800354,4.256560383135296
83,reference_ols,metric/the_pile_github_val_loss,4.821788311004639,4.061653787203393
83,reference_ols,metric/the_pile_stackexchange_val_loss,3.950912952423096,2.747911960409875
83,reference_ols,metric/the_pile_gutenberg_pg_19_val_loss,5.879345417022705,5.642593309905463
83,reference_ols,metric/the_pile_pile_cc_val_loss,6.042532920837402,5.798673479715469
83,reference_ols,metric/the_pile_ubuntu_irc_val_loss,7.179432392120361,6.909989877842174
83,reference_ols,metric/the_pile_hackernews_val_loss,5.175995826721191,5.126815704958443
83,reference_ols,metric/the_pile_pubmed_abstracts_val_loss,6.364803791046143,5.913520534081691
83,reference_ols,metric/the_pile_uspto_backgrounds_val_loss,5.93247127532959,5.611611826918584
84,reference_ols,metric/the_pile_arxiv_val_loss,4.098197937011719,4.266366065590336
84,reference_ols,metric/the_pile_freelaw_val_loss,5.798776626586914,5.5517074919334055
84,reference_ols,metric/the_pile_pubmed_central_val_loss,5.6239447593688965,5.630230854501991
84,reference_ols,metric/the_pile_wikipedia_en_val_loss,5.720683574676514,5.928130956323445
84,reference_ols,metric/the_pile_dm_mathematics_val_loss,1.895457983016968,2.3188331086061678
84,reference_ols,metric/the_pile_github_val_loss,4.750450134277344,4.34985035414358
84,reference_ols,metric/the_pile_stackexchange_val_loss,4.273987293243408,3.9912481258827572
84,reference_ols,metric/the_pile_gutenberg_pg_19_val_loss,5.4761643409729,5.559799293298227
84,reference_ols,metric/the_pile_pile_cc_val_loss,5.420907020568848,5.580057971262156
84,reference_ols,metric/the_pile_ubuntu_irc_val_loss,4.870192050933838,4.168351186113071
84,reference_ols,metric/the_pile_hackernews_val_loss,5.3629679679870605,5.214189387774586
84,reference_ols,metric/the_pile_pubmed_abstracts_val_loss,5.512203216552734,5.872352887617078
84,reference_ols,metric/the_pile_uspto_backgrounds_val_loss,5.548117637634277,5.422922858992598
85,reference_ols,metric/the_pile_arxiv_val_loss,6.351230144500732,5.276585458425763
85,reference_ols,metric/the_pile_freelaw_val_loss,6.526603221893311,5.670874400094012
85,reference_ols,metric/the_pile_pubmed_central_val_loss,7.105541706085205,5.751771827841528
85,reference_ols,metric/the_pile_wikipedia_en_val_loss,6.905886173248291,6.387452275309431
85,reference_ols,metric/the_pile_dm_mathematics_val_loss,1.893263339996338,2.0126576268999545
85,reference_ols,metric/the_pile_github_val_loss,3.81841492652893,2.8063396226764454
85,reference_ols,metric/the_pile_stackexchange_val_loss,4.982966423034668,4.3956542341195375
85,reference_ols,metric/the_pile_gutenberg_pg_19_val_loss,5.532324314117432,5.592251887840916
85,reference_ols,metric/the_pile_pile_cc_val_loss,6.387294769287109,6.1055809676953325
85,reference_ols,metric/the_pile_ubuntu_irc_val_loss,5.368585109710693,5.629612254597799
85,reference_ols,metric/the_pile_hackernews_val_loss,5.784358501434326,5.677153200861021
85,reference_ols,metric/the_pile_pubmed_abstracts_val_loss,7.367510318756103,6.16468754766949
85,reference_ols,metric/the_pile_uspto_backgrounds_val_loss,6.291447162628174,5.67051356528429
86,reference_ols,metric/the_pile_arxiv_val_loss,6.849578857421875,6.040551968650486
86,reference_ols,metric/the_pile_freelaw_val_loss,5.184517860412598,5.33568993252264
86,reference_ols,metric/the_pile_pubmed_central_val_loss,5.479054927825928,5.2423646555050585
86,reference_ols,metric/the_pile_wikipedia_en_val_loss,6.430743217468262,6.190198164809017
86,reference_ols,metric/the_pile_dm_mathematics_val_loss,2.4588747024536133,3.3848888009922895
86,reference_ols,metric/the_pile_github_val_loss,4.374997615814209,5.025254809766686
86,reference_ols,metric/the_pile_stackexchange_val_loss,5.2870683670043945,5.318785245895889
86,reference_ols,metric/the_pile_gutenberg_pg_19_val_loss,5.779410362243652,5.697374809611345
86,reference_ols,metric/the_pile_pile_cc_val_loss,5.877424240112305,5.862945423047702
86,reference_ols,metric/the_pile_ubuntu_irc_val_loss,5.402123928070068,5.846461928357762
86,reference_ols,metric/the_pile_hackernews_val_loss,5.332662105560303,5.505418659583169
86,reference_ols,metric/the_pile_pubmed_abstracts_val_loss,5.454739093780518,5.36222783059952
86,reference_ols,metric/the_pile_uspto_backgrounds_val_loss,4.152404308319092,3.3903131737157093
87,reference_ols,metric/the_pile_arxiv_val_loss,4.096127033233643,4.216413306979257
87,reference_ols,metric/the_pile_freelaw_val_loss,5.953245162963867,5.49142372701369
87,reference_ols,metric/the_pile_pubmed_central_val_loss,4.78422212600708,4.876991498456712
87,reference_ols,metric/the_pile_wikipedia_en_val_loss,5.5802741050720215,5.665684440908273
87,reference_ols,metric/the_pile_dm_mathematics_val_loss,5.238745212554932,3.350742857507143
87,reference_ols,metric/the_pile_github_val_loss,4.159611225128174,4.20464506195428
87,reference_ols,metric/the_pile_stackexchange_val_loss,4.383962154388428,4.34178791414709
87,reference_ols,metric/the_pile_gutenberg_pg_19_val_loss,5.635195255279541,5.428193047852166
87,reference_ols,metric/the_pile_pile_cc_val_loss,5.742480754852295,5.720001987426787
87,reference_ols,metric/the_pile_ubuntu_irc_val_loss,5.472236633300781,5.800153485841178
87,reference_ols,metric/the_pile_hackernews_val_loss,4.863551616668701,4.7715042648295745
87,reference_ols,metric/the_pile_pubmed_abstracts_val_loss,4.93787145614624,5.209234012912133
87,reference_ols,metric/the_pile_uspto_backgrounds_val_loss,5.496954441070557,5.341658709690338
88,reference_ols,metric/the_pile_arxiv_val_loss,3.728371381759644,3.704378653646015
88,reference_ols,metric/the_pile_freelaw_val_loss,4.478529453277588,5.131573734457095
88,reference_ols,metric/the_pile_pubmed_central_val_loss,5.153957366943359,5.266030287989878
88,reference_ols,metric/the_pile_wikipedia_en_val_loss,6.22296667098999,6.143055781730902
88,reference_ols,metric/the_pile_dm_mathematics_val_loss,3.768261671066284,3.909317981363162
88,reference_ols,metric/the_pile_github_val_loss,6.995357513427734,6.050818224322587
88,reference_ols,metric/the_pile_stackexchange_val_loss,6.569522380828857,5.63493063333982
88,reference_ols,metric/the_pile_gutenberg_pg_19_val_loss,5.117288589477539,5.476760396626628
88,reference_ols,metric/the_pile_pile_cc_val_loss,6.034572124481201,5.895826163298445
88,reference_ols,metric/the_pile_ubuntu_irc_val_loss,6.247410297393799,6.54024403379506
88,reference_ols,metric/the_pile_hackernews_val_loss,5.808062553405762,5.727136351013338
88,reference_ols,metric/the_pile_pubmed_abstracts_val_loss,5.353774070739746,5.506476458901749
88,reference_ols,metric/the_pile_uspto_backgrounds_val_loss,5.642158031463623,5.495778351314126
89,reference_ols,metric/the_pile_arxiv_val_loss,4.470522403717041,5.69612652575162
89,reference_ols,metric/the_pile_freelaw_val_loss,4.399294853210449,4.994841450943549
89,reference_ols,metric/the_pile_pubmed_central_val_loss,6.020051956176758,5.691474131058815
89,reference_ols,metric/the_pile_wikipedia_en_val_loss,5.3122968673706055,5.706840910631936
89,reference_ols,metric/the_pile_dm_mathematics_val_loss,3.697586297988892,4.141443928315258
89,reference_ols,metric/the_pile_github_val_loss,4.418660640716553,4.9184014430074825
89,reference_ols,metric/the_pile_stackexchange_val_loss,5.100358963012695,5.280628559303462
89,reference_ols,metric/the_pile_gutenberg_pg_19_val_loss,5.380251884460449,5.5175640619344835
89,reference_ols,metric/the_pile_pile_cc_val_loss,5.405994892120361,5.616542043085985
89,reference_ols,metric/the_pile_ubuntu_irc_val_loss,4.954042434692383,4.5733356773319755
89,reference_ols,metric/the_pile_hackernews_val_loss,4.990312576293945,5.212770736139051
89,reference_ols,metric/the_pile_pubmed_abstracts_val_loss,5.808455467224121,5.763543387767365
89,reference_ols,metric/the_pile_uspto_backgrounds_val_loss,4.539729118347168,4.847687132351597
90,reference_ols,metric/the_pile_arxiv_val_loss,3.786684989929199,3.8907379530825335
90,reference_ols,metric/the_pile_freelaw_val_loss,4.832275390625,5.485394573126369
90,reference_ols,metric/the_pile_pubmed_central_val_loss,4.898463726043701,5.542022430923435
90,reference_ols,metric/the_pile_wikipedia_en_val_loss,5.967018127441406,6.086531497526862
90,reference_ols,metric/the_pile_dm_mathematics_val_loss,5.4691572189331055,4.641424842611904
90,reference_ols,metric/the_pile_github_val_loss,4.576488971710205,5.744834975126706
90,reference_ols,metric/the_pile_stackexchange_val_loss,4.967837810516357,5.596239769634572
90,reference_ols,metric/the_pile_gutenberg_pg_19_val_loss,5.2604265213012695,5.593177862105831
90,reference_ols,metric/the_pile_pile_cc_val_loss,5.560996055603027,5.805561529415573
90,reference_ols,metric/the_pile_ubuntu_irc_val_loss,7.50966739654541,7.176138797091298
90,reference_ols,metric/the_pile_hackernews_val_loss,5.474143981933594,5.588502231107926
90,reference_ols,metric/the_pile_pubmed_abstracts_val_loss,5.560803890228272,5.767590232307141
90,reference_ols,metric/the_pile_uspto_backgrounds_val_loss,5.446404457092285,5.418841658444162
91,reference_ols,metric/the_pile_arxiv_val_loss,4.081962585449219,3.9957453627228654
91,reference_ols,metric/the_pile_freelaw_val_loss,6.165113925933838,5.548101915302317
91,reference_ols,metric/the_pile_pubmed_central_val_loss,4.666009902954102,4.768375682568567
91,reference_ols,metric/the_pile_wikipedia_en_val_loss,6.321020603179932,5.847586000752221
91,reference_ols,metric/the_pile_dm_mathematics_val_loss,5.397693157196045,4.00243625585883
91,reference_ols,metric/the_pile_github_val_loss,4.508846282958984,4.5610174879244925
91,reference_ols,metric/the_pile_stackexchange_val_loss,4.535510063171387,4.579578920322707
91,reference_ols,metric/the_pile_gutenberg_pg_19_val_loss,5.260051250457764,5.367109997547559
91,reference_ols,metric/the_pile_pile_cc_val_loss,5.899391174316406,5.7461599548014695
91,reference_ols,metric/the_pile_ubuntu_irc_val_loss,7.509303569793701,6.94415521628545
91,reference_ols,metric/the_pile_hackernews_val_loss,4.841768741607666,4.687850091389455
91,reference_ols,metric/the_pile_pubmed_abstracts_val_loss,4.521153450012207,4.132468343645089
91,reference_ols,metric/the_pile_uspto_backgrounds_val_loss,5.45068359375,5.088224004818482
92,reference_ols,metric/the_pile_arxiv_val_loss,4.762213706970215,5.213992964434471
92,reference_ols,metric/the_pile_freelaw_val_loss,4.70991849899292,5.259698128657452
92,reference_ols,metric/the_pile_pubmed_central_val_loss,4.313742637634277,5.078307421324421
92,reference_ols,metric/the_pile_wikipedia_en_val_loss,6.514005184173584,6.283686486699622
92,reference_ols,metric/the_pile_dm_mathematics_val_loss,1.8676732778549197,1.5523161215837233
92,reference_ols,metric/the_pile_github_val_loss,4.142496109008789,4.48845080391464
92,reference_ols,metric/the_pile_stackexchange_val_loss,5.136071681976318,5.178086156518353
92,reference_ols,metric/the_pile_gutenberg_pg_19_val_loss,5.97714900970459,5.686758199499216
92,reference_ols,metric/the_pile_pile_cc_val_loss,6.119912147521973,6.052633793973663
92,reference_ols,metric/the_pile_ubuntu_irc_val_loss,5.979384422302246,7.012084108843738
92,reference_ols,metric/the_pile_hackernews_val_loss,5.572013854980469,5.633894275787728
92,reference_ols,metric/the_pile_pubmed_abstracts_val_loss,5.282341003417969,5.580596658700285
92,reference_ols,metric/the_pile_uspto_backgrounds_val_loss,4.786281585693359,5.139082859455986
93,reference_ols,metric/the_pile_arxiv_val_loss,5.143677711486816,6.163133518716395
93,reference_ols,metric/the_pile_freelaw_val_loss,4.339475154876709,5.019142289932967
93,reference_ols,metric/the_pile_pubmed_central_val_loss,5.236588001251221,5.866496347412651
93,reference_ols,metric/the_pile_wikipedia_en_val_loss,6.161417007446289,6.344540545583236
93,reference_ols,metric/the_pile_dm_mathematics_val_loss,5.597896575927734,5.169777641439433
93,reference_ols,metric/the_pile_github_val_loss,3.9871559143066406,4.591787744940581
93,reference_ols,metric/the_pile_stackexchange_val_loss,5.010427951812744,5.414485838861491
93,reference_ols,metric/the_pile_gutenberg_pg_19_val_loss,5.631441593170166,5.625421906548022
93,reference_ols,metric/the_pile_pile_cc_val_loss,5.834495544433594,6.019932990866043
93,reference_ols,metric/the_pile_ubuntu_irc_val_loss,7.437880516052246,7.210475709632081
93,reference_ols,metric/the_pile_hackernews_val_loss,5.613288879394531,5.654700758674089
93,reference_ols,metric/the_pile_pubmed_abstracts_val_loss,5.881497859954834,5.839683637202134
93,reference_ols,metric/the_pile_uspto_backgrounds_val_loss,4.606175899505615,5.050544021180498
94,reference_ols,metric/the_pile_arxiv_val_loss,5.694072246551514,5.236156955284916
94,reference_ols,metric/the_pile_freelaw_val_loss,6.133814334869385,5.730019175065764
94,reference_ols,metric/the_pile_pubmed_central_val_loss,4.615987300872803,5.335179382320867
94,reference_ols,metric/the_pile_wikipedia_en_val_loss,6.168385982513428,6.216561056532211
94,reference_ols,metric/the_pile_dm_mathematics_val_loss,2.0505261421203613,3.7253080377385963
94,reference_ols,metric/the_pile_github_val_loss,4.017833232879639,3.9532868505496417
94,reference_ols,metric/the_pile_stackexchange_val_loss,4.839486122131348,4.838929406994256
94,reference_ols,metric/the_pile_gutenberg_pg_19_val_loss,4.945175647735596,5.050505362285691
94,reference_ols,metric/the_pile_pile_cc_val_loss,5.907817363739014,5.964795693800152
94,reference_ols,metric/the_pile_ubuntu_irc_val_loss,5.837466239929199,6.609287332414332
94,reference_ols,metric/the_pile_hackernews_val_loss,5.617880344390869,5.6294430219277
94,reference_ols,metric/the_pile_pubmed_abstracts_val_loss,5.0019378662109375,5.408281403723417
94,reference_ols,metric/the_pile_uspto_backgrounds_val_loss,5.448984146118164,5.537016084651611
95,reference_ols,metric/the_pile_arxiv_val_loss,5.569729328155518,5.870417092880383
95,reference_ols,metric/the_pile_freelaw_val_loss,4.584021091461182,5.080071234217755
95,reference_ols,metric/the_pile_pubmed_central_val_loss,6.243238925933838,5.525443051872526
95,reference_ols,metric/the_pile_wikipedia_en_val_loss,4.967664241790772,4.898793230623463
95,reference_ols,metric/the_pile_dm_mathematics_val_loss,2.2835559844970703,3.5776758563382796
95,reference_ols,metric/the_pile_github_val_loss,5.304216384887695,5.549166820726382
95,reference_ols,metric/the_pile_stackexchange_val_loss,5.502353191375732,5.625815881278443
95,reference_ols,metric/the_pile_gutenberg_pg_19_val_loss,4.858355522155762,4.978238088911364
95,reference_ols,metric/the_pile_pile_cc_val_loss,5.313263893127441,5.410139384102556
95,reference_ols,metric/the_pile_ubuntu_irc_val_loss,5.328341960906982,6.124154040464192
95,reference_ols,metric/the_pile_hackernews_val_loss,4.928449630737305,5.080924606078426
95,reference_ols,metric/the_pile_pubmed_abstracts_val_loss,5.668693542480469,5.579635880195591
95,reference_ols,metric/the_pile_uspto_backgrounds_val_loss,4.525542736053467,4.753136880233905
96,reference_ols,metric/the_pile_arxiv_val_loss,3.788387298583984,3.619120713020026
96,reference_ols,metric/the_pile_freelaw_val_loss,6.463272571563721,5.728023449051325
96,reference_ols,metric/the_pile_pubmed_central_val_loss,5.5177435874938965,5.226325486435503
96,reference_ols,metric/the_pile_wikipedia_en_val_loss,6.595051288604736,6.332977054946824
96,reference_ols,metric/the_pile_dm_mathematics_val_loss,5.5673346519470215,4.6019712166684315
96,reference_ols,metric/the_pile_github_val_loss,4.598535537719727,5.299416435819719
96,reference_ols,metric/the_pile_stackexchange_val_loss,5.365974426269531,5.307779150321361
96,reference_ols,metric/the_pile_gutenberg_pg_19_val_loss,6.356646537780762,5.838303987336351
96,reference_ols,metric/the_pile_pile_cc_val_loss,6.224036693572998,6.046768453509154
96,reference_ols,metric/the_pile_ubuntu_irc_val_loss,6.342473030090332,7.108137604708299
96,reference_ols,metric/the_pile_hackernews_val_loss,5.989168643951416,5.750321182571262
96,reference_ols,metric/the_pile_pubmed_abstracts_val_loss,4.7269287109375,4.933279033627523
96,reference_ols,metric/the_pile_uspto_backgrounds_val_loss,4.746583938598633,5.087155469182678
1,simplex_ridge,metric/the_pile_arxiv_val_loss,7.0255866050720215,5.488348066084153
1,simplex_ridge,metric/the_pile_freelaw_val_loss,5.360580921173096,5.167658432724201
1,simplex_ridge,metric/the_pile_pubmed_central_val_loss,6.536046981811523,5.969271038460729
1,simplex_ridge,metric/the_pile_wikipedia_en_val_loss,5.639575004577637,5.440600951645275
1,simplex_ridge,metric/the_pile_dm_mathematics_val_loss,5.820674896240234,4.4753725676540075
1,simplex_ridge,metric/the_pile_github_val_loss,6.632823467254639,5.749846820113714
1,simplex_ridge,metric/the_pile_stackexchange_val_loss,6.107803821563721,5.559435571831904
1,simplex_ridge,metric/the_pile_gutenberg_pg_19_val_loss,4.726566791534424,4.607873211906513
1,simplex_ridge,metric/the_pile_pile_cc_val_loss,5.169477939605713,4.998240970883693
1,simplex_ridge,metric/the_pile_ubuntu_irc_val_loss,7.224245071411133,6.621610910495575
1,simplex_ridge,metric/the_pile_hackernews_val_loss,5.206871032714844,5.014259550683806
1,simplex_ridge,metric/the_pile_pubmed_abstracts_val_loss,5.892633438110352,5.678409307048844
1,simplex_ridge,metric/the_pile_uspto_backgrounds_val_loss,5.417374610900879,5.288096702052474
2,simplex_ridge,metric/the_pile_arxiv_val_loss,4.738541603088379,5.311373979299719
2,simplex_ridge,metric/the_pile_freelaw_val_loss,5.466145038604736,5.380179672221976
2,simplex_ridge,metric/the_pile_pubmed_central_val_loss,5.808464050292969,5.598537708370148
2,simplex_ridge,metric/the_pile_wikipedia_en_val_loss,5.42556619644165,5.665285496057157
2,simplex_ridge,metric/the_pile_dm_mathematics_val_loss,4.61490535736084,3.9631750461300017
2,simplex_ridge,metric/the_pile_github_val_loss,4.141744136810303,4.70063064955867
2,simplex_ridge,metric/the_pile_stackexchange_val_loss,4.922904014587402,5.099567242501962
2,simplex_ridge,metric/the_pile_gutenberg_pg_19_val_loss,4.954422473907471,5.068608763859123
2,simplex_ridge,metric/the_pile_pile_cc_val_loss,5.343518733978272,5.483452519888971
2,simplex_ridge,metric/the_pile_ubuntu_irc_val_loss,5.278083324432373,6.312599775096444
2,simplex_ridge,metric/the_pile_hackernews_val_loss,4.80118989944458,5.012437520692002
2,simplex_ridge,metric/the_pile_pubmed_abstracts_val_loss,5.653641700744629,5.73107819544583
2,simplex_ridge,metric/the_pile_uspto_backgrounds_val_loss,5.584351062774658,5.3841408573935325
3,simplex_ridge,metric/the_pile_arxiv_val_loss,3.730258703231812,3.7330159723878635
3,simplex_ridge,metric/the_pile_freelaw_val_loss,5.793972492218018,5.470301379439842
3,simplex_ridge,metric/the_pile_pubmed_central_val_loss,4.72146463394165,5.331710738220216
3,simplex_ridge,metric/the_pile_wikipedia_en_val_loss,5.933119773864746,5.986683354474607
3,simplex_ridge,metric/the_pile_dm_mathematics_val_loss,4.077418327331543,4.092427033777083
3,simplex_ridge,metric/the_pile_github_val_loss,6.540956497192383,5.842321230197875
3,simplex_ridge,metric/the_pile_stackexchange_val_loss,6.079324245452881,5.561488831557663
3,simplex_ridge,metric/the_pile_gutenberg_pg_19_val_loss,5.561453819274902,5.62329942690426
3,simplex_ridge,metric/the_pile_pile_cc_val_loss,5.506680965423584,5.717007838161421
3,simplex_ridge,metric/the_pile_ubuntu_irc_val_loss,7.476072311401367,6.462936800173775
3,simplex_ridge,metric/the_pile_hackernews_val_loss,5.495143413543701,5.52229234350058
3,simplex_ridge,metric/the_pile_pubmed_abstracts_val_loss,5.626057624816895,5.710572512532035
3,simplex_ridge,metric/the_pile_uspto_backgrounds_val_loss,5.50736665725708,5.3786419698475285
4,simplex_ridge,metric/the_pile_arxiv_val_loss,4.887355327606201,5.285212642470719
4,simplex_ridge,metric/the_pile_freelaw_val_loss,5.040224075317383,5.565798631376534
4,simplex_ridge,metric/the_pile_pubmed_central_val_loss,5.371085166931152,5.36965662261269
4,simplex_ridge,metric/the_pile_wikipedia_en_val_loss,5.858128547668457,6.103367311761107
4,simplex_ridge,metric/the_pile_dm_mathematics_val_loss,5.298433780670166,3.775530386054285
4,simplex_ridge,metric/the_pile_github_val_loss,4.150362968444824,4.419312057261298
4,simplex_ridge,metric/the_pile_stackexchange_val_loss,4.455072402954102,4.710584156006754
4,simplex_ridge,metric/the_pile_gutenberg_pg_19_val_loss,5.095427989959717,5.383144578680395
4,simplex_ridge,metric/the_pile_pile_cc_val_loss,5.828740119934082,5.921021692722093
4,simplex_ridge,metric/the_pile_ubuntu_irc_val_loss,7.491352558135986,6.491725886047892
4,simplex_ridge,metric/the_pile_hackernews_val_loss,5.551083087921143,5.472660571976042
4,simplex_ridge,metric/the_pile_pubmed_abstracts_val_loss,5.268948078155518,5.619920803636005
4,simplex_ridge,metric/the_pile_uspto_backgrounds_val_loss,4.475535392761231,4.878255430547691
5,simplex_ridge,metric/the_pile_arxiv_val_loss,4.034541130065918,4.440389894418067
5,simplex_ridge,metric/the_pile_freelaw_val_loss,5.597909927368164,5.59484553277292
5,simplex_ridge,metric/the_pile_pubmed_central_val_loss,4.6931257247924805,5.145351283962529
5,simplex_ridge,metric/the_pile_wikipedia_en_val_loss,5.8146257400512695,5.989317392988942
5,simplex_ridge,metric/the_pile_dm_mathematics_val_loss,2.008139610290528,3.56900272467691
5,simplex_ridge,metric/the_pile_github_val_loss,4.485220432281494,4.8873602370538105
5,simplex_ridge,metric/the_pile_stackexchange_val_loss,4.24920654296875,4.435445806670035
5,simplex_ridge,metric/the_pile_gutenberg_pg_19_val_loss,5.003798007965088,5.339086501796816
5,simplex_ridge,metric/the_pile_pile_cc_val_loss,5.760408401489258,5.8284621751614
5,simplex_ridge,metric/the_pile_ubuntu_irc_val_loss,7.100966453552246,6.544237932084354
5,simplex_ridge,metric/the_pile_hackernews_val_loss,5.329304218292236,5.430398703003541
5,simplex_ridge,metric/the_pile_pubmed_abstracts_val_loss,5.664215087890625,5.693756052362741
5,simplex_ridge,metric/the_pile_uspto_backgrounds_val_loss,4.813331127166748,5.266813116648171
6,simplex_ridge,metric/the_pile_arxiv_val_loss,3.8481597900390634,4.147793922628604
6,simplex_ridge,metric/the_pile_freelaw_val_loss,5.519326210021973,5.537756795046346
6,simplex_ridge,metric/the_pile_pubmed_central_val_loss,5.222227573394775,5.255713218643968
6,simplex_ridge,metric/the_pile_wikipedia_en_val_loss,5.401707172393799,5.835726873607467
6,simplex_ridge,metric/the_pile_dm_mathematics_val_loss,5.442045211791992,3.6974438163883603
6,simplex_ridge,metric/the_pile_github_val_loss,4.315804481506348,5.0418506141360435
6,simplex_ridge,metric/the_pile_stackexchange_val_loss,5.147463321685791,5.237374392618093
6,simplex_ridge,metric/the_pile_gutenberg_pg_19_val_loss,5.998071670532227,5.674122832862722
6,simplex_ridge,metric/the_pile_pile_cc_val_loss,5.9236016273498535,5.929982001515688
6,simplex_ridge,metric/the_pile_ubuntu_irc_val_loss,5.313143730163574,6.2598489197993405
6,simplex_ridge,metric/the_pile_hackernews_val_loss,5.817320823669434,5.581439712667356
6,simplex_ridge,metric/the_pile_pubmed_abstracts_val_loss,6.0437750816345215,5.806917136921388
6,simplex_ridge,metric/the_pile_uspto_backgrounds_val_loss,5.67151403427124,5.41748327905807
7,simplex_ridge,metric/the_pile_arxiv_val_loss,5.365633010864258,5.485995559339014
7,simplex_ridge,metric/the_pile_freelaw_val_loss,5.7348151206970215,5.457549854208162
7,simplex_ridge,metric/the_pile_pubmed_central_val_loss,4.126685619354248,4.6556424597918005
7,simplex_ridge,metric/the_pile_wikipedia_en_val_loss,5.565597534179688,5.911943784273277
7,simplex_ridge,metric/the_pile_dm_mathematics_val_loss,2.9376449584960938,4.284822723682003
7,simplex_ridge,metric/the_pile_github_val_loss,5.73452091217041,5.772660072540014
7,simplex_ridge,metric/the_pile_stackexchange_val_loss,5.128252029418945,5.647477581088435
7,simplex_ridge,metric/the_pile_gutenberg_pg_19_val_loss,5.392933368682861,5.661562137099231
7,simplex_ridge,metric/the_pile_pile_cc_val_loss,5.41911506652832,5.714863658354331
7,simplex_ridge,metric/the_pile_ubuntu_irc_val_loss,5.869746685028076,6.595229881136575
7,simplex_ridge,metric/the_pile_hackernews_val_loss,5.159833908081055,5.450941507818873
7,simplex_ridge,metric/the_pile_pubmed_abstracts_val_loss,5.069451332092285,5.150671866402189
7,simplex_ridge,metric/the_pile_uspto_backgrounds_val_loss,4.25531530380249,4.238518355937081
8,simplex_ridge,metric/the_pile_arxiv_val_loss,7.175310134887695,5.988929046397831
8,simplex_ridge,metric/the_pile_freelaw_val_loss,3.980865478515625,3.9111445103554017
8,simplex_ridge,metric/the_pile_pubmed_central_val_loss,6.568063259124756,5.978345663056158
8,simplex_ridge,metric/the_pile_wikipedia_en_val_loss,5.785682678222656,5.835133522205998
8,simplex_ridge,metric/the_pile_dm_mathematics_val_loss,5.779679298400879,4.647309808136133
8,simplex_ridge,metric/the_pile_github_val_loss,6.64463996887207,5.984027657230046
8,simplex_ridge,metric/the_pile_stackexchange_val_loss,6.25684118270874,5.826532318060758
8,simplex_ridge,metric/the_pile_gutenberg_pg_19_val_loss,5.178667545318604,5.108047112005674
8,simplex_ridge,metric/the_pile_pile_cc_val_loss,5.321898460388184,5.474682127802344
8,simplex_ridge,metric/the_pile_ubuntu_irc_val_loss,7.332483768463135,7.206594280201298
8,simplex_ridge,metric/the_pile_hackernews_val_loss,5.339742183685303,5.371466590023081
8,simplex_ridge,metric/the_pile_pubmed_abstracts_val_loss,5.812262058258057,5.650662931714476
8,simplex_ridge,metric/the_pile_uspto_backgrounds_val_loss,5.509659290313721,5.2808452320598835
9,simplex_ridge,metric/the_pile_arxiv_val_loss,5.732336521148682,4.909209054930674
9,simplex_ridge,metric/the_pile_freelaw_val_loss,6.613649368286133,5.73371109936895
9,simplex_ridge,metric/the_pile_pubmed_central_val_loss,3.839976310729981,3.2338573085894184
9,simplex_ridge,metric/the_pile_wikipedia_en_val_loss,6.18618631362915,6.087376583256254
9,simplex_ridge,metric/the_pile_dm_mathematics_val_loss,5.692158222198486,4.523444079397285
9,simplex_ridge,metric/the_pile_github_val_loss,7.759432315826416,5.9147145613892915
9,simplex_ridge,metric/the_pile_stackexchange_val_loss,6.9663615226745605,5.675058899441159
9,simplex_ridge,metric/the_pile_gutenberg_pg_19_val_loss,6.6692962646484375,5.99810809649153
9,simplex_ridge,metric/the_pile_pile_cc_val_loss,6.354576110839844,5.96438930798807
9,simplex_ridge,metric/the_pile_ubuntu_irc_val_loss,8.405691146850586,6.798424977229184
9,simplex_ridge,metric/the_pile_hackernews_val_loss,6.47177791595459,5.590523626092445
9,simplex_ridge,metric/the_pile_pubmed_abstracts_val_loss,4.594342708587647,4.285339935106179
9,simplex_ridge,metric/the_pile_uspto_backgrounds_val_loss,5.514229774475098,5.259987033908596
10,simplex_ridge,metric/the_pile_arxiv_val_loss,4.920166969299316,5.368649423952127
10,simplex_ridge,metric/the_pile_freelaw_val_loss,5.735522270202637,5.440299643326137
10,simplex_ridge,metric/the_pile_pubmed_central_val_loss,4.18813419342041,4.611972574813635
10,simplex_ridge,metric/the_pile_wikipedia_en_val_loss,4.815326690673828,4.577492516352083
10,simplex_ridge,metric/the_pile_dm_mathematics_val_loss,5.443886756896973,3.6544707574499364
10,simplex_ridge,metric/the_pile_github_val_loss,5.298417091369629,5.565801658355404
10,simplex_ridge,metric/the_pile_stackexchange_val_loss,5.052807331085205,5.487221283067184
10,simplex_ridge,metric/the_pile_gutenberg_pg_19_val_loss,5.244697570800781,5.520738069459199
10,simplex_ridge,metric/the_pile_pile_cc_val_loss,5.520979404449463,5.5034665150615485
10,simplex_ridge,metric/the_pile_ubuntu_irc_val_loss,7.628385543823242,6.473728743146835
10,simplex_ridge,metric/the_pile_hackernews_val_loss,5.575355052947998,5.279627440814685
10,simplex_ridge,metric/the_pile_pubmed_abstracts_val_loss,5.24343204498291,5.290806644677896
10,simplex_ridge,metric/the_pile_uspto_backgrounds_val_loss,5.451025485992432,5.219424747326868
11,simplex_ridge,metric/the_pile_arxiv_val_loss,7.649549961090088,6.272434133534847
11,simplex_ridge,metric/the_pile_freelaw_val_loss,3.8723204135894775,3.1663588683849024
11,simplex_ridge,metric/the_pile_pubmed_central_val_loss,6.194097995758057,5.840515007562327
11,simplex_ridge,metric/the_pile_wikipedia_en_val_loss,6.082755088806152,6.140509148041683
11,simplex_ridge,metric/the_pile_dm_mathematics_val_loss,6.095431327819824,4.623965916610356
11,simplex_ridge,metric/the_pile_github_val_loss,6.030669212341309,6.02682327758678
11,simplex_ridge,metric/the_pile_stackexchange_val_loss,6.349047660827637,5.985027659469581
11,simplex_ridge,metric/the_pile_gutenberg_pg_19_val_loss,5.227353572845459,5.16798347422112
11,simplex_ridge,metric/the_pile_pile_cc_val_loss,6.076876163482666,5.897818874683528
11,simplex_ridge,metric/the_pile_ubuntu_irc_val_loss,8.171777725219727,7.696306831057033
11,simplex_ridge,metric/the_pile_hackernews_val_loss,5.95081901550293,5.691979455693802
11,simplex_ridge,metric/the_pile_pubmed_abstracts_val_loss,5.37153434753418,5.499109335836528
11,simplex_ridge,metric/the_pile_uspto_backgrounds_val_loss,5.747413158416748,5.298195679681715
12,simplex_ridge,metric/the_pile_arxiv_val_loss,6.068508148193359,5.874293625323007
12,simplex_ridge,metric/the_pile_freelaw_val_loss,4.028927326202393,3.985084721554608
12,simplex_ridge,metric/the_pile_pubmed_central_val_loss,4.410226821899414,5.300761322023357
12,simplex_ridge,metric/the_pile_wikipedia_en_val_loss,5.977132320404053,6.0244189178694985
12,simplex_ridge,metric/the_pile_dm_mathematics_val_loss,5.78095817565918,4.393063540408737
12,simplex_ridge,metric/the_pile_github_val_loss,6.723077297210693,5.86086997605478
12,simplex_ridge,metric/the_pile_stackexchange_val_loss,6.378947734832764,5.833837915018702
12,simplex_ridge,metric/the_pile_gutenberg_pg_19_val_loss,4.868281841278076,4.966281499178773
12,simplex_ridge,metric/the_pile_pile_cc_val_loss,5.962575435638428,5.832643129442164
12,simplex_ridge,metric/the_pile_ubuntu_irc_val_loss,7.836051940917969,7.394887833934929
12,simplex_ridge,metric/the_pile_hackernews_val_loss,5.869334697723389,5.613296618826058
12,simplex_ridge,metric/the_pile_pubmed_abstracts_val_loss,5.124939918518066,5.34405251936101
12,simplex_ridge,metric/the_pile_uspto_backgrounds_val_loss,5.561253070831299,5.306316033563986
13,simplex_ridge,metric/the_pile_arxiv_val_loss,5.616719722747803,5.06200835428276
13,simplex_ridge,metric/the_pile_freelaw_val_loss,5.331273078918457,5.64727274547942
13,simplex_ridge,metric/the_pile_pubmed_central_val_loss,3.885855674743652,3.4911100062708984
13,simplex_ridge,metric/the_pile_wikipedia_en_val_loss,5.94351863861084,5.975132204531943
13,simplex_ridge,metric/the_pile_dm_mathematics_val_loss,5.511852741241455,4.590146704697096
13,simplex_ridge,metric/the_pile_github_val_loss,6.898706912994385,6.088155469116701
13,simplex_ridge,metric/the_pile_stackexchange_val_loss,6.376709938049316,5.808232572768305
13,simplex_ridge,metric/the_pile_gutenberg_pg_19_val_loss,5.554836273193359,5.899623525246428
13,simplex_ridge,metric/the_pile_pile_cc_val_loss,5.542590618133545,5.793816232432474
13,simplex_ridge,metric/the_pile_ubuntu_irc_val_loss,7.0256781578063965,6.723425798408538
13,simplex_ridge,metric/the_pile_hackernews_val_loss,5.158526420593262,5.537110465319336
13,simplex_ridge,metric/the_pile_pubmed_abstracts_val_loss,4.978461265563965,4.753163127443494
13,simplex_ridge,metric/the_pile_uspto_backgrounds_val_loss,5.384755611419678,5.315835051310827
14,simplex_ridge,metric/the_pile_arxiv_val_loss,5.436479568481445,4.968492955574804
14,simplex_ridge,metric/the_pile_freelaw_val_loss,5.218822956085205,5.446767457134107
14,simplex_ridge,metric/the_pile_pubmed_central_val_loss,4.133479595184326,4.631162525566118
14,simplex_ridge,metric/the_pile_wikipedia_en_val_loss,5.507219314575195,5.772794535012789
14,simplex_ridge,metric/the_pile_dm_mathematics_val_loss,2.3308768272399902,3.988662723723433
14,simplex_ridge,metric/the_pile_github_val_loss,4.662861347198486,5.009130435245094
14,simplex_ridge,metric/the_pile_stackexchange_val_loss,4.974141597747803,5.054199194147495
14,simplex_ridge,metric/the_pile_gutenberg_pg_19_val_loss,5.0477824211120605,5.32471339833239
14,simplex_ridge,metric/the_pile_pile_cc_val_loss,5.597803115844727,5.704487551465788
14,simplex_ridge,metric/the_pile_ubuntu_irc_val_loss,5.373387336730957,6.607939663175066
14,simplex_ridge,metric/the_pile_hackernews_val_loss,4.832281112670898,4.9784219159355425
14,simplex_ridge,metric/the_pile_pubmed_abstracts_val_loss,4.571138381958008,4.455173269539814
14,simplex_ridge,metric/the_pile_uspto_backgrounds_val_loss,4.946125507354736,5.092518998072529
15,simplex_ridge,metric/the_pile_arxiv_val_loss,4.835928916931152,4.854085077225799
15,simplex_ridge,metric/the_pile_freelaw_val_loss,5.9763712882995605,5.609462951444615
15,simplex_ridge,metric/the_pile_pubmed_central_val_loss,4.696907997131348,5.14931989192992
15,simplex_ridge,metric/the_pile_wikipedia_en_val_loss,5.286471366882324,5.711647293513488
15,simplex_ridge,metric/the_pile_dm_mathematics_val_loss,2.612511157989502,3.6438465936814457
15,simplex_ridge,metric/the_pile_github_val_loss,4.265994071960449,4.552505984915508
15,simplex_ridge,metric/the_pile_stackexchange_val_loss,4.273486614227295,4.291898717046301
15,simplex_ridge,metric/the_pile_gutenberg_pg_19_val_loss,5.212732315063477,5.470745774194681
15,simplex_ridge,metric/the_pile_pile_cc_val_loss,5.70292329788208,5.759730162788834
15,simplex_ridge,metric/the_pile_ubuntu_irc_val_loss,7.151707649230957,6.545414022789968
15,simplex_ridge,metric/the_pile_hackernews_val_loss,4.99690580368042,5.165051094273111
15,simplex_ridge,metric/the_pile_pubmed_abstracts_val_loss,4.784799575805664,5.133821271103295
15,simplex_ridge,metric/the_pile_uspto_backgrounds_val_loss,4.6978535652160645,5.1141140056503716
16,simplex_ridge,metric/the_pile_arxiv_val_loss,4.263101577758789,4.901599014734634
16,simplex_ridge,metric/the_pile_freelaw_val_loss,4.731163024902344,5.258252119543846
16,simplex_ridge,metric/the_pile_pubmed_central_val_loss,4.446780204772949,5.039423819826386
16,simplex_ridge,metric/the_pile_wikipedia_en_val_loss,6.137884616851807,6.0213348303688035
16,simplex_ridge,metric/the_pile_dm_mathematics_val_loss,1.8533507585525515,3.5019284392431946
16,simplex_ridge,metric/the_pile_github_val_loss,4.429530620574951,4.907094467679524
16,simplex_ridge,metric/the_pile_stackexchange_val_loss,4.592880725860596,4.86578251419773
16,simplex_ridge,metric/the_pile_gutenberg_pg_19_val_loss,5.278256893157959,5.468832889431208
16,simplex_ridge,metric/the_pile_pile_cc_val_loss,5.888399600982666,5.855055172027739
16,simplex_ridge,metric/the_pile_ubuntu_irc_val_loss,5.00335693359375,6.306813072882021
16,simplex_ridge,metric/the_pile_hackernews_val_loss,5.570482730865479,5.480318139911618
16,simplex_ridge,metric/the_pile_pubmed_abstracts_val_loss,5.373453140258789,5.585112961470151
16,simplex_ridge,metric/the_pile_uspto_backgrounds_val_loss,4.804718494415283,5.153183074364058
17,simplex_ridge,metric/the_pile_arxiv_val_loss,3.779206991195679,4.127982837419162
17,simplex_ridge,metric/the_pile_freelaw_val_loss,4.426825046539307,5.10768592073462
17,simplex_ridge,metric/the_pile_pubmed_central_val_loss,5.9820075035095215,5.351492747011303
17,simplex_ridge,metric/the_pile_wikipedia_en_val_loss,6.0802001953125,6.12703755219347
17,simplex_ridge,metric/the_pile_dm_mathematics_val_loss,2.6709392070770264,3.920516209713626
17,simplex_ridge,metric/the_pile_github_val_loss,4.874502658843994,5.548871001577083
17,simplex_ridge,metric/the_pile_stackexchange_val_loss,4.626718521118164,5.2637839973183365
17,simplex_ridge,metric/the_pile_gutenberg_pg_19_val_loss,5.488972187042236,5.63525625631419
17,simplex_ridge,metric/the_pile_pile_cc_val_loss,5.748971939086914,5.9164572848423145
17,simplex_ridge,metric/the_pile_ubuntu_irc_val_loss,5.351980686187744,6.608863302767278
17,simplex_ridge,metric/the_pile_hackernews_val_loss,5.358956336975098,5.608793580453842
17,simplex_ridge,metric/the_pile_pubmed_abstracts_val_loss,6.06849479675293,5.745860030781603
17,simplex_ridge,metric/the_pile_uspto_backgrounds_val_loss,4.903680324554443,5.258629629220048
18,simplex_ridge,metric/the_pile_arxiv_val_loss,5.161006927490234,5.1490716724534495
18,simplex_ridge,metric/the_pile_freelaw_val_loss,5.229340553283691,5.393780850768758
18,simplex_ridge,metric/the_pile_pubmed_central_val_loss,4.228277683258057,5.067689926156857
18,simplex_ridge,metric/the_pile_wikipedia_en_val_loss,5.453532695770264,5.692738815150468
18,simplex_ridge,metric/the_pile_dm_mathematics_val_loss,2.4409642219543457,4.276774729285893
18,simplex_ridge,metric/the_pile_github_val_loss,4.761942863464356,5.478412647325763
18,simplex_ridge,metric/the_pile_stackexchange_val_loss,4.659525871276856,5.191103148690075
18,simplex_ridge,metric/the_pile_gutenberg_pg_19_val_loss,5.3418684005737305,5.43542179405361
18,simplex_ridge,metric/the_pile_pile_cc_val_loss,5.253754138946533,5.392472531296777
18,simplex_ridge,metric/the_pile_ubuntu_irc_val_loss,5.025073528289795,6.394144113696445
18,simplex_ridge,metric/the_pile_hackernews_val_loss,5.077229022979736,5.16142572065691
18,simplex_ridge,metric/the_pile_pubmed_abstracts_val_loss,5.035791397094727,5.353502792203138
18,simplex_ridge,metric/the_pile_uspto_backgrounds_val_loss,5.336487293243408,5.287253964707111
19,simplex_ridge,metric/the_pile_arxiv_val_loss,4.140886306762695,5.117276001615646
19,simplex_ridge,metric/the_pile_freelaw_val_loss,4.335186004638672,4.87425281377251
19,simplex_ridge,metric/the_pile_pubmed_central_val_loss,5.162656307220459,5.662242891457554
19,simplex_ridge,metric/the_pile_wikipedia_en_val_loss,5.283300876617432,5.585906117125373
19,simplex_ridge,metric/the_pile_dm_mathematics_val_loss,2.4845540523529053,4.197072640933775
19,simplex_ridge,metric/the_pile_github_val_loss,5.453387260437012,5.624041678775474
19,simplex_ridge,metric/the_pile_stackexchange_val_loss,4.819840431213379,5.3846816495192185
19,simplex_ridge,metric/the_pile_gutenberg_pg_19_val_loss,5.22469425201416,5.24514074722299
19,simplex_ridge,metric/the_pile_pile_cc_val_loss,5.247750759124756,5.400201127662429
19,simplex_ridge,metric/the_pile_ubuntu_irc_val_loss,5.317441940307617,6.621341600261502
19,simplex_ridge,metric/the_pile_hackernews_val_loss,4.833442211151123,5.128138784293377
19,simplex_ridge,metric/the_pile_pubmed_abstracts_val_loss,5.59989070892334,5.64526315621303
19,simplex_ridge,metric/the_pile_uspto_backgrounds_val_loss,5.306461811065674,5.259782776009523
20,simplex_ridge,metric/the_pile_arxiv_val_loss,5.3710455894470215,5.160132800847281
20,simplex_ridge,metric/the_pile_freelaw_val_loss,5.678719520568848,5.474365507494711
20,simplex_ridge,metric/the_pile_pubmed_central_val_loss,4.048504829406738,4.48169300365489
20,simplex_ridge,metric/the_pile_wikipedia_en_val_loss,5.386486530303955,5.737413184498931
20,simplex_ridge,metric/the_pile_dm_mathematics_val_loss,5.511875629425049,4.291060964187586
20,simplex_ridge,metric/the_pile_github_val_loss,5.1697998046875,5.636693716548735
20,simplex_ridge,metric/the_pile_stackexchange_val_loss,5.506645202636719,5.528678263675811
20,simplex_ridge,metric/the_pile_gutenberg_pg_19_val_loss,4.875679969787598,5.245972056583604
20,simplex_ridge,metric/the_pile_pile_cc_val_loss,5.347065448760986,5.590032355455205
20,simplex_ridge,metric/the_pile_ubuntu_irc_val_loss,5.458584308624268,6.676834002152274
20,simplex_ridge,metric/the_pile_hackernews_val_loss,4.99979829788208,5.315623774006362
20,simplex_ridge,metric/the_pile_pubmed_abstracts_val_loss,4.78153657913208,4.928789283169342
20,simplex_ridge,metric/the_pile_uspto_backgrounds_val_loss,5.3079118728637695,5.268776865638459
21,simplex_ridge,metric/the_pile_arxiv_val_loss,3.7148549556732178,3.5666408578620707
21,simplex_ridge,metric/the_pile_freelaw_val_loss,5.775569438934326,5.51122264096779
21,simplex_ridge,metric/the_pile_pubmed_central_val_loss,4.841148376464844,5.097650678773453
21,simplex_ridge,metric/the_pile_wikipedia_en_val_loss,5.580223083496094,5.965239197289624
21,simplex_ridge,metric/the_pile_dm_mathematics_val_loss,5.613797664642334,3.777547024157725
21,simplex_ridge,metric/the_pile_github_val_loss,5.322590827941895,5.643596981944271
21,simplex_ridge,metric/the_pile_stackexchange_val_loss,5.57145357131958,5.470108340559851
21,simplex_ridge,metric/the_pile_gutenberg_pg_19_val_loss,5.821041584014893,5.742820313495215
21,simplex_ridge,metric/the_pile_pile_cc_val_loss,5.878022193908691,5.902439288429087
21,simplex_ridge,metric/the_pile_ubuntu_irc_val_loss,5.166763305664063,6.318821119234221
21,simplex_ridge,metric/the_pile_hackernews_val_loss,5.064894676208496,5.523461648005084
21,simplex_ridge,metric/the_pile_pubmed_abstracts_val_loss,5.783607482910156,5.68744183473267
21,simplex_ridge,metric/the_pile_uspto_backgrounds_val_loss,4.927324771881104,5.253164836788442
22,simplex_ridge,metric/the_pile_arxiv_val_loss,5.313518524169922,5.576968840793639
22,simplex_ridge,metric/the_pile_freelaw_val_loss,4.5764875411987305,5.106531929038271
22,simplex_ridge,metric/the_pile_pubmed_central_val_loss,5.541999340057373,5.383130453177395
22,simplex_ridge,metric/the_pile_wikipedia_en_val_loss,6.369202136993408,5.946274919878114
22,simplex_ridge,metric/the_pile_dm_mathematics_val_loss,2.23321795463562,3.80765664216509
22,simplex_ridge,metric/the_pile_github_val_loss,4.412414073944092,4.984903532296007
22,simplex_ridge,metric/the_pile_stackexchange_val_loss,5.349352836608887,5.395899391180757
22,simplex_ridge,metric/the_pile_gutenberg_pg_19_val_loss,4.759934902191162,4.560284026671582
22,simplex_ridge,metric/the_pile_pile_cc_val_loss,6.061858177185059,5.806615000129342
22,simplex_ridge,metric/the_pile_ubuntu_irc_val_loss,7.594740867614746,6.774275597838289
22,simplex_ridge,metric/the_pile_hackernews_val_loss,5.767696857452393,5.550931792966212
22,simplex_ridge,metric/the_pile_pubmed_abstracts_val_loss,5.863641262054443,5.632253965016881
22,simplex_ridge,metric/the_pile_uspto_backgrounds_val_loss,4.635516166687012,4.96914865274231
23,simplex_ridge,metric/the_pile_arxiv_val_loss,5.221972465515137,5.239755529347953
23,simplex_ridge,metric/the_pile_freelaw_val_loss,5.052719593048096,5.496727702745039
23,simplex_ridge,metric/the_pile_pubmed_central_val_loss,4.056276798248291,4.272326413096301
23,simplex_ridge,metric/the_pile_wikipedia_en_val_loss,6.020731449127197,6.049984009556751
23,simplex_ridge,metric/the_pile_dm_mathematics_val_loss,5.561578273773193,4.186500862247985
23,simplex_ridge,metric/the_pile_github_val_loss,4.91853141784668,5.4749186244083905
23,simplex_ridge,metric/the_pile_stackexchange_val_loss,5.417336463928223,5.451422542819487
23,simplex_ridge,metric/the_pile_gutenberg_pg_19_val_loss,6.032251834869385,5.812154916550321
23,simplex_ridge,metric/the_pile_pile_cc_val_loss,5.977203845977783,5.873438335116149
23,simplex_ridge,metric/the_pile_ubuntu_irc_val_loss,4.856312274932861,6.410927647456415
23,simplex_ridge,metric/the_pile_hackernews_val_loss,5.783515453338623,5.485044635043157
23,simplex_ridge,metric/the_pile_pubmed_abstracts_val_loss,4.762035846710205,4.83788092978191
23,simplex_ridge,metric/the_pile_uspto_backgrounds_val_loss,4.409957885742188,4.629770186589547
24,simplex_ridge,metric/the_pile_arxiv_val_loss,7.729341983795166,6.2417959436673165
24,simplex_ridge,metric/the_pile_freelaw_val_loss,3.967174530029297,3.7062852149771954
24,simplex_ridge,metric/the_pile_pubmed_central_val_loss,6.752795219421387,5.700757906575295
24,simplex_ridge,metric/the_pile_wikipedia_en_val_loss,6.444605350494385,6.1392366591746255
24,simplex_ridge,metric/the_pile_dm_mathematics_val_loss,5.99164342880249,4.472006683104198
24,simplex_ridge,metric/the_pile_github_val_loss,5.654896259307861,5.939506878446814
24,simplex_ridge,metric/the_pile_stackexchange_val_loss,6.138266563415527,5.954189829068076
24,simplex_ridge,metric/the_pile_gutenberg_pg_19_val_loss,5.350730895996094,5.313357759117293
24,simplex_ridge,metric/the_pile_pile_cc_val_loss,6.081203937530518,5.912008484816693
24,simplex_ridge,metric/the_pile_ubuntu_irc_val_loss,7.689416885375977,7.392010318526842
24,simplex_ridge,metric/the_pile_hackernews_val_loss,5.8698577880859375,5.689110412566279
24,simplex_ridge,metric/the_pile_pubmed_abstracts_val_loss,5.93467378616333,5.536529707331601
24,simplex_ridge,metric/the_pile_uspto_backgrounds_val_loss,4.452613830566406,4.612134252530246
25,simplex_ridge,metric/the_pile_arxiv_val_loss,5.003495216369629,4.992082691647424
25,simplex_ridge,metric/the_pile_freelaw_val_loss,4.26286506652832,4.967857877827325
25,simplex_ridge,metric/the_pile_pubmed_central_val_loss,4.548320293426514,5.1880200078070615
25,simplex_ridge,metric/the_pile_wikipedia_en_val_loss,6.2719340324401855,6.0659235084576855
25,simplex_ridge,metric/the_pile_dm_mathematics_val_loss,5.054658889770508,3.8933791072406114
25,simplex_ridge,metric/the_pile_github_val_loss,4.913228511810303,4.985715948973039
25,simplex_ridge,metric/the_pile_stackexchange_val_loss,4.174592971801758,4.306941715215829
25,simplex_ridge,metric/the_pile_gutenberg_pg_19_val_loss,5.677281379699707,5.5537361848123314
25,simplex_ridge,metric/the_pile_pile_cc_val_loss,5.843257427215576,5.850174324738234
25,simplex_ridge,metric/the_pile_ubuntu_irc_val_loss,5.450659275054932,6.87390931081868
25,simplex_ridge,metric/the_pile_hackernews_val_loss,5.52943229675293,5.409816597727384
25,simplex_ridge,metric/the_pile_pubmed_abstracts_val_loss,5.509744644165039,5.625817923580891
25,simplex_ridge,metric/the_pile_uspto_backgrounds_val_loss,5.620926380157471,5.4336096162212835
26,simplex_ridge,metric/the_pile_arxiv_val_loss,3.882284879684448,4.244159954220591
26,simplex_ridge,metric/the_pile_freelaw_val_loss,5.688676834106445,5.64899275794179
26,simplex_ridge,metric/the_pile_pubmed_central_val_loss,4.025252342224121,4.017359691861783
26,simplex_ridge,metric/the_pile_wikipedia_en_val_loss,5.573357582092285,6.008320103212854
26,simplex_ridge,metric/the_pile_dm_mathematics_val_loss,5.430081844329834,4.177041192059929
26,simplex_ridge,metric/the_pile_github_val_loss,6.123146057128906,5.9152424405086155
26,simplex_ridge,metric/the_pile_stackexchange_val_loss,5.667730808258057,5.668925210032976
26,simplex_ridge,metric/the_pile_gutenberg_pg_19_val_loss,6.119208812713623,5.931699314904566
26,simplex_ridge,metric/the_pile_pile_cc_val_loss,5.942705631256104,5.956615518513481
26,simplex_ridge,metric/the_pile_ubuntu_irc_val_loss,5.740989685058594,6.57618353934001
26,simplex_ridge,metric/the_pile_hackernews_val_loss,5.928955554962158,5.669301739663235
26,simplex_ridge,metric/the_pile_pubmed_abstracts_val_loss,4.998274326324463,5.100732838920759
26,simplex_ridge,metric/the_pile_uspto_backgrounds_val_loss,5.132785320281982,5.328133813068813
27,simplex_ridge,metric/the_pile_arxiv_val_loss,5.64911413192749,5.418070414292952
27,simplex_ridge,metric/the_pile_freelaw_val_loss,4.26276159286499,4.83119349631538
27,simplex_ridge,metric/the_pile_pubmed_central_val_loss,4.184984683990479,4.789839148168369
27,simplex_ridge,metric/the_pile_wikipedia_en_val_loss,5.313239574432373,5.714871246804986
27,simplex_ridge,metric/the_pile_dm_mathematics_val_loss,2.4710938930511475,4.1543096788362845
27,simplex_ridge,metric/the_pile_github_val_loss,5.107607364654541,5.5269976854925975
27,simplex_ridge,metric/the_pile_stackexchange_val_loss,5.51455545425415,5.535863207431692
27,simplex_ridge,metric/the_pile_gutenberg_pg_19_val_loss,4.910590171813965,5.1858643087636365
27,simplex_ridge,metric/the_pile_pile_cc_val_loss,5.607277870178223,5.740165967654731
27,simplex_ridge,metric/the_pile_ubuntu_irc_val_loss,6.157212257385254,6.971669450013778
27,simplex_ridge,metric/the_pile_hackernews_val_loss,4.921019554138184,5.28573934200984
27,simplex_ridge,metric/the_pile_pubmed_abstracts_val_loss,4.804058074951172,4.912251507369288
27,simplex_ridge,metric/the_pile_uspto_backgrounds_val_loss,5.396997451782227,5.226726954456559
28,simplex_ridge,metric/the_pile_arxiv_val_loss,4.687304496765137,5.21396642551011
28,simplex_ridge,metric/the_pile_freelaw_val_loss,4.21182918548584,4.674706324133972
28,simplex_ridge,metric/the_pile_pubmed_central_val_loss,6.05892276763916,5.5165259117245675
28,simplex_ridge,metric/the_pile_wikipedia_en_val_loss,5.891059398651123,5.984487223119271
28,simplex_ridge,metric/the_pile_dm_mathematics_val_loss,1.8401778936386108,3.6805658227526696
28,simplex_ridge,metric/the_pile_github_val_loss,4.645040035247803,5.034641720166212
28,simplex_ridge,metric/the_pile_stackexchange_val_loss,4.333330154418945,4.673536347866946
28,simplex_ridge,metric/the_pile_gutenberg_pg_19_val_loss,5.055291175842285,5.217293206236893
28,simplex_ridge,metric/the_pile_pile_cc_val_loss,5.706452369689941,5.786366411140708
28,simplex_ridge,metric/the_pile_ubuntu_irc_val_loss,7.238473415374756,6.84518785854199
28,simplex_ridge,metric/the_pile_hackernews_val_loss,5.458417892456055,5.435925769543734
28,simplex_ridge,metric/the_pile_pubmed_abstracts_val_loss,6.303548336029053,5.7262061838464655
28,simplex_ridge,metric/the_pile_uspto_backgrounds_val_loss,5.252003192901611,5.318450032370496
29,simplex_ridge,metric/the_pile_arxiv_val_loss,5.658636569976807,5.81647809007247
29,simplex_ridge,metric/the_pile_freelaw_val_loss,6.026126384735107,5.335345662487642
29,simplex_ridge,metric/the_pile_pubmed_central_val_loss,5.763899326324463,5.23736503187935
29,simplex_ridge,metric/the_pile_wikipedia_en_val_loss,6.317204475402832,5.965245370893106
29,simplex_ridge,metric/the_pile_dm_mathematics_val_loss,5.946868896484375,3.9262112675519787
29,simplex_ridge,metric/the_pile_github_val_loss,8.14659309387207,5.54143540087927
29,simplex_ridge,metric/the_pile_stackexchange_val_loss,7.142147064208984,5.717745604629089
29,simplex_ridge,metric/the_pile_gutenberg_pg_19_val_loss,4.7790937423706055,4.9134853962082605
29,simplex_ridge,metric/the_pile_pile_cc_val_loss,5.957272052764893,5.808210083961822
29,simplex_ridge,metric/the_pile_ubuntu_irc_val_loss,8.297920227050781,6.7386720047233535
29,simplex_ridge,metric/the_pile_hackernews_val_loss,5.942418098449707,5.569470934472971
29,simplex_ridge,metric/the_pile_pubmed_abstracts_val_loss,5.617604732513428,5.3695788164778
29,simplex_ridge,metric/the_pile_uspto_backgrounds_val_loss,4.1322197914123535,3.5668338403106863
30,simplex_ridge,metric/the_pile_arxiv_val_loss,6.861634254455566,5.717084145714067
30,simplex_ridge,metric/the_pile_freelaw_val_loss,5.755373954772949,5.392593715257043
30,simplex_ridge,metric/the_pile_pubmed_central_val_loss,5.65870475769043,5.313276485191447
30,simplex_ridge,metric/the_pile_wikipedia_en_val_loss,5.272236347198486,5.650640582016577
30,simplex_ridge,metric/the_pile_dm_mathematics_val_loss,5.643309116363525,3.7461345843058322
30,simplex_ridge,metric/the_pile_github_val_loss,4.5067949295043945,5.133202326396709
30,simplex_ridge,metric/the_pile_stackexchange_val_loss,5.427286148071289,5.502292002160302
30,simplex_ridge,metric/the_pile_gutenberg_pg_19_val_loss,4.814216136932373,4.925547359931631
30,simplex_ridge,metric/the_pile_pile_cc_val_loss,5.754676342010498,5.759881242360283
30,simplex_ridge,metric/the_pile_ubuntu_irc_val_loss,6.341269493103027,6.606290840589261
30,simplex_ridge,metric/the_pile_hackernews_val_loss,5.69641637802124,5.501113489659777
30,simplex_ridge,metric/the_pile_pubmed_abstracts_val_loss,5.775506496429443,5.536809331012862
30,simplex_ridge,metric/the_pile_uspto_backgrounds_val_loss,4.324811458587647,4.273825651021215
31,simplex_ridge,metric/the_pile_arxiv_val_loss,4.4081878662109375,5.188001361886589
31,simplex_ridge,metric/the_pile_freelaw_val_loss,5.024968147277832,5.293789201803399
31,simplex_ridge,metric/the_pile_pubmed_central_val_loss,4.978406429290772,5.243550481378861
31,simplex_ridge,metric/the_pile_wikipedia_en_val_loss,5.005675315856934,5.100838043955168
31,simplex_ridge,metric/the_pile_dm_mathematics_val_loss,3.812377452850342,3.6507399333256827
31,simplex_ridge,metric/the_pile_github_val_loss,5.920037746429443,5.320723563991374
31,simplex_ridge,metric/the_pile_stackexchange_val_loss,5.920503616333008,5.413580977828548
31,simplex_ridge,metric/the_pile_gutenberg_pg_19_val_loss,4.698957443237305,4.538926121060808
31,simplex_ridge,metric/the_pile_pile_cc_val_loss,5.51257848739624,5.506745013288838
31,simplex_ridge,metric/the_pile_ubuntu_irc_val_loss,7.735177040100098,6.741520754955056
31,simplex_ridge,metric/the_pile_hackernews_val_loss,5.13293981552124,5.262014153503825
31,simplex_ridge,metric/the_pile_pubmed_abstracts_val_loss,4.934744834899902,5.2200027632750094
31,simplex_ridge,metric/the_pile_uspto_backgrounds_val_loss,5.402326583862305,5.240898352058671
32,simplex_ridge,metric/the_pile_arxiv_val_loss,8.051161766052246,6.340109814611761
32,simplex_ridge,metric/the_pile_freelaw_val_loss,3.874768495559693,3.102752800943294
32,simplex_ridge,metric/the_pile_pubmed_central_val_loss,6.909854412078857,5.898687531420316
32,simplex_ridge,metric/the_pile_wikipedia_en_val_loss,6.266665935516357,6.139324280496809
32,simplex_ridge,metric/the_pile_dm_mathematics_val_loss,6.403696537017822,4.6600099774191275
32,simplex_ridge,metric/the_pile_github_val_loss,7.658684730529785,6.0992815120371215
32,simplex_ridge,metric/the_pile_stackexchange_val_loss,7.126642227172852,6.040999405172154
32,simplex_ridge,metric/the_pile_gutenberg_pg_19_val_loss,5.534601211547852,5.196051676461517
32,simplex_ridge,metric/the_pile_pile_cc_val_loss,5.833001613616943,5.879078638599513
32,simplex_ridge,metric/the_pile_ubuntu_irc_val_loss,7.933407306671143,7.695645160294103
32,simplex_ridge,metric/the_pile_hackernews_val_loss,5.835553646087647,5.7030143968919385
32,simplex_ridge,metric/the_pile_pubmed_abstracts_val_loss,5.917235374450684,5.605932742309653
32,simplex_ridge,metric/the_pile_uspto_backgrounds_val_loss,5.224470138549805,5.259673885328754
33,simplex_ridge,metric/the_pile_arxiv_val_loss,6.746493816375732,5.459384469321432
33,simplex_ridge,metric/the_pile_freelaw_val_loss,5.766384124755859,5.470776056183202
33,simplex_ridge,metric/the_pile_pubmed_central_val_loss,6.5935959815979,5.633632238092422
33,simplex_ridge,metric/the_pile_wikipedia_en_val_loss,5.976674556732178,5.901389607092387
33,simplex_ridge,metric/the_pile_dm_mathematics_val_loss,5.557881832122803,3.899891753136718
33,simplex_ridge,metric/the_pile_github_val_loss,4.100144386291504,4.54108523024316
33,simplex_ridge,metric/the_pile_stackexchange_val_loss,5.102885246276856,5.179936351447393
33,simplex_ridge,metric/the_pile_gutenberg_pg_19_val_loss,4.755634784698486,4.52699075987586
33,simplex_ridge,metric/the_pile_pile_cc_val_loss,5.5495219230651855,5.643529233876279
33,simplex_ridge,metric/the_pile_ubuntu_irc_val_loss,7.391046047210693,6.565223356355235
33,simplex_ridge,metric/the_pile_hackernews_val_loss,5.420259475708008,5.418464910802275
33,simplex_ridge,metric/the_pile_pubmed_abstracts_val_loss,6.314382076263428,5.839172341025114
33,simplex_ridge,metric/the_pile_uspto_backgrounds_val_loss,5.821866989135742,5.539750916453861
34,simplex_ridge,metric/the_pile_arxiv_val_loss,5.771609783172607,5.362224817122469
34,simplex_ridge,metric/the_pile_freelaw_val_loss,5.322272777557373,5.707248248264255
34,simplex_ridge,metric/the_pile_pubmed_central_val_loss,5.388720512390137,5.548821219670262
34,simplex_ridge,metric/the_pile_wikipedia_en_val_loss,6.635139465332031,6.307383727728219
34,simplex_ridge,metric/the_pile_dm_mathematics_val_loss,5.31644344329834,3.7502031889054264
34,simplex_ridge,metric/the_pile_github_val_loss,3.774742603302002,3.4582806241269317
34,simplex_ridge,metric/the_pile_stackexchange_val_loss,4.6902689933776855,4.590831297772704
34,simplex_ridge,metric/the_pile_gutenberg_pg_19_val_loss,5.525582313537598,5.604189639921671
34,simplex_ridge,metric/the_pile_pile_cc_val_loss,6.194097995758057,6.088791950621223
34,simplex_ridge,metric/the_pile_ubuntu_irc_val_loss,5.430849552154541,6.098411121209219
34,simplex_ridge,metric/the_pile_hackernews_val_loss,5.701431751251221,5.565134491185559
34,simplex_ridge,metric/the_pile_pubmed_abstracts_val_loss,6.310952663421631,6.0508618432161345
34,simplex_ridge,metric/the_pile_uspto_backgrounds_val_loss,6.177484512329102,5.67595732445331
35,simplex_ridge,metric/the_pile_arxiv_val_loss,5.152310848236084,4.868668192782632
35,simplex_ridge,metric/the_pile_freelaw_val_loss,6.016092777252197,5.454579279811973
35,simplex_ridge,metric/the_pile_pubmed_central_val_loss,5.6132493019104,5.297010484842435
35,simplex_ridge,metric/the_pile_wikipedia_en_val_loss,5.003716468811035,5.149780978699075
35,simplex_ridge,metric/the_pile_dm_mathematics_val_loss,1.8262804746627808,3.0390212167920336
35,simplex_ridge,metric/the_pile_github_val_loss,4.939427852630615,4.643245132697754
35,simplex_ridge,metric/the_pile_stackexchange_val_loss,4.213974952697754,4.173077886249331
35,simplex_ridge,metric/the_pile_gutenberg_pg_19_val_loss,5.9329681396484375,5.431105118204315
35,simplex_ridge,metric/the_pile_pile_cc_val_loss,5.653165340423584,5.6183374497380525
35,simplex_ridge,metric/the_pile_ubuntu_irc_val_loss,5.710831165313721,6.310834053671116
35,simplex_ridge,metric/the_pile_hackernews_val_loss,5.641227722167969,5.210820456843936
35,simplex_ridge,metric/the_pile_pubmed_abstracts_val_loss,6.202215671539307,5.747779199338664
35,simplex_ridge,metric/the_pile_uspto_backgrounds_val_loss,5.734169960021973,5.304026256960143
36,simplex_ridge,metric/the_pile_arxiv_val_loss,3.753798723220825,3.7306285775023693
36,simplex_ridge,metric/the_pile_freelaw_val_loss,6.316792964935303,5.589512762398794
36,simplex_ridge,metric/the_pile_pubmed_central_val_loss,4.444733619689941,4.879508361986115
36,simplex_ridge,metric/the_pile_wikipedia_en_val_loss,6.496055603027344,6.09839658054998
36,simplex_ridge,metric/the_pile_dm_mathematics_val_loss,2.555508136749268,3.806116269506282
36,simplex_ridge,metric/the_pile_github_val_loss,5.468338489532471,5.513206415104556
36,simplex_ridge,metric/the_pile_stackexchange_val_loss,4.637434482574463,5.183788757017222
36,simplex_ridge,metric/the_pile_gutenberg_pg_19_val_loss,5.210977077484131,5.639654430870528
36,simplex_ridge,metric/the_pile_pile_cc_val_loss,6.027653694152832,5.923554054709095
36,simplex_ridge,metric/the_pile_ubuntu_irc_val_loss,5.130958557128906,6.414269557076642
36,simplex_ridge,metric/the_pile_hackernews_val_loss,5.644321918487549,5.602160033304549
36,simplex_ridge,metric/the_pile_pubmed_abstracts_val_loss,5.471099853515625,5.6114858909009975
36,simplex_ridge,metric/the_pile_uspto_backgrounds_val_loss,5.643436908721924,5.412439780277807
37,simplex_ridge,metric/the_pile_arxiv_val_loss,5.026422023773193,5.392052326311597
37,simplex_ridge,metric/the_pile_freelaw_val_loss,5.072512626647949,5.357912232702169
37,simplex_ridge,metric/the_pile_pubmed_central_val_loss,4.223289489746094,4.805660714587991
37,simplex_ridge,metric/the_pile_wikipedia_en_val_loss,4.998081684112549,5.177728869514735
37,simplex_ridge,metric/the_pile_dm_mathematics_val_loss,2.0003106594085693,3.673762990791287
37,simplex_ridge,metric/the_pile_github_val_loss,5.011911392211914,5.357729737818496
37,simplex_ridge,metric/the_pile_stackexchange_val_loss,5.214371204376221,5.388544638490697
37,simplex_ridge,metric/the_pile_gutenberg_pg_19_val_loss,5.35777759552002,5.514254516740616
37,simplex_ridge,metric/the_pile_pile_cc_val_loss,5.670432090759277,5.659222312305559
37,simplex_ridge,metric/the_pile_ubuntu_irc_val_loss,7.577400207519531,6.487291290077753
37,simplex_ridge,metric/the_pile_hackernews_val_loss,5.103034973144531,5.279082339455951
37,simplex_ridge,metric/the_pile_pubmed_abstracts_val_loss,4.877068042755127,5.135844485164638
37,simplex_ridge,metric/the_pile_uspto_backgrounds_val_loss,4.46651554107666,4.693518355169421
38,simplex_ridge,metric/the_pile_arxiv_val_loss,5.007805824279785,5.58488228200698
38,simplex_ridge,metric/the_pile_freelaw_val_loss,4.905384063720703,5.176477351403545
38,simplex_ridge,metric/the_pile_pubmed_central_val_loss,6.044830799102783,5.813311565475452
38,simplex_ridge,metric/the_pile_wikipedia_en_val_loss,5.689024925231934,5.615553362939012
38,simplex_ridge,metric/the_pile_dm_mathematics_val_loss,5.543165683746338,4.46595524058173
38,simplex_ridge,metric/the_pile_github_val_loss,6.600042343139648,5.7457692539058165
38,simplex_ridge,metric/the_pile_stackexchange_val_loss,6.009766578674316,5.570039972803821
38,simplex_ridge,metric/the_pile_gutenberg_pg_19_val_loss,5.248143672943115,5.209668471250509
38,simplex_ridge,metric/the_pile_pile_cc_val_loss,5.204901218414307,5.2262290719109386
38,simplex_ridge,metric/the_pile_ubuntu_irc_val_loss,6.734470844268799,6.509740636486765
38,simplex_ridge,metric/the_pile_hackernews_val_loss,5.271415710449219,5.121946530543515
38,simplex_ridge,metric/the_pile_pubmed_abstracts_val_loss,5.445953369140625,5.56395870297256
38,simplex_ridge,metric/the_pile_uspto_backgrounds_val_loss,4.392505168914795,4.579808691517538
39,simplex_ridge,metric/the_pile_arxiv_val_loss,5.11309814453125,4.989952221522475
39,simplex_ridge,metric/the_pile_freelaw_val_loss,4.777293682098389,5.423512949352152
39,simplex_ridge,metric/the_pile_pubmed_central_val_loss,5.109024524688721,5.280561782669202
39,simplex_ridge,metric/the_pile_wikipedia_en_val_loss,4.968809604644775,5.083831871325501
39,simplex_ridge,metric/the_pile_dm_mathematics_val_loss,2.236644506454468,3.3450887653779686
39,simplex_ridge,metric/the_pile_github_val_loss,4.740827083587647,4.803242624033939
39,simplex_ridge,metric/the_pile_stackexchange_val_loss,4.21690845489502,4.316453357706859
39,simplex_ridge,metric/the_pile_gutenberg_pg_19_val_loss,5.307089805603027,5.428981100433677
39,simplex_ridge,metric/the_pile_pile_cc_val_loss,5.59416389465332,5.585828715177419
39,simplex_ridge,metric/the_pile_ubuntu_irc_val_loss,7.238756656646728,6.470646158148141
39,simplex_ridge,metric/the_pile_hackernews_val_loss,5.03219747543335,5.143448835919721
39,simplex_ridge,metric/the_pile_pubmed_abstracts_val_loss,5.572150707244873,5.682208852848964
39,simplex_ridge,metric/the_pile_uspto_backgrounds_val_loss,5.002451419830322,5.261743109396888
40,simplex_ridge,metric/the_pile_arxiv_val_loss,4.483772277832031,5.5528145753895215
40,simplex_ridge,metric/the_pile_freelaw_val_loss,4.084653377532959,4.3773483871847745
40,simplex_ridge,metric/the_pile_pubmed_central_val_loss,4.152863502502441,4.7515067683854335
40,simplex_ridge,metric/the_pile_wikipedia_en_val_loss,6.1054534912109375,6.104749602823173
40,simplex_ridge,metric/the_pile_dm_mathematics_val_loss,5.35400390625,4.537363814400262
40,simplex_ridge,metric/the_pile_github_val_loss,5.705118656158447,5.984926529169424
40,simplex_ridge,metric/the_pile_stackexchange_val_loss,5.056640148162842,5.7841799764032595
40,simplex_ridge,metric/the_pile_gutenberg_pg_19_val_loss,5.576696872711182,5.565748537321143
40,simplex_ridge,metric/the_pile_pile_cc_val_loss,5.732850074768066,5.896978313324064
40,simplex_ridge,metric/the_pile_ubuntu_irc_val_loss,7.658815860748291,7.221774324530304
40,simplex_ridge,metric/the_pile_hackernews_val_loss,5.443605422973633,5.6465501451007984
40,simplex_ridge,metric/the_pile_pubmed_abstracts_val_loss,5.044731616973877,5.179326273828087
40,simplex_ridge,metric/the_pile_uspto_backgrounds_val_loss,5.474844932556152,5.321202435792957
41,simplex_ridge,metric/the_pile_arxiv_val_loss,4.69763708114624,5.349824087563649
41,simplex_ridge,metric/the_pile_freelaw_val_loss,6.14774751663208,5.7378633726630985
41,simplex_ridge,metric/the_pile_pubmed_central_val_loss,5.504880428314209,5.610312910385943
41,simplex_ridge,metric/the_pile_wikipedia_en_val_loss,5.891500949859619,6.261822958819409
41,simplex_ridge,metric/the_pile_dm_mathematics_val_loss,2.5461370944976807,3.741840427367789
41,simplex_ridge,metric/the_pile_github_val_loss,3.768294095993042,3.5143844318297885
41,simplex_ridge,metric/the_pile_stackexchange_val_loss,4.877947807312012,4.713128340712436
41,simplex_ridge,metric/the_pile_gutenberg_pg_19_val_loss,5.280606746673584,5.523126372589388
41,simplex_ridge,metric/the_pile_pile_cc_val_loss,5.879600524902344,6.047164927612339
41,simplex_ridge,metric/the_pile_ubuntu_irc_val_loss,5.807758808135986,6.130857489426159
41,simplex_ridge,metric/the_pile_hackernews_val_loss,5.5165696144104,5.560100081885162
41,simplex_ridge,metric/the_pile_pubmed_abstracts_val_loss,5.912353515625,6.04232803404796
41,simplex_ridge,metric/the_pile_uspto_backgrounds_val_loss,5.507272720336914,5.67153603281694
42,simplex_ridge,metric/the_pile_arxiv_val_loss,5.103385925292969,5.414365763501429
42,simplex_ridge,metric/the_pile_freelaw_val_loss,5.81681489944458,5.483698474122704
42,simplex_ridge,metric/the_pile_pubmed_central_val_loss,4.879493713378906,5.265783320013468
42,simplex_ridge,metric/the_pile_wikipedia_en_val_loss,5.411044597625732,5.75066668276051
42,simplex_ridge,metric/the_pile_dm_mathematics_val_loss,2.4963607788085938,3.7241889590008395
42,simplex_ridge,metric/the_pile_github_val_loss,4.072724342346191,4.417057727566152
42,simplex_ridge,metric/the_pile_stackexchange_val_loss,5.021194934844971,5.041417476175267
42,simplex_ridge,metric/the_pile_gutenberg_pg_19_val_loss,5.245903015136719,5.413097912947845
42,simplex_ridge,metric/the_pile_pile_cc_val_loss,5.814209938049316,5.812743099504668
42,simplex_ridge,metric/the_pile_ubuntu_irc_val_loss,7.312902450561523,6.267045854652654
42,simplex_ridge,metric/the_pile_hackernews_val_loss,4.897205829620361,5.14186973137327
42,simplex_ridge,metric/the_pile_pubmed_abstracts_val_loss,5.433531761169434,5.5908485821180705
42,simplex_ridge,metric/the_pile_uspto_backgrounds_val_loss,4.587443828582764,4.8999951573638105
43,simplex_ridge,metric/the_pile_arxiv_val_loss,3.9178929328918457,4.434125174214712
43,simplex_ridge,metric/the_pile_freelaw_val_loss,5.826865196228027,5.410749636205208
43,simplex_ridge,metric/the_pile_pubmed_central_val_loss,5.672890663146973,5.267396821523887
43,simplex_ridge,metric/the_pile_wikipedia_en_val_loss,5.243008136749268,5.60491302439912
43,simplex_ridge,metric/the_pile_dm_mathematics_val_loss,1.9641127586364744,3.4976244281843667
43,simplex_ridge,metric/the_pile_github_val_loss,4.958409309387207,5.24796409147333
43,simplex_ridge,metric/the_pile_stackexchange_val_loss,4.631067276000977,5.086325237085922
43,simplex_ridge,metric/the_pile_gutenberg_pg_19_val_loss,4.851532936096191,5.061702809334617
43,simplex_ridge,metric/the_pile_pile_cc_val_loss,5.635731220245361,5.717127547685532
43,simplex_ridge,metric/the_pile_ubuntu_irc_val_loss,7.241580486297607,6.512737281735824
43,simplex_ridge,metric/the_pile_hackernews_val_loss,5.190623760223389,5.433247529562368
43,simplex_ridge,metric/the_pile_pubmed_abstracts_val_loss,5.716239929199219,5.690296068134367
43,simplex_ridge,metric/the_pile_uspto_backgrounds_val_loss,5.144834041595459,5.306727347768583
44,simplex_ridge,metric/the_pile_arxiv_val_loss,4.936156749725342,5.158558083336916
44,simplex_ridge,metric/the_pile_freelaw_val_loss,4.4209465980529785,5.184323361411514
44,simplex_ridge,metric/the_pile_pubmed_central_val_loss,4.081094264984131,4.224998491462242
44,simplex_ridge,metric/the_pile_wikipedia_en_val_loss,6.294333934783936,6.091818643481611
44,simplex_ridge,metric/the_pile_dm_mathematics_val_loss,2.0349221229553223,4.210314121285177
44,simplex_ridge,metric/the_pile_github_val_loss,4.572906017303467,5.539275597870865
44,simplex_ridge,metric/the_pile_stackexchange_val_loss,4.647099018096924,5.317604457347915
44,simplex_ridge,metric/the_pile_gutenberg_pg_19_val_loss,5.561471462249756,5.735805777699545
44,simplex_ridge,metric/the_pile_pile_cc_val_loss,5.9413371086120605,5.940933957514784
44,simplex_ridge,metric/the_pile_ubuntu_irc_val_loss,7.266517639160156,6.809036361333207
44,simplex_ridge,metric/the_pile_hackernews_val_loss,5.63517951965332,5.608588031643804
44,simplex_ridge,metric/the_pile_pubmed_abstracts_val_loss,5.1906046867370605,5.154048756153784
44,simplex_ridge,metric/the_pile_uspto_backgrounds_val_loss,5.514040470123291,5.360975141160664
45,simplex_ridge,metric/the_pile_arxiv_val_loss,3.638108968734741,3.1399434920428275
45,simplex_ridge,metric/the_pile_freelaw_val_loss,5.1034135818481445,5.520395273511948
45,simplex_ridge,metric/the_pile_pubmed_central_val_loss,5.953833103179932,5.189656993093927
45,simplex_ridge,metric/the_pile_wikipedia_en_val_loss,6.57130241394043,6.1921807519137815
45,simplex_ridge,metric/the_pile_dm_mathematics_val_loss,3.2984423637390137,3.8164998346686563
45,simplex_ridge,metric/the_pile_github_val_loss,5.690601825714111,5.734387294860584
45,simplex_ridge,metric/the_pile_stackexchange_val_loss,5.021487236022949,5.436904539577177
45,simplex_ridge,metric/the_pile_gutenberg_pg_19_val_loss,5.967015266418457,5.795138729993018
45,simplex_ridge,metric/the_pile_pile_cc_val_loss,6.166713714599609,6.013762335062809
45,simplex_ridge,metric/the_pile_ubuntu_irc_val_loss,7.760351181030273,6.465138494403315
45,simplex_ridge,metric/the_pile_hackernews_val_loss,5.840293884277344,5.719901256452172
45,simplex_ridge,metric/the_pile_pubmed_abstracts_val_loss,5.948450565338135,5.786444901960958
45,simplex_ridge,metric/the_pile_uspto_backgrounds_val_loss,5.693654537200928,5.429243049407308
46,simplex_ridge,metric/the_pile_arxiv_val_loss,4.831500053405762,5.211159642850604
46,simplex_ridge,metric/the_pile_freelaw_val_loss,4.930476188659668,5.441853086284956
46,simplex_ridge,metric/the_pile_pubmed_central_val_loss,4.141411304473877,4.5334351894266725
46,simplex_ridge,metric/the_pile_wikipedia_en_val_loss,5.045565605163574,5.2725743551214
46,simplex_ridge,metric/the_pile_dm_mathematics_val_loss,3.4484519958496094,3.949764148710194
46,simplex_ridge,metric/the_pile_github_val_loss,4.71076250076294,5.450893654544397
46,simplex_ridge,metric/the_pile_stackexchange_val_loss,4.8421831130981445,5.373449616113753
46,simplex_ridge,metric/the_pile_gutenberg_pg_19_val_loss,5.125277996063232,5.523738624124018
46,simplex_ridge,metric/the_pile_pile_cc_val_loss,5.396003723144531,5.599483016481072
46,simplex_ridge,metric/the_pile_ubuntu_irc_val_loss,5.420391082763672,6.511309405799742
46,simplex_ridge,metric/the_pile_hackernews_val_loss,4.930731296539307,5.235972730605695
46,simplex_ridge,metric/the_pile_pubmed_abstracts_val_loss,5.00034761428833,5.162355158756028
46,simplex_ridge,metric/the_pile_uspto_backgrounds_val_loss,5.420869827270508,5.265874529667228
47,simplex_ridge,metric/the_pile_arxiv_val_loss,8.440932273864746,5.74286211488927
47,simplex_ridge,metric/the_pile_freelaw_val_loss,6.074766635894775,5.287997578941295
47,simplex_ridge,metric/the_pile_pubmed_central_val_loss,6.765743732452393,5.247957614609454
47,simplex_ridge,metric/the_pile_wikipedia_en_val_loss,4.974913120269775,4.672318343014274
47,simplex_ridge,metric/the_pile_dm_mathematics_val_loss,2.968883991241455,3.498480475381106
47,simplex_ridge,metric/the_pile_github_val_loss,7.715780258178711,5.428498457086873
47,simplex_ridge,metric/the_pile_stackexchange_val_loss,6.937915325164795,5.528231596562428
47,simplex_ridge,metric/the_pile_gutenberg_pg_19_val_loss,5.945170879364014,5.434888383897913
47,simplex_ridge,metric/the_pile_pile_cc_val_loss,5.751434326171875,5.517680744968773
47,simplex_ridge,metric/the_pile_ubuntu_irc_val_loss,5.861015319824219,6.3771240537070915
47,simplex_ridge,metric/the_pile_hackernews_val_loss,5.153534412384033,5.190574237196258
47,simplex_ridge,metric/the_pile_pubmed_abstracts_val_loss,5.707162380218506,5.444933613999098
47,simplex_ridge,metric/the_pile_uspto_backgrounds_val_loss,4.353992938995361,4.188874107814515
48,simplex_ridge,metric/the_pile_arxiv_val_loss,4.1681437492370605,4.776867606847546
48,simplex_ridge,metric/the_pile_freelaw_val_loss,6.259349346160889,5.648410368463213
48,simplex_ridge,metric/the_pile_pubmed_central_val_loss,4.611889362335205,4.764860408821705
48,simplex_ridge,metric/the_pile_wikipedia_en_val_loss,5.667662143707275,5.990223315241798
48,simplex_ridge,metric/the_pile_dm_mathematics_val_loss,5.244356632232666,3.838905550588777
48,simplex_ridge,metric/the_pile_github_val_loss,5.20815896987915,5.210899132506222
48,simplex_ridge,metric/the_pile_stackexchange_val_loss,4.357894420623779,4.745290041655607
48,simplex_ridge,metric/the_pile_gutenberg_pg_19_val_loss,5.897227764129639,5.7540814877941
48,simplex_ridge,metric/the_pile_pile_cc_val_loss,5.876132011413574,5.885501923378982
48,simplex_ridge,metric/the_pile_ubuntu_irc_val_loss,7.667821884155273,6.56798787500536
48,simplex_ridge,metric/the_pile_hackernews_val_loss,5.675467014312744,5.475579691323431
48,simplex_ridge,metric/the_pile_pubmed_abstracts_val_loss,5.309412002563477,5.422889646639519
48,simplex_ridge,metric/the_pile_uspto_backgrounds_val_loss,4.402518272399902,4.703811756072965
49,simplex_ridge,metric/the_pile_arxiv_val_loss,3.730212926864624,3.848405764095353
49,simplex_ridge,metric/the_pile_freelaw_val_loss,4.436660289764404,5.109370825150255
49,simplex_ridge,metric/the_pile_pubmed_central_val_loss,6.001482009887695,5.359112342332096
49,simplex_ridge,metric/the_pile_wikipedia_en_val_loss,6.172852516174316,6.138649772795911
49,simplex_ridge,metric/the_pile_dm_mathematics_val_loss,5.698367595672607,4.032505954656484
49,simplex_ridge,metric/the_pile_github_val_loss,6.93580961227417,5.858093708237305
49,simplex_ridge,metric/the_pile_stackexchange_val_loss,6.398937702178955,5.641019564125535
49,simplex_ridge,metric/the_pile_gutenberg_pg_19_val_loss,5.574679851531982,5.660122096022617
49,simplex_ridge,metric/the_pile_pile_cc_val_loss,5.760085105895996,5.925127850865478
49,simplex_ridge,metric/the_pile_ubuntu_irc_val_loss,7.840114593505859,6.659277647816377
49,simplex_ridge,metric/the_pile_hackernews_val_loss,5.721960544586182,5.681606939731655
49,simplex_ridge,metric/the_pile_pubmed_abstracts_val_loss,5.851420879364014,5.734801724326739
49,simplex_ridge,metric/the_pile_uspto_backgrounds_val_loss,4.941415786743164,5.27696229642424
50,simplex_ridge,metric/the_pile_arxiv_val_loss,3.7966833114624015,4.051062098433326
50,simplex_ridge,metric/the_pile_freelaw_val_loss,5.021888732910156,5.403746349361769
50,simplex_ridge,metric/the_pile_pubmed_central_val_loss,4.600696086883545,5.0313706058254954
50,simplex_ridge,metric/the_pile_wikipedia_en_val_loss,5.298296451568604,5.683775175305342
50,simplex_ridge,metric/the_pile_dm_mathematics_val_loss,2.667093515396118,3.7782593092156396
50,simplex_ridge,metric/the_pile_github_val_loss,6.491039276123047,5.618147600447592
50,simplex_ridge,metric/the_pile_stackexchange_val_loss,6.010045051574707,5.486328016242732
50,simplex_ridge,metric/the_pile_gutenberg_pg_19_val_loss,5.5225510597229,5.599474103542534
50,simplex_ridge,metric/the_pile_pile_cc_val_loss,5.685656547546387,5.775822967353774
50,simplex_ridge,metric/the_pile_ubuntu_irc_val_loss,6.783571720123291,6.448675538346574
50,simplex_ridge,metric/the_pile_hackernews_val_loss,4.8601508140563965,5.256298636826494
50,simplex_ridge,metric/the_pile_pubmed_abstracts_val_loss,5.374444007873535,5.498611550011638
50,simplex_ridge,metric/the_pile_uspto_backgrounds_val_loss,4.758020877838135,5.087480111568131
51,simplex_ridge,metric/the_pile_arxiv_val_loss,5.532787799835205,5.146271162231646
51,simplex_ridge,metric/the_pile_freelaw_val_loss,6.527656078338623,5.792442206124248
51,simplex_ridge,metric/the_pile_pubmed_central_val_loss,5.950851917266846,5.4663777294015095
51,simplex_ridge,metric/the_pile_wikipedia_en_val_loss,6.630948543548584,6.310816269339039
51,simplex_ridge,metric/the_pile_dm_mathematics_val_loss,5.167536735534668,3.8025017042569007
51,simplex_ridge,metric/the_pile_github_val_loss,3.798149824142456,3.5125917813951935
51,simplex_ridge,metric/the_pile_stackexchange_val_loss,4.503209114074707,4.382129979067594
51,simplex_ridge,metric/the_pile_gutenberg_pg_19_val_loss,6.162086009979248,5.672346562812818
51,simplex_ridge,metric/the_pile_pile_cc_val_loss,6.187751293182373,6.0569744485222685
51,simplex_ridge,metric/the_pile_ubuntu_irc_val_loss,7.340127944946289,6.2690678417681545
51,simplex_ridge,metric/the_pile_hackernews_val_loss,5.700646877288818,5.444943805436964
51,simplex_ridge,metric/the_pile_pubmed_abstracts_val_loss,4.946561813354492,5.527878297453946
51,simplex_ridge,metric/the_pile_uspto_backgrounds_val_loss,5.756894588470459,5.5959002326476766
52,simplex_ridge,metric/the_pile_arxiv_val_loss,4.392882823944092,5.69717169287482
52,simplex_ridge,metric/the_pile_freelaw_val_loss,4.020063877105713,4.028838862369831
52,simplex_ridge,metric/the_pile_pubmed_central_val_loss,5.173309326171875,5.543445432685481
52,simplex_ridge,metric/the_pile_wikipedia_en_val_loss,6.295225143432617,6.113430773543192
52,simplex_ridge,metric/the_pile_dm_mathematics_val_loss,2.4080824851989746,4.3588111217843135
52,simplex_ridge,metric/the_pile_github_val_loss,5.564821720123291,5.704580670449755
52,simplex_ridge,metric/the_pile_stackexchange_val_loss,5.0122971534729,5.613927296341643
52,simplex_ridge,metric/the_pile_gutenberg_pg_19_val_loss,5.199732780456543,5.29899579481322
52,simplex_ridge,metric/the_pile_pile_cc_val_loss,5.959908962249756,5.890500398678917
52,simplex_ridge,metric/the_pile_ubuntu_irc_val_loss,7.7769455909729,7.313906803423536
52,simplex_ridge,metric/the_pile_hackernews_val_loss,5.533198356628418,5.571040802127836
52,simplex_ridge,metric/the_pile_pubmed_abstracts_val_loss,4.907405376434326,5.207536128089026
52,simplex_ridge,metric/the_pile_uspto_backgrounds_val_loss,4.65257453918457,4.990260104598918
53,simplex_ridge,metric/the_pile_arxiv_val_loss,7.007149696350098,6.183741252701653
53,simplex_ridge,metric/the_pile_freelaw_val_loss,3.991276979446411,3.8354400377963094
53,simplex_ridge,metric/the_pile_pubmed_central_val_loss,5.402833938598633,5.647360012621629
53,simplex_ridge,metric/the_pile_wikipedia_en_val_loss,6.188725471496582,6.131772744143334
53,simplex_ridge,metric/the_pile_dm_mathematics_val_loss,3.207134962081909,4.436427851856155
53,simplex_ridge,metric/the_pile_github_val_loss,5.462283134460449,5.880792317929696
53,simplex_ridge,metric/the_pile_stackexchange_val_loss,5.98594331741333,5.907090362027907
53,simplex_ridge,metric/the_pile_gutenberg_pg_19_val_loss,5.365267276763916,5.334293285886658
53,simplex_ridge,metric/the_pile_pile_cc_val_loss,6.085532188415527,5.913953886908209
53,simplex_ridge,metric/the_pile_ubuntu_irc_val_loss,7.815812587738037,7.328651256788826
53,simplex_ridge,metric/the_pile_hackernews_val_loss,5.907251834869385,5.672757590428522
53,simplex_ridge,metric/the_pile_pubmed_abstracts_val_loss,5.463828086853027,5.486171573061807
53,simplex_ridge,metric/the_pile_uspto_backgrounds_val_loss,4.415454387664795,4.557259893788273
54,simplex_ridge,metric/the_pile_arxiv_val_loss,4.346701622009277,5.281835870572875
54,simplex_ridge,metric/the_pile_freelaw_val_loss,5.3779706954956055,5.203752829803664
54,simplex_ridge,metric/the_pile_pubmed_central_val_loss,5.9593939781188965,5.993489487607173
54,simplex_ridge,metric/the_pile_wikipedia_en_val_loss,5.633344650268555,5.523064578502578
54,simplex_ridge,metric/the_pile_dm_mathematics_val_loss,3.2429494857788086,4.566167713271804
54,simplex_ridge,metric/the_pile_github_val_loss,5.463810443878174,5.829564870679315
54,simplex_ridge,metric/the_pile_stackexchange_val_loss,5.523324966430664,5.555557976825762
54,simplex_ridge,metric/the_pile_gutenberg_pg_19_val_loss,5.239508152008057,5.136174397722365
54,simplex_ridge,metric/the_pile_pile_cc_val_loss,5.1780619621276855,5.047078776460572
54,simplex_ridge,metric/the_pile_ubuntu_irc_val_loss,7.30163049697876,6.485451902944395
54,simplex_ridge,metric/the_pile_hackernews_val_loss,5.134288787841797,5.022670819690931
54,simplex_ridge,metric/the_pile_pubmed_abstracts_val_loss,5.7298102378845215,5.694341806709752
54,simplex_ridge,metric/the_pile_uspto_backgrounds_val_loss,4.760405540466309,5.109994600801372
55,simplex_ridge,metric/the_pile_arxiv_val_loss,4.241799354553223,5.320234714151228
55,simplex_ridge,metric/the_pile_freelaw_val_loss,4.076106548309326,4.276806827758893
55,simplex_ridge,metric/the_pile_pubmed_central_val_loss,5.621786594390869,5.445886493777152
55,simplex_ridge,metric/the_pile_wikipedia_en_val_loss,6.162235736846924,6.088792904759414
55,simplex_ridge,metric/the_pile_dm_mathematics_val_loss,5.391995906829834,4.317428389254162
55,simplex_ridge,metric/the_pile_github_val_loss,5.376951694488525,5.532840806256352
55,simplex_ridge,metric/the_pile_stackexchange_val_loss,4.80318546295166,5.3698642258059825
55,simplex_ridge,metric/the_pile_gutenberg_pg_19_val_loss,5.207559585571289,5.312889438225293
55,simplex_ridge,metric/the_pile_pile_cc_val_loss,5.744707584381104,5.865169203486845
55,simplex_ridge,metric/the_pile_ubuntu_irc_val_loss,7.082707405090332,7.249139303352919
55,simplex_ridge,metric/the_pile_hackernews_val_loss,5.2026472091674805,5.46404410487406
55,simplex_ridge,metric/the_pile_pubmed_abstracts_val_loss,4.755011558532715,4.978688465490299
55,simplex_ridge,metric/the_pile_uspto_backgrounds_val_loss,5.45875358581543,5.2384649741382034
56,simplex_ridge,metric/the_pile_arxiv_val_loss,4.411746025085449,5.243048505756472
56,simplex_ridge,metric/the_pile_freelaw_val_loss,5.112115859985352,5.306010132734893
56,simplex_ridge,metric/the_pile_pubmed_central_val_loss,4.897669792175293,5.44455672663055
56,simplex_ridge,metric/the_pile_wikipedia_en_val_loss,5.797713279724121,5.749839684443263
56,simplex_ridge,metric/the_pile_dm_mathematics_val_loss,2.632209300994873,4.022863510752533
56,simplex_ridge,metric/the_pile_github_val_loss,5.026473045349121,5.371575240786665
56,simplex_ridge,metric/the_pile_stackexchange_val_loss,4.733946800231934,5.2572972214401865
56,simplex_ridge,metric/the_pile_gutenberg_pg_19_val_loss,4.797581195831299,4.920265204483888
56,simplex_ridge,metric/the_pile_pile_cc_val_loss,5.312499046325684,5.4837063190120725
56,simplex_ridge,metric/the_pile_ubuntu_irc_val_loss,5.271421432495117,6.571897968202718
56,simplex_ridge,metric/the_pile_hackernews_val_loss,4.892145156860352,5.210680021384691
56,simplex_ridge,metric/the_pile_pubmed_abstracts_val_loss,5.140616416931152,5.445980784599098
56,simplex_ridge,metric/the_pile_uspto_backgrounds_val_loss,4.490816116333008,4.801237018991325
57,simplex_ridge,metric/the_pile_arxiv_val_loss,6.986747741699219,5.4947129499215155
57,simplex_ridge,metric/the_pile_freelaw_val_loss,5.346676349639893,5.15885997328077
57,simplex_ridge,metric/the_pile_pubmed_central_val_loss,6.521917343139648,6.03260981640174
57,simplex_ridge,metric/the_pile_wikipedia_en_val_loss,5.615074157714844,5.421871338487013
57,simplex_ridge,metric/the_pile_dm_mathematics_val_loss,5.778436183929443,4.5552765615736694
57,simplex_ridge,metric/the_pile_github_val_loss,6.708127975463867,5.791884265139316
57,simplex_ridge,metric/the_pile_stackexchange_val_loss,6.087891101837158,5.557412717094865
57,simplex_ridge,metric/the_pile_gutenberg_pg_19_val_loss,4.775575160980225,4.740356576357318
57,simplex_ridge,metric/the_pile_pile_cc_val_loss,5.14619779586792,4.948069692973561
57,simplex_ridge,metric/the_pile_ubuntu_irc_val_loss,7.10297155380249,6.577261626124813
57,simplex_ridge,metric/the_pile_hackernews_val_loss,5.194708824157715,4.9704010141812764
57,simplex_ridge,metric/the_pile_pubmed_abstracts_val_loss,5.865085124969482,5.688822871599512
57,simplex_ridge,metric/the_pile_uspto_backgrounds_val_loss,5.405097007751465,5.275433254470598
58,simplex_ridge,metric/the_pile_arxiv_val_loss,4.8471198081970215,5.468765802498524
58,simplex_ridge,metric/the_pile_freelaw_val_loss,5.378610610961914,5.265616146740976
58,simplex_ridge,metric/the_pile_pubmed_central_val_loss,5.90403413772583,5.9793245516510005
58,simplex_ridge,metric/the_pile_wikipedia_en_val_loss,5.149438858032227,5.359079425356876
58,simplex_ridge,metric/the_pile_dm_mathematics_val_loss,5.416506290435791,4.3791518692639135
58,simplex_ridge,metric/the_pile_github_val_loss,4.455813407897949,5.405073732805421
58,simplex_ridge,metric/the_pile_stackexchange_val_loss,5.100099563598633,5.396643292165233
58,simplex_ridge,metric/the_pile_gutenberg_pg_19_val_loss,5.167911052703857,5.145385355107291
58,simplex_ridge,metric/the_pile_pile_cc_val_loss,5.20856237411499,5.108271679769887
58,simplex_ridge,metric/the_pile_ubuntu_irc_val_loss,7.295760154724121,6.405924246178362
58,simplex_ridge,metric/the_pile_hackernews_val_loss,5.22182035446167,5.028357777377091
58,simplex_ridge,metric/the_pile_pubmed_abstracts_val_loss,5.887460231781006,5.767321523220487
58,simplex_ridge,metric/the_pile_uspto_backgrounds_val_loss,5.430573463439941,5.321496839799413
59,simplex_ridge,metric/the_pile_arxiv_val_loss,3.9652984142303462,4.359252021224984
59,simplex_ridge,metric/the_pile_freelaw_val_loss,6.612681865692139,5.677264899469264
59,simplex_ridge,metric/the_pile_pubmed_central_val_loss,3.9468679428100586,3.8303134980764684
59,simplex_ridge,metric/the_pile_wikipedia_en_val_loss,6.555839538574219,6.113051042030784
59,simplex_ridge,metric/the_pile_dm_mathematics_val_loss,5.376868724822998,4.28677015871662
59,simplex_ridge,metric/the_pile_github_val_loss,5.957604885101318,5.854053442592894
59,simplex_ridge,metric/the_pile_stackexchange_val_loss,5.43524169921875,5.594793504722776
59,simplex_ridge,metric/the_pile_gutenberg_pg_19_val_loss,6.635313034057617,5.929732274487757
59,simplex_ridge,metric/the_pile_pile_cc_val_loss,6.283211708068848,5.973386947653431
59,simplex_ridge,metric/the_pile_ubuntu_irc_val_loss,7.90532922744751,6.674048142806495
59,simplex_ridge,metric/the_pile_hackernews_val_loss,6.110487937927246,5.621034425781036
59,simplex_ridge,metric/the_pile_pubmed_abstracts_val_loss,4.728593826293945,4.781370943721789
59,simplex_ridge,metric/the_pile_uspto_backgrounds_val_loss,5.506335735321045,5.312955078252179
60,simplex_ridge,metric/the_pile_arxiv_val_loss,3.908792018890381,4.094588993341054
60,simplex_ridge,metric/the_pile_freelaw_val_loss,6.167742729187012,5.652672045395136
60,simplex_ridge,metric/the_pile_pubmed_central_val_loss,4.469869136810303,4.987934408180713
60,simplex_ridge,metric/the_pile_wikipedia_en_val_loss,6.070940971374512,6.037626514489176
60,simplex_ridge,metric/the_pile_dm_mathematics_val_loss,5.220755577087402,3.7059310292264236
60,simplex_ridge,metric/the_pile_github_val_loss,4.680066108703613,5.025842491824498
60,simplex_ridge,metric/the_pile_stackexchange_val_loss,4.287607192993164,4.524935776831676
60,simplex_ridge,metric/the_pile_gutenberg_pg_19_val_loss,5.089911460876465,5.452866700726536
60,simplex_ridge,metric/the_pile_pile_cc_val_loss,5.978978157043457,5.880253757572473
60,simplex_ridge,metric/the_pile_ubuntu_irc_val_loss,7.068933010101318,6.5826234939596455
60,simplex_ridge,metric/the_pile_hackernews_val_loss,5.550899982452393,5.452336991914587
60,simplex_ridge,metric/the_pile_pubmed_abstracts_val_loss,5.132067680358887,5.499208165718345
60,simplex_ridge,metric/the_pile_uspto_backgrounds_val_loss,5.589742183685303,5.416513708745859
61,simplex_ridge,metric/the_pile_arxiv_val_loss,4.552950382232666,5.016582521084735
61,simplex_ridge,metric/the_pile_freelaw_val_loss,4.252624988555908,4.862573381708023
61,simplex_ridge,metric/the_pile_pubmed_central_val_loss,5.622159957885742,5.252486235692634
61,simplex_ridge,metric/the_pile_wikipedia_en_val_loss,5.93869686126709,5.933412534270623
61,simplex_ridge,metric/the_pile_dm_mathematics_val_loss,3.5106608867645264,4.021505450725684
61,simplex_ridge,metric/the_pile_github_val_loss,4.733158111572266,4.995722841790624
61,simplex_ridge,metric/the_pile_stackexchange_val_loss,4.370215892791748,4.6595492769310605
61,simplex_ridge,metric/the_pile_gutenberg_pg_19_val_loss,5.459442615509033,5.363977454949649
61,simplex_ridge,metric/the_pile_pile_cc_val_loss,5.723842620849609,5.745661521522393
61,simplex_ridge,metric/the_pile_ubuntu_irc_val_loss,7.355634689331055,6.938176925810927
61,simplex_ridge,metric/the_pile_hackernews_val_loss,4.793247699737549,5.008776211367066
61,simplex_ridge,metric/the_pile_pubmed_abstracts_val_loss,4.70800256729126,4.880655382295788
61,simplex_ridge,metric/the_pile_uspto_backgrounds_val_loss,5.441554546356201,5.219830451221325
62,simplex_ridge,metric/the_pile_arxiv_val_loss,4.182930946350098,4.840345616150078
62,simplex_ridge,metric/the_pile_freelaw_val_loss,5.533852577209473,5.631527056265772
62,simplex_ridge,metric/the_pile_pubmed_central_val_loss,4.20123291015625,4.559637797720415
62,simplex_ridge,metric/the_pile_wikipedia_en_val_loss,5.881320476531982,6.06828987234783
62,simplex_ridge,metric/the_pile_dm_mathematics_val_loss,3.036623239517212,3.96587361595788
62,simplex_ridge,metric/the_pile_github_val_loss,4.398690700531006,5.205807969674328
62,simplex_ridge,metric/the_pile_stackexchange_val_loss,4.46083402633667,4.996369289587866
62,simplex_ridge,metric/the_pile_gutenberg_pg_19_val_loss,6.00164794921875,5.779165517773099
62,simplex_ridge,metric/the_pile_pile_cc_val_loss,5.90737771987915,5.936551187691066
62,simplex_ridge,metric/the_pile_ubuntu_irc_val_loss,5.824794769287109,6.521331501963266
62,simplex_ridge,metric/the_pile_hackernews_val_loss,5.685764789581299,5.538099914473216
62,simplex_ridge,metric/the_pile_pubmed_abstracts_val_loss,5.2286224365234375,5.349976232883952
62,simplex_ridge,metric/the_pile_uspto_backgrounds_val_loss,4.514894962310791,4.911122215257372
63,simplex_ridge,metric/the_pile_arxiv_val_loss,4.488585948944092,4.650781184698589
63,simplex_ridge,metric/the_pile_freelaw_val_loss,4.885903358459473,5.485556945125234
63,simplex_ridge,metric/the_pile_pubmed_central_val_loss,5.504492282867432,5.040072282397388
63,simplex_ridge,metric/the_pile_wikipedia_en_val_loss,6.050186634063721,5.988009765625614
63,simplex_ridge,metric/the_pile_dm_mathematics_val_loss,5.163731098175049,4.02403108786387
63,simplex_ridge,metric/the_pile_github_val_loss,5.030057430267334,4.791959221800762
63,simplex_ridge,metric/the_pile_stackexchange_val_loss,4.398993968963623,4.44349189064169
63,simplex_ridge,metric/the_pile_gutenberg_pg_19_val_loss,5.353765964508057,5.472686415434031
63,simplex_ridge,metric/the_pile_pile_cc_val_loss,5.584300518035889,5.7688143707444866
63,simplex_ridge,metric/the_pile_ubuntu_irc_val_loss,6.357541561126709,6.789737443082242
63,simplex_ridge,metric/the_pile_hackernews_val_loss,5.351061820983887,5.122712249787109
63,simplex_ridge,metric/the_pile_pubmed_abstracts_val_loss,4.4324951171875,4.222295085690078
63,simplex_ridge,metric/the_pile_uspto_backgrounds_val_loss,4.8310980796813965,5.060579186165736
64,simplex_ridge,metric/the_pile_arxiv_val_loss,3.7678377628326416,3.792091217089583
64,simplex_ridge,metric/the_pile_freelaw_val_loss,5.612824440002441,5.614125658926489
64,simplex_ridge,metric/the_pile_pubmed_central_val_loss,4.211578369140625,4.532914370514979
64,simplex_ridge,metric/the_pile_wikipedia_en_val_loss,6.416480541229248,6.162764469597593
64,simplex_ridge,metric/the_pile_dm_mathematics_val_loss,3.821753978729248,4.049505636629486
64,simplex_ridge,metric/the_pile_github_val_loss,5.0211992263793945,5.777500854781734
64,simplex_ridge,metric/the_pile_stackexchange_val_loss,5.538304328918457,5.585428423772676
64,simplex_ridge,metric/the_pile_gutenberg_pg_19_val_loss,6.066100120544434,5.8782473712376335
64,simplex_ridge,metric/the_pile_pile_cc_val_loss,6.019536018371582,6.003270174740404
64,simplex_ridge,metric/the_pile_ubuntu_irc_val_loss,5.850015640258789,6.501233771390683
64,simplex_ridge,metric/the_pile_hackernews_val_loss,5.862129211425781,5.708702652987066
64,simplex_ridge,metric/the_pile_pubmed_abstracts_val_loss,5.237085342407227,5.423317081821966
64,simplex_ridge,metric/the_pile_uspto_backgrounds_val_loss,5.148263454437256,5.369489977811648
65,simplex_ridge,metric/the_pile_arxiv_val_loss,4.367419719696045,5.282122785981565
65,simplex_ridge,metric/the_pile_freelaw_val_loss,4.768552303314209,5.1368925016905935
65,simplex_ridge,metric/the_pile_pubmed_central_val_loss,5.992532730102539,5.966837244923699
65,simplex_ridge,metric/the_pile_wikipedia_en_val_loss,5.539706707000732,5.500110132266595
65,simplex_ridge,metric/the_pile_dm_mathematics_val_loss,5.5456085205078125,4.52607845489728
65,simplex_ridge,metric/the_pile_github_val_loss,6.113979339599609,5.813381499355811
65,simplex_ridge,metric/the_pile_stackexchange_val_loss,5.528487205505371,5.554610020191448
65,simplex_ridge,metric/the_pile_gutenberg_pg_19_val_loss,4.915516376495361,4.962688145660934
65,simplex_ridge,metric/the_pile_pile_cc_val_loss,5.18274450302124,5.048662193376588
65,simplex_ridge,metric/the_pile_ubuntu_irc_val_loss,7.270689487457275,6.5583599470156875
65,simplex_ridge,metric/the_pile_hackernews_val_loss,4.866237163543701,5.001812847457187
65,simplex_ridge,metric/the_pile_pubmed_abstracts_val_loss,5.7557573318481445,5.685052755443496
65,simplex_ridge,metric/the_pile_uspto_backgrounds_val_loss,5.115623474121094,5.2504053252507425
66,simplex_ridge,metric/the_pile_arxiv_val_loss,5.594398498535156,5.406990209971431
66,simplex_ridge,metric/the_pile_freelaw_val_loss,5.503512859344482,5.275259955479144
66,simplex_ridge,metric/the_pile_pubmed_central_val_loss,4.692560195922852,5.646421115215134
66,simplex_ridge,metric/the_pile_wikipedia_en_val_loss,5.6902289390563965,5.657182080642226
66,simplex_ridge,metric/the_pile_dm_mathematics_val_loss,5.406549453735352,4.406579186009656
66,simplex_ridge,metric/the_pile_github_val_loss,5.350276947021484,5.568856303400426
66,simplex_ridge,metric/the_pile_stackexchange_val_loss,4.91867733001709,5.352330296638896
66,simplex_ridge,metric/the_pile_gutenberg_pg_19_val_loss,5.266021728515625,5.249772306697108
66,simplex_ridge,metric/the_pile_pile_cc_val_loss,5.253047466278076,5.2912580941968805
66,simplex_ridge,metric/the_pile_ubuntu_irc_val_loss,7.127767086029053,6.540586440421359
66,simplex_ridge,metric/the_pile_hackernews_val_loss,5.073119640350342,5.090954961366005
66,simplex_ridge,metric/the_pile_pubmed_abstracts_val_loss,4.9237961769104,5.301004798066463
66,simplex_ridge,metric/the_pile_uspto_backgrounds_val_loss,4.447439670562744,4.722757295189449
67,simplex_ridge,metric/the_pile_arxiv_val_loss,5.390546798706055,5.705792830896116
67,simplex_ridge,metric/the_pile_freelaw_val_loss,4.57432746887207,5.129165211008869
67,simplex_ridge,metric/the_pile_pubmed_central_val_loss,5.041927814483643,5.3332377944100475
67,simplex_ridge,metric/the_pile_wikipedia_en_val_loss,4.916013240814209,4.911471504273207
67,simplex_ridge,metric/the_pile_dm_mathematics_val_loss,2.080146312713623,3.5303778020581777
67,simplex_ridge,metric/the_pile_github_val_loss,4.720692157745361,5.263949050315282
67,simplex_ridge,metric/the_pile_stackexchange_val_loss,5.42894172668457,5.467403037834221
67,simplex_ridge,metric/the_pile_gutenberg_pg_19_val_loss,5.018121719360352,5.273322187340532
67,simplex_ridge,metric/the_pile_pile_cc_val_loss,5.65629768371582,5.597194260295034
67,simplex_ridge,metric/the_pile_ubuntu_irc_val_loss,7.789737224578857,6.513233859356883
67,simplex_ridge,metric/the_pile_hackernews_val_loss,5.236750602722168,5.323800182713761
67,simplex_ridge,metric/the_pile_pubmed_abstracts_val_loss,5.5527873039245605,5.545549402643482
67,simplex_ridge,metric/the_pile_uspto_backgrounds_val_loss,4.470640182495117,4.650653301833532
68,simplex_ridge,metric/the_pile_arxiv_val_loss,5.465458393096924,5.175773343370057
68,simplex_ridge,metric/the_pile_freelaw_val_loss,5.229877948760986,5.1871916987643925
68,simplex_ridge,metric/the_pile_pubmed_central_val_loss,6.007363319396973,5.649570412313286
68,simplex_ridge,metric/the_pile_wikipedia_en_val_loss,5.731409072875977,5.646426865758002
68,simplex_ridge,metric/the_pile_dm_mathematics_val_loss,1.8064392805099487,3.8018793190574596
68,simplex_ridge,metric/the_pile_github_val_loss,5.076081275939941,5.226404120811742
68,simplex_ridge,metric/the_pile_stackexchange_val_loss,4.749902248382568,5.042340333920212
68,simplex_ridge,metric/the_pile_gutenberg_pg_19_val_loss,4.843120098114014,4.872338957382904
68,simplex_ridge,metric/the_pile_pile_cc_val_loss,5.298006057739258,5.33999916311525
68,simplex_ridge,metric/the_pile_ubuntu_irc_val_loss,7.309943675994873,6.485617756817587
68,simplex_ridge,metric/the_pile_hackernews_val_loss,5.241468906402588,5.146241034453389
68,simplex_ridge,metric/the_pile_pubmed_abstracts_val_loss,5.101186275482178,5.514723884331497
68,simplex_ridge,metric/the_pile_uspto_backgrounds_val_loss,5.396442890167236,5.235911492111519
69,simplex_ridge,metric/the_pile_arxiv_val_loss,5.909402370452881,5.445012803167267
69,simplex_ridge,metric/the_pile_freelaw_val_loss,5.473536491394043,5.145868749665472
69,simplex_ridge,metric/the_pile_pubmed_central_val_loss,6.408538818359375,6.032965128337634
69,simplex_ridge,metric/the_pile_wikipedia_en_val_loss,5.650169372558594,5.410737892158193
69,simplex_ridge,metric/the_pile_dm_mathematics_val_loss,5.787696361541748,4.582922632118888
69,simplex_ridge,metric/the_pile_github_val_loss,6.486886978149414,5.75412833602531
69,simplex_ridge,metric/the_pile_stackexchange_val_loss,5.945801734924316,5.467374512726113
69,simplex_ridge,metric/the_pile_gutenberg_pg_19_val_loss,5.227286815643311,5.039294624078453
69,simplex_ridge,metric/the_pile_pile_cc_val_loss,5.097600936889648,4.924500217529246
69,simplex_ridge,metric/the_pile_ubuntu_irc_val_loss,5.073175430297852,6.378167807449657
69,simplex_ridge,metric/the_pile_hackernews_val_loss,4.861169338226318,4.879473274785799
69,simplex_ridge,metric/the_pile_pubmed_abstracts_val_loss,5.861124038696289,5.691487521936948
69,simplex_ridge,metric/the_pile_uspto_backgrounds_val_loss,5.427541255950928,5.231910835175847
70,simplex_ridge,metric/the_pile_arxiv_val_loss,5.791354656219482,4.924737569641225
70,simplex_ridge,metric/the_pile_freelaw_val_loss,6.508427619934082,5.725431244766509
70,simplex_ridge,metric/the_pile_pubmed_central_val_loss,3.8435235023498535,3.1910794601995027
70,simplex_ridge,metric/the_pile_wikipedia_en_val_loss,6.47025728225708,6.062223162410644
70,simplex_ridge,metric/the_pile_dm_mathematics_val_loss,5.707548141479492,4.516405070546504
70,simplex_ridge,metric/the_pile_github_val_loss,7.632749080657959,5.952368584798036
70,simplex_ridge,metric/the_pile_stackexchange_val_loss,6.859847068786621,5.710820682809325
70,simplex_ridge,metric/the_pile_gutenberg_pg_19_val_loss,6.065375328063965,5.989070324298784
70,simplex_ridge,metric/the_pile_pile_cc_val_loss,6.09637451171875,5.942463365813899
70,simplex_ridge,metric/the_pile_ubuntu_irc_val_loss,7.978414535522461,6.77481452431614
70,simplex_ridge,metric/the_pile_hackernews_val_loss,5.197091102600098,5.533929843695154
70,simplex_ridge,metric/the_pile_pubmed_abstracts_val_loss,4.642446041107178,4.377583012408234
70,simplex_ridge,metric/the_pile_uspto_backgrounds_val_loss,5.503211975097656,5.2706355803706915
71,simplex_ridge,metric/the_pile_arxiv_val_loss,5.805180549621582,5.524423457166068
71,simplex_ridge,metric/the_pile_freelaw_val_loss,5.130552768707275,5.579028858425907
71,simplex_ridge,metric/the_pile_pubmed_central_val_loss,4.548441410064697,5.216141533458038
71,simplex_ridge,metric/the_pile_wikipedia_en_val_loss,6.210517883300781,6.175879495212268
71,simplex_ridge,metric/the_pile_dm_mathematics_val_loss,5.367944240570068,3.9370607521872345
71,simplex_ridge,metric/the_pile_github_val_loss,3.9631152153015137,4.307706129045292
71,simplex_ridge,metric/the_pile_stackexchange_val_loss,4.977492809295654,5.087423306899237
71,simplex_ridge,metric/the_pile_gutenberg_pg_19_val_loss,5.732695579528809,5.655619525333877
71,simplex_ridge,metric/the_pile_pile_cc_val_loss,5.959261417388916,5.971421326920502
71,simplex_ridge,metric/the_pile_ubuntu_irc_val_loss,7.276486873626709,6.322590097677266
71,simplex_ridge,metric/the_pile_hackernews_val_loss,4.988574504852295,5.366530710985676
71,simplex_ridge,metric/the_pile_pubmed_abstracts_val_loss,5.318973064422607,5.609659933857055
71,simplex_ridge,metric/the_pile_uspto_backgrounds_val_loss,4.468218803405762,4.815964198407472
72,simplex_ridge,metric/the_pile_arxiv_val_loss,4.5284104347229,5.048218919052668
72,simplex_ridge,metric/the_pile_freelaw_val_loss,5.021412372589111,5.471678068685576
72,simplex_ridge,metric/the_pile_pubmed_central_val_loss,4.184553623199463,4.528108656887686
72,simplex_ridge,metric/the_pile_wikipedia_en_val_loss,5.882453441619873,6.0123254012029825
72,simplex_ridge,metric/the_pile_dm_mathematics_val_loss,1.8943628072738647,3.860632963405466
72,simplex_ridge,metric/the_pile_github_val_loss,4.313271522521973,5.059155368252058
72,simplex_ridge,metric/the_pile_stackexchange_val_loss,4.894092082977295,5.221857059475121
72,simplex_ridge,metric/the_pile_gutenberg_pg_19_val_loss,5.143965721130371,5.509904198373489
72,simplex_ridge,metric/the_pile_pile_cc_val_loss,5.676901817321777,5.860410610153822
72,simplex_ridge,metric/the_pile_ubuntu_irc_val_loss,5.29446268081665,6.422202141929668
72,simplex_ridge,metric/the_pile_hackernews_val_loss,5.078130722045898,5.4713288208828335
72,simplex_ridge,metric/the_pile_pubmed_abstracts_val_loss,5.139644622802734,5.309820607688675
72,simplex_ridge,metric/the_pile_uspto_backgrounds_val_loss,5.18558931350708,5.341625365204227
73,simplex_ridge,metric/the_pile_arxiv_val_loss,5.847026348114014,5.556827878848355
73,simplex_ridge,metric/the_pile_freelaw_val_loss,4.17090368270874,4.524218400541959
73,simplex_ridge,metric/the_pile_pubmed_central_val_loss,5.992398738861084,5.435514331419112
73,simplex_ridge,metric/the_pile_wikipedia_en_val_loss,5.216383934020996,5.6554368826948425
73,simplex_ridge,metric/the_pile_dm_mathematics_val_loss,1.9412392377853396,3.9036909331613674
73,simplex_ridge,metric/the_pile_github_val_loss,4.58021354675293,5.139126779808346
73,simplex_ridge,metric/the_pile_stackexchange_val_loss,5.256517887115479,5.290676954845564
73,simplex_ridge,metric/the_pile_gutenberg_pg_19_val_loss,5.497099876403809,5.32523912586534
73,simplex_ridge,metric/the_pile_pile_cc_val_loss,5.770963668823242,5.776722296205651
73,simplex_ridge,metric/the_pile_ubuntu_irc_val_loss,7.71484375,6.899860888720865
73,simplex_ridge,metric/the_pile_hackernews_val_loss,5.143347263336182,5.344899925880874
73,simplex_ridge,metric/the_pile_pubmed_abstracts_val_loss,4.813568115234375,5.090497357685944
73,simplex_ridge,metric/the_pile_uspto_backgrounds_val_loss,5.390801906585693,5.203625263625772
74,simplex_ridge,metric/the_pile_arxiv_val_loss,3.7244694232940674,3.6228977723142446
74,simplex_ridge,metric/the_pile_freelaw_val_loss,6.008955001831055,5.575170108732213
74,simplex_ridge,metric/the_pile_pubmed_central_val_loss,5.015145301818848,5.227207576765201
74,simplex_ridge,metric/the_pile_wikipedia_en_val_loss,5.551737308502197,5.968567315506375
74,simplex_ridge,metric/the_pile_dm_mathematics_val_loss,2.213706970214844,3.7362349795584304
74,simplex_ridge,metric/the_pile_github_val_loss,5.282707214355469,5.43617364704952
74,simplex_ridge,metric/the_pile_stackexchange_val_loss,4.475081920623779,5.013224334746622
74,simplex_ridge,metric/the_pile_gutenberg_pg_19_val_loss,5.738177299499512,5.695517921705318
74,simplex_ridge,metric/the_pile_pile_cc_val_loss,5.699779510498047,5.856254344207427
74,simplex_ridge,metric/the_pile_ubuntu_irc_val_loss,7.424002647399902,6.442150174567953
74,simplex_ridge,metric/the_pile_hackernews_val_loss,5.224193096160889,5.525417505351418
74,simplex_ridge,metric/the_pile_pubmed_abstracts_val_loss,5.95237922668457,5.767960343498556
74,simplex_ridge,metric/the_pile_uspto_backgrounds_val_loss,5.634478092193604,5.4157987888668675
75,simplex_ridge,metric/the_pile_arxiv_val_loss,5.42728853225708,5.6299137559246235
75,simplex_ridge,metric/the_pile_freelaw_val_loss,4.204982280731201,4.60774934209701
75,simplex_ridge,metric/the_pile_pubmed_central_val_loss,4.609395503997803,5.290950089523776
75,simplex_ridge,metric/the_pile_wikipedia_en_val_loss,5.887691497802734,5.936758254014656
75,simplex_ridge,metric/the_pile_dm_mathematics_val_loss,2.625043630599976,4.114004521832904
75,simplex_ridge,metric/the_pile_github_val_loss,5.196339130401611,5.553853526134417
75,simplex_ridge,metric/the_pile_stackexchange_val_loss,4.854483604431152,5.497613862058571
75,simplex_ridge,metric/the_pile_gutenberg_pg_19_val_loss,4.809972286224365,4.886289529498497
75,simplex_ridge,metric/the_pile_pile_cc_val_loss,5.567836761474609,5.770015328253665
75,simplex_ridge,metric/the_pile_ubuntu_irc_val_loss,5.589648246765137,7.026657229021858
75,simplex_ridge,metric/the_pile_hackernews_val_loss,5.45860481262207,5.537176388528708
75,simplex_ridge,metric/the_pile_pubmed_abstracts_val_loss,5.546303749084473,5.497844467554712
75,simplex_ridge,metric/the_pile_uspto_backgrounds_val_loss,4.684337139129639,5.0210653505769605
76,simplex_ridge,metric/the_pile_arxiv_val_loss,3.808625459671021,4.368823512262949
76,simplex_ridge,metric/the_pile_freelaw_val_loss,4.172271728515625,4.57202319926886
76,simplex_ridge,metric/the_pile_pubmed_central_val_loss,6.025245189666748,5.452310269214711
76,simplex_ridge,metric/the_pile_wikipedia_en_val_loss,6.417995452880859,6.174552583196008
76,simplex_ridge,metric/the_pile_dm_mathematics_val_loss,2.156200408935547,4.102786949229718
76,simplex_ridge,metric/the_pile_github_val_loss,7.242442607879639,5.879847328834196
76,simplex_ridge,metric/the_pile_stackexchange_val_loss,6.76452112197876,5.7155563642292275
76,simplex_ridge,metric/the_pile_gutenberg_pg_19_val_loss,5.294261932373047,5.513088130689503
76,simplex_ridge,metric/the_pile_pile_cc_val_loss,6.112255573272705,5.973081738764059
76,simplex_ridge,metric/the_pile_ubuntu_irc_val_loss,8.157010078430176,6.943782413558046
76,simplex_ridge,metric/the_pile_hackernews_val_loss,5.967411994934082,5.733681707347111
76,simplex_ridge,metric/the_pile_pubmed_abstracts_val_loss,5.75397253036499,5.697177208465727
76,simplex_ridge,metric/the_pile_uspto_backgrounds_val_loss,5.602794647216797,5.37294722453566
77,simplex_ridge,metric/the_pile_arxiv_val_loss,5.121078968048096,5.398690363949163
77,simplex_ridge,metric/the_pile_freelaw_val_loss,4.186187267303467,4.723079275890877
77,simplex_ridge,metric/the_pile_pubmed_central_val_loss,4.063381195068359,4.559753897504911
77,simplex_ridge,metric/the_pile_wikipedia_en_val_loss,6.302750587463379,6.095966151291891
77,simplex_ridge,metric/the_pile_dm_mathematics_val_loss,5.443887233734131,4.447849795670058
77,simplex_ridge,metric/the_pile_github_val_loss,5.611749172210693,5.735624985038528
77,simplex_ridge,metric/the_pile_stackexchange_val_loss,4.944844722747803,5.545636138906202
77,simplex_ridge,metric/the_pile_gutenberg_pg_19_val_loss,5.630401611328125,5.609302693044315
77,simplex_ridge,metric/the_pile_pile_cc_val_loss,5.942869663238525,5.910900460584961
77,simplex_ridge,metric/the_pile_ubuntu_irc_val_loss,7.535934925079346,7.121781787463942
77,simplex_ridge,metric/the_pile_hackernews_val_loss,5.224102020263672,5.5248782797899985
77,simplex_ridge,metric/the_pile_pubmed_abstracts_val_loss,4.7171125411987305,4.760037122287416
77,simplex_ridge,metric/the_pile_uspto_backgrounds_val_loss,4.852838516235352,5.154403062467841
78,simplex_ridge,metric/the_pile_arxiv_val_loss,3.858219623565674,4.597940511020817
78,simplex_ridge,metric/the_pile_freelaw_val_loss,4.156088352203369,4.539293749641628
78,simplex_ridge,metric/the_pile_pubmed_central_val_loss,4.626086711883545,5.290082756538447
78,simplex_ridge,metric/the_pile_wikipedia_en_val_loss,5.930944919586182,6.1484783472534525
78,simplex_ridge,metric/the_pile_dm_mathematics_val_loss,5.597759246826172,4.212486420372978
78,simplex_ridge,metric/the_pile_github_val_loss,6.932406902313232,5.939097325794319
78,simplex_ridge,metric/the_pile_stackexchange_val_loss,6.61055326461792,5.778431868434403
78,simplex_ridge,metric/the_pile_gutenberg_pg_19_val_loss,5.215539455413818,5.508608424994277
78,simplex_ridge,metric/the_pile_pile_cc_val_loss,5.969718933105469,5.9621501333096285
78,simplex_ridge,metric/the_pile_ubuntu_irc_val_loss,6.255069255828857,7.00877495588959
78,simplex_ridge,metric/the_pile_hackernews_val_loss,5.891017913818359,5.73071927933195
78,simplex_ridge,metric/the_pile_pubmed_abstracts_val_loss,5.587634086608887,5.608953853111109
78,simplex_ridge,metric/the_pile_uspto_backgrounds_val_loss,5.581173419952393,5.370642675557989
79,simplex_ridge,metric/the_pile_arxiv_val_loss,3.727626800537109,3.5068274325181434
79,simplex_ridge,metric/the_pile_freelaw_val_loss,6.723914623260498,5.558349163149417
79,simplex_ridge,metric/the_pile_pubmed_central_val_loss,5.971821308135986,5.183816709044246
79,simplex_ridge,metric/the_pile_wikipedia_en_val_loss,6.803301334381104,6.108802522955656
79,simplex_ridge,metric/the_pile_dm_mathematics_val_loss,2.1735620498657227,3.6417257908568206
79,simplex_ridge,metric/the_pile_github_val_loss,5.423378944396973,5.3392979142441215
79,simplex_ridge,metric/the_pile_stackexchange_val_loss,4.563905715942383,4.9637347233289475
79,simplex_ridge,metric/the_pile_gutenberg_pg_19_val_loss,6.460148811340332,5.7558925747407805
79,simplex_ridge,metric/the_pile_pile_cc_val_loss,6.243809223175049,5.908414264601035
79,simplex_ridge,metric/the_pile_ubuntu_irc_val_loss,4.812319278717041,6.180568024717595
79,simplex_ridge,metric/the_pile_hackernews_val_loss,5.670177459716797,5.554406227030591
79,simplex_ridge,metric/the_pile_pubmed_abstracts_val_loss,6.643232345581055,5.80197341223568
79,simplex_ridge,metric/the_pile_uspto_backgrounds_val_loss,5.9026312828063965,5.408671686208271
80,simplex_ridge,metric/the_pile_arxiv_val_loss,5.894128799438477,5.453462865365336
80,simplex_ridge,metric/the_pile_freelaw_val_loss,5.03297233581543,5.2800130377294545
80,simplex_ridge,metric/the_pile_pubmed_central_val_loss,6.359255313873291,5.675166733468172
80,simplex_ridge,metric/the_pile_wikipedia_en_val_loss,5.048344135284424,5.207515202145769
80,simplex_ridge,metric/the_pile_dm_mathematics_val_loss,2.041743755340576,3.804695021267696
80,simplex_ridge,metric/the_pile_github_val_loss,4.311027050018311,4.954733538872185
80,simplex_ridge,metric/the_pile_stackexchange_val_loss,5.089498043060303,5.175943367169899
80,simplex_ridge,metric/the_pile_gutenberg_pg_19_val_loss,5.29957389831543,5.291490353049154
80,simplex_ridge,metric/the_pile_pile_cc_val_loss,5.273863315582275,5.368880779177168
80,simplex_ridge,metric/the_pile_ubuntu_irc_val_loss,5.126842975616455,6.204224432145815
80,simplex_ridge,metric/the_pile_hackernews_val_loss,5.253196716308594,5.148450934229265
80,simplex_ridge,metric/the_pile_pubmed_abstracts_val_loss,6.036647319793701,5.767486373027191
80,simplex_ridge,metric/the_pile_uspto_backgrounds_val_loss,5.4072771072387695,5.299617889897063
81,simplex_ridge,metric/the_pile_arxiv_val_loss,5.168089389801025,5.642324927600174
81,simplex_ridge,metric/the_pile_freelaw_val_loss,4.097475051879883,4.3866604905019875
81,simplex_ridge,metric/the_pile_pubmed_central_val_loss,4.738083839416504,5.45886422796889
81,simplex_ridge,metric/the_pile_wikipedia_en_val_loss,5.92235803604126,6.0837863136105605
81,simplex_ridge,metric/the_pile_dm_mathematics_val_loss,5.249316215515137,4.160413763432615
81,simplex_ridge,metric/the_pile_github_val_loss,5.1383233070373535,5.469932972603051
81,simplex_ridge,metric/the_pile_stackexchange_val_loss,4.431123733520508,5.148792606425106
81,simplex_ridge,metric/the_pile_gutenberg_pg_19_val_loss,5.588058471679688,5.444273647585885
81,simplex_ridge,metric/the_pile_pile_cc_val_loss,5.878551006317139,5.875494701443807
81,simplex_ridge,metric/the_pile_ubuntu_irc_val_loss,7.334853172302246,7.115419115310911
81,simplex_ridge,metric/the_pile_hackernews_val_loss,5.261707782745361,5.533498364918345
81,simplex_ridge,metric/the_pile_pubmed_abstracts_val_loss,5.541432857513428,5.574696753820284
81,simplex_ridge,metric/the_pile_uspto_backgrounds_val_loss,4.52368688583374,4.8734993080149716
82,simplex_ridge,metric/the_pile_arxiv_val_loss,5.904451847076416,5.680880253792335
82,simplex_ridge,metric/the_pile_freelaw_val_loss,5.769182205200195,5.313063889285415
82,simplex_ridge,metric/the_pile_pubmed_central_val_loss,4.696850299835205,5.181545699501876
82,simplex_ridge,metric/the_pile_wikipedia_en_val_loss,4.823879241943359,4.568277270965597
82,simplex_ridge,metric/the_pile_dm_mathematics_val_loss,5.727783679962158,3.4736457532374714
82,simplex_ridge,metric/the_pile_github_val_loss,6.077179908752441,5.4251934901458405
82,simplex_ridge,metric/the_pile_stackexchange_val_loss,5.540137767791748,5.4905075202851945
82,simplex_ridge,metric/the_pile_gutenberg_pg_19_val_loss,5.70606803894043,5.465471453284381
82,simplex_ridge,metric/the_pile_pile_cc_val_loss,5.532410144805908,5.4965320349031375
82,simplex_ridge,metric/the_pile_ubuntu_irc_val_loss,5.203817844390869,6.319299898829524
82,simplex_ridge,metric/the_pile_hackernews_val_loss,5.678569316864014,5.248787575900409
82,simplex_ridge,metric/the_pile_pubmed_abstracts_val_loss,5.487232685089111,5.467257441862707
82,simplex_ridge,metric/the_pile_uspto_backgrounds_val_loss,4.3761420249938965,4.438103805615542
83,simplex_ridge,metric/the_pile_arxiv_val_loss,5.075393199920654,4.262724324651613
83,simplex_ridge,metric/the_pile_freelaw_val_loss,6.445424556732178,5.843021333557447
83,simplex_ridge,metric/the_pile_pubmed_central_val_loss,6.454787254333496,5.266329462738098
83,simplex_ridge,metric/the_pile_wikipedia_en_val_loss,6.536040306091309,6.0170691307410324
83,simplex_ridge,metric/the_pile_dm_mathematics_val_loss,4.9015793800354,3.357159285553855
83,simplex_ridge,metric/the_pile_github_val_loss,4.821788311004639,4.159961806133794
83,simplex_ridge,metric/the_pile_stackexchange_val_loss,3.950912952423096,3.0343455884879047
83,simplex_ridge,metric/the_pile_gutenberg_pg_19_val_loss,5.879345417022705,5.631885382573858
83,simplex_ridge,metric/the_pile_pile_cc_val_loss,6.042532920837402,5.806061390800734
83,simplex_ridge,metric/the_pile_ubuntu_irc_val_loss,7.179432392120361,6.513737249827319
83,simplex_ridge,metric/the_pile_hackernews_val_loss,5.175995826721191,5.181338772953199
83,simplex_ridge,metric/the_pile_pubmed_abstracts_val_loss,6.364803791046143,5.861853449528591
83,simplex_ridge,metric/the_pile_uspto_backgrounds_val_loss,5.93247127532959,5.533395707831002
84,simplex_ridge,metric/the_pile_arxiv_val_loss,4.098197937011719,4.50999497084281
84,simplex_ridge,metric/the_pile_freelaw_val_loss,5.798776626586914,5.4572575017044995
84,simplex_ridge,metric/the_pile_pubmed_central_val_loss,5.6239447593688965,5.441417832876667
84,simplex_ridge,metric/the_pile_wikipedia_en_val_loss,5.720683574676514,5.8469553808266
84,simplex_ridge,metric/the_pile_dm_mathematics_val_loss,1.895457983016968,3.6246940114982893
84,simplex_ridge,metric/the_pile_github_val_loss,4.750450134277344,4.9160043759848016
84,simplex_ridge,metric/the_pile_stackexchange_val_loss,4.273987293243408,4.399479705207801
84,simplex_ridge,metric/the_pile_gutenberg_pg_19_val_loss,5.4761643409729,5.46290274323827
84,simplex_ridge,metric/the_pile_pile_cc_val_loss,5.420907020568848,5.578606051755357
84,simplex_ridge,metric/the_pile_ubuntu_irc_val_loss,4.870192050933838,6.216581245745426
84,simplex_ridge,metric/the_pile_hackernews_val_loss,5.3629679679870605,5.218084606140057
84,simplex_ridge,metric/the_pile_pubmed_abstracts_val_loss,5.512203216552734,5.727023828820526
84,simplex_ridge,metric/the_pile_uspto_backgrounds_val_loss,5.548117637634277,5.350532628429075
85,simplex_ridge,metric/the_pile_arxiv_val_loss,6.351230144500732,5.328300085527565
85,simplex_ridge,metric/the_pile_freelaw_val_loss,6.526603221893311,5.635827607219221
85,simplex_ridge,metric/the_pile_pubmed_central_val_loss,7.105541706085205,5.587478192657844
85,simplex_ridge,metric/the_pile_wikipedia_en_val_loss,6.905886173248291,6.272593033785699
85,simplex_ridge,metric/the_pile_dm_mathematics_val_loss,1.893263339996338,3.4856031052287504
85,simplex_ridge,metric/the_pile_github_val_loss,3.81841492652893,3.475349136366003
85,simplex_ridge,metric/the_pile_stackexchange_val_loss,4.982966423034668,4.593942624631932
85,simplex_ridge,metric/the_pile_gutenberg_pg_19_val_loss,5.532324314117432,5.527144034120073
85,simplex_ridge,metric/the_pile_pile_cc_val_loss,6.387294769287109,6.057127889048735
85,simplex_ridge,metric/the_pile_ubuntu_irc_val_loss,5.368585109710693,6.016916739230362
85,simplex_ridge,metric/the_pile_hackernews_val_loss,5.784358501434326,5.56208082518493
85,simplex_ridge,metric/the_pile_pubmed_abstracts_val_loss,7.367510318756103,6.0572067199918225
85,simplex_ridge,metric/the_pile_uspto_backgrounds_val_loss,6.291447162628174,5.619128799318577
86,simplex_ridge,metric/the_pile_arxiv_val_loss,6.849578857421875,5.8019464260798435
86,simplex_ridge,metric/the_pile_freelaw_val_loss,5.184517860412598,5.392473128892259
86,simplex_ridge,metric/the_pile_pubmed_central_val_loss,5.479054927825928,5.305914945742568
86,simplex_ridge,metric/the_pile_wikipedia_en_val_loss,6.430743217468262,6.118753892145292
86,simplex_ridge,metric/the_pile_dm_mathematics_val_loss,2.4588747024536133,3.9447456832469725
86,simplex_ridge,metric/the_pile_github_val_loss,4.374997615814209,5.098996426123552
86,simplex_ridge,metric/the_pile_stackexchange_val_loss,5.2870683670043945,5.4545803306391285
86,simplex_ridge,metric/the_pile_gutenberg_pg_19_val_loss,5.779410362243652,5.6492085456521055
86,simplex_ridge,metric/the_pile_pile_cc_val_loss,5.877424240112305,5.911740568231278
86,simplex_ridge,metric/the_pile_ubuntu_irc_val_loss,5.402123928070068,6.393310415474808
86,simplex_ridge,metric/the_pile_hackernews_val_loss,5.332662105560303,5.5192422919246145
86,simplex_ridge,metric/the_pile_pubmed_abstracts_val_loss,5.454739093780518,5.467997924985516
86,simplex_ridge,metric/the_pile_uspto_backgrounds_val_loss,4.152404308319092,3.580711406700775
87,simplex_ridge,metric/the_pile_arxiv_val_loss,4.096127033233643,4.512158300064175
87,simplex_ridge,metric/the_pile_freelaw_val_loss,5.953245162963867,5.584416232049047
87,simplex_ridge,metric/the_pile_pubmed_central_val_loss,4.78422212600708,5.153861076077583
87,simplex_ridge,metric/the_pile_wikipedia_en_val_loss,5.5802741050720215,5.875214337286905
87,simplex_ridge,metric/the_pile_dm_mathematics_val_loss,5.238745212554932,3.7039606555968296
87,simplex_ridge,metric/the_pile_github_val_loss,4.159611225128174,4.554062617978013
87,simplex_ridge,metric/the_pile_stackexchange_val_loss,4.383962154388428,4.5301022446340555
87,simplex_ridge,metric/the_pile_gutenberg_pg_19_val_loss,5.635195255279541,5.535586751430877
87,simplex_ridge,metric/the_pile_pile_cc_val_loss,5.742480754852295,5.806312396798181
87,simplex_ridge,metric/the_pile_ubuntu_irc_val_loss,5.472236633300781,6.392280997579447
87,simplex_ridge,metric/the_pile_hackernews_val_loss,4.863551616668701,5.088404242424722
87,simplex_ridge,metric/the_pile_pubmed_abstracts_val_loss,4.93787145614624,5.311576350194445
87,simplex_ridge,metric/the_pile_uspto_backgrounds_val_loss,5.496954441070557,5.340261747495948
88,simplex_ridge,metric/the_pile_arxiv_val_loss,3.728371381759644,3.7380490544691503
88,simplex_ridge,metric/the_pile_freelaw_val_loss,4.478529453277588,5.16903830943047
88,simplex_ridge,metric/the_pile_pubmed_central_val_loss,5.153957366943359,5.252061129442939
88,simplex_ridge,metric/the_pile_wikipedia_en_val_loss,6.22296667098999,6.151087658884113
88,simplex_ridge,metric/the_pile_dm_mathematics_val_loss,3.768261671066284,3.9483897639870897
88,simplex_ridge,metric/the_pile_github_val_loss,6.995357513427734,5.766073106189239
88,simplex_ridge,metric/the_pile_stackexchange_val_loss,6.569522380828857,5.581799448677904
88,simplex_ridge,metric/the_pile_gutenberg_pg_19_val_loss,5.117288589477539,5.541363169991678
88,simplex_ridge,metric/the_pile_pile_cc_val_loss,6.034572124481201,5.971863926505551
88,simplex_ridge,metric/the_pile_ubuntu_irc_val_loss,6.247410297393799,6.6867307932424085
88,simplex_ridge,metric/the_pile_hackernews_val_loss,5.808062553405762,5.697508136753467
88,simplex_ridge,metric/the_pile_pubmed_abstracts_val_loss,5.353774070739746,5.618043061477706
88,simplex_ridge,metric/the_pile_uspto_backgrounds_val_loss,5.642158031463623,5.385852468615082
89,simplex_ridge,metric/the_pile_arxiv_val_loss,4.470522403717041,5.535702976673605
89,simplex_ridge,metric/the_pile_freelaw_val_loss,4.399294853210449,4.957411942784948
89,simplex_ridge,metric/the_pile_pubmed_central_val_loss,6.020051956176758,5.55761888115109
89,simplex_ridge,metric/the_pile_wikipedia_en_val_loss,5.3122968673706055,5.722041667139969
89,simplex_ridge,metric/the_pile_dm_mathematics_val_loss,3.697586297988892,4.020391510393452
89,simplex_ridge,metric/the_pile_github_val_loss,4.418660640716553,5.209232214876561
89,simplex_ridge,metric/the_pile_stackexchange_val_loss,5.100358963012695,5.401577634601365
89,simplex_ridge,metric/the_pile_gutenberg_pg_19_val_loss,5.380251884460449,5.434825228260216
89,simplex_ridge,metric/the_pile_pile_cc_val_loss,5.405994892120361,5.645497127391317
89,simplex_ridge,metric/the_pile_ubuntu_irc_val_loss,4.954042434692383,6.4290100055027395
89,simplex_ridge,metric/the_pile_hackernews_val_loss,4.990312576293945,5.322944740152885
89,simplex_ridge,metric/the_pile_pubmed_abstracts_val_loss,5.808455467224121,5.663688094748035
89,simplex_ridge,metric/the_pile_uspto_backgrounds_val_loss,4.539729118347168,4.823675824938391
90,simplex_ridge,metric/the_pile_arxiv_val_loss,3.786684989929199,4.007740130440524
90,simplex_ridge,metric/the_pile_freelaw_val_loss,4.832275390625,5.4141556831946565
90,simplex_ridge,metric/the_pile_pubmed_central_val_loss,4.898463726043701,5.407312022964045
90,simplex_ridge,metric/the_pile_wikipedia_en_val_loss,5.967018127441406,6.042716448468328
90,simplex_ridge,metric/the_pile_dm_mathematics_val_loss,5.4691572189331055,4.044189197407369
90,simplex_ridge,metric/the_pile_github_val_loss,4.576488971710205,5.523600006442885
90,simplex_ridge,metric/the_pile_stackexchange_val_loss,4.967837810516357,5.42469918699518
90,simplex_ridge,metric/the_pile_gutenberg_pg_19_val_loss,5.2604265213012695,5.565432281773495
90,simplex_ridge,metric/the_pile_pile_cc_val_loss,5.560996055603027,5.780684086876141
90,simplex_ridge,metric/the_pile_ubuntu_irc_val_loss,7.50966739654541,6.489576887725636
90,simplex_ridge,metric/the_pile_hackernews_val_loss,5.474143981933594,5.538296178538515
90,simplex_ridge,metric/the_pile_pubmed_abstracts_val_loss,5.560803890228272,5.7421297524427395
90,simplex_ridge,metric/the_pile_uspto_backgrounds_val_loss,5.446404457092285,5.418017266986363
91,simplex_ridge,metric/the_pile_arxiv_val_loss,4.081962585449219,4.395993744615898
91,simplex_ridge,metric/the_pile_freelaw_val_loss,6.165113925933838,5.54182186498046
91,simplex_ridge,metric/the_pile_pubmed_central_val_loss,4.666009902954102,4.957318051946362
91,simplex_ridge,metric/the_pile_wikipedia_en_val_loss,6.321020603179932,5.949054780569996
91,simplex_ridge,metric/the_pile_dm_mathematics_val_loss,5.397693157196045,3.9145749369987954
91,simplex_ridge,metric/the_pile_github_val_loss,4.508846282958984,4.784934081068389
91,simplex_ridge,metric/the_pile_stackexchange_val_loss,4.535510063171387,4.655230709992882
91,simplex_ridge,metric/the_pile_gutenberg_pg_19_val_loss,5.260051250457764,5.4324182903986316
91,simplex_ridge,metric/the_pile_pile_cc_val_loss,5.899391174316406,5.780303734709899
91,simplex_ridge,metric/the_pile_ubuntu_irc_val_loss,7.509303569793701,6.651844928949274
91,simplex_ridge,metric/the_pile_hackernews_val_loss,4.841768741607666,4.953688337478963
91,simplex_ridge,metric/the_pile_pubmed_abstracts_val_loss,4.521153450012207,4.425850517866168
91,simplex_ridge,metric/the_pile_uspto_backgrounds_val_loss,5.45068359375,5.164247282240614
92,simplex_ridge,metric/the_pile_arxiv_val_loss,4.762213706970215,5.28440093972147
92,simplex_ridge,metric/the_pile_freelaw_val_loss,4.70991849899292,5.312699587569784
92,simplex_ridge,metric/the_pile_pubmed_central_val_loss,4.313742637634277,4.895700515275664
92,simplex_ridge,metric/the_pile_wikipedia_en_val_loss,6.514005184173584,6.1727610269808935
92,simplex_ridge,metric/the_pile_dm_mathematics_val_loss,1.8676732778549197,3.7238779424950734
92,simplex_ridge,metric/the_pile_github_val_loss,4.142496109008789,4.709530362334537
92,simplex_ridge,metric/the_pile_stackexchange_val_loss,5.136071681976318,5.1388264672791095
92,simplex_ridge,metric/the_pile_gutenberg_pg_19_val_loss,5.97714900970459,5.645427091258806
92,simplex_ridge,metric/the_pile_pile_cc_val_loss,6.119912147521973,5.9911394585929
92,simplex_ridge,metric/the_pile_ubuntu_irc_val_loss,5.979384422302246,6.405877821948365
92,simplex_ridge,metric/the_pile_hackernews_val_loss,5.572013854980469,5.608961988115227
92,simplex_ridge,metric/the_pile_pubmed_abstracts_val_loss,5.282341003417969,5.522161123679469
92,simplex_ridge,metric/the_pile_uspto_backgrounds_val_loss,4.786281585693359,5.2021034380589395
93,simplex_ridge,metric/the_pile_arxiv_val_loss,5.143677711486816,5.803724858898752
93,simplex_ridge,metric/the_pile_freelaw_val_loss,4.339475154876709,4.940142407191882
93,simplex_ridge,metric/the_pile_pubmed_central_val_loss,5.236588001251221,5.652988721826478
93,simplex_ridge,metric/the_pile_wikipedia_en_val_loss,6.161417007446289,6.262061579343602
93,simplex_ridge,metric/the_pile_dm_mathematics_val_loss,5.597896575927734,4.112359354597386
93,simplex_ridge,metric/the_pile_github_val_loss,3.9871559143066406,4.543636211472766
93,simplex_ridge,metric/the_pile_stackexchange_val_loss,5.010427951812744,5.262643280936041
93,simplex_ridge,metric/the_pile_gutenberg_pg_19_val_loss,5.631441593170166,5.554576819517674
93,simplex_ridge,metric/the_pile_pile_cc_val_loss,5.834495544433594,6.002026164590224
93,simplex_ridge,metric/the_pile_ubuntu_irc_val_loss,7.437880516052246,6.641181158311735
93,simplex_ridge,metric/the_pile_hackernews_val_loss,5.613288879394531,5.624136282013405
93,simplex_ridge,metric/the_pile_pubmed_abstracts_val_loss,5.881497859954834,5.825410965645439
93,simplex_ridge,metric/the_pile_uspto_backgrounds_val_loss,4.606175899505615,5.046385830964491
94,simplex_ridge,metric/the_pile_arxiv_val_loss,5.694072246551514,5.216860692390945
94,simplex_ridge,metric/the_pile_freelaw_val_loss,6.133814334869385,5.581829317637329
94,simplex_ridge,metric/the_pile_pubmed_central_val_loss,4.615987300872803,5.257281926178301
94,simplex_ridge,metric/the_pile_wikipedia_en_val_loss,6.168385982513428,6.101720793703259
94,simplex_ridge,metric/the_pile_dm_mathematics_val_loss,2.0505261421203613,3.736871672040219
94,simplex_ridge,metric/the_pile_github_val_loss,4.017833232879639,4.182816111667431
94,simplex_ridge,metric/the_pile_stackexchange_val_loss,4.839486122131348,4.8571127599435195
94,simplex_ridge,metric/the_pile_gutenberg_pg_19_val_loss,4.945175647735596,5.069682877525398
94,simplex_ridge,metric/the_pile_pile_cc_val_loss,5.907817363739014,5.918727383298502
94,simplex_ridge,metric/the_pile_ubuntu_irc_val_loss,5.837466239929199,6.458176564213032
94,simplex_ridge,metric/the_pile_hackernews_val_loss,5.617880344390869,5.471987922544202
94,simplex_ridge,metric/the_pile_pubmed_abstracts_val_loss,5.0019378662109375,5.415706359918781
94,simplex_ridge,metric/the_pile_uspto_backgrounds_val_loss,5.448984146118164,5.463194819474112
95,simplex_ridge,metric/the_pile_arxiv_val_loss,5.569729328155518,5.6403445875539076
95,simplex_ridge,metric/the_pile_freelaw_val_loss,4.584021091461182,5.087256068098258
95,simplex_ridge,metric/the_pile_pubmed_central_val_loss,6.243238925933838,5.439570467307748
95,simplex_ridge,metric/the_pile_wikipedia_en_val_loss,4.967664241790772,5.028515714423649
95,simplex_ridge,metric/the_pile_dm_mathematics_val_loss,2.2835559844970703,3.733778593954113
95,simplex_ridge,metric/the_pile_github_val_loss,5.304216384887695,5.440738525779989
95,simplex_ridge,metric/the_pile_stackexchange_val_loss,5.502353191375732,5.50171826543175
95,simplex_ridge,metric/the_pile_gutenberg_pg_19_val_loss,4.858355522155762,5.028241838918838
95,simplex_ridge,metric/the_pile_pile_cc_val_loss,5.313263893127441,5.438013794481498
95,simplex_ridge,metric/the_pile_ubuntu_irc_val_loss,5.328341960906982,6.527880945547027
95,simplex_ridge,metric/the_pile_hackernews_val_loss,4.928449630737305,5.181217935648408
95,simplex_ridge,metric/the_pile_pubmed_abstracts_val_loss,5.668693542480469,5.536620242211073
95,simplex_ridge,metric/the_pile_uspto_backgrounds_val_loss,4.525542736053467,4.746613137559304
96,simplex_ridge,metric/the_pile_arxiv_val_loss,3.788387298583984,3.8722366293913337
96,simplex_ridge,metric/the_pile_freelaw_val_loss,6.463272571563721,5.57983892608285
96,simplex_ridge,metric/the_pile_pubmed_central_val_loss,5.5177435874938965,5.107098858342177
96,simplex_ridge,metric/the_pile_wikipedia_en_val_loss,6.595051288604736,6.182486355942852
96,simplex_ridge,metric/the_pile_dm_mathematics_val_loss,5.5673346519470215,3.9473197020710815
96,simplex_ridge,metric/the_pile_github_val_loss,4.598535537719727,5.231944731681454
96,simplex_ridge,metric/the_pile_stackexchange_val_loss,5.365974426269531,5.23635101366994
96,simplex_ridge,metric/the_pile_gutenberg_pg_19_val_loss,6.356646537780762,5.7265206817901335
96,simplex_ridge,metric/the_pile_pile_cc_val_loss,6.224036693572998,5.98882482488486
96,simplex_ridge,metric/the_pile_ubuntu_irc_val_loss,6.342473030090332,6.530840180147837
96,simplex_ridge,metric/the_pile_hackernews_val_loss,5.989168643951416,5.532583618612228
96,simplex_ridge,metric/the_pile_pubmed_abstracts_val_loss,4.7269287109375,5.037369388426461
96,simplex_ridge,metric/the_pile_uspto_backgrounds_val_loss,4.746583938598633,5.140914644412942
1,simplex_huber_ridge_sensitivity,metric/the_pile_arxiv_val_loss,7.0255866050720215,5.419810792448357
1,simplex_huber_ridge_sensitivity,metric/the_pile_freelaw_val_loss,5.360580921173096,5.173945047513206
1,simplex_huber_ridge_sensitivity,metric/the_pile_pubmed_central_val_loss,6.536046981811523,5.89735019712622
1,simplex_huber_ridge_sensitivity,metric/the_pile_wikipedia_en_val_loss,5.639575004577637,5.454394102049585
1,simplex_huber_ridge_sensitivity,metric/the_pile_dm_mathematics_val_loss,5.820674896240234,4.353876918767821
1,simplex_huber_ridge_sensitivity,metric/the_pile_github_val_loss,6.632823467254639,5.657546381114
1,simplex_huber_ridge_sensitivity,metric/the_pile_stackexchange_val_loss,6.107803821563721,5.515165383372109
1,simplex_huber_ridge_sensitivity,metric/the_pile_gutenberg_pg_19_val_loss,4.726566791534424,4.67420424510663
1,simplex_huber_ridge_sensitivity,metric/the_pile_pile_cc_val_loss,5.169477939605713,5.010566770272371
1,simplex_huber_ridge_sensitivity,metric/the_pile_ubuntu_irc_val_loss,7.224245071411133,6.582762659973691
1,simplex_huber_ridge_sensitivity,metric/the_pile_hackernews_val_loss,5.206871032714844,5.017921681421573
1,simplex_huber_ridge_sensitivity,metric/the_pile_pubmed_abstracts_val_loss,5.892633438110352,5.674561583056998
1,simplex_huber_ridge_sensitivity,metric/the_pile_uspto_backgrounds_val_loss,5.417374610900879,5.260683257893681
2,simplex_huber_ridge_sensitivity,metric/the_pile_arxiv_val_loss,4.738541603088379,5.266143438831601
2,simplex_huber_ridge_sensitivity,metric/the_pile_freelaw_val_loss,5.466145038604736,5.37334400482331
2,simplex_huber_ridge_sensitivity,metric/the_pile_pubmed_central_val_loss,5.808464050292969,5.540353737073506
2,simplex_huber_ridge_sensitivity,metric/the_pile_wikipedia_en_val_loss,5.42556619644165,5.70534349607575
2,simplex_huber_ridge_sensitivity,metric/the_pile_dm_mathematics_val_loss,4.61490535736084,3.9775308386255697
2,simplex_huber_ridge_sensitivity,metric/the_pile_github_val_loss,4.141744136810303,4.807330854027784
2,simplex_huber_ridge_sensitivity,metric/the_pile_stackexchange_val_loss,4.922904014587402,5.123680996342719
2,simplex_huber_ridge_sensitivity,metric/the_pile_gutenberg_pg_19_val_loss,4.954422473907471,5.115348003129083
2,simplex_huber_ridge_sensitivity,metric/the_pile_pile_cc_val_loss,5.343518733978272,5.512911441170713
2,simplex_huber_ridge_sensitivity,metric/the_pile_ubuntu_irc_val_loss,5.278083324432373,6.380974592434148
2,simplex_huber_ridge_sensitivity,metric/the_pile_hackernews_val_loss,4.80118989944458,5.1165551903065
2,simplex_huber_ridge_sensitivity,metric/the_pile_pubmed_abstracts_val_loss,5.653641700744629,5.672900332232941
2,simplex_huber_ridge_sensitivity,metric/the_pile_uspto_backgrounds_val_loss,5.584351062774658,5.351220737129264
3,simplex_huber_ridge_sensitivity,metric/the_pile_arxiv_val_loss,3.730258703231812,3.915226790234053
3,simplex_huber_ridge_sensitivity,metric/the_pile_freelaw_val_loss,5.793972492218018,5.441390152400669
3,simplex_huber_ridge_sensitivity,metric/the_pile_pubmed_central_val_loss,4.72146463394165,5.314602590137743
3,simplex_huber_ridge_sensitivity,metric/the_pile_wikipedia_en_val_loss,5.933119773864746,5.973304274146759
3,simplex_huber_ridge_sensitivity,metric/the_pile_dm_mathematics_val_loss,4.077418327331543,4.051210121638101
3,simplex_huber_ridge_sensitivity,metric/the_pile_github_val_loss,6.540956497192383,5.762962318083254
3,simplex_huber_ridge_sensitivity,metric/the_pile_stackexchange_val_loss,6.079324245452881,5.52128387911018
3,simplex_huber_ridge_sensitivity,metric/the_pile_gutenberg_pg_19_val_loss,5.561453819274902,5.591143515982615
3,simplex_huber_ridge_sensitivity,metric/the_pile_pile_cc_val_loss,5.506680965423584,5.7123284472332125
3,simplex_huber_ridge_sensitivity,metric/the_pile_ubuntu_irc_val_loss,7.476072311401367,6.473913815125927
3,simplex_huber_ridge_sensitivity,metric/the_pile_hackernews_val_loss,5.495143413543701,5.506541541507496
3,simplex_huber_ridge_sensitivity,metric/the_pile_pubmed_abstracts_val_loss,5.626057624816895,5.691704556935495
3,simplex_huber_ridge_sensitivity,metric/the_pile_uspto_backgrounds_val_loss,5.50736665725708,5.373846602747948
4,simplex_huber_ridge_sensitivity,metric/the_pile_arxiv_val_loss,4.887355327606201,5.231447162277823
4,simplex_huber_ridge_sensitivity,metric/the_pile_freelaw_val_loss,5.040224075317383,5.507289224905918
4,simplex_huber_ridge_sensitivity,metric/the_pile_pubmed_central_val_loss,5.371085166931152,5.3155663935779085
4,simplex_huber_ridge_sensitivity,metric/the_pile_wikipedia_en_val_loss,5.858128547668457,6.063831265393561
4,simplex_huber_ridge_sensitivity,metric/the_pile_dm_mathematics_val_loss,5.298433780670166,3.8097350364409417
4,simplex_huber_ridge_sensitivity,metric/the_pile_github_val_loss,4.150362968444824,4.481047593151236
4,simplex_huber_ridge_sensitivity,metric/the_pile_stackexchange_val_loss,4.455072402954102,4.730832244262095
4,simplex_huber_ridge_sensitivity,metric/the_pile_gutenberg_pg_19_val_loss,5.095427989959717,5.379709226379873
4,simplex_huber_ridge_sensitivity,metric/the_pile_pile_cc_val_loss,5.828740119934082,5.909527540742209
4,simplex_huber_ridge_sensitivity,metric/the_pile_ubuntu_irc_val_loss,7.491352558135986,6.488840105570388
4,simplex_huber_ridge_sensitivity,metric/the_pile_hackernews_val_loss,5.551083087921143,5.45121054456019
4,simplex_huber_ridge_sensitivity,metric/the_pile_pubmed_abstracts_val_loss,5.268948078155518,5.576403182285304
4,simplex_huber_ridge_sensitivity,metric/the_pile_uspto_backgrounds_val_loss,4.475535392761231,4.89936090581664
5,simplex_huber_ridge_sensitivity,metric/the_pile_arxiv_val_loss,4.034541130065918,4.550088432406259
5,simplex_huber_ridge_sensitivity,metric/the_pile_freelaw_val_loss,5.597909927368164,5.542023220986989
5,simplex_huber_ridge_sensitivity,metric/the_pile_pubmed_central_val_loss,4.6931257247924805,5.135178555924648
5,simplex_huber_ridge_sensitivity,metric/the_pile_wikipedia_en_val_loss,5.8146257400512695,5.966777798713663
5,simplex_huber_ridge_sensitivity,metric/the_pile_dm_mathematics_val_loss,2.008139610290528,3.6954364817384744
5,simplex_huber_ridge_sensitivity,metric/the_pile_github_val_loss,4.485220432281494,4.929804191581743
5,simplex_huber_ridge_sensitivity,metric/the_pile_stackexchange_val_loss,4.24920654296875,4.528210654021425
5,simplex_huber_ridge_sensitivity,metric/the_pile_gutenberg_pg_19_val_loss,5.003798007965088,5.362541983322948
5,simplex_huber_ridge_sensitivity,metric/the_pile_pile_cc_val_loss,5.760408401489258,5.823039179718134
5,simplex_huber_ridge_sensitivity,metric/the_pile_ubuntu_irc_val_loss,7.100966453552246,6.54143195126304
5,simplex_huber_ridge_sensitivity,metric/the_pile_hackernews_val_loss,5.329304218292236,5.419566001914699
5,simplex_huber_ridge_sensitivity,metric/the_pile_pubmed_abstracts_val_loss,5.664215087890625,5.644489803777122
5,simplex_huber_ridge_sensitivity,metric/the_pile_uspto_backgrounds_val_loss,4.813331127166748,5.252286393278644
6,simplex_huber_ridge_sensitivity,metric/the_pile_arxiv_val_loss,3.8481597900390634,4.244104620788641
6,simplex_huber_ridge_sensitivity,metric/the_pile_freelaw_val_loss,5.519326210021973,5.5050972017143875
6,simplex_huber_ridge_sensitivity,metric/the_pile_pubmed_central_val_loss,5.222227573394775,5.218240683912293
6,simplex_huber_ridge_sensitivity,metric/the_pile_wikipedia_en_val_loss,5.401707172393799,5.850412789458241
6,simplex_huber_ridge_sensitivity,metric/the_pile_dm_mathematics_val_loss,5.442045211791992,3.7700140042477193
6,simplex_huber_ridge_sensitivity,metric/the_pile_github_val_loss,4.315804481506348,5.090151430484224
6,simplex_huber_ridge_sensitivity,metric/the_pile_stackexchange_val_loss,5.147463321685791,5.235204534480759
6,simplex_huber_ridge_sensitivity,metric/the_pile_gutenberg_pg_19_val_loss,5.998071670532227,5.642411661386217
6,simplex_huber_ridge_sensitivity,metric/the_pile_pile_cc_val_loss,5.9236016273498535,5.917376826856254
6,simplex_huber_ridge_sensitivity,metric/the_pile_ubuntu_irc_val_loss,5.313143730163574,6.343155241327125
6,simplex_huber_ridge_sensitivity,metric/the_pile_hackernews_val_loss,5.817320823669434,5.561287987270864
6,simplex_huber_ridge_sensitivity,metric/the_pile_pubmed_abstracts_val_loss,6.0437750816345215,5.733252853479599
6,simplex_huber_ridge_sensitivity,metric/the_pile_uspto_backgrounds_val_loss,5.67151403427124,5.393370200161367
7,simplex_huber_ridge_sensitivity,metric/the_pile_arxiv_val_loss,5.365633010864258,5.3634542326111445
7,simplex_huber_ridge_sensitivity,metric/the_pile_freelaw_val_loss,5.7348151206970215,5.42148669769137
7,simplex_huber_ridge_sensitivity,metric/the_pile_pubmed_central_val_loss,4.126685619354248,4.7232841866404796
7,simplex_huber_ridge_sensitivity,metric/the_pile_wikipedia_en_val_loss,5.565597534179688,5.87728314507473
7,simplex_huber_ridge_sensitivity,metric/the_pile_dm_mathematics_val_loss,2.9376449584960938,4.18553760105165
7,simplex_huber_ridge_sensitivity,metric/the_pile_github_val_loss,5.73452091217041,5.485215270874612
7,simplex_huber_ridge_sensitivity,metric/the_pile_stackexchange_val_loss,5.128252029418945,5.496521780499133
7,simplex_huber_ridge_sensitivity,metric/the_pile_gutenberg_pg_19_val_loss,5.392933368682861,5.61185110414609
7,simplex_huber_ridge_sensitivity,metric/the_pile_pile_cc_val_loss,5.41911506652832,5.709213125835403
7,simplex_huber_ridge_sensitivity,metric/the_pile_ubuntu_irc_val_loss,5.869746685028076,6.582970009298503
7,simplex_huber_ridge_sensitivity,metric/the_pile_hackernews_val_loss,5.159833908081055,5.412106580218061
7,simplex_huber_ridge_sensitivity,metric/the_pile_pubmed_abstracts_val_loss,5.069451332092285,5.184213558322521
7,simplex_huber_ridge_sensitivity,metric/the_pile_uspto_backgrounds_val_loss,4.25531530380249,4.337778554931842
8,simplex_huber_ridge_sensitivity,metric/the_pile_arxiv_val_loss,7.175310134887695,5.769686039502198
8,simplex_huber_ridge_sensitivity,metric/the_pile_freelaw_val_loss,3.980865478515625,4.048320506645318
8,simplex_huber_ridge_sensitivity,metric/the_pile_pubmed_central_val_loss,6.568063259124756,5.8886477032651205
8,simplex_huber_ridge_sensitivity,metric/the_pile_wikipedia_en_val_loss,5.785682678222656,5.840253652982091
8,simplex_huber_ridge_sensitivity,metric/the_pile_dm_mathematics_val_loss,5.779679298400879,4.477427024193211
8,simplex_huber_ridge_sensitivity,metric/the_pile_github_val_loss,6.64463996887207,5.881669291044559
8,simplex_huber_ridge_sensitivity,metric/the_pile_stackexchange_val_loss,6.25684118270874,5.773655464345901
8,simplex_huber_ridge_sensitivity,metric/the_pile_gutenberg_pg_19_val_loss,5.178667545318604,5.114264314495353
8,simplex_huber_ridge_sensitivity,metric/the_pile_pile_cc_val_loss,5.321898460388184,5.48202936863066
8,simplex_huber_ridge_sensitivity,metric/the_pile_ubuntu_irc_val_loss,7.332483768463135,7.1244150160260045
8,simplex_huber_ridge_sensitivity,metric/the_pile_hackernews_val_loss,5.339742183685303,5.381352809401958
8,simplex_huber_ridge_sensitivity,metric/the_pile_pubmed_abstracts_val_loss,5.812262058258057,5.630983370709375
8,simplex_huber_ridge_sensitivity,metric/the_pile_uspto_backgrounds_val_loss,5.509659290313721,5.260537146691823
9,simplex_huber_ridge_sensitivity,metric/the_pile_arxiv_val_loss,5.732336521148682,4.9603255690993535
9,simplex_huber_ridge_sensitivity,metric/the_pile_freelaw_val_loss,6.613649368286133,5.668159139876363
9,simplex_huber_ridge_sensitivity,metric/the_pile_pubmed_central_val_loss,3.839976310729981,3.4950147811327117
9,simplex_huber_ridge_sensitivity,metric/the_pile_wikipedia_en_val_loss,6.18618631362915,6.058222980731041
9,simplex_huber_ridge_sensitivity,metric/the_pile_dm_mathematics_val_loss,5.692158222198486,4.351063033453354
9,simplex_huber_ridge_sensitivity,metric/the_pile_github_val_loss,7.759432315826416,5.669490931825947
9,simplex_huber_ridge_sensitivity,metric/the_pile_stackexchange_val_loss,6.9663615226745605,5.541396771297951
9,simplex_huber_ridge_sensitivity,metric/the_pile_gutenberg_pg_19_val_loss,6.6692962646484375,5.926880828021226
9,simplex_huber_ridge_sensitivity,metric/the_pile_pile_cc_val_loss,6.354576110839844,5.951413950652625
9,simplex_huber_ridge_sensitivity,metric/the_pile_ubuntu_irc_val_loss,8.405691146850586,6.72954599850299
9,simplex_huber_ridge_sensitivity,metric/the_pile_hackernews_val_loss,6.47177791595459,5.47049612471912
9,simplex_huber_ridge_sensitivity,metric/the_pile_pubmed_abstracts_val_loss,4.594342708587647,4.381575773021337
9,simplex_huber_ridge_sensitivity,metric/the_pile_uspto_backgrounds_val_loss,5.514229774475098,5.25109118194865
10,simplex_huber_ridge_sensitivity,metric/the_pile_arxiv_val_loss,4.920166969299316,5.19024799095994
10,simplex_huber_ridge_sensitivity,metric/the_pile_freelaw_val_loss,5.735522270202637,5.4262410498926785
10,simplex_huber_ridge_sensitivity,metric/the_pile_pubmed_central_val_loss,4.18813419342041,4.63280501776878
10,simplex_huber_ridge_sensitivity,metric/the_pile_wikipedia_en_val_loss,4.815326690673828,4.7076428219262265
10,simplex_huber_ridge_sensitivity,metric/the_pile_dm_mathematics_val_loss,5.443886756896973,3.760584940949181
10,simplex_huber_ridge_sensitivity,metric/the_pile_github_val_loss,5.298417091369629,5.389208412485151
10,simplex_huber_ridge_sensitivity,metric/the_pile_stackexchange_val_loss,5.052807331085205,5.374536590389365
10,simplex_huber_ridge_sensitivity,metric/the_pile_gutenberg_pg_19_val_loss,5.244697570800781,5.501640918607293
10,simplex_huber_ridge_sensitivity,metric/the_pile_pile_cc_val_loss,5.520979404449463,5.507569698501928
10,simplex_huber_ridge_sensitivity,metric/the_pile_ubuntu_irc_val_loss,7.628385543823242,6.489048468876358
10,simplex_huber_ridge_sensitivity,metric/the_pile_hackernews_val_loss,5.575355052947998,5.236114162007824
10,simplex_huber_ridge_sensitivity,metric/the_pile_pubmed_abstracts_val_loss,5.24343204498291,5.284282890480632
10,simplex_huber_ridge_sensitivity,metric/the_pile_uspto_backgrounds_val_loss,5.451025485992432,5.175814837423794
11,simplex_huber_ridge_sensitivity,metric/the_pile_arxiv_val_loss,7.649549961090088,5.9661042338806
11,simplex_huber_ridge_sensitivity,metric/the_pile_freelaw_val_loss,3.8723204135894775,3.3756042153136008
11,simplex_huber_ridge_sensitivity,metric/the_pile_pubmed_central_val_loss,6.194097995758057,5.758281199732129
11,simplex_huber_ridge_sensitivity,metric/the_pile_wikipedia_en_val_loss,6.082755088806152,6.13551887405286
11,simplex_huber_ridge_sensitivity,metric/the_pile_dm_mathematics_val_loss,6.095431327819824,4.458349324607385
11,simplex_huber_ridge_sensitivity,metric/the_pile_github_val_loss,6.030669212341309,5.903943819912321
11,simplex_huber_ridge_sensitivity,metric/the_pile_stackexchange_val_loss,6.349047660827637,5.9016406628178455
11,simplex_huber_ridge_sensitivity,metric/the_pile_gutenberg_pg_19_val_loss,5.227353572845459,5.181822267801551
11,simplex_huber_ridge_sensitivity,metric/the_pile_pile_cc_val_loss,6.076876163482666,5.896373259368318
11,simplex_huber_ridge_sensitivity,metric/the_pile_ubuntu_irc_val_loss,8.171777725219727,7.540377381315378
11,simplex_huber_ridge_sensitivity,metric/the_pile_hackernews_val_loss,5.95081901550293,5.690483817839305
11,simplex_huber_ridge_sensitivity,metric/the_pile_pubmed_abstracts_val_loss,5.37153434753418,5.486559224286536
11,simplex_huber_ridge_sensitivity,metric/the_pile_uspto_backgrounds_val_loss,5.747413158416748,5.269574087864058
12,simplex_huber_ridge_sensitivity,metric/the_pile_arxiv_val_loss,6.068508148193359,5.673087254827104
12,simplex_huber_ridge_sensitivity,metric/the_pile_freelaw_val_loss,4.028927326202393,4.112162551730433
12,simplex_huber_ridge_sensitivity,metric/the_pile_pubmed_central_val_loss,4.410226821899414,5.2949092092443735
12,simplex_huber_ridge_sensitivity,metric/the_pile_wikipedia_en_val_loss,5.977132320404053,6.0249836776309404
12,simplex_huber_ridge_sensitivity,metric/the_pile_dm_mathematics_val_loss,5.78095817565918,4.2946364883090355
12,simplex_huber_ridge_sensitivity,metric/the_pile_github_val_loss,6.723077297210693,5.713214321067018
12,simplex_huber_ridge_sensitivity,metric/the_pile_stackexchange_val_loss,6.378947734832764,5.734993526040031
12,simplex_huber_ridge_sensitivity,metric/the_pile_gutenberg_pg_19_val_loss,4.868281841278076,5.026182897032485
12,simplex_huber_ridge_sensitivity,metric/the_pile_pile_cc_val_loss,5.962575435638428,5.837894949938053
12,simplex_huber_ridge_sensitivity,metric/the_pile_ubuntu_irc_val_loss,7.836051940917969,7.258735404320435
12,simplex_huber_ridge_sensitivity,metric/the_pile_hackernews_val_loss,5.869334697723389,5.6034810388711405
12,simplex_huber_ridge_sensitivity,metric/the_pile_pubmed_abstracts_val_loss,5.124939918518066,5.343690028170947
12,simplex_huber_ridge_sensitivity,metric/the_pile_uspto_backgrounds_val_loss,5.561253070831299,5.2689293989419985
13,simplex_huber_ridge_sensitivity,metric/the_pile_arxiv_val_loss,5.616719722747803,5.073643703968316
13,simplex_huber_ridge_sensitivity,metric/the_pile_freelaw_val_loss,5.331273078918457,5.600538247684956
13,simplex_huber_ridge_sensitivity,metric/the_pile_pubmed_central_val_loss,3.885855674743652,3.71819356100732
13,simplex_huber_ridge_sensitivity,metric/the_pile_wikipedia_en_val_loss,5.94351863861084,5.962433790386384
13,simplex_huber_ridge_sensitivity,metric/the_pile_dm_mathematics_val_loss,5.511852741241455,4.410178245126666
13,simplex_huber_ridge_sensitivity,metric/the_pile_github_val_loss,6.898706912994385,5.8220236679605035
13,simplex_huber_ridge_sensitivity,metric/the_pile_stackexchange_val_loss,6.376709938049316,5.663715523588601
13,simplex_huber_ridge_sensitivity,metric/the_pile_gutenberg_pg_19_val_loss,5.554836273193359,5.8458666450209025
13,simplex_huber_ridge_sensitivity,metric/the_pile_pile_cc_val_loss,5.542590618133545,5.79211122789783
13,simplex_huber_ridge_sensitivity,metric/the_pile_ubuntu_irc_val_loss,7.0256781578063965,6.6764647562076656
13,simplex_huber_ridge_sensitivity,metric/the_pile_hackernews_val_loss,5.158526420593262,5.451810820188609
13,simplex_huber_ridge_sensitivity,metric/the_pile_pubmed_abstracts_val_loss,4.978461265563965,4.7769918002095295
13,simplex_huber_ridge_sensitivity,metric/the_pile_uspto_backgrounds_val_loss,5.384755611419678,5.296167593688979
14,simplex_huber_ridge_sensitivity,metric/the_pile_arxiv_val_loss,5.436479568481445,5.007835844029804
14,simplex_huber_ridge_sensitivity,metric/the_pile_freelaw_val_loss,5.218822956085205,5.419082156783022
14,simplex_huber_ridge_sensitivity,metric/the_pile_pubmed_central_val_loss,4.133479595184326,4.719809065418967
14,simplex_huber_ridge_sensitivity,metric/the_pile_wikipedia_en_val_loss,5.507219314575195,5.795293656900176
14,simplex_huber_ridge_sensitivity,metric/the_pile_dm_mathematics_val_loss,2.3308768272399902,3.9871414543154113
14,simplex_huber_ridge_sensitivity,metric/the_pile_github_val_loss,4.662861347198486,5.007559911411496
14,simplex_huber_ridge_sensitivity,metric/the_pile_stackexchange_val_loss,4.974141597747803,5.057251422514372
14,simplex_huber_ridge_sensitivity,metric/the_pile_gutenberg_pg_19_val_loss,5.0477824211120605,5.3373134602212255
14,simplex_huber_ridge_sensitivity,metric/the_pile_pile_cc_val_loss,5.597803115844727,5.727433733480155
14,simplex_huber_ridge_sensitivity,metric/the_pile_ubuntu_irc_val_loss,5.373387336730957,6.61394010329516
14,simplex_huber_ridge_sensitivity,metric/the_pile_hackernews_val_loss,4.832281112670898,5.047526224900988
14,simplex_huber_ridge_sensitivity,metric/the_pile_pubmed_abstracts_val_loss,4.571138381958008,4.597947619058179
14,simplex_huber_ridge_sensitivity,metric/the_pile_uspto_backgrounds_val_loss,4.946125507354736,5.105286168979727
15,simplex_huber_ridge_sensitivity,metric/the_pile_arxiv_val_loss,4.835928916931152,4.892663070446016
15,simplex_huber_ridge_sensitivity,metric/the_pile_freelaw_val_loss,5.9763712882995605,5.54459469885705
15,simplex_huber_ridge_sensitivity,metric/the_pile_pubmed_central_val_loss,4.696907997131348,5.137064904448058
15,simplex_huber_ridge_sensitivity,metric/the_pile_wikipedia_en_val_loss,5.286471366882324,5.716050507138104
15,simplex_huber_ridge_sensitivity,metric/the_pile_dm_mathematics_val_loss,2.612511157989502,3.724444542907496
15,simplex_huber_ridge_sensitivity,metric/the_pile_github_val_loss,4.265994071960449,4.646286904546979
15,simplex_huber_ridge_sensitivity,metric/the_pile_stackexchange_val_loss,4.273486614227295,4.400421755006843
15,simplex_huber_ridge_sensitivity,metric/the_pile_gutenberg_pg_19_val_loss,5.212732315063477,5.453652096775307
15,simplex_huber_ridge_sensitivity,metric/the_pile_pile_cc_val_loss,5.70292329788208,5.756393992436095
15,simplex_huber_ridge_sensitivity,metric/the_pile_ubuntu_irc_val_loss,7.151707649230957,6.542784783796179
15,simplex_huber_ridge_sensitivity,metric/the_pile_hackernews_val_loss,4.99690580368042,5.166833789917918
15,simplex_huber_ridge_sensitivity,metric/the_pile_pubmed_abstracts_val_loss,4.784799575805664,5.186378522007727
15,simplex_huber_ridge_sensitivity,metric/the_pile_uspto_backgrounds_val_loss,4.6978535652160645,5.117664952220179
16,simplex_huber_ridge_sensitivity,metric/the_pile_arxiv_val_loss,4.263101577758789,4.930637409923396
16,simplex_huber_ridge_sensitivity,metric/the_pile_freelaw_val_loss,4.731163024902344,5.273209517529718
16,simplex_huber_ridge_sensitivity,metric/the_pile_pubmed_central_val_loss,4.446780204772949,5.026674618132058
16,simplex_huber_ridge_sensitivity,metric/the_pile_wikipedia_en_val_loss,6.137884616851807,5.991811503176348
16,simplex_huber_ridge_sensitivity,metric/the_pile_dm_mathematics_val_loss,1.8533507585525515,3.7101895480663742
16,simplex_huber_ridge_sensitivity,metric/the_pile_github_val_loss,4.429530620574951,4.964539149717859
16,simplex_huber_ridge_sensitivity,metric/the_pile_stackexchange_val_loss,4.592880725860596,4.93415394589241
16,simplex_huber_ridge_sensitivity,metric/the_pile_gutenberg_pg_19_val_loss,5.278256893157959,5.461073122905019
16,simplex_huber_ridge_sensitivity,metric/the_pile_pile_cc_val_loss,5.888399600982666,5.853040993717711
16,simplex_huber_ridge_sensitivity,metric/the_pile_ubuntu_irc_val_loss,5.00335693359375,6.441952645476892
16,simplex_huber_ridge_sensitivity,metric/the_pile_hackernews_val_loss,5.570482730865479,5.470589057621457
16,simplex_huber_ridge_sensitivity,metric/the_pile_pubmed_abstracts_val_loss,5.373453140258789,5.495584384743599
16,simplex_huber_ridge_sensitivity,metric/the_pile_uspto_backgrounds_val_loss,4.804718494415283,5.153808301244465
17,simplex_huber_ridge_sensitivity,metric/the_pile_arxiv_val_loss,3.779206991195679,4.230782869132925
17,simplex_huber_ridge_sensitivity,metric/the_pile_freelaw_val_loss,4.426825046539307,5.110376942589974
17,simplex_huber_ridge_sensitivity,metric/the_pile_pubmed_central_val_loss,5.9820075035095215,5.320385405406624
17,simplex_huber_ridge_sensitivity,metric/the_pile_wikipedia_en_val_loss,6.0802001953125,6.1059392379170525
17,simplex_huber_ridge_sensitivity,metric/the_pile_dm_mathematics_val_loss,2.6709392070770264,3.9325619827991902
17,simplex_huber_ridge_sensitivity,metric/the_pile_github_val_loss,4.874502658843994,5.507677043647247
17,simplex_huber_ridge_sensitivity,metric/the_pile_stackexchange_val_loss,4.626718521118164,5.264403843444162
17,simplex_huber_ridge_sensitivity,metric/the_pile_gutenberg_pg_19_val_loss,5.488972187042236,5.606998802527882
17,simplex_huber_ridge_sensitivity,metric/the_pile_pile_cc_val_loss,5.748971939086914,5.9141031729825615
17,simplex_huber_ridge_sensitivity,metric/the_pile_ubuntu_irc_val_loss,5.351980686187744,6.633077024982133
17,simplex_huber_ridge_sensitivity,metric/the_pile_hackernews_val_loss,5.358956336975098,5.607442665995817
17,simplex_huber_ridge_sensitivity,metric/the_pile_pubmed_abstracts_val_loss,6.06849479675293,5.7055679260014625
17,simplex_huber_ridge_sensitivity,metric/the_pile_uspto_backgrounds_val_loss,4.903680324554443,5.256649101385874
18,simplex_huber_ridge_sensitivity,metric/the_pile_arxiv_val_loss,5.161006927490234,5.145888323173552
18,simplex_huber_ridge_sensitivity,metric/the_pile_freelaw_val_loss,5.229340553283691,5.373294166764004
18,simplex_huber_ridge_sensitivity,metric/the_pile_pubmed_central_val_loss,4.228277683258057,5.0903056361178605
18,simplex_huber_ridge_sensitivity,metric/the_pile_wikipedia_en_val_loss,5.453532695770264,5.692326130747943
18,simplex_huber_ridge_sensitivity,metric/the_pile_dm_mathematics_val_loss,2.4409642219543457,4.206645295257225
18,simplex_huber_ridge_sensitivity,metric/the_pile_github_val_loss,4.761942863464356,5.435471456164545
18,simplex_huber_ridge_sensitivity,metric/the_pile_stackexchange_val_loss,4.659525871276856,5.209447992204911
18,simplex_huber_ridge_sensitivity,metric/the_pile_gutenberg_pg_19_val_loss,5.3418684005737305,5.402282886601209
18,simplex_huber_ridge_sensitivity,metric/the_pile_pile_cc_val_loss,5.253754138946533,5.405559170120849
18,simplex_huber_ridge_sensitivity,metric/the_pile_ubuntu_irc_val_loss,5.025073528289795,6.474418788204935
18,simplex_huber_ridge_sensitivity,metric/the_pile_hackernews_val_loss,5.077229022979736,5.151472166699563
18,simplex_huber_ridge_sensitivity,metric/the_pile_pubmed_abstracts_val_loss,5.035791397094727,5.342910379350746
18,simplex_huber_ridge_sensitivity,metric/the_pile_uspto_backgrounds_val_loss,5.336487293243408,5.268564935915387
19,simplex_huber_ridge_sensitivity,metric/the_pile_arxiv_val_loss,4.140886306762695,5.069625012781858
19,simplex_huber_ridge_sensitivity,metric/the_pile_freelaw_val_loss,4.335186004638672,4.916169405695103
19,simplex_huber_ridge_sensitivity,metric/the_pile_pubmed_central_val_loss,5.162656307220459,5.610514710185638
19,simplex_huber_ridge_sensitivity,metric/the_pile_wikipedia_en_val_loss,5.283300876617432,5.618595502833526
19,simplex_huber_ridge_sensitivity,metric/the_pile_dm_mathematics_val_loss,2.4845540523529053,4.154163448242277
19,simplex_huber_ridge_sensitivity,metric/the_pile_github_val_loss,5.453387260437012,5.580589344267615
19,simplex_huber_ridge_sensitivity,metric/the_pile_stackexchange_val_loss,4.819840431213379,5.385950603565477
19,simplex_huber_ridge_sensitivity,metric/the_pile_gutenberg_pg_19_val_loss,5.22469425201416,5.249963919627439
19,simplex_huber_ridge_sensitivity,metric/the_pile_pile_cc_val_loss,5.247750759124756,5.417497940373804
19,simplex_huber_ridge_sensitivity,metric/the_pile_ubuntu_irc_val_loss,5.317441940307617,6.647602106492434
19,simplex_huber_ridge_sensitivity,metric/the_pile_hackernews_val_loss,4.833442211151123,5.185242578309456
19,simplex_huber_ridge_sensitivity,metric/the_pile_pubmed_abstracts_val_loss,5.59989070892334,5.630016375436899
19,simplex_huber_ridge_sensitivity,metric/the_pile_uspto_backgrounds_val_loss,5.306461811065674,5.249282590913586
20,simplex_huber_ridge_sensitivity,metric/the_pile_arxiv_val_loss,5.3710455894470215,5.150041985929707
20,simplex_huber_ridge_sensitivity,metric/the_pile_freelaw_val_loss,5.678719520568848,5.4439628648435745
20,simplex_huber_ridge_sensitivity,metric/the_pile_pubmed_central_val_loss,4.048504829406738,4.585701111607987
20,simplex_huber_ridge_sensitivity,metric/the_pile_wikipedia_en_val_loss,5.386486530303955,5.74220757587306
20,simplex_huber_ridge_sensitivity,metric/the_pile_dm_mathematics_val_loss,5.511875629425049,4.206327482126231
20,simplex_huber_ridge_sensitivity,metric/the_pile_github_val_loss,5.1697998046875,5.488611363448251
20,simplex_huber_ridge_sensitivity,metric/the_pile_stackexchange_val_loss,5.506645202636719,5.443376307912544
20,simplex_huber_ridge_sensitivity,metric/the_pile_gutenberg_pg_19_val_loss,4.875679969787598,5.263020638043957
20,simplex_huber_ridge_sensitivity,metric/the_pile_pile_cc_val_loss,5.347065448760986,5.595015959138517
20,simplex_huber_ridge_sensitivity,metric/the_pile_ubuntu_irc_val_loss,5.458584308624268,6.641351351280127
20,simplex_huber_ridge_sensitivity,metric/the_pile_hackernews_val_loss,4.99979829788208,5.276225320609321
20,simplex_huber_ridge_sensitivity,metric/the_pile_pubmed_abstracts_val_loss,4.78153657913208,4.9748913577554905
20,simplex_huber_ridge_sensitivity,metric/the_pile_uspto_backgrounds_val_loss,5.3079118728637695,5.244598535843149
21,simplex_huber_ridge_sensitivity,metric/the_pile_arxiv_val_loss,3.7148549556732178,3.7520295816604268
21,simplex_huber_ridge_sensitivity,metric/the_pile_freelaw_val_loss,5.775569438934326,5.482304942392622
21,simplex_huber_ridge_sensitivity,metric/the_pile_pubmed_central_val_loss,4.841148376464844,5.097968879271984
21,simplex_huber_ridge_sensitivity,metric/the_pile_wikipedia_en_val_loss,5.580223083496094,5.973474141219732
21,simplex_huber_ridge_sensitivity,metric/the_pile_dm_mathematics_val_loss,5.613797664642334,3.8289170068736977
21,simplex_huber_ridge_sensitivity,metric/the_pile_github_val_loss,5.322590827941895,5.574753074120204
21,simplex_huber_ridge_sensitivity,metric/the_pile_stackexchange_val_loss,5.57145357131958,5.4310279185301615
21,simplex_huber_ridge_sensitivity,metric/the_pile_gutenberg_pg_19_val_loss,5.821041584014893,5.71407732022419
21,simplex_huber_ridge_sensitivity,metric/the_pile_pile_cc_val_loss,5.878022193908691,5.912577723615479
21,simplex_huber_ridge_sensitivity,metric/the_pile_ubuntu_irc_val_loss,5.166763305664063,6.399326972592271
21,simplex_huber_ridge_sensitivity,metric/the_pile_hackernews_val_loss,5.064894676208496,5.561681040496123
21,simplex_huber_ridge_sensitivity,metric/the_pile_pubmed_abstracts_val_loss,5.783607482910156,5.656848100681576
21,simplex_huber_ridge_sensitivity,metric/the_pile_uspto_backgrounds_val_loss,4.927324771881104,5.256986111033947
22,simplex_huber_ridge_sensitivity,metric/the_pile_arxiv_val_loss,5.313518524169922,5.4578190588965105
22,simplex_huber_ridge_sensitivity,metric/the_pile_freelaw_val_loss,4.5764875411987305,5.117466573398636
22,simplex_huber_ridge_sensitivity,metric/the_pile_pubmed_central_val_loss,5.541999340057373,5.354353324299119
22,simplex_huber_ridge_sensitivity,metric/the_pile_wikipedia_en_val_loss,6.369202136993408,5.935473148375177
22,simplex_huber_ridge_sensitivity,metric/the_pile_dm_mathematics_val_loss,2.23321795463562,3.873003807947799
22,simplex_huber_ridge_sensitivity,metric/the_pile_github_val_loss,4.412414073944092,4.911688201656465
22,simplex_huber_ridge_sensitivity,metric/the_pile_stackexchange_val_loss,5.349352836608887,5.303718945839941
22,simplex_huber_ridge_sensitivity,metric/the_pile_gutenberg_pg_19_val_loss,4.759934902191162,4.686485857449815
22,simplex_huber_ridge_sensitivity,metric/the_pile_pile_cc_val_loss,6.061858177185059,5.804149378697897
22,simplex_huber_ridge_sensitivity,metric/the_pile_ubuntu_irc_val_loss,7.594740867614746,6.710157898686068
22,simplex_huber_ridge_sensitivity,metric/the_pile_hackernews_val_loss,5.767696857452393,5.537590598827025
22,simplex_huber_ridge_sensitivity,metric/the_pile_pubmed_abstracts_val_loss,5.863641262054443,5.583387427742966
22,simplex_huber_ridge_sensitivity,metric/the_pile_uspto_backgrounds_val_loss,4.635516166687012,4.959302294207007
23,simplex_huber_ridge_sensitivity,metric/the_pile_arxiv_val_loss,5.221972465515137,5.190010475524413
23,simplex_huber_ridge_sensitivity,metric/the_pile_freelaw_val_loss,5.052719593048096,5.454152278057191
23,simplex_huber_ridge_sensitivity,metric/the_pile_pubmed_central_val_loss,4.056276798248291,4.38564115681035
23,simplex_huber_ridge_sensitivity,metric/the_pile_wikipedia_en_val_loss,6.020731449127197,6.010539699214586
23,simplex_huber_ridge_sensitivity,metric/the_pile_dm_mathematics_val_loss,5.561578273773193,4.120912487325169
23,simplex_huber_ridge_sensitivity,metric/the_pile_github_val_loss,4.91853141784668,5.299531191758136
23,simplex_huber_ridge_sensitivity,metric/the_pile_stackexchange_val_loss,5.417336463928223,5.3663991760970395
23,simplex_huber_ridge_sensitivity,metric/the_pile_gutenberg_pg_19_val_loss,6.032251834869385,5.737033413109125
23,simplex_huber_ridge_sensitivity,metric/the_pile_pile_cc_val_loss,5.977203845977783,5.874673716422944
23,simplex_huber_ridge_sensitivity,metric/the_pile_ubuntu_irc_val_loss,4.856312274932861,6.511983156261516
23,simplex_huber_ridge_sensitivity,metric/the_pile_hackernews_val_loss,5.783515453338623,5.435921840726725
23,simplex_huber_ridge_sensitivity,metric/the_pile_pubmed_abstracts_val_loss,4.762035846710205,4.875010105191641
23,simplex_huber_ridge_sensitivity,metric/the_pile_uspto_backgrounds_val_loss,4.409957885742188,4.679897149411794
24,simplex_huber_ridge_sensitivity,metric/the_pile_arxiv_val_loss,7.729341983795166,5.927771815526596
24,simplex_huber_ridge_sensitivity,metric/the_pile_freelaw_val_loss,3.967174530029297,3.8555426713193057
24,simplex_huber_ridge_sensitivity,metric/the_pile_pubmed_central_val_loss,6.752795219421387,5.631523732516497
24,simplex_huber_ridge_sensitivity,metric/the_pile_wikipedia_en_val_loss,6.444605350494385,6.114831812397274
24,simplex_huber_ridge_sensitivity,metric/the_pile_dm_mathematics_val_loss,5.99164342880249,4.337392963475428
24,simplex_huber_ridge_sensitivity,metric/the_pile_github_val_loss,5.654896259307861,5.72878545034954
24,simplex_huber_ridge_sensitivity,metric/the_pile_stackexchange_val_loss,6.138266563415527,5.823344283736076
24,simplex_huber_ridge_sensitivity,metric/the_pile_gutenberg_pg_19_val_loss,5.350730895996094,5.306559059644938
24,simplex_huber_ridge_sensitivity,metric/the_pile_pile_cc_val_loss,6.081203937530518,5.905248467151022
24,simplex_huber_ridge_sensitivity,metric/the_pile_ubuntu_irc_val_loss,7.689416885375977,7.279681891929558
24,simplex_huber_ridge_sensitivity,metric/the_pile_hackernews_val_loss,5.8698577880859375,5.6848594154702345
24,simplex_huber_ridge_sensitivity,metric/the_pile_pubmed_abstracts_val_loss,5.93467378616333,5.5270441642882515
24,simplex_huber_ridge_sensitivity,metric/the_pile_uspto_backgrounds_val_loss,4.452613830566406,4.662063348194526
25,simplex_huber_ridge_sensitivity,metric/the_pile_arxiv_val_loss,5.003495216369629,5.004474481363179
25,simplex_huber_ridge_sensitivity,metric/the_pile_freelaw_val_loss,4.26286506652832,4.969105193036134
25,simplex_huber_ridge_sensitivity,metric/the_pile_pubmed_central_val_loss,4.548320293426514,5.176935498528008
25,simplex_huber_ridge_sensitivity,metric/the_pile_wikipedia_en_val_loss,6.2719340324401855,6.046402462009943
25,simplex_huber_ridge_sensitivity,metric/the_pile_dm_mathematics_val_loss,5.054658889770508,3.91516812136648
25,simplex_huber_ridge_sensitivity,metric/the_pile_github_val_loss,4.913228511810303,5.052808823742383
25,simplex_huber_ridge_sensitivity,metric/the_pile_stackexchange_val_loss,4.174592971801758,4.448575029998269
25,simplex_huber_ridge_sensitivity,metric/the_pile_gutenberg_pg_19_val_loss,5.677281379699707,5.53730518647544
25,simplex_huber_ridge_sensitivity,metric/the_pile_pile_cc_val_loss,5.843257427215576,5.850055414099266
25,simplex_huber_ridge_sensitivity,metric/the_pile_ubuntu_irc_val_loss,5.450659275054932,6.848235376514387
25,simplex_huber_ridge_sensitivity,metric/the_pile_hackernews_val_loss,5.52943229675293,5.405669946761734
25,simplex_huber_ridge_sensitivity,metric/the_pile_pubmed_abstracts_val_loss,5.509744644165039,5.580450935169971
25,simplex_huber_ridge_sensitivity,metric/the_pile_uspto_backgrounds_val_loss,5.620926380157471,5.398253322737336
26,simplex_huber_ridge_sensitivity,metric/the_pile_arxiv_val_loss,3.882284879684448,4.35261571836962
26,simplex_huber_ridge_sensitivity,metric/the_pile_freelaw_val_loss,5.688676834106445,5.600391434489458
26,simplex_huber_ridge_sensitivity,metric/the_pile_pubmed_central_val_loss,4.025252342224121,4.161212491681985
26,simplex_huber_ridge_sensitivity,metric/the_pile_wikipedia_en_val_loss,5.573357582092285,5.998116461357782
26,simplex_huber_ridge_sensitivity,metric/the_pile_dm_mathematics_val_loss,5.430081844329834,4.110079496451579
26,simplex_huber_ridge_sensitivity,metric/the_pile_github_val_loss,6.123146057128906,5.722640551430626
26,simplex_huber_ridge_sensitivity,metric/the_pile_stackexchange_val_loss,5.667730808258057,5.560908656685581
26,simplex_huber_ridge_sensitivity,metric/the_pile_gutenberg_pg_19_val_loss,6.119208812713623,5.877534803136243
26,simplex_huber_ridge_sensitivity,metric/the_pile_pile_cc_val_loss,5.942705631256104,5.950348217160816
26,simplex_huber_ridge_sensitivity,metric/the_pile_ubuntu_irc_val_loss,5.740989685058594,6.571205952642777
26,simplex_huber_ridge_sensitivity,metric/the_pile_hackernews_val_loss,5.928955554962158,5.600535702214117
26,simplex_huber_ridge_sensitivity,metric/the_pile_pubmed_abstracts_val_loss,4.998274326324463,5.104028126216559
26,simplex_huber_ridge_sensitivity,metric/the_pile_uspto_backgrounds_val_loss,5.132785320281982,5.313604050308901
27,simplex_huber_ridge_sensitivity,metric/the_pile_arxiv_val_loss,5.64911413192749,5.324120025786347
27,simplex_huber_ridge_sensitivity,metric/the_pile_freelaw_val_loss,4.26276159286499,4.872400114566001
27,simplex_huber_ridge_sensitivity,metric/the_pile_pubmed_central_val_loss,4.184984683990479,4.845999505120181
27,simplex_huber_ridge_sensitivity,metric/the_pile_wikipedia_en_val_loss,5.313239574432373,5.748527760947563
27,simplex_huber_ridge_sensitivity,metric/the_pile_dm_mathematics_val_loss,2.4710938930511475,4.114750363637417
27,simplex_huber_ridge_sensitivity,metric/the_pile_github_val_loss,5.107607364654541,5.415087397639297
27,simplex_huber_ridge_sensitivity,metric/the_pile_stackexchange_val_loss,5.51455545425415,5.457659359846346
27,simplex_huber_ridge_sensitivity,metric/the_pile_gutenberg_pg_19_val_loss,4.910590171813965,5.223425789540493
27,simplex_huber_ridge_sensitivity,metric/the_pile_pile_cc_val_loss,5.607277870178223,5.755297124053618
27,simplex_huber_ridge_sensitivity,metric/the_pile_ubuntu_irc_val_loss,6.157212257385254,6.899061621025062
27,simplex_huber_ridge_sensitivity,metric/the_pile_hackernews_val_loss,4.921019554138184,5.313638991627198
27,simplex_huber_ridge_sensitivity,metric/the_pile_pubmed_abstracts_val_loss,4.804058074951172,4.973664194109137
27,simplex_huber_ridge_sensitivity,metric/the_pile_uspto_backgrounds_val_loss,5.396997451782227,5.207703919099353
28,simplex_huber_ridge_sensitivity,metric/the_pile_arxiv_val_loss,4.687304496765137,5.177123998183565
28,simplex_huber_ridge_sensitivity,metric/the_pile_freelaw_val_loss,4.21182918548584,4.737292168426711
28,simplex_huber_ridge_sensitivity,metric/the_pile_pubmed_central_val_loss,6.05892276763916,5.453763663488407
28,simplex_huber_ridge_sensitivity,metric/the_pile_wikipedia_en_val_loss,5.891059398651123,5.969565992409868
28,simplex_huber_ridge_sensitivity,metric/the_pile_dm_mathematics_val_loss,1.8401778936386108,3.8203445346321248
28,simplex_huber_ridge_sensitivity,metric/the_pile_github_val_loss,4.645040035247803,5.098163516178782
28,simplex_huber_ridge_sensitivity,metric/the_pile_stackexchange_val_loss,4.333330154418945,4.774446228406439
28,simplex_huber_ridge_sensitivity,metric/the_pile_gutenberg_pg_19_val_loss,5.055291175842285,5.246835304363363
28,simplex_huber_ridge_sensitivity,metric/the_pile_pile_cc_val_loss,5.706452369689941,5.787977875885198
28,simplex_huber_ridge_sensitivity,metric/the_pile_ubuntu_irc_val_loss,7.238473415374756,6.83610120462216
28,simplex_huber_ridge_sensitivity,metric/the_pile_hackernews_val_loss,5.458417892456055,5.442373854907008
28,simplex_huber_ridge_sensitivity,metric/the_pile_pubmed_abstracts_val_loss,6.303548336029053,5.655254210064461
28,simplex_huber_ridge_sensitivity,metric/the_pile_uspto_backgrounds_val_loss,5.252003192901611,5.297837454009196
29,simplex_huber_ridge_sensitivity,metric/the_pile_arxiv_val_loss,5.658636569976807,5.596528597709751
29,simplex_huber_ridge_sensitivity,metric/the_pile_freelaw_val_loss,6.026126384735107,5.305160733314334
29,simplex_huber_ridge_sensitivity,metric/the_pile_pubmed_central_val_loss,5.763899326324463,5.23090884657002
29,simplex_huber_ridge_sensitivity,metric/the_pile_wikipedia_en_val_loss,6.317204475402832,5.914458990120369
29,simplex_huber_ridge_sensitivity,metric/the_pile_dm_mathematics_val_loss,5.946868896484375,3.9276907677275994
29,simplex_huber_ridge_sensitivity,metric/the_pile_github_val_loss,8.14659309387207,5.179239658827547
29,simplex_huber_ridge_sensitivity,metric/the_pile_stackexchange_val_loss,7.142147064208984,5.489519560106209
29,simplex_huber_ridge_sensitivity,metric/the_pile_gutenberg_pg_19_val_loss,4.7790937423706055,4.9728127168070895
29,simplex_huber_ridge_sensitivity,metric/the_pile_pile_cc_val_loss,5.957272052764893,5.798084464455905
29,simplex_huber_ridge_sensitivity,metric/the_pile_ubuntu_irc_val_loss,8.297920227050781,6.661443064397227
29,simplex_huber_ridge_sensitivity,metric/the_pile_hackernews_val_loss,5.942418098449707,5.549072593118497
29,simplex_huber_ridge_sensitivity,metric/the_pile_pubmed_abstracts_val_loss,5.617604732513428,5.408631994777752
29,simplex_huber_ridge_sensitivity,metric/the_pile_uspto_backgrounds_val_loss,4.1322197914123535,3.719891760692012
30,simplex_huber_ridge_sensitivity,metric/the_pile_arxiv_val_loss,6.861634254455566,5.516207659691878
30,simplex_huber_ridge_sensitivity,metric/the_pile_freelaw_val_loss,5.755373954772949,5.364143579227829
30,simplex_huber_ridge_sensitivity,metric/the_pile_pubmed_central_val_loss,5.65870475769043,5.272282102923114
30,simplex_huber_ridge_sensitivity,metric/the_pile_wikipedia_en_val_loss,5.272236347198486,5.648877283424724
30,simplex_huber_ridge_sensitivity,metric/the_pile_dm_mathematics_val_loss,5.643309116363525,3.8054991064548642
30,simplex_huber_ridge_sensitivity,metric/the_pile_github_val_loss,4.5067949295043945,4.930427275079805
30,simplex_huber_ridge_sensitivity,metric/the_pile_stackexchange_val_loss,5.427286148071289,5.339680069961542
30,simplex_huber_ridge_sensitivity,metric/the_pile_gutenberg_pg_19_val_loss,4.814216136932373,4.986540422842204
30,simplex_huber_ridge_sensitivity,metric/the_pile_pile_cc_val_loss,5.754676342010498,5.755729066570913
30,simplex_huber_ridge_sensitivity,metric/the_pile_ubuntu_irc_val_loss,6.341269493103027,6.562355880700571
30,simplex_huber_ridge_sensitivity,metric/the_pile_hackernews_val_loss,5.69641637802124,5.482855847319512
30,simplex_huber_ridge_sensitivity,metric/the_pile_pubmed_abstracts_val_loss,5.775506496429443,5.5267205732908815
30,simplex_huber_ridge_sensitivity,metric/the_pile_uspto_backgrounds_val_loss,4.324811458587647,4.339567732755777
31,simplex_huber_ridge_sensitivity,metric/the_pile_arxiv_val_loss,4.4081878662109375,5.101186664586866
31,simplex_huber_ridge_sensitivity,metric/the_pile_freelaw_val_loss,5.024968147277832,5.285822859115655
31,simplex_huber_ridge_sensitivity,metric/the_pile_pubmed_central_val_loss,4.978406429290772,5.22592808923252
31,simplex_huber_ridge_sensitivity,metric/the_pile_wikipedia_en_val_loss,5.005675315856934,5.17484528920005
31,simplex_huber_ridge_sensitivity,metric/the_pile_dm_mathematics_val_loss,3.812377452850342,3.7607471174141205
31,simplex_huber_ridge_sensitivity,metric/the_pile_github_val_loss,5.920037746429443,5.206132108142232
31,simplex_huber_ridge_sensitivity,metric/the_pile_stackexchange_val_loss,5.920503616333008,5.315505744085915
31,simplex_huber_ridge_sensitivity,metric/the_pile_gutenberg_pg_19_val_loss,4.698957443237305,4.65771642788619
31,simplex_huber_ridge_sensitivity,metric/the_pile_pile_cc_val_loss,5.51257848739624,5.514669603947217
31,simplex_huber_ridge_sensitivity,metric/the_pile_ubuntu_irc_val_loss,7.735177040100098,6.663825807727495
31,simplex_huber_ridge_sensitivity,metric/the_pile_hackernews_val_loss,5.13293981552124,5.249535794254431
31,simplex_huber_ridge_sensitivity,metric/the_pile_pubmed_abstracts_val_loss,4.934744834899902,5.266116905090959
31,simplex_huber_ridge_sensitivity,metric/the_pile_uspto_backgrounds_val_loss,5.402326583862305,5.192692389511628
32,simplex_huber_ridge_sensitivity,metric/the_pile_arxiv_val_loss,8.051161766052246,6.014590820003606
32,simplex_huber_ridge_sensitivity,metric/the_pile_freelaw_val_loss,3.874768495559693,3.320237115403854
32,simplex_huber_ridge_sensitivity,metric/the_pile_pubmed_central_val_loss,6.909854412078857,5.807906246270336
32,simplex_huber_ridge_sensitivity,metric/the_pile_wikipedia_en_val_loss,6.266665935516357,6.134667061581228
32,simplex_huber_ridge_sensitivity,metric/the_pile_dm_mathematics_val_loss,6.403696537017822,4.485688751233561
32,simplex_huber_ridge_sensitivity,metric/the_pile_github_val_loss,7.658684730529785,5.961647379455435
32,simplex_huber_ridge_sensitivity,metric/the_pile_stackexchange_val_loss,7.126642227172852,5.9507270172525955
32,simplex_huber_ridge_sensitivity,metric/the_pile_gutenberg_pg_19_val_loss,5.534601211547852,5.205582230663495
32,simplex_huber_ridge_sensitivity,metric/the_pile_pile_cc_val_loss,5.833001613616943,5.87857954139494
32,simplex_huber_ridge_sensitivity,metric/the_pile_ubuntu_irc_val_loss,7.933407306671143,7.544712218771528
32,simplex_huber_ridge_sensitivity,metric/the_pile_hackernews_val_loss,5.835553646087647,5.706185893151354
32,simplex_huber_ridge_sensitivity,metric/the_pile_pubmed_abstracts_val_loss,5.917235374450684,5.576925819260774
32,simplex_huber_ridge_sensitivity,metric/the_pile_uspto_backgrounds_val_loss,5.224470138549805,5.2353412234242205
33,simplex_huber_ridge_sensitivity,metric/the_pile_arxiv_val_loss,6.746493816375732,5.398222146297046
33,simplex_huber_ridge_sensitivity,metric/the_pile_freelaw_val_loss,5.766384124755859,5.4393548780661085
33,simplex_huber_ridge_sensitivity,metric/the_pile_pubmed_central_val_loss,6.5935959815979,5.559838452960334
33,simplex_huber_ridge_sensitivity,metric/the_pile_wikipedia_en_val_loss,5.976674556732178,5.8942904831731
33,simplex_huber_ridge_sensitivity,metric/the_pile_dm_mathematics_val_loss,5.557881832122803,3.923787034490172
33,simplex_huber_ridge_sensitivity,metric/the_pile_github_val_loss,4.100144386291504,4.623011932317766
33,simplex_huber_ridge_sensitivity,metric/the_pile_stackexchange_val_loss,5.102885246276856,5.144968503568851
33,simplex_huber_ridge_sensitivity,metric/the_pile_gutenberg_pg_19_val_loss,4.755634784698486,4.64735549590595
33,simplex_huber_ridge_sensitivity,metric/the_pile_pile_cc_val_loss,5.5495219230651855,5.6476233885198734
33,simplex_huber_ridge_sensitivity,metric/the_pile_ubuntu_irc_val_loss,7.391046047210693,6.515037517340651
33,simplex_huber_ridge_sensitivity,metric/the_pile_hackernews_val_loss,5.420259475708008,5.405470301326144
33,simplex_huber_ridge_sensitivity,metric/the_pile_pubmed_abstracts_val_loss,6.314382076263428,5.751880687990759
33,simplex_huber_ridge_sensitivity,metric/the_pile_uspto_backgrounds_val_loss,5.821866989135742,5.464176964794068
34,simplex_huber_ridge_sensitivity,metric/the_pile_arxiv_val_loss,5.771609783172607,5.329077845054005
34,simplex_huber_ridge_sensitivity,metric/the_pile_freelaw_val_loss,5.322272777557373,5.647008470019342
34,simplex_huber_ridge_sensitivity,metric/the_pile_pubmed_central_val_loss,5.388720512390137,5.442230541540827
34,simplex_huber_ridge_sensitivity,metric/the_pile_wikipedia_en_val_loss,6.635139465332031,6.273299410313521
34,simplex_huber_ridge_sensitivity,metric/the_pile_dm_mathematics_val_loss,5.31644344329834,3.78912642225822
34,simplex_huber_ridge_sensitivity,metric/the_pile_github_val_loss,3.774742603302002,3.8138807480304777
34,simplex_huber_ridge_sensitivity,metric/the_pile_stackexchange_val_loss,4.6902689933776855,4.690327412263493
34,simplex_huber_ridge_sensitivity,metric/the_pile_gutenberg_pg_19_val_loss,5.525582313537598,5.571418768906191
34,simplex_huber_ridge_sensitivity,metric/the_pile_pile_cc_val_loss,6.194097995758057,6.071256147366547
34,simplex_huber_ridge_sensitivity,metric/the_pile_ubuntu_irc_val_loss,5.430849552154541,6.207709645680381
34,simplex_huber_ridge_sensitivity,metric/the_pile_hackernews_val_loss,5.701431751251221,5.538521709482047
34,simplex_huber_ridge_sensitivity,metric/the_pile_pubmed_abstracts_val_loss,6.310952663421631,5.876751430144598
34,simplex_huber_ridge_sensitivity,metric/the_pile_uspto_backgrounds_val_loss,6.177484512329102,5.610874594864483
35,simplex_huber_ridge_sensitivity,metric/the_pile_arxiv_val_loss,5.152310848236084,4.861661143574466
35,simplex_huber_ridge_sensitivity,metric/the_pile_freelaw_val_loss,6.016092777252197,5.441196339421722
35,simplex_huber_ridge_sensitivity,metric/the_pile_pubmed_central_val_loss,5.6132493019104,5.223337042535618
35,simplex_huber_ridge_sensitivity,metric/the_pile_wikipedia_en_val_loss,5.003716468811035,5.20625375392354
35,simplex_huber_ridge_sensitivity,metric/the_pile_dm_mathematics_val_loss,1.8262804746627808,3.3718590118396365
35,simplex_huber_ridge_sensitivity,metric/the_pile_github_val_loss,4.939427852630615,4.751836859507485
35,simplex_huber_ridge_sensitivity,metric/the_pile_stackexchange_val_loss,4.213974952697754,4.3227012128013875
35,simplex_huber_ridge_sensitivity,metric/the_pile_gutenberg_pg_19_val_loss,5.9329681396484375,5.429685413184296
35,simplex_huber_ridge_sensitivity,metric/the_pile_pile_cc_val_loss,5.653165340423584,5.615812274287131
35,simplex_huber_ridge_sensitivity,metric/the_pile_ubuntu_irc_val_loss,5.710831165313721,6.40173650743424
35,simplex_huber_ridge_sensitivity,metric/the_pile_hackernews_val_loss,5.641227722167969,5.209231726911309
35,simplex_huber_ridge_sensitivity,metric/the_pile_pubmed_abstracts_val_loss,6.202215671539307,5.670229769186688
35,simplex_huber_ridge_sensitivity,metric/the_pile_uspto_backgrounds_val_loss,5.734169960021973,5.274472354201164
36,simplex_huber_ridge_sensitivity,metric/the_pile_arxiv_val_loss,3.753798723220825,3.927188791218444
36,simplex_huber_ridge_sensitivity,metric/the_pile_freelaw_val_loss,6.316792964935303,5.54404433714673
36,simplex_huber_ridge_sensitivity,metric/the_pile_pubmed_central_val_loss,4.444733619689941,4.912087787799924
36,simplex_huber_ridge_sensitivity,metric/the_pile_wikipedia_en_val_loss,6.496055603027344,6.080236305823821
36,simplex_huber_ridge_sensitivity,metric/the_pile_dm_mathematics_val_loss,2.555508136749268,3.8524834851554317
36,simplex_huber_ridge_sensitivity,metric/the_pile_github_val_loss,5.468338489532471,5.466989873049713
36,simplex_huber_ridge_sensitivity,metric/the_pile_stackexchange_val_loss,4.637434482574463,5.185166524059559
36,simplex_huber_ridge_sensitivity,metric/the_pile_gutenberg_pg_19_val_loss,5.210977077484131,5.623128846600541
36,simplex_huber_ridge_sensitivity,metric/the_pile_pile_cc_val_loss,6.027653694152832,5.924505628340904
36,simplex_huber_ridge_sensitivity,metric/the_pile_ubuntu_irc_val_loss,5.130958557128906,6.467687724183124
36,simplex_huber_ridge_sensitivity,metric/the_pile_hackernews_val_loss,5.644321918487549,5.587715955661875
36,simplex_huber_ridge_sensitivity,metric/the_pile_pubmed_abstracts_val_loss,5.471099853515625,5.5733390215789855
36,simplex_huber_ridge_sensitivity,metric/the_pile_uspto_backgrounds_val_loss,5.643436908721924,5.39065754111405
37,simplex_huber_ridge_sensitivity,metric/the_pile_arxiv_val_loss,5.026422023773193,5.246261767436053
37,simplex_huber_ridge_sensitivity,metric/the_pile_freelaw_val_loss,5.072512626647949,5.351903273188611
37,simplex_huber_ridge_sensitivity,metric/the_pile_pubmed_central_val_loss,4.223289489746094,4.819736012476698
37,simplex_huber_ridge_sensitivity,metric/the_pile_wikipedia_en_val_loss,4.998081684112549,5.2375605684286235
37,simplex_huber_ridge_sensitivity,metric/the_pile_dm_mathematics_val_loss,2.0003106594085693,3.782605801176645
37,simplex_huber_ridge_sensitivity,metric/the_pile_github_val_loss,5.011911392211914,5.202196732592523
37,simplex_huber_ridge_sensitivity,metric/the_pile_stackexchange_val_loss,5.214371204376221,5.296307543780985
37,simplex_huber_ridge_sensitivity,metric/the_pile_gutenberg_pg_19_val_loss,5.35777759552002,5.493998136971783
37,simplex_huber_ridge_sensitivity,metric/the_pile_pile_cc_val_loss,5.670432090759277,5.66087564637492
37,simplex_huber_ridge_sensitivity,metric/the_pile_ubuntu_irc_val_loss,7.577400207519531,6.512969283120896
37,simplex_huber_ridge_sensitivity,metric/the_pile_hackernews_val_loss,5.103034973144531,5.271700265003333
37,simplex_huber_ridge_sensitivity,metric/the_pile_pubmed_abstracts_val_loss,4.877068042755127,5.166195888839934
37,simplex_huber_ridge_sensitivity,metric/the_pile_uspto_backgrounds_val_loss,4.46651554107666,4.729360529603068
38,simplex_huber_ridge_sensitivity,metric/the_pile_arxiv_val_loss,5.007805824279785,5.466567145100821
38,simplex_huber_ridge_sensitivity,metric/the_pile_freelaw_val_loss,4.905384063720703,5.1759937942265095
38,simplex_huber_ridge_sensitivity,metric/the_pile_pubmed_central_val_loss,6.044830799102783,5.753463484569115
38,simplex_huber_ridge_sensitivity,metric/the_pile_wikipedia_en_val_loss,5.689024925231934,5.602811364741533
38,simplex_huber_ridge_sensitivity,metric/the_pile_dm_mathematics_val_loss,5.543165683746338,4.3302884893490905
38,simplex_huber_ridge_sensitivity,metric/the_pile_github_val_loss,6.600042343139648,5.590803912281327
38,simplex_huber_ridge_sensitivity,metric/the_pile_stackexchange_val_loss,6.009766578674316,5.5045272263448535
38,simplex_huber_ridge_sensitivity,metric/the_pile_gutenberg_pg_19_val_loss,5.248143672943115,5.185541378105247
38,simplex_huber_ridge_sensitivity,metric/the_pile_pile_cc_val_loss,5.204901218414307,5.221006779917372
38,simplex_huber_ridge_sensitivity,metric/the_pile_ubuntu_irc_val_loss,6.734470844268799,6.522895846679497
38,simplex_huber_ridge_sensitivity,metric/the_pile_hackernews_val_loss,5.271415710449219,5.114482858754178
38,simplex_huber_ridge_sensitivity,metric/the_pile_pubmed_abstracts_val_loss,5.445953369140625,5.579922075350972
38,simplex_huber_ridge_sensitivity,metric/the_pile_uspto_backgrounds_val_loss,4.392505168914795,4.648194122193193
39,simplex_huber_ridge_sensitivity,metric/the_pile_arxiv_val_loss,5.11309814453125,4.938666025897797
39,simplex_huber_ridge_sensitivity,metric/the_pile_freelaw_val_loss,4.777293682098389,5.394979781255309
39,simplex_huber_ridge_sensitivity,metric/the_pile_pubmed_central_val_loss,5.109024524688721,5.226497834397722
39,simplex_huber_ridge_sensitivity,metric/the_pile_wikipedia_en_val_loss,4.968809604644775,5.161731033763833
39,simplex_huber_ridge_sensitivity,metric/the_pile_dm_mathematics_val_loss,2.236644506454468,3.538959142706869
39,simplex_huber_ridge_sensitivity,metric/the_pile_github_val_loss,4.740827083587647,4.851179790376969
39,simplex_huber_ridge_sensitivity,metric/the_pile_stackexchange_val_loss,4.21690845489502,4.421671457490047
39,simplex_huber_ridge_sensitivity,metric/the_pile_gutenberg_pg_19_val_loss,5.307089805603027,5.429593724328947
39,simplex_huber_ridge_sensitivity,metric/the_pile_pile_cc_val_loss,5.59416389465332,5.594495676325641
39,simplex_huber_ridge_sensitivity,metric/the_pile_ubuntu_irc_val_loss,7.238756656646728,6.505278359789561
39,simplex_huber_ridge_sensitivity,metric/the_pile_hackernews_val_loss,5.03219747543335,5.166852700143193
39,simplex_huber_ridge_sensitivity,metric/the_pile_pubmed_abstracts_val_loss,5.572150707244873,5.646528762613069
39,simplex_huber_ridge_sensitivity,metric/the_pile_uspto_backgrounds_val_loss,5.002451419830322,5.229140645794604
40,simplex_huber_ridge_sensitivity,metric/the_pile_arxiv_val_loss,4.483772277832031,5.42201769447947
40,simplex_huber_ridge_sensitivity,metric/the_pile_freelaw_val_loss,4.084653377532959,4.458887528828285
40,simplex_huber_ridge_sensitivity,metric/the_pile_pubmed_central_val_loss,4.152863502502441,4.809989138017638
40,simplex_huber_ridge_sensitivity,metric/the_pile_wikipedia_en_val_loss,6.1054534912109375,6.091532693024917
40,simplex_huber_ridge_sensitivity,metric/the_pile_dm_mathematics_val_loss,5.35400390625,4.382260428672434
40,simplex_huber_ridge_sensitivity,metric/the_pile_github_val_loss,5.705118656158447,5.814610270035037
40,simplex_huber_ridge_sensitivity,metric/the_pile_stackexchange_val_loss,5.056640148162842,5.691236085609096
40,simplex_huber_ridge_sensitivity,metric/the_pile_gutenberg_pg_19_val_loss,5.576696872711182,5.542087149219332
40,simplex_huber_ridge_sensitivity,metric/the_pile_pile_cc_val_loss,5.732850074768066,5.892926533593039
40,simplex_huber_ridge_sensitivity,metric/the_pile_ubuntu_irc_val_loss,7.658815860748291,7.1207747311975
40,simplex_huber_ridge_sensitivity,metric/the_pile_hackernews_val_loss,5.443605422973633,5.602401175384632
40,simplex_huber_ridge_sensitivity,metric/the_pile_pubmed_abstracts_val_loss,5.044731616973877,5.181565626672887
40,simplex_huber_ridge_sensitivity,metric/the_pile_uspto_backgrounds_val_loss,5.474844932556152,5.297230774073762
41,simplex_huber_ridge_sensitivity,metric/the_pile_arxiv_val_loss,4.69763708114624,5.309523241525707
41,simplex_huber_ridge_sensitivity,metric/the_pile_freelaw_val_loss,6.14774751663208,5.67564639678933
41,simplex_huber_ridge_sensitivity,metric/the_pile_pubmed_central_val_loss,5.504880428314209,5.487873631693353
41,simplex_huber_ridge_sensitivity,metric/the_pile_wikipedia_en_val_loss,5.891500949859619,6.229482420705067
41,simplex_huber_ridge_sensitivity,metric/the_pile_dm_mathematics_val_loss,2.5461370944976807,3.783492857297021
41,simplex_huber_ridge_sensitivity,metric/the_pile_github_val_loss,3.768294095993042,3.8475482029375367
41,simplex_huber_ridge_sensitivity,metric/the_pile_stackexchange_val_loss,4.877947807312012,4.78225679961861
41,simplex_huber_ridge_sensitivity,metric/the_pile_gutenberg_pg_19_val_loss,5.280606746673584,5.5015576741207095
41,simplex_huber_ridge_sensitivity,metric/the_pile_pile_cc_val_loss,5.879600524902344,6.037625203193202
41,simplex_huber_ridge_sensitivity,metric/the_pile_ubuntu_irc_val_loss,5.807758808135986,6.2125390812368995
41,simplex_huber_ridge_sensitivity,metric/the_pile_hackernews_val_loss,5.5165696144104,5.538115792363141
41,simplex_huber_ridge_sensitivity,metric/the_pile_pubmed_abstracts_val_loss,5.912353515625,5.876800357771712
41,simplex_huber_ridge_sensitivity,metric/the_pile_uspto_backgrounds_val_loss,5.507272720336914,5.603421681049905
42,simplex_huber_ridge_sensitivity,metric/the_pile_arxiv_val_loss,5.103385925292969,5.3200080201525
42,simplex_huber_ridge_sensitivity,metric/the_pile_freelaw_val_loss,5.81681489944458,5.46391772501822
42,simplex_huber_ridge_sensitivity,metric/the_pile_pubmed_central_val_loss,4.879493713378906,5.232235106452129
42,simplex_huber_ridge_sensitivity,metric/the_pile_wikipedia_en_val_loss,5.411044597625732,5.789321478252997
42,simplex_huber_ridge_sensitivity,metric/the_pile_dm_mathematics_val_loss,2.4963607788085938,3.7932123346288495
42,simplex_huber_ridge_sensitivity,metric/the_pile_github_val_loss,4.072724342346191,4.495073367842931
42,simplex_huber_ridge_sensitivity,metric/the_pile_stackexchange_val_loss,5.021194934844971,5.0305151699647235
42,simplex_huber_ridge_sensitivity,metric/the_pile_gutenberg_pg_19_val_loss,5.245903015136719,5.427731026991184
42,simplex_huber_ridge_sensitivity,metric/the_pile_pile_cc_val_loss,5.814209938049316,5.827444463829997
42,simplex_huber_ridge_sensitivity,metric/the_pile_ubuntu_irc_val_loss,7.312902450561523,6.3463460589770015
42,simplex_huber_ridge_sensitivity,metric/the_pile_hackernews_val_loss,4.897205829620361,5.24652754110952
42,simplex_huber_ridge_sensitivity,metric/the_pile_pubmed_abstracts_val_loss,5.433531761169434,5.539094956360012
42,simplex_huber_ridge_sensitivity,metric/the_pile_uspto_backgrounds_val_loss,4.587443828582764,4.9264290339203365
43,simplex_huber_ridge_sensitivity,metric/the_pile_arxiv_val_loss,3.9178929328918457,4.496285378750266
43,simplex_huber_ridge_sensitivity,metric/the_pile_freelaw_val_loss,5.826865196228027,5.39833027280293
43,simplex_huber_ridge_sensitivity,metric/the_pile_pubmed_central_val_loss,5.672890663146973,5.239272008541012
43,simplex_huber_ridge_sensitivity,metric/the_pile_wikipedia_en_val_loss,5.243008136749268,5.630463448424489
43,simplex_huber_ridge_sensitivity,metric/the_pile_dm_mathematics_val_loss,1.9641127586364744,3.667397411189327
43,simplex_huber_ridge_sensitivity,metric/the_pile_github_val_loss,4.958409309387207,5.216580495381795
43,simplex_huber_ridge_sensitivity,metric/the_pile_stackexchange_val_loss,4.631067276000977,5.082060539759823
43,simplex_huber_ridge_sensitivity,metric/the_pile_gutenberg_pg_19_val_loss,4.851532936096191,5.124008648652591
43,simplex_huber_ridge_sensitivity,metric/the_pile_pile_cc_val_loss,5.635731220245361,5.7179063132649555
43,simplex_huber_ridge_sensitivity,metric/the_pile_ubuntu_irc_val_loss,7.241580486297607,6.5172577695509695
43,simplex_huber_ridge_sensitivity,metric/the_pile_hackernews_val_loss,5.190623760223389,5.433211194976764
43,simplex_huber_ridge_sensitivity,metric/the_pile_pubmed_abstracts_val_loss,5.716239929199219,5.649242149877809
43,simplex_huber_ridge_sensitivity,metric/the_pile_uspto_backgrounds_val_loss,5.144834041595459,5.279135011810831
44,simplex_huber_ridge_sensitivity,metric/the_pile_arxiv_val_loss,4.936156749725342,5.140874355744557
44,simplex_huber_ridge_sensitivity,metric/the_pile_freelaw_val_loss,4.4209465980529785,5.18580916554548
44,simplex_huber_ridge_sensitivity,metric/the_pile_pubmed_central_val_loss,4.081094264984131,4.341425892677369
44,simplex_huber_ridge_sensitivity,metric/the_pile_wikipedia_en_val_loss,6.294333934783936,6.071735819128135
44,simplex_huber_ridge_sensitivity,metric/the_pile_dm_mathematics_val_loss,2.0349221229553223,4.156285811584323
44,simplex_huber_ridge_sensitivity,metric/the_pile_github_val_loss,4.572906017303467,5.430635962775051
44,simplex_huber_ridge_sensitivity,metric/the_pile_stackexchange_val_loss,4.647099018096924,5.278161943559654
44,simplex_huber_ridge_sensitivity,metric/the_pile_gutenberg_pg_19_val_loss,5.561471462249756,5.703530851175803
44,simplex_huber_ridge_sensitivity,metric/the_pile_pile_cc_val_loss,5.9413371086120605,5.930715195560098
44,simplex_huber_ridge_sensitivity,metric/the_pile_ubuntu_irc_val_loss,7.266517639160156,6.77821656549295
44,simplex_huber_ridge_sensitivity,metric/the_pile_hackernews_val_loss,5.63517951965332,5.543934662000788
44,simplex_huber_ridge_sensitivity,metric/the_pile_pubmed_abstracts_val_loss,5.1906046867370605,5.12658064516663
44,simplex_huber_ridge_sensitivity,metric/the_pile_uspto_backgrounds_val_loss,5.514040470123291,5.336167168405279
45,simplex_huber_ridge_sensitivity,metric/the_pile_arxiv_val_loss,3.638108968734741,3.4048864518462816
45,simplex_huber_ridge_sensitivity,metric/the_pile_freelaw_val_loss,5.1034135818481445,5.484037023870465
45,simplex_huber_ridge_sensitivity,metric/the_pile_pubmed_central_val_loss,5.953833103179932,5.180509632547428
45,simplex_huber_ridge_sensitivity,metric/the_pile_wikipedia_en_val_loss,6.57130241394043,6.171482514234098
45,simplex_huber_ridge_sensitivity,metric/the_pile_dm_mathematics_val_loss,3.2984423637390137,3.847403994267145
45,simplex_huber_ridge_sensitivity,metric/the_pile_github_val_loss,5.690601825714111,5.679269814567923
45,simplex_huber_ridge_sensitivity,metric/the_pile_stackexchange_val_loss,5.021487236022949,5.410895351806919
45,simplex_huber_ridge_sensitivity,metric/the_pile_gutenberg_pg_19_val_loss,5.967015266418457,5.761453180579911
45,simplex_huber_ridge_sensitivity,metric/the_pile_pile_cc_val_loss,6.166713714599609,6.005315181040873
45,simplex_huber_ridge_sensitivity,metric/the_pile_ubuntu_irc_val_loss,7.760351181030273,6.479365898909673
45,simplex_huber_ridge_sensitivity,metric/the_pile_hackernews_val_loss,5.840293884277344,5.707687134779707
45,simplex_huber_ridge_sensitivity,metric/the_pile_pubmed_abstracts_val_loss,5.948450565338135,5.755298714907897
45,simplex_huber_ridge_sensitivity,metric/the_pile_uspto_backgrounds_val_loss,5.693654537200928,5.423631563363641
46,simplex_huber_ridge_sensitivity,metric/the_pile_arxiv_val_loss,4.831500053405762,5.133768416053653
46,simplex_huber_ridge_sensitivity,metric/the_pile_freelaw_val_loss,4.930476188659668,5.4230824030679745
46,simplex_huber_ridge_sensitivity,metric/the_pile_pubmed_central_val_loss,4.141411304473877,4.596037077903465
46,simplex_huber_ridge_sensitivity,metric/the_pile_wikipedia_en_val_loss,5.045565605163574,5.3400884588694
46,simplex_huber_ridge_sensitivity,metric/the_pile_dm_mathematics_val_loss,3.4484519958496094,3.966358812578334
46,simplex_huber_ridge_sensitivity,metric/the_pile_github_val_loss,4.71076250076294,5.335129707814794
46,simplex_huber_ridge_sensitivity,metric/the_pile_stackexchange_val_loss,4.8421831130981445,5.306387723795596
46,simplex_huber_ridge_sensitivity,metric/the_pile_gutenberg_pg_19_val_loss,5.125277996063232,5.511070119604051
46,simplex_huber_ridge_sensitivity,metric/the_pile_pile_cc_val_loss,5.396003723144531,5.613916157434414
46,simplex_huber_ridge_sensitivity,metric/the_pile_ubuntu_irc_val_loss,5.420391082763672,6.535119318774516
46,simplex_huber_ridge_sensitivity,metric/the_pile_hackernews_val_loss,4.930731296539307,5.236307157488057
46,simplex_huber_ridge_sensitivity,metric/the_pile_pubmed_abstracts_val_loss,5.00034761428833,5.166467531062971
46,simplex_huber_ridge_sensitivity,metric/the_pile_uspto_backgrounds_val_loss,5.420869827270508,5.2354650361641415
47,simplex_huber_ridge_sensitivity,metric/the_pile_arxiv_val_loss,8.440932273864746,5.45457203551529
47,simplex_huber_ridge_sensitivity,metric/the_pile_freelaw_val_loss,6.074766635894775,5.286487127360245
47,simplex_huber_ridge_sensitivity,metric/the_pile_pubmed_central_val_loss,6.765743732452393,5.187889195869925
47,simplex_huber_ridge_sensitivity,metric/the_pile_wikipedia_en_val_loss,4.974913120269775,4.780207156733576
47,simplex_huber_ridge_sensitivity,metric/the_pile_dm_mathematics_val_loss,2.968883991241455,3.6432617353265218
47,simplex_huber_ridge_sensitivity,metric/the_pile_github_val_loss,7.715780258178711,5.18548099878761
47,simplex_huber_ridge_sensitivity,metric/the_pile_stackexchange_val_loss,6.937915325164795,5.375493639203752
47,simplex_huber_ridge_sensitivity,metric/the_pile_gutenberg_pg_19_val_loss,5.945170879364014,5.415905842714523
47,simplex_huber_ridge_sensitivity,metric/the_pile_pile_cc_val_loss,5.751434326171875,5.52667839754531
47,simplex_huber_ridge_sensitivity,metric/the_pile_ubuntu_irc_val_loss,5.861015319824219,6.429198585784443
47,simplex_huber_ridge_sensitivity,metric/the_pile_hackernews_val_loss,5.153534412384033,5.216962996851704
47,simplex_huber_ridge_sensitivity,metric/the_pile_pubmed_abstracts_val_loss,5.707162380218506,5.461699570036497
47,simplex_huber_ridge_sensitivity,metric/the_pile_uspto_backgrounds_val_loss,4.353992938995361,4.264253483600516
48,simplex_huber_ridge_sensitivity,metric/the_pile_arxiv_val_loss,4.1681437492370605,4.796291601694075
48,simplex_huber_ridge_sensitivity,metric/the_pile_freelaw_val_loss,6.259349346160889,5.579996348756659
48,simplex_huber_ridge_sensitivity,metric/the_pile_pubmed_central_val_loss,4.611889362335205,4.803977436529373
48,simplex_huber_ridge_sensitivity,metric/the_pile_wikipedia_en_val_loss,5.667662143707275,5.95852153992825
48,simplex_huber_ridge_sensitivity,metric/the_pile_dm_mathematics_val_loss,5.244356632232666,3.8590481306824858
48,simplex_huber_ridge_sensitivity,metric/the_pile_github_val_loss,5.20815896987915,5.102125660848955
48,simplex_huber_ridge_sensitivity,metric/the_pile_stackexchange_val_loss,4.357894420623779,4.750412438236481
48,simplex_huber_ridge_sensitivity,metric/the_pile_gutenberg_pg_19_val_loss,5.897227764129639,5.711086921506225
48,simplex_huber_ridge_sensitivity,metric/the_pile_pile_cc_val_loss,5.876132011413574,5.875822829729114
48,simplex_huber_ridge_sensitivity,metric/the_pile_ubuntu_irc_val_loss,7.667821884155273,6.559267798043206
48,simplex_huber_ridge_sensitivity,metric/the_pile_hackernews_val_loss,5.675467014312744,5.445303860407155
48,simplex_huber_ridge_sensitivity,metric/the_pile_pubmed_abstracts_val_loss,5.309412002563477,5.418425054169259
48,simplex_huber_ridge_sensitivity,metric/the_pile_uspto_backgrounds_val_loss,4.402518272399902,4.754324888554887
49,simplex_huber_ridge_sensitivity,metric/the_pile_arxiv_val_loss,3.730212926864624,3.9823598589687554
49,simplex_huber_ridge_sensitivity,metric/the_pile_freelaw_val_loss,4.436660289764404,5.116657145828888
49,simplex_huber_ridge_sensitivity,metric/the_pile_pubmed_central_val_loss,6.001482009887695,5.332167528103297
49,simplex_huber_ridge_sensitivity,metric/the_pile_wikipedia_en_val_loss,6.172852516174316,6.119788591350656
49,simplex_huber_ridge_sensitivity,metric/the_pile_dm_mathematics_val_loss,5.698367595672607,4.007574742242594
49,simplex_huber_ridge_sensitivity,metric/the_pile_github_val_loss,6.93580961227417,5.761538529947827
49,simplex_huber_ridge_sensitivity,metric/the_pile_stackexchange_val_loss,6.398937702178955,5.58332523582615
49,simplex_huber_ridge_sensitivity,metric/the_pile_gutenberg_pg_19_val_loss,5.574679851531982,5.631670362755489
49,simplex_huber_ridge_sensitivity,metric/the_pile_pile_cc_val_loss,5.760085105895996,5.918031813269059
49,simplex_huber_ridge_sensitivity,metric/the_pile_ubuntu_irc_val_loss,7.840114593505859,6.645850892560374
49,simplex_huber_ridge_sensitivity,metric/the_pile_hackernews_val_loss,5.721960544586182,5.671208939784246
49,simplex_huber_ridge_sensitivity,metric/the_pile_pubmed_abstracts_val_loss,5.851420879364014,5.7108765812446105
49,simplex_huber_ridge_sensitivity,metric/the_pile_uspto_backgrounds_val_loss,4.941415786743164,5.281075942315378
50,simplex_huber_ridge_sensitivity,metric/the_pile_arxiv_val_loss,3.7966833114624015,4.148045833469076
50,simplex_huber_ridge_sensitivity,metric/the_pile_freelaw_val_loss,5.021888732910156,5.394891810937559
50,simplex_huber_ridge_sensitivity,metric/the_pile_pubmed_central_val_loss,4.600696086883545,5.04516100699815
50,simplex_huber_ridge_sensitivity,metric/the_pile_wikipedia_en_val_loss,5.298296451568604,5.735397940700231
50,simplex_huber_ridge_sensitivity,metric/the_pile_dm_mathematics_val_loss,2.667093515396118,3.835680201032554
50,simplex_huber_ridge_sensitivity,metric/the_pile_github_val_loss,6.491039276123047,5.516895600245448
50,simplex_huber_ridge_sensitivity,metric/the_pile_stackexchange_val_loss,6.010045051574707,5.423392965318126
50,simplex_huber_ridge_sensitivity,metric/the_pile_gutenberg_pg_19_val_loss,5.5225510597229,5.603392430034292
50,simplex_huber_ridge_sensitivity,metric/the_pile_pile_cc_val_loss,5.685656547546387,5.802748577208759
50,simplex_huber_ridge_sensitivity,metric/the_pile_ubuntu_irc_val_loss,6.783571720123291,6.481688426622799
50,simplex_huber_ridge_sensitivity,metric/the_pile_hackernews_val_loss,4.8601508140563965,5.362030688442234
50,simplex_huber_ridge_sensitivity,metric/the_pile_pubmed_abstracts_val_loss,5.374444007873535,5.5058028619588155
50,simplex_huber_ridge_sensitivity,metric/the_pile_uspto_backgrounds_val_loss,4.758020877838135,5.108041066056301
51,simplex_huber_ridge_sensitivity,metric/the_pile_arxiv_val_loss,5.532787799835205,5.168756186542668
51,simplex_huber_ridge_sensitivity,metric/the_pile_freelaw_val_loss,6.527656078338623,5.70835934262105
51,simplex_huber_ridge_sensitivity,metric/the_pile_pubmed_central_val_loss,5.950851917266846,5.377240224071539
51,simplex_huber_ridge_sensitivity,metric/the_pile_wikipedia_en_val_loss,6.630948543548584,6.262096699554643
51,simplex_huber_ridge_sensitivity,metric/the_pile_dm_mathematics_val_loss,5.167536735534668,3.812161317058494
51,simplex_huber_ridge_sensitivity,metric/the_pile_github_val_loss,3.798149824142456,3.859349399631718
51,simplex_huber_ridge_sensitivity,metric/the_pile_stackexchange_val_loss,4.503209114074707,4.50533119766347
51,simplex_huber_ridge_sensitivity,metric/the_pile_gutenberg_pg_19_val_loss,6.162086009979248,5.617878133496173
51,simplex_huber_ridge_sensitivity,metric/the_pile_pile_cc_val_loss,6.187751293182373,6.03907183050019
51,simplex_huber_ridge_sensitivity,metric/the_pile_ubuntu_irc_val_loss,7.340127944946289,6.314173530531454
51,simplex_huber_ridge_sensitivity,metric/the_pile_hackernews_val_loss,5.700646877288818,5.40537083666618
51,simplex_huber_ridge_sensitivity,metric/the_pile_pubmed_abstracts_val_loss,4.946561813354492,5.464816442815483
51,simplex_huber_ridge_sensitivity,metric/the_pile_uspto_backgrounds_val_loss,5.756894588470459,5.548448889599734
52,simplex_huber_ridge_sensitivity,metric/the_pile_arxiv_val_loss,4.392882823944092,5.5213395415873
52,simplex_huber_ridge_sensitivity,metric/the_pile_freelaw_val_loss,4.020063877105713,4.140581341921415
52,simplex_huber_ridge_sensitivity,metric/the_pile_pubmed_central_val_loss,5.173309326171875,5.501011144262474
52,simplex_huber_ridge_sensitivity,metric/the_pile_wikipedia_en_val_loss,6.295225143432617,6.0908445905491195
52,simplex_huber_ridge_sensitivity,metric/the_pile_dm_mathematics_val_loss,2.4080824851989746,4.255247615621006
52,simplex_huber_ridge_sensitivity,metric/the_pile_github_val_loss,5.564821720123291,5.595424353592416
52,simplex_huber_ridge_sensitivity,metric/the_pile_stackexchange_val_loss,5.0122971534729,5.555618974285439
52,simplex_huber_ridge_sensitivity,metric/the_pile_gutenberg_pg_19_val_loss,5.199732780456543,5.293224201663122
52,simplex_huber_ridge_sensitivity,metric/the_pile_pile_cc_val_loss,5.959908962249756,5.882697112740405
52,simplex_huber_ridge_sensitivity,metric/the_pile_ubuntu_irc_val_loss,7.7769455909729,7.203147508026813
52,simplex_huber_ridge_sensitivity,metric/the_pile_hackernews_val_loss,5.533198356628418,5.555119396413819
52,simplex_huber_ridge_sensitivity,metric/the_pile_pubmed_abstracts_val_loss,4.907405376434326,5.2522098286817425
52,simplex_huber_ridge_sensitivity,metric/the_pile_uspto_backgrounds_val_loss,4.65257453918457,5.005821443828475
53,simplex_huber_ridge_sensitivity,metric/the_pile_arxiv_val_loss,7.007149696350098,5.884889431500241
53,simplex_huber_ridge_sensitivity,metric/the_pile_freelaw_val_loss,3.991276979446411,3.9704453444126644
53,simplex_huber_ridge_sensitivity,metric/the_pile_pubmed_central_val_loss,5.402833938598633,5.585603416560677
53,simplex_huber_ridge_sensitivity,metric/the_pile_wikipedia_en_val_loss,6.188725471496582,6.105000372023305
53,simplex_huber_ridge_sensitivity,metric/the_pile_dm_mathematics_val_loss,3.207134962081909,4.31011308203016
53,simplex_huber_ridge_sensitivity,metric/the_pile_github_val_loss,5.462283134460449,5.672559659820333
53,simplex_huber_ridge_sensitivity,metric/the_pile_stackexchange_val_loss,5.98594331741333,5.7786157498061055
53,simplex_huber_ridge_sensitivity,metric/the_pile_gutenberg_pg_19_val_loss,5.365267276763916,5.323804345640885
53,simplex_huber_ridge_sensitivity,metric/the_pile_pile_cc_val_loss,6.085532188415527,5.904684117789592
53,simplex_huber_ridge_sensitivity,metric/the_pile_ubuntu_irc_val_loss,7.815812587738037,7.225317142226223
53,simplex_huber_ridge_sensitivity,metric/the_pile_hackernews_val_loss,5.907251834869385,5.6642221829890715
53,simplex_huber_ridge_sensitivity,metric/the_pile_pubmed_abstracts_val_loss,5.463828086853027,5.484602267404818
53,simplex_huber_ridge_sensitivity,metric/the_pile_uspto_backgrounds_val_loss,4.415454387664795,4.614888753621068
54,simplex_huber_ridge_sensitivity,metric/the_pile_arxiv_val_loss,4.346701622009277,5.235075445420144
54,simplex_huber_ridge_sensitivity,metric/the_pile_freelaw_val_loss,5.3779706954956055,5.20424259795941
54,simplex_huber_ridge_sensitivity,metric/the_pile_pubmed_central_val_loss,5.9593939781188965,5.91103604711006
54,simplex_huber_ridge_sensitivity,metric/the_pile_wikipedia_en_val_loss,5.633344650268555,5.523794014759843
54,simplex_huber_ridge_sensitivity,metric/the_pile_dm_mathematics_val_loss,3.2429494857788086,4.407739021567783
54,simplex_huber_ridge_sensitivity,metric/the_pile_github_val_loss,5.463810443878174,5.741901330960559
54,simplex_huber_ridge_sensitivity,metric/the_pile_stackexchange_val_loss,5.523324966430664,5.5288169190371
54,simplex_huber_ridge_sensitivity,metric/the_pile_gutenberg_pg_19_val_loss,5.239508152008057,5.118465393002406
54,simplex_huber_ridge_sensitivity,metric/the_pile_pile_cc_val_loss,5.1780619621276855,5.052472793173244
54,simplex_huber_ridge_sensitivity,metric/the_pile_ubuntu_irc_val_loss,7.30163049697876,6.494580578300506
54,simplex_huber_ridge_sensitivity,metric/the_pile_hackernews_val_loss,5.134288787841797,5.0241589381409115
54,simplex_huber_ridge_sensitivity,metric/the_pile_pubmed_abstracts_val_loss,5.7298102378845215,5.694235590057806
54,simplex_huber_ridge_sensitivity,metric/the_pile_uspto_backgrounds_val_loss,4.760405540466309,5.121219287518235
55,simplex_huber_ridge_sensitivity,metric/the_pile_arxiv_val_loss,4.241799354553223,5.240044723304119
55,simplex_huber_ridge_sensitivity,metric/the_pile_freelaw_val_loss,4.076106548309326,4.357720598576106
55,simplex_huber_ridge_sensitivity,metric/the_pile_pubmed_central_val_loss,5.621786594390869,5.4225451677832925
55,simplex_huber_ridge_sensitivity,metric/the_pile_wikipedia_en_val_loss,6.162235736846924,6.069905455068676
55,simplex_huber_ridge_sensitivity,metric/the_pile_dm_mathematics_val_loss,5.391995906829834,4.217970293078153
55,simplex_huber_ridge_sensitivity,metric/the_pile_github_val_loss,5.376951694488525,5.494907480533653
55,simplex_huber_ridge_sensitivity,metric/the_pile_stackexchange_val_loss,4.80318546295166,5.361624036113661
55,simplex_huber_ridge_sensitivity,metric/the_pile_gutenberg_pg_19_val_loss,5.207559585571289,5.303848494369432
55,simplex_huber_ridge_sensitivity,metric/the_pile_pile_cc_val_loss,5.744707584381104,5.857359533491627
55,simplex_huber_ridge_sensitivity,metric/the_pile_ubuntu_irc_val_loss,7.082707405090332,7.140505078526241
55,simplex_huber_ridge_sensitivity,metric/the_pile_hackernews_val_loss,5.2026472091674805,5.445009206881318
55,simplex_huber_ridge_sensitivity,metric/the_pile_pubmed_abstracts_val_loss,4.755011558532715,5.063624901374278
55,simplex_huber_ridge_sensitivity,metric/the_pile_uspto_backgrounds_val_loss,5.45875358581543,5.232665540437864
56,simplex_huber_ridge_sensitivity,metric/the_pile_arxiv_val_loss,4.411746025085449,5.1931702279143686
56,simplex_huber_ridge_sensitivity,metric/the_pile_freelaw_val_loss,5.112115859985352,5.290496130175528
56,simplex_huber_ridge_sensitivity,metric/the_pile_pubmed_central_val_loss,4.897669792175293,5.423475534633192
56,simplex_huber_ridge_sensitivity,metric/the_pile_wikipedia_en_val_loss,5.797713279724121,5.743510416380039
56,simplex_huber_ridge_sensitivity,metric/the_pile_dm_mathematics_val_loss,2.632209300994873,4.02017985651141
56,simplex_huber_ridge_sensitivity,metric/the_pile_github_val_loss,5.026473045349121,5.264293130820403
56,simplex_huber_ridge_sensitivity,metric/the_pile_stackexchange_val_loss,4.733946800231934,5.2138105810254896
56,simplex_huber_ridge_sensitivity,metric/the_pile_gutenberg_pg_19_val_loss,4.797581195831299,4.971864198385834
56,simplex_huber_ridge_sensitivity,metric/the_pile_pile_cc_val_loss,5.312499046325684,5.496404577680954
56,simplex_huber_ridge_sensitivity,metric/the_pile_ubuntu_irc_val_loss,5.271421432495117,6.573078144956043
56,simplex_huber_ridge_sensitivity,metric/the_pile_hackernews_val_loss,4.892145156860352,5.234750528191615
56,simplex_huber_ridge_sensitivity,metric/the_pile_pubmed_abstracts_val_loss,5.140616416931152,5.460235860247624
56,simplex_huber_ridge_sensitivity,metric/the_pile_uspto_backgrounds_val_loss,4.490816116333008,4.827688297197996
57,simplex_huber_ridge_sensitivity,metric/the_pile_arxiv_val_loss,6.986747741699219,5.426063032258478
57,simplex_huber_ridge_sensitivity,metric/the_pile_freelaw_val_loss,5.346676349639893,5.165978036335079
57,simplex_huber_ridge_sensitivity,metric/the_pile_pubmed_central_val_loss,6.521917343139648,5.952842243931003
57,simplex_huber_ridge_sensitivity,metric/the_pile_wikipedia_en_val_loss,5.615074157714844,5.434560159780989
57,simplex_huber_ridge_sensitivity,metric/the_pile_dm_mathematics_val_loss,5.778436183929443,4.409329043167477
57,simplex_huber_ridge_sensitivity,metric/the_pile_github_val_loss,6.708127975463867,5.707825380220903
57,simplex_huber_ridge_sensitivity,metric/the_pile_stackexchange_val_loss,6.087891101837158,5.52505018858096
57,simplex_huber_ridge_sensitivity,metric/the_pile_gutenberg_pg_19_val_loss,4.775575160980225,4.780600229438207
57,simplex_huber_ridge_sensitivity,metric/the_pile_pile_cc_val_loss,5.14619779586792,4.959063675692423
57,simplex_huber_ridge_sensitivity,metric/the_pile_ubuntu_irc_val_loss,7.10297155380249,6.554486236209363
57,simplex_huber_ridge_sensitivity,metric/the_pile_hackernews_val_loss,5.194708824157715,4.974499839872901
57,simplex_huber_ridge_sensitivity,metric/the_pile_pubmed_abstracts_val_loss,5.865085124969482,5.686600811585003
57,simplex_huber_ridge_sensitivity,metric/the_pile_uspto_backgrounds_val_loss,5.405097007751465,5.255117408769027
58,simplex_huber_ridge_sensitivity,metric/the_pile_arxiv_val_loss,4.8471198081970215,5.3815117778526105
58,simplex_huber_ridge_sensitivity,metric/the_pile_freelaw_val_loss,5.378610610961914,5.261646713635414
58,simplex_huber_ridge_sensitivity,metric/the_pile_pubmed_central_val_loss,5.90403413772583,5.875917554473174
58,simplex_huber_ridge_sensitivity,metric/the_pile_wikipedia_en_val_loss,5.149438858032227,5.384902123268281
58,simplex_huber_ridge_sensitivity,metric/the_pile_dm_mathematics_val_loss,5.416506290435791,4.272791989660495
58,simplex_huber_ridge_sensitivity,metric/the_pile_github_val_loss,4.455813407897949,5.401454338248729
58,simplex_huber_ridge_sensitivity,metric/the_pile_stackexchange_val_loss,5.100099563598633,5.390116306035663
58,simplex_huber_ridge_sensitivity,metric/the_pile_gutenberg_pg_19_val_loss,5.167911052703857,5.130641796522451
58,simplex_huber_ridge_sensitivity,metric/the_pile_pile_cc_val_loss,5.20856237411499,5.114171895463641
58,simplex_huber_ridge_sensitivity,metric/the_pile_ubuntu_irc_val_loss,7.295760154724121,6.431750197211137
58,simplex_huber_ridge_sensitivity,metric/the_pile_hackernews_val_loss,5.22182035446167,5.027191718551603
58,simplex_huber_ridge_sensitivity,metric/the_pile_pubmed_abstracts_val_loss,5.887460231781006,5.735797115833899
58,simplex_huber_ridge_sensitivity,metric/the_pile_uspto_backgrounds_val_loss,5.430573463439941,5.298681247564417
59,simplex_huber_ridge_sensitivity,metric/the_pile_arxiv_val_loss,3.9652984142303462,4.476587991489549
59,simplex_huber_ridge_sensitivity,metric/the_pile_freelaw_val_loss,6.612681865692139,5.621645660142543
59,simplex_huber_ridge_sensitivity,metric/the_pile_pubmed_central_val_loss,3.9468679428100586,4.009781140799466
59,simplex_huber_ridge_sensitivity,metric/the_pile_wikipedia_en_val_loss,6.555839538574219,6.088722199780124
59,simplex_huber_ridge_sensitivity,metric/the_pile_dm_mathematics_val_loss,5.376868724822998,4.1846829734200774
59,simplex_huber_ridge_sensitivity,metric/the_pile_github_val_loss,5.957604885101318,5.66848982001471
59,simplex_huber_ridge_sensitivity,metric/the_pile_stackexchange_val_loss,5.43524169921875,5.497045511717351
59,simplex_huber_ridge_sensitivity,metric/the_pile_gutenberg_pg_19_val_loss,6.635313034057617,5.873281845624294
59,simplex_huber_ridge_sensitivity,metric/the_pile_pile_cc_val_loss,6.283211708068848,5.9641858078296535
59,simplex_huber_ridge_sensitivity,metric/the_pile_ubuntu_irc_val_loss,7.90532922744751,6.637608167781775
59,simplex_huber_ridge_sensitivity,metric/the_pile_hackernews_val_loss,6.110487937927246,5.541364380977191
59,simplex_huber_ridge_sensitivity,metric/the_pile_pubmed_abstracts_val_loss,4.728593826293945,4.83348966480636
59,simplex_huber_ridge_sensitivity,metric/the_pile_uspto_backgrounds_val_loss,5.506335735321045,5.30444501844027
60,simplex_huber_ridge_sensitivity,metric/the_pile_arxiv_val_loss,3.908792018890381,4.266611107439081
60,simplex_huber_ridge_sensitivity,metric/the_pile_freelaw_val_loss,6.167742729187012,5.586739692680722
60,simplex_huber_ridge_sensitivity,metric/the_pile_pubmed_central_val_loss,4.469869136810303,5.010841067466498
60,simplex_huber_ridge_sensitivity,metric/the_pile_wikipedia_en_val_loss,6.070940971374512,6.017723198739609
60,simplex_huber_ridge_sensitivity,metric/the_pile_dm_mathematics_val_loss,5.220755577087402,3.7722782313754544
60,simplex_huber_ridge_sensitivity,metric/the_pile_github_val_loss,4.680066108703613,5.063729229378726
60,simplex_huber_ridge_sensitivity,metric/the_pile_stackexchange_val_loss,4.287607192993164,4.612065961071985
60,simplex_huber_ridge_sensitivity,metric/the_pile_gutenberg_pg_19_val_loss,5.089911460876465,5.460640284031007
60,simplex_huber_ridge_sensitivity,metric/the_pile_pile_cc_val_loss,5.978978157043457,5.871235875027855
60,simplex_huber_ridge_sensitivity,metric/the_pile_ubuntu_irc_val_loss,7.068933010101318,6.566774186226748
60,simplex_huber_ridge_sensitivity,metric/the_pile_hackernews_val_loss,5.550899982452393,5.429042814961502
60,simplex_huber_ridge_sensitivity,metric/the_pile_pubmed_abstracts_val_loss,5.132067680358887,5.489087135165963
60,simplex_huber_ridge_sensitivity,metric/the_pile_uspto_backgrounds_val_loss,5.589742183685303,5.391671549942953
61,simplex_huber_ridge_sensitivity,metric/the_pile_arxiv_val_loss,4.552950382232666,5.034069241285546
61,simplex_huber_ridge_sensitivity,metric/the_pile_freelaw_val_loss,4.252624988555908,4.883934669514627
61,simplex_huber_ridge_sensitivity,metric/the_pile_pubmed_central_val_loss,5.622159957885742,5.260505389444561
61,simplex_huber_ridge_sensitivity,metric/the_pile_wikipedia_en_val_loss,5.93869686126709,5.947180722335572
61,simplex_huber_ridge_sensitivity,metric/the_pile_dm_mathematics_val_loss,3.5106608867645264,4.003782847797206
61,simplex_huber_ridge_sensitivity,metric/the_pile_github_val_loss,4.733158111572266,5.062681265492262
61,simplex_huber_ridge_sensitivity,metric/the_pile_stackexchange_val_loss,4.370215892791748,4.752643671988393
61,simplex_huber_ridge_sensitivity,metric/the_pile_gutenberg_pg_19_val_loss,5.459442615509033,5.371083877187748
61,simplex_huber_ridge_sensitivity,metric/the_pile_pile_cc_val_loss,5.723842620849609,5.764995760145678
61,simplex_huber_ridge_sensitivity,metric/the_pile_ubuntu_irc_val_loss,7.355634689331055,6.888473814169086
61,simplex_huber_ridge_sensitivity,metric/the_pile_hackernews_val_loss,4.793247699737549,5.104176305023167
61,simplex_huber_ridge_sensitivity,metric/the_pile_pubmed_abstracts_val_loss,4.70800256729126,4.986344620920773
61,simplex_huber_ridge_sensitivity,metric/the_pile_uspto_backgrounds_val_loss,5.441554546356201,5.224985083670776
62,simplex_huber_ridge_sensitivity,metric/the_pile_arxiv_val_loss,4.182930946350098,4.862810889440679
62,simplex_huber_ridge_sensitivity,metric/the_pile_freelaw_val_loss,5.533852577209473,5.574103621511293
62,simplex_huber_ridge_sensitivity,metric/the_pile_pubmed_central_val_loss,4.20123291015625,4.62968624167311
62,simplex_huber_ridge_sensitivity,metric/the_pile_wikipedia_en_val_loss,5.881320476531982,6.038650846891184
62,simplex_huber_ridge_sensitivity,metric/the_pile_dm_mathematics_val_loss,3.036623239517212,3.9551258821332786
62,simplex_huber_ridge_sensitivity,metric/the_pile_github_val_loss,4.398690700531006,5.116938956675359
62,simplex_huber_ridge_sensitivity,metric/the_pile_stackexchange_val_loss,4.46083402633667,4.978811633553477
62,simplex_huber_ridge_sensitivity,metric/the_pile_gutenberg_pg_19_val_loss,6.00164794921875,5.735646533162088
62,simplex_huber_ridge_sensitivity,metric/the_pile_pile_cc_val_loss,5.90737771987915,5.923520758179675
62,simplex_huber_ridge_sensitivity,metric/the_pile_ubuntu_irc_val_loss,5.824794769287109,6.532681183656594
62,simplex_huber_ridge_sensitivity,metric/the_pile_hackernews_val_loss,5.685764789581299,5.492580377668908
62,simplex_huber_ridge_sensitivity,metric/the_pile_pubmed_abstracts_val_loss,5.2286224365234375,5.329449068235475
62,simplex_huber_ridge_sensitivity,metric/the_pile_uspto_backgrounds_val_loss,4.514894962310791,4.9405196936853075
63,simplex_huber_ridge_sensitivity,metric/the_pile_arxiv_val_loss,4.488585948944092,4.773751276352239
63,simplex_huber_ridge_sensitivity,metric/the_pile_freelaw_val_loss,4.885903358459473,5.4190258269766565
63,simplex_huber_ridge_sensitivity,metric/the_pile_pubmed_central_val_loss,5.504492282867432,5.07973584546156
63,simplex_huber_ridge_sensitivity,metric/the_pile_wikipedia_en_val_loss,6.050186634063721,5.9448365262079035
63,simplex_huber_ridge_sensitivity,metric/the_pile_dm_mathematics_val_loss,5.163731098175049,3.982618981109526
63,simplex_huber_ridge_sensitivity,metric/the_pile_github_val_loss,5.030057430267334,4.875874795438523
63,simplex_huber_ridge_sensitivity,metric/the_pile_stackexchange_val_loss,4.398993968963623,4.554760930335425
63,simplex_huber_ridge_sensitivity,metric/the_pile_gutenberg_pg_19_val_loss,5.353765964508057,5.422697838069631
63,simplex_huber_ridge_sensitivity,metric/the_pile_pile_cc_val_loss,5.584300518035889,5.748078459370884
63,simplex_huber_ridge_sensitivity,metric/the_pile_ubuntu_irc_val_loss,6.357541561126709,6.730059776270472
63,simplex_huber_ridge_sensitivity,metric/the_pile_hackernews_val_loss,5.351061820983887,5.06551393679015
63,simplex_huber_ridge_sensitivity,metric/the_pile_pubmed_abstracts_val_loss,4.4324951171875,4.443288867600764
63,simplex_huber_ridge_sensitivity,metric/the_pile_uspto_backgrounds_val_loss,4.8310980796813965,5.0905439455213966
64,simplex_huber_ridge_sensitivity,metric/the_pile_arxiv_val_loss,3.7678377628326416,3.9701382753371206
64,simplex_huber_ridge_sensitivity,metric/the_pile_freelaw_val_loss,5.612824440002441,5.569310360694631
64,simplex_huber_ridge_sensitivity,metric/the_pile_pubmed_central_val_loss,4.211578369140625,4.610989495228803
64,simplex_huber_ridge_sensitivity,metric/the_pile_wikipedia_en_val_loss,6.416480541229248,6.140940341431529
64,simplex_huber_ridge_sensitivity,metric/the_pile_dm_mathematics_val_loss,3.821753978729248,4.015754912769302
64,simplex_huber_ridge_sensitivity,metric/the_pile_github_val_loss,5.0211992263793945,5.65687446832767
64,simplex_huber_ridge_sensitivity,metric/the_pile_stackexchange_val_loss,5.538304328918457,5.512709400658279
64,simplex_huber_ridge_sensitivity,metric/the_pile_gutenberg_pg_19_val_loss,6.066100120544434,5.83220645455751
64,simplex_huber_ridge_sensitivity,metric/the_pile_pile_cc_val_loss,6.019536018371582,5.99403908345562
64,simplex_huber_ridge_sensitivity,metric/the_pile_ubuntu_irc_val_loss,5.850015640258789,6.510583611607516
64,simplex_huber_ridge_sensitivity,metric/the_pile_hackernews_val_loss,5.862129211425781,5.663112036054382
64,simplex_huber_ridge_sensitivity,metric/the_pile_pubmed_abstracts_val_loss,5.237085342407227,5.403661801397334
64,simplex_huber_ridge_sensitivity,metric/the_pile_uspto_backgrounds_val_loss,5.148263454437256,5.360794505464064
65,simplex_huber_ridge_sensitivity,metric/the_pile_arxiv_val_loss,4.367419719696045,5.239354096390215
65,simplex_huber_ridge_sensitivity,metric/the_pile_freelaw_val_loss,4.768552303314209,5.14671089816679
65,simplex_huber_ridge_sensitivity,metric/the_pile_pubmed_central_val_loss,5.992532730102539,5.891620829994403
65,simplex_huber_ridge_sensitivity,metric/the_pile_wikipedia_en_val_loss,5.539706707000732,5.512468552814207
65,simplex_huber_ridge_sensitivity,metric/the_pile_dm_mathematics_val_loss,5.5456085205078125,4.383808984711548
65,simplex_huber_ridge_sensitivity,metric/the_pile_github_val_loss,6.113979339599609,5.73488266353214
65,simplex_huber_ridge_sensitivity,metric/the_pile_stackexchange_val_loss,5.528487205505371,5.528046145304468
65,simplex_huber_ridge_sensitivity,metric/the_pile_gutenberg_pg_19_val_loss,4.915516376495361,4.978180851999977
65,simplex_huber_ridge_sensitivity,metric/the_pile_pile_cc_val_loss,5.18274450302124,5.060363891795301
65,simplex_huber_ridge_sensitivity,metric/the_pile_ubuntu_irc_val_loss,7.270689487457275,6.549879536611792
65,simplex_huber_ridge_sensitivity,metric/the_pile_hackernews_val_loss,4.866237163543701,5.019986674362584
65,simplex_huber_ridge_sensitivity,metric/the_pile_pubmed_abstracts_val_loss,5.7557573318481445,5.683895644501699
65,simplex_huber_ridge_sensitivity,metric/the_pile_uspto_backgrounds_val_loss,5.115623474121094,5.240874602942211
66,simplex_huber_ridge_sensitivity,metric/the_pile_arxiv_val_loss,5.594398498535156,5.340708804226363
66,simplex_huber_ridge_sensitivity,metric/the_pile_freelaw_val_loss,5.503512859344482,5.259017102554415
66,simplex_huber_ridge_sensitivity,metric/the_pile_pubmed_central_val_loss,4.692560195922852,5.609653665978526
66,simplex_huber_ridge_sensitivity,metric/the_pile_wikipedia_en_val_loss,5.6902289390563965,5.641561786873168
66,simplex_huber_ridge_sensitivity,metric/the_pile_dm_mathematics_val_loss,5.406549453735352,4.28285053399372
66,simplex_huber_ridge_sensitivity,metric/the_pile_github_val_loss,5.350276947021484,5.464568795608501
66,simplex_huber_ridge_sensitivity,metric/the_pile_stackexchange_val_loss,4.91867733001709,5.323963836242212
66,simplex_huber_ridge_sensitivity,metric/the_pile_gutenberg_pg_19_val_loss,5.266021728515625,5.2213332213783294
66,simplex_huber_ridge_sensitivity,metric/the_pile_pile_cc_val_loss,5.253047466278076,5.2841516733184
66,simplex_huber_ridge_sensitivity,metric/the_pile_ubuntu_irc_val_loss,7.127767086029053,6.543060905588968
66,simplex_huber_ridge_sensitivity,metric/the_pile_hackernews_val_loss,5.073119640350342,5.074527038804622
66,simplex_huber_ridge_sensitivity,metric/the_pile_pubmed_abstracts_val_loss,4.9237961769104,5.3552781101127875
66,simplex_huber_ridge_sensitivity,metric/the_pile_uspto_backgrounds_val_loss,4.447439670562744,4.778261226581914
67,simplex_huber_ridge_sensitivity,metric/the_pile_arxiv_val_loss,5.390546798706055,5.456154981477395
67,simplex_huber_ridge_sensitivity,metric/the_pile_freelaw_val_loss,4.57432746887207,5.147013236250227
67,simplex_huber_ridge_sensitivity,metric/the_pile_pubmed_central_val_loss,5.041927814483643,5.2604136069112615
67,simplex_huber_ridge_sensitivity,metric/the_pile_wikipedia_en_val_loss,4.916013240814209,4.998656800339576
67,simplex_huber_ridge_sensitivity,metric/the_pile_dm_mathematics_val_loss,2.080146312713623,3.6788807974574493
67,simplex_huber_ridge_sensitivity,metric/the_pile_github_val_loss,4.720692157745361,5.111628719978197
67,simplex_huber_ridge_sensitivity,metric/the_pile_stackexchange_val_loss,5.42894172668457,5.351133572242536
67,simplex_huber_ridge_sensitivity,metric/the_pile_gutenberg_pg_19_val_loss,5.018121719360352,5.280365568521238
67,simplex_huber_ridge_sensitivity,metric/the_pile_pile_cc_val_loss,5.65629768371582,5.598719921195242
67,simplex_huber_ridge_sensitivity,metric/the_pile_ubuntu_irc_val_loss,7.789737224578857,6.530494048617726
67,simplex_huber_ridge_sensitivity,metric/the_pile_hackernews_val_loss,5.236750602722168,5.3205896893067735
67,simplex_huber_ridge_sensitivity,metric/the_pile_pubmed_abstracts_val_loss,5.5527873039245605,5.526335254499739
67,simplex_huber_ridge_sensitivity,metric/the_pile_uspto_backgrounds_val_loss,4.470640182495117,4.674624531324078
68,simplex_huber_ridge_sensitivity,metric/the_pile_arxiv_val_loss,5.465458393096924,5.182028077261244
68,simplex_huber_ridge_sensitivity,metric/the_pile_freelaw_val_loss,5.229877948760986,5.21199060271938
68,simplex_huber_ridge_sensitivity,metric/the_pile_pubmed_central_val_loss,6.007363319396973,5.587875492456584
68,simplex_huber_ridge_sensitivity,metric/the_pile_wikipedia_en_val_loss,5.731409072875977,5.636974491223976
68,simplex_huber_ridge_sensitivity,metric/the_pile_dm_mathematics_val_loss,1.8064392805099487,3.932306312724005
68,simplex_huber_ridge_sensitivity,metric/the_pile_github_val_loss,5.076081275939941,5.252760999377373
68,simplex_huber_ridge_sensitivity,metric/the_pile_stackexchange_val_loss,4.749902248382568,5.094546395749752
68,simplex_huber_ridge_sensitivity,metric/the_pile_gutenberg_pg_19_val_loss,4.843120098114014,4.922137498774927
68,simplex_huber_ridge_sensitivity,metric/the_pile_pile_cc_val_loss,5.298006057739258,5.340771554098507
68,simplex_huber_ridge_sensitivity,metric/the_pile_ubuntu_irc_val_loss,7.309943675994873,6.518028543835058
68,simplex_huber_ridge_sensitivity,metric/the_pile_hackernews_val_loss,5.241468906402588,5.14291080443344
68,simplex_huber_ridge_sensitivity,metric/the_pile_pubmed_abstracts_val_loss,5.101186275482178,5.491395906780959
68,simplex_huber_ridge_sensitivity,metric/the_pile_uspto_backgrounds_val_loss,5.396442890167236,5.228436857644644
69,simplex_huber_ridge_sensitivity,metric/the_pile_arxiv_val_loss,5.909402370452881,5.387394136696671
69,simplex_huber_ridge_sensitivity,metric/the_pile_freelaw_val_loss,5.473536491394043,5.157476850763229
69,simplex_huber_ridge_sensitivity,metric/the_pile_pubmed_central_val_loss,6.408538818359375,5.953980345243366
69,simplex_huber_ridge_sensitivity,metric/the_pile_wikipedia_en_val_loss,5.650169372558594,5.427309247632873
69,simplex_huber_ridge_sensitivity,metric/the_pile_dm_mathematics_val_loss,5.787696361541748,4.432085316226242
69,simplex_huber_ridge_sensitivity,metric/the_pile_github_val_loss,6.486886978149414,5.7099043265803555
69,simplex_huber_ridge_sensitivity,metric/the_pile_stackexchange_val_loss,5.945801734924316,5.477647742141293
69,simplex_huber_ridge_sensitivity,metric/the_pile_gutenberg_pg_19_val_loss,5.227286815643311,5.029228218800068
69,simplex_huber_ridge_sensitivity,metric/the_pile_pile_cc_val_loss,5.097600936889648,4.938660177518194
69,simplex_huber_ridge_sensitivity,metric/the_pile_ubuntu_irc_val_loss,5.073175430297852,6.445859948179699
69,simplex_huber_ridge_sensitivity,metric/the_pile_hackernews_val_loss,4.861169338226318,4.904278412583281
69,simplex_huber_ridge_sensitivity,metric/the_pile_pubmed_abstracts_val_loss,5.861124038696289,5.680649601521247
69,simplex_huber_ridge_sensitivity,metric/the_pile_uspto_backgrounds_val_loss,5.427541255950928,5.22572485258586
70,simplex_huber_ridge_sensitivity,metric/the_pile_arxiv_val_loss,5.791354656219482,4.9702147049293615
70,simplex_huber_ridge_sensitivity,metric/the_pile_freelaw_val_loss,6.508427619934082,5.666153401363169
70,simplex_huber_ridge_sensitivity,metric/the_pile_pubmed_central_val_loss,3.8435235023498535,3.4589369568052595
70,simplex_huber_ridge_sensitivity,metric/the_pile_wikipedia_en_val_loss,6.47025728225708,6.045884671591914
70,simplex_huber_ridge_sensitivity,metric/the_pile_dm_mathematics_val_loss,5.707548141479492,4.349980277616155
70,simplex_huber_ridge_sensitivity,metric/the_pile_github_val_loss,7.632749080657959,5.697721392286719
70,simplex_huber_ridge_sensitivity,metric/the_pile_stackexchange_val_loss,6.859847068786621,5.570766431058531
70,simplex_huber_ridge_sensitivity,metric/the_pile_gutenberg_pg_19_val_loss,6.065375328063965,5.929623370162478
70,simplex_huber_ridge_sensitivity,metric/the_pile_pile_cc_val_loss,6.09637451171875,5.939365310421031
70,simplex_huber_ridge_sensitivity,metric/the_pile_ubuntu_irc_val_loss,7.978414535522461,6.715001084590154
70,simplex_huber_ridge_sensitivity,metric/the_pile_hackernews_val_loss,5.197091102600098,5.449400239407525
70,simplex_huber_ridge_sensitivity,metric/the_pile_pubmed_abstracts_val_loss,4.642446041107178,4.455821902404725
70,simplex_huber_ridge_sensitivity,metric/the_pile_uspto_backgrounds_val_loss,5.503211975097656,5.260240621087872
71,simplex_huber_ridge_sensitivity,metric/the_pile_arxiv_val_loss,5.805180549621582,5.4209725593929505
71,simplex_huber_ridge_sensitivity,metric/the_pile_freelaw_val_loss,5.130552768707275,5.53433895344092
71,simplex_huber_ridge_sensitivity,metric/the_pile_pubmed_central_val_loss,4.548441410064697,5.174050084599601
71,simplex_huber_ridge_sensitivity,metric/the_pile_wikipedia_en_val_loss,6.210517883300781,6.154289171559181
71,simplex_huber_ridge_sensitivity,metric/the_pile_dm_mathematics_val_loss,5.367944240570068,3.920951048632949
71,simplex_huber_ridge_sensitivity,metric/the_pile_github_val_loss,3.9631152153015137,4.383286432574822
71,simplex_huber_ridge_sensitivity,metric/the_pile_stackexchange_val_loss,4.977492809295654,5.053779003526084
71,simplex_huber_ridge_sensitivity,metric/the_pile_gutenberg_pg_19_val_loss,5.732695579528809,5.626045035195582
71,simplex_huber_ridge_sensitivity,metric/the_pile_pile_cc_val_loss,5.959261417388916,5.978001518586371
71,simplex_huber_ridge_sensitivity,metric/the_pile_ubuntu_irc_val_loss,7.276486873626709,6.369017115318393
71,simplex_huber_ridge_sensitivity,metric/the_pile_hackernews_val_loss,4.988574504852295,5.418186844138683
71,simplex_huber_ridge_sensitivity,metric/the_pile_pubmed_abstracts_val_loss,5.318973064422607,5.544442411320102
71,simplex_huber_ridge_sensitivity,metric/the_pile_uspto_backgrounds_val_loss,4.468218803405762,4.852980667313956
72,simplex_huber_ridge_sensitivity,metric/the_pile_arxiv_val_loss,4.5284104347229,5.063160305404756
72,simplex_huber_ridge_sensitivity,metric/the_pile_freelaw_val_loss,5.021412372589111,5.459660995563286
72,simplex_huber_ridge_sensitivity,metric/the_pile_pubmed_central_val_loss,4.184553623199463,4.590803616102219
72,simplex_huber_ridge_sensitivity,metric/the_pile_wikipedia_en_val_loss,5.882453441619873,5.997684496167561
72,simplex_huber_ridge_sensitivity,metric/the_pile_dm_mathematics_val_loss,1.8943628072738647,3.9347336190152142
72,simplex_huber_ridge_sensitivity,metric/the_pile_github_val_loss,4.313271522521973,5.053910956126739
72,simplex_huber_ridge_sensitivity,metric/the_pile_stackexchange_val_loss,4.894092082977295,5.207257232621377
72,simplex_huber_ridge_sensitivity,metric/the_pile_gutenberg_pg_19_val_loss,5.143965721130371,5.507538144616419
72,simplex_huber_ridge_sensitivity,metric/the_pile_pile_cc_val_loss,5.676901817321777,5.86141196905179
72,simplex_huber_ridge_sensitivity,metric/the_pile_ubuntu_irc_val_loss,5.29446268081665,6.48383032481316
72,simplex_huber_ridge_sensitivity,metric/the_pile_hackernews_val_loss,5.078130722045898,5.450612095589121
72,simplex_huber_ridge_sensitivity,metric/the_pile_pubmed_abstracts_val_loss,5.139644622802734,5.24935213932611
72,simplex_huber_ridge_sensitivity,metric/the_pile_uspto_backgrounds_val_loss,5.18558931350708,5.317894950914054
73,simplex_huber_ridge_sensitivity,metric/the_pile_arxiv_val_loss,5.847026348114014,5.421238735151938
73,simplex_huber_ridge_sensitivity,metric/the_pile_freelaw_val_loss,4.17090368270874,4.601998033546752
73,simplex_huber_ridge_sensitivity,metric/the_pile_pubmed_central_val_loss,5.992398738861084,5.379373887345889
73,simplex_huber_ridge_sensitivity,metric/the_pile_wikipedia_en_val_loss,5.216383934020996,5.67774726184442
73,simplex_huber_ridge_sensitivity,metric/the_pile_dm_mathematics_val_loss,1.9412392377853396,3.9585415713225083
73,simplex_huber_ridge_sensitivity,metric/the_pile_github_val_loss,4.58021354675293,5.159336055445904
73,simplex_huber_ridge_sensitivity,metric/the_pile_stackexchange_val_loss,5.256517887115479,5.288549596103815
73,simplex_huber_ridge_sensitivity,metric/the_pile_gutenberg_pg_19_val_loss,5.497099876403809,5.316090721405795
73,simplex_huber_ridge_sensitivity,metric/the_pile_pile_cc_val_loss,5.770963668823242,5.7718154004510405
73,simplex_huber_ridge_sensitivity,metric/the_pile_ubuntu_irc_val_loss,7.71484375,6.872860851816871
73,simplex_huber_ridge_sensitivity,metric/the_pile_hackernews_val_loss,5.143347263336182,5.339953069983903
73,simplex_huber_ridge_sensitivity,metric/the_pile_pubmed_abstracts_val_loss,4.813568115234375,5.129405766228753
73,simplex_huber_ridge_sensitivity,metric/the_pile_uspto_backgrounds_val_loss,5.390801906585693,5.1950081029705295
74,simplex_huber_ridge_sensitivity,metric/the_pile_arxiv_val_loss,3.7244694232940674,3.827292046697673
74,simplex_huber_ridge_sensitivity,metric/the_pile_freelaw_val_loss,6.008955001831055,5.530495103642821
74,simplex_huber_ridge_sensitivity,metric/the_pile_pubmed_central_val_loss,5.015145301818848,5.20823747225043
74,simplex_huber_ridge_sensitivity,metric/the_pile_wikipedia_en_val_loss,5.551737308502197,5.961614050112153
74,simplex_huber_ridge_sensitivity,metric/the_pile_dm_mathematics_val_loss,2.213706970214844,3.79899160819692
74,simplex_huber_ridge_sensitivity,metric/the_pile_github_val_loss,5.282707214355469,5.429176583900395
74,simplex_huber_ridge_sensitivity,metric/the_pile_stackexchange_val_loss,4.475081920623779,5.046451918977305
74,simplex_huber_ridge_sensitivity,metric/the_pile_gutenberg_pg_19_val_loss,5.738177299499512,5.668209969043656
74,simplex_huber_ridge_sensitivity,metric/the_pile_pile_cc_val_loss,5.699779510498047,5.851014344716134
74,simplex_huber_ridge_sensitivity,metric/the_pile_ubuntu_irc_val_loss,7.424002647399902,6.463858589260327
74,simplex_huber_ridge_sensitivity,metric/the_pile_hackernews_val_loss,5.224193096160889,5.52019575989248
74,simplex_huber_ridge_sensitivity,metric/the_pile_pubmed_abstracts_val_loss,5.95237922668457,5.731430600497117
74,simplex_huber_ridge_sensitivity,metric/the_pile_uspto_backgrounds_val_loss,5.634478092193604,5.4030648874436125
75,simplex_huber_ridge_sensitivity,metric/the_pile_arxiv_val_loss,5.42728853225708,5.48796254685919
75,simplex_huber_ridge_sensitivity,metric/the_pile_freelaw_val_loss,4.204982280731201,4.666972804188551
75,simplex_huber_ridge_sensitivity,metric/the_pile_pubmed_central_val_loss,4.609395503997803,5.287263273042365
75,simplex_huber_ridge_sensitivity,metric/the_pile_wikipedia_en_val_loss,5.887691497802734,5.9309808292316495
75,simplex_huber_ridge_sensitivity,metric/the_pile_dm_mathematics_val_loss,2.625043630599976,4.092570246356761
75,simplex_huber_ridge_sensitivity,metric/the_pile_github_val_loss,5.196339130401611,5.417866171763714
75,simplex_huber_ridge_sensitivity,metric/the_pile_stackexchange_val_loss,4.854483604431152,5.422537901161888
75,simplex_huber_ridge_sensitivity,metric/the_pile_gutenberg_pg_19_val_loss,4.809972286224365,4.958452399020045
75,simplex_huber_ridge_sensitivity,metric/the_pile_pile_cc_val_loss,5.567836761474609,5.767110068745277
75,simplex_huber_ridge_sensitivity,metric/the_pile_ubuntu_irc_val_loss,5.589648246765137,6.9515530116252044
75,simplex_huber_ridge_sensitivity,metric/the_pile_hackernews_val_loss,5.45860481262207,5.523074096762988
75,simplex_huber_ridge_sensitivity,metric/the_pile_pubmed_abstracts_val_loss,5.546303749084473,5.4766143901874464
75,simplex_huber_ridge_sensitivity,metric/the_pile_uspto_backgrounds_val_loss,4.684337139129639,5.014983098641773
76,simplex_huber_ridge_sensitivity,metric/the_pile_arxiv_val_loss,3.808625459671021,4.407931501114134
76,simplex_huber_ridge_sensitivity,metric/the_pile_freelaw_val_loss,4.172271728515625,4.638540470295046
76,simplex_huber_ridge_sensitivity,metric/the_pile_pubmed_central_val_loss,6.025245189666748,5.41148422016088
76,simplex_huber_ridge_sensitivity,metric/the_pile_wikipedia_en_val_loss,6.417995452880859,6.159023233212876
76,simplex_huber_ridge_sensitivity,metric/the_pile_dm_mathematics_val_loss,2.156200408935547,4.073277250159017
76,simplex_huber_ridge_sensitivity,metric/the_pile_github_val_loss,7.242442607879639,5.791336507934352
76,simplex_huber_ridge_sensitivity,metric/the_pile_stackexchange_val_loss,6.76452112197876,5.657674063105111
76,simplex_huber_ridge_sensitivity,metric/the_pile_gutenberg_pg_19_val_loss,5.294261932373047,5.504131408822254
76,simplex_huber_ridge_sensitivity,metric/the_pile_pile_cc_val_loss,6.112255573272705,5.9663812230711555
76,simplex_huber_ridge_sensitivity,metric/the_pile_ubuntu_irc_val_loss,8.157010078430176,6.893203667210884
76,simplex_huber_ridge_sensitivity,metric/the_pile_hackernews_val_loss,5.967411994934082,5.7235372652663745
76,simplex_huber_ridge_sensitivity,metric/the_pile_pubmed_abstracts_val_loss,5.75397253036499,5.665526071433766
76,simplex_huber_ridge_sensitivity,metric/the_pile_uspto_backgrounds_val_loss,5.602794647216797,5.35878880948884
77,simplex_huber_ridge_sensitivity,metric/the_pile_arxiv_val_loss,5.121078968048096,5.320570166091505
77,simplex_huber_ridge_sensitivity,metric/the_pile_freelaw_val_loss,4.186187267303467,4.760864644290201
77,simplex_huber_ridge_sensitivity,metric/the_pile_pubmed_central_val_loss,4.063381195068359,4.648794977150143
77,simplex_huber_ridge_sensitivity,metric/the_pile_wikipedia_en_val_loss,6.302750587463379,6.074105969373691
77,simplex_huber_ridge_sensitivity,metric/the_pile_dm_mathematics_val_loss,5.443887233734131,4.307597032616794
77,simplex_huber_ridge_sensitivity,metric/the_pile_github_val_loss,5.611749172210693,5.59055334135952
77,simplex_huber_ridge_sensitivity,metric/the_pile_stackexchange_val_loss,4.944844722747803,5.4746655940605375
77,simplex_huber_ridge_sensitivity,metric/the_pile_gutenberg_pg_19_val_loss,5.630401611328125,5.573593454304013
77,simplex_huber_ridge_sensitivity,metric/the_pile_pile_cc_val_loss,5.942869663238525,5.902993833052066
77,simplex_huber_ridge_sensitivity,metric/the_pile_ubuntu_irc_val_loss,7.535934925079346,7.026466943271827
77,simplex_huber_ridge_sensitivity,metric/the_pile_hackernews_val_loss,5.224102020263672,5.473987869407347
77,simplex_huber_ridge_sensitivity,metric/the_pile_pubmed_abstracts_val_loss,4.7171125411987305,4.83554935525167
77,simplex_huber_ridge_sensitivity,metric/the_pile_uspto_backgrounds_val_loss,4.852838516235352,5.155222778139193
78,simplex_huber_ridge_sensitivity,metric/the_pile_arxiv_val_loss,3.858219623565674,4.5991604640415025
78,simplex_huber_ridge_sensitivity,metric/the_pile_freelaw_val_loss,4.156088352203369,4.60670572730452
78,simplex_huber_ridge_sensitivity,metric/the_pile_pubmed_central_val_loss,4.626086711883545,5.273032971042701
78,simplex_huber_ridge_sensitivity,metric/the_pile_wikipedia_en_val_loss,5.930944919586182,6.136828984369414
78,simplex_huber_ridge_sensitivity,metric/the_pile_dm_mathematics_val_loss,5.597759246826172,4.146214283733053
78,simplex_huber_ridge_sensitivity,metric/the_pile_github_val_loss,6.932406902313232,5.820914007017222
78,simplex_huber_ridge_sensitivity,metric/the_pile_stackexchange_val_loss,6.61055326461792,5.701703873343235
78,simplex_huber_ridge_sensitivity,metric/the_pile_gutenberg_pg_19_val_loss,5.215539455413818,5.500288744509539
78,simplex_huber_ridge_sensitivity,metric/the_pile_pile_cc_val_loss,5.969718933105469,5.957111832506281
78,simplex_huber_ridge_sensitivity,metric/the_pile_ubuntu_irc_val_loss,6.255069255828857,6.9439505614395
78,simplex_huber_ridge_sensitivity,metric/the_pile_hackernews_val_loss,5.891017913818359,5.713902944432865
78,simplex_huber_ridge_sensitivity,metric/the_pile_pubmed_abstracts_val_loss,5.587634086608887,5.582880987649344
78,simplex_huber_ridge_sensitivity,metric/the_pile_uspto_backgrounds_val_loss,5.581173419952393,5.351228742342807
79,simplex_huber_ridge_sensitivity,metric/the_pile_arxiv_val_loss,3.727626800537109,3.7382089884430534
79,simplex_huber_ridge_sensitivity,metric/the_pile_freelaw_val_loss,6.723914623260498,5.517257675521522
79,simplex_huber_ridge_sensitivity,metric/the_pile_pubmed_central_val_loss,5.971821308135986,5.1701276881365406
79,simplex_huber_ridge_sensitivity,metric/the_pile_wikipedia_en_val_loss,6.803301334381104,6.0875850983417585
79,simplex_huber_ridge_sensitivity,metric/the_pile_dm_mathematics_val_loss,2.1735620498657227,3.744190723018014
79,simplex_huber_ridge_sensitivity,metric/the_pile_github_val_loss,5.423378944396973,5.37163670205269
79,simplex_huber_ridge_sensitivity,metric/the_pile_stackexchange_val_loss,4.563905715942383,5.030547294288398
79,simplex_huber_ridge_sensitivity,metric/the_pile_gutenberg_pg_19_val_loss,6.460148811340332,5.712202759244906
79,simplex_huber_ridge_sensitivity,metric/the_pile_pile_cc_val_loss,6.243809223175049,5.914016847197512
79,simplex_huber_ridge_sensitivity,metric/the_pile_ubuntu_irc_val_loss,4.812319278717041,6.335440281522648
79,simplex_huber_ridge_sensitivity,metric/the_pile_hackernews_val_loss,5.670177459716797,5.563011402226321
79,simplex_huber_ridge_sensitivity,metric/the_pile_pubmed_abstracts_val_loss,6.643232345581055,5.735177103027078
79,simplex_huber_ridge_sensitivity,metric/the_pile_uspto_backgrounds_val_loss,5.9026312828063965,5.391103578954947
80,simplex_huber_ridge_sensitivity,metric/the_pile_arxiv_val_loss,5.894128799438477,5.335820026131496
80,simplex_huber_ridge_sensitivity,metric/the_pile_freelaw_val_loss,5.03297233581543,5.286914761014401
80,simplex_huber_ridge_sensitivity,metric/the_pile_pubmed_central_val_loss,6.359255313873291,5.573814764973391
80,simplex_huber_ridge_sensitivity,metric/the_pile_wikipedia_en_val_loss,5.048344135284424,5.262521539262344
80,simplex_huber_ridge_sensitivity,metric/the_pile_dm_mathematics_val_loss,2.041743755340576,3.8862691353117422
80,simplex_huber_ridge_sensitivity,metric/the_pile_github_val_loss,4.311027050018311,5.010591445080144
80,simplex_huber_ridge_sensitivity,metric/the_pile_stackexchange_val_loss,5.089498043060303,5.191905962532477
80,simplex_huber_ridge_sensitivity,metric/the_pile_gutenberg_pg_19_val_loss,5.29957389831543,5.274854026850615
80,simplex_huber_ridge_sensitivity,metric/the_pile_pile_cc_val_loss,5.273863315582275,5.382672781728956
80,simplex_huber_ridge_sensitivity,metric/the_pile_ubuntu_irc_val_loss,5.126842975616455,6.325271157193298
80,simplex_huber_ridge_sensitivity,metric/the_pile_hackernews_val_loss,5.253196716308594,5.155564999513056
80,simplex_huber_ridge_sensitivity,metric/the_pile_pubmed_abstracts_val_loss,6.036647319793701,5.693015165963917
80,simplex_huber_ridge_sensitivity,metric/the_pile_uspto_backgrounds_val_loss,5.4072771072387695,5.266016966141056
81,simplex_huber_ridge_sensitivity,metric/the_pile_arxiv_val_loss,5.168089389801025,5.480359367928122
81,simplex_huber_ridge_sensitivity,metric/the_pile_freelaw_val_loss,4.097475051879883,4.456628007128145
81,simplex_huber_ridge_sensitivity,metric/the_pile_pubmed_central_val_loss,4.738083839416504,5.41636703867742
81,simplex_huber_ridge_sensitivity,metric/the_pile_wikipedia_en_val_loss,5.92235803604126,6.061066294305758
81,simplex_huber_ridge_sensitivity,metric/the_pile_dm_mathematics_val_loss,5.249316215515137,4.108201488278162
81,simplex_huber_ridge_sensitivity,metric/the_pile_github_val_loss,5.1383233070373535,5.37617201081302
81,simplex_huber_ridge_sensitivity,metric/the_pile_stackexchange_val_loss,4.431123733520508,5.141123525980268
81,simplex_huber_ridge_sensitivity,metric/the_pile_gutenberg_pg_19_val_loss,5.588058471679688,5.4314422544581475
81,simplex_huber_ridge_sensitivity,metric/the_pile_pile_cc_val_loss,5.878551006317139,5.872368194702668
81,simplex_huber_ridge_sensitivity,metric/the_pile_ubuntu_irc_val_loss,7.334853172302246,7.042539070595144
81,simplex_huber_ridge_sensitivity,metric/the_pile_hackernews_val_loss,5.261707782745361,5.535278484721573
81,simplex_huber_ridge_sensitivity,metric/the_pile_pubmed_abstracts_val_loss,5.541432857513428,5.5557073583733265
81,simplex_huber_ridge_sensitivity,metric/the_pile_uspto_backgrounds_val_loss,4.52368688583374,4.898251292390632
82,simplex_huber_ridge_sensitivity,metric/the_pile_arxiv_val_loss,5.904451847076416,5.403937042965427
82,simplex_huber_ridge_sensitivity,metric/the_pile_freelaw_val_loss,5.769182205200195,5.307841223632524
82,simplex_huber_ridge_sensitivity,metric/the_pile_pubmed_central_val_loss,4.696850299835205,5.121916726003346
82,simplex_huber_ridge_sensitivity,metric/the_pile_wikipedia_en_val_loss,4.823879241943359,4.682736950959579
82,simplex_huber_ridge_sensitivity,metric/the_pile_dm_mathematics_val_loss,5.727783679962158,3.6290047290995595
82,simplex_huber_ridge_sensitivity,metric/the_pile_github_val_loss,6.077179908752441,5.208558807421962
82,simplex_huber_ridge_sensitivity,metric/the_pile_stackexchange_val_loss,5.540137767791748,5.355870496753685
82,simplex_huber_ridge_sensitivity,metric/the_pile_gutenberg_pg_19_val_loss,5.70606803894043,5.434864251790696
82,simplex_huber_ridge_sensitivity,metric/the_pile_pile_cc_val_loss,5.532410144805908,5.502388563541011
82,simplex_huber_ridge_sensitivity,metric/the_pile_ubuntu_irc_val_loss,5.203817844390869,6.3985414364857425
82,simplex_huber_ridge_sensitivity,metric/the_pile_hackernews_val_loss,5.678569316864014,5.238837208583344
82,simplex_huber_ridge_sensitivity,metric/the_pile_pubmed_abstracts_val_loss,5.487232685089111,5.465268527425864
82,simplex_huber_ridge_sensitivity,metric/the_pile_uspto_backgrounds_val_loss,4.3761420249938965,4.478519046114924
83,simplex_huber_ridge_sensitivity,metric/the_pile_arxiv_val_loss,5.075393199920654,4.455651264961734
83,simplex_huber_ridge_sensitivity,metric/the_pile_freelaw_val_loss,6.445424556732178,5.735450347738267
83,simplex_huber_ridge_sensitivity,metric/the_pile_pubmed_central_val_loss,6.454787254333496,5.23678385582794
83,simplex_huber_ridge_sensitivity,metric/the_pile_wikipedia_en_val_loss,6.536040306091309,5.990507703436544
83,simplex_huber_ridge_sensitivity,metric/the_pile_dm_mathematics_val_loss,4.9015793800354,3.5168595240934977
83,simplex_huber_ridge_sensitivity,metric/the_pile_github_val_loss,4.821788311004639,4.405182820588711
83,simplex_huber_ridge_sensitivity,metric/the_pile_stackexchange_val_loss,3.950912952423096,3.3601265293885882
83,simplex_huber_ridge_sensitivity,metric/the_pile_gutenberg_pg_19_val_loss,5.879345417022705,5.616457364479244
83,simplex_huber_ridge_sensitivity,metric/the_pile_pile_cc_val_loss,6.042532920837402,5.804237597835398
83,simplex_huber_ridge_sensitivity,metric/the_pile_ubuntu_irc_val_loss,7.179432392120361,6.527911075323084
83,simplex_huber_ridge_sensitivity,metric/the_pile_hackernews_val_loss,5.175995826721191,5.198368538048953
83,simplex_huber_ridge_sensitivity,metric/the_pile_pubmed_abstracts_val_loss,6.364803791046143,5.799098452077859
83,simplex_huber_ridge_sensitivity,metric/the_pile_uspto_backgrounds_val_loss,5.93247127532959,5.493773045658291
84,simplex_huber_ridge_sensitivity,metric/the_pile_arxiv_val_loss,4.098197937011719,4.623102399403316
84,simplex_huber_ridge_sensitivity,metric/the_pile_freelaw_val_loss,5.798776626586914,5.429753637171331
84,simplex_huber_ridge_sensitivity,metric/the_pile_pubmed_central_val_loss,5.6239447593688965,5.394084049085828
84,simplex_huber_ridge_sensitivity,metric/the_pile_wikipedia_en_val_loss,5.720683574676514,5.82887688772329
84,simplex_huber_ridge_sensitivity,metric/the_pile_dm_mathematics_val_loss,1.895457983016968,3.7655233955001717
84,simplex_huber_ridge_sensitivity,metric/the_pile_github_val_loss,4.750450134277344,5.0330754404324605
84,simplex_huber_ridge_sensitivity,metric/the_pile_stackexchange_val_loss,4.273987293243408,4.561761908059616
84,simplex_huber_ridge_sensitivity,metric/the_pile_gutenberg_pg_19_val_loss,5.4761643409729,5.437397609741239
84,simplex_huber_ridge_sensitivity,metric/the_pile_pile_cc_val_loss,5.420907020568848,5.586428412911598
84,simplex_huber_ridge_sensitivity,metric/the_pile_ubuntu_irc_val_loss,4.870192050933838,6.368591549372079
84,simplex_huber_ridge_sensitivity,metric/the_pile_hackernews_val_loss,5.3629679679870605,5.23239809153226
84,simplex_huber_ridge_sensitivity,metric/the_pile_pubmed_abstracts_val_loss,5.512203216552734,5.660981884788865
84,simplex_huber_ridge_sensitivity,metric/the_pile_uspto_backgrounds_val_loss,5.548117637634277,5.331142290844089
85,simplex_huber_ridge_sensitivity,metric/the_pile_arxiv_val_loss,6.351230144500732,5.307749012016643
85,simplex_huber_ridge_sensitivity,metric/the_pile_freelaw_val_loss,6.526603221893311,5.603215906610054
85,simplex_huber_ridge_sensitivity,metric/the_pile_pubmed_central_val_loss,7.105541706085205,5.462701165561223
85,simplex_huber_ridge_sensitivity,metric/the_pile_wikipedia_en_val_loss,6.905886173248291,6.231659694127705
85,simplex_huber_ridge_sensitivity,metric/the_pile_dm_mathematics_val_loss,1.893263339996338,3.6508186170982846
85,simplex_huber_ridge_sensitivity,metric/the_pile_github_val_loss,3.81841492652893,3.840424274361933
85,simplex_huber_ridge_sensitivity,metric/the_pile_stackexchange_val_loss,4.982966423034668,4.707093822175109
85,simplex_huber_ridge_sensitivity,metric/the_pile_gutenberg_pg_19_val_loss,5.532324314117432,5.506052529811651
85,simplex_huber_ridge_sensitivity,metric/the_pile_pile_cc_val_loss,6.387294769287109,6.040928589365772
85,simplex_huber_ridge_sensitivity,metric/the_pile_ubuntu_irc_val_loss,5.368585109710693,6.161620226685332
85,simplex_huber_ridge_sensitivity,metric/the_pile_hackernews_val_loss,5.784358501434326,5.539353179005495
85,simplex_huber_ridge_sensitivity,metric/the_pile_pubmed_abstracts_val_loss,7.367510318756103,5.865645289535215
85,simplex_huber_ridge_sensitivity,metric/the_pile_uspto_backgrounds_val_loss,6.291447162628174,5.564556872120377
86,simplex_huber_ridge_sensitivity,metric/the_pile_arxiv_val_loss,6.849578857421875,5.587383006599021
86,simplex_huber_ridge_sensitivity,metric/the_pile_freelaw_val_loss,5.184517860412598,5.358077819544234
86,simplex_huber_ridge_sensitivity,metric/the_pile_pubmed_central_val_loss,5.479054927825928,5.265924229976416
86,simplex_huber_ridge_sensitivity,metric/the_pile_wikipedia_en_val_loss,6.430743217468262,6.05599633224408
86,simplex_huber_ridge_sensitivity,metric/the_pile_dm_mathematics_val_loss,2.4588747024536133,3.933051475093148
86,simplex_huber_ridge_sensitivity,metric/the_pile_github_val_loss,4.374997615814209,4.881072469742958
86,simplex_huber_ridge_sensitivity,metric/the_pile_stackexchange_val_loss,5.2870683670043945,5.311261307633553
86,simplex_huber_ridge_sensitivity,metric/the_pile_gutenberg_pg_19_val_loss,5.779410362243652,5.592198743440127
86,simplex_huber_ridge_sensitivity,metric/the_pile_pile_cc_val_loss,5.877424240112305,5.904023034866188
86,simplex_huber_ridge_sensitivity,metric/the_pile_ubuntu_irc_val_loss,5.402123928070068,6.447635762147287
86,simplex_huber_ridge_sensitivity,metric/the_pile_hackernews_val_loss,5.332662105560303,5.518882171725995
86,simplex_huber_ridge_sensitivity,metric/the_pile_pubmed_abstracts_val_loss,5.454739093780518,5.46924998070787
86,simplex_huber_ridge_sensitivity,metric/the_pile_uspto_backgrounds_val_loss,4.152404308319092,3.7508088915561277
87,simplex_huber_ridge_sensitivity,metric/the_pile_arxiv_val_loss,4.096127033233643,4.6150998454104135
87,simplex_huber_ridge_sensitivity,metric/the_pile_freelaw_val_loss,5.953245162963867,5.538309052687971
87,simplex_huber_ridge_sensitivity,metric/the_pile_pubmed_central_val_loss,4.78422212600708,5.151422075993612
87,simplex_huber_ridge_sensitivity,metric/the_pile_wikipedia_en_val_loss,5.5802741050720215,5.896949161141171
87,simplex_huber_ridge_sensitivity,metric/the_pile_dm_mathematics_val_loss,5.238745212554932,3.771389036615657
87,simplex_huber_ridge_sensitivity,metric/the_pile_github_val_loss,4.159611225128174,4.698570717153653
87,simplex_huber_ridge_sensitivity,metric/the_pile_stackexchange_val_loss,4.383962154388428,4.634008813133785
87,simplex_huber_ridge_sensitivity,metric/the_pile_gutenberg_pg_19_val_loss,5.635195255279541,5.5314072775334
87,simplex_huber_ridge_sensitivity,metric/the_pile_pile_cc_val_loss,5.742480754852295,5.821625521442503
87,simplex_huber_ridge_sensitivity,metric/the_pile_ubuntu_irc_val_loss,5.472236633300781,6.444968830282693
87,simplex_huber_ridge_sensitivity,metric/the_pile_hackernews_val_loss,4.863551616668701,5.173701101076938
87,simplex_huber_ridge_sensitivity,metric/the_pile_pubmed_abstracts_val_loss,4.93787145614624,5.326676130768701
87,simplex_huber_ridge_sensitivity,metric/the_pile_uspto_backgrounds_val_loss,5.496954441070557,5.331212813373169
88,simplex_huber_ridge_sensitivity,metric/the_pile_arxiv_val_loss,3.728371381759644,3.9008810944763015
88,simplex_huber_ridge_sensitivity,metric/the_pile_freelaw_val_loss,4.478529453277588,5.169099891050561
88,simplex_huber_ridge_sensitivity,metric/the_pile_pubmed_central_val_loss,5.153957366943359,5.240552087229328
88,simplex_huber_ridge_sensitivity,metric/the_pile_wikipedia_en_val_loss,6.22296667098999,6.134096707473881
88,simplex_huber_ridge_sensitivity,metric/the_pile_dm_mathematics_val_loss,3.768261671066284,3.9484791491322535
88,simplex_huber_ridge_sensitivity,metric/the_pile_github_val_loss,6.995357513427734,5.687202292675879
88,simplex_huber_ridge_sensitivity,metric/the_pile_stackexchange_val_loss,6.569522380828857,5.528862468206931
88,simplex_huber_ridge_sensitivity,metric/the_pile_gutenberg_pg_19_val_loss,5.117288589477539,5.535073091551369
88,simplex_huber_ridge_sensitivity,metric/the_pile_pile_cc_val_loss,6.034572124481201,5.965377652105628
88,simplex_huber_ridge_sensitivity,metric/the_pile_ubuntu_irc_val_loss,6.247410297393799,6.661610856461615
88,simplex_huber_ridge_sensitivity,metric/the_pile_hackernews_val_loss,5.808062553405762,5.681435342975994
88,simplex_huber_ridge_sensitivity,metric/the_pile_pubmed_abstracts_val_loss,5.353774070739746,5.6077982527717385
88,simplex_huber_ridge_sensitivity,metric/the_pile_uspto_backgrounds_val_loss,5.642158031463623,5.3742609949749465
89,simplex_huber_ridge_sensitivity,metric/the_pile_arxiv_val_loss,4.470522403717041,5.384752846554374
89,simplex_huber_ridge_sensitivity,metric/the_pile_freelaw_val_loss,4.399294853210449,4.982603628717979
89,simplex_huber_ridge_sensitivity,metric/the_pile_pubmed_central_val_loss,6.020051956176758,5.487882407381488
89,simplex_huber_ridge_sensitivity,metric/the_pile_wikipedia_en_val_loss,5.3122968673706055,5.7314096750537615
89,simplex_huber_ridge_sensitivity,metric/the_pile_dm_mathematics_val_loss,3.697586297988892,4.0151670227350245
89,simplex_huber_ridge_sensitivity,metric/the_pile_github_val_loss,4.418660640716553,5.16046423042481
89,simplex_huber_ridge_sensitivity,metric/the_pile_stackexchange_val_loss,5.100358963012695,5.362122263795729
89,simplex_huber_ridge_sensitivity,metric/the_pile_gutenberg_pg_19_val_loss,5.380251884460449,5.405106514379949
89,simplex_huber_ridge_sensitivity,metric/the_pile_pile_cc_val_loss,5.405994892120361,5.659333327739286
89,simplex_huber_ridge_sensitivity,metric/the_pile_ubuntu_irc_val_loss,4.954042434692383,6.53052384572012
89,simplex_huber_ridge_sensitivity,metric/the_pile_hackernews_val_loss,4.990312576293945,5.357129137562953
89,simplex_huber_ridge_sensitivity,metric/the_pile_pubmed_abstracts_val_loss,5.808455467224121,5.6147996906114415
89,simplex_huber_ridge_sensitivity,metric/the_pile_uspto_backgrounds_val_loss,4.539729118347168,4.846561385608939
90,simplex_huber_ridge_sensitivity,metric/the_pile_arxiv_val_loss,3.786684989929199,4.148591156286813
90,simplex_huber_ridge_sensitivity,metric/the_pile_freelaw_val_loss,4.832275390625,5.388459692294565
90,simplex_huber_ridge_sensitivity,metric/the_pile_pubmed_central_val_loss,4.898463726043701,5.372009453881091
90,simplex_huber_ridge_sensitivity,metric/the_pile_wikipedia_en_val_loss,5.967018127441406,6.025681908698839
90,simplex_huber_ridge_sensitivity,metric/the_pile_dm_mathematics_val_loss,5.4691572189331055,4.014080326688761
90,simplex_huber_ridge_sensitivity,metric/the_pile_github_val_loss,4.576488971710205,5.500603844362062
90,simplex_huber_ridge_sensitivity,metric/the_pile_stackexchange_val_loss,4.967837810516357,5.402047688264077
90,simplex_huber_ridge_sensitivity,metric/the_pile_gutenberg_pg_19_val_loss,5.2604265213012695,5.541104420745677
90,simplex_huber_ridge_sensitivity,metric/the_pile_pile_cc_val_loss,5.560996055603027,5.774762314270245
90,simplex_huber_ridge_sensitivity,metric/the_pile_ubuntu_irc_val_loss,7.50966739654541,6.495940567415016
90,simplex_huber_ridge_sensitivity,metric/the_pile_hackernews_val_loss,5.474143981933594,5.522581773936173
90,simplex_huber_ridge_sensitivity,metric/the_pile_pubmed_abstracts_val_loss,5.560803890228272,5.708052207513811
90,simplex_huber_ridge_sensitivity,metric/the_pile_uspto_backgrounds_val_loss,5.446404457092285,5.403179393361198
91,simplex_huber_ridge_sensitivity,metric/the_pile_arxiv_val_loss,4.081962585449219,4.548541789817856
91,simplex_huber_ridge_sensitivity,metric/the_pile_freelaw_val_loss,6.165113925933838,5.488921098258156
91,simplex_huber_ridge_sensitivity,metric/the_pile_pubmed_central_val_loss,4.666009902954102,5.008629961941151
91,simplex_huber_ridge_sensitivity,metric/the_pile_wikipedia_en_val_loss,6.321020603179932,5.950465759288518
91,simplex_huber_ridge_sensitivity,metric/the_pile_dm_mathematics_val_loss,5.397693157196045,3.9116862955486145
91,simplex_huber_ridge_sensitivity,metric/the_pile_github_val_loss,4.508846282958984,4.876434282934373
91,simplex_huber_ridge_sensitivity,metric/the_pile_stackexchange_val_loss,4.535510063171387,4.734777152521478
91,simplex_huber_ridge_sensitivity,metric/the_pile_gutenberg_pg_19_val_loss,5.260051250457764,5.4250515661175065
91,simplex_huber_ridge_sensitivity,metric/the_pile_pile_cc_val_loss,5.899391174316406,5.7920075878711605
91,simplex_huber_ridge_sensitivity,metric/the_pile_ubuntu_irc_val_loss,7.509303569793701,6.626250204313632
91,simplex_huber_ridge_sensitivity,metric/the_pile_hackernews_val_loss,4.841768741607666,5.021712866910517
91,simplex_huber_ridge_sensitivity,metric/the_pile_pubmed_abstracts_val_loss,4.521153450012207,4.6099113180357385
91,simplex_huber_ridge_sensitivity,metric/the_pile_uspto_backgrounds_val_loss,5.45068359375,5.186532480746938
92,simplex_huber_ridge_sensitivity,metric/the_pile_arxiv_val_loss,4.762213706970215,5.247379782882786
92,simplex_huber_ridge_sensitivity,metric/the_pile_freelaw_val_loss,4.70991849899292,5.321083924953312
92,simplex_huber_ridge_sensitivity,metric/the_pile_pubmed_central_val_loss,4.313742637634277,4.884619891317433
92,simplex_huber_ridge_sensitivity,metric/the_pile_wikipedia_en_val_loss,6.514005184173584,6.130849305651834
92,simplex_huber_ridge_sensitivity,metric/the_pile_dm_mathematics_val_loss,1.8676732778549197,3.848108523364498
92,simplex_huber_ridge_sensitivity,metric/the_pile_github_val_loss,4.142496109008789,4.776849826277466
92,simplex_huber_ridge_sensitivity,metric/the_pile_stackexchange_val_loss,5.136071681976318,5.143762206521177
92,simplex_huber_ridge_sensitivity,metric/the_pile_gutenberg_pg_19_val_loss,5.97714900970459,5.614971683060165
92,simplex_huber_ridge_sensitivity,metric/the_pile_pile_cc_val_loss,6.119912147521973,5.9767145725978725
92,simplex_huber_ridge_sensitivity,metric/the_pile_ubuntu_irc_val_loss,5.979384422302246,6.471415068115017
92,simplex_huber_ridge_sensitivity,metric/the_pile_hackernews_val_loss,5.572013854980469,5.565664374123609
92,simplex_huber_ridge_sensitivity,metric/the_pile_pubmed_abstracts_val_loss,5.282341003417969,5.4226602649627145
92,simplex_huber_ridge_sensitivity,metric/the_pile_uspto_backgrounds_val_loss,4.786281585693359,5.200340818693589
93,simplex_huber_ridge_sensitivity,metric/the_pile_arxiv_val_loss,5.143677711486816,5.629861081065008
93,simplex_huber_ridge_sensitivity,metric/the_pile_freelaw_val_loss,4.339475154876709,4.956902637648427
93,simplex_huber_ridge_sensitivity,metric/the_pile_pubmed_central_val_loss,5.236588001251221,5.549717006337216
93,simplex_huber_ridge_sensitivity,metric/the_pile_wikipedia_en_val_loss,6.161417007446289,6.221442246116992
93,simplex_huber_ridge_sensitivity,metric/the_pile_dm_mathematics_val_loss,5.597896575927734,4.0527253450558485
93,simplex_huber_ridge_sensitivity,metric/the_pile_github_val_loss,3.9871559143066406,4.624702342798816
93,simplex_huber_ridge_sensitivity,metric/the_pile_stackexchange_val_loss,5.010427951812744,5.233033573732056
93,simplex_huber_ridge_sensitivity,metric/the_pile_gutenberg_pg_19_val_loss,5.631441593170166,5.5178849661408
93,simplex_huber_ridge_sensitivity,metric/the_pile_pile_cc_val_loss,5.834495544433594,5.990475928197208
93,simplex_huber_ridge_sensitivity,metric/the_pile_ubuntu_irc_val_loss,7.437880516052246,6.638954614913791
93,simplex_huber_ridge_sensitivity,metric/the_pile_hackernews_val_loss,5.613288879394531,5.605429830561423
93,simplex_huber_ridge_sensitivity,metric/the_pile_pubmed_abstracts_val_loss,5.881497859954834,5.730491841893725
93,simplex_huber_ridge_sensitivity,metric/the_pile_uspto_backgrounds_val_loss,4.606175899505615,5.050788542928631
94,simplex_huber_ridge_sensitivity,metric/the_pile_arxiv_val_loss,5.694072246551514,5.2166693656829946
94,simplex_huber_ridge_sensitivity,metric/the_pile_freelaw_val_loss,6.133814334869385,5.53740548041146
94,simplex_huber_ridge_sensitivity,metric/the_pile_pubmed_central_val_loss,4.615987300872803,5.2200664785971105
94,simplex_huber_ridge_sensitivity,metric/the_pile_wikipedia_en_val_loss,6.168385982513428,6.072765061361461
94,simplex_huber_ridge_sensitivity,metric/the_pile_dm_mathematics_val_loss,2.0505261421203613,3.8083929825800182
94,simplex_huber_ridge_sensitivity,metric/the_pile_github_val_loss,4.017833232879639,4.352277169364272
94,simplex_huber_ridge_sensitivity,metric/the_pile_stackexchange_val_loss,4.839486122131348,4.887367280918718
94,simplex_huber_ridge_sensitivity,metric/the_pile_gutenberg_pg_19_val_loss,4.945175647735596,5.112682171343572
94,simplex_huber_ridge_sensitivity,metric/the_pile_pile_cc_val_loss,5.907817363739014,5.906181091707954
94,simplex_huber_ridge_sensitivity,metric/the_pile_ubuntu_irc_val_loss,5.837466239929199,6.460665630794919
94,simplex_huber_ridge_sensitivity,metric/the_pile_hackernews_val_loss,5.617880344390869,5.432323803361412
94,simplex_huber_ridge_sensitivity,metric/the_pile_pubmed_abstracts_val_loss,5.0019378662109375,5.370943941572613
94,simplex_huber_ridge_sensitivity,metric/the_pile_uspto_backgrounds_val_loss,5.448984146118164,5.416276094167447
95,simplex_huber_ridge_sensitivity,metric/the_pile_arxiv_val_loss,5.569729328155518,5.435510354093216
95,simplex_huber_ridge_sensitivity,metric/the_pile_freelaw_val_loss,4.584021091461182,5.108872689467997
95,simplex_huber_ridge_sensitivity,metric/the_pile_pubmed_central_val_loss,6.243238925933838,5.3812780270234795
95,simplex_huber_ridge_sensitivity,metric/the_pile_wikipedia_en_val_loss,4.967664241790772,5.106819167994454
95,simplex_huber_ridge_sensitivity,metric/the_pile_dm_mathematics_val_loss,2.2835559844970703,3.8271610892973618
95,simplex_huber_ridge_sensitivity,metric/the_pile_github_val_loss,5.304216384887695,5.284774011206158
95,simplex_huber_ridge_sensitivity,metric/the_pile_stackexchange_val_loss,5.502353191375732,5.400352990011539
95,simplex_huber_ridge_sensitivity,metric/the_pile_gutenberg_pg_19_val_loss,4.858355522155762,5.066860868679777
95,simplex_huber_ridge_sensitivity,metric/the_pile_pile_cc_val_loss,5.313263893127441,5.453449698528267
95,simplex_huber_ridge_sensitivity,metric/the_pile_ubuntu_irc_val_loss,5.328341960906982,6.5536665256871744
95,simplex_huber_ridge_sensitivity,metric/the_pile_hackernews_val_loss,4.928449630737305,5.214422723240729
95,simplex_huber_ridge_sensitivity,metric/the_pile_pubmed_abstracts_val_loss,5.668693542480469,5.528284179374971
95,simplex_huber_ridge_sensitivity,metric/the_pile_uspto_backgrounds_val_loss,4.525542736053467,4.761531427300009
96,simplex_huber_ridge_sensitivity,metric/the_pile_arxiv_val_loss,3.788387298583984,4.052949589470185
96,simplex_huber_ridge_sensitivity,metric/the_pile_freelaw_val_loss,6.463272571563721,5.52331851140159
96,simplex_huber_ridge_sensitivity,metric/the_pile_pubmed_central_val_loss,5.5177435874938965,5.113636481882891
96,simplex_huber_ridge_sensitivity,metric/the_pile_wikipedia_en_val_loss,6.595051288604736,6.142319924983964
96,simplex_huber_ridge_sensitivity,metric/the_pile_dm_mathematics_val_loss,5.5673346519470215,3.926644001756645
96,simplex_huber_ridge_sensitivity,metric/the_pile_github_val_loss,4.598535537719727,5.230781590650895
96,simplex_huber_ridge_sensitivity,metric/the_pile_stackexchange_val_loss,5.365974426269531,5.223675028134882
96,simplex_huber_ridge_sensitivity,metric/the_pile_gutenberg_pg_19_val_loss,6.356646537780762,5.671108247355458
96,simplex_huber_ridge_sensitivity,metric/the_pile_pile_cc_val_loss,6.224036693572998,5.970444222028774
96,simplex_huber_ridge_sensitivity,metric/the_pile_ubuntu_irc_val_loss,6.342473030090332,6.522651041766777
96,simplex_huber_ridge_sensitivity,metric/the_pile_hackernews_val_loss,5.989168643951416,5.488741016844374
96,simplex_huber_ridge_sensitivity,metric/the_pile_pubmed_abstracts_val_loss,4.7269287109375,5.11993809516728
96,simplex_huber_ridge_sensitivity,metric/the_pile_uspto_backgrounds_val_loss,4.746583938598633,5.16621902036418
1,quadratic_ridge_sensitivity,metric/the_pile_arxiv_val_loss,7.0255866050720215,6.902645634671992
1,quadratic_ridge_sensitivity,metric/the_pile_freelaw_val_loss,5.360580921173096,5.303329913229167
1,quadratic_ridge_sensitivity,metric/the_pile_pubmed_central_val_loss,6.536046981811523,6.584916544094803
1,quadratic_ridge_sensitivity,metric/the_pile_wikipedia_en_val_loss,5.639575004577637,5.667898028696446
1,quadratic_ridge_sensitivity,metric/the_pile_dm_mathematics_val_loss,5.820674896240234,5.852085433252542
1,quadratic_ridge_sensitivity,metric/the_pile_github_val_loss,6.632823467254639,6.610952306963599
1,quadratic_ridge_sensitivity,metric/the_pile_stackexchange_val_loss,6.107803821563721,6.064607632234112
1,quadratic_ridge_sensitivity,metric/the_pile_gutenberg_pg_19_val_loss,4.726566791534424,4.759123789377028
1,quadratic_ridge_sensitivity,metric/the_pile_pile_cc_val_loss,5.169477939605713,5.180875382982974
1,quadratic_ridge_sensitivity,metric/the_pile_ubuntu_irc_val_loss,7.224245071411133,7.261291590735873
1,quadratic_ridge_sensitivity,metric/the_pile_hackernews_val_loss,5.206871032714844,5.180252928585763
1,quadratic_ridge_sensitivity,metric/the_pile_pubmed_abstracts_val_loss,5.892633438110352,5.908924912782202
1,quadratic_ridge_sensitivity,metric/the_pile_uspto_backgrounds_val_loss,5.417374610900879,5.428912013502374
2,quadratic_ridge_sensitivity,metric/the_pile_arxiv_val_loss,4.738541603088379,4.725235027096076
2,quadratic_ridge_sensitivity,metric/the_pile_freelaw_val_loss,5.466145038604736,5.442818653483888
2,quadratic_ridge_sensitivity,metric/the_pile_pubmed_central_val_loss,5.808464050292969,5.772966899760089
2,quadratic_ridge_sensitivity,metric/the_pile_wikipedia_en_val_loss,5.42556619644165,5.418493085246144
2,quadratic_ridge_sensitivity,metric/the_pile_dm_mathematics_val_loss,4.61490535736084,4.544952365417776
2,quadratic_ridge_sensitivity,metric/the_pile_github_val_loss,4.141744136810303,4.080513817615696
2,quadratic_ridge_sensitivity,metric/the_pile_stackexchange_val_loss,4.922904014587402,4.876941996134715
2,quadratic_ridge_sensitivity,metric/the_pile_gutenberg_pg_19_val_loss,4.954422473907471,4.949961128328569
2,quadratic_ridge_sensitivity,metric/the_pile_pile_cc_val_loss,5.343518733978272,5.341780944249163
2,quadratic_ridge_sensitivity,metric/the_pile_ubuntu_irc_val_loss,5.278083324432373,5.228641443391002
2,quadratic_ridge_sensitivity,metric/the_pile_hackernews_val_loss,4.80118989944458,4.784879352282992
2,quadratic_ridge_sensitivity,metric/the_pile_pubmed_abstracts_val_loss,5.653641700744629,5.671253346165415
2,quadratic_ridge_sensitivity,metric/the_pile_uspto_backgrounds_val_loss,5.584351062774658,5.578068759210866
3,quadratic_ridge_sensitivity,metric/the_pile_arxiv_val_loss,3.730258703231812,3.6095860036345493
3,quadratic_ridge_sensitivity,metric/the_pile_freelaw_val_loss,5.793972492218018,5.511041318186296
3,quadratic_ridge_sensitivity,metric/the_pile_pubmed_central_val_loss,4.72146463394165,4.799194503847646
3,quadratic_ridge_sensitivity,metric/the_pile_wikipedia_en_val_loss,5.933119773864746,5.884109570928295
3,quadratic_ridge_sensitivity,metric/the_pile_dm_mathematics_val_loss,4.077418327331543,4.17056953400406
3,quadratic_ridge_sensitivity,metric/the_pile_github_val_loss,6.540956497192383,6.156111761890711
3,quadratic_ridge_sensitivity,metric/the_pile_stackexchange_val_loss,6.079324245452881,5.809727431635542
3,quadratic_ridge_sensitivity,metric/the_pile_gutenberg_pg_19_val_loss,5.561453819274902,5.511100770005548
3,quadratic_ridge_sensitivity,metric/the_pile_pile_cc_val_loss,5.506680965423584,5.490067756028625
3,quadratic_ridge_sensitivity,metric/the_pile_ubuntu_irc_val_loss,7.476072311401367,7.537110309089295
3,quadratic_ridge_sensitivity,metric/the_pile_hackernews_val_loss,5.495143413543701,5.432551565649797
3,quadratic_ridge_sensitivity,metric/the_pile_pubmed_abstracts_val_loss,5.626057624816895,5.6350978523815405
3,quadratic_ridge_sensitivity,metric/the_pile_uspto_backgrounds_val_loss,5.50736665725708,5.403109141124353
4,quadratic_ridge_sensitivity,metric/the_pile_arxiv_val_loss,4.887355327606201,4.955908499390502
4,quadratic_ridge_sensitivity,metric/the_pile_freelaw_val_loss,5.040224075317383,5.287767540874765
4,quadratic_ridge_sensitivity,metric/the_pile_pubmed_central_val_loss,5.371085166931152,5.147281634634006
4,quadratic_ridge_sensitivity,metric/the_pile_wikipedia_en_val_loss,5.858128547668457,5.863401930825845
4,quadratic_ridge_sensitivity,metric/the_pile_dm_mathematics_val_loss,5.298433780670166,5.026446759419207
4,quadratic_ridge_sensitivity,metric/the_pile_github_val_loss,4.150362968444824,3.9377737580129253
4,quadratic_ridge_sensitivity,metric/the_pile_stackexchange_val_loss,4.455072402954102,4.352644360981111
4,quadratic_ridge_sensitivity,metric/the_pile_gutenberg_pg_19_val_loss,5.095427989959717,5.155028079036069
4,quadratic_ridge_sensitivity,metric/the_pile_pile_cc_val_loss,5.828740119934082,5.856925709713534
4,quadratic_ridge_sensitivity,metric/the_pile_ubuntu_irc_val_loss,7.491352558135986,7.424474955018231
4,quadratic_ridge_sensitivity,metric/the_pile_hackernews_val_loss,5.551083087921143,5.517415653848685
4,quadratic_ridge_sensitivity,metric/the_pile_pubmed_abstracts_val_loss,5.268948078155518,5.265326845153199
4,quadratic_ridge_sensitivity,metric/the_pile_uspto_backgrounds_val_loss,4.475535392761231,4.4717330524718
5,quadratic_ridge_sensitivity,metric/the_pile_arxiv_val_loss,4.034541130065918,3.983061181772622
5,quadratic_ridge_sensitivity,metric/the_pile_freelaw_val_loss,5.597909927368164,5.707267970975044
5,quadratic_ridge_sensitivity,metric/the_pile_pubmed_central_val_loss,4.6931257247924805,4.822597476727544
5,quadratic_ridge_sensitivity,metric/the_pile_wikipedia_en_val_loss,5.8146257400512695,5.802258431615842
5,quadratic_ridge_sensitivity,metric/the_pile_dm_mathematics_val_loss,2.008139610290528,2.3971155927372423
5,quadratic_ridge_sensitivity,metric/the_pile_github_val_loss,4.485220432281494,4.480471290008541
5,quadratic_ridge_sensitivity,metric/the_pile_stackexchange_val_loss,4.24920654296875,4.170095226271098
5,quadratic_ridge_sensitivity,metric/the_pile_gutenberg_pg_19_val_loss,5.003798007965088,5.004509289934908
5,quadratic_ridge_sensitivity,metric/the_pile_pile_cc_val_loss,5.760408401489258,5.759142440841081
5,quadratic_ridge_sensitivity,metric/the_pile_ubuntu_irc_val_loss,7.100966453552246,7.186894437740766
5,quadratic_ridge_sensitivity,metric/the_pile_hackernews_val_loss,5.329304218292236,5.332545620859255
5,quadratic_ridge_sensitivity,metric/the_pile_pubmed_abstracts_val_loss,5.664215087890625,5.631439067269161
5,quadratic_ridge_sensitivity,metric/the_pile_uspto_backgrounds_val_loss,4.813331127166748,4.892497670273447
6,quadratic_ridge_sensitivity,metric/the_pile_arxiv_val_loss,3.8481597900390634,3.8640871643373043
6,quadratic_ridge_sensitivity,metric/the_pile_freelaw_val_loss,5.519326210021973,5.5355859450908556
6,quadratic_ridge_sensitivity,metric/the_pile_pubmed_central_val_loss,5.222227573394775,5.1827462501771056
6,quadratic_ridge_sensitivity,metric/the_pile_wikipedia_en_val_loss,5.401707172393799,5.414432863365905
6,quadratic_ridge_sensitivity,metric/the_pile_dm_mathematics_val_loss,5.442045211791992,5.451625591966521
6,quadratic_ridge_sensitivity,metric/the_pile_github_val_loss,4.315804481506348,4.244610052782989
6,quadratic_ridge_sensitivity,metric/the_pile_stackexchange_val_loss,5.147463321685791,5.120150209720667
6,quadratic_ridge_sensitivity,metric/the_pile_gutenberg_pg_19_val_loss,5.998071670532227,5.991696178262136
6,quadratic_ridge_sensitivity,metric/the_pile_pile_cc_val_loss,5.9236016273498535,5.922552245980734
6,quadratic_ridge_sensitivity,metric/the_pile_ubuntu_irc_val_loss,5.313143730163574,5.258436903268384
6,quadratic_ridge_sensitivity,metric/the_pile_hackernews_val_loss,5.817320823669434,5.799616473400188
6,quadratic_ridge_sensitivity,metric/the_pile_pubmed_abstracts_val_loss,6.0437750816345215,6.038491764598762
6,quadratic_ridge_sensitivity,metric/the_pile_uspto_backgrounds_val_loss,5.67151403427124,5.660809437781541
7,quadratic_ridge_sensitivity,metric/the_pile_arxiv_val_loss,5.365633010864258,5.366524480734775
7,quadratic_ridge_sensitivity,metric/the_pile_freelaw_val_loss,5.7348151206970215,5.719821897326974
7,quadratic_ridge_sensitivity,metric/the_pile_pubmed_central_val_loss,4.126685619354248,4.130427200389816
7,quadratic_ridge_sensitivity,metric/the_pile_wikipedia_en_val_loss,5.565597534179688,5.590772480635337
7,quadratic_ridge_sensitivity,metric/the_pile_dm_mathematics_val_loss,2.9376449584960938,3.0374492270296964
7,quadratic_ridge_sensitivity,metric/the_pile_github_val_loss,5.73452091217041,5.734324721799546
7,quadratic_ridge_sensitivity,metric/the_pile_stackexchange_val_loss,5.128252029418945,5.157874166928278
7,quadratic_ridge_sensitivity,metric/the_pile_gutenberg_pg_19_val_loss,5.392933368682861,5.4117631180358465
7,quadratic_ridge_sensitivity,metric/the_pile_pile_cc_val_loss,5.41911506652832,5.4278521620429725
7,quadratic_ridge_sensitivity,metric/the_pile_ubuntu_irc_val_loss,5.869746685028076,5.914301509248182
7,quadratic_ridge_sensitivity,metric/the_pile_hackernews_val_loss,5.159833908081055,5.177445547252918
7,quadratic_ridge_sensitivity,metric/the_pile_pubmed_abstracts_val_loss,5.069451332092285,5.070647039867573
7,quadratic_ridge_sensitivity,metric/the_pile_uspto_backgrounds_val_loss,4.25531530380249,4.263230796145004
8,quadratic_ridge_sensitivity,metric/the_pile_arxiv_val_loss,7.175310134887695,7.119115079563153
8,quadratic_ridge_sensitivity,metric/the_pile_freelaw_val_loss,3.980865478515625,3.9864338836599584
8,quadratic_ridge_sensitivity,metric/the_pile_pubmed_central_val_loss,6.568063259124756,6.547153123774015
8,quadratic_ridge_sensitivity,metric/the_pile_wikipedia_en_val_loss,5.785682678222656,5.799477268989759
8,quadratic_ridge_sensitivity,metric/the_pile_dm_mathematics_val_loss,5.779679298400879,5.771202021829572
8,quadratic_ridge_sensitivity,metric/the_pile_github_val_loss,6.64463996887207,6.716128522039876
8,quadratic_ridge_sensitivity,metric/the_pile_stackexchange_val_loss,6.25684118270874,6.279451020992329
8,quadratic_ridge_sensitivity,metric/the_pile_gutenberg_pg_19_val_loss,5.178667545318604,5.194316674719396
8,quadratic_ridge_sensitivity,metric/the_pile_pile_cc_val_loss,5.321898460388184,5.33993041673827
8,quadratic_ridge_sensitivity,metric/the_pile_ubuntu_irc_val_loss,7.332483768463135,7.371715747106998
8,quadratic_ridge_sensitivity,metric/the_pile_hackernews_val_loss,5.339742183685303,5.353530026084812
8,quadratic_ridge_sensitivity,metric/the_pile_pubmed_abstracts_val_loss,5.812262058258057,5.822893992115504
8,quadratic_ridge_sensitivity,metric/the_pile_uspto_backgrounds_val_loss,5.509659290313721,5.483471925782757
9,quadratic_ridge_sensitivity,metric/the_pile_arxiv_val_loss,5.732336521148682,5.741966511338148
9,quadratic_ridge_sensitivity,metric/the_pile_freelaw_val_loss,6.613649368286133,6.44642668710458
9,quadratic_ridge_sensitivity,metric/the_pile_pubmed_central_val_loss,3.839976310729981,4.017759406868851
9,quadratic_ridge_sensitivity,metric/the_pile_wikipedia_en_val_loss,6.18618631362915,6.205637112156775
9,quadratic_ridge_sensitivity,metric/the_pile_dm_mathematics_val_loss,5.692158222198486,5.793841565419713
9,quadratic_ridge_sensitivity,metric/the_pile_github_val_loss,7.759432315826416,7.5523014284318135
9,quadratic_ridge_sensitivity,metric/the_pile_stackexchange_val_loss,6.9663615226745605,6.794388104029918
9,quadratic_ridge_sensitivity,metric/the_pile_gutenberg_pg_19_val_loss,6.6692962646484375,6.507093732575424
9,quadratic_ridge_sensitivity,metric/the_pile_pile_cc_val_loss,6.354576110839844,6.275015807842235
9,quadratic_ridge_sensitivity,metric/the_pile_ubuntu_irc_val_loss,8.405691146850586,8.225250135751459
9,quadratic_ridge_sensitivity,metric/the_pile_hackernews_val_loss,6.47177791595459,6.189457507833654
9,quadratic_ridge_sensitivity,metric/the_pile_pubmed_abstracts_val_loss,4.594342708587647,4.683623776760862
9,quadratic_ridge_sensitivity,metric/the_pile_uspto_backgrounds_val_loss,5.514229774475098,5.436185898773286
10,quadratic_ridge_sensitivity,metric/the_pile_arxiv_val_loss,4.920166969299316,4.838820419478032
10,quadratic_ridge_sensitivity,metric/the_pile_freelaw_val_loss,5.735522270202637,5.618471798031528
10,quadratic_ridge_sensitivity,metric/the_pile_pubmed_central_val_loss,4.18813419342041,4.259813307313441
10,quadratic_ridge_sensitivity,metric/the_pile_wikipedia_en_val_loss,4.815326690673828,4.869463909885955
10,quadratic_ridge_sensitivity,metric/the_pile_dm_mathematics_val_loss,5.443886756896973,5.325283359968331
10,quadratic_ridge_sensitivity,metric/the_pile_github_val_loss,5.298417091369629,5.250336678826277
10,quadratic_ridge_sensitivity,metric/the_pile_stackexchange_val_loss,5.052807331085205,5.024228865205602
10,quadratic_ridge_sensitivity,metric/the_pile_gutenberg_pg_19_val_loss,5.244697570800781,5.266411447472221
10,quadratic_ridge_sensitivity,metric/the_pile_pile_cc_val_loss,5.520979404449463,5.530160738095436
10,quadratic_ridge_sensitivity,metric/the_pile_ubuntu_irc_val_loss,7.628385543823242,7.491008230201058
10,quadratic_ridge_sensitivity,metric/the_pile_hackernews_val_loss,5.575355052947998,5.587248601438004
10,quadratic_ridge_sensitivity,metric/the_pile_pubmed_abstracts_val_loss,5.24343204498291,5.252743703924105
10,quadratic_ridge_sensitivity,metric/the_pile_uspto_backgrounds_val_loss,5.451025485992432,5.4537506190392016
11,quadratic_ridge_sensitivity,metric/the_pile_arxiv_val_loss,7.649549961090088,6.990802497054855
11,quadratic_ridge_sensitivity,metric/the_pile_freelaw_val_loss,3.8723204135894775,4.039453044669481
11,quadratic_ridge_sensitivity,metric/the_pile_pubmed_central_val_loss,6.194097995758057,6.177160233333213
11,quadratic_ridge_sensitivity,metric/the_pile_wikipedia_en_val_loss,6.082755088806152,6.161244150777477
11,quadratic_ridge_sensitivity,metric/the_pile_dm_mathematics_val_loss,6.095431327819824,5.722104381190266
11,quadratic_ridge_sensitivity,metric/the_pile_github_val_loss,6.030669212341309,6.446203267372768
11,quadratic_ridge_sensitivity,metric/the_pile_stackexchange_val_loss,6.349047660827637,6.301147612756244
11,quadratic_ridge_sensitivity,metric/the_pile_gutenberg_pg_19_val_loss,5.227353572845459,5.3397544614646
11,quadratic_ridge_sensitivity,metric/the_pile_pile_cc_val_loss,6.076876163482666,5.939632216660589
11,quadratic_ridge_sensitivity,metric/the_pile_ubuntu_irc_val_loss,8.171777725219727,7.933065614375358
11,quadratic_ridge_sensitivity,metric/the_pile_hackernews_val_loss,5.95081901550293,5.777974309081449
11,quadratic_ridge_sensitivity,metric/the_pile_pubmed_abstracts_val_loss,5.37153434753418,5.479684530023176
11,quadratic_ridge_sensitivity,metric/the_pile_uspto_backgrounds_val_loss,5.747413158416748,5.483417964322929
12,quadratic_ridge_sensitivity,metric/the_pile_arxiv_val_loss,6.068508148193359,5.969267485198494
12,quadratic_ridge_sensitivity,metric/the_pile_freelaw_val_loss,4.028927326202393,4.024737106214549
12,quadratic_ridge_sensitivity,metric/the_pile_pubmed_central_val_loss,4.410226821899414,4.401417870037723
12,quadratic_ridge_sensitivity,metric/the_pile_wikipedia_en_val_loss,5.977132320404053,5.955748911132388
12,quadratic_ridge_sensitivity,metric/the_pile_dm_mathematics_val_loss,5.78095817565918,5.630202948813779
12,quadratic_ridge_sensitivity,metric/the_pile_github_val_loss,6.723077297210693,6.576590620830164
12,quadratic_ridge_sensitivity,metric/the_pile_stackexchange_val_loss,6.378947734832764,6.246919549300521
12,quadratic_ridge_sensitivity,metric/the_pile_gutenberg_pg_19_val_loss,4.868281841278076,4.875787405946227
12,quadratic_ridge_sensitivity,metric/the_pile_pile_cc_val_loss,5.962575435638428,5.949600454607555
12,quadratic_ridge_sensitivity,metric/the_pile_ubuntu_irc_val_loss,7.836051940917969,7.8141123829925565
12,quadratic_ridge_sensitivity,metric/the_pile_hackernews_val_loss,5.869334697723389,5.837587792957578
12,quadratic_ridge_sensitivity,metric/the_pile_pubmed_abstracts_val_loss,5.124939918518066,5.12879778295399
12,quadratic_ridge_sensitivity,metric/the_pile_uspto_backgrounds_val_loss,5.561253070831299,5.543859983901834
13,quadratic_ridge_sensitivity,metric/the_pile_arxiv_val_loss,5.616719722747803,5.460747184722591
13,quadratic_ridge_sensitivity,metric/the_pile_freelaw_val_loss,5.331273078918457,5.419508770513199
13,quadratic_ridge_sensitivity,metric/the_pile_pubmed_central_val_loss,3.885855674743652,4.016038150039346
13,quadratic_ridge_sensitivity,metric/the_pile_wikipedia_en_val_loss,5.94351863861084,5.918710074197785
13,quadratic_ridge_sensitivity,metric/the_pile_dm_mathematics_val_loss,5.511852741241455,5.280263947701588
13,quadratic_ridge_sensitivity,metric/the_pile_github_val_loss,6.898706912994385,6.722099185679567
13,quadratic_ridge_sensitivity,metric/the_pile_stackexchange_val_loss,6.376709938049316,6.228053308450267
13,quadratic_ridge_sensitivity,metric/the_pile_gutenberg_pg_19_val_loss,5.554836273193359,5.5603739228448665
13,quadratic_ridge_sensitivity,metric/the_pile_pile_cc_val_loss,5.542590618133545,5.5653178123723706
13,quadratic_ridge_sensitivity,metric/the_pile_ubuntu_irc_val_loss,7.0256781578063965,7.0358025823311445
13,quadratic_ridge_sensitivity,metric/the_pile_hackernews_val_loss,5.158526420593262,5.153878605021168
13,quadratic_ridge_sensitivity,metric/the_pile_pubmed_abstracts_val_loss,4.978461265563965,5.010034840012102
13,quadratic_ridge_sensitivity,metric/the_pile_uspto_backgrounds_val_loss,5.384755611419678,5.379613089475756
14,quadratic_ridge_sensitivity,metric/the_pile_arxiv_val_loss,5.436479568481445,5.39684241861894
14,quadratic_ridge_sensitivity,metric/the_pile_freelaw_val_loss,5.218822956085205,5.2466080444918015
14,quadratic_ridge_sensitivity,metric/the_pile_pubmed_central_val_loss,4.133479595184326,4.0672042394023515
14,quadratic_ridge_sensitivity,metric/the_pile_wikipedia_en_val_loss,5.507219314575195,5.514402388613483
14,quadratic_ridge_sensitivity,metric/the_pile_dm_mathematics_val_loss,2.3308768272399902,2.3969759760294402
14,quadratic_ridge_sensitivity,metric/the_pile_github_val_loss,4.662861347198486,4.677452237609569
14,quadratic_ridge_sensitivity,metric/the_pile_stackexchange_val_loss,4.974141597747803,4.994132660893041
14,quadratic_ridge_sensitivity,metric/the_pile_gutenberg_pg_19_val_loss,5.0477824211120605,5.048056432531057
14,quadratic_ridge_sensitivity,metric/the_pile_pile_cc_val_loss,5.597803115844727,5.598111754014116
14,quadratic_ridge_sensitivity,metric/the_pile_ubuntu_irc_val_loss,5.373387336730957,5.351674658018092
14,quadratic_ridge_sensitivity,metric/the_pile_hackernews_val_loss,4.832281112670898,4.8090328956769035
14,quadratic_ridge_sensitivity,metric/the_pile_pubmed_abstracts_val_loss,4.571138381958008,4.532989606595263
14,quadratic_ridge_sensitivity,metric/the_pile_uspto_backgrounds_val_loss,4.946125507354736,4.961785613378514
15,quadratic_ridge_sensitivity,metric/the_pile_arxiv_val_loss,4.835928916931152,4.713879361693763
15,quadratic_ridge_sensitivity,metric/the_pile_freelaw_val_loss,5.9763712882995605,5.7711960948844165
15,quadratic_ridge_sensitivity,metric/the_pile_pubmed_central_val_loss,4.696907997131348,4.936650856890581
15,quadratic_ridge_sensitivity,metric/the_pile_wikipedia_en_val_loss,5.286471366882324,5.431402701392662
15,quadratic_ridge_sensitivity,metric/the_pile_dm_mathematics_val_loss,2.612511157989502,3.038092677533872
15,quadratic_ridge_sensitivity,metric/the_pile_github_val_loss,4.265994071960449,4.4288254354679175
15,quadratic_ridge_sensitivity,metric/the_pile_stackexchange_val_loss,4.273486614227295,4.343658586477955
15,quadratic_ridge_sensitivity,metric/the_pile_gutenberg_pg_19_val_loss,5.212732315063477,5.311826283404831
15,quadratic_ridge_sensitivity,metric/the_pile_pile_cc_val_loss,5.70292329788208,5.726009868526841
15,quadratic_ridge_sensitivity,metric/the_pile_ubuntu_irc_val_loss,7.151707649230957,7.179251845586005
15,quadratic_ridge_sensitivity,metric/the_pile_hackernews_val_loss,4.99690580368042,5.0884758800806
15,quadratic_ridge_sensitivity,metric/the_pile_pubmed_abstracts_val_loss,4.784799575805664,4.836700763208839
15,quadratic_ridge_sensitivity,metric/the_pile_uspto_backgrounds_val_loss,4.6978535652160645,4.801034373026573
16,quadratic_ridge_sensitivity,metric/the_pile_arxiv_val_loss,4.263101577758789,4.218674230689362
16,quadratic_ridge_sensitivity,metric/the_pile_freelaw_val_loss,4.731163024902344,4.780799865996946
16,quadratic_ridge_sensitivity,metric/the_pile_pubmed_central_val_loss,4.446780204772949,4.51899449381311
16,quadratic_ridge_sensitivity,metric/the_pile_wikipedia_en_val_loss,6.137884616851807,6.162429554453311
16,quadratic_ridge_sensitivity,metric/the_pile_dm_mathematics_val_loss,1.8533507585525515,1.5550824641834167
16,quadratic_ridge_sensitivity,metric/the_pile_github_val_loss,4.429530620574951,4.374493338077897
16,quadratic_ridge_sensitivity,metric/the_pile_stackexchange_val_loss,4.592880725860596,4.555093984562802
16,quadratic_ridge_sensitivity,metric/the_pile_gutenberg_pg_19_val_loss,5.278256893157959,5.277984299211367
16,quadratic_ridge_sensitivity,metric/the_pile_pile_cc_val_loss,5.888399600982666,5.892739640291089
16,quadratic_ridge_sensitivity,metric/the_pile_ubuntu_irc_val_loss,5.00335693359375,5.0117255405818195
16,quadratic_ridge_sensitivity,metric/the_pile_hackernews_val_loss,5.570482730865479,5.570805897962416
16,quadratic_ridge_sensitivity,metric/the_pile_pubmed_abstracts_val_loss,5.373453140258789,5.411383702030923
16,quadratic_ridge_sensitivity,metric/the_pile_uspto_backgrounds_val_loss,4.804718494415283,4.827296784269569
17,quadratic_ridge_sensitivity,metric/the_pile_arxiv_val_loss,3.779206991195679,3.6195359660363393
17,quadratic_ridge_sensitivity,metric/the_pile_freelaw_val_loss,4.426825046539307,4.7152082982302765
17,quadratic_ridge_sensitivity,metric/the_pile_pubmed_central_val_loss,5.9820075035095215,5.715393644378603
17,quadratic_ridge_sensitivity,metric/the_pile_wikipedia_en_val_loss,6.0802001953125,6.127563942196309
17,quadratic_ridge_sensitivity,metric/the_pile_dm_mathematics_val_loss,2.6709392070770264,3.289883482421615
17,quadratic_ridge_sensitivity,metric/the_pile_github_val_loss,4.874502658843994,5.376994985436972
17,quadratic_ridge_sensitivity,metric/the_pile_stackexchange_val_loss,4.626718521118164,5.0096235611308
17,quadratic_ridge_sensitivity,metric/the_pile_gutenberg_pg_19_val_loss,5.488972187042236,5.596556017700152
17,quadratic_ridge_sensitivity,metric/the_pile_pile_cc_val_loss,5.748971939086914,5.817496193780859
17,quadratic_ridge_sensitivity,metric/the_pile_ubuntu_irc_val_loss,5.351980686187744,5.822762809144247
17,quadratic_ridge_sensitivity,metric/the_pile_hackernews_val_loss,5.358956336975098,5.49696891330704
17,quadratic_ridge_sensitivity,metric/the_pile_pubmed_abstracts_val_loss,6.06849479675293,5.975398939464795
17,quadratic_ridge_sensitivity,metric/the_pile_uspto_backgrounds_val_loss,4.903680324554443,5.009800742864331
18,quadratic_ridge_sensitivity,metric/the_pile_arxiv_val_loss,5.161006927490234,5.242622165987327
18,quadratic_ridge_sensitivity,metric/the_pile_freelaw_val_loss,5.229340553283691,5.197931599647112
18,quadratic_ridge_sensitivity,metric/the_pile_pubmed_central_val_loss,4.228277683258057,4.209041723169842
18,quadratic_ridge_sensitivity,metric/the_pile_wikipedia_en_val_loss,5.453532695770264,5.470179869865179
18,quadratic_ridge_sensitivity,metric/the_pile_dm_mathematics_val_loss,2.4409642219543457,2.5834488615299063
18,quadratic_ridge_sensitivity,metric/the_pile_github_val_loss,4.761942863464356,4.805704717424647
18,quadratic_ridge_sensitivity,metric/the_pile_stackexchange_val_loss,4.659525871276856,4.710938929317427
18,quadratic_ridge_sensitivity,metric/the_pile_gutenberg_pg_19_val_loss,5.3418684005737305,5.345100533325266
18,quadratic_ridge_sensitivity,metric/the_pile_pile_cc_val_loss,5.253754138946533,5.253832677517145
18,quadratic_ridge_sensitivity,metric/the_pile_ubuntu_irc_val_loss,5.025073528289795,4.959833210563604
18,quadratic_ridge_sensitivity,metric/the_pile_hackernews_val_loss,5.077229022979736,5.105123084091814
18,quadratic_ridge_sensitivity,metric/the_pile_pubmed_abstracts_val_loss,5.035791397094727,5.015200118771734
18,quadratic_ridge_sensitivity,metric/the_pile_uspto_backgrounds_val_loss,5.336487293243408,5.367752027213494
19,quadratic_ridge_sensitivity,metric/the_pile_arxiv_val_loss,4.140886306762695,4.113109191372839
19,quadratic_ridge_sensitivity,metric/the_pile_freelaw_val_loss,4.335186004638672,4.33167093639125
19,quadratic_ridge_sensitivity,metric/the_pile_pubmed_central_val_loss,5.162656307220459,5.304376223851352
19,quadratic_ridge_sensitivity,metric/the_pile_wikipedia_en_val_loss,5.283300876617432,5.301826887203647
19,quadratic_ridge_sensitivity,metric/the_pile_dm_mathematics_val_loss,2.4845540523529053,2.709421922510667
19,quadratic_ridge_sensitivity,metric/the_pile_github_val_loss,5.453387260437012,5.501346967416224
19,quadratic_ridge_sensitivity,metric/the_pile_stackexchange_val_loss,4.819840431213379,4.869769869539403
19,quadratic_ridge_sensitivity,metric/the_pile_gutenberg_pg_19_val_loss,5.22469425201416,5.227381210388759
19,quadratic_ridge_sensitivity,metric/the_pile_pile_cc_val_loss,5.247750759124756,5.241948320038139
19,quadratic_ridge_sensitivity,metric/the_pile_ubuntu_irc_val_loss,5.317441940307617,5.474613307134078
19,quadratic_ridge_sensitivity,metric/the_pile_hackernews_val_loss,4.833442211151123,4.827226776927418
19,quadratic_ridge_sensitivity,metric/the_pile_pubmed_abstracts_val_loss,5.59989070892334,5.5974953117736455
19,quadratic_ridge_sensitivity,metric/the_pile_uspto_backgrounds_val_loss,5.306461811065674,5.288661379785232
20,quadratic_ridge_sensitivity,metric/the_pile_arxiv_val_loss,5.3710455894470215,5.407559593990213
20,quadratic_ridge_sensitivity,metric/the_pile_freelaw_val_loss,5.678719520568848,5.689069103070742
20,quadratic_ridge_sensitivity,metric/the_pile_pubmed_central_val_loss,4.048504829406738,3.969824255620583
20,quadratic_ridge_sensitivity,metric/the_pile_wikipedia_en_val_loss,5.386486530303955,5.436527422162747
20,quadratic_ridge_sensitivity,metric/the_pile_dm_mathematics_val_loss,5.511875629425049,5.425647518497635
20,quadratic_ridge_sensitivity,metric/the_pile_github_val_loss,5.1697998046875,5.341714062817222
20,quadratic_ridge_sensitivity,metric/the_pile_stackexchange_val_loss,5.506645202636719,5.55690789622102
20,quadratic_ridge_sensitivity,metric/the_pile_gutenberg_pg_19_val_loss,4.875679969787598,4.8951827591870805
20,quadratic_ridge_sensitivity,metric/the_pile_pile_cc_val_loss,5.347065448760986,5.360714735819937
20,quadratic_ridge_sensitivity,metric/the_pile_ubuntu_irc_val_loss,5.458584308624268,5.599306816163514
20,quadratic_ridge_sensitivity,metric/the_pile_hackernews_val_loss,4.99979829788208,5.041564741054665
20,quadratic_ridge_sensitivity,metric/the_pile_pubmed_abstracts_val_loss,4.78153657913208,4.767441447577445
20,quadratic_ridge_sensitivity,metric/the_pile_uspto_backgrounds_val_loss,5.3079118728637695,5.335455038409667
21,quadratic_ridge_sensitivity,metric/the_pile_arxiv_val_loss,3.7148549556732178,3.71318250011631
21,quadratic_ridge_sensitivity,metric/the_pile_freelaw_val_loss,5.775569438934326,5.755555789896368
21,quadratic_ridge_sensitivity,metric/the_pile_pubmed_central_val_loss,4.841148376464844,5.023124565622226
21,quadratic_ridge_sensitivity,metric/the_pile_wikipedia_en_val_loss,5.580223083496094,5.640777637646759
21,quadratic_ridge_sensitivity,metric/the_pile_dm_mathematics_val_loss,5.613797664642334,5.3667440315281345
21,quadratic_ridge_sensitivity,metric/the_pile_github_val_loss,5.322590827941895,5.4673265015578485
21,quadratic_ridge_sensitivity,metric/the_pile_stackexchange_val_loss,5.57145357131958,5.563733265164341
21,quadratic_ridge_sensitivity,metric/the_pile_gutenberg_pg_19_val_loss,5.821041584014893,5.85758622112487
21,quadratic_ridge_sensitivity,metric/the_pile_pile_cc_val_loss,5.878022193908691,5.871773976173464
21,quadratic_ridge_sensitivity,metric/the_pile_ubuntu_irc_val_loss,5.166763305664063,5.360700469188345
21,quadratic_ridge_sensitivity,metric/the_pile_hackernews_val_loss,5.064894676208496,5.13064031482469
21,quadratic_ridge_sensitivity,metric/the_pile_pubmed_abstracts_val_loss,5.783607482910156,5.811501397676012
21,quadratic_ridge_sensitivity,metric/the_pile_uspto_backgrounds_val_loss,4.927324771881104,4.942862888071029
22,quadratic_ridge_sensitivity,metric/the_pile_arxiv_val_loss,5.313518524169922,5.324219808546847
22,quadratic_ridge_sensitivity,metric/the_pile_freelaw_val_loss,4.5764875411987305,4.632502570681597
22,quadratic_ridge_sensitivity,metric/the_pile_pubmed_central_val_loss,5.541999340057373,5.511713118195225
22,quadratic_ridge_sensitivity,metric/the_pile_wikipedia_en_val_loss,6.369202136993408,6.3576932733957445
22,quadratic_ridge_sensitivity,metric/the_pile_dm_mathematics_val_loss,2.23321795463562,2.2548955674686075
22,quadratic_ridge_sensitivity,metric/the_pile_github_val_loss,4.412414073944092,4.463652408026279
22,quadratic_ridge_sensitivity,metric/the_pile_stackexchange_val_loss,5.349352836608887,5.382414755762342
22,quadratic_ridge_sensitivity,metric/the_pile_gutenberg_pg_19_val_loss,4.759934902191162,4.759580678389631
22,quadratic_ridge_sensitivity,metric/the_pile_pile_cc_val_loss,6.061858177185059,6.055275726373458
22,quadratic_ridge_sensitivity,metric/the_pile_ubuntu_irc_val_loss,7.594740867614746,7.5444017317523
22,quadratic_ridge_sensitivity,metric/the_pile_hackernews_val_loss,5.767696857452393,5.772043830059582
22,quadratic_ridge_sensitivity,metric/the_pile_pubmed_abstracts_val_loss,5.863641262054443,5.855360139170182
22,quadratic_ridge_sensitivity,metric/the_pile_uspto_backgrounds_val_loss,4.635516166687012,4.645819009282395
23,quadratic_ridge_sensitivity,metric/the_pile_arxiv_val_loss,5.221972465515137,5.165839926800237
23,quadratic_ridge_sensitivity,metric/the_pile_freelaw_val_loss,5.052719593048096,5.075549768072006
23,quadratic_ridge_sensitivity,metric/the_pile_pubmed_central_val_loss,4.056276798248291,4.062411377777439
23,quadratic_ridge_sensitivity,metric/the_pile_wikipedia_en_val_loss,6.020731449127197,6.011616464912152
23,quadratic_ridge_sensitivity,metric/the_pile_dm_mathematics_val_loss,5.561578273773193,5.448947592182314
23,quadratic_ridge_sensitivity,metric/the_pile_github_val_loss,4.91853141784668,4.935159286665158
23,quadratic_ridge_sensitivity,metric/the_pile_stackexchange_val_loss,5.417336463928223,5.391975317266734
23,quadratic_ridge_sensitivity,metric/the_pile_gutenberg_pg_19_val_loss,6.032251834869385,6.024605489504785
23,quadratic_ridge_sensitivity,metric/the_pile_pile_cc_val_loss,5.977203845977783,5.975352920259418
23,quadratic_ridge_sensitivity,metric/the_pile_ubuntu_irc_val_loss,4.856312274932861,4.880774589285329
23,quadratic_ridge_sensitivity,metric/the_pile_hackernews_val_loss,5.783515453338623,5.782061615675167
23,quadratic_ridge_sensitivity,metric/the_pile_pubmed_abstracts_val_loss,4.762035846710205,4.764111212377759
23,quadratic_ridge_sensitivity,metric/the_pile_uspto_backgrounds_val_loss,4.409957885742188,4.400144520243388
24,quadratic_ridge_sensitivity,metric/the_pile_arxiv_val_loss,7.729341983795166,7.5334003219945815
24,quadratic_ridge_sensitivity,metric/the_pile_freelaw_val_loss,3.967174530029297,3.986920589961292
24,quadratic_ridge_sensitivity,metric/the_pile_pubmed_central_val_loss,6.752795219421387,6.538383970685974
24,quadratic_ridge_sensitivity,metric/the_pile_wikipedia_en_val_loss,6.444605350494385,6.3839984237876255
24,quadratic_ridge_sensitivity,metric/the_pile_dm_mathematics_val_loss,5.99164342880249,5.537534048210356
24,quadratic_ridge_sensitivity,metric/the_pile_github_val_loss,5.654896259307861,5.667248013234109
24,quadratic_ridge_sensitivity,metric/the_pile_stackexchange_val_loss,6.138266563415527,6.077455556612846
24,quadratic_ridge_sensitivity,metric/the_pile_gutenberg_pg_19_val_loss,5.350730895996094,5.350878017300716
24,quadratic_ridge_sensitivity,metric/the_pile_pile_cc_val_loss,6.081203937530518,6.047825454699635
24,quadratic_ridge_sensitivity,metric/the_pile_ubuntu_irc_val_loss,7.689416885375977,7.641269450904832
24,quadratic_ridge_sensitivity,metric/the_pile_hackernews_val_loss,5.8698577880859375,5.832172066997986
24,quadratic_ridge_sensitivity,metric/the_pile_pubmed_abstracts_val_loss,5.93467378616333,5.880226216587136
24,quadratic_ridge_sensitivity,metric/the_pile_uspto_backgrounds_val_loss,4.452613830566406,4.463406587518234
25,quadratic_ridge_sensitivity,metric/the_pile_arxiv_val_loss,5.003495216369629,4.831990179504195
25,quadratic_ridge_sensitivity,metric/the_pile_freelaw_val_loss,4.26286506652832,4.323762349456423
25,quadratic_ridge_sensitivity,metric/the_pile_pubmed_central_val_loss,4.548320293426514,4.695039700791969
25,quadratic_ridge_sensitivity,metric/the_pile_wikipedia_en_val_loss,6.2719340324401855,6.239534880824688
25,quadratic_ridge_sensitivity,metric/the_pile_dm_mathematics_val_loss,5.054658889770508,4.8798668617078835
25,quadratic_ridge_sensitivity,metric/the_pile_github_val_loss,4.913228511810303,4.798830649347585
25,quadratic_ridge_sensitivity,metric/the_pile_stackexchange_val_loss,4.174592971801758,4.013900386646082
25,quadratic_ridge_sensitivity,metric/the_pile_gutenberg_pg_19_val_loss,5.677281379699707,5.644768888235986
25,quadratic_ridge_sensitivity,metric/the_pile_pile_cc_val_loss,5.843257427215576,5.825937242019896
25,quadratic_ridge_sensitivity,metric/the_pile_ubuntu_irc_val_loss,5.450659275054932,5.689740269207837
25,quadratic_ridge_sensitivity,metric/the_pile_hackernews_val_loss,5.52943229675293,5.4536426185828875
25,quadratic_ridge_sensitivity,metric/the_pile_pubmed_abstracts_val_loss,5.509744644165039,5.561544860336002
25,quadratic_ridge_sensitivity,metric/the_pile_uspto_backgrounds_val_loss,5.620926380157471,5.563643645008233
26,quadratic_ridge_sensitivity,metric/the_pile_arxiv_val_loss,3.882284879684448,4.046561777928992
26,quadratic_ridge_sensitivity,metric/the_pile_freelaw_val_loss,5.688676834106445,5.866406733328994
26,quadratic_ridge_sensitivity,metric/the_pile_pubmed_central_val_loss,4.025252342224121,3.88794061596856
26,quadratic_ridge_sensitivity,metric/the_pile_wikipedia_en_val_loss,5.573357582092285,5.740794142906564
26,quadratic_ridge_sensitivity,metric/the_pile_dm_mathematics_val_loss,5.430081844329834,5.224323377715058
26,quadratic_ridge_sensitivity,metric/the_pile_github_val_loss,6.123146057128906,6.042217640994152
26,quadratic_ridge_sensitivity,metric/the_pile_stackexchange_val_loss,5.667730808258057,5.761220549759591
26,quadratic_ridge_sensitivity,metric/the_pile_gutenberg_pg_19_val_loss,6.119208812713623,6.06373084384133
26,quadratic_ridge_sensitivity,metric/the_pile_pile_cc_val_loss,5.942705631256104,5.945323300773799
26,quadratic_ridge_sensitivity,metric/the_pile_ubuntu_irc_val_loss,5.740989685058594,5.897195363908485
26,quadratic_ridge_sensitivity,metric/the_pile_hackernews_val_loss,5.928955554962158,5.883804160600519
26,quadratic_ridge_sensitivity,metric/the_pile_pubmed_abstracts_val_loss,4.998274326324463,5.00866301983212
26,quadratic_ridge_sensitivity,metric/the_pile_uspto_backgrounds_val_loss,5.132785320281982,5.220323517335286
27,quadratic_ridge_sensitivity,metric/the_pile_arxiv_val_loss,5.64911413192749,5.441606906606635
27,quadratic_ridge_sensitivity,metric/the_pile_freelaw_val_loss,4.26276159286499,4.187116728358381
27,quadratic_ridge_sensitivity,metric/the_pile_pubmed_central_val_loss,4.184984683990479,4.24962492583886
27,quadratic_ridge_sensitivity,metric/the_pile_wikipedia_en_val_loss,5.313239574432373,5.364924654765958
27,quadratic_ridge_sensitivity,metric/the_pile_dm_mathematics_val_loss,2.4710938930511475,2.521540679935972
27,quadratic_ridge_sensitivity,metric/the_pile_github_val_loss,5.107607364654541,5.143110548861167
27,quadratic_ridge_sensitivity,metric/the_pile_stackexchange_val_loss,5.51455545425415,5.478041580028455
27,quadratic_ridge_sensitivity,metric/the_pile_gutenberg_pg_19_val_loss,4.910590171813965,4.917861752176952
27,quadratic_ridge_sensitivity,metric/the_pile_pile_cc_val_loss,5.607277870178223,5.606843657128422
27,quadratic_ridge_sensitivity,metric/the_pile_ubuntu_irc_val_loss,6.157212257385254,6.353762159066469
27,quadratic_ridge_sensitivity,metric/the_pile_hackernews_val_loss,4.921019554138184,4.905613374100264
27,quadratic_ridge_sensitivity,metric/the_pile_pubmed_abstracts_val_loss,4.804058074951172,4.782926604156984
27,quadratic_ridge_sensitivity,metric/the_pile_uspto_backgrounds_val_loss,5.396997451782227,5.383721925347777
28,quadratic_ridge_sensitivity,metric/the_pile_arxiv_val_loss,4.687304496765137,4.74702763694163
28,quadratic_ridge_sensitivity,metric/the_pile_freelaw_val_loss,4.21182918548584,4.201861515120167
28,quadratic_ridge_sensitivity,metric/the_pile_pubmed_central_val_loss,6.05892276763916,6.025147373926271
28,quadratic_ridge_sensitivity,metric/the_pile_wikipedia_en_val_loss,5.891059398651123,5.894158274435356
28,quadratic_ridge_sensitivity,metric/the_pile_dm_mathematics_val_loss,1.8401778936386108,1.888826944098338
28,quadratic_ridge_sensitivity,metric/the_pile_github_val_loss,4.645040035247803,4.667087970795035
28,quadratic_ridge_sensitivity,metric/the_pile_stackexchange_val_loss,4.333330154418945,4.366860099531621
28,quadratic_ridge_sensitivity,metric/the_pile_gutenberg_pg_19_val_loss,5.055291175842285,5.076601451957422
28,quadratic_ridge_sensitivity,metric/the_pile_pile_cc_val_loss,5.706452369689941,5.712545010494948
28,quadratic_ridge_sensitivity,metric/the_pile_ubuntu_irc_val_loss,7.238473415374756,7.1850798788786925
28,quadratic_ridge_sensitivity,metric/the_pile_hackernews_val_loss,5.458417892456055,5.46254355987022
28,quadratic_ridge_sensitivity,metric/the_pile_pubmed_abstracts_val_loss,6.303548336029053,6.278407543270671
28,quadratic_ridge_sensitivity,metric/the_pile_uspto_backgrounds_val_loss,5.252003192901611,5.260429028032911
29,quadratic_ridge_sensitivity,metric/the_pile_arxiv_val_loss,5.658636569976807,5.8686025354046505
29,quadratic_ridge_sensitivity,metric/the_pile_freelaw_val_loss,6.026126384735107,5.952909352149397
29,quadratic_ridge_sensitivity,metric/the_pile_pubmed_central_val_loss,5.763899326324463,5.750294359093475
29,quadratic_ridge_sensitivity,metric/the_pile_wikipedia_en_val_loss,6.317204475402832,6.182795828665728
29,quadratic_ridge_sensitivity,metric/the_pile_dm_mathematics_val_loss,5.946868896484375,5.968346574257496
29,quadratic_ridge_sensitivity,metric/the_pile_github_val_loss,8.14659309387207,7.59843482499997
29,quadratic_ridge_sensitivity,metric/the_pile_stackexchange_val_loss,7.142147064208984,6.863172256871142
29,quadratic_ridge_sensitivity,metric/the_pile_gutenberg_pg_19_val_loss,4.7790937423706055,4.823790323709619
29,quadratic_ridge_sensitivity,metric/the_pile_pile_cc_val_loss,5.957272052764893,5.930068208575696
29,quadratic_ridge_sensitivity,metric/the_pile_ubuntu_irc_val_loss,8.297920227050781,7.937775617890759
29,quadratic_ridge_sensitivity,metric/the_pile_hackernews_val_loss,5.942418098449707,5.914916340218838
29,quadratic_ridge_sensitivity,metric/the_pile_pubmed_abstracts_val_loss,5.617604732513428,5.6290390608192356
29,quadratic_ridge_sensitivity,metric/the_pile_uspto_backgrounds_val_loss,4.1322197914123535,4.158441579363849
30,quadratic_ridge_sensitivity,metric/the_pile_arxiv_val_loss,6.861634254455566,6.343354203642479
30,quadratic_ridge_sensitivity,metric/the_pile_freelaw_val_loss,5.755373954772949,5.647888111664832
30,quadratic_ridge_sensitivity,metric/the_pile_pubmed_central_val_loss,5.65870475769043,5.694655070279164
30,quadratic_ridge_sensitivity,metric/the_pile_wikipedia_en_val_loss,5.272236347198486,5.492254106315434
30,quadratic_ridge_sensitivity,metric/the_pile_dm_mathematics_val_loss,5.643309116363525,5.272940427903869
30,quadratic_ridge_sensitivity,metric/the_pile_github_val_loss,4.5067949295043945,5.1856484550482564
30,quadratic_ridge_sensitivity,metric/the_pile_stackexchange_val_loss,5.427286148071289,5.713811148397139
30,quadratic_ridge_sensitivity,metric/the_pile_gutenberg_pg_19_val_loss,4.814216136932373,4.830645057395034
30,quadratic_ridge_sensitivity,metric/the_pile_pile_cc_val_loss,5.754676342010498,5.770576983693408
30,quadratic_ridge_sensitivity,metric/the_pile_ubuntu_irc_val_loss,6.341269493103027,6.952614156021408
30,quadratic_ridge_sensitivity,metric/the_pile_hackernews_val_loss,5.69641637802124,5.671777154544069
30,quadratic_ridge_sensitivity,metric/the_pile_pubmed_abstracts_val_loss,5.775506496429443,5.746498262236499
30,quadratic_ridge_sensitivity,metric/the_pile_uspto_backgrounds_val_loss,4.324811458587647,4.388859638066437
31,quadratic_ridge_sensitivity,metric/the_pile_arxiv_val_loss,4.4081878662109375,4.566084034485167
31,quadratic_ridge_sensitivity,metric/the_pile_freelaw_val_loss,5.024968147277832,5.080505754984571
31,quadratic_ridge_sensitivity,metric/the_pile_pubmed_central_val_loss,4.978406429290772,4.956011851688566
31,quadratic_ridge_sensitivity,metric/the_pile_wikipedia_en_val_loss,5.005675315856934,4.9485729526327615
31,quadratic_ridge_sensitivity,metric/the_pile_dm_mathematics_val_loss,3.812377452850342,3.807808051692007
31,quadratic_ridge_sensitivity,metric/the_pile_github_val_loss,5.920037746429443,5.721266493041002
31,quadratic_ridge_sensitivity,metric/the_pile_stackexchange_val_loss,5.920503616333008,5.828880654393357
31,quadratic_ridge_sensitivity,metric/the_pile_gutenberg_pg_19_val_loss,4.698957443237305,4.651255617438782
31,quadratic_ridge_sensitivity,metric/the_pile_pile_cc_val_loss,5.51257848739624,5.49798652487819
31,quadratic_ridge_sensitivity,metric/the_pile_ubuntu_irc_val_loss,7.735177040100098,7.518607221640209
31,quadratic_ridge_sensitivity,metric/the_pile_hackernews_val_loss,5.13293981552124,5.120666637486121
31,quadratic_ridge_sensitivity,metric/the_pile_pubmed_abstracts_val_loss,4.934744834899902,4.953751527994801
31,quadratic_ridge_sensitivity,metric/the_pile_uspto_backgrounds_val_loss,5.402326583862305,5.366032988688858
32,quadratic_ridge_sensitivity,metric/the_pile_arxiv_val_loss,8.051161766052246,7.378004381796638
32,quadratic_ridge_sensitivity,metric/the_pile_freelaw_val_loss,3.874768495559693,4.100065350476256
32,quadratic_ridge_sensitivity,metric/the_pile_pubmed_central_val_loss,6.909854412078857,6.387110575779882
32,quadratic_ridge_sensitivity,metric/the_pile_wikipedia_en_val_loss,6.266665935516357,6.14447032960592
32,quadratic_ridge_sensitivity,metric/the_pile_dm_mathematics_val_loss,6.403696537017822,5.915323201033932
32,quadratic_ridge_sensitivity,metric/the_pile_github_val_loss,7.658684730529785,6.679144665368736
32,quadratic_ridge_sensitivity,metric/the_pile_stackexchange_val_loss,7.126642227172852,6.545995764499139
32,quadratic_ridge_sensitivity,metric/the_pile_gutenberg_pg_19_val_loss,5.534601211547852,5.43096666262918
32,quadratic_ridge_sensitivity,metric/the_pile_pile_cc_val_loss,5.833001613616943,5.901964518560598
32,quadratic_ridge_sensitivity,metric/the_pile_ubuntu_irc_val_loss,7.933407306671143,7.857141158996321
32,quadratic_ridge_sensitivity,metric/the_pile_hackernews_val_loss,5.835553646087647,5.825154445338987
32,quadratic_ridge_sensitivity,metric/the_pile_pubmed_abstracts_val_loss,5.917235374450684,5.702967540572049
32,quadratic_ridge_sensitivity,metric/the_pile_uspto_backgrounds_val_loss,5.224470138549805,5.383992249548564
33,quadratic_ridge_sensitivity,metric/the_pile_arxiv_val_loss,6.746493816375732,6.69482224148978
33,quadratic_ridge_sensitivity,metric/the_pile_freelaw_val_loss,5.766384124755859,5.725369298460964
33,quadratic_ridge_sensitivity,metric/the_pile_pubmed_central_val_loss,6.5935959815979,6.4796651711460305
33,quadratic_ridge_sensitivity,metric/the_pile_wikipedia_en_val_loss,5.976674556732178,5.900379096263204
33,quadratic_ridge_sensitivity,metric/the_pile_dm_mathematics_val_loss,5.557881832122803,5.5161659208806135
33,quadratic_ridge_sensitivity,metric/the_pile_github_val_loss,4.100144386291504,4.180096311869975
33,quadratic_ridge_sensitivity,metric/the_pile_stackexchange_val_loss,5.102885246276856,5.12367712614157
33,quadratic_ridge_sensitivity,metric/the_pile_gutenberg_pg_19_val_loss,4.755634784698486,4.73468668369002
33,quadratic_ridge_sensitivity,metric/the_pile_pile_cc_val_loss,5.5495219230651855,5.529934433548049
33,quadratic_ridge_sensitivity,metric/the_pile_ubuntu_irc_val_loss,7.391046047210693,7.247787309413031
33,quadratic_ridge_sensitivity,metric/the_pile_hackernews_val_loss,5.420259475708008,5.432525975054596
33,quadratic_ridge_sensitivity,metric/the_pile_pubmed_abstracts_val_loss,6.314382076263428,6.234643186297239
33,quadratic_ridge_sensitivity,metric/the_pile_uspto_backgrounds_val_loss,5.821866989135742,5.75834055282171
34,quadratic_ridge_sensitivity,metric/the_pile_arxiv_val_loss,5.771609783172607,5.7172797584665815
34,quadratic_ridge_sensitivity,metric/the_pile_freelaw_val_loss,5.322272777557373,5.392968128820147
34,quadratic_ridge_sensitivity,metric/the_pile_pubmed_central_val_loss,5.388720512390137,5.4796470322109485
34,quadratic_ridge_sensitivity,metric/the_pile_wikipedia_en_val_loss,6.635139465332031,6.620453578873556
34,quadratic_ridge_sensitivity,metric/the_pile_dm_mathematics_val_loss,5.31644344329834,5.138174772713699
34,quadratic_ridge_sensitivity,metric/the_pile_github_val_loss,3.774742603302002,3.872894992029024
34,quadratic_ridge_sensitivity,metric/the_pile_stackexchange_val_loss,4.6902689933776855,4.75219924782173
34,quadratic_ridge_sensitivity,metric/the_pile_gutenberg_pg_19_val_loss,5.525582313537598,5.538511581093081
34,quadratic_ridge_sensitivity,metric/the_pile_pile_cc_val_loss,6.194097995758057,6.1789338394998445
34,quadratic_ridge_sensitivity,metric/the_pile_ubuntu_irc_val_loss,5.430849552154541,5.528886341051866
34,quadratic_ridge_sensitivity,metric/the_pile_hackernews_val_loss,5.701431751251221,5.7054143151763625
34,quadratic_ridge_sensitivity,metric/the_pile_pubmed_abstracts_val_loss,6.310952663421631,6.303971461764327
34,quadratic_ridge_sensitivity,metric/the_pile_uspto_backgrounds_val_loss,6.177484512329102,6.143017233986157
35,quadratic_ridge_sensitivity,metric/the_pile_arxiv_val_loss,5.152310848236084,5.13208248624517
35,quadratic_ridge_sensitivity,metric/the_pile_freelaw_val_loss,6.016092777252197,5.970178099477581
35,quadratic_ridge_sensitivity,metric/the_pile_pubmed_central_val_loss,5.6132493019104,5.586652046100609
35,quadratic_ridge_sensitivity,metric/the_pile_wikipedia_en_val_loss,5.003716468811035,5.025020709373668
35,quadratic_ridge_sensitivity,metric/the_pile_dm_mathematics_val_loss,1.8262804746627808,1.8776208342607799
35,quadratic_ridge_sensitivity,metric/the_pile_github_val_loss,4.939427852630615,4.929538346628483
35,quadratic_ridge_sensitivity,metric/the_pile_stackexchange_val_loss,4.213974952697754,4.246832060766105
35,quadratic_ridge_sensitivity,metric/the_pile_gutenberg_pg_19_val_loss,5.9329681396484375,5.88471131635093
35,quadratic_ridge_sensitivity,metric/the_pile_pile_cc_val_loss,5.653165340423584,5.650487162202324
35,quadratic_ridge_sensitivity,metric/the_pile_ubuntu_irc_val_loss,5.710831165313721,5.818052196047803
35,quadratic_ridge_sensitivity,metric/the_pile_hackernews_val_loss,5.641227722167969,5.61677542176111
35,quadratic_ridge_sensitivity,metric/the_pile_pubmed_abstracts_val_loss,6.202215671539307,6.173496404211427
35,quadratic_ridge_sensitivity,metric/the_pile_uspto_backgrounds_val_loss,5.734169960021973,5.697367877333275
36,quadratic_ridge_sensitivity,metric/the_pile_arxiv_val_loss,3.753798723220825,3.632915162022426
36,quadratic_ridge_sensitivity,metric/the_pile_freelaw_val_loss,6.316792964935303,6.156359646206112
36,quadratic_ridge_sensitivity,metric/the_pile_pubmed_central_val_loss,4.444733619689941,4.534944497079438
36,quadratic_ridge_sensitivity,metric/the_pile_wikipedia_en_val_loss,6.496055603027344,6.433479540695556
36,quadratic_ridge_sensitivity,metric/the_pile_dm_mathematics_val_loss,2.555508136749268,2.8813361591816364
36,quadratic_ridge_sensitivity,metric/the_pile_github_val_loss,5.468338489532471,5.2439710259765615
36,quadratic_ridge_sensitivity,metric/the_pile_stackexchange_val_loss,4.637434482574463,4.553001684330386
36,quadratic_ridge_sensitivity,metric/the_pile_gutenberg_pg_19_val_loss,5.210977077484131,5.395282835388929
36,quadratic_ridge_sensitivity,metric/the_pile_pile_cc_val_loss,6.027653694152832,6.0325607795848555
36,quadratic_ridge_sensitivity,metric/the_pile_ubuntu_irc_val_loss,5.130958557128906,5.135028731386345
36,quadratic_ridge_sensitivity,metric/the_pile_hackernews_val_loss,5.644321918487549,5.621423015899912
36,quadratic_ridge_sensitivity,metric/the_pile_pubmed_abstracts_val_loss,5.471099853515625,5.521239762511836
36,quadratic_ridge_sensitivity,metric/the_pile_uspto_backgrounds_val_loss,5.643436908721924,5.589485196429448
37,quadratic_ridge_sensitivity,metric/the_pile_arxiv_val_loss,5.026422023773193,5.186284649490095
37,quadratic_ridge_sensitivity,metric/the_pile_freelaw_val_loss,5.072512626647949,5.1380865814655
37,quadratic_ridge_sensitivity,metric/the_pile_pubmed_central_val_loss,4.223289489746094,4.276378557200151
37,quadratic_ridge_sensitivity,metric/the_pile_wikipedia_en_val_loss,4.998081684112549,4.988732746768955
37,quadratic_ridge_sensitivity,metric/the_pile_dm_mathematics_val_loss,2.0003106594085693,2.014952963707826
37,quadratic_ridge_sensitivity,metric/the_pile_github_val_loss,5.011911392211914,5.135125837661633
37,quadratic_ridge_sensitivity,metric/the_pile_stackexchange_val_loss,5.214371204376221,5.262583929716664
37,quadratic_ridge_sensitivity,metric/the_pile_gutenberg_pg_19_val_loss,5.35777759552002,5.412292043714179
37,quadratic_ridge_sensitivity,metric/the_pile_pile_cc_val_loss,5.670432090759277,5.6723679941138325
37,quadratic_ridge_sensitivity,metric/the_pile_ubuntu_irc_val_loss,7.577400207519531,7.52779909211315
37,quadratic_ridge_sensitivity,metric/the_pile_hackernews_val_loss,5.103034973144531,5.092676853286085
37,quadratic_ridge_sensitivity,metric/the_pile_pubmed_abstracts_val_loss,4.877068042755127,4.872791741430183
37,quadratic_ridge_sensitivity,metric/the_pile_uspto_backgrounds_val_loss,4.46651554107666,4.445958497461
38,quadratic_ridge_sensitivity,metric/the_pile_arxiv_val_loss,5.007805824279785,5.134907932767072
38,quadratic_ridge_sensitivity,metric/the_pile_freelaw_val_loss,4.905384063720703,5.073043575165088
38,quadratic_ridge_sensitivity,metric/the_pile_pubmed_central_val_loss,6.044830799102783,5.954906518545177
38,quadratic_ridge_sensitivity,metric/the_pile_wikipedia_en_val_loss,5.689024925231934,5.716404164783286
38,quadratic_ridge_sensitivity,metric/the_pile_dm_mathematics_val_loss,5.543165683746338,5.294365717942438
38,quadratic_ridge_sensitivity,metric/the_pile_github_val_loss,6.600042343139648,6.502049289527251
38,quadratic_ridge_sensitivity,metric/the_pile_stackexchange_val_loss,6.009766578674316,5.957963963721581
38,quadratic_ridge_sensitivity,metric/the_pile_gutenberg_pg_19_val_loss,5.248143672943115,5.2586137802042385
38,quadratic_ridge_sensitivity,metric/the_pile_pile_cc_val_loss,5.204901218414307,5.220483993522232
38,quadratic_ridge_sensitivity,metric/the_pile_ubuntu_irc_val_loss,6.734470844268799,6.848150508490289
38,quadratic_ridge_sensitivity,metric/the_pile_hackernews_val_loss,5.271415710449219,5.24552668614133
38,quadratic_ridge_sensitivity,metric/the_pile_pubmed_abstracts_val_loss,5.445953369140625,5.467333685577946
38,quadratic_ridge_sensitivity,metric/the_pile_uspto_backgrounds_val_loss,4.392505168914795,4.426975028930421
39,quadratic_ridge_sensitivity,metric/the_pile_arxiv_val_loss,5.11309814453125,5.154902318239811
39,quadratic_ridge_sensitivity,metric/the_pile_freelaw_val_loss,4.777293682098389,4.848088126434249
39,quadratic_ridge_sensitivity,metric/the_pile_pubmed_central_val_loss,5.109024524688721,5.134536875344337
39,quadratic_ridge_sensitivity,metric/the_pile_wikipedia_en_val_loss,4.968809604644775,4.968950795079583
39,quadratic_ridge_sensitivity,metric/the_pile_dm_mathematics_val_loss,2.236644506454468,2.2958757768149542
39,quadratic_ridge_sensitivity,metric/the_pile_github_val_loss,4.740827083587647,4.76812349560922
39,quadratic_ridge_sensitivity,metric/the_pile_stackexchange_val_loss,4.21690845489502,4.218708737758057
39,quadratic_ridge_sensitivity,metric/the_pile_gutenberg_pg_19_val_loss,5.307089805603027,5.325242933105541
39,quadratic_ridge_sensitivity,metric/the_pile_pile_cc_val_loss,5.59416389465332,5.599096044191073
39,quadratic_ridge_sensitivity,metric/the_pile_ubuntu_irc_val_loss,7.238756656646728,7.181905861737348
39,quadratic_ridge_sensitivity,metric/the_pile_hackernews_val_loss,5.03219747543335,5.029106064646356
39,quadratic_ridge_sensitivity,metric/the_pile_pubmed_abstracts_val_loss,5.572150707244873,5.592653307206575
39,quadratic_ridge_sensitivity,metric/the_pile_uspto_backgrounds_val_loss,5.002451419830322,5.014027845167456
40,quadratic_ridge_sensitivity,metric/the_pile_arxiv_val_loss,4.483772277832031,4.941162292871798
40,quadratic_ridge_sensitivity,metric/the_pile_freelaw_val_loss,4.084653377532959,3.9722742008567256
40,quadratic_ridge_sensitivity,metric/the_pile_pubmed_central_val_loss,4.152863502502441,4.304194690276794
40,quadratic_ridge_sensitivity,metric/the_pile_wikipedia_en_val_loss,6.1054534912109375,6.115246937684452
40,quadratic_ridge_sensitivity,metric/the_pile_dm_mathematics_val_loss,5.35400390625,5.721425882664398
40,quadratic_ridge_sensitivity,metric/the_pile_github_val_loss,5.705118656158447,5.847683545197896
40,quadratic_ridge_sensitivity,metric/the_pile_stackexchange_val_loss,5.056640148162842,5.244437001900178
40,quadratic_ridge_sensitivity,metric/the_pile_gutenberg_pg_19_val_loss,5.576696872711182,5.53404295293309
40,quadratic_ridge_sensitivity,metric/the_pile_pile_cc_val_loss,5.732850074768066,5.757753442676348
40,quadratic_ridge_sensitivity,metric/the_pile_ubuntu_irc_val_loss,7.658815860748291,7.3767582916691445
40,quadratic_ridge_sensitivity,metric/the_pile_hackernews_val_loss,5.443605422973633,5.406402452959938
40,quadratic_ridge_sensitivity,metric/the_pile_pubmed_abstracts_val_loss,5.044731616973877,5.159468420910509
40,quadratic_ridge_sensitivity,metric/the_pile_uspto_backgrounds_val_loss,5.474844932556152,5.3525786911718045
41,quadratic_ridge_sensitivity,metric/the_pile_arxiv_val_loss,4.69763708114624,4.849217512374144
41,quadratic_ridge_sensitivity,metric/the_pile_freelaw_val_loss,6.14774751663208,6.044154674424973
41,quadratic_ridge_sensitivity,metric/the_pile_pubmed_central_val_loss,5.504880428314209,5.559957469974187
41,quadratic_ridge_sensitivity,metric/the_pile_wikipedia_en_val_loss,5.891500949859619,5.94643977971763
41,quadratic_ridge_sensitivity,metric/the_pile_dm_mathematics_val_loss,2.5461370944976807,2.8081919358255587
41,quadratic_ridge_sensitivity,metric/the_pile_github_val_loss,3.768294095993042,3.7454531357061707
41,quadratic_ridge_sensitivity,metric/the_pile_stackexchange_val_loss,4.877947807312012,4.86848193659905
41,quadratic_ridge_sensitivity,metric/the_pile_gutenberg_pg_19_val_loss,5.280606746673584,5.304263438482248
41,quadratic_ridge_sensitivity,metric/the_pile_pile_cc_val_loss,5.879600524902344,5.899568963702536
41,quadratic_ridge_sensitivity,metric/the_pile_ubuntu_irc_val_loss,5.807758808135986,5.947895693556149
41,quadratic_ridge_sensitivity,metric/the_pile_hackernews_val_loss,5.5165696144104,5.538072096338022
41,quadratic_ridge_sensitivity,metric/the_pile_pubmed_abstracts_val_loss,5.912353515625,5.934496727981386
41,quadratic_ridge_sensitivity,metric/the_pile_uspto_backgrounds_val_loss,5.507272720336914,5.5270845148894345
42,quadratic_ridge_sensitivity,metric/the_pile_arxiv_val_loss,5.103385925292969,5.167020373414467
42,quadratic_ridge_sensitivity,metric/the_pile_freelaw_val_loss,5.81681489944458,5.776355339383245
42,quadratic_ridge_sensitivity,metric/the_pile_pubmed_central_val_loss,4.879493713378906,4.901836054941736
42,quadratic_ridge_sensitivity,metric/the_pile_wikipedia_en_val_loss,5.411044597625732,5.410595522656826
42,quadratic_ridge_sensitivity,metric/the_pile_dm_mathematics_val_loss,2.4963607788085938,2.565105638438233
42,quadratic_ridge_sensitivity,metric/the_pile_github_val_loss,4.072724342346191,4.12514746485108
42,quadratic_ridge_sensitivity,metric/the_pile_stackexchange_val_loss,5.021194934844971,5.054873506870487
42,quadratic_ridge_sensitivity,metric/the_pile_gutenberg_pg_19_val_loss,5.245903015136719,5.240389136854315
42,quadratic_ridge_sensitivity,metric/the_pile_pile_cc_val_loss,5.814209938049316,5.8129809281591935
42,quadratic_ridge_sensitivity,metric/the_pile_ubuntu_irc_val_loss,7.312902450561523,7.295253030426754
42,quadratic_ridge_sensitivity,metric/the_pile_hackernews_val_loss,4.897205829620361,4.897255168035865
42,quadratic_ridge_sensitivity,metric/the_pile_pubmed_abstracts_val_loss,5.433531761169434,5.435963777925269
42,quadratic_ridge_sensitivity,metric/the_pile_uspto_backgrounds_val_loss,4.587443828582764,4.580559211810586
43,quadratic_ridge_sensitivity,metric/the_pile_arxiv_val_loss,3.9178929328918457,3.806359153443003
43,quadratic_ridge_sensitivity,metric/the_pile_freelaw_val_loss,5.826865196228027,5.730034241465238
43,quadratic_ridge_sensitivity,metric/the_pile_pubmed_central_val_loss,5.672890663146973,5.56224763743483
43,quadratic_ridge_sensitivity,metric/the_pile_wikipedia_en_val_loss,5.243008136749268,5.309643062800156
43,quadratic_ridge_sensitivity,metric/the_pile_dm_mathematics_val_loss,1.9641127586364744,1.8107525805636326
43,quadratic_ridge_sensitivity,metric/the_pile_github_val_loss,4.958409309387207,5.053218446239047
43,quadratic_ridge_sensitivity,metric/the_pile_stackexchange_val_loss,4.631067276000977,4.684576216362319
43,quadratic_ridge_sensitivity,metric/the_pile_gutenberg_pg_19_val_loss,4.851532936096191,4.844981422004947
43,quadratic_ridge_sensitivity,metric/the_pile_pile_cc_val_loss,5.635731220245361,5.662057085698459
43,quadratic_ridge_sensitivity,metric/the_pile_ubuntu_irc_val_loss,7.241580486297607,7.3784850307687595
43,quadratic_ridge_sensitivity,metric/the_pile_hackernews_val_loss,5.190623760223389,5.22753760637148
43,quadratic_ridge_sensitivity,metric/the_pile_pubmed_abstracts_val_loss,5.716239929199219,5.69136613921976
43,quadratic_ridge_sensitivity,metric/the_pile_uspto_backgrounds_val_loss,5.144834041595459,5.159897399202896
44,quadratic_ridge_sensitivity,metric/the_pile_arxiv_val_loss,4.936156749725342,4.924923751869319
44,quadratic_ridge_sensitivity,metric/the_pile_freelaw_val_loss,4.4209465980529785,4.490183147451
44,quadratic_ridge_sensitivity,metric/the_pile_pubmed_central_val_loss,4.081094264984131,3.963203702142608
44,quadratic_ridge_sensitivity,metric/the_pile_wikipedia_en_val_loss,6.294333934783936,6.291201893569494
44,quadratic_ridge_sensitivity,metric/the_pile_dm_mathematics_val_loss,2.0349221229553223,2.3470516517804816
44,quadratic_ridge_sensitivity,metric/the_pile_github_val_loss,4.572906017303467,4.585341851744427
44,quadratic_ridge_sensitivity,metric/the_pile_stackexchange_val_loss,4.647099018096924,4.6730596947831105
44,quadratic_ridge_sensitivity,metric/the_pile_gutenberg_pg_19_val_loss,5.561471462249756,5.591342124431888
44,quadratic_ridge_sensitivity,metric/the_pile_pile_cc_val_loss,5.9413371086120605,5.9426017202606065
44,quadratic_ridge_sensitivity,metric/the_pile_ubuntu_irc_val_loss,7.266517639160156,7.162700658195428
44,quadratic_ridge_sensitivity,metric/the_pile_hackernews_val_loss,5.63517951965332,5.634424133474626
44,quadratic_ridge_sensitivity,metric/the_pile_pubmed_abstracts_val_loss,5.1906046867370605,5.151296678716314
44,quadratic_ridge_sensitivity,metric/the_pile_uspto_backgrounds_val_loss,5.514040470123291,5.4676999181158585
45,quadratic_ridge_sensitivity,metric/the_pile_arxiv_val_loss,3.638108968734741,3.948129415675833
45,quadratic_ridge_sensitivity,metric/the_pile_freelaw_val_loss,5.1034135818481445,5.247064291607964
45,quadratic_ridge_sensitivity,metric/the_pile_pubmed_central_val_loss,5.953833103179932,5.798735210975211
45,quadratic_ridge_sensitivity,metric/the_pile_wikipedia_en_val_loss,6.57130241394043,6.508716766359445
45,quadratic_ridge_sensitivity,metric/the_pile_dm_mathematics_val_loss,3.2984423637390137,3.5869605175164803
45,quadratic_ridge_sensitivity,metric/the_pile_github_val_loss,5.690601825714111,5.893395497676727
45,quadratic_ridge_sensitivity,metric/the_pile_stackexchange_val_loss,5.021487236022949,5.241103505676369
45,quadratic_ridge_sensitivity,metric/the_pile_gutenberg_pg_19_val_loss,5.967015266418457,5.855075314168067
45,quadratic_ridge_sensitivity,metric/the_pile_pile_cc_val_loss,6.166713714599609,6.085248212400914
45,quadratic_ridge_sensitivity,metric/the_pile_ubuntu_irc_val_loss,7.760351181030273,7.644986064339364
45,quadratic_ridge_sensitivity,metric/the_pile_hackernews_val_loss,5.840293884277344,5.779590303540872
45,quadratic_ridge_sensitivity,metric/the_pile_pubmed_abstracts_val_loss,5.948450565338135,5.89726883971984
45,quadratic_ridge_sensitivity,metric/the_pile_uspto_backgrounds_val_loss,5.693654537200928,5.634750291423574
46,quadratic_ridge_sensitivity,metric/the_pile_arxiv_val_loss,4.831500053405762,5.0070529811676305
46,quadratic_ridge_sensitivity,metric/the_pile_freelaw_val_loss,4.930476188659668,5.073611567447667
46,quadratic_ridge_sensitivity,metric/the_pile_pubmed_central_val_loss,4.141411304473877,4.15335478972851
46,quadratic_ridge_sensitivity,metric/the_pile_wikipedia_en_val_loss,5.045565605163574,5.011638485742328
46,quadratic_ridge_sensitivity,metric/the_pile_dm_mathematics_val_loss,3.4484519958496094,3.5527575470499677
46,quadratic_ridge_sensitivity,metric/the_pile_github_val_loss,4.71076250076294,4.892861394081412
46,quadratic_ridge_sensitivity,metric/the_pile_stackexchange_val_loss,4.8421831130981445,5.007539697554141
46,quadratic_ridge_sensitivity,metric/the_pile_gutenberg_pg_19_val_loss,5.125277996063232,5.137162004854735
46,quadratic_ridge_sensitivity,metric/the_pile_pile_cc_val_loss,5.396003723144531,5.415694492387413
46,quadratic_ridge_sensitivity,metric/the_pile_ubuntu_irc_val_loss,5.420391082763672,5.574021797416219
46,quadratic_ridge_sensitivity,metric/the_pile_hackernews_val_loss,4.930731296539307,4.923864798342815
46,quadratic_ridge_sensitivity,metric/the_pile_pubmed_abstracts_val_loss,5.00034761428833,5.027651160639974
46,quadratic_ridge_sensitivity,metric/the_pile_uspto_backgrounds_val_loss,5.420869827270508,5.363632045512123
47,quadratic_ridge_sensitivity,metric/the_pile_arxiv_val_loss,8.440932273864746,8.003311396532933
47,quadratic_ridge_sensitivity,metric/the_pile_freelaw_val_loss,6.074766635894775,5.936915802369537
47,quadratic_ridge_sensitivity,metric/the_pile_pubmed_central_val_loss,6.765743732452393,6.544635488793579
47,quadratic_ridge_sensitivity,metric/the_pile_wikipedia_en_val_loss,4.974913120269775,5.0035229481714865
47,quadratic_ridge_sensitivity,metric/the_pile_dm_mathematics_val_loss,2.968883991241455,2.902705909145741
47,quadratic_ridge_sensitivity,metric/the_pile_github_val_loss,7.715780258178711,7.346275544383698
47,quadratic_ridge_sensitivity,metric/the_pile_stackexchange_val_loss,6.937915325164795,6.7154573902672245
47,quadratic_ridge_sensitivity,metric/the_pile_gutenberg_pg_19_val_loss,5.945170879364014,5.834131297340623
47,quadratic_ridge_sensitivity,metric/the_pile_pile_cc_val_loss,5.751434326171875,5.735507152180318
47,quadratic_ridge_sensitivity,metric/the_pile_ubuntu_irc_val_loss,5.861015319824219,6.040048646636853
47,quadratic_ridge_sensitivity,metric/the_pile_hackernews_val_loss,5.153534412384033,5.1612258813068115
47,quadratic_ridge_sensitivity,metric/the_pile_pubmed_abstracts_val_loss,5.707162380218506,5.683429867027616
47,quadratic_ridge_sensitivity,metric/the_pile_uspto_backgrounds_val_loss,4.353992938995361,4.364848477390582
48,quadratic_ridge_sensitivity,metric/the_pile_arxiv_val_loss,4.1681437492370605,4.248176284361055
48,quadratic_ridge_sensitivity,metric/the_pile_freelaw_val_loss,6.259349346160889,6.106935780553956
48,quadratic_ridge_sensitivity,metric/the_pile_pubmed_central_val_loss,4.611889362335205,4.620784659414035
48,quadratic_ridge_sensitivity,metric/the_pile_wikipedia_en_val_loss,5.667662143707275,5.6502647602927025
48,quadratic_ridge_sensitivity,metric/the_pile_dm_mathematics_val_loss,5.244356632232666,5.159501255772991
48,quadratic_ridge_sensitivity,metric/the_pile_github_val_loss,5.20815896987915,5.173729708452736
48,quadratic_ridge_sensitivity,metric/the_pile_stackexchange_val_loss,4.357894420623779,4.365955807659278
48,quadratic_ridge_sensitivity,metric/the_pile_gutenberg_pg_19_val_loss,5.897227764129639,5.8447827032398685
48,quadratic_ridge_sensitivity,metric/the_pile_pile_cc_val_loss,5.876132011413574,5.857709736992872
48,quadratic_ridge_sensitivity,metric/the_pile_ubuntu_irc_val_loss,7.667821884155273,7.51206938466088
48,quadratic_ridge_sensitivity,metric/the_pile_hackernews_val_loss,5.675467014312744,5.604772772889033
48,quadratic_ridge_sensitivity,metric/the_pile_pubmed_abstracts_val_loss,5.309412002563477,5.34688702372012
48,quadratic_ridge_sensitivity,metric/the_pile_uspto_backgrounds_val_loss,4.402518272399902,4.37701624841928
49,quadratic_ridge_sensitivity,metric/the_pile_arxiv_val_loss,3.730212926864624,3.6205227388765597
49,quadratic_ridge_sensitivity,metric/the_pile_freelaw_val_loss,4.436660289764404,4.541223997282012
49,quadratic_ridge_sensitivity,metric/the_pile_pubmed_central_val_loss,6.001482009887695,5.854990325582366
49,quadratic_ridge_sensitivity,metric/the_pile_wikipedia_en_val_loss,6.172852516174316,6.211132484280159
49,quadratic_ridge_sensitivity,metric/the_pile_dm_mathematics_val_loss,5.698367595672607,4.575685238304742
49,quadratic_ridge_sensitivity,metric/the_pile_github_val_loss,6.93580961227417,6.394144804715442
49,quadratic_ridge_sensitivity,metric/the_pile_stackexchange_val_loss,6.398937702178955,6.050179060306682
49,quadratic_ridge_sensitivity,metric/the_pile_gutenberg_pg_19_val_loss,5.574679851531982,5.5723489034498295
49,quadratic_ridge_sensitivity,metric/the_pile_pile_cc_val_loss,5.760085105895996,5.817379804243806
49,quadratic_ridge_sensitivity,metric/the_pile_ubuntu_irc_val_loss,7.840114593505859,7.441964564676023
49,quadratic_ridge_sensitivity,metric/the_pile_hackernews_val_loss,5.721960544586182,5.7072670940656565
49,quadratic_ridge_sensitivity,metric/the_pile_pubmed_abstracts_val_loss,5.851420879364014,5.825023971105643
49,quadratic_ridge_sensitivity,metric/the_pile_uspto_backgrounds_val_loss,4.941415786743164,5.025425616375979
50,quadratic_ridge_sensitivity,metric/the_pile_arxiv_val_loss,3.7966833114624015,3.8225271270006047
50,quadratic_ridge_sensitivity,metric/the_pile_freelaw_val_loss,5.021888732910156,5.029028175069735
50,quadratic_ridge_sensitivity,metric/the_pile_pubmed_central_val_loss,4.600696086883545,4.581526547592549
50,quadratic_ridge_sensitivity,metric/the_pile_wikipedia_en_val_loss,5.298296451568604,5.2824437961323705
50,quadratic_ridge_sensitivity,metric/the_pile_dm_mathematics_val_loss,2.667093515396118,2.7098381622163212
50,quadratic_ridge_sensitivity,metric/the_pile_github_val_loss,6.491039276123047,6.495590770963595
50,quadratic_ridge_sensitivity,metric/the_pile_stackexchange_val_loss,6.010045051574707,6.032851952045009
50,quadratic_ridge_sensitivity,metric/the_pile_gutenberg_pg_19_val_loss,5.5225510597229,5.532811378296627
50,quadratic_ridge_sensitivity,metric/the_pile_pile_cc_val_loss,5.685656547546387,5.685974188986465
50,quadratic_ridge_sensitivity,metric/the_pile_ubuntu_irc_val_loss,6.783571720123291,6.688454789268917
50,quadratic_ridge_sensitivity,metric/the_pile_hackernews_val_loss,4.8601508140563965,4.855666451579745
50,quadratic_ridge_sensitivity,metric/the_pile_pubmed_abstracts_val_loss,5.374444007873535,5.371128221802688
50,quadratic_ridge_sensitivity,metric/the_pile_uspto_backgrounds_val_loss,4.758020877838135,4.757643896027537
51,quadratic_ridge_sensitivity,metric/the_pile_arxiv_val_loss,5.532787799835205,5.540521497356138
51,quadratic_ridge_sensitivity,metric/the_pile_freelaw_val_loss,6.527656078338623,6.411207723297034
51,quadratic_ridge_sensitivity,metric/the_pile_pubmed_central_val_loss,5.950851917266846,5.887480336348648
51,quadratic_ridge_sensitivity,metric/the_pile_wikipedia_en_val_loss,6.630948543548584,6.547142349688462
51,quadratic_ridge_sensitivity,metric/the_pile_dm_mathematics_val_loss,5.167536735534668,5.115224621155742
51,quadratic_ridge_sensitivity,metric/the_pile_github_val_loss,3.798149824142456,3.932928727051342
51,quadratic_ridge_sensitivity,metric/the_pile_stackexchange_val_loss,4.503209114074707,4.586014181065871
51,quadratic_ridge_sensitivity,metric/the_pile_gutenberg_pg_19_val_loss,6.162086009979248,6.060151270504796
51,quadratic_ridge_sensitivity,metric/the_pile_pile_cc_val_loss,6.187751293182373,6.146893696392872
51,quadratic_ridge_sensitivity,metric/the_pile_ubuntu_irc_val_loss,7.340127944946289,7.229575258050822
51,quadratic_ridge_sensitivity,metric/the_pile_hackernews_val_loss,5.700646877288818,5.675832978895985
51,quadratic_ridge_sensitivity,metric/the_pile_pubmed_abstracts_val_loss,4.946561813354492,4.959477003929254
51,quadratic_ridge_sensitivity,metric/the_pile_uspto_backgrounds_val_loss,5.756894588470459,5.69779385723742
52,quadratic_ridge_sensitivity,metric/the_pile_arxiv_val_loss,4.392882823944092,4.988436654229842
52,quadratic_ridge_sensitivity,metric/the_pile_freelaw_val_loss,4.020063877105713,3.9275333499248353
52,quadratic_ridge_sensitivity,metric/the_pile_pubmed_central_val_loss,5.173309326171875,5.38324228750981
52,quadratic_ridge_sensitivity,metric/the_pile_wikipedia_en_val_loss,6.295225143432617,6.246633207003466
52,quadratic_ridge_sensitivity,metric/the_pile_dm_mathematics_val_loss,2.4080824851989746,3.585790018174991
52,quadratic_ridge_sensitivity,metric/the_pile_github_val_loss,5.564821720123291,5.610707044419441
52,quadratic_ridge_sensitivity,metric/the_pile_stackexchange_val_loss,5.0122971534729,5.23653033022291
52,quadratic_ridge_sensitivity,metric/the_pile_gutenberg_pg_19_val_loss,5.199732780456543,5.214538325846406
52,quadratic_ridge_sensitivity,metric/the_pile_pile_cc_val_loss,5.959908962249756,5.951657921796657
52,quadratic_ridge_sensitivity,metric/the_pile_ubuntu_irc_val_loss,7.7769455909729,7.662272553594308
52,quadratic_ridge_sensitivity,metric/the_pile_hackernews_val_loss,5.533198356628418,5.530301167239846
52,quadratic_ridge_sensitivity,metric/the_pile_pubmed_abstracts_val_loss,4.907405376434326,4.987692201581152
52,quadratic_ridge_sensitivity,metric/the_pile_uspto_backgrounds_val_loss,4.65257453918457,4.726796878900969
53,quadratic_ridge_sensitivity,metric/the_pile_arxiv_val_loss,7.007149696350098,6.918717056424018
53,quadratic_ridge_sensitivity,metric/the_pile_freelaw_val_loss,3.991276979446411,3.9792361863927375
53,quadratic_ridge_sensitivity,metric/the_pile_pubmed_central_val_loss,5.402833938598633,5.577929939439692
53,quadratic_ridge_sensitivity,metric/the_pile_wikipedia_en_val_loss,6.188725471496582,6.232594703559912
53,quadratic_ridge_sensitivity,metric/the_pile_dm_mathematics_val_loss,3.207134962081909,3.627931036902532
53,quadratic_ridge_sensitivity,metric/the_pile_github_val_loss,5.462283134460449,5.607301783692108
53,quadratic_ridge_sensitivity,metric/the_pile_stackexchange_val_loss,5.98594331741333,5.977483836147724
53,quadratic_ridge_sensitivity,metric/the_pile_gutenberg_pg_19_val_loss,5.365267276763916,5.368064641656094
53,quadratic_ridge_sensitivity,metric/the_pile_pile_cc_val_loss,6.085532188415527,6.071063990224128
53,quadratic_ridge_sensitivity,metric/the_pile_ubuntu_irc_val_loss,7.815812587738037,7.905456768377519
53,quadratic_ridge_sensitivity,metric/the_pile_hackernews_val_loss,5.907251834869385,5.868508391936725
53,quadratic_ridge_sensitivity,metric/the_pile_pubmed_abstracts_val_loss,5.463828086853027,5.5429721431068515
53,quadratic_ridge_sensitivity,metric/the_pile_uspto_backgrounds_val_loss,4.415454387664795,4.414633890038901
54,quadratic_ridge_sensitivity,metric/the_pile_arxiv_val_loss,4.346701622009277,4.617639688839032
54,quadratic_ridge_sensitivity,metric/the_pile_freelaw_val_loss,5.3779706954956055,5.264572278145681
54,quadratic_ridge_sensitivity,metric/the_pile_pubmed_central_val_loss,5.9593939781188965,5.844207931898032
54,quadratic_ridge_sensitivity,metric/the_pile_wikipedia_en_val_loss,5.633344650268555,5.642618594291811
54,quadratic_ridge_sensitivity,metric/the_pile_dm_mathematics_val_loss,3.2429494857788086,4.391195719306511
54,quadratic_ridge_sensitivity,metric/the_pile_github_val_loss,5.463810443878174,5.806197240777768
54,quadratic_ridge_sensitivity,metric/the_pile_stackexchange_val_loss,5.523324966430664,5.628210498558714
54,quadratic_ridge_sensitivity,metric/the_pile_gutenberg_pg_19_val_loss,5.239508152008057,5.246692845500907
54,quadratic_ridge_sensitivity,metric/the_pile_pile_cc_val_loss,5.1780619621276855,5.249742780547991
54,quadratic_ridge_sensitivity,metric/the_pile_ubuntu_irc_val_loss,7.30163049697876,7.320428247045205
54,quadratic_ridge_sensitivity,metric/the_pile_hackernews_val_loss,5.134288787841797,5.185067365856541
54,quadratic_ridge_sensitivity,metric/the_pile_pubmed_abstracts_val_loss,5.7298102378845215,5.709078982276838
54,quadratic_ridge_sensitivity,metric/the_pile_uspto_backgrounds_val_loss,4.760405540466309,4.922500785668597
55,quadratic_ridge_sensitivity,metric/the_pile_arxiv_val_loss,4.241799354553223,4.513357269580084
55,quadratic_ridge_sensitivity,metric/the_pile_freelaw_val_loss,4.076106548309326,3.992517920750431
55,quadratic_ridge_sensitivity,metric/the_pile_pubmed_central_val_loss,5.621786594390869,5.659677526324618
55,quadratic_ridge_sensitivity,metric/the_pile_wikipedia_en_val_loss,6.162235736846924,6.185349217207684
55,quadratic_ridge_sensitivity,metric/the_pile_dm_mathematics_val_loss,5.391995906829834,5.136762990274558
55,quadratic_ridge_sensitivity,metric/the_pile_github_val_loss,5.376951694488525,5.517675509964822
55,quadratic_ridge_sensitivity,metric/the_pile_stackexchange_val_loss,4.80318546295166,5.0088149586853765
55,quadratic_ridge_sensitivity,metric/the_pile_gutenberg_pg_19_val_loss,5.207559585571289,5.240079631538947
55,quadratic_ridge_sensitivity,metric/the_pile_pile_cc_val_loss,5.744707584381104,5.81399711892919
55,quadratic_ridge_sensitivity,metric/the_pile_ubuntu_irc_val_loss,7.082707405090332,7.092599241367479
55,quadratic_ridge_sensitivity,metric/the_pile_hackernews_val_loss,5.2026472091674805,5.318413505051051
55,quadratic_ridge_sensitivity,metric/the_pile_pubmed_abstracts_val_loss,4.755011558532715,4.807493351104537
55,quadratic_ridge_sensitivity,metric/the_pile_uspto_backgrounds_val_loss,5.45875358581543,5.428648901438702
56,quadratic_ridge_sensitivity,metric/the_pile_arxiv_val_loss,4.411746025085449,4.542723151729117
56,quadratic_ridge_sensitivity,metric/the_pile_freelaw_val_loss,5.112115859985352,5.145435988731358
56,quadratic_ridge_sensitivity,metric/the_pile_pubmed_central_val_loss,4.897669792175293,5.0023625172766355
56,quadratic_ridge_sensitivity,metric/the_pile_wikipedia_en_val_loss,5.797713279724121,5.7601920325572875
56,quadratic_ridge_sensitivity,metric/the_pile_dm_mathematics_val_loss,2.632209300994873,2.607320708897449
56,quadratic_ridge_sensitivity,metric/the_pile_github_val_loss,5.026473045349121,5.05117722257809
56,quadratic_ridge_sensitivity,metric/the_pile_stackexchange_val_loss,4.733946800231934,4.768382933723935
56,quadratic_ridge_sensitivity,metric/the_pile_gutenberg_pg_19_val_loss,4.797581195831299,4.707144242699002
56,quadratic_ridge_sensitivity,metric/the_pile_pile_cc_val_loss,5.312499046325684,5.295047776298652
56,quadratic_ridge_sensitivity,metric/the_pile_ubuntu_irc_val_loss,5.271421432495117,5.307671206527218
56,quadratic_ridge_sensitivity,metric/the_pile_hackernews_val_loss,4.892145156860352,4.887873368800985
56,quadratic_ridge_sensitivity,metric/the_pile_pubmed_abstracts_val_loss,5.140616416931152,5.162372183947652
56,quadratic_ridge_sensitivity,metric/the_pile_uspto_backgrounds_val_loss,4.490816116333008,4.458208304096227
57,quadratic_ridge_sensitivity,metric/the_pile_arxiv_val_loss,6.986747741699219,6.516304761725436
57,quadratic_ridge_sensitivity,metric/the_pile_freelaw_val_loss,5.346676349639893,5.313331677781976
57,quadratic_ridge_sensitivity,metric/the_pile_pubmed_central_val_loss,6.521917343139648,6.424375763574162
57,quadratic_ridge_sensitivity,metric/the_pile_wikipedia_en_val_loss,5.615074157714844,5.658359474030902
57,quadratic_ridge_sensitivity,metric/the_pile_dm_mathematics_val_loss,5.778436183929443,5.631131892240016
57,quadratic_ridge_sensitivity,metric/the_pile_github_val_loss,6.708127975463867,6.447468638876494
57,quadratic_ridge_sensitivity,metric/the_pile_stackexchange_val_loss,6.087891101837158,5.97080348816659
57,quadratic_ridge_sensitivity,metric/the_pile_gutenberg_pg_19_val_loss,4.775575160980225,4.876769763447485
57,quadratic_ridge_sensitivity,metric/the_pile_pile_cc_val_loss,5.14619779586792,5.227951066331707
57,quadratic_ridge_sensitivity,metric/the_pile_ubuntu_irc_val_loss,7.10297155380249,7.174006397392871
57,quadratic_ridge_sensitivity,metric/the_pile_hackernews_val_loss,5.194708824157715,5.199131756276692
57,quadratic_ridge_sensitivity,metric/the_pile_pubmed_abstracts_val_loss,5.865085124969482,5.852200086523108
57,quadratic_ridge_sensitivity,metric/the_pile_uspto_backgrounds_val_loss,5.405097007751465,5.342045556681825
58,quadratic_ridge_sensitivity,metric/the_pile_arxiv_val_loss,4.8471198081970215,4.899634377680133
58,quadratic_ridge_sensitivity,metric/the_pile_freelaw_val_loss,5.378610610961914,5.3570707293827216
58,quadratic_ridge_sensitivity,metric/the_pile_pubmed_central_val_loss,5.90403413772583,5.962783180786381
58,quadratic_ridge_sensitivity,metric/the_pile_wikipedia_en_val_loss,5.149438858032227,5.2340119705260735
58,quadratic_ridge_sensitivity,metric/the_pile_dm_mathematics_val_loss,5.416506290435791,5.246112926262914
58,quadratic_ridge_sensitivity,metric/the_pile_github_val_loss,4.455813407897949,4.536594324731464
58,quadratic_ridge_sensitivity,metric/the_pile_stackexchange_val_loss,5.100099563598633,5.123521511085331
58,quadratic_ridge_sensitivity,metric/the_pile_gutenberg_pg_19_val_loss,5.167911052703857,5.1642873532588345
58,quadratic_ridge_sensitivity,metric/the_pile_pile_cc_val_loss,5.20856237411499,5.235734542562464
58,quadratic_ridge_sensitivity,metric/the_pile_ubuntu_irc_val_loss,7.295760154724121,7.360402415365575
58,quadratic_ridge_sensitivity,metric/the_pile_hackernews_val_loss,5.22182035446167,5.218926520151528
58,quadratic_ridge_sensitivity,metric/the_pile_pubmed_abstracts_val_loss,5.887460231781006,5.88516653754318
58,quadratic_ridge_sensitivity,metric/the_pile_uspto_backgrounds_val_loss,5.430573463439941,5.414584854462644
59,quadratic_ridge_sensitivity,metric/the_pile_arxiv_val_loss,3.9652984142303462,3.9374166100574195
59,quadratic_ridge_sensitivity,metric/the_pile_freelaw_val_loss,6.612681865692139,6.5322723060695935
59,quadratic_ridge_sensitivity,metric/the_pile_pubmed_central_val_loss,3.9468679428100586,3.9636637460297406
59,quadratic_ridge_sensitivity,metric/the_pile_wikipedia_en_val_loss,6.555839538574219,6.537512816262034
59,quadratic_ridge_sensitivity,metric/the_pile_dm_mathematics_val_loss,5.376868724822998,5.2691309678615434
59,quadratic_ridge_sensitivity,metric/the_pile_github_val_loss,5.957604885101318,5.9417324095830395
59,quadratic_ridge_sensitivity,metric/the_pile_stackexchange_val_loss,5.43524169921875,5.480059044771306
59,quadratic_ridge_sensitivity,metric/the_pile_gutenberg_pg_19_val_loss,6.635313034057617,6.562285357809588
59,quadratic_ridge_sensitivity,metric/the_pile_pile_cc_val_loss,6.283211708068848,6.270832492783045
59,quadratic_ridge_sensitivity,metric/the_pile_ubuntu_irc_val_loss,7.90532922744751,7.749577185430417
59,quadratic_ridge_sensitivity,metric/the_pile_hackernews_val_loss,6.110487937927246,6.113161635578052
59,quadratic_ridge_sensitivity,metric/the_pile_pubmed_abstracts_val_loss,4.728593826293945,4.747930450186402
59,quadratic_ridge_sensitivity,metric/the_pile_uspto_backgrounds_val_loss,5.506335735321045,5.461933469037456
60,quadratic_ridge_sensitivity,metric/the_pile_arxiv_val_loss,3.908792018890381,3.978060374811638
60,quadratic_ridge_sensitivity,metric/the_pile_freelaw_val_loss,6.167742729187012,6.099879740684748
60,quadratic_ridge_sensitivity,metric/the_pile_pubmed_central_val_loss,4.469869136810303,4.441517130222822
60,quadratic_ridge_sensitivity,metric/the_pile_wikipedia_en_val_loss,6.070940971374512,6.048823051125395
60,quadratic_ridge_sensitivity,metric/the_pile_dm_mathematics_val_loss,5.220755577087402,4.77325663290647
60,quadratic_ridge_sensitivity,metric/the_pile_github_val_loss,4.680066108703613,4.783480285141466
60,quadratic_ridge_sensitivity,metric/the_pile_stackexchange_val_loss,4.287607192993164,4.355516127101264
60,quadratic_ridge_sensitivity,metric/the_pile_gutenberg_pg_19_val_loss,5.089911460876465,5.106105151792037
60,quadratic_ridge_sensitivity,metric/the_pile_pile_cc_val_loss,5.978978157043457,5.949883806937214
60,quadratic_ridge_sensitivity,metric/the_pile_ubuntu_irc_val_loss,7.068933010101318,6.880796091714654
60,quadratic_ridge_sensitivity,metric/the_pile_hackernews_val_loss,5.550899982452393,5.527565140104322
60,quadratic_ridge_sensitivity,metric/the_pile_pubmed_abstracts_val_loss,5.132067680358887,5.182324645008339
60,quadratic_ridge_sensitivity,metric/the_pile_uspto_backgrounds_val_loss,5.589742183685303,5.54710479783381
61,quadratic_ridge_sensitivity,metric/the_pile_arxiv_val_loss,4.552950382232666,4.628307122146187
61,quadratic_ridge_sensitivity,metric/the_pile_freelaw_val_loss,4.252624988555908,4.307202623907373
61,quadratic_ridge_sensitivity,metric/the_pile_pubmed_central_val_loss,5.622159957885742,5.534776363839731
61,quadratic_ridge_sensitivity,metric/the_pile_wikipedia_en_val_loss,5.93869686126709,5.920770405390062
61,quadratic_ridge_sensitivity,metric/the_pile_dm_mathematics_val_loss,3.5106608867645264,3.669814061014202
61,quadratic_ridge_sensitivity,metric/the_pile_github_val_loss,4.733158111572266,4.654452100874142
61,quadratic_ridge_sensitivity,metric/the_pile_stackexchange_val_loss,4.370215892791748,4.30324197752185
61,quadratic_ridge_sensitivity,metric/the_pile_gutenberg_pg_19_val_loss,5.459442615509033,5.415084205751807
61,quadratic_ridge_sensitivity,metric/the_pile_pile_cc_val_loss,5.723842620849609,5.7117597154228426
61,quadratic_ridge_sensitivity,metric/the_pile_ubuntu_irc_val_loss,7.355634689331055,7.2323768684673535
61,quadratic_ridge_sensitivity,metric/the_pile_hackernews_val_loss,4.793247699737549,4.7331655584764905
61,quadratic_ridge_sensitivity,metric/the_pile_pubmed_abstracts_val_loss,4.70800256729126,4.736494412933903
61,quadratic_ridge_sensitivity,metric/the_pile_uspto_backgrounds_val_loss,5.441554546356201,5.415480284691663
62,quadratic_ridge_sensitivity,metric/the_pile_arxiv_val_loss,4.182930946350098,4.151756147337505
62,quadratic_ridge_sensitivity,metric/the_pile_freelaw_val_loss,5.533852577209473,5.486397335416829
62,quadratic_ridge_sensitivity,metric/the_pile_pubmed_central_val_loss,4.20123291015625,4.217168041799569
62,quadratic_ridge_sensitivity,metric/the_pile_wikipedia_en_val_loss,5.881320476531982,5.8940522335016485
62,quadratic_ridge_sensitivity,metric/the_pile_dm_mathematics_val_loss,3.036623239517212,3.0686439945975437
62,quadratic_ridge_sensitivity,metric/the_pile_github_val_loss,4.398690700531006,4.411673296974335
62,quadratic_ridge_sensitivity,metric/the_pile_stackexchange_val_loss,4.46083402633667,4.440717416061625
62,quadratic_ridge_sensitivity,metric/the_pile_gutenberg_pg_19_val_loss,6.00164794921875,5.980244185686459
62,quadratic_ridge_sensitivity,metric/the_pile_pile_cc_val_loss,5.90737771987915,5.90140719602275
62,quadratic_ridge_sensitivity,metric/the_pile_ubuntu_irc_val_loss,5.824794769287109,5.891076234180361
62,quadratic_ridge_sensitivity,metric/the_pile_hackernews_val_loss,5.685764789581299,5.6765303169242625
62,quadratic_ridge_sensitivity,metric/the_pile_pubmed_abstracts_val_loss,5.2286224365234375,5.2338412102498255
62,quadratic_ridge_sensitivity,metric/the_pile_uspto_backgrounds_val_loss,4.514894962310791,4.539128990444343
63,quadratic_ridge_sensitivity,metric/the_pile_arxiv_val_loss,4.488585948944092,4.480591227858258
63,quadratic_ridge_sensitivity,metric/the_pile_freelaw_val_loss,4.885903358459473,5.049837922819272
63,quadratic_ridge_sensitivity,metric/the_pile_pubmed_central_val_loss,5.504492282867432,5.312919025186837
63,quadratic_ridge_sensitivity,metric/the_pile_wikipedia_en_val_loss,6.050186634063721,6.035103667918236
63,quadratic_ridge_sensitivity,metric/the_pile_dm_mathematics_val_loss,5.163731098175049,5.014263309269549
63,quadratic_ridge_sensitivity,metric/the_pile_github_val_loss,5.030057430267334,4.888016229238011
63,quadratic_ridge_sensitivity,metric/the_pile_stackexchange_val_loss,4.398993968963623,4.301566338752333
63,quadratic_ridge_sensitivity,metric/the_pile_gutenberg_pg_19_val_loss,5.353765964508057,5.333687722296954
63,quadratic_ridge_sensitivity,metric/the_pile_pile_cc_val_loss,5.584300518035889,5.60257328347392
63,quadratic_ridge_sensitivity,metric/the_pile_ubuntu_irc_val_loss,6.357541561126709,6.557263258920924
63,quadratic_ridge_sensitivity,metric/the_pile_hackernews_val_loss,5.351061820983887,5.294237824154457
63,quadratic_ridge_sensitivity,metric/the_pile_pubmed_abstracts_val_loss,4.4324951171875,4.432824419617638
63,quadratic_ridge_sensitivity,metric/the_pile_uspto_backgrounds_val_loss,4.8310980796813965,4.836659654694767
64,quadratic_ridge_sensitivity,metric/the_pile_arxiv_val_loss,3.7678377628326416,3.8053525931461083
64,quadratic_ridge_sensitivity,metric/the_pile_freelaw_val_loss,5.612824440002441,5.586944139768316
64,quadratic_ridge_sensitivity,metric/the_pile_pubmed_central_val_loss,4.211578369140625,4.397017303535735
64,quadratic_ridge_sensitivity,metric/the_pile_wikipedia_en_val_loss,6.416480541229248,6.273415870517778
64,quadratic_ridge_sensitivity,metric/the_pile_dm_mathematics_val_loss,3.821753978729248,4.317930731583716
64,quadratic_ridge_sensitivity,metric/the_pile_github_val_loss,5.0211992263793945,5.323233091449894
64,quadratic_ridge_sensitivity,metric/the_pile_stackexchange_val_loss,5.538304328918457,5.488567983255554
64,quadratic_ridge_sensitivity,metric/the_pile_gutenberg_pg_19_val_loss,6.066100120544434,6.070671493283216
64,quadratic_ridge_sensitivity,metric/the_pile_pile_cc_val_loss,6.019536018371582,6.022473658469542
64,quadratic_ridge_sensitivity,metric/the_pile_ubuntu_irc_val_loss,5.850015640258789,6.0845139691862276
64,quadratic_ridge_sensitivity,metric/the_pile_hackernews_val_loss,5.862129211425781,5.897914584341324
64,quadratic_ridge_sensitivity,metric/the_pile_pubmed_abstracts_val_loss,5.237085342407227,5.253263711180093
64,quadratic_ridge_sensitivity,metric/the_pile_uspto_backgrounds_val_loss,5.148263454437256,5.215289099134476
65,quadratic_ridge_sensitivity,metric/the_pile_arxiv_val_loss,4.367419719696045,4.921810332053669
65,quadratic_ridge_sensitivity,metric/the_pile_freelaw_val_loss,4.768552303314209,5.026427140808627
65,quadratic_ridge_sensitivity,metric/the_pile_pubmed_central_val_loss,5.992532730102539,5.920308436977738
65,quadratic_ridge_sensitivity,metric/the_pile_wikipedia_en_val_loss,5.539706707000732,5.601333258829479
65,quadratic_ridge_sensitivity,metric/the_pile_dm_mathematics_val_loss,5.5456085205078125,5.163608019174244
65,quadratic_ridge_sensitivity,metric/the_pile_github_val_loss,6.113979339599609,6.153310618979369
65,quadratic_ridge_sensitivity,metric/the_pile_stackexchange_val_loss,5.528487205505371,5.680539558136565
65,quadratic_ridge_sensitivity,metric/the_pile_gutenberg_pg_19_val_loss,4.915516376495361,4.962078013370595
65,quadratic_ridge_sensitivity,metric/the_pile_pile_cc_val_loss,5.18274450302124,5.188391226147061
65,quadratic_ridge_sensitivity,metric/the_pile_ubuntu_irc_val_loss,7.270689487457275,7.166715754068301
65,quadratic_ridge_sensitivity,metric/the_pile_hackernews_val_loss,4.866237163543701,5.0076374433702435
65,quadratic_ridge_sensitivity,metric/the_pile_pubmed_abstracts_val_loss,5.7557573318481445,5.736100507070639
65,quadratic_ridge_sensitivity,metric/the_pile_uspto_backgrounds_val_loss,5.115623474121094,5.221922736959024
66,quadratic_ridge_sensitivity,metric/the_pile_arxiv_val_loss,5.594398498535156,5.391127248292913
66,quadratic_ridge_sensitivity,metric/the_pile_freelaw_val_loss,5.503512859344482,5.342010054505261
66,quadratic_ridge_sensitivity,metric/the_pile_pubmed_central_val_loss,4.692560195922852,4.839331767871536
66,quadratic_ridge_sensitivity,metric/the_pile_wikipedia_en_val_loss,5.6902289390563965,5.680046003787268
66,quadratic_ridge_sensitivity,metric/the_pile_dm_mathematics_val_loss,5.406549453735352,5.359545965971446
66,quadratic_ridge_sensitivity,metric/the_pile_github_val_loss,5.350276947021484,5.438116468222454
66,quadratic_ridge_sensitivity,metric/the_pile_stackexchange_val_loss,4.91867733001709,4.993924218454619
66,quadratic_ridge_sensitivity,metric/the_pile_gutenberg_pg_19_val_loss,5.266021728515625,5.254408891123326
66,quadratic_ridge_sensitivity,metric/the_pile_pile_cc_val_loss,5.253047466278076,5.243391922615961
66,quadratic_ridge_sensitivity,metric/the_pile_ubuntu_irc_val_loss,7.127767086029053,6.957508780796385
66,quadratic_ridge_sensitivity,metric/the_pile_hackernews_val_loss,5.073119640350342,5.1054749659924115
66,quadratic_ridge_sensitivity,metric/the_pile_pubmed_abstracts_val_loss,4.9237961769104,4.918504061558969
66,quadratic_ridge_sensitivity,metric/the_pile_uspto_backgrounds_val_loss,4.447439670562744,4.424478911353029
67,quadratic_ridge_sensitivity,metric/the_pile_arxiv_val_loss,5.390546798706055,5.774656299319622
67,quadratic_ridge_sensitivity,metric/the_pile_freelaw_val_loss,4.57432746887207,4.724149601133169
67,quadratic_ridge_sensitivity,metric/the_pile_pubmed_central_val_loss,5.041927814483643,5.216250787244003
67,quadratic_ridge_sensitivity,metric/the_pile_wikipedia_en_val_loss,4.916013240814209,4.884163386710949
67,quadratic_ridge_sensitivity,metric/the_pile_dm_mathematics_val_loss,2.080146312713623,2.48425161477888
67,quadratic_ridge_sensitivity,metric/the_pile_github_val_loss,4.720692157745361,4.747068016542371
67,quadratic_ridge_sensitivity,metric/the_pile_stackexchange_val_loss,5.42894172668457,5.486806824861306
67,quadratic_ridge_sensitivity,metric/the_pile_gutenberg_pg_19_val_loss,5.018121719360352,5.103324525892618
67,quadratic_ridge_sensitivity,metric/the_pile_pile_cc_val_loss,5.65629768371582,5.664473582559695
67,quadratic_ridge_sensitivity,metric/the_pile_ubuntu_irc_val_loss,7.789737224578857,7.373603781592294
67,quadratic_ridge_sensitivity,metric/the_pile_hackernews_val_loss,5.236750602722168,5.273783087799972
67,quadratic_ridge_sensitivity,metric/the_pile_pubmed_abstracts_val_loss,5.5527873039245605,5.573917329450703
67,quadratic_ridge_sensitivity,metric/the_pile_uspto_backgrounds_val_loss,4.470640182495117,4.509572810907667
68,quadratic_ridge_sensitivity,metric/the_pile_arxiv_val_loss,5.465458393096924,5.464256723799542
68,quadratic_ridge_sensitivity,metric/the_pile_freelaw_val_loss,5.229877948760986,5.229457098677915
68,quadratic_ridge_sensitivity,metric/the_pile_pubmed_central_val_loss,6.007363319396973,5.992753382565226
68,quadratic_ridge_sensitivity,metric/the_pile_wikipedia_en_val_loss,5.731409072875977,5.709529439350342
68,quadratic_ridge_sensitivity,metric/the_pile_dm_mathematics_val_loss,1.8064392805099487,1.7960513329568322
68,quadratic_ridge_sensitivity,metric/the_pile_github_val_loss,5.076081275939941,5.07158635157996
68,quadratic_ridge_sensitivity,metric/the_pile_stackexchange_val_loss,4.749902248382568,4.74321302440236
68,quadratic_ridge_sensitivity,metric/the_pile_gutenberg_pg_19_val_loss,4.843120098114014,4.838939193150383
68,quadratic_ridge_sensitivity,metric/the_pile_pile_cc_val_loss,5.298006057739258,5.287262869437647
68,quadratic_ridge_sensitivity,metric/the_pile_ubuntu_irc_val_loss,7.309943675994873,7.248361336696661
68,quadratic_ridge_sensitivity,metric/the_pile_hackernews_val_loss,5.241468906402588,5.227989825409685
68,quadratic_ridge_sensitivity,metric/the_pile_pubmed_abstracts_val_loss,5.101186275482178,5.102080969339898
68,quadratic_ridge_sensitivity,metric/the_pile_uspto_backgrounds_val_loss,5.396442890167236,5.38426053338552
69,quadratic_ridge_sensitivity,metric/the_pile_arxiv_val_loss,5.909402370452881,5.779157258965291
69,quadratic_ridge_sensitivity,metric/the_pile_freelaw_val_loss,5.473536491394043,5.422134263657262
69,quadratic_ridge_sensitivity,metric/the_pile_pubmed_central_val_loss,6.408538818359375,6.353492374209514
69,quadratic_ridge_sensitivity,metric/the_pile_wikipedia_en_val_loss,5.650169372558594,5.645284436662178
69,quadratic_ridge_sensitivity,metric/the_pile_dm_mathematics_val_loss,5.787696361541748,5.739501318774954
69,quadratic_ridge_sensitivity,metric/the_pile_github_val_loss,6.486886978149414,6.428328930399992
69,quadratic_ridge_sensitivity,metric/the_pile_stackexchange_val_loss,5.945801734924316,5.8863695447212905
69,quadratic_ridge_sensitivity,metric/the_pile_gutenberg_pg_19_val_loss,5.227286815643311,5.235650066101385
69,quadratic_ridge_sensitivity,metric/the_pile_pile_cc_val_loss,5.097600936889648,5.125047201895587
69,quadratic_ridge_sensitivity,metric/the_pile_ubuntu_irc_val_loss,5.073175430297852,5.2011867123967015
69,quadratic_ridge_sensitivity,metric/the_pile_hackernews_val_loss,4.861169338226318,4.883493022902999
69,quadratic_ridge_sensitivity,metric/the_pile_pubmed_abstracts_val_loss,5.861124038696289,5.847643095964063
69,quadratic_ridge_sensitivity,metric/the_pile_uspto_backgrounds_val_loss,5.427541255950928,5.402977524238366
70,quadratic_ridge_sensitivity,metric/the_pile_arxiv_val_loss,5.791354656219482,5.8099043666832495
70,quadratic_ridge_sensitivity,metric/the_pile_freelaw_val_loss,6.508427619934082,6.314263893865386
70,quadratic_ridge_sensitivity,metric/the_pile_pubmed_central_val_loss,3.8435235023498535,3.8484534431095967
70,quadratic_ridge_sensitivity,metric/the_pile_wikipedia_en_val_loss,6.47025728225708,6.398141510821657
70,quadratic_ridge_sensitivity,metric/the_pile_dm_mathematics_val_loss,5.707548141479492,5.742263177141549
70,quadratic_ridge_sensitivity,metric/the_pile_github_val_loss,7.632749080657959,7.4446310145982615
70,quadratic_ridge_sensitivity,metric/the_pile_stackexchange_val_loss,6.859847068786621,6.736727074243396
70,quadratic_ridge_sensitivity,metric/the_pile_gutenberg_pg_19_val_loss,6.065375328063965,6.077768613021369
70,quadratic_ridge_sensitivity,metric/the_pile_pile_cc_val_loss,6.09637451171875,6.0885960164186645
70,quadratic_ridge_sensitivity,metric/the_pile_ubuntu_irc_val_loss,7.978414535522461,7.881642328100332
70,quadratic_ridge_sensitivity,metric/the_pile_hackernews_val_loss,5.197091102600098,5.349932698125996
70,quadratic_ridge_sensitivity,metric/the_pile_pubmed_abstracts_val_loss,4.642446041107178,4.689242196698749
70,quadratic_ridge_sensitivity,metric/the_pile_uspto_backgrounds_val_loss,5.503211975097656,5.473605556067217
71,quadratic_ridge_sensitivity,metric/the_pile_arxiv_val_loss,5.805180549621582,5.77006077862419
71,quadratic_ridge_sensitivity,metric/the_pile_freelaw_val_loss,5.130552768707275,5.190590129383341
71,quadratic_ridge_sensitivity,metric/the_pile_pubmed_central_val_loss,4.548441410064697,4.588085923773149
71,quadratic_ridge_sensitivity,metric/the_pile_wikipedia_en_val_loss,6.210517883300781,6.184062689484003
71,quadratic_ridge_sensitivity,metric/the_pile_dm_mathematics_val_loss,5.367944240570068,5.204275213683068
71,quadratic_ridge_sensitivity,metric/the_pile_github_val_loss,3.9631152153015137,3.9847713971100727
71,quadratic_ridge_sensitivity,metric/the_pile_stackexchange_val_loss,4.977492809295654,4.9863344815047554
71,quadratic_ridge_sensitivity,metric/the_pile_gutenberg_pg_19_val_loss,5.732695579528809,5.717325635855169
71,quadratic_ridge_sensitivity,metric/the_pile_pile_cc_val_loss,5.959261417388916,5.945269213235154
71,quadratic_ridge_sensitivity,metric/the_pile_ubuntu_irc_val_loss,7.276486873626709,7.184451569822688
71,quadratic_ridge_sensitivity,metric/the_pile_hackernews_val_loss,4.988574504852295,5.00394368926134
71,quadratic_ridge_sensitivity,metric/the_pile_pubmed_abstracts_val_loss,5.318973064422607,5.320286903355965
71,quadratic_ridge_sensitivity,metric/the_pile_uspto_backgrounds_val_loss,4.468218803405762,4.485764633737971
72,quadratic_ridge_sensitivity,metric/the_pile_arxiv_val_loss,4.5284104347229,4.642184237271758
72,quadratic_ridge_sensitivity,metric/the_pile_freelaw_val_loss,5.021412372589111,5.036066714886157
72,quadratic_ridge_sensitivity,metric/the_pile_pubmed_central_val_loss,4.184553623199463,4.219764172814056
72,quadratic_ridge_sensitivity,metric/the_pile_wikipedia_en_val_loss,5.882453441619873,5.89114490042537
72,quadratic_ridge_sensitivity,metric/the_pile_dm_mathematics_val_loss,1.8943628072738647,1.887304623172874
72,quadratic_ridge_sensitivity,metric/the_pile_github_val_loss,4.313271522521973,4.241101885904991
72,quadratic_ridge_sensitivity,metric/the_pile_stackexchange_val_loss,4.894092082977295,4.905306198947395
72,quadratic_ridge_sensitivity,metric/the_pile_gutenberg_pg_19_val_loss,5.143965721130371,5.158092584612535
72,quadratic_ridge_sensitivity,metric/the_pile_pile_cc_val_loss,5.676901817321777,5.692470080453245
72,quadratic_ridge_sensitivity,metric/the_pile_ubuntu_irc_val_loss,5.29446268081665,5.155912589628993
72,quadratic_ridge_sensitivity,metric/the_pile_hackernews_val_loss,5.078130722045898,5.093474304929293
72,quadratic_ridge_sensitivity,metric/the_pile_pubmed_abstracts_val_loss,5.139644622802734,5.174238619395769
72,quadratic_ridge_sensitivity,metric/the_pile_uspto_backgrounds_val_loss,5.18558931350708,5.198672478070122
73,quadratic_ridge_sensitivity,metric/the_pile_arxiv_val_loss,5.847026348114014,5.675187101573126
73,quadratic_ridge_sensitivity,metric/the_pile_freelaw_val_loss,4.17090368270874,4.158055152905819
73,quadratic_ridge_sensitivity,metric/the_pile_pubmed_central_val_loss,5.992398738861084,5.898018364584342
73,quadratic_ridge_sensitivity,metric/the_pile_wikipedia_en_val_loss,5.216383934020996,5.239332024059692
73,quadratic_ridge_sensitivity,metric/the_pile_dm_mathematics_val_loss,1.9412392377853396,1.6667256823866086
73,quadratic_ridge_sensitivity,metric/the_pile_github_val_loss,4.58021354675293,4.542128128313747
73,quadratic_ridge_sensitivity,metric/the_pile_stackexchange_val_loss,5.256517887115479,5.204713538980905
73,quadratic_ridge_sensitivity,metric/the_pile_gutenberg_pg_19_val_loss,5.497099876403809,5.442819953444612
73,quadratic_ridge_sensitivity,metric/the_pile_pile_cc_val_loss,5.770963668823242,5.770244401001991
73,quadratic_ridge_sensitivity,metric/the_pile_ubuntu_irc_val_loss,7.71484375,7.807882668179305
73,quadratic_ridge_sensitivity,metric/the_pile_hackernews_val_loss,5.143347263336182,5.153171577268926
73,quadratic_ridge_sensitivity,metric/the_pile_pubmed_abstracts_val_loss,4.813568115234375,4.814793698407602
73,quadratic_ridge_sensitivity,metric/the_pile_uspto_backgrounds_val_loss,5.390801906585693,5.368180285217024
74,quadratic_ridge_sensitivity,metric/the_pile_arxiv_val_loss,3.7244694232940674,3.776350672210575
74,quadratic_ridge_sensitivity,metric/the_pile_freelaw_val_loss,6.008955001831055,5.925805107692229
74,quadratic_ridge_sensitivity,metric/the_pile_pubmed_central_val_loss,5.015145301818848,5.202120607057877
74,quadratic_ridge_sensitivity,metric/the_pile_wikipedia_en_val_loss,5.551737308502197,5.667292127097993
74,quadratic_ridge_sensitivity,metric/the_pile_dm_mathematics_val_loss,2.213706970214844,2.425799895499167
74,quadratic_ridge_sensitivity,metric/the_pile_github_val_loss,5.282707214355469,5.188051937540598
74,quadratic_ridge_sensitivity,metric/the_pile_stackexchange_val_loss,4.475081920623779,4.4815112461383215
74,quadratic_ridge_sensitivity,metric/the_pile_gutenberg_pg_19_val_loss,5.738177299499512,5.712345748651533
74,quadratic_ridge_sensitivity,metric/the_pile_pile_cc_val_loss,5.699779510498047,5.7360133243901075
74,quadratic_ridge_sensitivity,metric/the_pile_ubuntu_irc_val_loss,7.424002647399902,7.350521142718029
74,quadratic_ridge_sensitivity,metric/the_pile_hackernews_val_loss,5.224193096160889,5.276432622954128
74,quadratic_ridge_sensitivity,metric/the_pile_pubmed_abstracts_val_loss,5.95237922668457,5.940835342181218
74,quadratic_ridge_sensitivity,metric/the_pile_uspto_backgrounds_val_loss,5.634478092193604,5.597276077869439
75,quadratic_ridge_sensitivity,metric/the_pile_arxiv_val_loss,5.42728853225708,5.5285172892484304
75,quadratic_ridge_sensitivity,metric/the_pile_freelaw_val_loss,4.204982280731201,4.186919690991402
75,quadratic_ridge_sensitivity,metric/the_pile_pubmed_central_val_loss,4.609395503997803,4.658910281005721
75,quadratic_ridge_sensitivity,metric/the_pile_wikipedia_en_val_loss,5.887691497802734,5.895826631591494
75,quadratic_ridge_sensitivity,metric/the_pile_dm_mathematics_val_loss,2.625043630599976,2.73516169792759
75,quadratic_ridge_sensitivity,metric/the_pile_github_val_loss,5.196339130401611,5.189622493720659
75,quadratic_ridge_sensitivity,metric/the_pile_stackexchange_val_loss,4.854483604431152,4.9138901464470806
75,quadratic_ridge_sensitivity,metric/the_pile_gutenberg_pg_19_val_loss,4.809972286224365,4.7947666428521964
75,quadratic_ridge_sensitivity,metric/the_pile_pile_cc_val_loss,5.567836761474609,5.5876517207661704
75,quadratic_ridge_sensitivity,metric/the_pile_ubuntu_irc_val_loss,5.589648246765137,5.572501809115855
75,quadratic_ridge_sensitivity,metric/the_pile_hackernews_val_loss,5.45860481262207,5.480095965986357
75,quadratic_ridge_sensitivity,metric/the_pile_pubmed_abstracts_val_loss,5.546303749084473,5.545329427277361
75,quadratic_ridge_sensitivity,metric/the_pile_uspto_backgrounds_val_loss,4.684337139129639,4.689766840862017
76,quadratic_ridge_sensitivity,metric/the_pile_arxiv_val_loss,3.808625459671021,3.9685384198175564
76,quadratic_ridge_sensitivity,metric/the_pile_freelaw_val_loss,4.172271728515625,4.23904602300366
76,quadratic_ridge_sensitivity,metric/the_pile_pubmed_central_val_loss,6.025245189666748,5.78723700847278
76,quadratic_ridge_sensitivity,metric/the_pile_wikipedia_en_val_loss,6.417995452880859,6.228173108346919
76,quadratic_ridge_sensitivity,metric/the_pile_dm_mathematics_val_loss,2.156200408935547,3.223306306628893
76,quadratic_ridge_sensitivity,metric/the_pile_github_val_loss,7.242442607879639,7.138394228271782
76,quadratic_ridge_sensitivity,metric/the_pile_stackexchange_val_loss,6.76452112197876,6.670820515270735
76,quadratic_ridge_sensitivity,metric/the_pile_gutenberg_pg_19_val_loss,5.294261932373047,5.318078792291523
76,quadratic_ridge_sensitivity,metric/the_pile_pile_cc_val_loss,6.112255573272705,6.035918743586731
76,quadratic_ridge_sensitivity,metric/the_pile_ubuntu_irc_val_loss,8.157010078430176,7.593467729261458
76,quadratic_ridge_sensitivity,metric/the_pile_hackernews_val_loss,5.967411994934082,5.899980204750474
76,quadratic_ridge_sensitivity,metric/the_pile_pubmed_abstracts_val_loss,5.75397253036499,5.763499194519819
76,quadratic_ridge_sensitivity,metric/the_pile_uspto_backgrounds_val_loss,5.602794647216797,5.5571251791688265
77,quadratic_ridge_sensitivity,metric/the_pile_arxiv_val_loss,5.121078968048096,4.932069129186672
77,quadratic_ridge_sensitivity,metric/the_pile_freelaw_val_loss,4.186187267303467,4.546480840289684
77,quadratic_ridge_sensitivity,metric/the_pile_pubmed_central_val_loss,4.063381195068359,4.005086194066252
77,quadratic_ridge_sensitivity,metric/the_pile_wikipedia_en_val_loss,6.302750587463379,6.240831831085851
77,quadratic_ridge_sensitivity,metric/the_pile_dm_mathematics_val_loss,5.443887233734131,5.027866221279821
77,quadratic_ridge_sensitivity,metric/the_pile_github_val_loss,5.611749172210693,5.711722003525631
77,quadratic_ridge_sensitivity,metric/the_pile_stackexchange_val_loss,4.944844722747803,5.06427971123059
77,quadratic_ridge_sensitivity,metric/the_pile_gutenberg_pg_19_val_loss,5.630401611328125,5.718489258746966
77,quadratic_ridge_sensitivity,metric/the_pile_pile_cc_val_loss,5.942869663238525,5.957203675831052
77,quadratic_ridge_sensitivity,metric/the_pile_ubuntu_irc_val_loss,7.535934925079346,7.701917413183672
77,quadratic_ridge_sensitivity,metric/the_pile_hackernews_val_loss,5.224102020263672,5.4202731913973246
77,quadratic_ridge_sensitivity,metric/the_pile_pubmed_abstracts_val_loss,4.7171125411987305,4.624706929300216
77,quadratic_ridge_sensitivity,metric/the_pile_uspto_backgrounds_val_loss,4.852838516235352,5.122421999664052
78,quadratic_ridge_sensitivity,metric/the_pile_arxiv_val_loss,3.858219623565674,4.009440708232109
78,quadratic_ridge_sensitivity,metric/the_pile_freelaw_val_loss,4.156088352203369,4.062766805405358
78,quadratic_ridge_sensitivity,metric/the_pile_pubmed_central_val_loss,4.626086711883545,5.0506540597388305
78,quadratic_ridge_sensitivity,metric/the_pile_wikipedia_en_val_loss,5.930944919586182,6.087027136418575
78,quadratic_ridge_sensitivity,metric/the_pile_dm_mathematics_val_loss,5.597759246826172,4.664590164536024
78,quadratic_ridge_sensitivity,metric/the_pile_github_val_loss,6.932406902313232,6.831320319906572
78,quadratic_ridge_sensitivity,metric/the_pile_stackexchange_val_loss,6.61055326461792,6.466176329938724
78,quadratic_ridge_sensitivity,metric/the_pile_gutenberg_pg_19_val_loss,5.215539455413818,5.204205021589753
78,quadratic_ridge_sensitivity,metric/the_pile_pile_cc_val_loss,5.969718933105469,5.965315916009184
78,quadratic_ridge_sensitivity,metric/the_pile_ubuntu_irc_val_loss,6.255069255828857,6.950293357704027
78,quadratic_ridge_sensitivity,metric/the_pile_hackernews_val_loss,5.891017913818359,5.855155918738812
78,quadratic_ridge_sensitivity,metric/the_pile_pubmed_abstracts_val_loss,5.587634086608887,5.5663472500608195
78,quadratic_ridge_sensitivity,metric/the_pile_uspto_backgrounds_val_loss,5.581173419952393,5.523226962651179
79,quadratic_ridge_sensitivity,metric/the_pile_arxiv_val_loss,3.727626800537109,3.851245433971658
79,quadratic_ridge_sensitivity,metric/the_pile_freelaw_val_loss,6.723914623260498,6.609182800102759
79,quadratic_ridge_sensitivity,metric/the_pile_pubmed_central_val_loss,5.971821308135986,5.884584922212607
79,quadratic_ridge_sensitivity,metric/the_pile_wikipedia_en_val_loss,6.803301334381104,6.713033644219991
79,quadratic_ridge_sensitivity,metric/the_pile_dm_mathematics_val_loss,2.1735620498657227,2.1446606501819
79,quadratic_ridge_sensitivity,metric/the_pile_github_val_loss,5.423378944396973,5.362216722933366
79,quadratic_ridge_sensitivity,metric/the_pile_stackexchange_val_loss,4.563905715942383,4.5736466134290845
79,quadratic_ridge_sensitivity,metric/the_pile_gutenberg_pg_19_val_loss,6.460148811340332,6.293681795459147
79,quadratic_ridge_sensitivity,metric/the_pile_pile_cc_val_loss,6.243809223175049,6.192436233285437
79,quadratic_ridge_sensitivity,metric/the_pile_ubuntu_irc_val_loss,4.812319278717041,4.746458659155212
79,quadratic_ridge_sensitivity,metric/the_pile_hackernews_val_loss,5.670177459716797,5.62709949860195
79,quadratic_ridge_sensitivity,metric/the_pile_pubmed_abstracts_val_loss,6.643232345581055,6.543847398598693
79,quadratic_ridge_sensitivity,metric/the_pile_uspto_backgrounds_val_loss,5.9026312828063965,5.865545253297936
80,quadratic_ridge_sensitivity,metric/the_pile_arxiv_val_loss,5.894128799438477,5.819328384493716
80,quadratic_ridge_sensitivity,metric/the_pile_freelaw_val_loss,5.03297233581543,5.054168305384584
80,quadratic_ridge_sensitivity,metric/the_pile_pubmed_central_val_loss,6.359255313873291,6.339323178275902
80,quadratic_ridge_sensitivity,metric/the_pile_wikipedia_en_val_loss,5.048344135284424,5.038240346767203
80,quadratic_ridge_sensitivity,metric/the_pile_dm_mathematics_val_loss,2.041743755340576,2.0076391059847087
80,quadratic_ridge_sensitivity,metric/the_pile_github_val_loss,4.311027050018311,4.269457718325158
80,quadratic_ridge_sensitivity,metric/the_pile_stackexchange_val_loss,5.089498043060303,5.058692802486596
80,quadratic_ridge_sensitivity,metric/the_pile_gutenberg_pg_19_val_loss,5.29957389831543,5.290403784145515
80,quadratic_ridge_sensitivity,metric/the_pile_pile_cc_val_loss,5.273863315582275,5.26805968480433
80,quadratic_ridge_sensitivity,metric/the_pile_ubuntu_irc_val_loss,5.126842975616455,5.1241099602280435
80,quadratic_ridge_sensitivity,metric/the_pile_hackernews_val_loss,5.253196716308594,5.249323387549328
80,quadratic_ridge_sensitivity,metric/the_pile_pubmed_abstracts_val_loss,6.036647319793701,6.035479646316142
80,quadratic_ridge_sensitivity,metric/the_pile_uspto_backgrounds_val_loss,5.4072771072387695,5.407145015981632
81,quadratic_ridge_sensitivity,metric/the_pile_arxiv_val_loss,5.168089389801025,5.240976098952182
81,quadratic_ridge_sensitivity,metric/the_pile_freelaw_val_loss,4.097475051879883,4.117232430004256
81,quadratic_ridge_sensitivity,metric/the_pile_pubmed_central_val_loss,4.738083839416504,4.8183322259055945
81,quadratic_ridge_sensitivity,metric/the_pile_wikipedia_en_val_loss,5.92235803604126,5.989049382408772
81,quadratic_ridge_sensitivity,metric/the_pile_dm_mathematics_val_loss,5.249316215515137,4.9555663695514784
81,quadratic_ridge_sensitivity,metric/the_pile_github_val_loss,5.1383233070373535,5.284932942688306
81,quadratic_ridge_sensitivity,metric/the_pile_stackexchange_val_loss,4.431123733520508,4.613388720905435
81,quadratic_ridge_sensitivity,metric/the_pile_gutenberg_pg_19_val_loss,5.588058471679688,5.575981002963939
81,quadratic_ridge_sensitivity,metric/the_pile_pile_cc_val_loss,5.878551006317139,5.883350779565898
81,quadratic_ridge_sensitivity,metric/the_pile_ubuntu_irc_val_loss,7.334853172302246,7.351713183722533
81,quadratic_ridge_sensitivity,metric/the_pile_hackernews_val_loss,5.261707782745361,5.36831302879411
81,quadratic_ridge_sensitivity,metric/the_pile_pubmed_abstracts_val_loss,5.541432857513428,5.498956785906748
81,quadratic_ridge_sensitivity,metric/the_pile_uspto_backgrounds_val_loss,4.52368688583374,4.600941287850213
82,quadratic_ridge_sensitivity,metric/the_pile_arxiv_val_loss,5.904451847076416,6.003578968828589
82,quadratic_ridge_sensitivity,metric/the_pile_freelaw_val_loss,5.769182205200195,5.762983718751164
82,quadratic_ridge_sensitivity,metric/the_pile_pubmed_central_val_loss,4.696850299835205,4.813897719242892
82,quadratic_ridge_sensitivity,metric/the_pile_wikipedia_en_val_loss,4.823879241943359,4.840740526540758
82,quadratic_ridge_sensitivity,metric/the_pile_dm_mathematics_val_loss,5.727783679962158,5.588600665868002
82,quadratic_ridge_sensitivity,metric/the_pile_github_val_loss,6.077179908752441,6.10450345485742
82,quadratic_ridge_sensitivity,metric/the_pile_stackexchange_val_loss,5.540137767791748,5.570148032257467
82,quadratic_ridge_sensitivity,metric/the_pile_gutenberg_pg_19_val_loss,5.70606803894043,5.698245032137141
82,quadratic_ridge_sensitivity,metric/the_pile_pile_cc_val_loss,5.532410144805908,5.5360737413083525
82,quadratic_ridge_sensitivity,metric/the_pile_ubuntu_irc_val_loss,5.203817844390869,5.203279003957538
82,quadratic_ridge_sensitivity,metric/the_pile_hackernews_val_loss,5.678569316864014,5.659349604542294
82,quadratic_ridge_sensitivity,metric/the_pile_pubmed_abstracts_val_loss,5.487232685089111,5.503155315116567
82,quadratic_ridge_sensitivity,metric/the_pile_uspto_backgrounds_val_loss,4.3761420249938965,4.383584966201571
83,quadratic_ridge_sensitivity,metric/the_pile_arxiv_val_loss,5.075393199920654,5.134046682025193
83,quadratic_ridge_sensitivity,metric/the_pile_freelaw_val_loss,6.445424556732178,6.20607229102211
83,quadratic_ridge_sensitivity,metric/the_pile_pubmed_central_val_loss,6.454787254333496,6.183757711029166
83,quadratic_ridge_sensitivity,metric/the_pile_wikipedia_en_val_loss,6.536040306091309,6.388993212173254
83,quadratic_ridge_sensitivity,metric/the_pile_dm_mathematics_val_loss,4.9015793800354,4.804299769775984
83,quadratic_ridge_sensitivity,metric/the_pile_github_val_loss,4.821788311004639,4.99009322480837
83,quadratic_ridge_sensitivity,metric/the_pile_stackexchange_val_loss,3.950912952423096,4.24095339507781
83,quadratic_ridge_sensitivity,metric/the_pile_gutenberg_pg_19_val_loss,5.879345417022705,5.807164832607079
83,quadratic_ridge_sensitivity,metric/the_pile_pile_cc_val_loss,6.042532920837402,5.987906059158952
83,quadratic_ridge_sensitivity,metric/the_pile_ubuntu_irc_val_loss,7.179432392120361,7.136325369591921
83,quadratic_ridge_sensitivity,metric/the_pile_hackernews_val_loss,5.175995826721191,5.255869037760917
83,quadratic_ridge_sensitivity,metric/the_pile_pubmed_abstracts_val_loss,6.364803791046143,6.17386024632488
83,quadratic_ridge_sensitivity,metric/the_pile_uspto_backgrounds_val_loss,5.93247127532959,5.810393715166169
84,quadratic_ridge_sensitivity,metric/the_pile_arxiv_val_loss,4.098197937011719,4.118514575544667
84,quadratic_ridge_sensitivity,metric/the_pile_freelaw_val_loss,5.798776626586914,5.832701980597892
84,quadratic_ridge_sensitivity,metric/the_pile_pubmed_central_val_loss,5.6239447593688965,5.626989541682634
84,quadratic_ridge_sensitivity,metric/the_pile_wikipedia_en_val_loss,5.720683574676514,5.75500635621888
84,quadratic_ridge_sensitivity,metric/the_pile_dm_mathematics_val_loss,1.895457983016968,1.8700018215537049
84,quadratic_ridge_sensitivity,metric/the_pile_github_val_loss,4.750450134277344,4.781018553256207
84,quadratic_ridge_sensitivity,metric/the_pile_stackexchange_val_loss,4.273987293243408,4.26170384491801
84,quadratic_ridge_sensitivity,metric/the_pile_gutenberg_pg_19_val_loss,5.4761643409729,5.537718841215655
84,quadratic_ridge_sensitivity,metric/the_pile_pile_cc_val_loss,5.420907020568848,5.444798628301081
84,quadratic_ridge_sensitivity,metric/the_pile_ubuntu_irc_val_loss,4.870192050933838,4.9014218892705905
84,quadratic_ridge_sensitivity,metric/the_pile_hackernews_val_loss,5.3629679679870605,5.361150895474985
84,quadratic_ridge_sensitivity,metric/the_pile_pubmed_abstracts_val_loss,5.512203216552734,5.569421044618623
84,quadratic_ridge_sensitivity,metric/the_pile_uspto_backgrounds_val_loss,5.548117637634277,5.558691355165104
85,quadratic_ridge_sensitivity,metric/the_pile_arxiv_val_loss,6.351230144500732,6.305445510558419
85,quadratic_ridge_sensitivity,metric/the_pile_freelaw_val_loss,6.526603221893311,6.464253335842809
85,quadratic_ridge_sensitivity,metric/the_pile_pubmed_central_val_loss,7.105541706085205,6.96384469860404
85,quadratic_ridge_sensitivity,metric/the_pile_wikipedia_en_val_loss,6.905886173248291,6.854814039805341
85,quadratic_ridge_sensitivity,metric/the_pile_dm_mathematics_val_loss,1.893263339996338,2.020936264499479
85,quadratic_ridge_sensitivity,metric/the_pile_github_val_loss,3.81841492652893,3.891066489332084
85,quadratic_ridge_sensitivity,metric/the_pile_stackexchange_val_loss,4.982966423034668,5.002295541524968
85,quadratic_ridge_sensitivity,metric/the_pile_gutenberg_pg_19_val_loss,5.532324314117432,5.529853990426264
85,quadratic_ridge_sensitivity,metric/the_pile_pile_cc_val_loss,6.387294769287109,6.360113662710511
85,quadratic_ridge_sensitivity,metric/the_pile_ubuntu_irc_val_loss,5.368585109710693,5.344846749704874
85,quadratic_ridge_sensitivity,metric/the_pile_hackernews_val_loss,5.784358501434326,5.773197426167036
85,quadratic_ridge_sensitivity,metric/the_pile_pubmed_abstracts_val_loss,7.367510318756103,7.260552048924905
85,quadratic_ridge_sensitivity,metric/the_pile_uspto_backgrounds_val_loss,6.291447162628174,6.243862017983602
86,quadratic_ridge_sensitivity,metric/the_pile_arxiv_val_loss,6.849578857421875,6.816014228175287
86,quadratic_ridge_sensitivity,metric/the_pile_freelaw_val_loss,5.184517860412598,5.171104570701175
86,quadratic_ridge_sensitivity,metric/the_pile_pubmed_central_val_loss,5.479054927825928,5.472738542493959
86,quadratic_ridge_sensitivity,metric/the_pile_wikipedia_en_val_loss,6.430743217468262,6.4137184048057545
86,quadratic_ridge_sensitivity,metric/the_pile_dm_mathematics_val_loss,2.4588747024536133,2.5444365717231157
86,quadratic_ridge_sensitivity,metric/the_pile_github_val_loss,4.374997615814209,4.402295074864921
86,quadratic_ridge_sensitivity,metric/the_pile_stackexchange_val_loss,5.2870683670043945,5.284589955711947
86,quadratic_ridge_sensitivity,metric/the_pile_gutenberg_pg_19_val_loss,5.779410362243652,5.7846192376295855
86,quadratic_ridge_sensitivity,metric/the_pile_pile_cc_val_loss,5.877424240112305,5.881833173866118
86,quadratic_ridge_sensitivity,metric/the_pile_ubuntu_irc_val_loss,5.402123928070068,5.42114695705532
86,quadratic_ridge_sensitivity,metric/the_pile_hackernews_val_loss,5.332662105560303,5.332578257786099
86,quadratic_ridge_sensitivity,metric/the_pile_pubmed_abstracts_val_loss,5.454739093780518,5.464653774961099
86,quadratic_ridge_sensitivity,metric/the_pile_uspto_backgrounds_val_loss,4.152404308319092,4.145499429422204
87,quadratic_ridge_sensitivity,metric/the_pile_arxiv_val_loss,4.096127033233643,4.119476606721325
87,quadratic_ridge_sensitivity,metric/the_pile_freelaw_val_loss,5.953245162963867,5.995544032099911
87,quadratic_ridge_sensitivity,metric/the_pile_pubmed_central_val_loss,4.78422212600708,4.7576553723899595
87,quadratic_ridge_sensitivity,metric/the_pile_wikipedia_en_val_loss,5.5802741050720215,5.597722164634608
87,quadratic_ridge_sensitivity,metric/the_pile_dm_mathematics_val_loss,5.238745212554932,5.14332199359371
87,quadratic_ridge_sensitivity,metric/the_pile_github_val_loss,4.159611225128174,4.075971855445394
87,quadratic_ridge_sensitivity,metric/the_pile_stackexchange_val_loss,4.383962154388428,4.323996561374628
87,quadratic_ridge_sensitivity,metric/the_pile_gutenberg_pg_19_val_loss,5.635195255279541,5.6247444549245476
87,quadratic_ridge_sensitivity,metric/the_pile_pile_cc_val_loss,5.742480754852295,5.75103932602686
87,quadratic_ridge_sensitivity,metric/the_pile_ubuntu_irc_val_loss,5.472236633300781,5.524488284492176
87,quadratic_ridge_sensitivity,metric/the_pile_hackernews_val_loss,4.863551616668701,4.869416148332231
87,quadratic_ridge_sensitivity,metric/the_pile_pubmed_abstracts_val_loss,4.93787145614624,4.936170957425934
87,quadratic_ridge_sensitivity,metric/the_pile_uspto_backgrounds_val_loss,5.496954441070557,5.507419896254037
88,quadratic_ridge_sensitivity,metric/the_pile_arxiv_val_loss,3.728371381759644,3.7018099841978684
88,quadratic_ridge_sensitivity,metric/the_pile_freelaw_val_loss,4.478529453277588,4.5256200085662215
88,quadratic_ridge_sensitivity,metric/the_pile_pubmed_central_val_loss,5.153957366943359,5.232505452986399
88,quadratic_ridge_sensitivity,metric/the_pile_wikipedia_en_val_loss,6.22296667098999,6.244663826695526
88,quadratic_ridge_sensitivity,metric/the_pile_dm_mathematics_val_loss,3.768261671066284,3.8975752996085204
88,quadratic_ridge_sensitivity,metric/the_pile_github_val_loss,6.995357513427734,6.922817581323625
88,quadratic_ridge_sensitivity,metric/the_pile_stackexchange_val_loss,6.569522380828857,6.47371055718745
88,quadratic_ridge_sensitivity,metric/the_pile_gutenberg_pg_19_val_loss,5.117288589477539,5.1293103490497085
88,quadratic_ridge_sensitivity,metric/the_pile_pile_cc_val_loss,6.034572124481201,6.028744414841986
88,quadratic_ridge_sensitivity,metric/the_pile_ubuntu_irc_val_loss,6.247410297393799,6.341933374197955
88,quadratic_ridge_sensitivity,metric/the_pile_hackernews_val_loss,5.808062553405762,5.799357655690866
88,quadratic_ridge_sensitivity,metric/the_pile_pubmed_abstracts_val_loss,5.353774070739746,5.380498073944774
88,quadratic_ridge_sensitivity,metric/the_pile_uspto_backgrounds_val_loss,5.642158031463623,5.647188216735452
89,quadratic_ridge_sensitivity,metric/the_pile_arxiv_val_loss,4.470522403717041,4.618309216584223
89,quadratic_ridge_sensitivity,metric/the_pile_freelaw_val_loss,4.399294853210449,4.327858056671888
89,quadratic_ridge_sensitivity,metric/the_pile_pubmed_central_val_loss,6.020051956176758,6.01041519874587
89,quadratic_ridge_sensitivity,metric/the_pile_wikipedia_en_val_loss,5.3122968673706055,5.30666942377159
89,quadratic_ridge_sensitivity,metric/the_pile_dm_mathematics_val_loss,3.697586297988892,3.7204700077551145
89,quadratic_ridge_sensitivity,metric/the_pile_github_val_loss,4.418660640716553,4.3267600632223715
89,quadratic_ridge_sensitivity,metric/the_pile_stackexchange_val_loss,5.100358963012695,5.068306310098396
89,quadratic_ridge_sensitivity,metric/the_pile_gutenberg_pg_19_val_loss,5.380251884460449,5.367335714196904
89,quadratic_ridge_sensitivity,metric/the_pile_pile_cc_val_loss,5.405994892120361,5.402088603402312
89,quadratic_ridge_sensitivity,metric/the_pile_ubuntu_irc_val_loss,4.954042434692383,4.750423227206184
89,quadratic_ridge_sensitivity,metric/the_pile_hackernews_val_loss,4.990312576293945,4.978031948092765
89,quadratic_ridge_sensitivity,metric/the_pile_pubmed_abstracts_val_loss,5.808455467224121,5.820311673608084
89,quadratic_ridge_sensitivity,metric/the_pile_uspto_backgrounds_val_loss,4.539729118347168,4.533709227935379
90,quadratic_ridge_sensitivity,metric/the_pile_arxiv_val_loss,3.786684989929199,3.7899427560730823
90,quadratic_ridge_sensitivity,metric/the_pile_freelaw_val_loss,4.832275390625,5.108917829032849
90,quadratic_ridge_sensitivity,metric/the_pile_pubmed_central_val_loss,4.898463726043701,5.001525881646757
90,quadratic_ridge_sensitivity,metric/the_pile_wikipedia_en_val_loss,5.967018127441406,5.960558619081536
90,quadratic_ridge_sensitivity,metric/the_pile_dm_mathematics_val_loss,5.4691572189331055,5.0486324137482095
90,quadratic_ridge_sensitivity,metric/the_pile_github_val_loss,4.576488971710205,5.055113920471144
90,quadratic_ridge_sensitivity,metric/the_pile_stackexchange_val_loss,4.967837810516357,5.3082529166144665
90,quadratic_ridge_sensitivity,metric/the_pile_gutenberg_pg_19_val_loss,5.2604265213012695,5.350278719895261
90,quadratic_ridge_sensitivity,metric/the_pile_pile_cc_val_loss,5.560996055603027,5.580690963040025
90,quadratic_ridge_sensitivity,metric/the_pile_ubuntu_irc_val_loss,7.50966739654541,7.347423900972975
90,quadratic_ridge_sensitivity,metric/the_pile_hackernews_val_loss,5.474143981933594,5.489303904006981
90,quadratic_ridge_sensitivity,metric/the_pile_pubmed_abstracts_val_loss,5.560803890228272,5.579685762779151
90,quadratic_ridge_sensitivity,metric/the_pile_uspto_backgrounds_val_loss,5.446404457092285,5.419153607652238
91,quadratic_ridge_sensitivity,metric/the_pile_arxiv_val_loss,4.081962585449219,4.056473881271907
91,quadratic_ridge_sensitivity,metric/the_pile_freelaw_val_loss,6.165113925933838,6.113956343731997
91,quadratic_ridge_sensitivity,metric/the_pile_pubmed_central_val_loss,4.666009902954102,4.815450445584784
91,quadratic_ridge_sensitivity,metric/the_pile_wikipedia_en_val_loss,6.321020603179932,6.3069626340188885
91,quadratic_ridge_sensitivity,metric/the_pile_dm_mathematics_val_loss,5.397693157196045,5.228097767002285
91,quadratic_ridge_sensitivity,metric/the_pile_github_val_loss,4.508846282958984,4.603881610999666
91,quadratic_ridge_sensitivity,metric/the_pile_stackexchange_val_loss,4.535510063171387,4.603218811628084
91,quadratic_ridge_sensitivity,metric/the_pile_gutenberg_pg_19_val_loss,5.260051250457764,5.330074773441296
91,quadratic_ridge_sensitivity,metric/the_pile_pile_cc_val_loss,5.899391174316406,5.908680797233324
91,quadratic_ridge_sensitivity,metric/the_pile_ubuntu_irc_val_loss,7.509303569793701,7.480379812239439
91,quadratic_ridge_sensitivity,metric/the_pile_hackernews_val_loss,4.841768741607666,4.920378229009243
91,quadratic_ridge_sensitivity,metric/the_pile_pubmed_abstracts_val_loss,4.521153450012207,4.540773770702957
91,quadratic_ridge_sensitivity,metric/the_pile_uspto_backgrounds_val_loss,5.45068359375,5.439117173052902
92,quadratic_ridge_sensitivity,metric/the_pile_arxiv_val_loss,4.762213706970215,4.6778606740799855
92,quadratic_ridge_sensitivity,metric/the_pile_freelaw_val_loss,4.70991849899292,4.655255783013394
92,quadratic_ridge_sensitivity,metric/the_pile_pubmed_central_val_loss,4.313742637634277,4.318710121174322
92,quadratic_ridge_sensitivity,metric/the_pile_wikipedia_en_val_loss,6.514005184173584,6.495114982113749
92,quadratic_ridge_sensitivity,metric/the_pile_dm_mathematics_val_loss,1.8676732778549197,1.8331500498307816
92,quadratic_ridge_sensitivity,metric/the_pile_github_val_loss,4.142496109008789,4.170177964812348
92,quadratic_ridge_sensitivity,metric/the_pile_stackexchange_val_loss,5.136071681976318,5.118568399655254
92,quadratic_ridge_sensitivity,metric/the_pile_gutenberg_pg_19_val_loss,5.97714900970459,5.915621973151687
92,quadratic_ridge_sensitivity,metric/the_pile_pile_cc_val_loss,6.119912147521973,6.099551059328501
92,quadratic_ridge_sensitivity,metric/the_pile_ubuntu_irc_val_loss,5.979384422302246,6.166570758599346
92,quadratic_ridge_sensitivity,metric/the_pile_hackernews_val_loss,5.572013854980469,5.561198624246218
92,quadratic_ridge_sensitivity,metric/the_pile_pubmed_abstracts_val_loss,5.282341003417969,5.29188015670628
92,quadratic_ridge_sensitivity,metric/the_pile_uspto_backgrounds_val_loss,4.786281585693359,4.793198068025162
93,quadratic_ridge_sensitivity,metric/the_pile_arxiv_val_loss,5.143677711486816,5.304809003637004
93,quadratic_ridge_sensitivity,metric/the_pile_freelaw_val_loss,4.339475154876709,4.350521048884508
93,quadratic_ridge_sensitivity,metric/the_pile_pubmed_central_val_loss,5.236588001251221,5.319032811685922
93,quadratic_ridge_sensitivity,metric/the_pile_wikipedia_en_val_loss,6.161417007446289,6.148343267189075
93,quadratic_ridge_sensitivity,metric/the_pile_dm_mathematics_val_loss,5.597896575927734,5.677609408027876
93,quadratic_ridge_sensitivity,metric/the_pile_github_val_loss,3.9871559143066406,4.033983757566192
93,quadratic_ridge_sensitivity,metric/the_pile_stackexchange_val_loss,5.010427951812744,5.0545418256704275
93,quadratic_ridge_sensitivity,metric/the_pile_gutenberg_pg_19_val_loss,5.631441593170166,5.627703190997808
93,quadratic_ridge_sensitivity,metric/the_pile_pile_cc_val_loss,5.834495544433594,5.847821864777339
93,quadratic_ridge_sensitivity,metric/the_pile_ubuntu_irc_val_loss,7.437880516052246,7.419051003687849
93,quadratic_ridge_sensitivity,metric/the_pile_hackernews_val_loss,5.613288879394531,5.6263526333098035
93,quadratic_ridge_sensitivity,metric/the_pile_pubmed_abstracts_val_loss,5.881497859954834,5.861224234321316
93,quadratic_ridge_sensitivity,metric/the_pile_uspto_backgrounds_val_loss,4.606175899505615,4.65252636387283
94,quadratic_ridge_sensitivity,metric/the_pile_arxiv_val_loss,5.694072246551514,5.725751055997658
94,quadratic_ridge_sensitivity,metric/the_pile_freelaw_val_loss,6.133814334869385,6.123675154769926
94,quadratic_ridge_sensitivity,metric/the_pile_pubmed_central_val_loss,4.615987300872803,4.78715417193232
94,quadratic_ridge_sensitivity,metric/the_pile_wikipedia_en_val_loss,6.168385982513428,6.197442091711743
94,quadratic_ridge_sensitivity,metric/the_pile_dm_mathematics_val_loss,2.0505261421203613,2.4040835659470865
94,quadratic_ridge_sensitivity,metric/the_pile_github_val_loss,4.017833232879639,3.979438471102336
94,quadratic_ridge_sensitivity,metric/the_pile_stackexchange_val_loss,4.839486122131348,4.828464480368121
94,quadratic_ridge_sensitivity,metric/the_pile_gutenberg_pg_19_val_loss,4.945175647735596,5.009301785221955
94,quadratic_ridge_sensitivity,metric/the_pile_pile_cc_val_loss,5.907817363739014,5.92537718489425
94,quadratic_ridge_sensitivity,metric/the_pile_ubuntu_irc_val_loss,5.837466239929199,5.9759813987286154
94,quadratic_ridge_sensitivity,metric/the_pile_hackernews_val_loss,5.617880344390869,5.609539183790586
94,quadratic_ridge_sensitivity,metric/the_pile_pubmed_abstracts_val_loss,5.0019378662109375,5.08078728818186
94,quadratic_ridge_sensitivity,metric/the_pile_uspto_backgrounds_val_loss,5.448984146118164,5.484786538845979
95,quadratic_ridge_sensitivity,metric/the_pile_arxiv_val_loss,5.569729328155518,5.540119097219378
95,quadratic_ridge_sensitivity,metric/the_pile_freelaw_val_loss,4.584021091461182,4.654067280108957
95,quadratic_ridge_sensitivity,metric/the_pile_pubmed_central_val_loss,6.243238925933838,6.066114846939044
95,quadratic_ridge_sensitivity,metric/the_pile_wikipedia_en_val_loss,4.967664241790772,4.948147022220282
95,quadratic_ridge_sensitivity,metric/the_pile_dm_mathematics_val_loss,2.2835559844970703,2.522670505874734
95,quadratic_ridge_sensitivity,metric/the_pile_github_val_loss,5.304216384887695,5.369717672138596
95,quadratic_ridge_sensitivity,metric/the_pile_stackexchange_val_loss,5.502353191375732,5.510551536973085
95,quadratic_ridge_sensitivity,metric/the_pile_gutenberg_pg_19_val_loss,4.858355522155762,4.923605935909717
95,quadratic_ridge_sensitivity,metric/the_pile_pile_cc_val_loss,5.313263893127441,5.327911905012832
95,quadratic_ridge_sensitivity,metric/the_pile_ubuntu_irc_val_loss,5.328341960906982,5.419851846781093
95,quadratic_ridge_sensitivity,metric/the_pile_hackernews_val_loss,4.928449630737305,4.964208172605378
95,quadratic_ridge_sensitivity,metric/the_pile_pubmed_abstracts_val_loss,5.668693542480469,5.631263101018574
95,quadratic_ridge_sensitivity,metric/the_pile_uspto_backgrounds_val_loss,4.525542736053467,4.575570426464322
96,quadratic_ridge_sensitivity,metric/the_pile_arxiv_val_loss,3.788387298583984,3.7632086687538244
96,quadratic_ridge_sensitivity,metric/the_pile_freelaw_val_loss,6.463272571563721,6.326323114496078
96,quadratic_ridge_sensitivity,metric/the_pile_pubmed_central_val_loss,5.5177435874938965,5.430558338770165
96,quadratic_ridge_sensitivity,metric/the_pile_wikipedia_en_val_loss,6.595051288604736,6.559527601936567
96,quadratic_ridge_sensitivity,metric/the_pile_dm_mathematics_val_loss,5.5673346519470215,5.563783325794731
96,quadratic_ridge_sensitivity,metric/the_pile_github_val_loss,4.598535537719727,4.55892233838466
96,quadratic_ridge_sensitivity,metric/the_pile_stackexchange_val_loss,5.365974426269531,5.284272725185733
96,quadratic_ridge_sensitivity,metric/the_pile_gutenberg_pg_19_val_loss,6.356646537780762,6.265638880505083
96,quadratic_ridge_sensitivity,metric/the_pile_pile_cc_val_loss,6.224036693572998,6.178519688804952
96,quadratic_ridge_sensitivity,metric/the_pile_ubuntu_irc_val_loss,6.342473030090332,6.4359199695882365
96,quadratic_ridge_sensitivity,metric/the_pile_hackernews_val_loss,5.989168643951416,5.915239112393137
96,quadratic_ridge_sensitivity,metric/the_pile_pubmed_abstracts_val_loss,4.7269287109375,4.742730424830364
96,quadratic_ridge_sensitivity,metric/the_pile_uspto_backgrounds_val_loss,4.746583938598633,4.750093421049156
