row_id,source,group,actual,predicted,residual_pred_minus_actual,absolute_error,fold
B1:pythia_training_log_existing.csv:294,B1,0.409009,4.3461,4.346506937172533,0.00040693717253326156,0.00040693717253326156,1
B1:pythia_training_log_existing.csv:295,B1,0.409009,3.9625,3.9625915441276547,9.15441276547746e-05,9.15441276547746e-05,1
B1:pythia_training_log_existing.csv:296,B1,0.409009,3.6458,3.645611742238966,-0.00018825776103392755,0.00018825776103392755,1
B1:pythia_training_log_existing.csv:297,B1,0.409009,3.3856,3.3853036047410283,-0.0002963952589718488,0.0002963952589718488,1
B1:pythia_training_log_existing.csv:298,B1,0.409009,3.1777,3.1776600786520586,-3.992134794161828e-05,3.992134794161828e-05,1
B1:pythia_training_log_existing.csv:299,B1,0.409009,2.9999,2.999878146616387,-2.1853383612935318e-05,2.1853383612935318e-05,1
B1:pythia_training_log_existing.csv:300,B1,0.409009,2.9109,2.910795562267594,-0.00010443773240575993,0.00010443773240575993,1
B1:pythia_training_log_existing.csv:301,B1,0.409009,2.8533,2.85342635217755,0.000126352177550082,0.000126352177550082,1
B1:pythia_training_log_existing.csv:302,B1,0.409009,2.8125,2.812024205948088,-0.0004757940519120041,0.0004757940519120041,1
B1:pythia_training_log_existing.csv:303,B1,0.409009,2.7799,2.7800632774668474,0.0001632774668474113,0.0001632774668474113,1
B1:pythia_training_log_existing.csv:304,B1,0.409009,2.754,2.754284059988919,0.0002840599889188944,0.0002840599889188944,1
B1:pythia_training_log_existing.csv:305,B1,0.409009,2.733,2.732834464706441,-0.00016553529355922691,0.00016553529355922691,1
B1:pythia_training_log_existing.csv:306,B1,0.409009,2.7147,2.7145685314872257,-0.00013146851277445748,0.00013146851277445748,1
B1:pythia_training_log_existing.csv:307,B1,0.409009,2.6988,2.698724449109425,-7.555089057476039e-05,7.555089057476039e-05,1
B1:pythia_training_log_existing.csv:308,B1,0.409009,2.6849,2.6847956913343327,-0.00010430866566712993,0.00010430866566712993,1
B1:pythia_training_log_existing.csv:309,B1,0.409009,2.6724,2.6724000304556954,3.0455695299025365e-08,3.0455695299025365e-08,1
B1:pythia_training_log_existing.csv:310,B1,0.409009,2.6611,2.661260581065128,0.0001605810651281736,0.0001605810651281736,1
B1:pythia_training_log_existing.csv:311,B1,0.409009,2.6512,2.6511671393695417,-3.286063045804255e-05,3.286063045804255e-05,1
B1:pythia_training_log_existing.csv:312,B1,0.409009,2.6418,2.641956656254494,0.0001566562544939032,0.0001566562544939032,1
B1:pythia_training_log_existing.csv:313,B1,0.409009,2.6336,2.63350031449928,-9.968550071981497e-05,9.968550071981497e-05,1
B1:pythia_training_log_existing.csv:314,B1,0.409009,2.6256,2.625691131857651,9.113185765086129e-05,9.113185765086129e-05,1
B1:pythia_training_log_existing.csv:315,B1,0.409009,2.6183,2.6184523644959654,0.0001523644959653403,0.0001523644959653403,1
B1:pythia_training_log_existing.csv:316,B1,0.409009,2.6116,2.61171081000195,0.0001108100019497904,0.0001108100019497904,1
B1:pythia_training_log_existing.csv:317,B1,0.409009,2.6055,2.605408722192742,-9.127780725792789e-05,9.127780725792789e-05,1
B1:pythia_training_log_existing.csv:318,B1,0.409009,2.5994,2.599497536763241,9.753676324075755e-05,9.753676324075755e-05,1
B1:pythia_training_log_existing.csv:319,B1,0.409009,2.5938,2.5939360540614107,0.00013605406141081744,0.00013605406141081744,1
B1:pythia_training_log_existing.csv:320,B1,0.409009,2.5887,2.5886890459906002,-1.0954009399544162e-05,1.0954009399544162e-05,1
B1:pythia_training_log_existing.csv:321,B1,0.409009,2.5837,2.583723871075501,2.3871075501169514e-05,2.3871075501169514e-05,1
B1:pythia_training_log_existing.csv:322,B1,0.409009,2.5789,2.5790189547102784,0.00011895471027845161,0.00011895471027845161,1
B1:pythia_training_log_existing.csv:323,B1,0.409009,2.5745,2.5745489333229434,4.893332294342301e-05,4.893332294342301e-05,1
B1:pythia_training_log_existing.csv:324,B1,0.409009,2.5703,2.5702936996769665,-6.300323033503474e-06,6.300323033503474e-06,1
B1:pythia_training_log_existing.csv:325,B1,0.409009,2.566,2.5662355332598765,0.00023553325987668572,0.00023553325987668572,1
B1:pythia_training_log_existing.csv:326,B1,0.409009,2.5621,2.562358743489569,0.0002587434895691132,0.0002587434895691132,1
B1:pythia_training_log_existing.csv:327,B1,0.409009,2.5585,2.5586476455140876,0.00014764551408763538,0.00014764551408763538,1
B1:pythia_training_log_existing.csv:328,B1,0.409009,2.555,2.555093312644035,9.331264403478201e-05,9.331264403478201e-05,1
B1:pythia_training_log_existing.csv:329,B1,0.409009,2.5517,2.551682769798121,-1.7230201879048224e-05,1.7230201879048224e-05,1
B1:pythia_training_log_existing.csv:330,B1,0.409009,2.5486,2.548405972022566,-0.00019402797743417466,0.00019402797743417466,1
B1:pythia_training_log_existing.csv:331,B1,0.409009,2.5454,2.5452538539147436,-0.00014614608525631567,0.00014614608525631567,1
B1:pythia_training_log_existing.csv:332,B1,0.409009,2.5422,2.542218208569845,1.8208569845246103e-05,1.8208569845246103e-05,1
B1:pythia_training_log_existing.csv:333,B1,0.409009,2.5393,2.5392915844656425,-8.41553435737552e-06,8.41553435737552e-06,1
B1:pythia_training_log_existing.csv:334,B1,0.409009,2.5363,2.53646587372108,0.00016587372107990106,0.00016587372107990106,1
B1:pythia_training_log_existing.csv:335,B1,0.409009,2.5337,2.5337375745906976,3.757459069753111e-05,3.757459069753111e-05,1
B1:pythia_training_log_existing.csv:336,B1,0.409009,2.531,2.5310996492164684,9.964921646821168e-05,9.964921646821168e-05,1
B1:pythia_training_log_existing.csv:337,B1,0.409009,2.5286,2.528546899420559,-5.310057944107882e-05,5.310057944107882e-05,1
B1:pythia_training_log_existing.csv:338,B1,0.409009,2.5259,2.5260745465902716,0.00017454659027160702,0.00017454659027160702,1
B1:pythia_training_log_existing.csv:339,B1,0.409009,2.5237,2.5236781885482404,-2.1811451759390366e-05,2.1811451759390366e-05,1
B1:pythia_training_log_existing.csv:340,B1,0.409009,2.5215,2.5213526698605695,-0.00014733013943057927,0.00014733013943057927,1
B1:pythia_training_log_existing.csv:341,B1,0.409009,2.5191,2.5190964478931854,-3.55210681446394e-06,3.55210681446394e-06,1
B1:pythia_training_log_existing.csv:342,B1,0.409009,2.5169,2.5169049155306498,4.915530649629574e-06,4.915530649629574e-06,1
B1:pythia_training_log_existing.csv:343,B1,0.409009,2.5148,2.514774841178228,-2.515882177211992e-05,2.515882177211992e-05,1
B1:pythia_training_log_existing.csv:344,B1,0.409009,2.5126,2.512703220511379,0.0001032205113791207,0.0001032205113791207,1
B1:pythia_training_log_existing.csv:345,B1,0.409009,2.5107,2.5106872560565625,-1.2743943437421024e-05,1.2743943437421024e-05,1
B1:pythia_training_log_existing.csv:346,B1,0.409009,2.5087,2.508724338988781,2.4338988780847615e-05,2.4338988780847615e-05,1
B1:pythia_training_log_existing.csv:347,B1,0.409009,2.5068,2.5068111326454883,1.1132645488132198e-05,1.1132645488132198e-05,1
B1:pythia_training_log_existing.csv:348,B1,0.409009,2.5048,2.5049471813644217,0.00014718136442182228,0.00014718136442182228,1
B1:pythia_training_log_existing.csv:349,B1,0.409009,2.5031,2.5031294275141622,2.942751416235012e-05,2.942751416235012e-05,1
B1:pythia_training_log_existing.csv:350,B1,0.409009,2.5014,2.5013558702211687,-4.4129778831170086e-05,4.4129778831170086e-05,1
B1:pythia_training_log_existing.csv:351,B1,0.409009,2.4998,2.4996246309613372,-0.00017536903866277598,0.00017536903866277598,1
B1:pythia_training_log_existing.csv:352,B1,0.409009,2.498,2.49793394397607,-6.60560239302832e-05,6.60560239302832e-05,1
B1:pythia_training_log_existing.csv:353,B1,0.409009,2.4965,2.4962813689275447,-0.0002186310724554552,0.0002186310724554552,1
B1:pythia_training_log_existing.csv:354,B1,0.409009,2.4946,2.494666915154521,6.691515452095231e-05,6.691515452095231e-05,1
B1:pythia_training_log_existing.csv:355,B1,0.409009,2.4932,2.4930883095004783,-0.00011169049952153287,0.00011169049952153287,1
B1:pythia_training_log_existing.csv:356,B1,0.409009,2.4916,2.4915441582196007,-5.5841780399301655e-05,5.5841780399301655e-05,1
B1:pythia_training_log_existing.csv:357,B1,0.409009,2.4903,2.4900331442154964,-0.0002668557845035835,0.0002668557845035835,1
B1:pythia_training_log_existing.csv:358,B1,0.409009,2.4884,2.488554021631256,0.00015402163125610713,0.00015402163125610713,1
B1:pythia_training_log_existing.csv:359,B1,0.409009,2.487,2.48710561090293,0.00010561090293004227,0.00010561090293004227,1
B1:pythia_training_log_existing.csv:360,B1,0.409009,2.4856,2.4856861245252158,8.612452521594705e-05,8.612452521594705e-05,1
B1:pythia_training_log_existing.csv:361,B1,0.409009,2.484,2.4842958550794507,0.0002958550794507353,0.0002958550794507353,1
B1:pythia_training_log_existing.csv:362,B1,0.409009,2.4829,2.4829331126346785,3.311263467864478e-05,3.311263467864478e-05,1
B1:pythia_training_log_existing.csv:363,B1,0.409009,2.4815,2.4815969411058485,9.694110584845816e-05,9.694110584845816e-05,1
B1:pythia_training_log_existing.csv:364,B1,0.409009,2.4803,2.4802864314642497,-1.3568535750518862e-05,1.3568535750518862e-05,1
B1:pythia_training_log_existing.csv:365,B1,0.409009,2.479,2.479000718760023,7.187600230551539e-07,7.187600230551539e-07,1
B1:pythia_training_log_existing.csv:366,B1,0.409009,2.478,2.477738979373715,-0.00026102062628519107,0.00026102062628519107,1
B1:pythia_training_log_existing.csv:367,B1,0.409009,2.4766,2.4764998432574714,-0.00010015674252850104,0.00010015674252850104,1
B1:pythia_training_log_existing.csv:368,B1,0.409009,2.4752,2.47528374298783,8.374298782998224e-05,8.374298782998224e-05,1
B1:pythia_training_log_existing.csv:369,B1,0.409009,2.474,2.4740893683594414,8.93683594411776e-05,8.93683594411776e-05,1
B1:pythia_training_log_existing.csv:370,B1,0.409009,2.473,2.472916037505738,-8.396249426168012e-05,8.396249426168012e-05,1
B1:pythia_training_log_existing.csv:371,B1,0.409009,2.4716,2.4717630989296504,0.00016309892965038486,0.00016309892965038486,1
B1:pythia_training_log_existing.csv:372,B1,0.409009,2.4708,2.4706299297622176,-0.00017007023778248254,0.00017007023778248254,1
B1:pythia_training_log_existing.csv:373,B1,0.409009,2.4696,2.4695154073918815,-8.459260811832792e-05,8.459260811832792e-05,1
B1:pythia_training_log_existing.csv:374,B1,0.409009,2.4683,2.4684200236989042,0.00012002369890407039,0.00012002369890407039,1
B1:pythia_training_log_existing.csv:375,B1,0.409009,2.4671,2.467342696672002,0.00024269667200194078,0.00024269667200194078,1
B1:pythia_training_log_existing.csv:376,B1,0.409009,2.4664,2.466282902838525,-0.00011709716147523253,0.00011709716147523253,1
B1:pythia_training_log_existing.csv:377,B1,0.409009,2.4652,2.4652401402839677,4.014028396781555e-05,4.014028396781555e-05,1
B1:pythia_training_log_existing.csv:378,B1,0.409009,2.4644,2.464213927507808,-0.00018607249219204647,0.00018607249219204647,1
B1:pythia_training_log_existing.csv:379,B1,0.409009,2.463,2.463203802353346,0.00020380235334593877,0.00020380235334593877,1
B1:pythia_training_log_existing.csv:380,B1,0.409009,2.4621,2.4622088504292026,0.00010885042920261156,0.00010885042920261156,1
B1:pythia_training_log_existing.csv:381,B1,0.409009,2.4612,2.4612295936352897,2.959363528987069e-05,2.959363528987069e-05,1
B1:pythia_training_log_existing.csv:382,B1,0.409009,2.4603,2.460265144157834,-3.485584216633697e-05,3.485584216633697e-05,1
B1:pythia_training_log_existing.csv:383,B1,0.409009,2.4592,2.4593151078141324,0.00011510781413237581,0.00011510781413237581,1
B1:pythia_training_log_existing.csv:384,B1,0.409009,2.4584,2.458379105343412,-2.0894656588055227e-05,2.0894656588055227e-05,1
B1:pythia_training_log_existing.csv:385,B1,0.409009,2.4573,2.4574567716781393,0.00015677167813921145,0.00015677167813921145,1
B1:pythia_training_log_existing.csv:386,B1,0.409009,2.4565,2.456547324896953,4.732489695280506e-05,4.732489695280506e-05,1
B1:pythia_training_log_existing.csv:387,B1,0.409009,2.4557,2.45565129313712,-4.87068628802767e-05,4.87068628802767e-05,1
B1:pythia_training_log_existing.csv:388,B1,0.409009,2.4548,2.454767913332847,-3.208666715304176e-05,3.208666715304176e-05,1
B1:pythia_training_log_existing.csv:389,B1,0.409009,2.454,2.453896870731975,-0.00010312926802535927,0.00010312926802535927,1
B1:pythia_training_log_existing.csv:390,B1,0.409009,2.4529,2.4530378617256448,0.00013786172564467236,0.00013786172564467236,1
B1:pythia_training_log_existing.csv:391,B1,0.409009,2.452,2.452190593339006,0.00019059333900584008,0.00019059333900584008,1
B1:pythia_training_log_existing.csv:392,B1,0.409009,2.4515,2.451354782750323,-0.00014521724967675453,0.00014521724967675453,1
B1:pythia_training_log_existing.csv:393,B1,0.409009,2.4506,2.450529766221634,-7.023377836601341e-05,7.023377836601341e-05,1
B1:pythia_training_log_existing.csv:394,B1,0.409009,2.4496,2.4497160662755832,0.00011606627558302662,0.00011606627558302662,1
B1:pythia_training_log_existing.csv:395,B1,0.409009,2.4491,2.4489130320405854,-0.00018696795941464117,0.00018696795941464117,1
B1:pythia_training_log_existing.csv:396,B1,0.409009,2.4481,2.4481204170083073,2.041700830712756e-05,2.041700830712756e-05,1
B1:pythia_training_log_existing.csv:397,B1,0.409009,2.4475,2.44733798278451,-0.000162017215489918,0.000162017215489918,1
B1:pythia_training_log_existing.csv:398,B1,0.409009,2.4466,2.4465654987439907,-3.450125600945597e-05,3.450125600945597e-05,1
B1:pythia_training_log_existing.csv:399,B1,0.409009,2.446,2.4458023802519215,-0.0001976197480786368,0.0001976197480786368,1
B1:pythia_training_log_existing.csv:400,B1,0.409009,2.4452,2.445049138644748,-0.00015086135525166355,0.00015086135525166355,1
B1:pythia_training_log_existing.csv:401,B1,0.409009,2.4443,2.444305198673115,5.198673114659158e-06,5.198673114659158e-06,1
B1:pythia_training_log_existing.csv:402,B1,0.409009,2.4437,2.4435703576829844,-0.0001296423170158434,0.0001296423170158434,1
B1:pythia_training_log_existing.csv:403,B1,0.409009,2.4429,2.4428444193120105,-5.55806879893872e-05,5.55806879893872e-05,1
B1:pythia_training_log_existing.csv:404,B1,0.409009,2.4423,2.4421271932370385,-0.00017280676296138608,0.00017280676296138608,1
B1:pythia_training_log_existing.csv:405,B1,0.409009,2.4413,2.44141849493399,0.00011849493398985445,0.00011849493398985445,1
B1:pythia_training_log_existing.csv:406,B1,0.409009,2.4408,2.4407178134363328,-8.218656366709709e-05,8.218656366709709e-05,1
B1:pythia_training_log_existing.csv:407,B1,0.409009,2.4401,2.4400256430279033,-7.435697209690062e-05,7.435697209690062e-05,1
B1:pythia_training_log_existing.csv:408,B1,0.409009,2.4391,2.4393414793043857,0.00024147930438589427,0.00024147930438589427,1
B1:pythia_training_log_existing.csv:409,B1,0.409009,2.4385,2.4386651587627757,0.00016515876277578556,0.00016515876277578556,1
B1:pythia_training_log_existing.csv:410,B1,0.409009,2.4377,2.4379965226607876,0.0002965226607876126,0.0002965226607876126,1
B1:pythia_training_log_existing.csv:411,B1,0.409009,2.4373,2.437335416837565,3.541683756491665e-05,3.541683756491665e-05,1
B1:pythia_training_log_existing.csv:412,B1,0.409009,2.4368,2.436681691542647,-0.00011830845735305573,0.00011830845735305573,1
B1:pythia_training_log_existing.csv:413,B1,0.409009,2.4362,2.436034894683077,-0.00016510531692270902,0.00016510531692270902,1
B1:pythia_training_log_existing.csv:414,B1,0.409009,2.4354,2.4353955013758855,-4.498624114557259e-06,4.498624114557259e-06,1
B1:pythia_training_log_existing.csv:415,B1,0.409009,2.4349,2.4347630641476665,-0.00013693585233331973,0.00013693585233331973,1
B1:pythia_training_log_existing.csv:416,B1,0.409009,2.434,2.4341374493310193,0.00013744933101911272,0.00013744933101911272,1
B1:pythia_training_log_existing.csv:417,B1,0.409009,2.4333,2.433518526922816,0.00021852692281587593,0.00021852692281587593,1
B1:pythia_training_log_existing.csv:418,B1,0.409009,2.4329,2.4329061704542077,6.170454207587994e-06,6.170454207587994e-06,1
B1:pythia_training_log_existing.csv:419,B1,0.409009,2.4323,2.4322999694409924,-3.0559007768715674e-08,3.0559007768715674e-08,1
B1:pythia_training_log_existing.csv:420,B1,0.409009,2.4317,2.431700381953026,3.819530256521375e-07,3.819530256521375e-07,1
B1:pythia_training_log_existing.csv:421,B1,0.409009,2.4309,2.431107000931959,0.0002070009319590227,0.0002070009319590227,1
B1:pythia_training_log_existing.csv:422,B1,0.409009,2.4305,2.4305197128562175,1.9712856217601882e-05,1.9712856217601882e-05,1
B1:pythia_training_log_existing.csv:423,B1,0.409009,2.4298,2.4299384071676133,0.00013840716761315264,0.00013840716761315264,1
B1:pythia_training_log_existing.csv:424,B1,0.409009,2.4294,2.429362976171198,-3.702382880188537e-05,3.702382880188537e-05,1
B1:pythia_training_log_existing.csv:425,B1,0.409009,2.4288,2.4287933149392598,-6.685060740085902e-06,6.685060740085902e-06,1
B1:pythia_training_log_existing.csv:426,B1,0.409009,2.4281,2.4282290536026343,0.00012905360263415488,0.00012905360263415488,1
B1:pythia_training_log_existing.csv:427,B1,0.409009,2.4276,2.4276706303606788,7.063036067878059e-05,7.063036067878059e-05,1
B1:pythia_training_log_existing.csv:428,B1,0.409009,2.427,2.427117677755682,0.00011767775568216621,0.00011767775568216621,1
B1:pythia_training_log_existing.csv:429,B1,0.409009,2.4266,2.4265701010459955,-2.9898954004625722e-05,2.9898954004625722e-05,1
B1:pythia_training_log_existing.csv:430,B1,0.409009,2.4261,2.4260278078325967,-7.219216740317336e-05,7.219216740317336e-05,1
B1:pythia_training_log_existing.csv:431,B1,0.409009,2.4254,2.4254907079840744,9.070798407462277e-05,9.070798407462277e-05,1
B1:pythia_training_log_existing.csv:432,B1,0.409009,2.425,2.4249584610756147,-4.1538924385076115e-05,4.1538924385076115e-05,1
B1:pythia_training_log_existing.csv:433,B1,0.409009,2.4244,2.424431488649026,3.148864902602355e-05,3.148864902602355e-05,1
B1:pythia_training_log_existing.csv:434,B1,0.409009,2.4238,2.42390945205238,0.00010945205238011013,0.00010945205238011013,1
B1:pythia_training_log_existing.csv:435,B1,0.409009,2.4234,2.423392269532267,-7.730467733058077e-06,7.730467733058077e-06,1
B1:pythia_training_log_existing.csv:436,B1,0.409009,2.4228,2.422879861269264,7.986126926384784e-05,7.986126926384784e-05,1
B1:pythia_training_log_existing.csv:437,B1,0.409009,2.4223,2.4223721493186625,7.214931866261765e-05,7.214931866261765e-05,1
B1:pythia_training_log_existing.csv:438,B1,0.409009,2.4217,2.4218690575534207,0.00016905755342078166,0.00016905755342078166,1
B1:pythia_training_log_existing.csv:439,B1,0.409009,2.4216,2.42137027493956,-0.00022972506044016683,0.00022972506044016683,1
B1:pythia_training_log_existing.csv:440,B1,0.409009,2.4209,2.42087620427807,-2.379572193023094e-05,2.379572193023094e-05,1
B1:pythia_training_log_existing.csv:441,B1,1.040867,4.2153,4.215985971924411,0.0006859719244109996,0.0006859719244109996,1
B1:pythia_training_log_existing.csv:442,B1,1.040867,3.8315,3.8320705788795326,0.0005705788795324906,0.0005705788795324906,1
B1:pythia_training_log_existing.csv:443,B1,1.040867,3.5146,3.515090776990844,0.0004907769908437665,0.0004907769908437665,1
B1:pythia_training_log_existing.csv:444,B1,1.040867,3.2545,3.2547826394929062,0.00028263949290607826,0.00028263949290607826,1
B1:pythia_training_log_existing.csv:445,B1,1.040867,3.0476,3.0471391134039365,-0.00046088659606358107,0.00046088659606358107,1
B1:pythia_training_log_existing.csv:446,B1,1.040867,2.8697,2.869357181368265,-0.00034281863173513116,0.00034281863173513116,1
B1:pythia_training_log_existing.csv:447,B1,1.040867,2.7802,2.780274597019472,7.45970194722112e-05,7.45970194722112e-05,1
B1:pythia_training_log_existing.csv:448,B1,1.040867,2.723,2.722905386929428,-9.461307057190282e-05,9.461307057190282e-05,1
B1:pythia_training_log_existing.csv:449,B1,1.040867,2.6816,2.681503240699966,-9.675930003405497e-05,9.675930003405497e-05,1
B1:pythia_training_log_existing.csv:450,B1,1.040867,2.6501,2.6495423122187254,-0.0005576877812747405,0.0005576877812747405,1
B1:pythia_training_log_existing.csv:451,B1,1.040867,2.6239,2.623763094740797,-0.0001369052592030684,0.0001369052592030684,1
B1:pythia_training_log_existing.csv:452,B1,1.040867,2.6023,2.602313499458319,1.3499458318744217e-05,1.3499458318744217e-05,1
B1:pythia_training_log_existing.csv:453,B1,1.040867,2.5839,2.5840475662391036,0.00014756623910372468,0.00014756623910372468,1
B1:pythia_training_log_existing.csv:454,B1,1.040867,2.5679,2.568203483861303,0.0003034838613031887,0.0003034838613031887,1
B1:pythia_training_log_existing.csv:455,B1,1.040867,2.5543,2.5542747260862106,-2.527391378936983e-05,2.527391378936983e-05,1
B1:pythia_training_log_existing.csv:456,B1,1.040867,2.5417,2.5418790652075733,0.00017906520757327016,0.00017906520757327016,1
B1:pythia_training_log_existing.csv:457,B1,1.040867,2.5305,2.530739615817006,0.0002396158170059337,0.0002396158170059337,1
B1:pythia_training_log_existing.csv:458,B1,1.040867,2.5205,2.5206461741214197,0.0001461741214194845,0.0001461741214194845,1
B1:pythia_training_log_existing.csv:459,B1,1.040867,2.5113,2.5114356910063718,0.00013569100637189635,0.00013569100637189635,1
B1:pythia_training_log_existing.csv:460,B1,1.040867,2.5032,2.502979349251158,-0.00022065074884203284,0.00022065074884203284,1
B1:pythia_training_log_existing.csv:461,B1,1.040867,2.4953,2.4951701666095287,-0.00012983339047112352,0.00012983339047112352,1
B1:pythia_training_log_existing.csv:462,B1,1.040867,2.4879,2.4879313992478433,3.1399247843566513e-05,3.1399247843566513e-05,1
B1:pythia_training_log_existing.csv:463,B1,1.040867,2.4814,2.481189844753828,-0.00021015524617196135,0.00021015524617196135,1
B1:pythia_training_log_existing.csv:464,B1,1.040867,2.4749,2.47488775694462,-1.22430553797237e-05,1.22430553797237e-05,1
B1:pythia_training_log_existing.csv:465,B1,1.040867,2.4688,2.468976571515119,0.00017657151511896174,0.00017657151511896174,1
B1:pythia_training_log_existing.csv:466,B1,1.040867,2.4636,2.4634150888132886,-0.0001849111867113784,0.0001849111867113784,1
B1:pythia_training_log_existing.csv:467,B1,1.040867,2.4582,2.458168080742478,-3.191925752199509e-05,3.191925752199509e-05,1
B1:pythia_training_log_existing.csv:468,B1,1.040867,2.453,2.453202905827379,0.00020290582737914065,0.00020290582737914065,1
B1:pythia_training_log_existing.csv:469,B1,1.040867,2.4485,2.4484979894621564,-2.010537843766258e-06,2.010537843766258e-06,1
B1:pythia_training_log_existing.csv:470,B1,1.040867,2.4439,2.4440279680748214,0.0001279680748211831,0.0001279680748211831,1
B1:pythia_training_log_existing.csv:471,B1,1.040867,2.4396,2.4397727344288445,0.00017273442884446766,0.00017273442884446766,1
B1:pythia_training_log_existing.csv:472,B1,1.040867,2.4358,2.4357145680117545,-8.543198824551013e-05,8.543198824551013e-05,1
B1:pythia_training_log_existing.csv:473,B1,1.040867,2.4321,2.431837778241447,-0.0002622217585530606,0.0002622217585530606,1
B1:pythia_training_log_existing.csv:474,B1,1.040867,2.4279,2.4281266802659656,0.00022668026596539548,0.00022668026596539548,1
B1:pythia_training_log_existing.csv:475,B1,1.040867,2.4246,2.424572347395913,-2.7652604086991772e-05,2.7652604086991772e-05,1
B1:pythia_training_log_existing.csv:476,B1,1.040867,2.4211,2.4211618045499987,6.180454999871188e-05,6.180454999871188e-05,1
B1:pythia_training_log_existing.csv:477,B1,1.040867,2.4178,2.4178850067744437,8.500677444356342e-05,8.500677444356342e-05,1
B1:pythia_training_log_existing.csv:478,B1,1.040867,2.4146,2.4147328886666215,0.0001328886666214224,0.0001328886666214224,1
B1:pythia_training_log_existing.csv:479,B1,1.040867,2.4116,2.411697243321723,9.72433217230062e-05,9.72433217230062e-05,1
B1:pythia_training_log_existing.csv:480,B1,1.040867,2.4088,2.4087706192175204,-2.938078247938236e-05,2.938078247938236e-05,1
B1:pythia_training_log_existing.csv:481,B1,1.040867,2.4058,2.405944908472958,0.00014490847295789422,0.00014490847295789422,1
B1:pythia_training_log_existing.csv:482,B1,1.040867,2.4032,2.4032166093425755,1.6609342575524266e-05,1.6609342575524266e-05,1
B1:pythia_training_log_existing.csv:483,B1,1.040867,2.4006,2.4005786839683463,-2.1316031653562106e-05,2.1316031653562106e-05,1
B1:pythia_training_log_existing.csv:484,B1,1.040867,2.398,2.398025934172437,2.593417243668128e-05,2.593417243668128e-05,1
B1:pythia_training_log_existing.csv:485,B1,1.040867,2.3954,2.3955535813421496,0.00015358134214960018,0.00015358134214960018,1
B1:pythia_training_log_existing.csv:486,B1,1.040867,2.3931,2.3931572233001184,5.7223300118369735e-05,5.7223300118369735e-05,1
B1:pythia_training_log_existing.csv:487,B1,1.040867,2.3909,2.3908317046124474,-6.829538755237508e-05,6.829538755237508e-05,1
B1:pythia_training_log_existing.csv:488,B1,1.040867,2.3886,2.3885754826450634,-2.451735493647078e-05,2.451735493647078e-05,1
B1:pythia_training_log_existing.csv:489,B1,1.040867,2.3863,2.3863839502825277,8.395028252783376e-05,8.395028252783376e-05,1
B1:pythia_training_log_existing.csv:490,B1,1.040867,2.3842,2.384253875930106,5.387593010608427e-05,5.387593010608427e-05,1
B1:pythia_training_log_existing.csv:491,B1,1.040867,2.3822,2.382182255263257,-1.7744736743097178e-05,1.7744736743097178e-05,1
B1:pythia_training_log_existing.csv:492,B1,1.040867,2.38,2.3801662908084404,0.0001662908084405501,0.0001662908084405501,1
B1:pythia_training_log_existing.csv:493,B1,1.040867,2.3782,2.378203373740659,3.3737406588407737e-06,3.3737406588407737e-06,1
B1:pythia_training_log_existing.csv:494,B1,1.040867,2.3762,2.376290167397366,9.016739736633639e-05,9.016739736633639e-05,1
B1:pythia_training_log_existing.csv:495,B1,1.040867,2.3745,2.3744262161162997,-7.378388370016253e-05,7.378388370016253e-05,1
B1:pythia_training_log_existing.csv:496,B1,1.040867,2.3725,2.37260846226604,0.00010846226604011022,0.00010846226604011022,1
B1:pythia_training_log_existing.csv:497,B1,1.040867,2.3706,2.3708349049730466,0.000234904973046568,0.000234904973046568,1
B1:pythia_training_log_existing.csv:498,B1,1.040867,2.3689,2.369103665713215,0.00020366571321517313,0.00020366571321517313,1
B1:pythia_training_log_existing.csv:499,B1,1.040867,2.3674,2.367412978727948,1.2978727947920987e-05,1.2978727947920987e-05,1
B1:pythia_training_log_existing.csv:500,B1,1.040867,2.3658,2.3657604036794226,-3.959632057748408e-05,3.959632057748408e-05,1
B1:pythia_training_log_existing.csv:501,B1,1.040867,2.364,2.364145949906399,0.0001459499063991565,0.0001459499063991565,1
B1:pythia_training_log_existing.csv:502,B1,1.040867,2.3626,2.3625673442523563,-3.265574764377277e-05,3.265574764377277e-05,1
B1:pythia_training_log_existing.csv:503,B1,1.040867,2.3608,2.3610231929714787,0.0002231929714788805,0.0002231929714788805,1
B1:pythia_training_log_existing.csv:504,B1,1.040867,2.3595,2.3595121789673743,1.2178967374154581e-05,1.2178967374154581e-05,1
B1:pythia_training_log_existing.csv:505,B1,1.040867,2.3579,2.358033056383134,0.0001330563831341003,0.0001330563831341003,1
B1:pythia_training_log_existing.csv:506,B1,1.040867,2.3565,2.356584645654808,8.464565480803543e-05,8.464565480803543e-05,1
B1:pythia_training_log_existing.csv:507,B1,1.040867,2.3552,2.3551651592770937,-3.484072290627083e-05,3.484072290627083e-05,1
B1:pythia_training_log_existing.csv:508,B1,1.040867,2.3537,2.3537748898313287,7.488983132875049e-05,7.488983132875049e-05,1
B1:pythia_training_log_existing.csv:509,B1,1.040867,2.3524,2.3524121473865565,1.214738655663794e-05,1.214738655663794e-05,1
B1:pythia_training_log_existing.csv:510,B1,1.040867,2.3512,2.3510759758577264,-0.00012402414227352665,0.00012402414227352665,1
B1:pythia_training_log_existing.csv:511,B1,1.040867,2.3497,2.3497654662161276,6.546621612768533e-05,6.546621612768533e-05,1
B1:pythia_training_log_existing.csv:512,B1,1.040867,2.3485,2.348479753511901,-2.0246488098951687e-05,2.0246488098951687e-05,1
B1:pythia_training_log_existing.csv:513,B1,1.040867,2.3471,2.347218014125593,0.00011801412559275803,0.00011801412559275803,1
B1:pythia_training_log_existing.csv:514,B1,1.040867,2.346,2.3459788780093493,-2.112199065074094e-05,2.112199065074094e-05,1
B1:pythia_training_log_existing.csv:515,B1,1.040867,2.3449,2.344762777739708,-0.00013722226029200257,0.00013722226029200257,1
B1:pythia_training_log_existing.csv:516,B1,1.040867,2.3433,2.3435684031113193,0.00026840311131914873,0.00026840311131914873,1
B1:pythia_training_log_existing.csv:517,B1,1.040867,2.3423,2.342395072257616,9.507225761629101e-05,9.507225761629101e-05,1
B1:pythia_training_log_existing.csv:518,B1,1.040867,2.3413,2.3412421336815283,-5.7866318471599953e-05,5.7866318471599953e-05,1
B1:pythia_training_log_existing.csv:519,B1,1.040867,2.3401,2.3401089645140956,8.964514095488596e-06,8.964514095488596e-06,1
B1:pythia_training_log_existing.csv:520,B1,1.040867,2.339,2.3389944421437594,-5.5578562405678156e-06,5.5578562405678156e-06,1
B1:pythia_training_log_existing.csv:521,B1,1.040867,2.3378,2.337899058450782,9.905845078206355e-05,9.905845078206355e-05,1
B1:pythia_training_log_existing.csv:522,B1,1.040867,2.3368,2.3368217314238797,2.173142387951188e-05,2.173142387951188e-05,1
B1:pythia_training_log_existing.csv:523,B1,1.040867,2.3357,2.335761937590403,6.193759040273861e-05,6.193759040273861e-05,1
B1:pythia_training_log_existing.csv:524,B1,1.040867,2.3348,2.3347191750358456,-8.082496415440232e-05,8.082496415440232e-05,1
B1:pythia_training_log_existing.csv:525,B1,1.040867,2.3337,2.333692962259686,-7.037740314075336e-06,7.037740314075336e-06,1
B1:pythia_training_log_existing.csv:526,B1,1.040867,2.3327,2.332682837105224,-1.7162894776046045e-05,1.7162894776046045e-05,1
B1:pythia_training_log_existing.csv:527,B1,1.040867,2.3316,2.3316878851810805,8.788518108060472e-05,8.788518108060472e-05,1
B1:pythia_training_log_existing.csv:528,B1,1.040867,2.3306,2.3307086283871676,0.00010862838716763079,0.00010862838716763079,1
B1:pythia_training_log_existing.csv:529,B1,1.040867,2.3297,2.3297441789097117,4.417890971186722e-05,4.417890971186722e-05,1
B1:pythia_training_log_existing.csv:530,B1,1.040867,2.3288,2.3287941425660104,-5.857433989842065e-06,5.857433989842065e-06,1
B1:pythia_training_log_existing.csv:531,B1,1.040867,2.3278,2.32785814009529,5.814009529014896e-05,5.814009529014896e-05,1
B1:pythia_training_log_existing.csv:532,B1,1.040867,2.3269,2.326935806430017,3.5806430016993573e-05,3.5806430016993573e-05,1
B1:pythia_training_log_existing.csv:533,B1,1.040867,2.3262,2.326026359648831,-0.00017364035116917975,0.00017364035116917975,1
B1:pythia_training_log_existing.csv:534,B1,1.040867,2.3252,2.325130327888998,-6.967211100228354e-05,6.967211100228354e-05,1
B1:pythia_training_log_existing.csv:535,B1,1.040867,2.3242,2.324246948084725,4.694808472516243e-05,4.694808472516243e-05,1
B1:pythia_training_log_existing.csv:536,B1,1.040867,2.3235,2.3233759054838528,-0.0001240945161473661,0.0001240945161473661,1
B1:pythia_training_log_existing.csv:537,B1,1.040867,2.3225,2.3225168964775227,1.689647752289858e-05,1.689647752289858e-05,1
B1:pythia_training_log_existing.csv:538,B1,1.040867,2.3215,2.3216696280908837,0.00016962809088383324,0.00016962809088383324,1
B1:pythia_training_log_existing.csv:539,B1,1.040867,2.3207,2.320833817502201,0.00013381750220098354,0.00013381750220098354,1
B1:pythia_training_log_existing.csv:540,B1,1.040867,2.3198,2.320008800973512,0.00020880097351216875,0.00020880097351216875,1
B1:pythia_training_log_existing.csv:541,B1,1.040867,2.3191,2.319195101027461,9.510102746101978e-05,9.510102746101978e-05,1
B1:pythia_training_log_existing.csv:542,B1,1.040867,2.3184,2.3183920667924633,-7.93320753667004e-06,7.93320753667004e-06,1
B1:pythia_training_log_existing.csv:543,B1,1.040867,2.3178,2.3175994517601852,-0.00020054823981485725,0.00020054823981485725,1
B1:pythia_training_log_existing.csv:544,B1,1.040867,2.3168,2.316817017536388,1.7017536387609056e-05,1.7017536387609056e-05,1
B1:pythia_training_log_existing.csv:545,B1,1.040867,2.316,2.3160445334958686,4.453349586874822e-05,4.453349586874822e-05,1
B1:pythia_training_log_existing.csv:546,B1,1.040867,2.3153,2.3152814150037995,-1.858499620066567e-05,1.858499620066567e-05,1
B1:pythia_training_log_existing.csv:547,B1,1.040867,2.3143,2.314528173396626,0.00022817339662628555,0.00022817339662628555,1
B1:pythia_training_log_existing.csv:548,B1,1.040867,2.3138,2.3137842334249927,-1.5766575007347683e-05,1.5766575007347683e-05,1
B1:pythia_training_log_existing.csv:549,B1,1.040867,2.3131,2.3130493924348623,-5.06075651376392e-05,5.06075651376392e-05,1
B1:pythia_training_log_existing.csv:550,B1,1.040867,2.3122,2.3123234540638884,0.00012345406388858393,0.00012345406388858393,1
B1:pythia_training_log_existing.csv:551,B1,1.040867,2.3117,2.3116062279889165,-9.377201108362598e-05,9.377201108362598e-05,1
B1:pythia_training_log_existing.csv:552,B1,1.040867,2.3109,2.310897529685868,-2.470314132363427e-06,2.470314132363427e-06,1
B1:pythia_training_log_existing.csv:553,B1,1.040867,2.3101,2.3101968481882107,9.684818821087404e-05,9.684818821087404e-05,1
B1:pythia_training_log_existing.csv:554,B1,1.040867,2.3096,2.309504677779781,-9.532222021890746e-05,9.532222021890746e-05,1
B1:pythia_training_log_existing.csv:555,B1,1.040867,2.309,2.3088205140562637,-0.0001794859437365126,0.0001794859437365126,1
B1:pythia_training_log_existing.csv:556,B1,1.040867,2.3081,2.3081441935146536,4.419351465356769e-05,4.419351465356769e-05,1
B1:pythia_training_log_existing.csv:557,B1,1.040867,2.3075,2.3074755574126655,-2.4442587334583266e-05,2.4442587334583266e-05,1
B1:pythia_training_log_existing.csv:558,B1,1.040867,2.3068,2.306814451589443,1.4451589442909807e-05,1.4451589442909807e-05,1
B1:pythia_training_log_existing.csv:559,B1,1.040867,2.3061,2.3061607262945247,6.07262945249154e-05,6.07262945249154e-05,1
B1:pythia_training_log_existing.csv:560,B1,1.040867,2.3056,2.305513929434955,-8.607056504494892e-05,8.607056504494892e-05,1
B1:pythia_training_log_existing.csv:561,B1,1.040867,2.3048,2.3048745361277634,7.453612776320284e-05,7.453612776320284e-05,1
B1:pythia_training_log_existing.csv:562,B1,1.040867,2.3042,2.3042420988995445,4.20988995446514e-05,4.20988995446514e-05,1
B1:pythia_training_log_existing.csv:563,B1,1.040867,2.3036,2.303616484082897,1.6484082897338936e-05,1.6484082897338936e-05,1
B1:pythia_training_log_existing.csv:564,B1,1.040867,2.303,2.302997561674694,-2.4383253061088794e-06,2.4383253061088794e-06,1
B1:pythia_training_log_existing.csv:565,B1,1.040867,2.3024,2.3023852052060856,-1.4794793914418847e-05,1.4794793914418847e-05,1
B1:pythia_training_log_existing.csv:566,B1,1.040867,2.3019,2.3017790041928703,-0.0001209958071295425,0.0001209958071295425,1
B1:pythia_training_log_existing.csv:567,B1,1.040867,2.3011,2.301179416704904,7.941670490385633e-05,7.941670490385633e-05,1
B1:pythia_training_log_existing.csv:568,B1,1.040867,2.3005,2.300586035683837,8.603568383680482e-05,8.603568383680482e-05,1
B1:pythia_training_log_existing.csv:569,B1,1.040867,2.2999,2.2999987476080954,9.874760809536198e-05,9.874760809536198e-05,1
B1:pythia_training_log_existing.csv:570,B1,1.040867,2.2994,2.2994174419194913,1.7441919491378854e-05,1.7441919491378854e-05,1
B1:pythia_training_log_existing.csv:571,B1,1.040867,2.2989,2.298842010923076,-5.79890769243363e-05,5.79890769243363e-05,1
B1:pythia_training_log_existing.csv:572,B1,1.040867,2.2983,2.2982723496911377,-2.7650308862092743e-05,2.7650308862092743e-05,1
B1:pythia_training_log_existing.csv:573,B1,1.040867,2.2976,2.2977080883545122,0.00010808835451214804,0.00010808835451214804,1
B1:pythia_training_log_existing.csv:574,B1,1.040867,2.2972,2.2971496651125567,-5.033488744343728e-05,5.033488744343728e-05,1
B1:pythia_training_log_existing.csv:575,B1,1.040867,2.2967,2.29659671250756,-0.0001032874924398186,0.0001032874924398186,1
B1:pythia_training_log_existing.csv:576,B1,1.040867,2.2961,2.2960491357978734,-5.086420212663256e-05,5.086420212663256e-05,1
B1:pythia_training_log_existing.csv:577,B1,1.040867,2.2957,2.2955068425844747,-0.00019315741552539123,0.00019315741552539123,1
B1:pythia_training_log_existing.csv:578,B1,1.040867,2.2949,2.2949697427359523,6.974273595217184e-05,6.974273595217184e-05,1
B1:pythia_training_log_existing.csv:579,B1,1.040867,2.2943,2.2944374958274927,0.00013749582749289502,0.00013749582749289502,1
B1:pythia_training_log_existing.csv:580,B1,1.040867,2.2937,2.293910523400904,0.00021052340090399468,0.00021052340090399468,1
B1:pythia_training_log_existing.csv:581,B1,1.040867,2.2935,2.293388486804258,-0.00011151319574187468,0.00011151319574187468,1
B1:pythia_training_log_existing.csv:582,B1,1.040867,2.2929,2.292871304284145,-2.8695715855064918e-05,2.8695715855064918e-05,1
B1:pythia_training_log_existing.csv:583,B1,1.040867,2.2923,2.292358896021142,5.8896021141841004e-05,5.8896021141841004e-05,1
B1:pythia_training_log_existing.csv:584,B1,1.040867,2.2919,2.2918511840705404,-4.881592945960023e-05,4.881592945960023e-05,1
B1:pythia_training_log_existing.csv:585,B1,1.040867,2.2912,2.2913480923052987,0.00014809230529877482,0.00014809230529877482,1
B1:pythia_training_log_existing.csv:586,B1,1.040867,2.2911,2.290849309691438,-0.00025069030856217367,0.00025069030856217367,1
B1:pythia_training_log_existing.csv:587,B1,1.040867,2.2904,2.2903552390299478,-4.476097005223778e-05,4.476097005223778e-05,1
B1:pythia_training_log_existing.csv:1029,B1,11.965825,4.0188,4.018852972778464,5.297277846416648e-05,5.297277846416648e-05,2
B1:pythia_training_log_existing.csv:1030,B1,11.965825,3.6351,3.634989162830994,-0.00011083716900595064,0.00011083716900595064,2
B1:pythia_training_log_existing.csv:1031,B1,11.965825,3.3185,3.318047112506688,-0.00045288749331184874,0.00045288749331184874,2
B1:pythia_training_log_existing.csv:1032,B1,11.965825,3.058,3.0577660033032648,-0.00023399669673507262,0.00023399669673507262,2
B1:pythia_training_log_existing.csv:1033,B1,11.965825,2.8502,2.8501409232694583,-5.907673054172946e-05,5.907673054172946e-05,2
B1:pythia_training_log_existing.csv:1034,B1,11.965825,2.6724,2.6723721243060874,-2.7875693912715604e-05,2.7875693912715604e-05,2
B1:pythia_training_log_existing.csv:1035,B1,11.965825,2.5833,2.583295030004453,-4.969995547110528e-06,4.969995547110528e-06,2
B1:pythia_training_log_existing.csv:1036,B1,11.965825,2.5261,2.5259289157410416,-0.0001710842589583983,0.0001710842589583983,2
B1:pythia_training_log_existing.csv:1037,B1,11.965825,2.4845,2.4845287703835885,2.8770383588394566e-05,2.8770383588394566e-05,2
B1:pythia_training_log_existing.csv:1038,B1,11.965825,2.4527,2.4525692437350064,-0.0001307562649937033,0.0001307562649937033,2
B1:pythia_training_log_existing.csv:1039,B1,11.965825,2.4268,2.4267910614497556,-8.938550244419474e-06,8.938550244419474e-06,2
B1:pythia_training_log_existing.csv:1040,B1,11.965825,2.4053,2.4053422595799496,4.225957994963281e-05,4.225957994963281e-05,2
B1:pythia_training_log_existing.csv:1041,B1,11.965825,2.3868,2.3870769514951307,0.00027695149513062844,0.00027695149513062844,2
B1:pythia_training_log_existing.csv:1042,B1,11.965825,2.3713,2.3712333724573584,-6.662754264175064e-05,6.662754264175064e-05,2
B1:pythia_training_log_existing.csv:1043,B1,11.965825,2.3573,2.3573050264181257,5.0264181257198e-06,5.0264181257198e-06,2
B1:pythia_training_log_existing.csv:1044,B1,11.965825,2.345,2.3449097070959546,-9.029290404560797e-05,9.029290404560797e-05,2
B1:pythia_training_log_existing.csv:1045,B1,11.965825,2.3334,2.333770544178097,0.0003705441780970098,0.0003705441780970098,2
B1:pythia_training_log_existing.csv:1046,B1,11.965825,2.3239,2.3236773449410437,-0.00022265505895635584,0.00022265505895635584,2
B1:pythia_training_log_existing.csv:1047,B1,11.965825,2.3144,2.3144670685776063,6.706857760629958e-05,6.706857760629958e-05,2
B1:pythia_training_log_existing.csv:1048,B1,11.965825,2.3061,2.3060109042258183,-8.909577418148018e-05,8.909577418148018e-05,2
B1:pythia_training_log_existing.csv:1049,B1,11.965825,2.2981,2.29820187465842,0.00010187465842026455,0.00010187465842026455,2
B1:pythia_training_log_existing.csv:1050,B1,11.965825,2.291,2.290963239810415,-3.676018958476135e-05,3.676018958476135e-05,2
B1:pythia_training_log_existing.csv:1051,B1,11.965825,2.2841,2.2842218004814288,0.00012180048142873545,0.00012180048142873545,2
B1:pythia_training_log_existing.csv:1052,B1,11.965825,2.2778,2.277919813027444,0.00011981302744379363,0.00011981302744379363,2
B1:pythia_training_log_existing.csv:1053,B1,11.965825,2.2722,2.272008715221994,-0.00019128477800611776,0.00019128477800611776,2
B1:pythia_training_log_existing.csv:1054,B1,11.965825,2.2664,2.266447309130931,4.7309130930983656e-05,4.7309130930983656e-05,2
B1:pythia_training_log_existing.csv:1055,B1,11.965825,2.2612,2.2612003680894373,3.680894371527188e-07,3.680894371527188e-07,2
B1:pythia_training_log_existing.csv:1056,B1,11.965825,2.2563,2.2562352518509803,-6.474814901968884e-05,6.474814901968884e-05,2
B1:pythia_training_log_existing.csv:1057,B1,11.965825,2.2516,2.2515303867714005,-6.961322859933006e-05,6.961322859933006e-05,2
B1:pythia_training_log_existing.csv:1058,B1,11.965825,2.2471,2.247060410174505,-3.9589825495234265e-05,3.9589825495234265e-05,2
B1:pythia_training_log_existing.csv:1059,B1,11.965825,2.2428,2.242805215565293,5.21556529298195e-06,5.21556529298195e-06,2
B1:pythia_training_log_existing.csv:1060,B1,11.965825,2.239,2.2387470830697693,-0.0002529169302305512,0.0002529169302305512,2
B1:pythia_training_log_existing.csv:1061,B1,11.965825,2.2349,2.2348703226583524,-2.967734164771585e-05,2.967734164771585e-05,2
B1:pythia_training_log_existing.csv:1062,B1,11.965825,2.2312,2.231159249970612,-4.07500293877483e-05,4.07500293877483e-05,2
B1:pythia_training_log_existing.csv:1063,B1,11.965825,2.2277,2.2276049387126697,-9.506128733027808e-05,9.506128733027808e-05,2
B1:pythia_training_log_existing.csv:1064,B1,11.965825,2.2243,2.2241944141839785,-0.00010558581602149175,0.00010558581602149175,2
B1:pythia_training_log_existing.csv:1065,B1,11.965825,2.221,2.220917631754407,-8.236824559304523e-05,8.236824559304523e-05,2
B1:pythia_training_log_existing.csv:1066,B1,11.965825,2.2178,2.217765526307175,-3.447369282483237e-05,3.447369282483237e-05,2
B1:pythia_training_log_existing.csv:1067,B1,11.965825,2.2146,2.2147298911907702,0.00012989119077033706,0.00012989119077033706,2
B1:pythia_training_log_existing.csv:1068,B1,11.965825,2.2119,2.211803275108119,-9.672489188083944e-05,9.672489188083944e-05,2
B1:pythia_training_log_existing.csv:1069,B1,11.965825,2.2089,2.208977570381312,7.757038131206428e-05,7.757038131206428e-05,2
B1:pythia_training_log_existing.csv:1070,B1,11.965825,2.2063,2.206249275438661,-5.072456133925485e-05,5.072456133925485e-05,2
B1:pythia_training_log_existing.csv:1071,B1,11.965825,2.2035,2.203611352586301,0.00011135258630101674,0.00011135258630101674,2
B1:pythia_training_log_existing.csv:1072,B1,11.965825,2.201,2.201058603790906,5.860379090583123e-05,5.860379090583123e-05,2
B1:pythia_training_log_existing.csv:1073,B1,11.965825,2.1986,2.198586250569922,-1.3749430078036085e-05,1.3749430078036085e-05,2
B1:pythia_training_log_existing.csv:1074,B1,11.965825,2.1962,2.1961898908634545,-1.0109136545644049e-05,1.0109136545644049e-05,2
B1:pythia_training_log_existing.csv:1075,B1,11.965825,2.1939,2.1938643693422435,-3.5630657756691164e-05,3.5630657756691164e-05,2
B1:pythia_training_log_existing.csv:1076,B1,11.965825,2.1917,2.191608143471248,-9.185652875176586e-05,9.185652875176586e-05,2
B1:pythia_training_log_existing.csv:1077,B1,11.965825,2.1894,2.189416606221382,1.660622138199841e-05,1.660622138199841e-05,2
B1:pythia_training_log_existing.csv:1078,B1,11.965825,2.1873,2.187286526077441,-1.347392255901525e-05,1.347392255901525e-05,2
B1:pythia_training_log_existing.csv:1079,B1,11.965825,2.1853,2.185214898787354,-8.510121264571069e-05,8.510121264571069e-05,2
B1:pythia_training_log_existing.csv:1080,B1,11.965825,2.1833,2.183198926943719,-0.00010107305628093144,0.00010107305628093144,2
B1:pythia_training_log_existing.csv:1081,B1,11.965825,2.1811,2.1812360017819983,0.0001360017819984627,0.0001360017819984627,2
B1:pythia_training_log_existing.csv:1082,B1,11.965825,2.1794,2.179322786690675,-7.721330932497494e-05,7.721330932497494e-05,2
B1:pythia_training_log_existing.csv:1083,B1,11.965825,2.1775,2.177458826066582,-4.117393341829256e-05,4.117393341829256e-05,2
B1:pythia_training_log_existing.csv:1084,B1,11.965825,2.1756,2.1756410623208553,4.1062320855100864e-05,4.1062320855100864e-05,2
B1:pythia_training_log_existing.csv:1085,B1,11.965825,2.174,2.173867494622762,-0.0001325053772380791,0.0001325053772380791,2
B1:pythia_training_log_existing.csv:1086,B1,11.965825,2.1721,2.172136244487594,3.6244487593872776e-05,3.6244487593872776e-05,2
B1:pythia_training_log_existing.csv:1087,B1,11.965825,2.1704,2.17044554619305,4.554619304997232e-05,4.554619304997232e-05,2
B1:pythia_training_log_existing.csv:1088,B1,11.965825,2.1688,2.1687929594291138,-7.040570886296393e-06,7.040570886296393e-06,2
B1:pythia_training_log_existing.csv:1089,B1,11.965825,2.1672,2.1671784935766407,-2.150642335907449e-05,2.150642335907449e-05,2
B1:pythia_training_log_existing.csv:1090,B1,11.965825,2.1655,2.1655998755021937,9.987550219348051e-05,9.987550219348051e-05,2
B1:pythia_training_log_existing.csv:1091,B1,11.965825,2.1639,2.1640557114863945,0.0001557114863945941,0.0001557114863945941,2
B1:pythia_training_log_existing.csv:1092,B1,11.965825,2.1627,2.1625446844573366,-0.00015531554266345893,0.00015531554266345893,2
B1:pythia_training_log_existing.csv:1093,B1,11.965825,2.161,2.161065548580807,6.55485808067624e-05,6.55485808067624e-05,2
B1:pythia_training_log_existing.csv:1094,B1,11.965825,2.1595,2.1596171243139106,0.00011712431391064371,0.00011712431391064371,2
B1:pythia_training_log_existing.csv:1095,B1,11.965825,2.158,2.1581976241642793,0.00019762416427937524,0.00019762416427937524,2
B1:pythia_training_log_existing.csv:1096,B1,11.965825,2.1568,2.1568073407445523,7.340744552220002e-06,7.340744552220002e-06,2
B1:pythia_training_log_existing.csv:1097,B1,11.965825,2.1553,2.155444584134153,0.0001445841341531917,0.0001445841341531917,2
B1:pythia_training_log_existing.csv:1098,B1,11.965825,2.1542,2.154108398263751,-9.160173624911394e-05,9.160173624911394e-05,2
B1:pythia_training_log_existing.csv:1099,B1,11.965825,2.1529,2.152797874119272,-0.00010212588072766593,0.00010212588072766593,2
B1:pythia_training_log_existing.csv:1100,B1,11.965825,2.1515,2.1515121467644978,1.2146764497789064e-05,1.2146764497789064e-05,2
B1:pythia_training_log_existing.csv:1101,B1,11.965825,2.1504,2.150250392592692,-0.00014960740730796118,0.00014960740730796118,2
B1:pythia_training_log_existing.csv:1102,B1,11.965825,2.1491,2.149011241560727,-8.875843927258487e-05,8.875843927258487e-05,2
B1:pythia_training_log_existing.csv:1103,B1,11.965825,2.1478,2.147795126270441,-4.8737295590406404e-06,4.8737295590406404e-06,2
B1:pythia_training_log_existing.csv:1104,B1,11.965825,2.1464,2.1466007365197455,0.00020073651974561457,0.00020073651974561457,2
B1:pythia_training_log_existing.csv:1105,B1,11.965825,2.1456,2.1454273904517382,-0.00017260954826170405,0.00017260954826170405,2
B1:pythia_training_log_existing.csv:1106,B1,11.965825,2.1442,2.1442744365783843,7.443657838424045e-05,7.443657838424045e-05,2
B1:pythia_training_log_existing.csv:1107,B1,11.965825,2.143,2.1431412520391744,0.00014125203917458862,0.00014125203917458862,2
B1:pythia_training_log_existing.csv:1108,B1,11.965825,2.1421,2.1420267142230807,-7.32857769194517e-05,7.32857769194517e-05,2
B1:pythia_training_log_existing.csv:1109,B1,11.965825,2.1411,2.140931315032493,-0.0001686849675066604,0.0001686849675066604,2
B1:pythia_training_log_existing.csv:1110,B1,11.965825,2.1399,2.1398539724557115,-4.602754428839617e-05,4.602754428839617e-05,2
B1:pythia_training_log_existing.csv:1111,B1,11.965825,2.1388,2.1387941630265788,-5.836973421047276e-06,5.836973421047276e-06,2
B1:pythia_training_log_existing.csv:1112,B1,11.965825,2.1378,2.1377513848366707,-4.861516332921312e-05,4.861516332921312e-05,2
B1:pythia_training_log_existing.csv:1113,B1,11.965825,2.1368,2.1367251563911682,-7.48436088318094e-05,7.48436088318094e-05,2
B1:pythia_training_log_existing.csv:1114,B1,11.965825,2.1358,2.1357150155387155,-8.498446128468728e-05,8.498446128468728e-05,2
B1:pythia_training_log_existing.csv:1115,B1,11.965825,2.1347,2.1347200478854433,2.0047885443297275e-05,2.0047885443297275e-05,2
B1:pythia_training_log_existing.csv:1116,B1,11.965825,2.1337,2.1337407753509625,4.077535096236318e-05,4.077535096236318e-05,2
B1:pythia_training_log_existing.csv:1117,B1,11.965825,2.1328,2.1327763101184183,-2.3689881581745453e-05,2.3689881581745453e-05,2
B1:pythia_training_log_existing.csv:1118,B1,11.965825,2.1318,2.1318262580092457,2.6258009245605507e-05,2.6258009245605507e-05,2
B1:pythia_training_log_existing.csv:1119,B1,11.965825,2.1309,2.130890239766556,-9.76023344412269e-06,9.76023344412269e-06,2
B1:pythia_training_log_existing.csv:1120,B1,11.965825,2.1298,2.1299678903264594,0.00016789032645947444,0.00016789032645947444,2
B1:pythia_training_log_existing.csv:1121,B1,11.965825,2.129,2.129058427763495,5.842776349496148e-05,5.842776349496148e-05,2
B1:pythia_training_log_existing.csv:1122,B1,11.965825,2.1281,2.128162380233187,6.238023318694275e-05,6.238023318694275e-05,2
B1:pythia_training_log_existing.csv:1123,B1,11.965825,2.1272,2.1272789846652334,7.898466523315051e-05,7.898466523315051e-05,2
B1:pythia_training_log_existing.csv:1124,B1,11.965825,2.1264,2.126407926310304,7.926310304107176e-06,7.926310304107176e-06,2
B1:pythia_training_log_existing.csv:1125,B1,11.965825,2.1256,2.1255489015621976,-5.1098437802377106e-05,5.1098437802377106e-05,2
B1:pythia_training_log_existing.csv:1126,B1,11.965825,2.1248,2.1247016174485545,-9.838255144556385e-05,9.838255144556385e-05,2
B1:pythia_training_log_existing.csv:1127,B1,11.965825,2.1238,2.1238657911499796,6.579114997951052e-05,6.579114997951052e-05,2
B1:pythia_training_log_existing.csv:1128,B1,11.965825,2.123,2.1230407589232296,4.075892322941144e-05,4.075892322941144e-05,2
B1:pythia_training_log_existing.csv:1129,B1,11.965825,2.1223,2.1222270433079733,-7.295669202678212e-05,7.295669202678212e-05,2
B1:pythia_training_log_existing.csv:1130,B1,11.965825,2.1214,2.1214239934270704,2.3993427070490014e-05,2.3993427070490014e-05,2
B1:pythia_training_log_existing.csv:1131,B1,11.965825,2.1206,2.120631362774,3.1362774000065485e-05,3.1362774000065485e-05,2
B1:pythia_training_log_existing.csv:1132,B1,11.965825,2.1199,2.119848912956222,-5.108704377798645e-05,5.108704377798645e-05,2
B1:pythia_training_log_existing.csv:1133,B1,11.965825,2.119,2.1190764133501254,7.6413350125204e-05,7.6413350125204e-05,2
B1:pythia_training_log_existing.csv:1134,B1,11.965825,2.1183,2.118313279314974,1.3279314973857481e-05,1.3279314973857481e-05,2
B1:pythia_training_log_existing.csv:1135,B1,11.965825,2.1175,2.1175600222034268,6.0022203426601806e-05,6.0022203426601806e-05,2
B1:pythia_training_log_existing.csv:1136,B1,11.965825,2.1168,2.116816066760021,1.606676002108287e-05,1.606676002108287e-05,2
B1:pythia_training_log_existing.csv:1137,B1,11.965825,2.1161,2.116081210331942,-1.878966805790583e-05,1.878966805790583e-05,2
B1:pythia_training_log_existing.csv:1138,B1,11.965825,2.1152,2.115355256557988,0.0001552565579876486,0.0001552565579876486,2
B1:pythia_training_log_existing.csv:1139,B1,11.965825,2.1147,2.114638015116073,-6.198488392694657e-05,6.198488392694657e-05,2
B1:pythia_training_log_existing.csv:1140,B1,11.965825,2.1139,2.113929301483116,2.9301483115862226e-05,2.9301483115862226e-05,2
B1:pythia_training_log_existing.csv:1141,B1,11.965825,2.1133,2.1132286046862334,-7.139531376676445e-05,7.139531376676445e-05,2
B1:pythia_training_log_existing.csv:1142,B1,11.965825,2.1125,2.112536419024714,3.64190247141849e-05,3.64190247141849e-05,2
B1:pythia_training_log_existing.csv:1143,B1,11.965825,2.1119,2.1118522400877495,-4.775991225036691e-05,4.775991225036691e-05,2
B1:pythia_training_log_existing.csv:1144,B1,11.965825,2.1112,2.111175904373087,-2.4095626913300805e-05,2.4095626913300805e-05,2
B1:pythia_training_log_existing.csv:1145,B1,11.965825,2.1105,2.110507253139138,7.2531391377417265e-06,7.2531391377417265e-06,2
B1:pythia_training_log_existing.csv:1146,B1,11.965825,2.1099,2.1098461322256945,-5.3867774305604854e-05,5.3867774305604854e-05,2
B1:pythia_training_log_existing.csv:1147,B1,11.965825,2.1092,2.1091923918828965,-7.608117103430345e-06,7.608117103430345e-06,2
B1:pythia_training_log_existing.csv:1148,B1,11.965825,2.1085,2.108545580011197,4.558001119736588e-05,4.558001119736588e-05,2
B1:pythia_training_log_existing.csv:1149,B1,11.965825,2.1079,2.10790617174245,6.171742449989637e-06,6.171742449989637e-06,2
B1:pythia_training_log_existing.csv:1150,B1,11.965825,2.1072,2.1072737195965554,7.371959655522176e-05,7.371959655522176e-05,2
B1:pythia_training_log_existing.csv:1151,B1,11.965825,2.1066,2.1066480899065474,4.808990654758816e-05,4.808990654758816e-05,2
B1:pythia_training_log_existing.csv:1152,B1,11.965825,2.1059,2.1060291526696946,0.0001291526696944878,0.0001291526696944878,2
B1:pythia_training_log_existing.csv:1153,B1,11.965825,2.1055,2.105416781417513,-8.321858248727665e-05,8.321858248727665e-05,2
B1:pythia_training_log_existing.csv:1154,B1,11.965825,2.1047,2.104810565659114,0.00011056565911404803,0.00011056565911404803,2
B1:pythia_training_log_existing.csv:1155,B1,11.965825,2.1042,2.10421096347871,1.0963478709768992e-05,1.0963478709768992e-05,2
B1:pythia_training_log_existing.csv:1156,B1,11.965825,2.1036,2.103617567811184,1.7567811184004967e-05,1.7567811184004967e-05,2
B1:pythia_training_log_existing.csv:1157,B1,11.965825,2.1031,2.103030265135208,-6.973486479200375e-05,6.973486479200375e-05,2
B1:pythia_training_log_existing.csv:1158,B1,11.965825,2.1024,2.1024489448928096,4.894489280982128e-05,4.894489280982128e-05,2
B1:pythia_training_log_existing.csv:1159,B1,11.965825,2.102,2.101873499389235,-0.00012650061076469044,0.00012650061076469044,2
B1:pythia_training_log_existing.csv:1160,B1,11.965825,2.1013,2.1013038236969432,3.8236969430727186e-06,3.8236969430727186e-06,2
B1:pythia_training_log_existing.csv:1161,B1,11.965825,2.1008,2.1007395479400555,-6.045205994453795e-05,6.045205994453795e-05,2
B1:pythia_training_log_existing.csv:1162,B1,11.965825,2.1001,2.100181110331803,8.111033180302485e-05,8.111033180302485e-05,2
B1:pythia_training_log_existing.csv:1163,B1,11.965825,2.0998,2.0996281434076973,-0.00017185659230278816,0.00017185659230278816,2
B1:pythia_training_log_existing.csv:1164,B1,11.965825,2.099,2.0990805524261784,8.055242617821534e-05,8.055242617821534e-05,2
B1:pythia_training_log_existing.csv:1165,B1,11.965825,2.0986,2.0985382449882968,-6.175501170302411e-05,6.175501170302411e-05,2
B1:pythia_training_log_existing.csv:1166,B1,11.965825,2.098,2.0980011309626936,1.1309626937183737e-06,1.1309626937183737e-06,2
B1:pythia_training_log_existing.csv:1167,B1,11.965825,2.0975,2.0974688699178676,-3.113008213251334e-05,3.113008213251334e-05,2
B1:pythia_training_log_existing.csv:1168,B1,11.965825,2.0969,2.0969418834091265,4.188340912625321e-05,4.188340912625321e-05,2
B1:pythia_training_log_existing.csv:1169,B1,11.965825,2.0964,2.0964198327778023,1.9832777802264445e-05,1.9832777802264445e-05,2
B1:pythia_training_log_existing.csv:1170,B1,11.965825,2.0959,2.0959026362704805,2.636270480582681e-06,2.636270480582681e-06,2
B1:pythia_training_log_existing.csv:1171,B1,11.965825,2.0954,2.095390214067722,-9.785932278294496e-06,9.785932278294496e-06,2
B1:pythia_training_log_existing.csv:1172,B1,11.965825,2.0949,2.0948824882247887,-1.7511775211254133e-05,1.7511775211254133e-05,2
B1:pythia_training_log_existing.csv:1173,B1,11.965825,2.0945,2.0943793826145987,-0.00012061738540136702,0.00012061738540136702,2
B1:pythia_training_log_existing.csv:1174,B1,11.965825,2.0938,2.0938805861965544,8.058619655448851e-05,8.058619655448851e-05,2
B1:pythia_training_log_existing.csv:1175,B1,11.965825,2.0933,2.093386501784742,8.650178474178816e-05,8.650178474178816e-05,2
B1:pythia_training_log_existing.csv:147,B1,0.162405,4.5235,4.523296036171049,-0.00020396382895171428,0.00020396382895171428,2
B1:pythia_training_log_existing.csv:148,B1,0.162405,4.1397,4.13943222622358,-0.0002677737764207322,0.0002677737764207322,2
B1:pythia_training_log_existing.csv:149,B1,0.162405,3.8226,3.822490175899273,-0.0001098241007269074,0.0001098241007269074,2
B1:pythia_training_log_existing.csv:150,B1,0.162405,3.5629,3.56220906669585,-0.0006909333041500432,0.0006909333041500432,2
B1:pythia_training_log_existing.csv:151,B1,0.162405,3.3548,3.3545839866620435,-0.000216013337956511,0.000216013337956511,2
B1:pythia_training_log_existing.csv:152,B1,0.162405,3.1771,3.1768151876986725,-0.0002848123013272641,0.0002848123013272641,2
B1:pythia_training_log_existing.csv:153,B1,0.162405,3.0883,3.087738093397038,-0.000561906602961848,0.000561906602961848,2
B1:pythia_training_log_existing.csv:154,B1,0.162405,3.0304,3.030371979133627,-2.8020866372990838e-05,2.8020866372990838e-05,2
B1:pythia_training_log_existing.csv:155,B1,0.162405,2.9888,2.9889718337761737,0.00017183377617380202,0.00017183377617380202,2
B1:pythia_training_log_existing.csv:156,B1,0.162405,2.9568,2.9570123071275916,0.00021230712759168213,0.00021230712759168213,2
B1:pythia_training_log_existing.csv:157,B1,0.162405,2.9311,2.931234124842341,0.00013412484234098798,0.00013412484234098798,2
B1:pythia_training_log_existing.csv:158,B1,0.162405,2.9098,2.909785322972535,-1.4677027465381798e-05,1.4677027465381798e-05,2
B1:pythia_training_log_existing.csv:159,B1,0.162405,2.8916,2.891520014887716,-7.998511228413108e-05,7.998511228413108e-05,2
B1:pythia_training_log_existing.csv:160,B1,0.162405,2.8757,2.8756764358499436,-2.356415005655421e-05,2.356415005655421e-05,2
B1:pythia_training_log_existing.csv:161,B1,0.162405,2.8619,2.861748089810711,-0.00015191018928906175,0.00015191018928906175,2
B1:pythia_training_log_existing.csv:162,B1,0.162405,2.8494,2.8493527704885393,-4.722951146085563e-05,4.722951146085563e-05,2
B1:pythia_training_log_existing.csv:163,B1,0.162405,2.8385,2.8382136075706823,-0.00028639242931749465,0.00028639242931749465,2
B1:pythia_training_log_existing.csv:164,B1,0.162405,2.8281,2.828120408333629,2.0408333628818554e-05,2.0408333628818554e-05,2
B1:pythia_training_log_existing.csv:165,B1,0.162405,2.8195,2.8189101319701915,-0.0005898680298086489,0.0005898680298086489,2
B1:pythia_training_log_existing.csv:166,B1,0.162405,2.8106,2.8104539676184035,-0.0001460323815964948,0.0001460323815964948,2
B1:pythia_training_log_existing.csv:167,B1,0.162405,2.8025,2.8026449380510057,0.00014493805100546098,0.00014493805100546098,2
B1:pythia_training_log_existing.csv:168,B1,0.162405,2.7952,2.7954063032030003,0.00020630320300041305,0.00020630320300041305,2
B1:pythia_training_log_existing.csv:169,B1,0.162405,2.7888,2.788664863874014,-0.00013513612598625713,0.00013513612598625713,2
B1:pythia_training_log_existing.csv:170,B1,0.162405,2.7823,2.782362876420029,6.287642002877902e-05,6.287642002877902e-05,2
B1:pythia_training_log_existing.csv:171,B1,0.162405,2.7766,2.7764517786145793,-0.00014822138542092134,0.00014822138542092134,2
B1:pythia_training_log_existing.csv:172,B1,0.162405,2.771,2.770890372523516,-0.00010962747648379789,0.00010962747648379789,2
B1:pythia_training_log_existing.csv:173,B1,0.162405,2.7656,2.7656434314820224,4.3431482022349144e-05,4.3431482022349144e-05,2
B1:pythia_training_log_existing.csv:174,B1,0.162405,2.7605,2.760678315243566,0.00017831524356592965,0.00017831524356592965,2
B1:pythia_training_log_existing.csv:175,B1,0.162405,2.7557,2.7559734501639856,0.0002734501639856113,0.0002734501639856113,2
B1:pythia_training_log_existing.csv:176,B1,0.162405,2.7514,2.75150347356709,0.00010347356709017319,0.00010347356709017319,2
B1:pythia_training_log_existing.csv:177,B1,0.162405,2.7474,2.747248278957878,-0.0001517210421217996,0.0001517210421217996,2
B1:pythia_training_log_existing.csv:178,B1,0.162405,2.7432,2.7431901464623545,-9.853537645376775e-06,9.853537645376775e-06,2
B1:pythia_training_log_existing.csv:179,B1,0.162405,2.7391,2.7393133860509375,0.00021338605093745855,0.00021338605093745855,2
B1:pythia_training_log_existing.csv:180,B1,0.162405,2.7356,2.7356023133631973,2.313363197448126e-06,2.313363197448126e-06,2
B1:pythia_training_log_existing.csv:181,B1,0.162405,2.7321,2.7320480021052553,-5.199789474463756e-05,5.199789474463756e-05,2
B1:pythia_training_log_existing.csv:182,B1,0.162405,2.7285,2.7286374775765636,0.00013747757656368265,0.00013747757656368265,2
B1:pythia_training_log_existing.csv:183,B1,0.162405,2.7254,2.725360695146992,-3.9304853007848806e-05,3.9304853007848806e-05,2
B1:pythia_training_log_existing.csv:184,B1,0.162405,2.7222,2.7222085896997603,8.589699760364056e-06,8.589699760364056e-06,2
B1:pythia_training_log_existing.csv:185,B1,0.162405,2.719,2.7191729545833554,0.0001729545833555335,0.0001729545833555335,2
B1:pythia_training_log_existing.csv:186,B1,0.162405,2.7163,2.7162463385007047,-5.366149929519892e-05,5.366149929519892e-05,2
B1:pythia_training_log_existing.csv:187,B1,0.162405,2.7135,2.713420633773897,-7.936622610271726e-05,7.936622610271726e-05,2
B1:pythia_training_log_existing.csv:188,B1,0.162405,2.7109,2.710692338831246,-0.0002076611687540364,0.0002076611687540364,2
B1:pythia_training_log_existing.csv:189,B1,0.162405,2.7082,2.7080544159788866,-0.00014558402111353175,0.00014558402111353175,2
B1:pythia_training_log_existing.csv:190,B1,0.162405,2.7053,2.705501667183491,0.0002016671834912387,0.0002016671834912387,2
B1:pythia_training_log_existing.csv:191,B1,0.162405,2.7029,2.7030293139625075,0.00012931396250737137,0.00012931396250737137,2
B1:pythia_training_log_existing.csv:192,B1,0.162405,2.7007,2.700632954256039,-6.704574396065865e-05,6.704574396065865e-05,2
B1:pythia_training_log_existing.csv:193,B1,0.162405,2.6984,2.6983074327348286,-9.256726517126168e-05,9.256726517126168e-05,2
B1:pythia_training_log_existing.csv:194,B1,0.162405,2.6961,2.6960512068638334,-4.879313616656944e-05,4.879313616656944e-05,2
B1:pythia_training_log_existing.csv:195,B1,0.162405,2.6945,2.693859669613967,-0.0006403303860329501,0.0006403303860329501,2
B1:pythia_training_log_existing.csv:196,B1,0.162405,2.6918,2.691729589470026,-7.041052997402986e-05,7.041052997402986e-05,2
B1:pythia_training_log_existing.csv:197,B1,0.162405,2.6898,2.689657962179939,-0.00014203782006116938,0.00014203782006116938,2
B1:pythia_training_log_existing.csv:198,B1,0.162405,2.6878,2.6876419903363042,-0.00015800966369594605,0.00015800966369594605,2
B1:pythia_training_log_existing.csv:199,B1,0.162405,2.6858,2.6856790651745834,-0.00012093482541652989,0.00012093482541652989,2
B1:pythia_training_log_existing.csv:200,B1,0.162405,2.6837,2.68376585008326,6.585008325998842e-05,6.585008325998842e-05,2
B1:pythia_training_log_existing.csv:201,B1,0.162405,2.682,2.681901889459167,-9.811054083286308e-05,9.811054083286308e-05,2
B1:pythia_training_log_existing.csv:202,B1,0.162405,2.68,2.6800841257134405,8.412571344029729e-05,8.412571344029729e-05,2
B1:pythia_training_log_existing.csv:203,B1,0.162405,2.6783,2.678310558015347,1.0558015346884275e-05,1.0558015346884275e-05,2
B1:pythia_training_log_existing.csv:204,B1,0.162405,2.6765,2.676579307880179,7.93078801790692e-05,7.93078801790692e-05,2
B1:pythia_training_log_existing.csv:205,B1,0.162405,2.6749,2.674888609585635,-1.139041436504229e-05,1.139041436504229e-05,2
B1:pythia_training_log_existing.csv:206,B1,0.162405,2.6736,2.673236022821699,-0.0003639771783010559,0.0003639771783010559,2
B1:pythia_training_log_existing.csv:207,B1,0.162405,2.6713,2.671621556969226,0.00032155696922586685,0.00032155696922586685,2
B1:pythia_training_log_existing.csv:208,B1,0.162405,2.6702,2.670042938894779,-0.00015706110522106798,0.00015706110522106798,2
B1:pythia_training_log_existing.csv:209,B1,0.162405,2.6683,2.66849877487898,0.0001987748789802346,0.0001987748789802346,2
B1:pythia_training_log_existing.csv:210,B1,0.162405,2.6669,2.666987747849922,8.774784992215956e-05,8.774784992215956e-05,2
B1:pythia_training_log_existing.csv:211,B1,0.162405,2.6657,2.665508611973392,-0.00019138802660823018,0.00019138802660823018,2
B1:pythia_training_log_existing.csv:212,B1,0.162405,2.6641,2.6640601877064958,-3.981229350413784e-05,3.981229350413784e-05,2
B1:pythia_training_log_existing.csv:213,B1,0.162405,2.6625,2.6626406875568644,0.00014068755686436063,0.00014068755686436063,2
B1:pythia_training_log_existing.csv:214,B1,0.162405,2.6611,2.6612504041371374,0.00015040413713762746,0.00015040413713762746,2
B1:pythia_training_log_existing.csv:215,B1,0.162405,2.66,2.6598876475267383,-0.00011235247326180087,0.00011235247326180087,2
B1:pythia_training_log_existing.csv:216,B1,0.162405,2.6584,2.658551461656336,0.00015146165633606046,0.00015146165633606046,2
B1:pythia_training_log_existing.csv:217,B1,0.162405,2.6573,2.6572409375118573,-5.9062488142913594e-05,5.9062488142913594e-05,2
B1:pythia_training_log_existing.csv:218,B1,0.162405,2.656,2.655955210157083,-4.478984291722554e-05,4.478984291722554e-05,2
B1:pythia_training_log_existing.csv:219,B1,0.162405,2.6546,2.654693455985277,9.345598527721322e-05,9.345598527721322e-05,2
B1:pythia_training_log_existing.csv:220,B1,0.162405,2.6538,2.6534543049533124,-0.00034569504668757745,0.00034569504668757745,2
B1:pythia_training_log_existing.csv:221,B1,0.162405,2.6523,2.6522381896630263,-6.181033697361116e-05,6.181033697361116e-05,2
B1:pythia_training_log_existing.csv:222,B1,0.162405,2.6507,2.6510437999123306,0.00034379991233057794,0.00034379991233057794,2
B1:pythia_training_log_existing.csv:223,B1,0.162405,2.6499,2.6498704538443234,-2.9546155676740682e-05,2.9546155676740682e-05,2
B1:pythia_training_log_existing.csv:224,B1,0.162405,2.6486,2.6487174999709695,0.00011749997096943687,0.00011749997096943687,2
B1:pythia_training_log_existing.csv:225,B1,0.162405,2.6477,2.6475843154317595,-0.00011568456824040396,0.00011568456824040396,2
B1:pythia_training_log_existing.csv:226,B1,0.162405,2.6464,2.646469777615666,6.977761566595575e-05,6.977761566595575e-05,2
B1:pythia_training_log_existing.csv:227,B1,0.162405,2.6454,2.6453743784250783,-2.5621574921697032e-05,2.5621574921697032e-05,2
B1:pythia_training_log_existing.csv:228,B1,0.162405,2.6444,2.6442970358482967,-0.00010296415170341078,0.00010296415170341078,2
B1:pythia_training_log_existing.csv:229,B1,0.162405,2.6434,2.643237226419164,-0.0001627735808362729,0.0001627735808362729,2
B1:pythia_training_log_existing.csv:230,B1,0.162405,2.642,2.6421944482292563,0.00019444822925640537,0.00019444822925640537,2
B1:pythia_training_log_existing.csv:231,B1,0.162405,2.6411,2.6411682197837534,6.821978375359805e-05,6.821978375359805e-05,2
B1:pythia_training_log_existing.csv:232,B1,0.162405,2.6401,2.6401580789313,5.807893130027608e-05,5.807893130027608e-05,2
B1:pythia_training_log_existing.csv:233,B1,0.162405,2.6391,2.6391631112780285,6.31112780284937e-05,6.31112780284937e-05,2
B1:pythia_training_log_existing.csv:234,B1,0.162405,2.6385,2.6381838387435477,-0.00031616125645239634,0.00031616125645239634,2
B1:pythia_training_log_existing.csv:235,B1,0.162405,2.6373,2.6372193735110034,-8.062648899676006e-05,8.062648899676006e-05,2
B1:pythia_training_log_existing.csv:236,B1,0.162405,2.6361,2.636269321401831,0.00016932140183101296,0.00016932140183101296,2
B1:pythia_training_log_existing.csv:237,B1,0.162405,2.6355,2.6353333031591406,-0.00016669684085934833,0.00016669684085934833,2
B1:pythia_training_log_existing.csv:238,B1,0.162405,2.6347,2.634410953719044,-0.0002890462809559402,0.0002890462809559402,2
B1:pythia_training_log_existing.csv:239,B1,0.162405,2.6337,2.63350149115608,-0.0001985088439200311,0.0001985088439200311,2
B1:pythia_training_log_existing.csv:240,B1,0.162405,2.6324,2.6326054436257715,0.00020544362577146202,0.00020544362577146202,2
B1:pythia_training_log_existing.csv:241,B1,0.162405,2.6317,2.6317220480578185,2.204805781857999e-05,2.204805781857999e-05,2
B1:pythia_training_log_existing.csv:242,B1,0.162405,2.6311,2.630850989702889,-0.0002490102971108854,0.0002490102971108854,2
B1:pythia_training_log_existing.csv:243,B1,0.162405,2.6299,2.6299919649547827,9.196495478258626e-05,9.196495478258626e-05,2
B1:pythia_training_log_existing.csv:244,B1,0.162405,2.6292,2.629144680841139,-5.531915886081151e-05,5.531915886081151e-05,2
B1:pythia_training_log_existing.csv:245,B1,0.162405,2.6284,2.6283088545425652,-9.114545743482694e-05,9.114545743482694e-05,2
B1:pythia_training_log_existing.csv:246,B1,0.162405,2.6274,2.627483822315815,8.382231581460786e-05,8.382231581460786e-05,2
B1:pythia_training_log_existing.csv:247,B1,0.162405,2.6267,2.6266701067005584,-2.9893299441585697e-05,2.9893299441585697e-05,2
B1:pythia_training_log_existing.csv:248,B1,0.162405,2.6254,2.6258670568196556,0.0004670568196556424,0.0004670568196556424,2
B1:pythia_training_log_existing.csv:249,B1,0.162405,2.6249,2.6250744261665853,0.00017442616658547294,0.00017442616658547294,2
B1:pythia_training_log_existing.csv:250,B1,0.162405,2.6243,2.624291976348807,-8.023651192790027e-06,8.023651192790027e-06,2
B1:pythia_training_log_existing.csv:251,B1,0.162405,2.6234,2.6235194767427106,0.00011947674271040043,0.00011947674271040043,2
B1:pythia_training_log_existing.csv:252,B1,0.162405,2.623,2.622756342707559,-0.0002436572924411351,0.0002436572924411351,2
B1:pythia_training_log_existing.csv:253,B1,0.162405,2.6218,2.6220030855960124,0.00020308559601245335,0.00020308559601245335,2
B1:pythia_training_log_existing.csv:254,B1,0.162405,2.6212,2.6212591301526063,5.9130152606279296e-05,5.9130152606279296e-05,2
B1:pythia_training_log_existing.csv:255,B1,0.162405,2.6206,2.620524273724527,-7.572627547292043e-05,7.572627547292043e-05,2
B1:pythia_training_log_existing.csv:256,B1,0.162405,2.62,2.619798319950573,-0.00020168004942711093,0.00020168004942711093,2
B1:pythia_training_log_existing.csv:257,B1,0.162405,2.6189,2.6190810785086582,0.00018107850865822783,0.00018107850865822783,2
B1:pythia_training_log_existing.csv:258,B1,0.162405,2.6186,2.618372364875701,-0.00022763512429868626,0.00022763512429868626,2
B1:pythia_training_log_existing.csv:259,B1,0.162405,2.6177,2.6176716680788186,-2.833192118156802e-05,2.833192118156802e-05,2
B1:pythia_training_log_existing.csv:260,B1,0.162405,2.6169,2.6169794824172996,7.948241729982541e-05,7.948241729982541e-05,2
B1:pythia_training_log_existing.csv:261,B1,0.162405,2.6164,2.6162953034803347,-0.00010469651966538152,0.00010469651966538152,2
B1:pythia_training_log_existing.csv:262,B1,0.162405,2.6157,2.615618967765672,-8.103223432787132e-05,8.103223432787132e-05,2
B1:pythia_training_log_existing.csv:263,B1,0.162405,2.6149,2.614950316531723,5.031653172293815e-05,5.031653172293815e-05,2
B1:pythia_training_log_existing.csv:264,B1,0.162405,2.6143,2.6142891956182797,-1.0804381720408429e-05,1.0804381720408429e-05,2
B1:pythia_training_log_existing.csv:265,B1,0.162405,2.6136,2.6136354552754817,3.545527548176608e-05,3.545527548176608e-05,2
B1:pythia_training_log_existing.csv:266,B1,0.162405,2.613,2.6129886434037823,-1.1356596217648729e-05,1.1356596217648729e-05,2
B1:pythia_training_log_existing.csv:267,B1,0.162405,2.6125,2.612349235135035,-0.0001507648649647919,0.0001507648649647919,2
B1:pythia_training_log_existing.csv:268,B1,0.162405,2.612,2.6117167829891406,-0.00028321701085953777,0.00028321701085953777,2
B1:pythia_training_log_existing.csv:269,B1,0.162405,2.6109,2.6110911532991326,0.00019115329913255152,0.00019115329913255152,2
B1:pythia_training_log_existing.csv:270,B1,0.162405,2.6108,2.6104722160622797,-0.00032778393772003867,0.00032778393772003867,2
B1:pythia_training_log_existing.csv:271,B1,0.162405,2.6096,2.609859844810098,0.0002598448100981088,0.0002598448100981088,2
B1:pythia_training_log_existing.csv:272,B1,0.162405,2.6092,2.6092536290516986,5.3629051698589336e-05,5.3629051698589336e-05,2
B1:pythia_training_log_existing.csv:273,B1,0.162405,2.6088,2.608654026871295,-0.00014597312870501256,0.00014597312870501256,2
B1:pythia_training_log_existing.csv:274,B1,0.162405,2.6081,2.6080606312037693,-3.936879623056555e-05,3.936879623056555e-05,2
B1:pythia_training_log_existing.csv:275,B1,0.162405,2.6074,2.607473328527793,7.332852779295962e-05,7.332852779295962e-05,2
B1:pythia_training_log_existing.csv:276,B1,0.162405,2.6069,2.606892008285395,-7.991714605193323e-06,7.991714605193323e-06,2
B1:pythia_training_log_existing.csv:277,B1,0.162405,2.6063,2.6063165627818203,1.656278182027293e-05,1.656278182027293e-05,2
B1:pythia_training_log_existing.csv:278,B1,0.162405,2.6057,2.6057468870895284,4.6887089528269144e-05,4.6887089528269144e-05,2
B1:pythia_training_log_existing.csv:279,B1,0.162405,2.6053,2.6051826113326406,-0.00011738866735955256,0.00011738866735955256,2
B1:pythia_training_log_existing.csv:280,B1,0.162405,2.6047,2.604624173724388,-7.58262756117567e-05,7.58262756117567e-05,2
B1:pythia_training_log_existing.csv:281,B1,0.162405,2.604,2.6040712068002825,7.120680028238624e-05,7.120680028238624e-05,2
B1:pythia_training_log_existing.csv:282,B1,0.162405,2.6037,2.6035236158187636,-0.00017638418123633315,0.00017638418123633315,2
B1:pythia_training_log_existing.csv:283,B1,0.162405,2.603,2.602981308380882,-1.8691619118271774e-05,1.8691619118271774e-05,2
B1:pythia_training_log_existing.csv:284,B1,0.162405,2.6026,2.6024441943552787,-0.00015580564472106317,0.00015580564472106317,2
B1:pythia_training_log_existing.csv:285,B1,0.162405,2.602,2.601911933310453,-8.806668954708385e-05,8.806668954708385e-05,2
B1:pythia_training_log_existing.csv:286,B1,0.162405,2.6013,2.6013849468017116,8.494680171144964e-05,8.494680171144964e-05,2
B1:pythia_training_log_existing.csv:287,B1,0.162405,2.6008,2.600862896170387,6.289617038701678e-05,6.289617038701678e-05,2
B1:pythia_training_log_existing.csv:288,B1,0.162405,2.6005,2.6003456996630656,-0.00015430033693419887,0.00015430033693419887,2
B1:pythia_training_log_existing.csv:289,B1,0.162405,2.5999,2.599833277460307,-6.672253969286501e-05,6.672253969286501e-05,2
B1:pythia_training_log_existing.csv:290,B1,0.162405,2.5993,2.599325551617374,2.5551617373942292e-05,2.5551617373942292e-05,2
B1:pythia_training_log_existing.csv:291,B1,0.162405,2.5989,2.598822446007184,-7.755399281617059e-05,7.755399281617059e-05,2
B1:pythia_training_log_existing.csv:292,B1,0.162405,2.5985,2.5983236495891395,-0.00017635041086050407,0.00017635041086050407,2
B1:pythia_training_log_existing.csv:293,B1,0.162405,2.5978,2.597829565177327,2.956517732721764e-05,2.956517732721764e-05,2
B1:pythia_training_log_existing.csv:588,B1,1.416184,4.1816,4.181115584681237,-0.0004844153187635314,0.0004844153187635314,3
B1:pythia_training_log_existing.csv:589,B1,1.416184,3.7976,3.797263344082789,-0.0003366559172111039,0.0003366559172111039,3
B1:pythia_training_log_existing.csv:590,B1,1.416184,3.4805,3.4803270605854775,-0.00017293941452267703,0.00017293941452267703,3
B1:pythia_training_log_existing.csv:591,B1,1.416184,3.22,3.220047577878553,4.757787855291795e-05,4.757787855291795e-05,3
B1:pythia_training_log_existing.csv:592,B1,1.416184,3.0125,3.0124213586843895,-7.864131561063914e-05,7.864131561063914e-05,3
B1:pythia_training_log_existing.csv:593,B1,1.416184,2.8347,2.8346495027849867,-5.0497215013489694e-05,5.0497215013489694e-05,3
B1:pythia_training_log_existing.csv:594,B1,1.416184,2.7458,2.7455700232811435,-0.00022997671885649495,0.00022997671885649495,3
B1:pythia_training_log_existing.csv:595,B1,1.416184,2.6879,2.6882020288200197,0.00030202882001972853,0.00030202882001972853,3
B1:pythia_training_log_existing.csv:596,B1,1.416184,2.6471,2.6468003439824965,-0.00029965601750348014,0.00029965601750348014,3
B1:pythia_training_log_existing.csv:597,B1,1.416184,2.6148,2.614839517191469,3.9517191469329305e-05,3.9517191469329305e-05,3
B1:pythia_training_log_existing.csv:598,B1,1.416184,2.589,2.5890602114932513,6.021149325130537e-05,6.021149325130537e-05,3
B1:pythia_training_log_existing.csv:599,B1,1.416184,2.5674,2.567610421737505,0.00021042173750496218,0.00021042173750496218,3
B1:pythia_training_log_existing.csv:600,B1,1.416184,2.5491,2.549344232862614,0.00024423286261399113,0.00024423286261399113,3
B1:pythia_training_log_existing.csv:601,B1,1.416184,2.5336,2.5334998593689,-0.00010014063109986537,0.00010014063109986537,3
B1:pythia_training_log_existing.csv:602,B1,1.416184,2.5196,2.5195707908425184,-2.9209157481613346e-05,2.9209157481613346e-05,3
B1:pythia_training_log_existing.csv:603,B1,1.416184,2.507,2.5071748090999795,0.00017480909997935612,0.00017480909997935612,3
B1:pythia_training_log_existing.csv:604,B1,1.416184,2.4958,2.4960350348745877,0.00023503487458764738,0.00023503487458764738,3
B1:pythia_training_log_existing.csv:605,B1,1.416184,2.4859,2.485941268339576,4.126833957585063e-05,4.126833957585063e-05,3
B1:pythia_training_log_existing.csv:606,B1,1.416184,2.4769,2.4767304629595523,-0.00016953704044775364,0.00016953704044775364,3
B1:pythia_training_log_existing.csv:607,B1,1.416184,2.4682,2.468273803187006,7.380318700622723e-05,7.380318700622723e-05,3
B1:pythia_training_log_existing.csv:608,B1,1.416184,2.4602,2.4604643076983876,0.0002643076983877002,0.0002643076983877002,3
B1:pythia_training_log_existing.csv:609,B1,1.416184,2.4532,2.4532252336219,2.5233621899989345e-05,2.5233621899989345e-05,3
B1:pythia_training_log_existing.csv:610,B1,1.416184,2.4464,2.446483378780303,8.337878030273416e-05,8.337878030273416e-05,3
B1:pythia_training_log_existing.csv:611,B1,1.416184,2.4398,2.440180997185264,0.00038099718526396487,0.00038099718526396487,3
B1:pythia_training_log_existing.csv:612,B1,1.416184,2.4342,2.434269524594527,6.952459452680415e-05,6.952459452680415e-05,3
B1:pythia_training_log_existing.csv:613,B1,1.416184,2.4287,2.428707761328214,7.761328213895524e-06,7.761328213895524e-06,3
B1:pythia_training_log_existing.csv:614,B1,1.416184,2.4235,2.4234604791998082,-3.952080019198334e-05,3.952080019198334e-05,3
B1:pythia_training_log_existing.csv:615,B1,1.416184,2.4187,2.4184950364761733,-0.00020496352382659566,0.00020496352382659566,3
B1:pythia_training_log_existing.csv:616,B1,1.416184,2.4139,2.4137898586475703,-0.00011014135242959355,0.00011014135242959355,3
B1:pythia_training_log_existing.csv:617,B1,1.416184,2.4093,2.409319581836489,1.9581836489201976e-05,1.9581836489201976e-05,3
B1:pythia_training_log_existing.csv:618,B1,1.416184,2.4049,2.405064098620127,0.0001640986201270067,0.0001640986201270067,3
B1:pythia_training_log_existing.csv:619,B1,1.416184,2.4013,2.4010056882950517,-0.0002943117049483135,0.0002943117049483135,3
B1:pythia_training_log_existing.csv:620,B1,1.416184,2.3971,2.39712866008723,2.8660087230125697e-05,2.8660087230125697e-05,3
B1:pythia_training_log_existing.csv:621,B1,1.416184,2.3934,2.3934173288444773,1.7328844477138006e-05,1.7328844477138006e-05,3
B1:pythia_training_log_existing.csv:622,B1,1.416184,2.3898,2.3898627679129123,6.276791291215389e-05,6.276791291215389e-05,3
B1:pythia_training_log_existing.csv:623,B1,1.416184,2.3865,2.386452001916776,-4.7998083223976806e-05,4.7998083223976806e-05,3
B1:pythia_training_log_existing.csv:624,B1,1.416184,2.3831,2.3831749857258155,7.498572581532414e-05,7.498572581532414e-05,3
B1:pythia_training_log_existing.csv:625,B1,1.416184,2.3799,2.380022653767015,0.00012265376701492414,0.00012265376701492414,3
B1:pythia_training_log_existing.csv:626,B1,1.416184,2.3769,2.376986798971543,8.679897154317828e-05,8.679897154317828e-05,3
B1:pythia_training_log_existing.csv:627,B1,1.416184,2.374,2.3740599696596414,5.9969659641279094e-05,5.9969659641279094e-05,3
B1:pythia_training_log_existing.csv:628,B1,1.416184,2.3712,2.3712340577042594,3.405770425946031e-05,3.405770425946031e-05,3
B1:pythia_training_log_existing.csv:629,B1,1.416184,2.3684,2.3685055614070634,0.00010556140706352579,0.00010556140706352579,3
B1:pythia_training_log_existing.csv:630,B1,1.416184,2.3659,2.365867442674794,-3.2557325206017396e-05,3.2557325206017396e-05,3
B1:pythia_training_log_existing.csv:631,B1,1.416184,2.3633,2.3633145031973335,1.4503197333315399e-05,1.4503197333315399e-05,3
B1:pythia_training_log_existing.csv:632,B1,1.416184,2.361,2.360841964235568,-0.00015803576443218503,0.00015803576443218503,3
B1:pythia_training_log_existing.csv:633,B1,1.416184,2.3581,2.3584454234913546,0.0003454234913546905,0.0003454234913546905,3
B1:pythia_training_log_existing.csv:634,B1,1.416184,2.3562,2.356119725330648,-8.027466935178751e-05,8.027466935178751e-05,3
B1:pythia_training_log_existing.csv:635,B1,1.416184,2.354,2.3538633271802056,-0.0001366728197944589,0.0001366728197944589,3
B1:pythia_training_log_existing.csv:636,B1,1.416184,2.3514,2.3516716217329705,0.0002716217329705728,0.0002716217329705728,3
B1:pythia_training_log_existing.csv:637,B1,1.416184,2.3495,2.3495413772935985,4.1377293598543474e-05,4.1377293598543474e-05,3
B1:pythia_training_log_existing.csv:638,B1,1.416184,2.3474,2.347469589441398,6.958944139823231e-05,6.958944139823231e-05,3
B1:pythia_training_log_existing.csv:639,B1,1.416184,2.3453,2.3454534606109085,0.00015346061090859564,0.00015346061090859564,3
B1:pythia_training_log_existing.csv:640,B1,1.416184,2.3434,2.3434903818892345,9.038188923460311e-05,9.038188923460311e-05,3
B1:pythia_training_log_existing.csv:641,B1,1.416184,2.3414,2.341577016454535,0.00017701645453493953,0.00017701645453493953,3
B1:pythia_training_log_existing.csv:642,B1,1.416184,2.3399,2.3397129087157147,-0.00018709128428540112,0.00018709128428540112,3
B1:pythia_training_log_existing.csv:643,B1,1.416184,2.338,2.337895000887881,-0.00010499911211914181,0.00010499911211914181,3
B1:pythia_training_log_existing.csv:644,B1,1.416184,2.3362,2.336121292023729,-7.870797627074211e-05,7.870797627074211e-05,3
B1:pythia_training_log_existing.csv:645,B1,1.416184,2.3345,2.3343899035284865,-0.00011009647151327684,0.00011009647151327684,3
B1:pythia_training_log_existing.csv:646,B1,1.416184,2.3326,2.3326990695758205,9.906957582073161e-05,9.906957582073161e-05,3
B1:pythia_training_log_existing.csv:647,B1,1.416184,2.331,2.331046349694443,4.6349694442948675e-05,4.6349694442948675e-05,3
B1:pythia_training_log_existing.csv:648,B1,1.416184,2.3295,2.329431753298852,-6.824670114768949e-05,6.824670114768949e-05,3
B1:pythia_training_log_existing.csv:649,B1,1.416184,2.3277,2.3278530071031818,0.00015300710318166821,0.00015300710318166821,3
B1:pythia_training_log_existing.csv:650,B1,1.416184,2.3264,2.3263087173042094,-9.128269579061765e-05,9.128269579061765e-05,3
B1:pythia_training_log_existing.csv:651,B1,1.416184,2.3248,2.3247975667504033,-2.433249596922593e-06,2.433249596922593e-06,3
B1:pythia_training_log_existing.csv:652,B1,1.416184,2.3233,2.323318309531868,1.8309531867988227e-05,1.8309531867988227e-05,3
B1:pythia_training_log_existing.csv:653,B1,1.416184,2.3219,2.321869766033717,-3.023396628298869e-05,3.023396628298869e-05,3
B1:pythia_training_log_existing.csv:654,B1,1.416184,2.3205,2.320450148639634,-4.985136036594895e-05,4.985136036594895e-05,3
B1:pythia_training_log_existing.csv:655,B1,1.416184,2.319,2.3190597500087007,5.975000870073188e-05,5.975000870073188e-05,3
B1:pythia_training_log_existing.csv:656,B1,1.416184,2.3178,2.3176968801017126,-0.0001031198982874848,0.0001031198982874848,3
B1:pythia_training_log_existing.csv:657,B1,1.416184,2.3162,2.316360582789932,0.0001605827899320289,0.0001605827899320289,3
B1:pythia_training_log_existing.csv:658,B1,1.416184,2.3151,2.3150499490025602,-5.005099743993213e-05,5.005099743993213e-05,3
B1:pythia_training_log_existing.csv:659,B1,1.416184,2.3138,2.3137641137491793,-3.588625082073804e-05,3.588625082073804e-05,3
B1:pythia_training_log_existing.csv:660,B1,1.416184,2.3125,2.3125022533712314,2.2533712313865806e-06,2.2533712313865806e-06,3
B1:pythia_training_log_existing.csv:661,B1,1.416184,2.3113,2.3112629977265313,-3.700227346881135e-05,3.700227346881135e-05,3
B1:pythia_training_log_existing.csv:662,B1,1.416184,2.3099,2.3100467794691593,0.0001467794691594193,0.0001467794691594193,3
B1:pythia_training_log_existing.csv:663,B1,1.416184,2.3089,2.3088522883013107,-4.7711698689223425e-05,4.7711698689223425e-05,3
B1:pythia_training_log_existing.csv:664,B1,1.416184,2.3077,2.3076788423225048,-2.1157677495331484e-05,2.1157677495331484e-05,3
B1:pythia_training_log_existing.csv:665,B1,1.416184,2.3065,2.3065257900029135,2.579000291325073e-05,2.579000291325073e-05,3
B1:pythia_training_log_existing.csv:666,B1,1.416184,2.3055,2.3053925084419244,-0.00010749155807543431,0.00010749155807543431,3
B1:pythia_training_log_existing.csv:667,B1,1.416184,2.3042,2.3042778749447237,7.7874944723888e-05,7.7874944723888e-05,3
B1:pythia_training_log_existing.csv:668,B1,1.416184,2.303,2.3031823814679124,0.00018238146791249576,0.00018238146791249576,3
B1:pythia_training_log_existing.csv:669,B1,1.416184,2.3019,2.3021049459183107,0.0002049459183108837,0.0002049459183108837,3
B1:pythia_training_log_existing.csv:670,B1,1.416184,2.3011,2.3010450447955786,-5.495520442133639e-05,5.495520442133639e-05,3
B1:pythia_training_log_existing.csv:671,B1,1.416184,2.2999,2.300002176158408,0.00010217615840790728,0.00010217615840790728,3
B1:pythia_training_log_existing.csv:672,B1,1.416184,2.2991,2.298975858480327,-0.00012414151967332643,0.00012414151967332643,3
B1:pythia_training_log_existing.csv:673,B1,1.416184,2.2978,2.2979656295795,0.00016562957950005952,0.00016562957950005952,3
B1:pythia_training_log_existing.csv:674,B1,1.416184,2.2971,2.2969705749915272,-0.00012942500847268334,0.00012942500847268334,3
B1:pythia_training_log_existing.csv:675,B1,1.416184,2.296,2.295991216690579,-8.783309420667962e-06,8.783309420667962e-06,3
B1:pythia_training_log_existing.csv:676,B1,1.416184,2.295,2.2950266667908004,2.666679080043366e-05,2.666679080043366e-05,3
B1:pythia_training_log_existing.csv:677,B1,1.416184,2.294,2.2940765310873,7.653108729988034e-05,7.653108729988034e-05,3
B1:pythia_training_log_existing.csv:678,B1,1.416184,2.2932,2.2931404302977825,-5.956970221765445e-05,5.956970221765445e-05,3
B1:pythia_training_log_existing.csv:679,B1,1.416184,2.2922,2.29221799933383,1.7999333830065467e-05,1.7999333830065467e-05,3
B1:pythia_training_log_existing.csv:680,B1,1.416184,2.2914,2.291308456208125,-9.154379187492623e-05,9.154379187492623e-05,3
B1:pythia_training_log_existing.csv:681,B1,1.416184,2.2904,2.2904123291300924,1.2329130092414431e-05,1.2329130092414431e-05,3
B1:pythia_training_log_existing.csv:682,B1,1.416184,2.2895,2.28952885496867,2.8854968670000147e-05,2.8854968670000147e-05,3
B1:pythia_training_log_existing.csv:683,B1,1.416184,2.2886,2.2886577189531336,5.771895313344544e-05,5.771895313344544e-05,3
B1:pythia_training_log_existing.csv:684,B1,1.416184,2.2878,2.2877986174565894,-1.382543410421988e-06,1.382543410421988e-06,3
B1:pythia_training_log_existing.csv:685,B1,1.416184,2.287,2.286951257486654,-4.874251334596735e-05,4.874251334596735e-05,3
B1:pythia_training_log_existing.csv:686,B1,1.416184,2.286,2.286115356204552,0.00011535620455216389,0.00011535620455216389,3
B1:pythia_training_log_existing.csv:687,B1,1.416184,2.2852,2.285290249813122,9.024981312188984e-05,9.024981312188984e-05,3
B1:pythia_training_log_existing.csv:688,B1,1.416184,2.2845,2.28447646090455,-2.3539095450164638e-05,2.3539095450164638e-05,3
B1:pythia_training_log_existing.csv:689,B1,1.416184,2.2837,2.283673338548529,-2.6661451471010622e-05,2.6661451471010622e-05,3
B1:pythia_training_log_existing.csv:690,B1,1.416184,2.2829,2.2828806362214684,-1.9363778531733544e-05,1.9363778531733544e-05,3
B1:pythia_training_log_existing.csv:691,B1,1.416184,2.2821,2.282098115514276,-1.8844857239130874e-06,1.8844857239130874e-06,3
B1:pythia_training_log_existing.csv:692,B1,1.416184,2.2814,2.281325545787291,-7.445421270890762e-05,7.445421270890762e-05,3
B1:pythia_training_log_existing.csv:693,B1,1.416184,2.2805,2.2805623423513017,6.234235130175847e-05,6.234235130175847e-05,3
B1:pythia_training_log_existing.csv:694,B1,1.416184,2.2797,2.2798090166100096,0.00010901661000950469,0.00010901661000950469,3
B1:pythia_training_log_existing.csv:695,B1,1.416184,2.2791,2.279064993260025,-3.500673997525183e-05,3.500673997525183e-05,3
B1:pythia_training_log_existing.csv:696,B1,1.416184,2.2782,2.278330069634291,0.00013006963429118557,0.00013006963429118557,3
B1:pythia_training_log_existing.csv:697,B1,1.416184,2.2776,2.2776040493577745,4.049357774427165e-06,4.049357774427165e-06,3
B1:pythia_training_log_existing.csv:698,B1,1.416184,2.2767,2.2768867420949506,0.00018674209495062044,0.00018674209495062044,3
B1:pythia_training_log_existing.csv:699,B1,1.416184,2.2763,2.276177963309679,-0.00012203669032118114,0.00012203669032118114,3
B1:pythia_training_log_existing.csv:700,B1,1.416184,2.2755,2.2754772019857805,-2.2798014219560514e-05,2.2798014219560514e-05,3
B1:pythia_training_log_existing.csv:701,B1,1.416184,2.2748,2.2747849524717116,-1.5047528288292256e-05,1.5047528288292256e-05,3
B1:pythia_training_log_existing.csv:702,B1,1.416184,2.2742,2.2741007103137494,-9.92896862506143e-05,9.92896862506143e-05,3
B1:pythia_training_log_existing.csv:703,B1,1.416184,2.2736,2.273424311997965,-0.00017568800203493495,0.00017568800203493495,3
B1:pythia_training_log_existing.csv:704,B1,1.416184,2.2728,2.2727555987714125,-4.440122858762052e-05,4.440122858762052e-05,3
B1:pythia_training_log_existing.csv:705,B1,1.416184,2.2719,2.272094416462827,0.0001944164628269185,0.0001944164628269185,3
B1:pythia_training_log_existing.csv:706,B1,1.416184,2.2713,2.2714406153115867,0.00014061531158660046,0.00014061531158660046,3
B1:pythia_training_log_existing.csv:707,B1,1.416184,2.2707,2.2707937431790786,9.374317907839824e-05,9.374317907839824e-05,3
B1:pythia_training_log_existing.csv:708,B1,1.416184,2.2702,2.270154275244393,-4.5724755607157164e-05,4.5724755607157164e-05,3
B1:pythia_training_log_existing.csv:709,B1,1.416184,2.2696,2.26952176398863,-7.823601137024738e-05,7.823601137024738e-05,3
B1:pythia_training_log_existing.csv:710,B1,1.416184,2.2688,2.2688960757351366,9.607573513648049e-05,9.607573513648049e-05,3
B1:pythia_training_log_existing.csv:711,B1,1.416184,2.2683,2.2682770804717434,-2.291952825661525e-05,2.291952825661525e-05,3
B1:pythia_training_log_existing.csv:712,B1,1.416184,2.2676,2.2676646517207644,6.46517207645303e-05,6.46517207645303e-05,3
B1:pythia_training_log_existing.csv:713,B1,1.416184,2.267,2.267058378955291,5.837895529126058e-05,5.837895529126058e-05,3
B1:pythia_training_log_existing.csv:714,B1,1.416184,2.2663,2.2664587203051294,0.00015872030512920077,0.00015872030512920077,3
B1:pythia_training_log_existing.csv:715,B1,1.416184,2.2658,2.2658652686693346,6.526866933453945e-05,6.526866933453945e-05,3
B1:pythia_training_log_existing.csv:716,B1,1.416184,2.2652,2.2652779105182543,7.791051825423168e-05,7.791051825423168e-05,3
B1:pythia_training_log_existing.csv:717,B1,1.416184,2.2646,2.264696535285797,9.653528579667281e-05,9.653528579667281e-05,3
B1:pythia_training_log_existing.csv:718,B1,1.416184,2.2642,2.2641210352692807,-7.896473071955512e-05,7.896473071955512e-05,3
B1:pythia_training_log_existing.csv:719,B1,1.416184,2.2635,2.2635513055334284,5.130553342835853e-05,5.130553342835853e-05,3
B1:pythia_training_log_existing.csv:720,B1,1.416184,2.2632,2.2629869761693655,-0.00021302383063437347,0.00021302383063437347,3
B1:pythia_training_log_existing.csv:721,B1,1.416184,2.2625,2.262428485434048,-7.151456595222427e-05,7.151456595222427e-05,3
B1:pythia_training_log_existing.csv:722,B1,1.416184,2.2619,2.261875465830123,-2.453416987657775e-05,2.453416987657775e-05,3
B1:pythia_training_log_existing.csv:723,B1,1.416184,2.2613,2.261327822608995,2.7822608994920728e-05,2.7822608994920728e-05,3
B1:pythia_training_log_existing.csv:724,B1,1.416184,2.2609,2.2607854633648374,-0.00011453663516247659,0.00011453663516247659,3
B1:pythia_training_log_existing.csv:725,B1,1.416184,2.2602,2.2602482979595764,4.829795957617122e-05,4.829795957617122e-05,3
B1:pythia_training_log_existing.csv:726,B1,1.416184,2.2597,2.259715985930942,1.5985930942097326e-05,1.5985930942097326e-05,3
B1:pythia_training_log_existing.csv:727,B1,1.416184,2.2594,2.259188948876424,-0.00021105112357577838,0.00021105112357577838,3
B1:pythia_training_log_existing.csv:728,B1,1.416184,2.2587,2.2586668481066807,-3.315189331942747e-05,3.315189331942747e-05,3
B1:pythia_training_log_existing.csv:729,B1,1.416184,2.2583,2.2581496018621614,-0.00015039813783879197,0.00015039813783879197,3
B1:pythia_training_log_existing.csv:730,B1,1.416184,2.2576,2.2576371303174274,3.7130317427358506e-05,3.7130317427358506e-05,3
B1:pythia_training_log_existing.csv:731,B1,1.416184,2.2571,2.2571293555218714,2.9355521871554657e-05,2.9355521871554657e-05,3
B1:pythia_training_log_existing.csv:732,B1,1.416184,2.2568,2.2566262013426712,-0.0001737986573289163,0.0001737986573289163,3
B1:pythia_training_log_existing.csv:733,B1,1.416184,2.2561,2.2561273567107194,2.7356710719406152e-05,2.7356710719406152e-05,3
B1:pythia_training_log_existing.csv:734,B1,1.416184,2.2558,2.2556332244805652,-0.00016677551943455882,0.00016677551943455882,3
B1:pythia_training_log_existing.csv:735,B1,2.782831,4.1162,4.116584893268466,0.0003848932684658024,0.0003848932684658024,3
B1:pythia_training_log_existing.csv:736,B1,2.782831,3.7324,3.7327326526700184,0.00033265267001825194,0.00033265267001825194,3
B1:pythia_training_log_existing.csv:737,B1,2.782831,3.4164,3.415796369172707,-0.000603630827292978,0.000603630827292978,3
B1:pythia_training_log_existing.csv:738,B1,2.782831,3.1558,3.1555168864657825,-0.0002831135342176161,0.0002831135342176161,3
B1:pythia_training_log_existing.csv:739,B1,2.782831,2.9476,2.9478906672716185,0.0002906672716185277,0.0002906672716185277,3
B1:pythia_training_log_existing.csv:740,B1,2.782831,2.7702,2.7701188113722157,-8.118862778427882e-05,8.118862778427882e-05,3
B1:pythia_training_log_existing.csv:741,B1,2.782831,2.6811,2.681039331868373,-6.066813162686202e-05,6.066813162686202e-05,3
B1:pythia_training_log_existing.csv:742,B1,2.782831,2.6238,2.6236713374072487,-0.00012866259275146064,0.00012866259275146064,3
B1:pythia_training_log_existing.csv:743,B1,2.782831,2.5824,2.5822696525697255,-0.0001303474302742913,0.0001303474302742913,3
B1:pythia_training_log_existing.csv:744,B1,2.782831,2.5504,2.5503088257786986,-9.117422130122677e-05,9.117422130122677e-05,3
B1:pythia_training_log_existing.csv:745,B1,2.782831,2.5246,2.5245295200804803,-7.047991951969479e-05,7.047991951969479e-05,3
B1:pythia_training_log_existing.csv:746,B1,2.782831,2.503,2.5030797303247345,7.973032473440611e-05,7.973032473440611e-05,3
B1:pythia_training_log_existing.csv:747,B1,2.782831,2.4846,2.484813541449843,0.000213541449843202,0.000213541449843202,3
B1:pythia_training_log_existing.csv:748,B1,2.782831,2.469,2.4689691679561294,-3.083204387044347e-05,3.083204387044347e-05,3
B1:pythia_training_log_existing.csv:749,B1,2.782831,2.455,2.455040099429748,4.009942974780856e-05,4.009942974780856e-05,3
B1:pythia_training_log_existing.csv:750,B1,2.782831,2.4427,2.4426441176872085,-5.588231279141098e-05,5.588231279141098e-05,3
B1:pythia_training_log_existing.csv:751,B1,2.782831,2.4313,2.431504343461817,0.00020434346181730234,0.00020434346181730234,3
B1:pythia_training_log_existing.csv:752,B1,2.782831,2.4212,2.4214105769268053,0.00021057692680548357,0.00021057692680548357,3
B1:pythia_training_log_existing.csv:753,B1,2.782831,2.4123,2.4121997715467813,-0.00010022845321877583,0.00010022845321877583,3
B1:pythia_training_log_existing.csv:754,B1,2.782831,2.4037,2.4037431117742356,4.3111774235438105e-05,4.3111774235438105e-05,3
B1:pythia_training_log_existing.csv:755,B1,2.782831,2.396,2.3959336162856166,-6.638371438327795e-05,6.638371438327795e-05,3
B1:pythia_training_log_existing.csv:756,B1,2.782831,2.3887,2.3886945422091292,-5.4577908707997835e-06,5.4577908707997835e-06,3
B1:pythia_training_log_existing.csv:757,B1,2.782831,2.3819,2.381952687367532,5.268736753194503e-05,5.268736753194503e-05,3
B1:pythia_training_log_existing.csv:758,B1,2.782831,2.3757,2.375650305772493,-4.96942275072243e-05,4.96942275072243e-05,3
B1:pythia_training_log_existing.csv:759,B1,2.782831,2.3697,2.369738833181756,3.883318175601502e-05,3.883318175601502e-05,3
B1:pythia_training_log_existing.csv:760,B1,2.782831,2.3642,2.364177069915443,-2.2930084556893604e-05,2.2930084556893604e-05,3
B1:pythia_training_log_existing.csv:761,B1,2.782831,2.3589,2.3589297877870377,2.9787787037438562e-05,2.9787787037438562e-05,3
B1:pythia_training_log_existing.csv:762,B1,2.782831,2.3539,2.3539643450634022,6.434506340236013e-05,6.434506340236013e-05,3
B1:pythia_training_log_existing.csv:763,B1,2.782831,2.3492,2.3492591672347998,5.916723479959529e-05,5.916723479959529e-05,3
B1:pythia_training_log_existing.csv:764,B1,2.782831,2.3448,2.3447888904237186,-1.1109576281587152e-05,1.1109576281587152e-05,3
B1:pythia_training_log_existing.csv:765,B1,2.782831,2.3405,2.340533407207356,3.340720735600655e-05,3.340720735600655e-05,3
B1:pythia_training_log_existing.csv:766,B1,2.782831,2.3366,2.3364749968822807,-0.00012500311771912465,0.00012500311771912465,3
B1:pythia_training_log_existing.csv:767,B1,2.782831,2.3325,2.332597968674459,9.796867445910351e-05,9.796867445910351e-05,3
B1:pythia_training_log_existing.csv:768,B1,2.782831,2.3288,2.3288866374317068,8.663743170655991e-05,8.663743170655991e-05,3
B1:pythia_training_log_existing.csv:769,B1,2.782831,2.3253,2.3253320765001417,3.207650014180885e-05,3.207650014180885e-05,3
B1:pythia_training_log_existing.csv:770,B1,2.782831,2.3221,2.321921310504005,-0.00017868949599497697,0.00017868949599497697,3
B1:pythia_training_log_existing.csv:771,B1,2.782831,2.3186,2.318644294313045,4.4294313044979106e-05,4.4294313044979106e-05,3
B1:pythia_training_log_existing.csv:772,B1,2.782831,2.3156,2.315491962354244,-0.00010803764575584296,0.00010803764575584296,3
B1:pythia_training_log_existing.csv:773,B1,2.782831,2.3123,2.3124561075587726,0.00015610755877260019,0.00015610755877260019,3
B1:pythia_training_log_existing.csv:774,B1,2.782831,2.3095,2.3095292782468704,2.9278246870489966e-05,2.9278246870489966e-05,3
B1:pythia_training_log_existing.csv:775,B1,2.782831,2.3068,2.306703366291489,-9.663370851109576e-05,9.663370851109576e-05,3
B1:pythia_training_log_existing.csv:776,B1,2.782831,2.304,2.303974869994293,-2.513000570703028e-05,2.513000570703028e-05,3
B1:pythia_training_log_existing.csv:777,B1,2.782831,2.3014,2.301336751262023,-6.324873797725061e-05,6.324873797725061e-05,3
B1:pythia_training_log_existing.csv:778,B1,2.782831,2.2987,2.2987838117845625,8.381178456229321e-05,8.381178456229321e-05,3
B1:pythia_training_log_existing.csv:779,B1,2.782831,2.2964,2.296311272822797,-8.872717720320722e-05,8.872717720320722e-05,3
B1:pythia_training_log_existing.csv:780,B1,2.782831,2.2941,2.2939147320785835,-0.00018526792141626558,0.00018526792141626558,3
B1:pythia_training_log_existing.csv:781,B1,2.782831,2.2915,2.291589033917877,8.903391787695725e-05,8.903391787695725e-05,3
B1:pythia_training_log_existing.csv:782,B1,2.782831,2.2893,2.289332635767435,3.2635767435174046e-05,3.2635767435174046e-05,3
B1:pythia_training_log_existing.csv:783,B1,2.782831,2.2873,2.2871409303201995,-0.00015906967980061637,0.00015906967980061637,3
B1:pythia_training_log_existing.csv:784,B1,2.782831,2.2851,2.285010685880828,-8.93141191720126e-05,8.93141191720126e-05,3
B1:pythia_training_log_existing.csv:785,B1,2.782831,2.2829,2.282938898028627,3.889802862699909e-05,3.889802862699909e-05,3
B1:pythia_training_log_existing.csv:786,B1,2.782831,2.2809,2.2809227691981375,2.276919813759548e-05,2.276919813759548e-05,3
B1:pythia_training_log_existing.csv:787,B1,2.782831,2.2789,2.278959690476464,5.969047646381398e-05,5.969047646381398e-05,3
B1:pythia_training_log_existing.csv:788,B1,2.782831,2.2769,2.2770463250417645,0.0001463250417645945,0.0001463250417645945,3
B1:pythia_training_log_existing.csv:789,B1,2.782831,2.2751,2.275182217302944,8.221730294399876e-05,8.221730294399876e-05,3
B1:pythia_training_log_existing.csv:790,B1,2.782831,2.2733,2.27336430947511,6.430947511004703e-05,6.430947511004703e-05,3
B1:pythia_training_log_existing.csv:791,B1,2.782831,2.2715,2.2715906006109585,9.060061095844674e-05,9.060061095844674e-05,3
B1:pythia_training_log_existing.csv:792,B1,2.782831,2.2698,2.2698592121157155,5.921211571546792e-05,5.921211571546792e-05,3
B1:pythia_training_log_existing.csv:793,B1,2.782831,2.2682,2.26816837816305,-3.1621836950268545e-05,3.1621836950268545e-05,3
B1:pythia_training_log_existing.csv:794,B1,2.782831,2.2666,2.266515658281672,-8.434171832805148e-05,8.434171832805148e-05,3
B1:pythia_training_log_existing.csv:795,B1,2.782831,2.2648,2.264901061886081,0.00010106188608105526,0.00010106188608105526,3
B1:pythia_training_log_existing.csv:796,B1,2.782831,2.2634,2.2633223156904108,-7.768430958909889e-05,7.768430958909889e-05,3
B1:pythia_training_log_existing.csv:797,B1,2.782831,2.2617,2.261778025891439,7.802589143901528e-05,7.802589143901528e-05,3
B1:pythia_training_log_existing.csv:798,B1,2.782831,2.2603,2.2602668753376323,-3.312466236771172e-05,3.312466236771172e-05,3
B1:pythia_training_log_existing.csv:799,B1,2.782831,2.2588,2.2587876181190976,-1.2381880902356812e-05,1.2381880902356812e-05,3
B1:pythia_training_log_existing.csv:800,B1,2.782831,2.2572,2.2573390746209463,0.00013907462094620016,0.00013907462094620016,3
B1:pythia_training_log_existing.csv:801,B1,2.782831,2.2559,2.2559194572268635,1.9457226863472954e-05,1.9457226863472954e-05,3
B1:pythia_training_log_existing.csv:802,B1,2.782831,2.2545,2.2545290585959297,2.9058595929498665e-05,2.9058595929498665e-05,3
B1:pythia_training_log_existing.csv:803,B1,2.782831,2.2532,2.253166188688942,-3.38113110580629e-05,3.38113110580629e-05,3
B1:pythia_training_log_existing.csv:804,B1,2.782831,2.2518,2.251829891377161,2.9891377161028743e-05,2.9891377161028743e-05,3
B1:pythia_training_log_existing.csv:805,B1,2.782831,2.2507,2.250519257589789,-0.0001807424102109323,0.0001807424102109323,3
B1:pythia_training_log_existing.csv:806,B1,2.782831,2.2492,2.2492334223364088,3.342233640868386e-05,3.342233640868386e-05,3
B1:pythia_training_log_existing.csv:807,B1,2.782831,2.2479,2.2479715619584604,7.15619584603644e-05,7.15619584603644e-05,3
B1:pythia_training_log_existing.csv:808,B1,2.782831,2.2467,2.2467323063137603,3.230631376016646e-05,3.230631376016646e-05,3
B1:pythia_training_log_existing.csv:809,B1,2.782831,2.2455,2.2455160880563882,1.6088056388419147e-05,1.6088056388419147e-05,3
B1:pythia_training_log_existing.csv:810,B1,2.782831,2.2443,2.24432159688854,2.1596888540198478e-05,2.1596888540198478e-05,3
B1:pythia_training_log_existing.csv:811,B1,2.782831,2.2432,2.243148150909734,-5.184909026567652e-05,5.184909026567652e-05,3
B1:pythia_training_log_existing.csv:812,B1,2.782831,2.2421,2.241995098590143,-0.00010490140985730534,0.00010490140985730534,3
B1:pythia_training_log_existing.csv:813,B1,2.782831,2.2408,2.2408618170291534,6.181702915331044e-05,6.181702915331044e-05,3
B1:pythia_training_log_existing.csv:814,B1,2.782831,2.2397,2.2397471835319527,4.718353195265479e-05,4.718353195265479e-05,3
B1:pythia_training_log_existing.csv:815,B1,2.782831,2.2387,2.2386516900551414,-4.8309944858715426e-05,4.8309944858715426e-05,3
B1:pythia_training_log_existing.csv:816,B1,2.782831,2.2375,2.2375742545055397,7.425450553988355e-05,7.425450553988355e-05,3
B1:pythia_training_log_existing.csv:817,B1,2.782831,2.2366,2.2365143533828076,-8.564661719256961e-05,8.564661719256961e-05,3
B1:pythia_training_log_existing.csv:818,B1,2.782831,2.2355,2.2354714847456374,-2.851525436264879e-05,2.851525436264879e-05,3
B1:pythia_training_log_existing.csv:819,B1,2.782831,2.2343,2.2344451670675562,0.00014516706755607345,0.00014516706755607345,3
B1:pythia_training_log_existing.csv:820,B1,2.782831,2.2336,2.233434938166729,-0.0001650618332709186,0.0001650618332709186,3
B1:pythia_training_log_existing.csv:821,B1,2.782831,2.2326,2.2324398835787567,-0.00016011642124347247,0.00016011642124347247,3
B1:pythia_training_log_existing.csv:822,B1,2.782831,2.2314,2.231460525277808,6.052527780830985e-05,6.052527780830985e-05,3
B1:pythia_training_log_existing.csv:823,B1,2.782831,2.2305,2.2304959753780293,-4.024621970799558e-06,4.024621970799558e-06,3
B1:pythia_training_log_existing.csv:824,B1,2.782831,2.2296,2.229545839674529,-5.416032547111982e-05,5.416032547111982e-05,3
B1:pythia_training_log_existing.csv:825,B1,2.782831,2.2286,2.2286097388850115,9.738885011323362e-06,9.738885011323362e-06,3
B1:pythia_training_log_existing.csv:826,B1,2.782831,2.2277,2.227687307921059,-1.269207894116775e-05,1.269207894116775e-05,3
B1:pythia_training_log_existing.csv:827,B1,2.782831,2.2269,2.2267777647953544,-0.00012223520464571536,0.00012223520464571536,3
B1:pythia_training_log_existing.csv:828,B1,2.782831,2.2259,2.225881637717322,-1.8362282678374697e-05,1.8362282678374697e-05,3
B1:pythia_training_log_existing.csv:829,B1,2.782831,2.2249,2.2249981635558993,9.816355589942205e-05,9.816355589942205e-05,3
B1:pythia_training_log_existing.csv:830,B1,2.782831,2.224,2.224127027540363,0.00012702754036286734,0.00012702754036286734,3
B1:pythia_training_log_existing.csv:831,B1,2.782831,2.2232,2.223267926043819,6.792604381899991e-05,6.792604381899991e-05,3
B1:pythia_training_log_existing.csv:832,B1,2.782831,2.2224,2.2224205660738834,2.056607388345455e-05,2.056607388345455e-05,3
B1:pythia_training_log_existing.csv:833,B1,2.782831,2.2217,2.221584664791781,-0.00011533520821860321,0.00011533520821860321,3
B1:pythia_training_log_existing.csv:834,B1,2.782831,2.2207,2.2207595584003514,5.9558400351544805e-05,5.9558400351544805e-05,3
B1:pythia_training_log_existing.csv:835,B1,2.782831,2.22,2.219945769491779,-5.4230508221397855e-05,5.4230508221397855e-05,3
B1:pythia_training_log_existing.csv:836,B1,2.782831,2.2191,2.219142647135758,4.264713575796719e-05,4.264713575796719e-05,3
B1:pythia_training_log_existing.csv:837,B1,2.782831,2.2184,2.2183499448086974,-5.005519130252267e-05,5.005519130252267e-05,3
B1:pythia_training_log_existing.csv:838,B1,2.782831,2.2178,2.2175674241015053,-0.0002325758984946802,0.0002325758984946802,3
B1:pythia_training_log_existing.csv:839,B1,2.782831,2.2168,2.21679485437452,-5.145625479929805e-06,5.145625479929805e-06,3
B1:pythia_training_log_existing.csv:840,B1,2.782831,2.216,2.2160316509385307,3.165093853052525e-05,3.165093853052525e-05,3
B1:pythia_training_log_existing.csv:841,B1,2.782831,2.2154,2.2152783251972386,-0.00012167480276126241,0.00012167480276126241,3
B1:pythia_training_log_existing.csv:842,B1,2.782831,2.2146,2.214534301847254,-6.569815274604096e-05,6.569815274604096e-05,3
B1:pythia_training_log_existing.csv:843,B1,2.782831,2.214,2.2137993782215206,-0.00020062177847934848,0.00020062177847934848,3
B1:pythia_training_log_existing.csv:844,B1,2.782831,2.2131,2.213073357945004,-2.6642054995917874e-05,2.6642054995917874e-05,3
B1:pythia_training_log_existing.csv:845,B1,2.782831,2.2123,2.2123560506821796,5.605068217962028e-05,5.605068217962028e-05,3
B1:pythia_training_log_existing.csv:846,B1,2.782831,2.2117,2.211647271896908,-5.272810309220333e-05,5.272810309220333e-05,3
B1:pythia_training_log_existing.csv:847,B1,2.782831,2.211,2.21094651057301,-5.348942698990555e-05,5.348942698990555e-05,3
B1:pythia_training_log_existing.csv:848,B1,2.782831,2.2103,2.210254261058941,-4.5738941059081384e-05,4.5738941059081384e-05,3
B1:pythia_training_log_existing.csv:849,B1,2.782831,2.2096,2.2095700189009784,-2.998109902163648e-05,2.998109902163648e-05,3
B1:pythia_training_log_existing.csv:850,B1,2.782831,2.209,2.2088936205851946,-0.00010637941480551305,0.00010637941480551305,3
B1:pythia_training_log_existing.csv:851,B1,2.782831,2.2083,2.2082249073586415,-7.509264135840965e-05,7.509264135840965e-05,3
B1:pythia_training_log_existing.csv:852,B1,2.782831,2.2077,2.207563725050056,-0.00013627494994405964,0.00013627494994405964,3
B1:pythia_training_log_existing.csv:853,B1,2.782831,2.207,2.2069099238988157,-9.007610118416665e-05,9.007610118416665e-05,3
B1:pythia_training_log_existing.csv:854,B1,2.782831,2.2063,2.2062630517663075,-3.694823369260192e-05,3.694823369260192e-05,3
B1:pythia_training_log_existing.csv:855,B1,2.782831,2.2056,2.205623583831622,2.358383162182065e-05,2.358383162182065e-05,3
B1:pythia_training_log_existing.csv:856,B1,2.782831,2.2051,2.204991072575859,-0.00010892742414103651,0.00010892742414103651,3
B1:pythia_training_log_existing.csv:857,B1,2.782831,2.2043,2.2043653843223656,6.538432236569136e-05,6.538432236569136e-05,3
B1:pythia_training_log_existing.csv:858,B1,2.782831,2.2038,2.2037463890589724,-5.361094102784847e-05,5.361094102784847e-05,3
B1:pythia_training_log_existing.csv:859,B1,2.782831,2.2031,2.203133960307994,3.396030799374117e-05,3.396030799374117e-05,3
B1:pythia_training_log_existing.csv:860,B1,2.782831,2.2025,2.20252768754252,2.7687542520027364e-05,2.7687542520027364e-05,3
B1:pythia_training_log_existing.csv:861,B1,2.782831,2.202,2.2019280288923584,-7.197110764156633e-05,7.197110764156633e-05,3
B1:pythia_training_log_existing.csv:862,B1,2.782831,2.2014,2.201334577256564,-6.542274343601662e-05,6.542274343601662e-05,3
B1:pythia_training_log_existing.csv:863,B1,2.782831,2.2008,2.2007472191054838,-5.2780894516324395e-05,5.2780894516324395e-05,3
B1:pythia_training_log_existing.csv:864,B1,2.782831,2.2001,2.200165843873026,6.584387302588368e-05,6.584387302588368e-05,3
B1:pythia_training_log_existing.csv:865,B1,2.782831,2.1997,2.1995903438565096,-0.00010965614349034425,0.00010965614349034425,3
B1:pythia_training_log_existing.csv:866,B1,2.782831,2.1991,2.1990206141206574,-7.938587934264163e-05,7.938587934264163e-05,3
B1:pythia_training_log_existing.csv:867,B1,2.782831,2.1986,2.198456284756595,-0.00014371524340495156,0.00014371524340495156,3
B1:pythia_training_log_existing.csv:868,B1,2.782831,2.1979,2.1978977940212774,-2.205978722802371e-06,2.205978722802371e-06,3
B1:pythia_training_log_existing.csv:869,B1,2.782831,2.1974,2.1973447744173527,-5.522558264736688e-05,5.522558264736688e-05,3
B1:pythia_training_log_existing.csv:870,B1,2.782831,2.1968,2.1967971311962238,-2.8688037763124896e-06,2.8688037763124896e-06,3
B1:pythia_training_log_existing.csv:871,B1,2.782831,2.1964,2.196254771952067,-0.00014522804793326571,0.00014522804793326571,3
B1:pythia_training_log_existing.csv:872,B1,2.782831,2.1957,2.1957176065468054,1.7606546805382095e-05,1.7606546805382095e-05,3
B1:pythia_training_log_existing.csv:873,B1,2.782831,2.1952,2.195185294518171,-1.4705481828691802e-05,1.4705481828691802e-05,3
B1:pythia_training_log_existing.csv:874,B1,2.782831,2.1947,2.1946582574636535,-4.174253634658953e-05,4.174253634658953e-05,3
B1:pythia_training_log_existing.csv:875,B1,2.782831,2.1942,2.1941361566939097,-6.38433060902166e-05,6.38433060902166e-05,3
B1:pythia_training_log_existing.csv:876,B1,2.782831,2.1936,2.193618910449391,1.8910449390840967e-05,1.8910449390840967e-05,3
B1:pythia_training_log_existing.csv:877,B1,2.782831,2.1931,2.1931064389046564,6.4389046565693775e-06,6.4389046565693775e-06,3
B1:pythia_training_log_existing.csv:878,B1,2.782831,2.1927,2.192598664109101,-0.00010133589089900141,0.00010133589089900141,3
B1:pythia_training_log_existing.csv:879,B1,2.782831,2.192,2.1920955099299007,9.550992990048357e-05,9.550992990048357e-05,3
B1:pythia_training_log_existing.csv:880,B1,2.782831,2.1916,2.191596665297949,-3.334702051382976e-06,3.334702051382976e-06,3
B1:pythia_training_log_existing.csv:881,B1,2.782831,2.1911,2.1911025330677942,2.533067794185939e-06,2.533067794185939e-06,3
B1:pythia_training_log_existing.csv:1000,B1,6.86104,2.141,2.1408743145933378,-0.00012568540666224592,0.00012568540666224592,4
B1:pythia_training_log_existing.csv:1001,B1,6.86104,2.1402,2.140227439873629,2.7439873628853917e-05,2.7439873628853917e-05,4
B1:pythia_training_log_existing.csv:1002,B1,6.86104,2.1396,2.139587969400793,-1.203059920706906e-05,1.203059920706906e-05,4
B1:pythia_training_log_existing.csv:1003,B1,6.86104,2.139,2.1389554556535484,-4.4544346451402816e-05,4.4544346451402816e-05,4
B1:pythia_training_log_existing.csv:1004,B1,6.86104,2.1384,2.138329764954141,-7.023504585879081e-05,7.023504585879081e-05,4
B1:pythia_training_log_existing.csv:1005,B1,6.86104,2.1377,2.1377107672893336,1.076728933346871e-05,1.076728933346871e-05,4
B1:pythia_training_log_existing.csv:1006,B1,6.86104,2.1371,2.1370983361804057,-1.6638195945439804e-06,1.6638195945439804e-06,4
B1:pythia_training_log_existing.csv:1007,B1,6.86104,2.1365,2.136492061098351,-7.938901648962826e-06,7.938901648962826e-06,4
B1:pythia_training_log_existing.csv:1008,B1,6.86104,2.136,2.135892400174211,-0.00010759982578933958,0.00010759982578933958,4
B1:pythia_training_log_existing.csv:1009,B1,6.86104,2.1353,2.1352989463049834,-1.0536950165729309e-06,1.0536950165729309e-06,4
B1:pythia_training_log_existing.csv:1010,B1,6.86104,2.1347,2.1347115859601,1.1585960099758097e-05,1.1585960099758097e-05,4
B1:pythia_training_log_existing.csv:1011,B1,6.86104,2.1342,2.13413020857258,-6.97914274199185e-05,6.97914274199185e-05,4
B1:pythia_training_log_existing.csv:1012,B1,6.86104,2.1334,2.133554706438881,0.00015470643888093605,0.00015470643888093605,4
B1:pythia_training_log_existing.csv:1013,B1,6.86104,2.1331,2.132984974622887,-0.0001150253771133869,0.0001150253771133869,4
B1:pythia_training_log_existing.csv:1014,B1,6.86104,2.1323,2.1324206432139445,0.00012064321394467115,0.00012064321394467115,4
B1:pythia_training_log_existing.csv:1015,B1,6.86104,2.1318,2.1318621504701687,6.21504701685538e-05,6.21504701685538e-05,4
B1:pythia_training_log_existing.csv:1016,B1,6.86104,2.1312,2.1313091288924566,0.00010912889245640045,0.00010912889245640045,4
B1:pythia_training_log_existing.csv:1017,B1,6.86104,2.1307,2.1307614837314652,6.148373146519504e-05,6.148373146519504e-05,4
B1:pythia_training_log_existing.csv:1018,B1,6.86104,2.1303,2.1302191225806464,-8.087741935369763e-05,8.087741935369763e-05,4
B1:pythia_training_log_existing.csv:1019,B1,6.86104,2.1297,2.1296819553012187,-1.8044698781416457e-05,1.8044698781416457e-05,4
B1:pythia_training_log_existing.csv:1020,B1,6.86104,2.1292,2.129149641429358,-5.0358570641950706e-05,5.0358570641950706e-05,4
B1:pythia_training_log_existing.csv:1021,B1,6.86104,2.1286,2.1286226025636443,2.2602563644280593e-05,2.2602563644280593e-05,4
B1:pythia_training_log_existing.csv:1022,B1,6.86104,2.1281,2.128100500013201,5.00013201065741e-07,5.00013201065741e-07,4
B1:pythia_training_log_existing.csv:1023,B1,6.86104,2.1276,2.1275832520178475,-1.6747982152676144e-05,1.6747982152676144e-05,4
B1:pythia_training_log_existing.csv:1024,B1,6.86104,2.127,2.1270707787515315,7.077875153171931e-05,7.077875153171931e-05,4
B1:pythia_training_log_existing.csv:1025,B1,6.86104,2.1266,2.1265630022630493,-3.6997736950539206e-05,3.6997736950539206e-05,4
B1:pythia_training_log_existing.csv:1026,B1,6.86104,2.126,2.126059846418996,5.98464189960346e-05,5.98464189960346e-05,4
B1:pythia_training_log_existing.csv:1027,B1,6.86104,2.1255,2.1255610001489247,6.1000148924517106e-05,6.1000148924517106e-05,4
B1:pythia_training_log_existing.csv:1028,B1,6.86104,2.125,2.1250668663083947,6.686630839469743e-05,6.686630839469743e-05,4
B1:pythia_training_log_existing.csv:882,B1,6.86104,4.0512,4.050590415618665,-0.0006095843813342938,0.0006095843813342938,4
B1:pythia_training_log_existing.csv:883,B1,6.86104,3.6658,3.6667269451885747,0.0009269451885747237,0.0009269451885747237,4
B1:pythia_training_log_existing.csv:884,B1,6.86104,3.3494,3.3497821649434636,0.00038216494346343666,0.00038216494346343666,4
B1:pythia_training_log_existing.csv:885,B1,6.86104,3.0899,3.0894963413105616,-0.0004036586894384797,0.0004036586894384797,4
B1:pythia_training_log_existing.csv:886,B1,6.86104,2.8818,2.8818655630308454,6.55630308452615e-05,6.55630308452615e-05,4
B1:pythia_training_log_existing.csv:887,B1,6.86104,2.7039,2.704090229972201,0.00019022997220119464,0.00019022997220119464,4
B1:pythia_training_log_existing.csv:888,B1,6.86104,2.6151,2.615009182912053,-9.081708794678178e-05,9.081708794678178e-05,4
B1:pythia_training_log_existing.csv:889,B1,6.86104,2.5577,2.557640249416479,-5.975058352092333e-05,5.975058352092333e-05,4
B1:pythia_training_log_existing.csv:890,B1,6.86104,2.5161,2.516237924287812,0.00013792428781211896,0.00013792428781211896,4
B1:pythia_training_log_existing.csv:891,B1,6.86104,2.4841,2.4842766260946263,0.0001766260946260978,0.0001766260946260978,4
B1:pythia_training_log_existing.csv:892,B1,6.86104,2.4586,2.4584969554755634,-0.00010304452443676837,0.00010304452443676837,4
B1:pythia_training_log_existing.csv:893,B1,6.86104,2.4371,2.4370468729720196,-5.312702798043745e-05,5.312702798043745e-05,4
B1:pythia_training_log_existing.csv:894,B1,6.86104,2.4187,2.418780442896078,8.04428960781145e-05,8.04428960781145e-05,4
B1:pythia_training_log_existing.csv:895,B1,6.86104,2.4032,2.4029358664172724,-0.00026413358272758813,0.00026413358272758813,4
B1:pythia_training_log_existing.csv:896,B1,6.86104,2.3889,2.38900662437302,0.0001066243730201144,0.0001066243730201144,4
B1:pythia_training_log_existing.csv:897,B1,6.86104,2.3764,2.3766104921954323,0.00021049219543245457,0.00021049219543245457,4
B1:pythia_training_log_existing.csv:898,B1,6.86104,2.3654,2.3654705860609786,7.058606097842812e-05,7.058606097842812e-05,4
B1:pythia_training_log_existing.csv:899,B1,6.86104,2.3553,2.3553767027460633,7.670274606308425e-05,7.670274606308425e-05,4
B1:pythia_training_log_existing.csv:900,B1,6.86104,2.3462,2.3461657931251994,-3.420687480071294e-05,3.420687480071294e-05,4
B1:pythia_training_log_existing.csv:901,B1,6.86104,2.3377,2.337709039637325,9.039637324903538e-06,9.039637324903538e-06,4
B1:pythia_training_log_existing.csv:902,B1,6.86104,2.3299,2.329899459328619,-5.406713809996688e-07,5.406713809996688e-07,4
B1:pythia_training_log_existing.csv:903,B1,6.86104,2.3225,2.322660308130839,0.00016030813083922624,0.00016030813083922624,4
B1:pythia_training_log_existing.csv:904,B1,6.86104,2.3161,2.3159183827868652,-0.00018161721313481038,0.00018161721313481038,4
B1:pythia_training_log_existing.csv:905,B1,6.86104,2.3096,2.309615936455674,1.5936455673770666e-05,1.5936455673770666e-05,4
B1:pythia_training_log_existing.csv:906,B1,6.86104,2.3038,2.3037044041869565,-9.559581304330322e-05,9.559581304330322e-05,4
B1:pythia_training_log_existing.csv:907,B1,6.86104,2.2982,2.2981425857074544,-5.741429254557673e-05,5.741429254557673e-05,4
B1:pythia_training_log_existing.csv:908,B1,6.86104,2.2929,2.292895252329215,-4.7476707849547495e-06,4.7476707849547495e-06,4
B1:pythia_training_log_existing.csv:909,B1,6.86104,2.288,2.2879297618701755,-7.023812982431821e-05,7.023812982431821e-05,4
B1:pythia_training_log_existing.csv:910,B1,6.86104,2.2832,2.283224539499918,2.4539499918319052e-05,2.4539499918319052e-05,4
B1:pythia_training_log_existing.csv:911,B1,6.86104,2.2788,2.2787542210015572,-4.5778998442713714e-05,4.5778998442713714e-05,4
B1:pythia_training_log_existing.csv:912,B1,6.86104,2.2746,2.2744986986782196,-0.0001013013217803227,0.0001013013217803227,4
B1:pythia_training_log_existing.csv:913,B1,6.86104,2.2704,2.2704402515873428,4.0251587342776673e-05,4.0251587342776673e-05,4
B1:pythia_training_log_existing.csv:914,B1,6.86104,2.2666,2.2665631887452116,-3.681125478838254e-05,3.681125478838254e-05,4
B1:pythia_training_log_existing.csv:915,B1,6.86104,2.2628,2.2628518247997773,5.1824799777389075e-05,5.1824799777389075e-05,4
B1:pythia_training_log_existing.csv:916,B1,6.86104,2.2594,2.2592972329648546,-0.00010276703514522367,0.00010276703514522367,4
B1:pythia_training_log_existing.csv:917,B1,6.86104,2.2558,2.255886437703497,8.643770349703317e-05,8.643770349703317e-05,4
B1:pythia_training_log_existing.csv:918,B1,6.86104,2.2528,2.252609393756033,-0.00019060624396693981,0.00019060624396693981,4
B1:pythia_training_log_existing.csv:919,B1,6.86104,2.2494,2.2494570354336494,5.703543364932173e-05,5.703543364932173e-05,4
B1:pythia_training_log_existing.csv:920,B1,6.86104,2.2463,2.2464211555635623,0.0001211555635620698,0.0001211555635620698,4
B1:pythia_training_log_existing.csv:921,B1,6.86104,2.2435,2.2434943023724006,-5.6976275994991e-06,5.6976275994991e-06,4
B1:pythia_training_log_existing.csv:922,B1,6.86104,2.2406,2.240668367637965,6.83676379646947e-05,6.83676379646947e-05,4
B1:pythia_training_log_existing.csv:923,B1,6.86104,2.238,2.237939849607036,-6.0150392963809196e-05,6.0150392963809196e-05,4
B1:pythia_training_log_existing.csv:924,B1,6.86104,2.2352,2.235301710105712,0.00010171010571236039,0.00010171010571236039,4
B1:pythia_training_log_existing.csv:925,B1,6.86104,2.2327,2.232748750760586,4.875076058619143e-05,4.875076058619143e-05,4
B1:pythia_training_log_existing.csv:926,B1,6.86104,2.2301,2.2302761927747943,0.00017619277479408169,0.00017619277479408169,4
B1:pythia_training_log_existing.csv:927,B1,6.86104,2.2278,2.2278796337973823,7.963379738251675e-05,7.963379738251675e-05,4
B1:pythia_training_log_existing.csv:928,B1,6.86104,2.2253,2.225553918137734,0.00025391813773412153,0.00025391813773412153,4
B1:pythia_training_log_existing.csv:929,B1,6.86104,2.2231,2.223297503194826,0.0001975031948258099,0.0001975031948258099,4
B1:pythia_training_log_existing.csv:930,B1,6.86104,2.2212,2.2211057816121946,-9.421838780543368e-05,9.421838780543368e-05,4
B1:pythia_training_log_existing.csv:931,B1,6.86104,2.219,2.2189755216568017,-2.4478343198186536e-05,2.4478343198186536e-05,4
B1:pythia_training_log_existing.csv:932,B1,6.86104,2.2169,2.216903718873146,3.718873146318913e-06,3.718873146318913e-06,4
B1:pythia_training_log_existing.csv:933,B1,6.86104,2.2148,2.214887575663572,8.757566357209257e-05,8.757566357209257e-05,4
B1:pythia_training_log_existing.csv:934,B1,6.86104,2.2129,2.2129244830853536,2.448308535374366e-05,2.448308535374366e-05,4
B1:pythia_training_log_existing.csv:935,B1,6.86104,2.211,2.211011104282712,1.1104282712004476e-05,1.1104282712004476e-05,4
B1:pythia_training_log_existing.csv:936,B1,6.86104,2.209,2.2091469836515625,0.00014698365156240456,0.00014698365156240456,4
B1:pythia_training_log_existing.csv:937,B1,6.86104,2.2074,2.207329063376587,-7.093662341262075e-05,7.093662341262075e-05,4
B1:pythia_training_log_existing.csv:938,B1,6.86104,2.2056,2.205555342488174,-4.465751182580746e-05,4.465751182580746e-05,4
B1:pythia_training_log_existing.csv:939,B1,6.86104,2.2038,2.203823942370734,2.3942370733998075e-05,2.3942370733998075e-05,4
B1:pythia_training_log_existing.csv:940,B1,6.86104,2.2021,2.2021330971784856,3.309717848543059e-05,3.309717848543059e-05,4
B1:pythia_training_log_existing.csv:941,B1,6.86104,2.2005,2.2004803664168437,-1.9633583156153378e-05,1.9633583156153378e-05,4
B1:pythia_training_log_existing.csv:942,B1,6.86104,2.1987,2.1988657594936334,0.00016575949363328846,0.00016575949363328846,4
B1:pythia_training_log_existing.csv:943,B1,6.86104,2.1973,2.1972870031017386,-1.2996898261175005e-05,1.2996898261175005e-05,4
B1:pythia_training_log_existing.csv:944,B1,6.86104,2.1957,2.195742703422941,4.270342294088181e-05,4.270342294088181e-05,4
B1:pythia_training_log_existing.csv:945,B1,6.86104,2.1941,2.1942315432916155,0.00013154329161535472,0.00013154329161535472,4
B1:pythia_training_log_existing.csv:946,B1,6.86104,2.1927,2.1927522767846117,5.227678461183771e-05,5.227678461183771e-05,4
B1:pythia_training_log_existing.csv:947,B1,6.86104,2.1914,2.1913037242745617,-9.627572543813301e-05,9.627572543813301e-05,4
B1:pythia_training_log_existing.csv:948,B1,6.86104,2.1899,2.1898840981292773,-1.5901870722867528e-05,1.5901870722867528e-05,4
B1:pythia_training_log_existing.csv:949,B1,6.86104,2.1884,2.1884936910050814,9.369100508127559e-05,9.369100508127559e-05,4
B1:pythia_training_log_existing.csv:950,B1,6.86104,2.1872,2.18713081284806,-6.918715193959812e-05,6.918715193959812e-05,4
B1:pythia_training_log_existing.csv:951,B1,6.86104,2.1859,2.185794507519575,-0.00010549248042535098,0.00010549248042535098,4
B1:pythia_training_log_existing.csv:952,B1,6.86104,2.1845,2.1844838659394634,-1.613406053646571e-05,1.613406053646571e-05,4
B1:pythia_training_log_existing.csv:953,B1,6.86104,2.1832,2.183198023108445,-1.9768915549001065e-06,1.9768915549001065e-06,4
B1:pythia_training_log_existing.csv:954,B1,6.86104,2.1819,2.1819361553595633,3.61553595631392e-05,3.61553595631392e-05,4
B1:pythia_training_log_existing.csv:955,B1,6.86104,2.1807,2.1806968925393004,-3.1074606994252463e-06,3.1074606994252463e-06,4
B1:pythia_training_log_existing.csv:956,B1,6.86104,2.1795,2.17948066730102,-1.933269897991252e-05,1.933269897991252e-05,4
B1:pythia_training_log_existing.csv:957,B1,6.86104,2.1783,2.178286169336281,-1.3830663719183178e-05,1.3830663719183178e-05,4
B1:pythia_training_log_existing.csv:958,B1,6.86104,2.1772,2.177112716737789,-8.728326221119076e-05,8.728326221119076e-05,4
B1:pythia_training_log_existing.csv:959,B1,6.86104,2.176,2.175959657969238,-4.034203076219711e-05,4.034203076219711e-05,4
B1:pythia_training_log_existing.csv:960,B1,6.86104,2.1748,2.1748263701238524,2.637012385253712e-05,2.637012385253712e-05,4
B1:pythia_training_log_existing.csv:961,B1,6.86104,2.1738,2.1737117304980678,-8.826950193219218e-05,8.826950193219218e-05,4
B1:pythia_training_log_existing.csv:962,B1,6.86104,2.1726,2.172616231048735,1.623104873482717e-05,1.623104873482717e-05,4
B1:pythia_training_log_existing.csv:963,B1,6.86104,2.1717,2.171538789674388,-0.00016121032561189352,0.00016121032561189352,4
B1:pythia_training_log_existing.csv:964,B1,6.86104,2.1704,2.1704788828696056,7.88828696056676e-05,7.88828696056676e-05,4
B1:pythia_training_log_existing.csv:965,B1,6.86104,2.1696,2.1694360086882294,-0.0001639913117705838,0.0001639913117705838,4
B1:pythia_training_log_existing.csv:966,B1,6.86104,2.1684,2.1684096855991566,9.685599156483704e-06,9.685599156483704e-06,4
B1:pythia_training_log_existing.csv:967,B1,6.86104,2.1673,2.1673994514161268,9.945141612677233e-05,9.945141612677233e-05,4
B1:pythia_training_log_existing.csv:968,B1,6.86104,2.1664,2.166404391668081,4.391668081193956e-06,4.391668081193956e-06,4
B1:pythia_training_log_existing.csv:969,B1,6.86104,2.1654,2.1654250283300605,2.5028330060461457e-05,2.5028330060461457e-05,4
B1:pythia_training_log_existing.csv:970,B1,6.86104,2.1645,2.164460473509851,-3.952649014893339e-05,3.952649014893339e-05,4
B1:pythia_training_log_existing.csv:971,B1,6.86104,2.1635,2.163510332998854,1.0332998853890274e-05,1.0332998853890274e-05,4
B1:pythia_training_log_existing.csv:972,B1,6.86104,2.1625,2.1625742275112243,7.42275112242119e-05,7.42275112242119e-05,4
B1:pythia_training_log_existing.csv:973,B1,6.86104,2.1616,2.1616517919551415,5.1791955141489154e-05,5.1791955141489154e-05,4
B1:pythia_training_log_existing.csv:974,B1,6.86104,2.1609,2.160742244337909,-0.00015775566209086378,0.00015775566209086378,4
B1:pythia_training_log_existing.csv:975,B1,6.86104,2.16,2.159846112870102,-0.00015388712989805597,0.00015388712989805597,4
B1:pythia_training_log_existing.csv:976,B1,6.86104,2.159,2.1589626344154906,-3.736558450917471e-05,3.736558450917471e-05,4
B1:pythia_training_log_existing.csv:977,B1,6.86104,2.1581,2.1580914942004674,-8.505799532709801e-06,8.505799532709801e-06,4
B1:pythia_training_log_existing.csv:978,B1,6.86104,2.1572,2.1572323885953684,3.238859536836003e-05,3.238859536836003e-05,4
B1:pythia_training_log_existing.csv:979,B1,6.86104,2.1564,2.1563850246051492,-1.4975394850846868e-05,1.4975394850846868e-05,4
B1:pythia_training_log_existing.csv:980,B1,6.86104,2.1555,2.155549119388476,4.9119388476182024e-05,4.9119388476182024e-05,4
B1:pythia_training_log_existing.csv:981,B1,6.86104,2.1547,2.15472400914391,2.400914390987552e-05,2.400914390987552e-05,4
B1:pythia_training_log_existing.csv:982,B1,6.86104,2.1538,2.1539102164649417,0.0001102164649418036,0.0001102164649418036,4
B1:pythia_training_log_existing.csv:983,B1,6.86104,2.1531,2.1531070904171306,7.09041713076175e-06,7.09041713076175e-06,4
B1:pythia_training_log_existing.csv:984,B1,6.86104,2.1524,2.152314384474692,-8.561552530794714e-05,8.561552530794714e-05,4
B1:pythia_training_log_existing.csv:985,B1,6.86104,2.1515,2.151531860226422,3.186022642198694e-05,3.186022642198694e-05,4
B1:pythia_training_log_existing.csv:986,B1,6.86104,2.1509,2.1507592870306227,-0.00014071296937734346,0.00014071296937734346,4
B1:pythia_training_log_existing.csv:987,B1,6.86104,2.1499,2.1499960801945166,9.608019451645688e-05,9.608019451645688e-05,4
B1:pythia_training_log_existing.csv:988,B1,6.86104,2.1491,2.149242751123154,0.00014275112315420557,0.00014275112315420557,4
B1:pythia_training_log_existing.csv:989,B1,6.86104,2.1485,2.148498724509684,-1.2754903160328013e-06,1.2754903160328013e-06,4
B1:pythia_training_log_existing.csv:990,B1,6.86104,2.1478,2.1477637976852884,-3.6202314711797356e-05,3.6202314711797356e-05,4
B1:pythia_training_log_existing.csv:991,B1,6.86104,2.1472,2.147037774273234,-0.0001622257267661631,0.0001622257267661631,4
B1:pythia_training_log_existing.csv:992,B1,6.86104,2.1463,2.1463204639363567,2.0463936356573953e-05,2.0463936356573953e-05,4
B1:pythia_training_log_existing.csv:993,B1,6.86104,2.1457,2.145611682136931,-8.831786306906508e-05,8.831786306906508e-05,4
B1:pythia_training_log_existing.csv:994,B1,6.86104,2.1449,2.144910917855852,1.0917855852277114e-05,1.0917855852277114e-05,4
B1:pythia_training_log_existing.csv:995,B1,6.86104,2.1442,2.1442186654429136,1.8665442913512464e-05,1.8665442913512464e-05,4
B1:pythia_training_log_existing.csv:996,B1,6.86104,2.1436,2.143534420441541,-6.55795584592056e-05,6.55795584592056e-05,4
B1:pythia_training_log_existing.csv:997,B1,6.86104,2.1429,2.1428580193364226,-4.198066357741226e-05,4.198066357741226e-05,4
B1:pythia_training_log_existing.csv:998,B1,6.86104,2.1421,2.1421893033732737,8.930337327361926e-05,8.930337327361926e-05,4
B1:pythia_training_log_existing.csv:999,B1,6.86104,2.1416,2.1415281183795374,-7.188162046256608e-05,7.188162046256608e-05,4
B1:pythia_training_log_existing.csv:0,B1,0.070542,4.7388,4.738647259000981,-0.0001527409990194073,0.0001527409990194073,5
B1:pythia_training_log_existing.csv:1,B1,0.070542,4.3541,4.354796470314825,0.000696470314824893,0.000696470314824893,5
B1:pythia_training_log_existing.csv:10,B1,0.070542,3.1466,3.14657959011536,-2.0409884639693843e-05,2.0409884639693843e-05,5
B1:pythia_training_log_existing.csv:100,B1,0.070542,2.842,2.841984212987873,-1.5787012126899924e-05,1.5787012126899924e-05,5
B1:pythia_training_log_existing.csv:101,B1,0.070542,2.8412,2.841181050938329,-1.894906167132504e-05,1.894906167132504e-05,5
B1:pythia_training_log_existing.csv:102,B1,0.070542,2.8403,2.8403883093712188,8.830937121873106e-05,8.830937121873106e-05,5
B1:pythia_training_log_existing.csv:103,B1,0.070542,2.8392,2.839605749867861,0.00040574986786090506,0.00040574986786090506,5
B1:pythia_training_log_existing.csv:104,B1,0.070542,2.8388,2.8388331417793,3.314177930002771e-05,3.314177930002771e-05,5
B1:pythia_training_log_existing.csv:105,B1,0.070542,2.838,2.8380699003893226,6.990038932253029e-05,6.990038932253029e-05,5
B1:pythia_training_log_existing.csv:106,B1,0.070542,2.8377,2.8373165371290687,-0.0003834628709311616,0.0003834628709311616,5
B1:pythia_training_log_existing.csv:107,B1,0.070542,2.8365,2.836572476668478,7.247666847787215e-05,7.247666847787215e-05,5
B1:pythia_training_log_existing.csv:108,B1,0.070542,2.8358,2.835837516332266,3.7516332266118724e-05,3.7516332266118724e-05,5
B1:pythia_training_log_existing.csv:109,B1,0.070542,2.8351,2.8351114597374125,1.145973741234485e-05,1.145973741234485e-05,5
B1:pythia_training_log_existing.csv:11,B1,0.070542,3.1248,3.1251291591487025,0.00032915914870246255,0.00032915914870246255,5
B1:pythia_training_log_existing.csv:110,B1,0.070542,2.8341,2.8343941165406377,0.0002941165406378232,0.0002941165406378232,5
B1:pythia_training_log_existing.csv:111,B1,0.070542,2.8338,2.8336853021982695,-0.00011469780173056776,0.00011469780173056776,5
B1:pythia_training_log_existing.csv:112,B1,0.070542,2.8331,2.8329845056701193,-0.0001154943298806721,0.0001154943298806721,5
B1:pythia_training_log_existing.csv:113,B1,0.070542,2.8324,2.8322922213310884,-0.00010777866891142907,0.00010777866891142907,5
B1:pythia_training_log_existing.csv:114,B1,0.070542,2.8314,2.8316079447036757,0.00020794470367579976,0.00020794470367579976,5
B1:pythia_training_log_existing.csv:115,B1,0.070542,2.8311,2.830931512267233,-0.00016848773276700868,0.00016848773276700868,5
B1:pythia_training_log_existing.csv:116,B1,0.070542,2.83,2.830262765262279,0.0002627652622790855,0.0002627652622790855,5
B1:pythia_training_log_existing.csv:117,B1,0.070542,2.8297,2.8296015495111924,-9.845048880752216e-05,9.845048880752216e-05,5
B1:pythia_training_log_existing.csv:118,B1,0.070542,2.8293,2.8289477152471654,-0.00035228475283455296,0.00035228475283455296,5
B1:pythia_training_log_existing.csv:119,B1,0.070542,2.8281,2.8283008103100062,0.0002008103100061831,0.0002008103100061831,5
B1:pythia_training_log_existing.csv:12,B1,0.070542,3.1064,3.1068624067613944,0.0004624067613945293,0.0004624067613945293,5
B1:pythia_training_log_existing.csv:120,B1,0.070542,2.8275,2.827661309904216,0.00016130990421592273,0.00016130990421592273,5
B1:pythia_training_log_existing.csv:121,B1,0.070542,2.827,2.827028766489477,2.876648947713889e-05,2.876648947713889e-05,5
B1:pythia_training_log_existing.csv:122,B1,0.070542,2.8263,2.82640304638358,0.00010304638358027418,0.00010304638358027418,5
B1:pythia_training_log_existing.csv:123,B1,0.070542,2.8255,2.825784019568943,0.00028401956894308356,0.00028401956894308356,5
B1:pythia_training_log_existing.csv:124,B1,0.070542,2.8251,2.825171559562608,7.155956260795904e-05,7.155956260795904e-05,5
B1:pythia_training_log_existing.csv:125,B1,0.070542,2.8243,2.8245652558178285,0.0002652558178284359,0.0002652558178284359,5
B1:pythia_training_log_existing.csv:126,B1,0.070542,2.824,2.8239655664889334,-3.4433511066467304e-05,3.4433511066467304e-05,5
B1:pythia_training_log_existing.csv:127,B1,0.070542,2.8232,2.8233720844552597,0.0001720844552597356,0.0001720844552597356,5
B1:pythia_training_log_existing.csv:128,B1,0.070542,2.823,2.822784696182393,-0.00021530381760692663,0.00021530381760692663,5
B1:pythia_training_log_existing.csv:129,B1,0.070542,2.822,2.822203291099597,0.00020329109959682512,0.00020329109959682512,5
B1:pythia_training_log_existing.csv:13,B1,0.070542,3.0913,3.091017531011815,-0.0002824689881850695,0.0002824689881850695,5
B1:pythia_training_log_existing.csv:130,B1,0.070542,2.8215,2.82162776149966,0.0001277614996602061,0.0001277614996602061,5
B1:pythia_training_log_existing.csv:131,B1,0.070542,2.8212,2.8210580024428853,-0.00014199755711485906,0.00014199755711485906,5
B1:pythia_training_log_existing.csv:132,B1,0.070542,2.8202,2.820493644002285,0.0002936440022853759,0.0002936440022853759,5
B1:pythia_training_log_existing.csv:133,B1,0.070542,2.8199,2.819935124458322,3.512445832187794e-05,3.512445832187794e-05,5
B1:pythia_training_log_existing.csv:134,B1,0.070542,2.8196,2.819382076295612,-0.00021792370438777908,0.00021792370438777908,5
B1:pythia_training_log_existing.csv:135,B1,0.070542,2.8185,2.8188344047615455,0.0003344047615456702,0.0003344047615456702,5
B1:pythia_training_log_existing.csv:136,B1,0.070542,2.8183,2.8182920174463773,-7.982553622554178e-06,7.982553622554178e-06,5
B1:pythia_training_log_existing.csv:137,B1,0.070542,2.8178,2.8177548242082033,-4.517579179674769e-05,4.517579179674769e-05,5
B1:pythia_training_log_existing.csv:138,B1,0.070542,2.8173,2.8172224845679086,-7.751543209133516e-05,7.751543209133516e-05,5
B1:pythia_training_log_existing.csv:139,B1,0.070542,2.8164,2.8166954201456478,0.00029542014564798436,0.00029542014564798436,5
B1:pythia_training_log_existing.csv:14,B1,0.070542,3.077,3.077088010305995,8.801030599503434e-05,8.801030599503434e-05,5
B1:pythia_training_log_existing.csv:140,B1,0.070542,2.8159,2.8161732922352902,0.0002732922352901568,0.0002732922352901568,5
B1:pythia_training_log_existing.csv:141,B1,0.070542,2.8157,2.8156560190737947,-4.398092620538918e-05,4.398092620538918e-05,5
B1:pythia_training_log_existing.csv:142,B1,0.070542,2.8152,2.8151435208323083,-5.647916769158101e-05,5.647916769158101e-05,5
B1:pythia_training_log_existing.csv:143,B1,0.070542,2.8146,2.814635719556888,3.571955688785877e-05,3.571955688785877e-05,5
B1:pythia_training_log_existing.csv:144,B1,0.070542,2.8142,2.814132539111446,-6.746088855402732e-05,6.746088855402732e-05,5
B1:pythia_training_log_existing.csv:145,B1,0.070542,2.8135,2.813633668411308,0.00013366841130801888,0.00013366841130801888,5
B1:pythia_training_log_existing.csv:146,B1,0.070542,2.8131,2.8131395103327494,3.951033274951499e-05,3.951033274951499e-05,5
B1:pythia_training_log_existing.csv:15,B1,0.070542,3.0646,3.0646916175545154,9.161755451536635e-05,9.161755451536635e-05,5
B1:pythia_training_log_existing.csv:16,B1,0.070542,3.0531,3.053551466892427,0.0004514668924269216,0.0004514668924269216,5
B1:pythia_training_log_existing.csv:17,B1,0.070542,3.0432,3.043457353348643,0.0002573533486427415,0.0002573533486427415,5
B1:pythia_training_log_existing.csv:18,B1,0.070542,3.0342,3.0342462263009313,4.622630093154001e-05,4.622630093154001e-05,5
B1:pythia_training_log_existing.csv:19,B1,0.070542,3.0254,3.025789266902261,0.00038926690226093186,0.00038926690226093186,5
B1:pythia_training_log_existing.csv:2,B1,0.070542,4.0384,4.03785971255881,-0.0005402874411899461,0.0005402874411899461,5
B1:pythia_training_log_existing.csv:20,B1,0.070542,3.018,3.0179794909982443,-2.0509001755542045e-05,2.0509001755542045e-05,5
B1:pythia_training_log_existing.csv:21,B1,0.070542,3.0105,3.0107401537445866,0.0002401537445866353,0.0002401537445866353,5
B1:pythia_training_log_existing.csv:22,B1,0.070542,3.0039,3.0039980509501487,9.805095014892018e-05,9.805095014892018e-05,5
B1:pythia_training_log_existing.csv:23,B1,0.070542,2.9975,2.9976954350396925,0.00019543503969243758,0.00019543503969243758,5
B1:pythia_training_log_existing.csv:24,B1,0.070542,2.9921,2.9917837404168295,-0.00031625958317071934,0.00031625958317071934,5
B1:pythia_training_log_existing.csv:25,B1,0.070542,2.9861,2.9862217662371524,0.00012176623715243196,0.00012176623715243196,5
B1:pythia_training_log_existing.csv:26,B1,0.070542,2.9807,2.9809742833055854,0.0002742833055853211,0.0002742833055853211,5
B1:pythia_training_log_existing.csv:27,B1,0.070542,2.9761,2.9760086489206126,-9.135107938762488e-05,9.135107938762488e-05,5
B1:pythia_training_log_existing.csv:28,B1,0.070542,2.971,2.971303287984157,0.0003032879841571301,0.0003032879841571301,5
B1:pythia_training_log_existing.csv:29,B1,0.070542,2.9668,2.966832835845834,3.283584583391175e-05,3.283584583391175e-05,5
B1:pythia_training_log_existing.csv:3,B1,0.070542,3.7776,3.7775784661481975,-2.153385180259093e-05,2.153385180259093e-05,5
B1:pythia_training_log_existing.csv:30,B1,0.070542,2.9621,2.962577184480989,0.0004771844809892123,0.0004771844809892123,5
B1:pythia_training_log_existing.csv:31,B1,0.070542,2.9582,2.9585186126505802,0.0003186126505800857,0.0003186126505800857,5
B1:pythia_training_log_existing.csv:32,B1,0.070542,2.9546,2.954641429101887,4.1429101886869546e-05,4.1429101886869546e-05,5
B1:pythia_training_log_existing.csv:33,B1,0.070542,2.951,2.9509299481831808,-7.005181681929429e-05,7.005181681929429e-05,5
B1:pythia_training_log_existing.csv:34,B1,0.070542,2.9473,2.947375242996327,7.524299632732934e-05,7.524299632732934e-05,5
B1:pythia_training_log_existing.csv:35,B1,0.070542,2.9439,2.9439643377433797,6.433774337955e-05,6.433774337955e-05,5
B1:pythia_training_log_existing.csv:36,B1,0.070542,2.9406,2.940687186977234,8.718697723431035e-05,8.718697723431035e-05,5
B1:pythia_training_log_existing.csv:37,B1,0.070542,2.9372,2.93753472483676,0.0003347248367600031,0.0003347248367600031,5
B1:pythia_training_log_existing.csv:38,B1,0.070542,2.9343,2.9344987439904022,0.00019874399040231694,0.00019874399040231694,5
B1:pythia_training_log_existing.csv:39,B1,0.070542,2.9314,2.9315717925181892,0.0001717925181892177,0.0001717925181892177,5
B1:pythia_training_log_existing.csv:4,B1,0.070542,3.5698,3.5699497631441477,0.00014976314414782976,0.00014976314414782976,5
B1:pythia_training_log_existing.csv:40,B1,0.070542,2.9289,2.9287457620172272,-0.0001542379827728091,0.0001542379827728091,5
B1:pythia_training_log_existing.csv:41,B1,0.070542,2.926,2.9260171506998067,1.715069980656736e-05,1.715069980656736e-05,5
B1:pythia_training_log_existing.csv:42,B1,0.070542,2.923,2.9233789202290166,0.00037892022901653277,0.00037892022901653277,5
B1:pythia_training_log_existing.csv:43,B1,0.070542,2.9208,2.9208258721228226,2.5872122822789834e-05,2.5872122822789834e-05,5
B1:pythia_training_log_existing.csv:44,B1,0.070542,2.9182,2.9183532274831365,0.00015322748313639778,0.00015322748313639778,5
B1:pythia_training_log_existing.csv:45,B1,0.070542,2.9158,2.915956583864526,0.0001565838645261053,0.0001565838645261053,5
B1:pythia_training_log_existing.csv:46,B1,0.070542,2.9137,2.9136307854490613,-6.921455093866768e-05,6.921455093866768e-05,5
B1:pythia_training_log_existing.csv:47,B1,0.070542,2.9115,2.9113742896319055,-0.00012571036809472247,0.00012571036809472247,5
B1:pythia_training_log_existing.csv:48,B1,0.070542,2.9093,2.9091824889391975,-0.00011751106080248874,0.00011751106080248874,5
B1:pythia_training_log_existing.csv:49,B1,0.070542,2.9068,2.907052151565153,0.00025215156515301373,0.00025215156515301373,5
B1:pythia_training_log_existing.csv:5,B1,0.070542,3.3922,3.3921748605875113,-2.5139412488606183e-05,2.5139412488606183e-05,5
B1:pythia_training_log_existing.csv:50,B1,0.070542,2.9049,2.9049802729858962,8.027298589619036e-05,8.027298589619036e-05,5
B1:pythia_training_log_existing.csv:51,B1,0.070542,2.903,2.9029640555394254,-3.5944460574643955e-05,3.5944460574643955e-05,5
B1:pythia_training_log_existing.csv:52,B1,0.070542,2.9011,2.9010008902223907,-9.91097776092964e-05,9.91097776092964e-05,5
B1:pythia_training_log_existing.csv:53,B1,0.070542,2.8989,2.8990874400881643,0.0001874400881645144,0.0001874400881645144,5
B1:pythia_training_log_existing.csv:54,B1,0.070542,2.8971,2.8972232495466432,0.00012324954664322263,0.00012324954664322263,5
B1:pythia_training_log_existing.csv:55,B1,0.070542,2.8951,2.8954052606971263,0.00030526069712655257,0.00030526069712655257,5
B1:pythia_training_log_existing.csv:56,B1,0.070542,2.8933,2.893631472521704,0.00033147252170406816,0.00033147252170406816,5
B1:pythia_training_log_existing.csv:57,B1,0.070542,2.892,2.891900006359038,-9.999364096202612e-05,9.999364096202612e-05,5
B1:pythia_training_log_existing.csv:58,B1,0.070542,2.8904,2.890209096319974,-0.00019090368002627756,0.00019090368002627756,5
B1:pythia_training_log_existing.csv:59,B1,0.070542,2.8885,2.888556301838666,5.630183866589533e-05,5.630183866589533e-05,5
B1:pythia_training_log_existing.csv:6,B1,0.070542,3.3024,3.3030934772532494,0.0006934772532494193,0.0006934772532494193,5
B1:pythia_training_log_existing.csv:60,B1,0.070542,2.8871,2.886941632344574,-0.00015836765542642794,0.00015836765542642794,5
B1:pythia_training_log_existing.csv:61,B1,0.070542,2.8854,2.885362814462778,-3.718553722231732e-05,3.718553722231732e-05,5
B1:pythia_training_log_existing.csv:62,B1,0.070542,2.8836,2.883818454339703,0.00021845433970302253,0.00021845433970302253,5
B1:pythia_training_log_existing.csv:63,B1,0.070542,2.8823,2.8823072347760617,7.2347760617930135e-06,7.2347760617930135e-06,5
B1:pythia_training_log_existing.csv:64,B1,0.070542,2.8811,2.8808279098166265,-0.00027209018337348567,0.00027209018337348567,5
B1:pythia_training_log_existing.csv:65,B1,0.070542,2.8793,2.879379299803438,7.929980343801546e-05,7.929980343801546e-05,5
B1:pythia_training_log_existing.csv:66,B1,0.070542,2.8782,2.877959617048349,-0.0002403829516510747,0.0002403829516510747,5
B1:pythia_training_log_existing.csv:67,B1,0.070542,2.876,2.876569154233759,0.0005691542337591393,0.0005691542337591393,5
B1:pythia_training_log_existing.csv:68,B1,0.070542,2.8753,2.8752062212519127,-9.377874808746967e-05,9.377874808746967e-05,5
B1:pythia_training_log_existing.csv:69,B1,0.070542,2.8738,2.8738698619386955,6.986193869540358e-05,6.986193869540358e-05,5
B1:pythia_training_log_existing.csv:7,B1,0.070542,3.2452,3.2457241046198493,0.0005241046198491972,0.0005241046198491972,5
B1:pythia_training_log_existing.csv:70,B1,0.070542,2.8724,2.8725591671895674,0.00015916718956754394,0.00015916718956754394,5
B1:pythia_training_log_existing.csv:71,B1,0.070542,2.8712,2.871273271981905,7.327198190498763e-05,7.327198190498763e-05,5
B1:pythia_training_log_existing.csv:72,B1,0.070542,2.8696,2.87001135262639,0.0004113526263900269,0.0004113526263900269,5
B1:pythia_training_log_existing.csv:73,B1,0.070542,2.8687,2.8687720389239866,7.203892398655043e-05,7.203892398655043e-05,5
B1:pythia_training_log_existing.csv:74,B1,0.070542,2.8676,2.8675557635559925,-4.423644400741722e-05,4.423644400741722e-05,5
B1:pythia_training_log_existing.csv:75,B1,0.070542,2.8666,2.866361216169801,-0.0002387838301989298,0.0002387838301989298,5
B1:pythia_training_log_existing.csv:76,B1,0.070542,2.865,2.865187714839166,0.00018771483916557585,0.00018771483916557585,5
B1:pythia_training_log_existing.csv:77,B1,0.070542,2.8638,2.8640346080095735,0.0002346080095736447,0.0002346080095736447,5
B1:pythia_training_log_existing.csv:78,B1,0.070542,2.8628,2.8629012727567438,0.00010127275674376435,0.00010127275674376435,5
B1:pythia_training_log_existing.csv:79,B1,0.070542,2.8619,2.8617865863381247,-0.00011341366187522794,0.00011341366187522794,5
B1:pythia_training_log_existing.csv:8,B1,0.070542,3.2041,3.204321344482583,0.0002213444825831523,0.0002213444825831523,5
B1:pythia_training_log_existing.csv:80,B1,0.070542,2.8607,2.860691040738969,-8.959261030838661e-06,8.959261030838661e-06,5
B1:pythia_training_log_existing.csv:81,B1,0.070542,2.8595,2.859613553819764,0.00011355381976363432,0.00011355381976363432,5
B1:pythia_training_log_existing.csv:82,B1,0.070542,2.8586,2.8585536020600677,-4.639793993232999e-05,4.639793993232999e-05,5
B1:pythia_training_log_existing.csv:83,B1,0.070542,2.8575,2.8575106834992505,1.068349925059664e-05,1.068349925059664e-05,5
B1:pythia_training_log_existing.csv:84,B1,0.070542,2.8566,2.8564843165922578,-0.00011568340774203989,0.00011568340774203989,5
B1:pythia_training_log_existing.csv:85,B1,0.070542,2.8553,2.855474039139374,0.0001740391393738605,0.0001740391393738605,5
B1:pythia_training_log_existing.csv:86,B1,0.070542,2.8544,2.854478936636304,7.893663630387238e-05,7.893663630387238e-05,5
B1:pythia_training_log_existing.csv:87,B1,0.070542,2.8534,2.853499531086311,9.953108631099994e-05,9.953108631099994e-05,5
B1:pythia_training_log_existing.csv:88,B1,0.070542,2.8522,2.8525349345645754,0.0003349345645755619,0.0003349345645755619,5
B1:pythia_training_log_existing.csv:89,B1,0.070542,2.8516,2.851584752850809,-1.5247149190766862e-05,1.5247149190766862e-05,5
B1:pythia_training_log_existing.csv:9,B1,0.070542,3.172,3.1723596382183685,0.0003596382183683744,0.0003596382183683744,5
B1:pythia_training_log_existing.csv:90,B1,0.070542,2.8506,2.8506486066478702,4.860664787020852e-05,4.860664787020852e-05,5
B1:pythia_training_log_existing.csv:91,B1,0.070542,2.8497,2.8497261308530173,2.613085301739204e-05,2.613085301739204e-05,5
B1:pythia_training_log_existing.csv:92,B1,0.070542,2.8487,2.8488165434441353,0.00011654344413525308,0.00011654344413525308,5
B1:pythia_training_log_existing.csv:93,B1,0.070542,2.8476,2.8479203726595097,0.0003203726595097933,0.0003203726595097933,5
B1:pythia_training_log_existing.csv:94,B1,0.070542,2.8469,2.847036855333945,0.00013685533394491856,0.00013685533394491856,5
B1:pythia_training_log_existing.csv:95,B1,0.070542,2.8461,2.84616567668426,6.5676684259941e-05,6.5676684259941e-05,5
B1:pythia_training_log_existing.csv:96,B1,0.070542,2.8451,2.845306533071517,0.00020653307151707878,0.00020653307151707878,5
B1:pythia_training_log_existing.csv:97,B1,0.070542,2.8444,2.844459131491689,5.913149168934595e-05,5.913149168934595e-05,5
B1:pythia_training_log_existing.csv:98,B1,0.070542,2.8436,2.843623189094737,2.3189094737308125e-05,2.3189094737308125e-05,5
B1:pythia_training_log_existing.csv:99,B1,0.070542,2.8431,2.8427980420533383,-0.00030195794666187936,0.00030195794666187936,5
